Rep,Quadrat Edge Length,Sampling Method,True Mussel Density,Total Mussels,Total Rare Mussels,Total Medium Mussels,Total Common Mussels,Detectability of Rare Mussels,Detectability of Medium-Rare Mussels,Detectability of Common Mussels,Spatial Distribution,Number of clumps,Poisson mean,Matern Clump Placement,Variance to Mean Ratio,SRS Num Quadrats,Number Transects,Number Quadrats Per Transect,ACS Num Quadrats,ACS Max Clusters,Timed Search variable Search mode,Timed Search max PH,Timed Search detect reduction,Total Quadrats Sampled,Total Mussels in Quadrats,Rare Mussels in Quadrats,Medium Rare Mussels in Quadrats,Common Mussels in Quadrats,Total Mussels Detected,Rare Mussels Detected,Medium Mussels Detected,Common Mussels Detected,Person Hours Searched,Sum of Quadrats per Surveyor,Mussels detected by Surveyor 1,Mussels detected by Surveyor 2,Mussels detected by Surveyor 3,Estimated Density,Sample CV,Mussels Per Person Hour,HH metric,HH Variance,
11,0.5,simple-random-sample,0.01,5,0,1,4,1,1,1,Clumped-Poisson,5,3,Randomly placed,0.9975000000000142,45,0,0,0,0,true,0,0,45,0,0,0,0,0,0,0,0,0.375,0,0,0,0,0,NA,0,0,0,
9,0.5,simple-random-sample,0.01,5,0,1,4,1,1,1,Clumped-Poisson,5,3,Randomly placed,0.9975000000000722,45,0,0,0,0,true,0,0,45,0,0,0,0,0,0,0,0,0.375,0,0,0,0,0,NA,0,0,0,
6,0.5,simple-random-sample,0.01,5,2,1,2,1,1,1,Clumped-Poisson,5,3,Randomly placed,0.9975000000000351,45,0,0,0,0,true,0,0,45,0,0,0,0,0,0,0,0,0.375,0,0,0,0,0,NA,0,0,0,
8,0.5,simple-random-sample,0.01,5,1,1,3,1,1,1,Clumped-Poisson,5,3,Randomly placed,0.9975000000000187,45,0,0,0,0,true,0,0,45,0,0,0,0,0,0,0,0,0.375,0,0,0,0,0,NA,0,0,0,
1,0.5,simple-random-sample,0.01,5,1,0,4,1,1,1,Clumped-Poisson,5,3,Randomly placed,0.9975000000000207,45,0,0,0,0,true,0,0,45,0,0,0,0,0,0,0,0,0.375,0,0,0,0,0,NA,0,0,0,
4,0.5,simple-random-sample,0.01,5,0,2,3,1,1,1,Clumped-Poisson,5,3,Randomly placed,0.997500000000056,45,0,0,0,0,true,0,0,45,0,0,0,0,0,0,0,0,0.375,0,0,0,0,0,NA,0,0,0,
14,0.5,simple-random-sample,0.01,5,0,0,5,1,1,1,Clumped-Poisson,5,3,Randomly placed,0.9975000000000391,45,0,0,0,0,true,0,0,45,0,0,0,0,0,0,0,0,0.375,0,0,0,0,0,NA,0,0,0,
2,0.5,simple-random-sample,0.01,5,0,0,5,1,1,1,Clumped-Poisson,5,3,Randomly placed,0.9975000000000579,45,0,0,0,0,true,0,0,45,1,0,0,1,1,0,0,1,0.375,0,0,0,0,0.08888888888888889,6.70820393249937,0,0,0,
13,0.5,simple-random-sample,0.01,5,0,1,4,1,1,1,Clumped-Poisson,5,3,Randomly placed,0.9975000000000311,45,0,0,0,0,true,0,0,45,0,0,0,0,0,0,0,0,0.375,0,0,0,0,0,NA,0,0,0,
10,0.5,simple-random-sample,0.01,5,0,0,5,1,1,1,Clumped-Poisson,5,3,Randomly placed,0.9975000000000528,45,0,0,0,0,true,0,0,45,0,0,0,0,0,0,0,0,0.375,0,0,0,0,0,NA,0,0,0,
15,0.5,simple-random-sample,0.01,5,0,0,5,1,1,1,Clumped-Poisson,5,3,Randomly placed,0.9975000000000545,45,0,0,0,0,true,0,0,45,0,0,0,0,0,0,0,0,0.375,0,0,0,0,0,NA,0,0,0,
3,0.5,simple-random-sample,0.01,5,0,2,3,1,1,1,Clumped-Poisson,5,3,Randomly placed,0.9975000000000525,45,0,0,0,0,true,0,0,45,0,0,0,0,0,0,0,0,0.375,0,0,0,0,0,NA,0,0,0,
5,0.5,simple-random-sample,0.01,5,0,0,5,1,1,1,Clumped-Poisson,5,3,Randomly placed,0.997500000000052,45,0,0,0,0,true,0,0,45,0,0,0,0,0,0,0,0,0.375,0,0,0,0,0,NA,0,0,0,
12,0.5,simple-random-sample,0.01,5,0,2,3,1,1,1,Clumped-Poisson,5,3,Randomly placed,0.9975000000000317,45,0,0,0,0,true,0,0,45,0,0,0,0,0,0,0,0,0.375,0,0,0,0,0,NA,0,0,0,
18,0.5,simple-random-sample,0.01,5,2,2,1,1,1,1,Clumped-Poisson,5,3,Randomly placed,0.9975000000000632,45,0,0,0,0,true,0,0,45,0,0,0,0,0,0,0,0,0.375,0,0,0,0,0,NA,0,0,0,
19,0.5,simple-random-sample,0.01,5,1,1,3,1,1,1,Clumped-Poisson,5,3,Randomly placed,0.9975000000000492,45,0,0,0,0,true,0,0,45,0,0,0,0,0,0,0,0,0.375,0,0,0,0,0,NA,0,0,0,
16,0.5,simple-random-sample,0.01,5,0,1,4,1,1,1,Clumped-Poisson,5,3,Randomly placed,0.9975000000000296,45,0,0,0,0,true,0,0,45,0,0,0,0,0,0,0,0,0.375,0,0,0,0,0,NA,0,0,0,
17,0.5,simple-random-sample,0.01,5,0,2,3,1,1,1,Clumped-Poisson,5,3,Randomly placed,0.997500000000048,45,0,0,0,0,true,0,0,45,0,0,0,0,0,0,0,0,0.375,0,0,0,0,0,NA,0,0,0,
21,0.5,simple-random-sample,0.01,5,1,1,3,1,1,1,Clumped-Poisson,5,3,Randomly placed,0.9975000000000221,45,0,0,0,0,true,0,0,45,1,0,0,1,1,0,0,1,0.375,0,0,0,0,0.08888888888888889,6.708203932499369,0,0,0,
20,0.5,simple-random-sample,0.01,5,0,1,4,1,1,1,Clumped-Poisson,5,3,Randomly placed,0.9975000000000445,45,0,0,0,0,true,0,0,45,0,0,0,0,0,0,0,0,0.375,0,0,0,0,0,NA,0,0,0,
7,0.5,simple-random-sample,0.01,5,1,1,3,1,1,1,Clumped-Poisson,5,3,Randomly placed,0.997500000000044,45,0,0,0,0,true,0,0,45,0,0,0,0,0,0,0,0,0.375,0,0,0,0,0,NA,0,0,0,
24,0.5,simple-random-sample,0.01,5,1,1,3,1,1,1,Clumped-Poisson,5,3,Randomly placed,0.9975000000000461,45,0,0,0,0,true,0,0,45,0,0,0,0,0,0,0,0,0.375,0,0,0,0,0,NA,0,0,0,
23,0.5,simple-random-sample,0.01,5,0,0,5,1,1,1,Clumped-Poisson,5,3,Randomly placed,0.9975000000000412,45,0,0,0,0,true,0,0,45,0,0,0,0,0,0,0,0,0.375,0,0,0,0,0,NA,0,0,0,
27,0.5,simple-random-sample,0.01,5,1,0,4,1,1,1,Clumped-Poisson,5,3,Randomly placed,0.9975000000000555,45,0,0,0,0,true,0,0,45,0,0,0,0,0,0,0,0,0.375,0,0,0,0,0,NA,0,0,0,
31,0.5,simple-random-sample,0.01,5,1,1,3,1,1,1,Clumped-Poisson,5,3,Randomly placed,0.9975000000000327,45,0,0,0,0,true,0,0,45,0,0,0,0,0,0,0,0,0.375,0,0,0,0,0,NA,0,0,0,
32,0.5,simple-random-sample,0.01,5,0,1,4,1,1,1,Clumped-Poisson,5,3,Randomly placed,0.99750000000006,45,0,0,0,0,true,0,0,45,0,0,0,0,0,0,0,0,0.375,0,0,0,0,0,NA,0,0,0,
28,0.5,simple-random-sample,0.01,5,0,1,4,1,1,1,Clumped-Poisson,5,3,Randomly placed,0.997500000000048,45,0,0,0,0,true,0,0,45,0,0,0,0,0,0,0,0,0.375,0,0,0,0,0,NA,0,0,0,
34,0.5,simple-random-sample,0.01,5,1,0,4,1,1,1,Clumped-Poisson,5,3,Randomly placed,0.9975000000000407,45,0,0,0,0,true,0,0,45,0,0,0,0,0,0,0,0,0.375,0,0,0,0,0,NA,0,0,0,
22,0.5,simple-random-sample,0.01,5,1,0,4,1,1,1,Clumped-Poisson,5,3,Randomly placed,0.9975000000000525,45,0,0,0,0,true,0,0,45,1,0,0,1,1,0,0,1,0.375,0,0,0,0,0.08888888888888889,6.708203932499369,0,0,0,
25,0.5,simple-random-sample,0.01,5,0,1,4,1,1,1,Clumped-Poisson,5,3,Randomly placed,0.9975000000000669,45,0,0,0,0,true,0,0,45,0,0,0,0,0,0,0,0,0.375,0,0,0,0,0,NA,0,0,0,
29,0.5,simple-random-sample,0.01,5,0,2,3,1,1,1,Clumped-Poisson,5,3,Randomly placed,0.9975000000000518,45,0,0,0,0,true,0,0,45,0,0,0,0,0,0,0,0,0.375,0,0,0,0,0,NA,0,0,0,
26,0.5,simple-random-sample,0.01,5,1,0,4,1,1,1,Clumped-Poisson,5,3,Randomly placed,0.9975000000000142,45,0,0,0,0,true,0,0,45,2,1,0,1,2,1,0,1,0.375,0,0,0,0,0.17777777777777778,4.689204235649838,0,0,0,
35,0.5,simple-random-sample,0.01,5,1,1,3,1,1,1,Clumped-Poisson,5,3,Randomly placed,0.9975000000000565,45,0,0,0,0,true,0,0,45,0,0,0,0,0,0,0,0,0.375,0,0,0,0,0,NA,0,0,0,
33,0.5,simple-random-sample,0.01,5,0,0,5,1,1,1,Clumped-Poisson,5,3,Randomly placed,0.9975000000000308,45,0,0,0,0,true,0,0,45,0,0,0,0,0,0,0,0,0.375,0,0,0,0,0,NA,0,0,0,
37,0.5,simple-random-sample,0.01,5,0,1,4,1,1,1,Clumped-Poisson,5,3,Randomly placed,0.9975000000000284,45,0,0,0,0,true,0,0,45,0,0,0,0,0,0,0,0,0.375,0,0,0,0,0,NA,0,0,0,
36,0.5,simple-random-sample,0.01,5,1,0,4,1,1,1,Clumped-Poisson,5,3,Randomly placed,0.9975000000000322,45,0,0,0,0,true,0,0,45,0,0,0,0,0,0,0,0,0.375,0,0,0,0,0,NA,0,0,0,
40,0.5,simple-random-sample,0.01,5,0,0,5,1,1,1,Clumped-Poisson,5,3,Randomly placed,0.9975000000000409,45,0,0,0,0,true,0,0,45,0,0,0,0,0,0,0,0,0.375,0,0,0,0,0,NA,0,0,0,
39,0.5,simple-random-sample,0.01,5,1,1,3,1,1,1,Clumped-Poisson,5,3,Randomly placed,0.9975000000000505,45,0,0,0,0,true,0,0,45,0,0,0,0,0,0,0,0,0.375,0,0,0,0,0,NA,0,0,0,
30,0.5,simple-random-sample,0.01,5,0,0,5,1,1,1,Clumped-Poisson,5,3,Randomly placed,0.9975000000000447,45,0,0,0,0,true,0,0,45,0,0,0,0,0,0,0,0,0.375,0,0,0,0,0,NA,0,0,0,
38,0.5,simple-random-sample,0.01,5,1,0,4,1,1,1,Clumped-Poisson,5,3,Randomly placed,1.3975000000000422,45,0,0,0,0,true,0,0,45,0,0,0,0,0,0,0,0,0.375,0,0,0,0,0,NA,0,0,0,
42,0.5,simple-random-sample,0.01,5,0,0,5,1,1,1,Clumped-Poisson,5,3,Randomly placed,0.997500000000012,45,0,0,0,0,true,0,0,45,1,0,0,1,1,0,0,1,0.375,0,0,0,0,0.08888888888888889,6.708203932499369,0,0,0,
41,0.5,simple-random-sample,0.01,5,0,2,3,1,1,1,Clumped-Poisson,5,3,Randomly placed,0.9975000000000449,45,0,0,0,0,true,0,0,45,0,0,0,0,0,0,0,0,0.375,0,0,0,0,0,NA,0,0,0,
44,0.5,simple-random-sample,0.01,5,0,2,3,1,1,1,Clumped-Poisson,5,3,Randomly placed,0.9975000000000227,45,0,0,0,0,true,0,0,45,0,0,0,0,0,0,0,0,0.375,0,0,0,0,0,NA,0,0,0,
49,0.5,simple-random-sample,0.01,5,0,0,5,1,1,1,Clumped-Poisson,5,3,Randomly placed,0.9975000000000317,45,0,0,0,0,true,0,0,45,0,0,0,0,0,0,0,0,0.375,0,0,0,0,0,NA,0,0,0,
43,0.5,simple-random-sample,0.01,5,1,0,4,1,1,1,Clumped-Poisson,5,3,Randomly placed,0.9975000000000271,45,0,0,0,0,true,0,0,45,0,0,0,0,0,0,0,0,0.375,0,0,0,0,0,NA,0,0,0,
46,0.5,simple-random-sample,0.01,5,0,0,5,1,1,1,Clumped-Poisson,5,3,Randomly placed,0.9975000000000509,45,0,0,0,0,true,0,0,45,0,0,0,0,0,0,0,0,0.375,0,0,0,0,0,NA,0,0,0,
50,0.5,simple-random-sample,0.01,5,1,0,4,1,1,1,Clumped-Poisson,5,3,Randomly placed,0.9975000000000341,45,0,0,0,0,true,0,0,45,0,0,0,0,0,0,0,0,0.375,0,0,0,0,0,NA,0,0,0,
48,0.5,simple-random-sample,0.01,5,0,1,4,1,1,1,Clumped-Poisson,5,3,Randomly placed,0.9975000000000296,45,0,0,0,0,true,0,0,45,0,0,0,0,0,0,0,0,0.375,0,0,0,0,0,NA,0,0,0,
47,0.5,simple-random-sample,0.01,5,0,2,3,1,1,1,Clumped-Poisson,5,3,Randomly placed,0.9975000000000565,45,0,0,0,0,true,0,0,45,0,0,0,0,0,0,0,0,0.375,0,0,0,0,0,NA,0,0,0,
45,0.5,simple-random-sample,0.01,5,0,2,3,1,1,1,Clumped-Poisson,5,3,Randomly placed,0.9975000000000496,45,0,0,0,0,true,0,0,45,0,0,0,0,0,0,0,0,0.375,0,0,0,0,0,NA,0,0,0,
51,0.5,simple-random-sample,0.01,5,0,0,5,1,1,1,Clumped-Poisson,5,3,Randomly placed,0.99750000000005,45,0,0,0,0,true,0,0,45,0,0,0,0,0,0,0,0,0.375,0,0,0,0,0,NA,0,0,0,
52,0.5,simple-random-sample,0.01,5,1,0,4,1,1,1,Clumped-Poisson,5,3,Randomly placed,0.9975000000000267,45,0,0,0,0,true,0,0,45,0,0,0,0,0,0,0,0,0.375,0,0,0,0,0,NA,0,0,0,
53,0.5,simple-random-sample,0.01,5,0,1,4,1,1,1,Clumped-Poisson,5,3,Randomly placed,0.997500000000049,45,0,0,0,0,true,0,0,45,0,0,0,0,0,0,0,0,0.375,0,0,0,0,0,NA,0,0,0,
56,0.5,simple-random-sample,0.01,5,0,1,4,1,1,1,Clumped-Poisson,5,3,Randomly placed,0.9975000000000441,45,0,0,0,0,true,0,0,45,0,0,0,0,0,0,0,0,0.375,0,0,0,0,0,NA,0,0,0,
57,0.5,simple-random-sample,0.01,5,1,0,4,1,1,1,Clumped-Poisson,5,3,Randomly placed,0.997500000000054,45,0,0,0,0,true,0,0,45,0,0,0,0,0,0,0,0,0.375,0,0,0,0,0,NA,0,0,0,
59,0.5,simple-random-sample,0.01,5,0,1,4,1,1,1,Clumped-Poisson,5,3,Randomly placed,0.9975000000000454,45,0,0,0,0,true,0,0,45,0,0,0,0,0,0,0,0,0.375,0,0,0,0,0,NA,0,0,0,
62,0.5,simple-random-sample,0.01,5,0,0,5,1,1,1,Clumped-Poisson,5,3,Randomly placed,0.9975000000000277,45,0,0,0,0,true,0,0,45,0,0,0,0,0,0,0,0,0.375,0,0,0,0,0,NA,0,0,0,
60,0.5,simple-random-sample,0.01,5,1,3,1,1,1,1,Clumped-Poisson,5,3,Randomly placed,0.997500000000069,45,0,0,0,0,true,0,0,45,0,0,0,0,0,0,0,0,0.375,0,0,0,0,0,NA,0,0,0,
54,0.5,simple-random-sample,0.01,5,2,0,3,1,1,1,Clumped-Poisson,5,3,Randomly placed,0.9975000000000315,45,0,0,0,0,true,0,0,45,0,0,0,0,0,0,0,0,0.375,0,0,0,0,0,NA,0,0,0,
58,0.5,simple-random-sample,0.01,5,1,1,3,1,1,1,Clumped-Poisson,5,3,Randomly placed,0.9975000000000306,45,0,0,0,0,true,0,0,45,0,0,0,0,0,0,0,0,0.375,0,0,0,0,0,NA,0,0,0,
55,0.5,simple-random-sample,0.01,5,0,1,4,1,1,1,Clumped-Poisson,5,3,Randomly placed,0.9975000000000533,45,0,0,0,0,true,0,0,45,0,0,0,0,0,0,0,0,0.375,0,0,0,0,0,NA,0,0,0,
67,0.5,simple-random-sample,0.01,5,1,0,4,1,1,1,Clumped-Poisson,5,3,Randomly placed,0.99750000000005,45,0,0,0,0,true,0,0,45,0,0,0,0,0,0,0,0,0.375,0,0,0,0,0,NA,0,0,0,
63,0.5,simple-random-sample,0.01,5,0,0,5,1,1,1,Clumped-Poisson,5,3,Randomly placed,0.9975000000000657,45,0,0,0,0,true,0,0,45,0,0,0,0,0,0,0,0,0.375,0,0,0,0,0,NA,0,0,0,
68,0.5,simple-random-sample,0.01,5,1,1,3,1,1,1,Clumped-Poisson,5,3,Randomly placed,0.99750000000002,45,0,0,0,0,true,0,0,45,0,0,0,0,0,0,0,0,0.375,0,0,0,0,0,NA,0,0,0,
69,0.5,simple-random-sample,0.01,5,1,2,2,1,1,1,Clumped-Poisson,5,3,Randomly placed,0.9975000000000595,45,0,0,0,0,true,0,0,45,0,0,0,0,0,0,0,0,0.375,0,0,0,0,0,NA,0,0,0,
70,0.5,simple-random-sample,0.01,5,0,2,3,1,1,1,Clumped-Poisson,5,3,Randomly placed,0.9975000000000142,45,0,0,0,0,true,0,0,45,0,0,0,0,0,0,0,0,0.375,0,0,0,0,0,NA,0,0,0,
64,0.5,simple-random-sample,0.01,5,0,0,5,1,1,1,Clumped-Poisson,5,3,Randomly placed,0.9975000000000429,45,0,0,0,0,true,0,0,45,0,0,0,0,0,0,0,0,0.375,0,0,0,0,0,NA,0,0,0,
74,0.5,simple-random-sample,0.01,5,0,0,5,1,1,1,Clumped-Poisson,5,3,Randomly placed,0.9975000000000332,45,0,0,0,0,true,0,0,45,0,0,0,0,0,0,0,0,0.375,0,0,0,0,0,NA,0,0,0,
78,0.5,simple-random-sample,0.01,5,0,0,5,1,1,1,Clumped-Poisson,5,3,Randomly placed,0.9975000000000699,45,0,0,0,0,true,0,0,45,0,0,0,0,0,0,0,0,0.375,0,0,0,0,0,NA,0,0,0,
61,0.5,simple-random-sample,0.01,5,1,0,4,1,1,1,Clumped-Poisson,5,3,Randomly placed,0.9975000000000181,45,0,0,0,0,true,0,0,45,0,0,0,0,0,0,0,0,0.375,0,0,0,0,0,NA,0,0,0,
73,0.5,simple-random-sample,0.01,5,0,2,3,1,1,1,Clumped-Poisson,5,3,Randomly placed,0.9975000000000339,45,0,0,0,0,true,0,0,45,0,0,0,0,0,0,0,0,0.375,0,0,0,0,0,NA,0,0,0,
71,0.5,simple-random-sample,0.01,5,0,0,5,1,1,1,Clumped-Poisson,5,3,Randomly placed,0.9975000000000255,45,0,0,0,0,true,0,0,45,0,0,0,0,0,0,0,0,0.375,0,0,0,0,0,NA,0,0,0,
76,0.5,simple-random-sample,0.01,5,0,1,4,1,1,1,Clumped-Poisson,5,3,Randomly placed,0.997500000000031,45,0,0,0,0,true,0,0,45,0,0,0,0,0,0,0,0,0.375,0,0,0,0,0,NA,0,0,0,
72,0.5,simple-random-sample,0.01,5,1,1,3,1,1,1,Clumped-Poisson,5,3,Randomly placed,0.9975000000000454,45,0,0,0,0,true,0,0,45,0,0,0,0,0,0,0,0,0.375,0,0,0,0,0,NA,0,0,0,
65,0.5,simple-random-sample,0.01,5,1,2,2,1,1,1,Clumped-Poisson,5,3,Randomly placed,0.9975000000000124,45,0,0,0,0,true,0,0,45,0,0,0,0,0,0,0,0,0.375,0,0,0,0,0,NA,0,0,0,
82,0.5,simple-random-sample,0.01,5,1,1,3,1,1,1,Clumped-Poisson,5,3,Randomly placed,0.9975000000000244,45,0,0,0,0,true,0,0,45,0,0,0,0,0,0,0,0,0.375,0,0,0,0,0,NA,0,0,0,
80,0.5,simple-random-sample,0.01,5,1,2,2,1,1,1,Clumped-Poisson,5,3,Randomly placed,0.9975000000000545,45,0,0,0,0,true,0,0,45,0,0,0,0,0,0,0,0,0.375,0,0,0,0,0,NA,0,0,0,
79,0.5,simple-random-sample,0.01,5,0,1,4,1,1,1,Clumped-Poisson,5,3,Randomly placed,0.9975000000000441,45,0,0,0,0,true,0,0,45,0,0,0,0,0,0,0,0,0.375,0,0,0,0,0,NA,0,0,0,
75,0.5,simple-random-sample,0.01,5,1,0,4,1,1,1,Clumped-Poisson,5,3,Randomly placed,0.9975000000000188,45,0,0,0,0,true,0,0,45,0,0,0,0,0,0,0,0,0.375,0,0,0,0,0,NA,0,0,0,
77,0.5,simple-random-sample,0.01,5,0,3,2,1,1,1,Clumped-Poisson,5,3,Randomly placed,0.9975000000000629,45,0,0,0,0,true,0,0,45,0,0,0,0,0,0,0,0,0.375,0,0,0,0,0,NA,0,0,0,
84,0.5,simple-random-sample,0.01,5,2,1,2,1,1,1,Clumped-Poisson,5,3,Randomly placed,0.9975000000000506,45,0,0,0,0,true,0,0,45,0,0,0,0,0,0,0,0,0.375,0,0,0,0,0,NA,0,0,0,
85,0.5,simple-random-sample,0.01,5,0,0,5,1,1,1,Clumped-Poisson,5,3,Randomly placed,0.9975000000000509,45,0,0,0,0,true,0,0,45,0,0,0,0,0,0,0,0,0.375,0,0,0,0,0,NA,0,0,0,
88,0.5,simple-random-sample,0.01,5,1,1,3,1,1,1,Clumped-Poisson,5,3,Randomly placed,0.9975000000000274,45,0,0,0,0,true,0,0,45,0,0,0,0,0,0,0,0,0.375,0,0,0,0,0,NA,0,0,0,
86,0.5,simple-random-sample,0.01,5,0,0,5,1,1,1,Clumped-Poisson,5,3,Randomly placed,0.9975000000000093,45,0,0,0,0,true,0,0,45,0,0,0,0,0,0,0,0,0.375,0,0,0,0,0,NA,0,0,0,
92,0.5,simple-random-sample,0.01,5,0,2,3,1,1,1,Clumped-Poisson,5,3,Randomly placed,0.9975000000000631,45,0,0,0,0,true,0,0,45,0,0,0,0,0,0,0,0,0.375,0,0,0,0,0,NA,0,0,0,
83,0.5,simple-random-sample,0.01,5,2,1,2,1,1,1,Clumped-Poisson,5,3,Randomly placed,0.9975000000000462,45,0,0,0,0,true,0,0,45,1,1,0,0,1,1,0,0,0.375,0,0,0,0,0.08888888888888889,6.70820393249937,0,0,0,
87,0.5,simple-random-sample,0.01,5,2,0,3,1,1,1,Clumped-Poisson,5,3,Randomly placed,0.9975000000000227,45,0,0,0,0,true,0,0,45,0,0,0,0,0,0,0,0,0.375,0,0,0,0,0,NA,0,0,0,
90,0.5,simple-random-sample,0.01,5,1,0,4,1,1,1,Clumped-Poisson,5,3,Randomly placed,0.9975000000000489,45,0,0,0,0,true,0,0,45,0,0,0,0,0,0,0,0,0.375,0,0,0,0,0,NA,0,0,0,
66,0.5,simple-random-sample,0.01,5,0,0,5,1,1,1,Clumped-Poisson,5,3,Randomly placed,0.9975000000000123,45,0,0,0,0,true,0,0,45,0,0,0,0,0,0,0,0,0.375,0,0,0,0,0,NA,0,0,0,
89,0.5,simple-random-sample,0.01,5,1,1,3,1,1,1,Clumped-Poisson,5,3,Randomly placed,0.9975000000000525,45,0,0,0,0,true,0,0,45,0,0,0,0,0,0,0,0,0.375,0,0,0,0,0,NA,0,0,0,
81,0.5,simple-random-sample,0.01,5,1,3,1,1,1,1,Clumped-Poisson,5,3,Randomly placed,0.997500000000044,45,0,0,0,0,true,0,0,45,0,0,0,0,0,0,0,0,0.375,0,0,0,0,0,NA,0,0,0,
93,0.5,simple-random-sample,0.01,5,1,2,2,1,1,1,Clumped-Poisson,5,3,Randomly placed,0.997500000000012,45,0,0,0,0,true,0,0,45,0,0,0,0,0,0,0,0,0.375,0,0,0,0,0,NA,0,0,0,
96,0.5,simple-random-sample,0.01,5,0,2,3,1,1,1,Clumped-Poisson,5,3,Randomly placed,0.9975000000000398,45,0,0,0,0,true,0,0,45,0,0,0,0,0,0,0,0,0.375,0,0,0,0,0,NA,0,0,0,
91,0.5,simple-random-sample,0.01,5,0,0,5,1,1,1,Clumped-Poisson,5,3,Randomly placed,0.9975000000000369,45,0,0,0,0,true,0,0,45,0,0,0,0,0,0,0,0,0.375,0,0,0,0,0,NA,0,0,0,
97,0.5,simple-random-sample,0.01,5,0,1,4,1,1,1,Clumped-Poisson,5,3,Randomly placed,0.9975000000000203,45,0,0,0,0,true,0,0,45,0,0,0,0,0,0,0,0,0.375,0,0,0,0,0,NA,0,0,0,
95,0.5,simple-random-sample,0.01,5,0,1,4,1,1,1,Clumped-Poisson,5,3,Randomly placed,0.9975000000000386,45,0,0,0,0,true,0,0,45,0,0,0,0,0,0,0,0,0.375,0,0,0,0,0,NA,0,0,0,
98,0.5,simple-random-sample,0.01,5,0,1,4,1,1,1,Clumped-Poisson,5,3,Randomly placed,0.9975000000000259,45,0,0,0,0,true,0,0,45,0,0,0,0,0,0,0,0,0.375,0,0,0,0,0,NA,0,0,0,
94,0.5,simple-random-sample,0.01,5,0,1,4,1,1,1,Clumped-Poisson,5,3,Randomly placed,0.9975000000000339,45,0,0,0,0,true,0,0,45,0,0,0,0,0,0,0,0,0.375,0,0,0,0,0,NA,0,0,0,
100,0.5,simple-random-sample,0.01,5,0,1,4,1,1,1,Clumped-Poisson,5,3,Randomly placed,0.9975000000000289,45,0,0,0,0,true,0,0,45,0,0,0,0,0,0,0,0,0.375,0,0,0,0,0,NA,0,0,0,
99,0.5,simple-random-sample,0.01,5,0,1,4,1,1,1,Clumped-Poisson,5,3,Randomly placed,0.9975000000000657,45,0,0,0,0,true,0,0,45,0,0,0,0,0,0,0,0,0.375,0,0,0,0,0,NA,0,0,0,
103,0.5,simple-random-sample,0.1,50,7,7,36,1,1,1,Clumped-Poisson,5,3,Randomly placed,1.0949999999999815,45,0,0,0,0,true,0,0,45,2,1,1,0,2,1,1,0,0.375,0,0,0,0,0.17777777777777778,4.689204235649836,0,0,0,
104,0.5,simple-random-sample,0.1,50,2,8,40,1,1,1,Clumped-Poisson,5,3,Randomly placed,1.3349999999999795,45,0,0,0,0,true,0,0,45,0,0,0,0,0,0,0,0,0.375,0,0,0,0,0,NA,0,0,0,
108,0.5,simple-random-sample,0.1,50,8,8,34,1,1,1,Clumped-Poisson,5,3,Randomly placed,1.1749999999999823,45,0,0,0,0,true,0,0,45,2,1,1,0,2,1,1,0,0.375,0,0,0,0,0.17777777777777778,4.689204235649837,0,0,0,
101,0.5,simple-random-sample,0.1,50,2,12,36,1,1,1,Clumped-Poisson,5,3,Randomly placed,1.214999999999983,45,0,0,0,0,true,0,0,45,1,0,0,1,1,0,0,1,0.375,0,0,0,0,0.08888888888888889,6.708203932499369,0,0,0,
107,0.5,simple-random-sample,0.1,50,5,7,38,1,1,1,Clumped-Poisson,5,3,Randomly placed,1.174999999999982,45,0,0,0,0,true,0,0,45,2,0,0,2,2,0,0,2,0.375,0,0,0,0,0.17777777777777778,4.689204235649837,0,0,0,
106,0.5,simple-random-sample,0.1,50,4,6,40,1,1,1,Clumped-Poisson,5,3,Randomly placed,1.1749999999999845,45,0,0,0,0,true,0,0,45,0,0,0,0,0,0,0,0,0.375,0,0,0,0,0,NA,0,0,0,
102,0.5,simple-random-sample,0.1,50,9,8,33,1,1,1,Clumped-Poisson,5,3,Randomly placed,1.134999999999982,45,0,0,0,0,true,0,0,45,1,1,0,0,1,1,0,0,0.375,0,0,0,0,0.08888888888888889,6.70820393249937,0,0,0,
113,0.5,simple-random-sample,0.1,50,6,9,35,1,1,1,Clumped-Poisson,5,3,Randomly placed,1.3349999999999802,45,0,0,0,0,true,0,0,45,1,0,0,1,1,0,0,1,0.375,0,0,0,0,0.08888888888888889,6.708203932499371,0,0,0,
109,0.5,simple-random-sample,0.1,50,6,9,35,1,1,1,Clumped-Poisson,5,3,Randomly placed,1.094999999999982,45,0,0,0,0,true,0,0,45,0,0,0,0,0,0,0,0,0.375,0,0,0,0,0,NA,0,0,0,
112,0.5,simple-random-sample,0.1,50,2,6,42,1,1,1,Clumped-Poisson,5,3,Randomly placed,1.2949999999999822,45,0,0,0,0,true,0,0,45,1,0,0,1,1,0,0,1,0.375,0,0,0,0,0.08888888888888889,6.708203932499369,0,0,0,
111,0.5,simple-random-sample,0.1,50,5,6,39,1,1,1,Clumped-Poisson,5,3,Randomly placed,1.2149999999999843,45,0,0,0,0,true,0,0,45,0,0,0,0,0,0,0,0,0.375,0,0,0,0,0,NA,0,0,0,
114,0.5,simple-random-sample,0.1,50,8,5,37,1,1,1,Clumped-Poisson,5,3,Randomly placed,1.1749999999999832,45,0,0,0,0,true,0,0,45,0,0,0,0,0,0,0,0,0.375,0,0,0,0,0,NA,0,0,0,
105,0.5,simple-random-sample,0.1,50,3,7,40,1,1,1,Clumped-Poisson,5,3,Randomly placed,1.1349999999999854,45,0,0,0,0,true,0,0,45,2,0,0,2,2,0,0,2,0.375,0,0,0,0,0.17777777777777778,6.708203932499369,0,0,0,
116,0.5,simple-random-sample,0.1,50,4,7,39,1,1,1,Clumped-Poisson,5,3,Randomly placed,1.214999999999981,45,0,0,0,0,true,0,0,45,0,0,0,0,0,0,0,0,0.375,0,0,0,0,0,NA,0,0,0,
117,0.5,simple-random-sample,0.1,50,7,6,37,1,1,1,Clumped-Poisson,5,3,Randomly placed,1.094999999999984,45,0,0,0,0,true,0,0,45,2,0,0,2,2,0,0,2,0.375,0,0,0,0,0.17777777777777778,6.70820393249937,0,0,0,
110,0.5,simple-random-sample,0.1,50,3,6,41,1,1,1,Clumped-Poisson,5,3,Randomly placed,1.0549999999999808,45,0,0,0,0,true,0,0,45,1,0,0,1,1,0,0,1,0.375,0,0,0,0,0.08888888888888889,6.708203932499371,0,0,0,
115,0.5,simple-random-sample,0.1,50,4,8,38,1,1,1,Clumped-Poisson,5,3,Randomly placed,1.014999999999986,45,0,0,0,0,true,0,0,45,2,0,0,2,2,0,0,2,0.375,0,0,0,0,0.17777777777777778,4.689204235649835,0,0,0,
118,0.5,simple-random-sample,0.1,50,7,6,37,1,1,1,Clumped-Poisson,5,3,Randomly placed,1.1349999999999822,45,0,0,0,0,true,0,0,45,1,0,0,1,1,0,0,1,0.375,0,0,0,0,0.08888888888888889,6.708203932499369,0,0,0,
121,0.5,simple-random-sample,0.1,50,4,5,41,1,1,1,Clumped-Poisson,5,3,Randomly placed,1.2149999999999834,45,0,0,0,0,true,0,0,45,0,0,0,0,0,0,0,0,0.375,0,0,0,0,0,NA,0,0,0,
119,0.5,simple-random-sample,0.1,50,5,9,36,1,1,1,Clumped-Poisson,5,3,Randomly placed,1.0549999999999808,45,0,0,0,0,true,0,0,45,2,0,0,2,2,0,0,2,0.375,0,0,0,0,0.17777777777777778,4.689204235649838,0,0,0,
122,0.5,simple-random-sample,0.1,50,4,9,37,1,1,1,Clumped-Poisson,5,3,Randomly placed,1.0549999999999815,45,0,0,0,0,true,0,0,45,1,0,0,1,1,0,0,1,0.375,0,0,0,0,0.08888888888888889,6.708203932499369,0,0,0,
123,0.5,simple-random-sample,0.1,50,7,2,41,1,1,1,Clumped-Poisson,5,3,Randomly placed,1.1349999999999816,45,0,0,0,0,true,0,0,45,2,0,0,2,2,0,0,2,0.375,0,0,0,0,0.17777777777777778,4.689204235649836,0,0,0,
126,0.5,simple-random-sample,0.1,50,4,7,39,1,1,1,Clumped-Poisson,5,3,Randomly placed,1.1749999999999832,45,0,0,0,0,true,0,0,45,2,2,0,0,2,2,0,0,0.375,0,0,0,0,0.17777777777777778,4.689204235649837,0,0,0,
124,0.5,simple-random-sample,0.1,50,8,8,34,1,1,1,Clumped-Poisson,5,3,Randomly placed,1.0949999999999827,45,0,0,0,0,true,0,0,45,2,1,1,0,2,1,1,0,0.375,0,0,0,0,0.17777777777777778,4.689204235649835,0,0,0,
120,0.5,simple-random-sample,0.1,50,5,6,39,1,1,1,Clumped-Poisson,5,3,Randomly placed,1.0949999999999847,45,0,0,0,0,true,0,0,45,1,0,0,1,1,0,0,1,0.375,0,0,0,0,0.08888888888888889,6.70820393249937,0,0,0,
130,0.5,simple-random-sample,0.1,50,3,11,36,1,1,1,Clumped-Poisson,5,3,Randomly placed,1.1749999999999796,45,0,0,0,0,true,0,0,45,2,0,1,1,2,0,1,1,0.375,0,0,0,0,0.17777777777777778,4.689204235649838,0,0,0,
129,0.5,simple-random-sample,0.1,50,6,7,37,1,1,1,Clumped-Poisson,5,3,Randomly placed,1.3349999999999802,45,0,0,0,0,true,0,0,45,1,0,0,1,1,0,0,1,0.375,0,0,0,0,0.08888888888888889,6.708203932499369,0,0,0,
128,0.5,simple-random-sample,0.1,50,6,10,34,1,1,1,Clumped-Poisson,5,3,Randomly placed,1.0549999999999806,45,0,0,0,0,true,0,0,45,2,0,1,1,2,0,1,1,0.375,0,0,0,0,0.17777777777777778,4.689204235649835,0,0,0,
131,0.5,simple-random-sample,0.1,50,4,10,36,1,1,1,Clumped-Poisson,5,3,Randomly placed,0.9749999999999832,45,0,0,0,0,true,0,0,45,0,0,0,0,0,0,0,0,0.375,0,0,0,0,0,NA,0,0,0,
137,0.5,simple-random-sample,0.1,50,2,6,42,1,1,1,Clumped-Poisson,5,3,Randomly placed,1.0549999999999837,45,0,0,0,0,true,0,0,45,2,0,0,2,2,0,0,2,0.375,0,0,0,0,0.17777777777777778,4.689204235649836,0,0,0,
135,0.5,simple-random-sample,0.1,50,7,6,37,1,1,1,Clumped-Poisson,5,3,Randomly placed,1.1749999999999843,45,0,0,0,0,true,0,0,45,0,0,0,0,0,0,0,0,0.375,0,0,0,0,0,NA,0,0,0,
139,0.5,simple-random-sample,0.1,50,4,11,35,1,1,1,Clumped-Poisson,5,3,Randomly placed,1.1749999999999814,45,0,0,0,0,true,0,0,45,0,0,0,0,0,0,0,0,0.375,0,0,0,0,0,NA,0,0,0,
127,0.5,simple-random-sample,0.1,50,5,7,38,1,1,1,Clumped-Poisson,5,3,Randomly placed,1.0949999999999815,45,0,0,0,0,true,0,0,45,1,0,0,1,1,0,0,1,0.375,0,0,0,0,0.08888888888888889,6.70820393249937,0,0,0,
136,0.5,simple-random-sample,0.1,50,3,6,41,1,1,1,Clumped-Poisson,5,3,Randomly placed,1.0949999999999829,45,0,0,0,0,true,0,0,45,1,0,0,1,1,0,0,1,0.375,0,0,0,0,0.08888888888888889,6.70820393249937,0,0,0,
134,0.5,simple-random-sample,0.1,50,5,4,41,1,1,1,Clumped-Poisson,5,3,Randomly placed,1.0549999999999822,45,0,0,0,0,true,0,0,45,1,0,0,1,1,0,0,1,0.375,0,0,0,0,0.08888888888888889,6.70820393249937,0,0,0,
142,0.5,simple-random-sample,0.1,50,4,8,38,1,1,1,Clumped-Poisson,5,3,Randomly placed,1.054999999999983,45,0,0,0,0,true,0,0,45,1,0,0,1,1,0,0,1,0.375,0,0,0,0,0.08888888888888889,6.708203932499369,0,0,0,
140,0.5,simple-random-sample,0.1,50,1,9,40,1,1,1,Clumped-Poisson,5,3,Randomly placed,1.0549999999999833,45,0,0,0,0,true,0,0,45,1,0,0,1,1,0,0,1,0.375,0,0,0,0,0.08888888888888889,6.70820393249937,0,0,0,
133,0.5,simple-random-sample,0.1,50,5,9,36,1,1,1,Clumped-Poisson,5,3,Randomly placed,1.014999999999982,45,0,0,0,0,true,0,0,45,0,0,0,0,0,0,0,0,0.375,0,0,0,0,0,NA,0,0,0,
125,0.5,simple-random-sample,0.1,50,6,12,32,1,1,1,Clumped-Poisson,5,3,Randomly placed,1.0549999999999844,45,0,0,0,0,true,0,0,45,1,0,1,0,1,0,1,0,0.375,0,0,0,0,0.08888888888888889,6.708203932499369,0,0,0,
141,0.5,simple-random-sample,0.1,50,3,6,41,1,1,1,Clumped-Poisson,5,3,Randomly placed,1.0149999999999824,45,0,0,0,0,true,0,0,45,0,0,0,0,0,0,0,0,0.375,0,0,0,0,0,NA,0,0,0,
138,0.5,simple-random-sample,0.1,50,7,9,34,1,1,1,Clumped-Poisson,5,3,Randomly placed,1.1749999999999803,45,0,0,0,0,true,0,0,45,0,0,0,0,0,0,0,0,0.375,0,0,0,0,0,NA,0,0,0,
143,0.5,simple-random-sample,0.1,50,6,7,37,1,1,1,Clumped-Poisson,5,3,Randomly placed,1.254999999999983,45,0,0,0,0,true,0,0,45,1,0,0,1,1,0,0,1,0.375,0,0,0,0,0.08888888888888889,6.708203932499371,0,0,0,
148,0.5,simple-random-sample,0.1,50,4,10,36,1,1,1,Clumped-Poisson,5,3,Randomly placed,1.0949999999999829,45,0,0,0,0,true,0,0,45,1,0,0,1,1,0,0,1,0.375,0,0,0,0,0.08888888888888889,6.70820393249937,0,0,0,
145,0.5,simple-random-sample,0.1,50,4,4,42,1,1,1,Clumped-Poisson,5,3,Randomly placed,1.0949999999999838,45,0,0,0,0,true,0,0,45,0,0,0,0,0,0,0,0,0.375,0,0,0,0,0,NA,0,0,0,
146,0.5,simple-random-sample,0.1,50,4,7,39,1,1,1,Clumped-Poisson,5,3,Randomly placed,1.0949999999999804,45,0,0,0,0,true,0,0,45,5,0,2,3,5,0,2,3,0.375,0,0,0,0,0.4444444444444444,3.4443629837222978,0,0,0,
132,0.5,simple-random-sample,0.1,50,4,7,39,1,1,1,Clumped-Poisson,5,3,Randomly placed,1.014999999999983,45,0,0,0,0,true,0,0,45,1,0,0,1,1,0,0,1,0.375,0,0,0,0,0.08888888888888889,6.70820393249937,0,0,0,
149,0.5,simple-random-sample,0.1,50,4,4,42,1,1,1,Clumped-Poisson,5,3,Randomly placed,1.0549999999999826,45,0,0,0,0,true,0,0,45,1,0,0,1,1,0,0,1,0.375,0,0,0,0,0.08888888888888889,6.70820393249937,0,0,0,
147,0.5,simple-random-sample,0.1,50,5,10,35,1,1,1,Clumped-Poisson,5,3,Randomly placed,1.0149999999999806,45,0,0,0,0,true,0,0,45,1,1,0,0,1,1,0,0,0.375,0,0,0,0,0.08888888888888889,6.708203932499371,0,0,0,
144,0.5,simple-random-sample,0.1,50,4,10,36,1,1,1,Clumped-Poisson,5,3,Randomly placed,0.9749999999999837,45,0,0,0,0,true,0,0,45,0,0,0,0,0,0,0,0,0.375,0,0,0,0,0,NA,0,0,0,
150,0.5,simple-random-sample,0.1,50,5,10,35,1,1,1,Clumped-Poisson,5,3,Randomly placed,1.1349999999999854,45,0,0,0,0,true,0,0,45,1,0,0,1,1,0,0,1,0.375,0,0,0,0,0.08888888888888889,6.708203932499369,0,0,0,
151,0.5,simple-random-sample,0.1,50,5,7,38,1,1,1,Clumped-Poisson,5,3,Randomly placed,1.2149999999999845,45,0,0,0,0,true,0,0,45,1,0,0,1,1,0,0,1,0.375,0,0,0,0,0.08888888888888889,6.708203932499369,0,0,0,
152,0.5,simple-random-sample,0.1,50,9,3,38,1,1,1,Clumped-Poisson,5,3,Randomly placed,1.0949999999999844,45,0,0,0,0,true,0,0,45,0,0,0,0,0,0,0,0,0.375,0,0,0,0,0,NA,0,0,0,
153,0.5,simple-random-sample,0.1,50,4,7,39,1,1,1,Clumped-Poisson,5,3,Randomly placed,1.0949999999999809,45,0,0,0,0,true,0,0,45,2,1,0,1,2,1,0,1,0.375,0,0,0,0,0.17777777777777778,6.708203932499369,0,0,0,
156,0.5,simple-random-sample,0.1,50,5,7,38,1,1,1,Clumped-Poisson,5,3,Randomly placed,1.2149999999999876,45,0,0,0,0,true,0,0,45,1,0,1,0,1,0,1,0,0.375,0,0,0,0,0.08888888888888889,6.70820393249937,0,0,0,
158,0.5,simple-random-sample,0.1,50,7,9,34,1,1,1,Clumped-Poisson,5,3,Randomly placed,1.2149999999999845,45,0,0,0,0,true,0,0,45,2,1,1,0,2,1,1,0,0.375,0,0,0,0,0.17777777777777778,4.689204235649838,0,0,0,
154,0.5,simple-random-sample,0.1,50,6,3,41,1,1,1,Clumped-Poisson,5,3,Randomly placed,1.054999999999983,45,0,0,0,0,true,0,0,45,1,1,0,0,1,1,0,0,0.375,0,0,0,0,0.08888888888888889,6.70820393249937,0,0,0,
157,0.5,simple-random-sample,0.1,50,2,9,39,1,1,1,Clumped-Poisson,5,3,Randomly placed,1.054999999999981,45,0,0,0,0,true,0,0,45,0,0,0,0,0,0,0,0,0.375,0,0,0,0,0,NA,0,0,0,
155,0.5,simple-random-sample,0.1,50,2,9,39,1,1,1,Clumped-Poisson,5,3,Randomly placed,1.094999999999982,45,0,0,0,0,true,0,0,45,0,0,0,0,0,0,0,0,0.375,0,0,0,0,0,NA,0,0,0,
162,0.5,simple-random-sample,0.1,50,4,7,39,1,1,1,Clumped-Poisson,5,3,Randomly placed,1.2949999999999824,45,0,0,0,0,true,0,0,45,0,0,0,0,0,0,0,0,0.375,0,0,0,0,0,NA,0,0,0,
159,0.5,simple-random-sample,0.1,50,3,6,41,1,1,1,Clumped-Poisson,5,3,Randomly placed,0.9749999999999834,45,0,0,0,0,true,0,0,45,0,0,0,0,0,0,0,0,0.375,0,0,0,0,0,NA,0,0,0,
165,0.5,simple-random-sample,0.1,50,3,9,38,1,1,1,Clumped-Poisson,5,3,Randomly placed,1.3349999999999786,45,0,0,0,0,true,0,0,45,0,0,0,0,0,0,0,0,0.375,0,0,0,0,0,NA,0,0,0,
164,0.5,simple-random-sample,0.1,50,5,4,41,1,1,1,Clumped-Poisson,5,3,Randomly placed,1.0549999999999835,45,0,0,0,0,true,0,0,45,1,0,0,1,1,0,0,1,0.375,0,0,0,0,0.08888888888888889,6.708203932499369,0,0,0,
163,0.5,simple-random-sample,0.1,50,6,7,37,1,1,1,Clumped-Poisson,5,3,Randomly placed,1.1349999999999858,45,0,0,0,0,true,0,0,45,2,1,0,1,2,1,0,1,0.375,0,0,0,0,0.17777777777777778,4.689204235649838,0,0,0,
167,0.5,simple-random-sample,0.1,50,6,10,34,1,1,1,Clumped-Poisson,5,3,Randomly placed,1.1749999999999872,45,0,0,0,0,true,0,0,45,0,0,0,0,0,0,0,0,0.375,0,0,0,0,0,NA,0,0,0,
160,0.5,simple-random-sample,0.1,50,8,8,34,1,1,1,Clumped-Poisson,5,3,Randomly placed,1.054999999999982,45,0,0,0,0,true,0,0,45,1,0,0,1,1,0,0,1,0.375,0,0,0,0,0.08888888888888889,6.708203932499369,0,0,0,
169,0.5,simple-random-sample,0.1,50,6,10,34,1,1,1,Clumped-Poisson,5,3,Randomly placed,1.054999999999981,45,0,0,0,0,true,0,0,45,2,1,1,0,2,1,1,0,0.375,0,0,0,0,0.17777777777777778,4.689204235649837,0,0,0,
166,0.5,simple-random-sample,0.1,50,5,10,35,1,1,1,Clumped-Poisson,5,3,Randomly placed,1.1349999999999807,45,0,0,0,0,true,0,0,45,3,0,0,3,3,0,0,3,0.375,0,0,0,0,0.26666666666666666,4.954336943068618,0,0,0,
168,0.5,simple-random-sample,0.1,50,2,11,37,1,1,1,Clumped-Poisson,5,3,Randomly placed,1.254999999999982,45,0,0,0,0,true,0,0,45,2,0,0,2,2,0,0,2,0.375,0,0,0,0,0.17777777777777778,4.689204235649833,0,0,0,
177,0.5,simple-random-sample,0.1,50,11,7,32,1,1,1,Clumped-Poisson,5,3,Randomly placed,1.0549999999999813,45,0,0,0,0,true,0,0,45,0,0,0,0,0,0,0,0,0.375,0,0,0,0,0,NA,0,0,0,
172,0.5,simple-random-sample,0.1,50,7,5,38,1,1,1,Clumped-Poisson,5,3,Randomly placed,1.0949999999999813,45,0,0,0,0,true,0,0,45,0,0,0,0,0,0,0,0,0.375,0,0,0,0,0,NA,0,0,0,
161,0.5,simple-random-sample,0.1,50,6,5,39,1,1,1,Clumped-Poisson,5,3,Randomly placed,1.0149999999999815,45,0,0,0,0,true,0,0,45,1,0,0,1,1,0,0,1,0.375,0,0,0,0,0.08888888888888889,6.70820393249937,0,0,0,
171,0.5,simple-random-sample,0.1,50,3,10,37,1,1,1,Clumped-Poisson,5,3,Randomly placed,1.1349999999999822,45,0,0,0,0,true,0,0,45,1,0,0,1,1,0,0,1,0.375,0,0,0,0,0.08888888888888889,6.708203932499371,0,0,0,
173,0.5,simple-random-sample,0.1,50,5,9,36,1,1,1,Clumped-Poisson,5,3,Randomly placed,1.0949999999999815,45,0,0,0,0,true,0,0,45,3,0,1,2,3,0,1,2,0.375,0,0,0,0,0.26666666666666666,3.7839373433213432,0,0,0,
175,0.5,simple-random-sample,0.1,50,6,13,31,1,1,1,Clumped-Poisson,5,3,Randomly placed,1.1749999999999843,45,0,0,0,0,true,0,0,45,1,0,1,0,1,0,1,0,0.375,0,0,0,0,0.08888888888888889,6.708203932499369,0,0,0,
170,0.5,simple-random-sample,0.1,50,5,7,38,1,1,1,Clumped-Poisson,5,3,Randomly placed,1.2549999999999868,45,0,0,0,0,true,0,0,45,1,0,0,1,1,0,0,1,0.375,0,0,0,0,0.08888888888888889,6.70820393249937,0,0,0,
178,0.5,simple-random-sample,0.1,50,5,6,39,1,1,1,Clumped-Poisson,5,3,Randomly placed,0.9749999999999833,45,0,0,0,0,true,0,0,45,3,0,1,2,3,0,1,2,0.375,0,0,0,0,0.26666666666666666,3.783937343321346,0,0,0,
176,0.5,simple-random-sample,0.1,50,4,8,38,1,1,1,Clumped-Poisson,5,3,Randomly placed,1.0549999999999822,45,0,0,0,0,true,0,0,45,4,0,1,3,4,0,1,3,0.375,0,0,0,0,0.35555555555555557,4.029366631934288,0,0,0,
174,0.5,simple-random-sample,0.1,50,3,12,35,1,1,1,Clumped-Poisson,5,3,Randomly placed,1.0549999999999815,45,0,0,0,0,true,0,0,45,3,1,0,2,3,1,0,2,0.375,0,0,0,0,0.26666666666666666,3.783937343321347,0,0,0,
182,0.5,simple-random-sample,0.1,50,9,7,34,1,1,1,Clumped-Poisson,5,3,Randomly placed,1.0549999999999835,45,0,0,0,0,true,0,0,45,1,0,0,1,1,0,0,1,0.375,0,0,0,0,0.08888888888888889,6.708203932499369,0,0,0,
181,0.5,simple-random-sample,0.1,50,6,7,37,1,1,1,Clumped-Poisson,5,3,Randomly placed,1.1749999999999827,45,0,0,0,0,true,0,0,45,0,0,0,0,0,0,0,0,0.375,0,0,0,0,0,NA,0,0,0,
184,0.5,simple-random-sample,0.1,50,8,13,29,1,1,1,Clumped-Poisson,5,3,Randomly placed,1.094999999999981,45,0,0,0,0,true,0,0,45,3,1,0,2,3,1,0,2,0.375,0,0,0,0,0.26666666666666666,3.7839373433213477,0,0,0,
188,0.5,simple-random-sample,0.1,50,2,10,38,1,1,1,Clumped-Poisson,5,3,Randomly placed,0.9749999999999832,45,0,0,0,0,true,0,0,45,0,0,0,0,0,0,0,0,0.375,0,0,0,0,0,NA,0,0,0,
186,0.5,simple-random-sample,0.1,50,7,5,38,1,1,1,Clumped-Poisson,5,3,Randomly placed,1.014999999999982,45,0,0,0,0,true,0,0,45,0,0,0,0,0,0,0,0,0.375,0,0,0,0,0,NA,0,0,0,
179,0.5,simple-random-sample,0.1,50,6,10,34,1,1,1,Clumped-Poisson,5,3,Randomly placed,1.0949999999999822,45,0,0,0,0,true,0,0,45,2,0,2,0,2,0,2,0,0.375,0,0,0,0,0.17777777777777778,4.689204235649839,0,0,0,
185,0.5,simple-random-sample,0.1,50,7,8,35,1,1,1,Clumped-Poisson,5,3,Randomly placed,1.1349999999999851,45,0,0,0,0,true,0,0,45,1,0,0,1,1,0,0,1,0.375,0,0,0,0,0.08888888888888889,6.708203932499369,0,0,0,
180,0.5,simple-random-sample,0.1,50,7,8,35,1,1,1,Clumped-Poisson,5,3,Randomly placed,1.1349999999999798,45,0,0,0,0,true,0,0,45,2,0,0,2,2,0,0,2,0.375,0,0,0,0,0.17777777777777778,4.689204235649837,0,0,0,
193,0.5,simple-random-sample,0.1,50,3,9,38,1,1,1,Clumped-Poisson,5,3,Randomly placed,1.054999999999981,45,0,0,0,0,true,0,0,45,1,0,1,0,1,0,1,0,0.375,0,0,0,0,0.08888888888888889,6.70820393249937,0,0,0,
183,0.5,simple-random-sample,0.1,50,5,9,36,1,1,1,Clumped-Poisson,5,3,Randomly placed,1.0949999999999833,45,0,0,0,0,true,0,0,45,1,0,1,0,1,0,1,0,0.375,0,0,0,0,0.08888888888888889,6.708203932499369,0,0,0,
196,0.5,simple-random-sample,0.1,50,5,9,36,1,1,1,Clumped-Poisson,5,3,Randomly placed,1.1349999999999811,45,0,0,0,0,true,0,0,45,0,0,0,0,0,0,0,0,0.375,0,0,0,0,0,NA,0,0,0,
189,0.5,simple-random-sample,0.1,50,8,13,29,1,1,1,Clumped-Poisson,5,3,Randomly placed,1.0549999999999815,45,0,0,0,0,true,0,0,45,0,0,0,0,0,0,0,0,0.375,0,0,0,0,0,NA,0,0,0,
187,0.5,simple-random-sample,0.1,50,4,5,41,1,1,1,Clumped-Poisson,5,3,Randomly placed,1.2149999999999817,45,0,0,0,0,true,0,0,45,1,0,1,0,1,0,1,0,0.375,0,0,0,0,0.08888888888888889,6.70820393249937,0,0,0,
197,0.5,simple-random-sample,0.1,50,2,8,40,1,1,1,Clumped-Poisson,5,3,Randomly placed,1.0549999999999833,45,0,0,0,0,true,0,0,45,1,0,0,1,1,0,0,1,0.375,0,0,0,0,0.08888888888888889,6.70820393249937,0,0,0,
198,0.5,simple-random-sample,0.1,50,4,7,39,1,1,1,Clumped-Poisson,5,3,Randomly placed,1.3349999999999824,45,0,0,0,0,true,0,0,45,4,0,0,4,4,0,0,4,0.375,0,0,0,0,0.35555555555555557,4.029366631934288,0,0,0,
195,0.5,simple-random-sample,0.1,50,3,7,40,1,1,1,Clumped-Poisson,5,3,Randomly placed,1.1749999999999823,45,0,0,0,0,true,0,0,45,1,0,0,1,1,0,0,1,0.375,0,0,0,0,0.08888888888888889,6.708203932499369,0,0,0,
194,0.5,simple-random-sample,0.1,50,5,9,36,1,1,1,Clumped-Poisson,5,3,Randomly placed,1.254999999999982,45,0,0,0,0,true,0,0,45,0,0,0,0,0,0,0,0,0.375,0,0,0,0,0,NA,0,0,0,
199,0.5,simple-random-sample,0.1,50,8,11,31,1,1,1,Clumped-Poisson,5,3,Randomly placed,1.2549999999999866,45,0,0,0,0,true,0,0,45,1,0,0,1,1,0,0,1,0.375,0,0,0,0,0.08888888888888889,6.70820393249937,0,0,0,
190,0.5,simple-random-sample,0.1,50,3,10,37,1,1,1,Clumped-Poisson,5,3,Randomly placed,1.0549999999999837,45,0,0,0,0,true,0,0,45,0,0,0,0,0,0,0,0,0.375,0,0,0,0,0,NA,0,0,0,
200,0.5,simple-random-sample,0.1,50,3,7,40,1,1,1,Clumped-Poisson,5,3,Randomly placed,1.1749999999999794,45,0,0,0,0,true,0,0,45,1,0,0,1,1,0,0,1,0.375,0,0,0,0,0.08888888888888889,6.70820393249937,0,0,0,
191,0.5,simple-random-sample,0.1,50,6,9,35,1,1,1,Clumped-Poisson,5,3,Randomly placed,1.0549999999999815,45,0,0,0,0,true,0,0,45,1,0,0,1,1,0,0,1,0.375,0,0,0,0,0.08888888888888889,6.708203932499369,0,0,0,
192,0.5,simple-random-sample,0.1,50,4,7,39,1,1,1,Clumped-Poisson,5,3,Randomly placed,1.2149999999999852,45,0,0,0,0,true,0,0,45,3,0,0,3,3,0,0,3,0.375,0,0,0,0,0.26666666666666666,4.954336943068618,0,0,0,
201,0.5,simple-random-sample,1,500,50,86,364,1,1,1,Clumped-Poisson,5,3,Randomly placed,1.658,45,0,0,0,0,true,0,0,45,9,0,4,5,9,0,4,5,0.375,0,0,0,0,0.8,2.938769068226293,0,0,0,
203,0.5,simple-random-sample,1,500,52,76,372,1,1,1,Clumped-Poisson,5,3,Randomly placed,1.922,45,0,0,0,0,true,0,0,45,25,2,6,17,25,2,6,17,0.375,0,0,0,0,2.2222222222222223,1.9400093720485887,0,0,0,
217,0.5,simple-random-sample,1,500,48,76,376,1,1,1,Clumped-Poisson,5,3,Randomly placed,2.166,45,0,0,0,0,true,0,0,45,9,1,4,4,9,1,4,4,0.375,0,0,0,0,0.8,2.0225995873897262,0,0,0,
212,0.5,simple-random-sample,1,500,49,63,388,1,1,1,Clumped-Poisson,5,3,Randomly placed,2.01,45,0,0,0,0,true,0,0,45,10,2,2,6,10,2,2,6,0.375,0,0,0,0,0.8888888888888888,2.5181161789935533,0,0,0,
209,0.5,simple-random-sample,1,500,46,74,380,1,1,1,Clumped-Poisson,5,3,Randomly placed,1.79,45,0,0,0,0,true,0,0,45,7,0,1,6,7,0,1,6,0.375,0,0,0,0,0.6222222222222222,3.0510498816528653,0,0,0,
208,0.5,simple-random-sample,1,500,42,79,379,1,1,1,Clumped-Poisson,5,3,Randomly placed,3.23,45,0,0,0,0,true,0,0,45,6,1,1,4,6,1,1,4,0.375,0,0,0,0,0.5333333333333333,4.107919181288744,0,0,0,
214,0.5,simple-random-sample,1,500,53,74,373,1,1,1,Clumped-Poisson,5,3,Randomly placed,2.294,45,0,0,0,0,true,0,0,45,9,2,2,5,9,2,2,5,0.375,0,0,0,0,0.8,2.2863229709016886,0,0,0,
216,0.5,simple-random-sample,1,500,51,62,387,1,1,1,Clumped-Poisson,5,3,Randomly placed,1.718,45,0,0,0,0,true,0,0,45,13,0,1,12,13,0,1,12,0.375,0,0,0,0,1.1555555555555554,2.621958008386237,0,0,0,
202,0.5,simple-random-sample,1,500,47,78,375,1,1,1,Clumped-Poisson,5,3,Randomly placed,1.914,45,0,0,0,0,true,0,0,45,9,1,1,7,9,1,1,7,0.375,0,0,0,0,0.8,3.4706562125129197,0,0,0,
218,0.5,simple-random-sample,1,500,59,69,372,1,1,1,Clumped-Poisson,5,3,Randomly placed,1.982,45,0,0,0,0,true,0,0,45,12,2,1,9,12,2,1,9,0.375,0,0,0,0,1.0666666666666667,3.5214440478045588,0,0,0,
211,0.5,simple-random-sample,1,500,61,64,375,1,1,1,Clumped-Poisson,5,3,Randomly placed,2.262,45,0,0,0,0,true,0,0,45,8,2,2,4,8,2,2,4,0.375,0,0,0,0,0.7111111111111111,4.371752041126179,0,0,0,
210,0.5,simple-random-sample,1,500,55,73,372,1,1,1,Clumped-Poisson,5,3,Randomly placed,1.674,45,0,0,0,0,true,0,0,45,14,1,3,10,14,1,3,10,0.375,0,0,0,0,1.2444444444444445,2.6383341429949265,0,0,0,
205,0.5,simple-random-sample,1,500,59,72,369,1,1,1,Clumped-Poisson,5,3,Randomly placed,2.89,45,0,0,0,0,true,0,0,45,22,2,5,15,22,2,5,15,0.375,0,0,0,0,1.9555555555555555,3.310346801001381,0,0,0,
222,0.5,simple-random-sample,1,500,42,84,374,1,1,1,Clumped-Poisson,5,3,Randomly placed,2.166,45,0,0,0,0,true,0,0,45,12,2,3,7,12,2,3,7,0.375,0,0,0,0,1.0666666666666667,3.137475099502784,0,0,0,
206,0.5,simple-random-sample,1,500,48,77,375,1,1,1,Clumped-Poisson,5,3,Randomly placed,1.742,45,0,0,0,0,true,0,0,45,14,0,1,13,14,0,1,13,0.375,0,0,0,0,1.2444444444444445,1.653550741785273,0,0,0,
215,0.5,simple-random-sample,1,500,58,67,375,1,1,1,Clumped-Poisson,5,3,Randomly placed,3.29,45,0,0,0,0,true,0,0,45,9,0,2,7,9,0,2,7,0.375,0,0,0,0,0.8,2.2863229709016886,0,0,0,
220,0.5,simple-random-sample,1,500,66,79,355,1,1,1,Clumped-Poisson,5,3,Randomly placed,2.31,45,0,0,0,0,true,0,0,45,6,2,0,4,6,2,0,4,0.375,0,0,0,0,0.5333333333333333,3.03389938108459,0,0,0,
221,0.5,simple-random-sample,1,500,50,77,373,1,1,1,Clumped-Poisson,5,3,Randomly placed,2.258,45,0,0,0,0,true,0,0,45,6,0,0,6,6,0,0,6,0.375,0,0,0,0,0.5333333333333333,3.03389938108459,0,0,0,
213,0.5,simple-random-sample,1,500,61,68,371,1,1,1,Clumped-Poisson,5,3,Randomly placed,1.894,45,0,0,0,0,true,0,0,45,16,1,3,12,16,1,3,12,0.375,0,0,0,0,1.4222222222222223,2.4101392712493155,0,0,0,
204,0.5,simple-random-sample,1,500,40,77,383,1,1,1,Clumped-Poisson,5,3,Randomly placed,2.018,45,0,0,0,0,true,0,0,45,6,1,1,4,6,1,1,4,0.375,0,0,0,0,0.5333333333333333,2.5783186910712326,0,0,0,
223,0.5,simple-random-sample,1,500,56,85,359,1,1,1,Clumped-Poisson,5,3,Randomly placed,2.182,45,0,0,0,0,true,0,0,45,16,1,3,12,16,1,3,12,0.375,0,0,0,0,1.4222222222222223,2.9470649401334255,0,0,0,
207,0.5,simple-random-sample,1,500,40,56,404,1,1,1,Clumped-Poisson,5,3,Randomly placed,2.33,45,0,0,0,0,true,0,0,45,20,2,4,14,20,2,4,14,0.375,0,0,0,0,1.7777777777777777,2.17488244196408,0,0,0,
219,0.5,simple-random-sample,1,500,57,60,383,1,1,1,Clumped-Poisson,5,3,Randomly placed,1.878,45,0,0,0,0,true,0,0,45,9,0,0,9,9,0,0,9,0.375,0,0,0,0,0.8,3.4706562125129197,0,0,0,
226,0.5,simple-random-sample,1,500,48,61,391,1,1,1,Clumped-Poisson,5,3,Randomly placed,2.678,45,0,0,0,0,true,0,0,45,8,1,0,7,8,1,0,7,0.375,0,0,0,0,0.7111111111111111,3.2377391101592075,0,0,0,
225,0.5,simple-random-sample,1,500,58,78,364,1,1,1,Clumped-Poisson,5,3,Randomly placed,2.102,45,0,0,0,0,true,0,0,45,4,1,1,2,4,1,1,2,0.375,0,0,0,0,0.35555555555555557,4.029366631934287,0,0,0,
228,0.5,simple-random-sample,1,500,55,67,378,1,1,1,Clumped-Poisson,5,3,Randomly placed,1.646,45,0,0,0,0,true,0,0,45,8,0,2,6,8,0,2,6,0.375,0,0,0,0,0.7111111111111111,3.0074481405639917,0,0,0,
224,0.5,simple-random-sample,1,500,59,68,373,1,1,1,Clumped-Poisson,5,3,Randomly placed,2.09,45,0,0,0,0,true,0,0,45,7,2,1,4,7,2,1,4,0.375,0,0,0,0,0.6222222222222222,3.0510498816528657,0,0,0,
227,0.5,simple-random-sample,1,500,56,69,375,1,1,1,Clumped-Poisson,5,3,Randomly placed,2.818,45,0,0,0,0,true,0,0,45,3,0,2,1,3,0,2,1,0.375,0,0,0,0,0.26666666666666666,3.783937343321346,0,0,0,
230,0.5,simple-random-sample,1,500,59,69,372,1,1,1,Clumped-Poisson,5,3,Randomly placed,2.222,45,0,0,0,0,true,0,0,45,13,2,2,9,13,2,2,9,0.375,0,0,0,0,1.1555555555555554,2.7238413055413115,0,0,0,
229,0.5,simple-random-sample,1,500,54,77,369,1,1,1,Clumped-Poisson,5,3,Randomly placed,2.698,45,0,0,0,0,true,0,0,45,5,0,1,4,5,0,1,4,0.375,0,0,0,0,0.4444444444444444,2.8603877677367775,0,0,0,
238,0.5,simple-random-sample,1,500,49,66,385,1,1,1,Clumped-Poisson,5,3,Randomly placed,2.166,45,0,0,0,0,true,0,0,45,9,2,0,7,9,2,0,7,0.375,0,0,0,0,0.8,2.522624895547564,0,0,0,
242,0.5,simple-random-sample,1,500,43,72,385,1,1,1,Clumped-Poisson,5,3,Randomly placed,2.518,45,0,0,0,0,true,0,0,45,8,1,2,5,8,1,2,5,0.375,0,0,0,0,0.7111111111111111,2.7579945777519352,0,0,0,
234,0.5,simple-random-sample,1,500,55,84,361,1,1,1,Clumped-Poisson,5,3,Randomly placed,2.354,45,0,0,0,0,true,0,0,45,5,1,1,3,5,1,1,3,0.375,0,0,0,0,0.4444444444444444,4.38489141567641,0,0,0,
240,0.5,simple-random-sample,1,500,47,71,382,1,1,1,Clumped-Poisson,5,3,Randomly placed,2.778,45,0,0,0,0,true,0,0,45,8,0,4,4,8,0,4,4,0.375,0,0,0,0,0.7111111111111111,4.204046346297597,0,0,0,
231,0.5,simple-random-sample,1,500,55,76,369,1,1,1,Clumped-Poisson,5,3,Randomly placed,2.826,45,0,0,0,0,true,0,0,45,19,0,3,16,19,0,3,16,0.375,0,0,0,0,1.6888888888888889,2.788164358236784,0,0,0,
236,0.5,simple-random-sample,1,500,61,62,377,1,1,1,Clumped-Poisson,5,3,Randomly placed,3.058,45,0,0,0,0,true,0,0,45,12,1,2,9,12,1,2,9,0.375,0,0,0,0,1.0666666666666667,3.334990118562436,0,0,0,
233,0.5,simple-random-sample,1,500,46,75,379,1,1,1,Clumped-Poisson,5,3,Randomly placed,2.282,45,0,0,0,0,true,0,0,45,12,0,3,9,12,0,3,9,0.375,0,0,0,0,1.0666666666666667,3.03389938108459,0,0,0,
243,0.5,simple-random-sample,1,500,51,81,368,1,1,1,Clumped-Poisson,5,3,Randomly placed,2.874,45,0,0,0,0,true,0,0,45,16,1,2,13,16,1,2,13,0.375,0,0,0,0,1.4222222222222223,3.400237082308981,0,0,0,
239,0.5,simple-random-sample,1,500,58,77,365,1,1,1,Clumped-Poisson,5,3,Randomly placed,2.046,45,0,0,0,0,true,0,0,45,8,0,0,8,8,0,0,8,0.375,0,0,0,0,0.7111111111111111,3.8467629543907105,0,0,0,
237,0.5,simple-random-sample,1,500,58,74,368,1,1,1,Clumped-Poisson,5,3,Randomly placed,1.798,45,0,0,0,0,true,0,0,45,13,1,3,9,13,1,3,9,0.375,0,0,0,0,1.1555555555555554,2.2892620683626186,0,0,0,
244,0.5,simple-random-sample,1,500,48,81,371,1,1,1,Clumped-Poisson,5,3,Randomly placed,3.326,45,0,0,0,0,true,0,0,45,18,0,3,15,18,0,3,15,0.375,0,0,0,0,1.6,2.57831869107123,0,0,0,
235,0.5,simple-random-sample,1,500,42,74,384,1,1,1,Clumped-Poisson,5,3,Randomly placed,2.01,45,0,0,0,0,true,0,0,45,9,2,3,4,9,2,3,4,0.375,0,0,0,0,0.8,3.1261361570998885,0,0,0,
247,0.5,simple-random-sample,1,500,37,83,380,1,1,1,Clumped-Poisson,5,3,Randomly placed,2.302,45,0,0,0,0,true,0,0,45,10,1,3,6,10,1,3,6,0.375,0,0,0,0,0.8888888888888888,2.860387767736778,0,0,0,
232,0.5,simple-random-sample,1,500,62,70,368,1,1,1,Clumped-Poisson,5,3,Randomly placed,2.122,45,0,0,0,0,true,0,0,45,12,4,1,7,12,4,1,7,0.375,0,0,0,0,1.0666666666666667,2.699431758385794,0,0,0,
245,0.5,simple-random-sample,1,500,58,70,372,1,1,1,Clumped-Poisson,5,3,Randomly placed,2.474,45,0,0,0,0,true,0,0,45,8,2,1,5,8,2,1,5,0.375,0,0,0,0,0.7111111111111111,3.4527039798869623,0,0,0,
241,0.5,simple-random-sample,1,500,52,82,366,1,1,1,Clumped-Poisson,5,3,Randomly placed,2.294,45,0,0,0,0,true,0,0,45,8,0,1,7,8,0,1,7,0.375,0,0,0,0,0.7111111111111111,2.4836110532119084,0,0,0,
249,0.5,simple-random-sample,1,500,54,71,375,1,1,1,Clumped-Poisson,5,3,Randomly placed,2.526,45,0,0,0,0,true,0,0,45,12,1,0,11,12,1,0,11,0.375,0,0,0,0,1.0666666666666667,3.237739110159209,0,0,0,
248,0.5,simple-random-sample,1,500,46,95,359,1,1,1,Clumped-Poisson,5,3,Randomly placed,2.454,45,0,0,0,0,true,0,0,45,6,0,2,4,6,0,2,4,0.375,0,0,0,0,0.5333333333333333,3.4294844563525344,0,0,0,
246,0.5,simple-random-sample,1,500,39,89,372,1,1,1,Clumped-Poisson,5,3,Randomly placed,3.026,45,0,0,0,0,true,0,0,45,15,2,4,9,15,2,4,9,0.375,0,0,0,0,1.3333333333333333,2.2156468376279888,0,0,0,
252,0.5,simple-random-sample,1,500,40,82,378,1,1,1,Clumped-Poisson,5,3,Randomly placed,2.274,45,0,0,0,0,true,0,0,45,11,1,1,9,11,1,1,9,0.375,0,0,0,0,0.9777777777777777,3.040856279421337,0,0,0,
250,0.5,simple-random-sample,1,500,59,64,377,1,1,1,Clumped-Poisson,5,3,Randomly placed,2.57,45,0,0,0,0,true,0,0,45,16,1,3,12,16,1,3,12,0.375,0,0,0,0,1.4222222222222223,3.2377391101592066,0,0,0,
251,0.5,simple-random-sample,1,500,58,72,370,1,1,1,Clumped-Poisson,5,3,Randomly placed,2.242,45,0,0,0,0,true,0,0,45,5,0,1,4,5,0,1,4,0.375,0,0,0,0,0.4444444444444444,3.4443629837222978,0,0,0,
255,0.5,simple-random-sample,1,500,56,65,379,1,1,1,Clumped-Poisson,5,3,Randomly placed,2.686,45,0,0,0,0,true,0,0,45,8,0,0,8,8,0,0,8,0.375,0,0,0,0,0.7111111111111111,2.4836110532119084,0,0,0,
254,0.5,simple-random-sample,1,500,45,82,373,1,1,1,Clumped-Poisson,5,3,Randomly placed,1.882,45,0,0,0,0,true,0,0,45,15,2,2,11,15,2,2,11,0.375,0,0,0,0,1.3333333333333333,2.3061183443574222,0,0,0,
257,0.5,simple-random-sample,1,500,48,64,388,1,1,1,Clumped-Poisson,5,3,Randomly placed,4.35,45,0,0,0,0,true,0,0,45,7,1,0,6,7,1,0,6,0.375,0,0,0,0,0.6222222222222222,3.6146732506161414,0,0,0,
256,0.5,simple-random-sample,1,500,61,73,366,1,1,1,Clumped-Poisson,5,3,Randomly placed,1.986,45,0,0,0,0,true,0,0,45,3,0,0,3,3,0,0,3,0.375,0,0,0,0,0.26666666666666666,3.783937343321348,0,0,0,
253,0.5,simple-random-sample,1,500,39,80,381,1,1,1,Clumped-Poisson,5,3,Randomly placed,2.27,45,0,0,0,0,true,0,0,45,18,3,2,13,18,3,2,13,0.375,0,0,0,0,1.6,3.345621290310936,0,0,0,
259,0.5,simple-random-sample,1,500,53,78,369,1,1,1,Clumped-Poisson,5,3,Randomly placed,4.486,45,0,0,0,0,true,0,0,45,11,0,3,8,11,0,3,8,0.375,0,0,0,0,0.9777777777777777,3.9156681166052567,0,0,0,
262,0.5,simple-random-sample,1,500,53,85,362,1,1,1,Clumped-Poisson,5,3,Randomly placed,2.01,45,0,0,0,0,true,0,0,45,6,1,1,4,6,1,1,4,0.375,0,0,0,0,0.5333333333333333,4.689204235649834,0,0,0,
267,0.5,simple-random-sample,1,500,38,76,386,1,1,1,Clumped-Poisson,5,3,Randomly placed,2.186,45,0,0,0,0,true,0,0,45,13,0,1,12,13,0,1,12,0.375,0,0,0,0,1.1555555555555554,2.2892620683626186,0,0,0,
264,0.5,simple-random-sample,1,500,46,65,389,1,1,1,Clumped-Poisson,5,3,Randomly placed,2.09,45,0,0,0,0,true,0,0,45,9,0,0,9,9,0,0,9,0.375,0,0,0,0,0.8,3.3028912953790788,0,0,0,
260,0.5,simple-random-sample,1,500,61,73,366,1,1,1,Clumped-Poisson,5,3,Randomly placed,3.094,45,0,0,0,0,true,0,0,45,12,1,1,10,12,1,1,10,0.375,0,0,0,0,1.0666666666666667,4.260681763627635,0,0,0,
258,0.5,simple-random-sample,1,500,60,73,367,1,1,1,Clumped-Poisson,5,3,Randomly placed,2.098,45,0,0,0,0,true,0,0,45,15,7,1,7,15,7,1,7,0.375,0,0,0,0,1.3333333333333333,2.3931721056523965,0,0,0,
263,0.5,simple-random-sample,1,500,50,69,381,1,1,1,Clumped-Poisson,5,3,Randomly placed,2.106,45,0,0,0,0,true,0,0,45,18,0,3,15,18,0,3,15,0.375,0,0,0,0,1.6,2.2233267457082904,0,0,0,
266,0.5,simple-random-sample,1,500,56,72,372,1,1,1,Clumped-Poisson,5,3,Randomly placed,2.038,45,0,0,0,0,true,0,0,45,21,0,1,20,21,0,1,20,0.375,0,0,0,0,1.8666666666666667,2.5272173349864526,0,0,0,
274,0.5,simple-random-sample,1,500,42,71,387,1,1,1,Clumped-Poisson,5,3,Randomly placed,3.766,45,0,0,0,0,true,0,0,45,3,0,1,2,3,0,1,2,0.375,0,0,0,0,0.26666666666666666,3.783937343321346,0,0,0,
265,0.5,simple-random-sample,1,500,52,77,371,1,1,1,Clumped-Poisson,5,3,Randomly placed,2.234,45,0,0,0,0,true,0,0,45,7,1,1,5,7,1,1,5,0.375,0,0,0,0,0.6222222222222222,2.3562572126039325,0,0,0,
268,0.5,simple-random-sample,1,500,58,68,374,1,1,1,Clumped-Poisson,5,3,Randomly placed,2.354,45,0,0,0,0,true,0,0,45,15,1,1,13,15,1,1,13,0.375,0,0,0,0,1.3333333333333333,2.7879611318537565,0,0,0,
276,0.5,simple-random-sample,1,500,39,76,385,1,1,1,Clumped-Poisson,5,3,Randomly placed,2.574,45,0,0,0,0,true,0,0,45,9,0,3,6,9,0,3,6,0.375,0,0,0,0,0.8,2.522624895547565,0,0,0,
273,0.5,simple-random-sample,1,500,47,87,366,1,1,1,Clumped-Poisson,5,3,Randomly placed,1.878,45,0,0,0,0,true,0,0,45,15,1,4,10,15,1,4,10,0.375,0,0,0,0,1.3333333333333333,2.2156468376279888,0,0,0,
275,0.5,simple-random-sample,1,500,40,75,385,1,1,1,Clumped-Poisson,5,3,Randomly placed,1.822,45,0,0,0,0,true,0,0,45,18,1,5,12,18,1,5,12,0.375,0,0,0,0,1.6,2.578318691071231,0,0,0,
269,0.5,simple-random-sample,1,500,42,81,377,1,1,1,Clumped-Poisson,5,3,Randomly placed,1.674,45,0,0,0,0,true,0,0,45,17,2,3,12,17,2,3,12,0.375,0,0,0,0,1.511111111111111,2.413492272878148,0,0,0,
261,0.5,simple-random-sample,1,500,55,83,362,1,1,1,Clumped-Poisson,5,3,Randomly placed,1.882,45,0,0,0,0,true,0,0,45,9,3,3,3,9,3,3,3,0.375,0,0,0,0,0.8,3.3028912953790805,0,0,0,
271,0.5,simple-random-sample,1,500,35,91,374,1,1,1,Clumped-Poisson,5,3,Randomly placed,1.854,45,0,0,0,0,true,0,0,45,16,1,3,12,16,1,3,12,0.375,0,0,0,0,1.4222222222222223,2.090588692102169,0,0,0,
272,0.5,simple-random-sample,1,500,50,75,375,1,1,1,Clumped-Poisson,5,3,Randomly placed,1.926,45,0,0,0,0,true,0,0,45,8,2,2,4,8,2,2,4,0.375,0,0,0,0,0.7111111111111111,3.2377391101592083,0,0,0,
277,0.5,simple-random-sample,1,500,33,72,395,1,1,1,Clumped-Poisson,5,3,Randomly placed,1.934,45,0,0,0,0,true,0,0,45,14,0,5,9,14,0,5,9,0.375,0,0,0,0,1.2444444444444445,2.973093626895345,0,0,0,
279,0.5,simple-random-sample,1,500,47,77,376,1,1,1,Clumped-Poisson,5,3,Randomly placed,1.886,45,0,0,0,0,true,0,0,45,19,1,6,12,19,1,6,12,0.375,0,0,0,0,1.6888888888888889,2.598839405456079,0,0,0,
282,0.5,simple-random-sample,1,500,37,78,385,1,1,1,Clumped-Poisson,5,3,Randomly placed,2.742,45,0,0,0,0,true,0,0,45,10,1,4,5,10,1,4,5,0.375,0,0,0,0,0.8888888888888888,3.1658691180665186,0,0,0,
283,0.5,simple-random-sample,1,500,62,73,365,1,1,1,Clumped-Poisson,5,3,Randomly placed,1.722,45,0,0,0,0,true,0,0,45,11,2,1,8,11,2,1,8,0.375,0,0,0,0,0.9777777777777777,2.913091257784988,0,0,0,
280,0.5,simple-random-sample,1,500,44,71,385,1,1,1,Clumped-Poisson,5,3,Randomly placed,1.802,45,0,0,0,0,true,0,0,45,18,0,4,14,18,0,4,14,0.375,0,0,0,0,1.6,1.799621172257196,0,0,0,
270,0.5,simple-random-sample,1,500,52,89,359,1,1,1,Clumped-Poisson,5,3,Randomly placed,2.226,45,0,0,0,0,true,0,0,45,13,2,2,9,13,2,2,9,0.375,0,0,0,0,1.1555555555555554,2.1670424909566535,0,0,0,
287,0.5,simple-random-sample,1,500,54,76,370,1,1,1,Clumped-Poisson,5,3,Randomly placed,1.918,45,0,0,0,0,true,0,0,45,11,1,1,9,11,1,1,9,0.375,0,0,0,0,0.9777777777777777,2.913091257784988,0,0,0,
285,0.5,simple-random-sample,1,500,46,82,372,1,1,1,Clumped-Poisson,5,3,Randomly placed,2.442,45,0,0,0,0,true,0,0,45,11,2,1,8,11,2,1,8,0.375,0,0,0,0,0.9777777777777777,2.639069571716069,0,0,0,
284,0.5,simple-random-sample,1,500,54,74,372,1,1,1,Clumped-Poisson,5,3,Randomly placed,2.17,45,0,0,0,0,true,0,0,45,16,2,1,13,16,2,1,13,0.375,0,0,0,0,1.4222222222222223,3.1247158961765114,0,0,0,
278,0.5,simple-random-sample,1,500,41,68,391,1,1,1,Clumped-Poisson,5,3,Randomly placed,2.246,45,0,0,0,0,true,0,0,45,12,1,1,10,12,1,1,10,0.375,0,0,0,0,1.0666666666666667,2.6994317583857947,0,0,0,
281,0.5,simple-random-sample,1,500,41,76,383,1,1,1,Clumped-Poisson,5,3,Randomly placed,1.754,45,0,0,0,0,true,0,0,45,12,1,1,10,12,1,1,10,0.375,0,0,0,0,1.0666666666666667,2.0225995873897262,0,0,0,
292,0.5,simple-random-sample,1,500,49,86,365,1,1,1,Clumped-Poisson,5,3,Randomly placed,2.67,45,0,0,0,0,true,0,0,45,15,2,0,13,15,2,0,13,0.375,0,0,0,0,1.3333333333333333,2.713602101199875,0,0,0,
289,0.5,simple-random-sample,1,500,47,82,371,1,1,1,Clumped-Poisson,5,3,Randomly placed,2.086,45,0,0,0,0,true,0,0,45,10,2,2,6,10,2,2,6,0.375,0,0,0,0,0.8888888888888888,3.701965080135881,0,0,0,
286,0.5,simple-random-sample,1,500,42,88,370,1,1,1,Clumped-Poisson,5,3,Randomly placed,1.846,45,0,0,0,0,true,0,0,45,12,2,1,9,12,2,1,9,0.375,0,0,0,0,1.0666666666666667,2.5783186910712326,0,0,0,
294,0.5,simple-random-sample,1,500,53,86,361,1,1,1,Clumped-Poisson,5,3,Randomly placed,2.094,45,0,0,0,0,true,0,0,45,13,1,2,10,13,1,2,10,0.375,0,0,0,0,1.1555555555555554,2.9169516241853493,0,0,0,
295,0.5,simple-random-sample,1,500,57,74,369,1,1,1,Clumped-Poisson,5,3,Randomly placed,1.642,45,0,0,0,0,true,0,0,45,5,1,2,2,5,1,2,2,0.375,0,0,0,0,0.4444444444444444,4.384891415676415,0,0,0,
290,0.5,simple-random-sample,1,500,47,70,383,1,1,1,Clumped-Poisson,5,3,Randomly placed,2.27,45,0,0,0,0,true,0,0,45,9,0,1,8,9,0,1,8,0.375,0,0,0,0,0.8,2.9387690682262906,0,0,0,
298,0.5,simple-random-sample,1,500,69,67,364,1,1,1,Clumped-Poisson,5,3,Randomly placed,1.93,45,0,0,0,0,true,0,0,45,11,1,1,9,11,1,1,9,0.375,0,0,0,0,0.9777777777777777,3.2814965159088425,0,0,0,
296,0.5,simple-random-sample,1,500,58,76,366,1,1,1,Clumped-Poisson,5,3,Randomly placed,2.202,45,0,0,0,0,true,0,0,45,7,1,1,5,7,1,1,5,0.375,0,0,0,0,0.6222222222222222,4.324499820938683,0,0,0,
299,0.5,simple-random-sample,1,500,55,62,383,1,1,1,Clumped-Poisson,5,3,Randomly placed,2.358,45,0,0,0,0,true,0,0,45,13,0,2,11,13,0,2,11,0.375,0,0,0,0,1.1555555555555554,3.184736999806165,0,0,0,
297,0.5,simple-random-sample,1,500,49,98,353,1,1,1,Clumped-Poisson,5,3,Randomly placed,1.874,45,0,0,0,0,true,0,0,45,13,1,2,10,13,1,2,10,0.375,0,0,0,0,1.1555555555555554,2.9169516241853497,0,0,0,
291,0.5,simple-random-sample,1,500,41,76,383,1,1,1,Clumped-Poisson,5,3,Randomly placed,2.29,45,0,0,0,0,true,0,0,45,6,0,0,6,6,0,0,6,0.375,0,0,0,0,0.5333333333333333,2.5783186910712326,0,0,0,
293,0.5,simple-random-sample,1,500,50,74,376,1,1,1,Clumped-Poisson,5,3,Randomly placed,1.906,45,0,0,0,0,true,0,0,45,7,0,2,5,7,0,2,5,0.375,0,0,0,0,0.6222222222222222,3.344754706182041,0,0,0,
288,0.5,simple-random-sample,1,500,47,82,371,1,1,1,Clumped-Poisson,5,3,Randomly placed,2.022,45,0,0,0,0,true,0,0,45,13,1,1,11,13,1,1,11,0.375,0,0,0,0,1.1555555555555554,2.2892620683626186,0,0,0,
300,0.5,simple-random-sample,1,500,59,84,357,1,1,1,Clumped-Poisson,5,3,Randomly placed,2.25,45,0,0,0,0,true,0,0,45,8,0,2,6,8,0,2,6,0.375,0,0,0,0,0.7111111111111111,3.2377391101592066,0,0,0,
307,0.5,simple-random-sample,7,3500,350,517,2633,1,1,1,Clumped-Poisson,5,3,Randomly placed,10.096857142857143,45,0,0,0,0,true,0,0,45,65,5,14,46,65,5,14,46,0.375,0,0,0,0,5.777777777777778,1.829028966619058,0,0,0,
304,0.5,simple-random-sample,7,3500,395,509,2596,1,1,1,Clumped-Poisson,5,3,Randomly placed,9.598571428571429,45,0,0,0,0,true,0,0,45,48,8,4,36,48,8,4,36,0.375,0,0,0,0,4.266666666666667,1.9003961907502818,0,0,0,
308,0.5,simple-random-sample,7,3500,380,525,2595,1,1,1,Clumped-Poisson,5,3,Randomly placed,11.441999999999998,45,0,0,0,0,true,0,0,45,59,11,8,40,59,11,8,40,0.375,0,0,0,0,5.2444444444444445,2.1986882397721392,0,0,0,
309,0.5,simple-random-sample,7,3500,358,556,2586,1,1,1,Clumped-Poisson,5,3,Randomly placed,9.640857142857143,45,0,0,0,0,true,0,0,45,38,3,8,27,38,3,8,27,0.375,0,0,0,0,3.3777777777777778,2.706964492105692,0,0,0,
310,0.5,simple-random-sample,7,3500,374,527,2599,1,1,1,Clumped-Poisson,5,3,Randomly placed,9.266,45,0,0,0,0,true,0,0,45,103,14,13,76,103,14,13,76,0.375,0,0,0,0,9.155555555555555,1.8550365475202253,0,0,0,
301,0.5,simple-random-sample,7,3500,355,540,2605,1,1,1,Clumped-Poisson,5,3,Randomly placed,9.335142857142857,45,0,0,0,0,true,0,0,45,77,7,13,57,77,7,13,57,0.375,0,0,0,0,6.844444444444444,2.366119587663817,0,0,0,
306,0.5,simple-random-sample,7,3500,344,506,2650,1,1,1,Clumped-Poisson,5,3,Randomly placed,8.28657142857143,45,0,0,0,0,true,0,0,45,114,17,11,86,114,17,11,86,0.375,0,0,0,0,10.133333333333333,1.7544507563793468,0,0,0,
305,0.5,simple-random-sample,7,3500,359,522,2619,1,1,1,Clumped-Poisson,5,3,Randomly placed,11.046000000000001,45,0,0,0,0,true,0,0,45,62,4,9,49,62,4,9,49,0.375,0,0,0,0,5.511111111111111,3.164810043118653,0,0,0,
311,0.5,simple-random-sample,7,3500,389,497,2614,1,1,1,Clumped-Poisson,5,3,Randomly placed,8.794571428571428,45,0,0,0,0,true,0,0,45,57,5,7,45,57,5,7,45,0.375,0,0,0,0,5.066666666666666,2.4588018161680165,0,0,0,
315,0.5,simple-random-sample,7,3500,357,547,2596,1,1,1,Clumped-Poisson,5,3,Randomly placed,10.198571428571428,45,0,0,0,0,true,0,0,45,75,9,14,52,75,9,14,52,0.375,0,0,0,0,6.666666666666667,1.836003565058927,0,0,0,
316,0.5,simple-random-sample,7,3500,363,554,2583,1,1,1,Clumped-Poisson,5,3,Randomly placed,9.623142857142856,45,0,0,0,0,true,0,0,45,64,3,9,52,64,3,9,52,0.375,0,0,0,0,5.688888888888889,2.1593280278735394,0,0,0,
303,0.5,simple-random-sample,7,3500,339,494,2667,1,1,1,Clumped-Poisson,5,3,Randomly placed,8.849428571428572,45,0,0,0,0,true,0,0,45,60,5,3,52,60,5,3,52,0.375,0,0,0,0,5.333333333333333,2.6804214390481778,0,0,0,
302,0.5,simple-random-sample,7,3500,358,513,2629,1,1,1,Clumped-Poisson,5,3,Randomly placed,9.860285714285714,45,0,0,0,0,true,0,0,45,54,8,7,39,54,8,7,39,0.375,0,0,0,0,4.8,2.006932429798716,0,0,0,
320,0.5,simple-random-sample,7,3500,352,513,2635,1,1,1,Clumped-Poisson,5,3,Randomly placed,8.138571428571428,45,0,0,0,0,true,0,0,45,55,5,12,38,55,5,12,38,0.375,0,0,0,0,4.888888888888889,2.5748742611156703,0,0,0,
323,0.5,simple-random-sample,7,3500,360,546,2594,1,1,1,Clumped-Poisson,5,3,Randomly placed,6.655142857142857,45,0,0,0,0,true,0,0,45,98,12,22,64,98,12,22,64,0.375,0,0,0,0,8.71111111111111,1.6564462353109854,0,0,0,
325,0.5,simple-random-sample,7,3500,360,520,2620,1,1,1,Clumped-Poisson,5,3,Randomly placed,8.574571428571428,45,0,0,0,0,true,0,0,45,58,5,7,46,58,5,7,46,0.375,0,0,0,0,5.155555555555556,2.154341532625635,0,0,0,
318,0.5,simple-random-sample,7,3500,331,497,2672,1,1,1,Clumped-Poisson,5,3,Randomly placed,7.730571428571428,45,0,0,0,0,true,0,0,45,41,6,7,28,41,6,7,28,0.375,0,0,0,0,3.6444444444444444,2.3379269301805947,0,0,0,
317,0.5,simple-random-sample,7,3500,343,557,2600,1,1,1,Clumped-Poisson,5,3,Randomly placed,8.339142857142857,45,0,0,0,0,true,0,0,45,74,12,14,48,74,12,14,48,0.375,0,0,0,0,6.5777777777777775,2.439868853833331,0,0,0,
319,0.5,simple-random-sample,7,3500,327,515,2658,1,1,1,Clumped-Poisson,5,3,Randomly placed,9.228285714285715,45,0,0,0,0,true,0,0,45,70,6,11,53,70,6,11,53,0.375,0,0,0,0,6.222222222222222,2.4538882855574924,0,0,0,
321,0.5,simple-random-sample,7,3500,332,536,2632,1,1,1,Clumped-Poisson,5,3,Randomly placed,8.740857142857143,45,0,0,0,0,true,0,0,45,74,6,13,55,74,6,13,55,0.375,0,0,0,0,6.5777777777777775,1.914928629692637,0,0,0,
312,0.5,simple-random-sample,7,3500,356,520,2624,1,1,1,Clumped-Poisson,5,3,Randomly placed,11.22942857142857,45,0,0,0,0,true,0,0,45,36,4,8,24,36,4,8,24,0.375,0,0,0,0,3.2,2.9022914144767484,0,0,0,
324,0.5,simple-random-sample,7,3500,369,522,2609,1,1,1,Clumped-Poisson,5,3,Randomly placed,12.587142857142856,45,0,0,0,0,true,0,0,45,55,10,6,39,55,10,6,39,0.375,0,0,0,0,4.888888888888889,1.9179252501633435,0,0,0,
322,0.5,simple-random-sample,7,3500,350,530,2620,1,1,1,Clumped-Poisson,5,3,Randomly placed,6.288857142857142,45,0,0,0,0,true,0,0,45,37,6,6,25,37,6,6,25,0.375,0,0,0,0,3.2888888888888888,2.127017817150355,0,0,0,
313,0.5,simple-random-sample,7,3500,362,517,2621,1,1,1,Clumped-Poisson,5,3,Randomly placed,7.759142857142857,45,0,0,0,0,true,0,0,45,82,10,12,60,82,10,12,60,0.375,0,0,0,0,7.288888888888889,1.453297902407696,0,0,0,
327,0.5,simple-random-sample,7,3500,355,513,2632,1,1,1,Clumped-Poisson,5,3,Randomly placed,9.976285714285714,45,0,0,0,0,true,0,0,45,50,5,5,40,50,5,5,40,0.375,0,0,0,0,4.444444444444445,2.866816416102776,0,0,0,
328,0.5,simple-random-sample,7,3500,314,508,2678,1,1,1,Clumped-Poisson,5,3,Randomly placed,14.295714285714284,45,0,0,0,0,true,0,0,45,85,14,14,57,85,14,14,57,0.375,0,0,0,0,7.555555555555555,3.0437979371753543,0,0,0,
326,0.5,simple-random-sample,7,3500,345,490,2665,1,1,1,Clumped-Poisson,5,3,Randomly placed,12.984857142857143,45,0,0,0,0,true,0,0,45,84,6,10,68,84,6,10,68,0.375,0,0,0,0,7.466666666666667,2.8014043655450735,0,0,0,
314,0.5,simple-random-sample,7,3500,342,536,2622,1,1,1,Clumped-Poisson,5,3,Randomly placed,14.399714285714285,45,0,0,0,0,true,0,0,45,43,5,4,34,43,5,4,34,0.375,0,0,0,0,3.8222222222222224,2.5919588444760824,0,0,0,
331,0.5,simple-random-sample,7,3500,362,545,2593,1,1,1,Clumped-Poisson,5,3,Randomly placed,15.632285714285715,45,0,0,0,0,true,0,0,45,57,4,8,45,57,4,8,45,0.375,0,0,0,0,5.066666666666666,4.680889635141887,0,0,0,
333,0.5,simple-random-sample,7,3500,341,493,2666,1,1,1,Clumped-Poisson,5,3,Randomly placed,9.710571428571429,45,0,0,0,0,true,0,0,45,83,5,10,68,83,5,10,68,0.375,0,0,0,0,7.377777777777778,2.5923156743658535,0,0,0,
332,0.5,simple-random-sample,7,3500,338,559,2603,1,1,1,Clumped-Poisson,5,3,Randomly placed,10.319142857142856,45,0,0,0,0,true,0,0,45,94,11,16,67,94,11,16,67,0.375,0,0,0,0,8.355555555555556,2.1886095893620485,0,0,0,
330,0.5,simple-random-sample,7,3500,349,567,2584,1,1,1,Clumped-Poisson,5,3,Randomly placed,8.414,45,0,0,0,0,true,0,0,45,43,3,11,29,43,3,11,29,0.375,0,0,0,0,3.8222222222222224,2.6110942281903786,0,0,0,
339,0.5,simple-random-sample,7,3500,337,559,2604,1,1,1,Clumped-Poisson,5,3,Randomly placed,6.67,45,0,0,0,0,true,0,0,45,84,11,3,70,84,11,3,70,0.375,0,0,0,0,7.466666666666667,1.9670140438259542,0,0,0,
335,0.5,simple-random-sample,7,3500,374,504,2622,1,1,1,Clumped-Poisson,5,3,Randomly placed,11.878,45,0,0,0,0,true,0,0,45,49,10,5,34,49,10,5,34,0.375,0,0,0,0,4.355555555555555,3.257658600204791,0,0,0,
337,0.5,simple-random-sample,7,3500,367,540,2593,1,1,1,Clumped-Poisson,5,3,Randomly placed,8.053428571428572,45,0,0,0,0,true,0,0,45,65,8,21,36,65,8,21,36,0.375,0,0,0,0,5.777777777777778,2.1366697730823723,0,0,0,
338,0.5,simple-random-sample,7,3500,346,562,2592,1,1,1,Clumped-Poisson,5,3,Randomly placed,7.378571428571428,45,0,0,0,0,true,0,0,45,89,6,24,59,89,6,24,59,0.375,0,0,0,0,7.911111111111111,1.8748472065919273,0,0,0,
341,0.5,simple-random-sample,7,3500,349,542,2609,1,1,1,Clumped-Poisson,5,3,Randomly placed,7.451142857142857,45,0,0,0,0,true,0,0,45,73,10,9,54,73,10,9,54,0.375,0,0,0,0,6.488888888888889,1.9013032887308075,0,0,0,
334,0.5,simple-random-sample,7,3500,388,546,2566,1,1,1,Clumped-Poisson,5,3,Randomly placed,7.134571428571428,45,0,0,0,0,true,0,0,45,50,5,7,38,50,5,7,38,0.375,0,0,0,0,4.444444444444445,2.7420960794784186,0,0,0,
329,0.5,simple-random-sample,7,3500,337,487,2676,1,1,1,Clumped-Poisson,5,3,Randomly placed,8.97,45,0,0,0,0,true,0,0,45,87,9,12,66,87,9,12,66,0.375,0,0,0,0,7.733333333333333,2.484031805210289,0,0,0,
336,0.5,simple-random-sample,7,3500,332,527,2641,1,1,1,Clumped-Poisson,5,3,Randomly placed,9.711142857142857,45,0,0,0,0,true,0,0,45,99,8,20,71,99,8,20,71,0.375,0,0,0,0,8.8,2.9515242022476764,0,0,0,
345,0.5,simple-random-sample,7,3500,327,522,2651,1,1,1,Clumped-Poisson,5,3,Randomly placed,7.585428571428571,45,0,0,0,0,true,0,0,45,63,4,6,53,63,4,6,53,0.375,0,0,0,0,5.6,2.7301314640069387,0,0,0,
342,0.5,simple-random-sample,7,3500,374,546,2580,1,1,1,Clumped-Poisson,5,3,Randomly placed,9.012285714285714,45,0,0,0,0,true,0,0,45,75,6,12,57,75,6,12,57,0.375,0,0,0,0,6.666666666666667,2.014492943194842,0,0,0,
346,0.5,simple-random-sample,7,3500,341,509,2650,1,1,1,Clumped-Poisson,5,3,Randomly placed,11.694571428571427,45,0,0,0,0,true,0,0,45,75,8,8,59,75,8,8,59,0.375,0,0,0,0,6.666666666666667,1.9230657342331843,0,0,0,
351,0.5,simple-random-sample,7,3500,386,496,2618,1,1,1,Clumped-Poisson,5,3,Randomly placed,11.515142857142857,45,0,0,0,0,true,0,0,45,83,13,11,59,83,13,11,59,0.375,0,0,0,0,7.377777777777778,2.0901018111483713,0,0,0,
347,0.5,simple-random-sample,7,3500,371,496,2633,1,1,1,Clumped-Poisson,5,3,Randomly placed,15.228857142857143,45,0,0,0,0,true,0,0,45,52,6,9,37,52,6,9,37,0.375,0,0,0,0,4.622222222222222,2.742523089060336,0,0,0,
343,0.5,simple-random-sample,7,3500,360,508,2632,1,1,1,Clumped-Poisson,5,3,Randomly placed,15.123714285714286,45,0,0,0,0,true,0,0,45,66,8,9,49,66,8,9,49,0.375,0,0,0,0,5.866666666666666,2.3600974778987576,0,0,0,
354,0.5,simple-random-sample,7,3500,353,533,2614,1,1,1,Clumped-Poisson,5,3,Randomly placed,17.579714285714285,45,0,0,0,0,true,0,0,45,76,5,8,63,76,5,8,63,0.375,0,0,0,0,6.7555555555555555,3.396280387929181,0,0,0,
352,0.5,simple-random-sample,7,3500,330,543,2627,1,1,1,Clumped-Poisson,5,3,Randomly placed,8.487714285714286,45,0,0,0,0,true,0,0,45,94,5,16,73,94,5,16,73,0.375,0,0,0,0,8.355555555555556,1.842314076711479,0,0,0,
350,0.5,simple-random-sample,7,3500,356,509,2635,1,1,1,Clumped-Poisson,5,3,Randomly placed,6.323714285714286,45,0,0,0,0,true,0,0,45,72,5,10,57,72,5,10,57,0.375,0,0,0,0,6.4,1.8289807146455797,0,0,0,
349,0.5,simple-random-sample,7,3500,357,524,2619,1,1,1,Clumped-Poisson,5,3,Randomly placed,7.532285714285714,45,0,0,0,0,true,0,0,45,94,10,11,73,94,10,11,73,0.375,0,0,0,0,8.355555555555556,2.331495624396076,0,0,0,
357,0.5,simple-random-sample,7,3500,356,533,2611,1,1,1,Clumped-Poisson,5,3,Randomly placed,8.428285714285714,45,0,0,0,0,true,0,0,45,84,7,11,66,84,7,11,66,0.375,0,0,0,0,7.466666666666667,2.34793804853905,0,0,0,
340,0.5,simple-random-sample,7,3500,375,520,2605,1,1,1,Clumped-Poisson,5,3,Randomly placed,12.591142857142858,45,0,0,0,0,true,0,0,45,47,7,6,34,47,7,6,34,0.375,0,0,0,0,4.177777777777778,4.1380977312588865,0,0,0,
348,0.5,simple-random-sample,7,3500,318,505,2677,1,1,1,Clumped-Poisson,5,3,Randomly placed,7.788285714285714,45,0,0,0,0,true,0,0,45,52,5,10,37,52,5,10,37,0.375,0,0,0,0,4.622222222222222,2.3981926525873924,0,0,0,
358,0.5,simple-random-sample,7,3500,342,538,2620,1,1,1,Clumped-Poisson,5,3,Randomly placed,11.774000000000001,45,0,0,0,0,true,0,0,45,52,3,13,36,52,3,13,36,0.375,0,0,0,0,4.622222222222222,2.6477963880836435,0,0,0,
353,0.5,simple-random-sample,7,3500,332,506,2662,1,1,1,Clumped-Poisson,5,3,Randomly placed,10.328285714285714,45,0,0,0,0,true,0,0,45,104,11,11,82,104,11,11,82,0.375,0,0,0,0,9.244444444444444,2.0541437279517174,0,0,0,
356,0.5,simple-random-sample,7,3500,350,522,2628,1,1,1,Clumped-Poisson,5,3,Randomly placed,7.793428571428572,45,0,0,0,0,true,0,0,45,68,6,5,57,68,6,5,57,0.375,0,0,0,0,6.044444444444444,1.59387923212703,0,0,0,
360,0.5,simple-random-sample,7,3500,372,520,2608,1,1,1,Clumped-Poisson,5,3,Randomly placed,8.041428571428572,45,0,0,0,0,true,0,0,45,90,10,14,66,90,10,14,66,0.375,0,0,0,0,8,2.486326242032244,0,0,0,
359,0.5,simple-random-sample,7,3500,355,500,2645,1,1,1,Clumped-Poisson,5,3,Randomly placed,6.929428571428572,45,0,0,0,0,true,0,0,45,108,10,15,83,108,10,15,83,0.375,0,0,0,0,9.6,2.2689994680163736,0,0,0,
364,0.5,simple-random-sample,7,3500,321,548,2631,1,1,1,Clumped-Poisson,5,3,Randomly placed,6.361428571428571,45,0,0,0,0,true,0,0,45,72,5,16,51,72,5,16,51,0.375,0,0,0,0,6.4,2.0530949475453797,0,0,0,
365,0.5,simple-random-sample,7,3500,312,567,2621,1,1,1,Clumped-Poisson,5,3,Randomly placed,7.6814285714285715,45,0,0,0,0,true,0,0,45,81,6,9,66,81,6,9,66,0.375,0,0,0,0,7.2,2.322848013887886,0,0,0,
361,0.5,simple-random-sample,7,3500,347,518,2635,1,1,1,Clumped-Poisson,5,3,Randomly placed,9.38942857142857,45,0,0,0,0,true,0,0,45,90,8,9,73,90,8,9,73,0.375,0,0,0,0,8,2.0615528128088303,0,0,0,
363,0.5,simple-random-sample,7,3500,353,504,2643,1,1,1,Clumped-Poisson,5,3,Randomly placed,7.209428571428572,45,0,0,0,0,true,0,0,45,139,19,14,106,139,19,14,106,0.375,0,0,0,0,12.355555555555556,1.827217749391212,0,0,0,
370,0.5,simple-random-sample,7,3500,335,502,2663,1,1,1,Clumped-Poisson,5,3,Randomly placed,10.977428571428572,45,0,0,0,0,true,0,0,45,100,11,13,76,100,11,13,76,0.375,0,0,0,0,8.88888888888889,2.56878110465574,0,0,0,
367,0.5,simple-random-sample,7,3500,356,554,2590,1,1,1,Clumped-Poisson,5,3,Randomly placed,10.599142857142857,45,0,0,0,0,true,0,0,45,78,9,10,59,78,9,10,59,0.375,0,0,0,0,6.933333333333334,2.6677198924215646,0,0,0,
374,0.5,simple-random-sample,7,3500,355,501,2644,1,1,1,Clumped-Poisson,5,3,Randomly placed,12.316285714285714,45,0,0,0,0,true,0,0,45,26,2,3,21,26,2,3,21,0.375,0,0,0,0,2.311111111111111,3.053780979030088,0,0,0,
372,0.5,simple-random-sample,7,3500,322,570,2608,1,1,1,Clumped-Poisson,5,3,Randomly placed,8.157428571428571,45,0,0,0,0,true,0,0,45,44,3,9,32,44,3,9,32,0.375,0,0,0,0,3.911111111111111,2.2606341487113886,0,0,0,
373,0.5,simple-random-sample,7,3500,355,493,2652,1,1,1,Clumped-Poisson,5,3,Randomly placed,7.451142857142857,45,0,0,0,0,true,0,0,45,95,3,17,75,95,3,17,75,0.375,0,0,0,0,8.444444444444445,1.8845419504836485,0,0,0,
362,0.5,simple-random-sample,7,3500,332,544,2624,1,1,1,Clumped-Poisson,5,3,Randomly placed,8.808857142857143,45,0,0,0,0,true,0,0,45,78,7,10,61,78,7,10,61,0.375,0,0,0,0,6.933333333333334,2.0113482507776714,0,0,0,
366,0.5,simple-random-sample,7,3500,381,480,2639,1,1,1,Clumped-Poisson,5,3,Randomly placed,7.609428571428571,45,0,0,0,0,true,0,0,45,58,8,9,41,58,8,9,41,0.375,0,0,0,0,5.155555555555556,3.5074950248066425,0,0,0,
368,0.5,simple-random-sample,7,3500,345,520,2635,1,1,1,Clumped-Poisson,5,3,Randomly placed,11.102,45,0,0,0,0,true,0,0,45,86,10,10,66,86,10,10,66,0.375,0,0,0,0,7.644444444444445,2.0655570996855923,0,0,0,
377,0.5,simple-random-sample,7,3500,355,505,2640,1,1,1,Clumped-Poisson,5,3,Randomly placed,10.40542857142857,45,0,0,0,0,true,0,0,45,104,7,17,80,104,7,17,80,0.375,0,0,0,0,9.244444444444444,2.0291340563963063,0,0,0,
371,0.5,simple-random-sample,7,3500,345,514,2641,1,1,1,Clumped-Poisson,5,3,Randomly placed,8.458,45,0,0,0,0,true,0,0,45,97,8,14,75,97,8,14,75,0.375,0,0,0,0,8.622222222222222,2.1487208125872717,0,0,0,
355,0.5,simple-random-sample,7,3500,331,502,2667,1,1,1,Clumped-Poisson,5,3,Randomly placed,10.69,45,0,0,0,0,true,0,0,45,95,7,14,74,95,7,14,74,0.375,0,0,0,0,8.444444444444445,2.272208452491521,0,0,0,
376,0.5,simple-random-sample,7,3500,355,474,2671,1,1,1,Clumped-Poisson,5,3,Randomly placed,8.992857142857144,45,0,0,0,0,true,0,0,45,99,9,16,74,99,9,16,74,0.375,0,0,0,0,8.8,2.1940942520267592,0,0,0,
375,0.5,simple-random-sample,7,3500,333,540,2627,1,1,1,Clumped-Poisson,5,3,Randomly placed,9.004857142857142,45,0,0,0,0,true,0,0,45,66,6,11,49,66,6,11,49,0.375,0,0,0,0,5.866666666666666,2.5659959248606006,0,0,0,
344,0.5,simple-random-sample,7,3500,340,502,2658,1,1,1,Clumped-Poisson,5,3,Randomly placed,10.856857142857143,45,0,0,0,0,true,0,0,45,23,4,2,17,23,4,2,17,0.375,0,0,0,0,2.0444444444444443,2.2702942811550217,0,0,0,
380,0.5,simple-random-sample,7,3500,299,526,2675,1,1,1,Clumped-Poisson,5,3,Randomly placed,10.384857142857143,45,0,0,0,0,true,0,0,45,128,9,26,93,128,9,26,93,0.375,0,0,0,0,11.377777777777778,2.1410383953017402,0,0,0,
382,0.5,simple-random-sample,7,3500,367,552,2581,1,1,1,Clumped-Poisson,5,3,Randomly placed,6.400285714285714,45,0,0,0,0,true,0,0,45,45,3,8,34,45,3,8,34,0.375,0,0,0,0,4,1.834021909257456,0,0,0,
386,0.5,simple-random-sample,7,3500,360,540,2600,1,1,1,Clumped-Poisson,5,3,Randomly placed,15.346571428571428,45,0,0,0,0,true,0,0,45,103,10,13,80,103,10,13,80,0.375,0,0,0,0,9.155555555555555,2.031397985874773,0,0,0,
379,0.5,simple-random-sample,7,3500,395,527,2578,1,1,1,Clumped-Poisson,5,3,Randomly placed,10.540285714285714,45,0,0,0,0,true,0,0,45,67,6,7,54,67,6,7,54,0.375,0,0,0,0,5.955555555555556,2.2894210608845533,0,0,0,
378,0.5,simple-random-sample,7,3500,338,495,2667,1,1,1,Clumped-Poisson,5,3,Randomly placed,21.338,45,0,0,0,0,true,0,0,45,40,5,5,30,40,5,5,30,0.375,0,0,0,0,3.5555555555555554,2.6732577163793656,0,0,0,
388,0.5,simple-random-sample,7,3500,321,525,2654,1,1,1,Clumped-Poisson,5,3,Randomly placed,12.351714285714285,45,0,0,0,0,true,0,0,45,84,6,10,68,84,6,10,68,0.375,0,0,0,0,7.466666666666667,2.448566465618028,0,0,0,
387,0.5,simple-random-sample,7,3500,339,530,2631,1,1,1,Clumped-Poisson,5,3,Randomly placed,12.330571428571428,45,0,0,0,0,true,0,0,45,50,4,6,40,50,4,6,40,0.375,0,0,0,0,4.444444444444445,2.3043437243605824,0,0,0,
383,0.5,simple-random-sample,7,3500,343,559,2598,1,1,1,Clumped-Poisson,5,3,Randomly placed,9.654,45,0,0,0,0,true,0,0,45,107,11,14,82,107,11,14,82,0.375,0,0,0,0,9.511111111111111,2.9484126498340397,0,0,0,
390,0.5,simple-random-sample,7,3500,359,524,2617,1,1,1,Clumped-Poisson,5,3,Randomly placed,13.590571428571428,45,0,0,0,0,true,0,0,45,108,7,13,88,108,7,13,88,0.375,0,0,0,0,9.6,1.9652119684166596,0,0,0,
401,0.5,simple-random-sample,0.01,5,0,1,4,0.7,0.7,0.7,Clumped-Poisson,5,3,Randomly placed,0.9975000000000216,45,0,0,0,0,true,0,0,45,1,0,0,1,1,0,0,1,0.375,0,0,0,0,0.08888888888888889,6.70820393249937,0,0,0,
393,0.5,simple-random-sample,7,3500,348,521,2631,1,1,1,Clumped-Poisson,5,3,Randomly placed,7.7379999999999995,45,0,0,0,0,true,0,0,45,61,10,8,43,61,10,8,43,0.375,0,0,0,0,5.4222222222222225,2.4067089415719187,0,0,0,
385,0.5,simple-random-sample,7,3500,320,516,2664,1,1,1,Clumped-Poisson,5,3,Randomly placed,11.259714285714285,45,0,0,0,0,true,0,0,45,60,2,12,46,60,2,12,46,0.375,0,0,0,0,5.333333333333333,2.3005681116549526,0,0,0,
381,0.5,simple-random-sample,7,3500,361,488,2651,1,1,1,Clumped-Poisson,5,3,Randomly placed,14.058000000000002,45,0,0,0,0,true,0,0,45,110,7,13,90,110,7,13,90,0.375,0,0,0,0,9.777777777777779,2.6648856123334705,0,0,0,
402,0.5,simple-random-sample,0.01,5,1,1,3,0.7,0.7,0.7,Clumped-Poisson,5,3,Randomly placed,0.997500000000073,45,0,0,0,0,true,0,0,45,0,0,0,0,0,0,0,0,0.375,0,0,0,0,0,NA,0,0,0,
404,0.5,simple-random-sample,0.01,5,0,0,5,0.7,0.7,0.7,Clumped-Poisson,5,3,Randomly placed,0.9975000000000414,45,0,0,0,0,true,0,0,45,0,0,0,0,0,0,0,0,0.375,0,0,0,0,0,NA,0,0,0,
403,0.5,simple-random-sample,0.01,5,1,0,4,0.7,0.7,0.7,Clumped-Poisson,5,3,Randomly placed,0.9975000000000465,45,0,0,0,0,true,0,0,45,0,0,0,0,0,0,0,0,0.375,0,0,0,0,0,NA,0,0,0,
406,0.5,simple-random-sample,0.01,5,1,0,4,0.7,0.7,0.7,Clumped-Poisson,5,3,Randomly placed,0.997500000000023,45,0,0,0,0,true,0,0,45,0,0,0,0,0,0,0,0,0.375,0,0,0,0,0,NA,0,0,0,
405,0.5,simple-random-sample,0.01,5,2,1,2,0.7,0.7,0.7,Clumped-Poisson,5,3,Randomly placed,0.997500000000044,45,0,0,0,0,true,0,0,45,0,0,0,0,0,0,0,0,0.375,0,0,0,0,0,NA,0,0,0,
369,0.5,simple-random-sample,7,3500,355,499,2646,1,1,1,Clumped-Poisson,5,3,Randomly placed,7.322,45,0,0,0,0,true,0,0,45,106,9,15,82,106,9,15,82,0.375,0,0,0,0,9.422222222222222,1.95206562704859,0,0,0,
407,0.5,simple-random-sample,0.01,5,0,0,5,0.7,0.7,0.7,Clumped-Poisson,5,3,Randomly placed,0.9975000000000381,45,0,0,0,0,true,0,0,45,0,0,0,0,0,0,0,0,0.375,0,0,0,0,0,NA,0,0,0,
408,0.5,simple-random-sample,0.01,5,1,1,3,0.7,0.7,0.7,Clumped-Poisson,5,3,Randomly placed,0.9975000000000176,45,0,0,0,0,true,0,0,45,0,0,0,0,0,0,0,0,0.375,0,0,0,0,0,NA,0,0,0,
410,0.5,simple-random-sample,0.01,5,0,0,5,0.7,0.7,0.7,Clumped-Poisson,5,3,Randomly placed,0.9975000000000249,45,0,0,0,0,true,0,0,45,0,0,0,0,0,0,0,0,0.375,0,0,0,0,0,NA,0,0,0,
409,0.5,simple-random-sample,0.01,5,0,2,3,0.7,0.7,0.7,Clumped-Poisson,5,3,Randomly placed,0.9975000000000401,45,0,0,0,0,true,0,0,45,0,0,0,0,0,0,0,0,0.375,0,0,0,0,0,NA,0,0,0,
389,0.5,simple-random-sample,7,3500,341,508,2651,1,1,1,Clumped-Poisson,5,3,Randomly placed,11.359714285714286,45,0,0,0,0,true,0,0,45,20,3,3,14,20,3,3,14,0.375,0,0,0,0,1.7777777777777777,2.6078988407598107,0,0,0,
411,0.5,simple-random-sample,0.01,5,0,0,5,0.7,0.7,0.7,Clumped-Poisson,5,3,Randomly placed,0.9975000000000391,45,0,0,0,0,true,0,0,45,0,0,0,0,0,0,0,0,0.375,0,0,0,0,0,NA,0,0,0,
412,0.5,simple-random-sample,0.01,5,1,0,4,0.7,0.7,0.7,Clumped-Poisson,5,3,Randomly placed,0.9975000000000542,45,0,0,0,0,true,0,0,45,0,0,0,0,0,0,0,0,0.375,0,0,0,0,0,NA,0,0,0,
397,0.5,simple-random-sample,7,3500,364,535,2601,1,1,1,Clumped-Poisson,5,3,Randomly placed,8.039142857142858,45,0,0,0,0,true,0,0,45,105,10,18,77,105,10,18,77,0.375,0,0,0,0,9.333333333333334,1.9934959177349663,0,0,0,
413,0.5,simple-random-sample,0.01,5,0,0,5,0.7,0.7,0.7,Clumped-Poisson,5,3,Randomly placed,0.997500000000015,45,0,0,0,0,true,0,0,45,0,0,0,0,0,0,0,0,0.375,0,0,0,0,0,NA,0,0,0,
414,0.5,simple-random-sample,0.01,5,0,4,1,0.7,0.7,0.7,Clumped-Poisson,5,3,Randomly placed,0.9975000000000466,45,0,0,0,0,true,0,0,45,1,0,1,0,1,0,1,0,0.375,0,0,0,0,0.08888888888888889,6.70820393249937,0,0,0,
416,0.5,simple-random-sample,0.01,5,0,0,5,0.7,0.7,0.7,Clumped-Poisson,5,3,Randomly placed,0.997500000000033,45,0,0,0,0,true,0,0,45,0,0,0,0,0,0,0,0,0.375,0,0,0,0,0,NA,0,0,0,
418,0.5,simple-random-sample,0.01,5,0,0,5,0.7,0.7,0.7,Clumped-Poisson,5,3,Randomly placed,0.997500000000012,45,0,0,0,0,true,0,0,45,0,0,0,0,0,0,0,0,0.375,0,0,0,0,0,NA,0,0,0,
417,0.5,simple-random-sample,0.01,5,0,1,4,0.7,0.7,0.7,Clumped-Poisson,5,3,Randomly placed,0.9975000000000434,45,0,0,0,0,true,0,0,45,0,0,0,0,0,0,0,0,0.375,0,0,0,0,0,NA,0,0,0,
420,0.5,simple-random-sample,0.01,5,1,0,4,0.7,0.7,0.7,Clumped-Poisson,5,3,Randomly placed,0.9975000000000348,45,0,0,0,0,true,0,0,45,0,0,0,0,0,0,0,0,0.375,0,0,0,0,0,NA,0,0,0,
419,0.5,simple-random-sample,0.01,5,2,0,3,0.7,0.7,0.7,Clumped-Poisson,5,3,Randomly placed,0.9975000000000573,45,0,0,0,0,true,0,0,45,1,1,0,0,1,1,0,0,0.375,0,0,0,0,0.08888888888888889,6.708203932499369,0,0,0,
394,0.5,simple-random-sample,7,3500,350,529,2621,1,1,1,Clumped-Poisson,5,3,Randomly placed,8.628285714285715,45,0,0,0,0,true,0,0,45,57,6,10,41,57,6,10,41,0.375,0,0,0,0,5.066666666666666,2.5213767509481015,0,0,0,
415,0.5,simple-random-sample,0.01,5,0,2,3,0.7,0.7,0.7,Clumped-Poisson,5,3,Randomly placed,0.9975000000000204,45,0,0,0,0,true,0,0,45,0,0,0,0,0,0,0,0,0.375,0,0,0,0,0,NA,0,0,0,
384,0.5,simple-random-sample,7,3500,380,562,2558,1,1,1,Clumped-Poisson,5,3,Randomly placed,13.063714285714285,45,0,0,0,0,true,0,0,45,33,0,9,24,33,0,9,24,0.375,0,0,0,0,2.933333333333333,3.1500778137861314,0,0,0,
426,0.5,simple-random-sample,0.01,5,1,1,3,0.7,0.7,0.7,Clumped-Poisson,5,3,Randomly placed,0.9975000000000123,45,0,0,0,0,true,0,0,45,0,0,0,0,0,0,0,0,0.375,0,0,0,0,0,NA,0,0,0,
396,0.5,simple-random-sample,7,3500,346,500,2654,1,1,1,Clumped-Poisson,5,3,Randomly placed,9.472857142857142,45,0,0,0,0,true,0,0,45,58,4,8,46,58,4,8,46,0.375,0,0,0,0,5.155555555555556,2.0701407320576704,0,0,0,
421,0.5,simple-random-sample,0.01,5,0,0,5,0.7,0.7,0.7,Clumped-Poisson,5,3,Randomly placed,0.9975000000000421,45,0,0,0,0,true,0,0,45,0,0,0,0,0,0,0,0,0.375,0,0,0,0,0,NA,0,0,0,
423,0.5,simple-random-sample,0.01,5,1,2,2,0.7,0.7,0.7,Clumped-Poisson,5,3,Randomly placed,0.9975000000000184,45,0,0,0,0,true,0,0,45,0,0,0,0,0,0,0,0,0.375,0,0,0,0,0,NA,0,0,0,
399,0.5,simple-random-sample,7,3500,340,514,2646,1,1,1,Clumped-Poisson,5,3,Randomly placed,7.760857142857143,45,0,0,0,0,true,0,0,45,82,4,12,66,82,4,12,66,0.375,0,0,0,0,7.288888888888889,1.9692556106160197,0,0,0,
395,0.5,simple-random-sample,7,3500,358,537,2605,1,1,1,Clumped-Poisson,5,3,Randomly placed,9.154,45,0,0,0,0,true,0,0,45,92,9,23,60,92,9,23,60,0.375,0,0,0,0,8.177777777777777,2.234079696364061,0,0,0,
425,0.5,simple-random-sample,0.01,5,0,1,4,0.7,0.7,0.7,Clumped-Poisson,5,3,Randomly placed,0.997500000000045,45,0,0,0,0,true,0,0,45,0,0,0,0,0,0,0,0,0.375,0,0,0,0,0,NA,0,0,0,
400,0.5,simple-random-sample,7,3500,363,555,2582,1,1,1,Clumped-Poisson,5,3,Randomly placed,6.566571428571429,45,0,0,0,0,true,0,0,45,90,14,16,60,90,14,16,60,0.375,0,0,0,0,8,1.9188064472004938,0,0,0,
428,0.5,simple-random-sample,0.01,5,1,0,4,0.7,0.7,0.7,Clumped-Poisson,5,3,Randomly placed,0.9975000000000225,45,0,0,0,0,true,0,0,45,0,0,0,0,0,0,0,0,0.375,0,0,0,0,0,NA,0,0,0,
429,0.5,simple-random-sample,0.01,5,0,0,5,0.7,0.7,0.7,Clumped-Poisson,5,3,Randomly placed,0.9975000000000167,45,0,0,0,0,true,0,0,45,0,0,0,0,0,0,0,0,0.375,0,0,0,0,0,NA,0,0,0,
427,0.5,simple-random-sample,0.01,5,1,1,3,0.7,0.7,0.7,Clumped-Poisson,5,3,Randomly placed,0.9975000000000595,45,0,0,0,0,true,0,0,45,0,0,0,0,0,0,0,0,0.375,0,0,0,0,0,NA,0,0,0,
432,0.5,simple-random-sample,0.01,5,0,2,3,0.7,0.7,0.7,Clumped-Poisson,5,3,Randomly placed,0.99750000000005,45,0,0,0,0,true,0,0,45,0,0,0,0,0,0,0,0,0.375,0,0,0,0,0,NA,0,0,0,
430,0.5,simple-random-sample,0.01,5,0,1,4,0.7,0.7,0.7,Clumped-Poisson,5,3,Randomly placed,0.9975000000000517,45,0,0,0,0,true,0,0,45,0,0,0,0,0,0,0,0,0.375,0,0,0,0,0,NA,0,0,0,
431,0.5,simple-random-sample,0.01,5,0,2,3,0.7,0.7,0.7,Clumped-Poisson,5,3,Randomly placed,1.397500000000043,45,0,0,0,0,true,0,0,45,0,0,0,0,0,0,0,0,0.375,0,0,0,0,0,NA,0,0,0,
422,0.5,simple-random-sample,0.01,5,1,1,3,0.7,0.7,0.7,Clumped-Poisson,5,3,Randomly placed,0.9975000000000341,45,0,0,0,0,true,0,0,45,1,0,0,1,0,0,0,0,0.375,0,0,0,0,0,NA,0,0,0,
424,0.5,simple-random-sample,0.01,5,1,0,4,0.7,0.7,0.7,Clumped-Poisson,5,3,Randomly placed,0.997500000000033,45,0,0,0,0,true,0,0,45,0,0,0,0,0,0,0,0,0.375,0,0,0,0,0,NA,0,0,0,
434,0.5,simple-random-sample,0.01,5,1,1,3,0.7,0.7,0.7,Clumped-Poisson,5,3,Randomly placed,0.9975000000000361,45,0,0,0,0,true,0,0,45,0,0,0,0,0,0,0,0,0.375,0,0,0,0,0,NA,0,0,0,
435,0.5,simple-random-sample,0.01,5,1,0,4,0.7,0.7,0.7,Clumped-Poisson,5,3,Randomly placed,0.9975000000000456,45,0,0,0,0,true,0,0,45,0,0,0,0,0,0,0,0,0.375,0,0,0,0,0,NA,0,0,0,
439,0.5,simple-random-sample,0.01,5,0,1,4,0.7,0.7,0.7,Clumped-Poisson,5,3,Randomly placed,0.9975000000000509,45,0,0,0,0,true,0,0,45,0,0,0,0,0,0,0,0,0.375,0,0,0,0,0,NA,0,0,0,
440,0.5,simple-random-sample,0.01,5,0,1,4,0.7,0.7,0.7,Clumped-Poisson,5,3,Randomly placed,0.997500000000033,45,0,0,0,0,true,0,0,45,0,0,0,0,0,0,0,0,0.375,0,0,0,0,0,NA,0,0,0,
433,0.5,simple-random-sample,0.01,5,0,0,5,0.7,0.7,0.7,Clumped-Poisson,5,3,Randomly placed,0.9975000000000489,45,0,0,0,0,true,0,0,45,1,0,0,1,0,0,0,0,0.375,0,0,0,0,0,NA,0,0,0,
438,0.5,simple-random-sample,0.01,5,1,1,3,0.7,0.7,0.7,Clumped-Poisson,5,3,Randomly placed,0.997500000000044,45,0,0,0,0,true,0,0,45,0,0,0,0,0,0,0,0,0.375,0,0,0,0,0,NA,0,0,0,
441,0.5,simple-random-sample,0.01,5,0,0,5,0.7,0.7,0.7,Clumped-Poisson,5,3,Randomly placed,0.9975000000000216,45,0,0,0,0,true,0,0,45,0,0,0,0,0,0,0,0,0.375,0,0,0,0,0,NA,0,0,0,
437,0.5,simple-random-sample,0.01,5,1,2,2,0.7,0.7,0.7,Clumped-Poisson,5,3,Randomly placed,1.3975000000000235,45,0,0,0,0,true,0,0,45,0,0,0,0,0,0,0,0,0.375,0,0,0,0,0,NA,0,0,0,
442,0.5,simple-random-sample,0.01,5,0,0,5,0.7,0.7,0.7,Clumped-Poisson,5,3,Randomly placed,0.9975000000000342,45,0,0,0,0,true,0,0,45,0,0,0,0,0,0,0,0,0.375,0,0,0,0,0,NA,0,0,0,
436,0.5,simple-random-sample,0.01,5,2,0,3,0.7,0.7,0.7,Clumped-Poisson,5,3,Randomly placed,0.9975000000000278,45,0,0,0,0,true,0,0,45,0,0,0,0,0,0,0,0,0.375,0,0,0,0,0,NA,0,0,0,
445,0.5,simple-random-sample,0.01,5,0,1,4,0.7,0.7,0.7,Clumped-Poisson,5,3,Randomly placed,0.9975000000000483,45,0,0,0,0,true,0,0,45,0,0,0,0,0,0,0,0,0.375,0,0,0,0,0,NA,0,0,0,
446,0.5,simple-random-sample,0.01,5,1,1,3,0.7,0.7,0.7,Clumped-Poisson,5,3,Randomly placed,0.9975000000000216,45,0,0,0,0,true,0,0,45,0,0,0,0,0,0,0,0,0.375,0,0,0,0,0,NA,0,0,0,
443,0.5,simple-random-sample,0.01,5,0,1,4,0.7,0.7,0.7,Clumped-Poisson,5,3,Randomly placed,0.997500000000033,45,0,0,0,0,true,0,0,45,0,0,0,0,0,0,0,0,0.375,0,0,0,0,0,NA,0,0,0,
447,0.5,simple-random-sample,0.01,5,0,3,2,0.7,0.7,0.7,Clumped-Poisson,5,3,Randomly placed,0.9975000000000258,45,0,0,0,0,true,0,0,45,0,0,0,0,0,0,0,0,0.375,0,0,0,0,0,NA,0,0,0,
448,0.5,simple-random-sample,0.01,5,0,2,3,0.7,0.7,0.7,Clumped-Poisson,5,3,Randomly placed,0.9975000000000466,45,0,0,0,0,true,0,0,45,0,0,0,0,0,0,0,0,0.375,0,0,0,0,0,NA,0,0,0,
444,0.5,simple-random-sample,0.01,5,0,0,5,0.7,0.7,0.7,Clumped-Poisson,5,3,Randomly placed,0.9975000000000483,45,0,0,0,0,true,0,0,45,0,0,0,0,0,0,0,0,0.375,0,0,0,0,0,NA,0,0,0,
392,0.5,simple-random-sample,7,3500,365,537,2598,1,1,1,Clumped-Poisson,5,3,Randomly placed,24.954,45,0,0,0,0,true,0,0,45,166,21,35,110,166,21,35,110,0.375,0,0,0,0,14.755555555555556,3.401503188396211,0,0,0,
449,0.5,simple-random-sample,0.01,5,0,1,4,0.7,0.7,0.7,Clumped-Poisson,5,3,Randomly placed,0.997500000000044,45,0,0,0,0,true,0,0,45,0,0,0,0,0,0,0,0,0.375,0,0,0,0,0,NA,0,0,0,
450,0.5,simple-random-sample,0.01,5,0,0,5,0.7,0.7,0.7,Clumped-Poisson,5,3,Randomly placed,0.9975000000000409,45,0,0,0,0,true,0,0,45,0,0,0,0,0,0,0,0,0.375,0,0,0,0,0,NA,0,0,0,
451,0.5,simple-random-sample,0.01,5,0,0,5,0.7,0.7,0.7,Clumped-Poisson,5,3,Randomly placed,0.997500000000033,45,0,0,0,0,true,0,0,45,0,0,0,0,0,0,0,0,0.375,0,0,0,0,0,NA,0,0,0,
452,0.5,simple-random-sample,0.01,5,0,0,5,0.7,0.7,0.7,Clumped-Poisson,5,3,Randomly placed,0.997500000000037,45,0,0,0,0,true,0,0,45,0,0,0,0,0,0,0,0,0.375,0,0,0,0,0,NA,0,0,0,
458,0.5,simple-random-sample,0.01,5,1,1,3,0.7,0.7,0.7,Clumped-Poisson,5,3,Randomly placed,0.9975000000000527,45,0,0,0,0,true,0,0,45,0,0,0,0,0,0,0,0,0.375,0,0,0,0,0,NA,0,0,0,
454,0.5,simple-random-sample,0.01,5,1,2,2,0.7,0.7,0.7,Clumped-Poisson,5,3,Randomly placed,0.9975000000000422,45,0,0,0,0,true,0,0,45,0,0,0,0,0,0,0,0,0.375,0,0,0,0,0,NA,0,0,0,
453,0.5,simple-random-sample,0.01,5,0,1,4,0.7,0.7,0.7,Clumped-Poisson,5,3,Randomly placed,0.9975000000000608,45,0,0,0,0,true,0,0,45,0,0,0,0,0,0,0,0,0.375,0,0,0,0,0,NA,0,0,0,
456,0.5,simple-random-sample,0.01,5,0,0,5,0.7,0.7,0.7,Clumped-Poisson,5,3,Randomly placed,0.9975000000000366,45,0,0,0,0,true,0,0,45,0,0,0,0,0,0,0,0,0.375,0,0,0,0,0,NA,0,0,0,
391,0.5,simple-random-sample,7,3500,368,513,2619,1,1,1,Clumped-Poisson,5,3,Randomly placed,7.6899999999999995,45,0,0,0,0,true,0,0,45,43,4,9,30,43,4,9,30,0.375,0,0,0,0,3.8222222222222224,2.01986301518886,0,0,0,
460,0.5,simple-random-sample,0.01,5,0,0,5,0.7,0.7,0.7,Clumped-Poisson,5,3,Randomly placed,0.9975000000000579,45,0,0,0,0,true,0,0,45,0,0,0,0,0,0,0,0,0.375,0,0,0,0,0,NA,0,0,0,
459,0.5,simple-random-sample,0.01,5,1,2,2,0.7,0.7,0.7,Clumped-Poisson,5,3,Randomly placed,0.9975000000000227,45,0,0,0,0,true,0,0,45,0,0,0,0,0,0,0,0,0.375,0,0,0,0,0,NA,0,0,0,
463,0.5,simple-random-sample,0.01,5,0,2,3,0.7,0.7,0.7,Clumped-Poisson,5,3,Randomly placed,0.9975000000000176,45,0,0,0,0,true,0,0,45,1,0,0,1,1,0,0,1,0.375,0,0,0,0,0.08888888888888889,6.708203932499369,0,0,0,
457,0.5,simple-random-sample,0.01,5,0,0,5,0.7,0.7,0.7,Clumped-Poisson,5,3,Randomly placed,0.997500000000053,45,0,0,0,0,true,0,0,45,0,0,0,0,0,0,0,0,0.375,0,0,0,0,0,NA,0,0,0,
467,0.5,simple-random-sample,0.01,5,1,1,3,0.7,0.7,0.7,Clumped-Poisson,5,3,Randomly placed,0.9975000000000305,45,0,0,0,0,true,0,0,45,0,0,0,0,0,0,0,0,0.375,0,0,0,0,0,NA,0,0,0,
465,0.5,simple-random-sample,0.01,5,0,0,5,0.7,0.7,0.7,Clumped-Poisson,5,3,Randomly placed,0.9975000000000194,45,0,0,0,0,true,0,0,45,0,0,0,0,0,0,0,0,0.375,0,0,0,0,0,NA,0,0,0,
466,0.5,simple-random-sample,0.01,5,0,0,5,0.7,0.7,0.7,Clumped-Poisson,5,3,Randomly placed,0.9975000000000306,45,0,0,0,0,true,0,0,45,0,0,0,0,0,0,0,0,0.375,0,0,0,0,0,NA,0,0,0,
462,0.5,simple-random-sample,0.01,5,0,2,3,0.7,0.7,0.7,Clumped-Poisson,5,3,Randomly placed,0.9975000000000542,45,0,0,0,0,true,0,0,45,0,0,0,0,0,0,0,0,0.375,0,0,0,0,0,NA,0,0,0,
471,0.5,simple-random-sample,0.01,5,0,0,5,0.7,0.7,0.7,Clumped-Poisson,5,3,Randomly placed,0.9975000000000394,45,0,0,0,0,true,0,0,45,0,0,0,0,0,0,0,0,0.375,0,0,0,0,0,NA,0,0,0,
469,0.5,simple-random-sample,0.01,5,1,1,3,0.7,0.7,0.7,Clumped-Poisson,5,3,Randomly placed,0.9975000000000372,45,0,0,0,0,true,0,0,45,1,1,0,0,1,1,0,0,0.375,0,0,0,0,0.08888888888888889,6.708203932499369,0,0,0,
464,0.5,simple-random-sample,0.01,5,0,2,3,0.7,0.7,0.7,Clumped-Poisson,5,3,Randomly placed,0.9975000000000133,45,0,0,0,0,true,0,0,45,0,0,0,0,0,0,0,0,0.375,0,0,0,0,0,NA,0,0,0,
474,0.5,simple-random-sample,0.01,5,0,0,5,0.7,0.7,0.7,Clumped-Poisson,5,3,Randomly placed,0.9975000000000341,45,0,0,0,0,true,0,0,45,0,0,0,0,0,0,0,0,0.375,0,0,0,0,0,NA,0,0,0,
473,0.5,simple-random-sample,0.01,5,0,0,5,0.7,0.7,0.7,Clumped-Poisson,5,3,Randomly placed,0.9975000000000374,45,0,0,0,0,true,0,0,45,0,0,0,0,0,0,0,0,0.375,0,0,0,0,0,NA,0,0,0,
468,0.5,simple-random-sample,0.01,5,0,1,4,0.7,0.7,0.7,Clumped-Poisson,5,3,Randomly placed,0.9975000000000295,45,0,0,0,0,true,0,0,45,1,0,0,1,1,0,0,1,0.375,0,0,0,0,0.08888888888888889,6.708203932499369,0,0,0,
455,0.5,simple-random-sample,0.01,5,0,1,4,0.7,0.7,0.7,Clumped-Poisson,5,3,Randomly placed,0.9975000000000709,45,0,0,0,0,true,0,0,45,0,0,0,0,0,0,0,0,0.375,0,0,0,0,0,NA,0,0,0,
479,0.5,simple-random-sample,0.01,5,0,0,5,0.7,0.7,0.7,Clumped-Poisson,5,3,Randomly placed,0.9975000000000124,45,0,0,0,0,true,0,0,45,0,0,0,0,0,0,0,0,0.375,0,0,0,0,0,NA,0,0,0,
472,0.5,simple-random-sample,0.01,5,0,1,4,0.7,0.7,0.7,Clumped-Poisson,5,3,Randomly placed,0.9975000000000159,45,0,0,0,0,true,0,0,45,0,0,0,0,0,0,0,0,0.375,0,0,0,0,0,NA,0,0,0,
461,0.5,simple-random-sample,0.01,5,0,0,5,0.7,0.7,0.7,Clumped-Poisson,5,3,Randomly placed,0.9975000000000366,45,0,0,0,0,true,0,0,45,0,0,0,0,0,0,0,0,0.375,0,0,0,0,0,NA,0,0,0,
470,0.5,simple-random-sample,0.01,5,1,0,4,0.7,0.7,0.7,Clumped-Poisson,5,3,Randomly placed,0.9975000000000739,45,0,0,0,0,true,0,0,45,0,0,0,0,0,0,0,0,0.375,0,0,0,0,0,NA,0,0,0,
476,0.5,simple-random-sample,0.01,5,1,0,4,0.7,0.7,0.7,Clumped-Poisson,5,3,Randomly placed,0.9975000000000496,45,0,0,0,0,true,0,0,45,0,0,0,0,0,0,0,0,0.375,0,0,0,0,0,NA,0,0,0,
477,0.5,simple-random-sample,0.01,5,0,1,4,0.7,0.7,0.7,Clumped-Poisson,5,3,Randomly placed,0.9975000000000135,45,0,0,0,0,true,0,0,45,0,0,0,0,0,0,0,0,0.375,0,0,0,0,0,NA,0,0,0,
478,0.5,simple-random-sample,0.01,5,0,1,4,0.7,0.7,0.7,Clumped-Poisson,5,3,Randomly placed,0.9975000000000191,45,0,0,0,0,true,0,0,45,0,0,0,0,0,0,0,0,0.375,0,0,0,0,0,NA,0,0,0,
484,0.5,simple-random-sample,0.01,5,0,1,4,0.7,0.7,0.7,Clumped-Poisson,5,3,Randomly placed,0.9975000000000305,45,0,0,0,0,true,0,0,45,0,0,0,0,0,0,0,0,0.375,0,0,0,0,0,NA,0,0,0,
482,0.5,simple-random-sample,0.01,5,2,2,1,0.7,0.7,0.7,Clumped-Poisson,5,3,Randomly placed,0.9975000000000425,45,0,0,0,0,true,0,0,45,0,0,0,0,0,0,0,0,0.375,0,0,0,0,0,NA,0,0,0,
480,0.5,simple-random-sample,0.01,5,1,1,3,0.7,0.7,0.7,Clumped-Poisson,5,3,Randomly placed,0.997500000000024,45,0,0,0,0,true,0,0,45,1,0,0,1,1,0,0,1,0.375,0,0,0,0,0.08888888888888889,6.708203932499369,0,0,0,
475,0.5,simple-random-sample,0.01,5,0,0,5,0.7,0.7,0.7,Clumped-Poisson,5,3,Randomly placed,0.9975000000000338,45,0,0,0,0,true,0,0,45,0,0,0,0,0,0,0,0,0.375,0,0,0,0,0,NA,0,0,0,
485,0.5,simple-random-sample,0.01,5,1,1,3,0.7,0.7,0.7,Clumped-Poisson,5,3,Randomly placed,0.9975000000000305,45,0,0,0,0,true,0,0,45,1,0,0,1,1,0,0,1,0.375,0,0,0,0,0.08888888888888889,6.708203932499369,0,0,0,
488,0.5,simple-random-sample,0.01,5,0,1,4,0.7,0.7,0.7,Clumped-Poisson,5,3,Randomly placed,0.9975000000000234,45,0,0,0,0,true,0,0,45,0,0,0,0,0,0,0,0,0.375,0,0,0,0,0,NA,0,0,0,
486,0.5,simple-random-sample,0.01,5,1,0,4,0.7,0.7,0.7,Clumped-Poisson,5,3,Randomly placed,0.9975000000000338,45,0,0,0,0,true,0,0,45,0,0,0,0,0,0,0,0,0.375,0,0,0,0,0,NA,0,0,0,
489,0.5,simple-random-sample,0.01,5,1,0,4,0.7,0.7,0.7,Clumped-Poisson,5,3,Randomly placed,0.9975000000000549,45,0,0,0,0,true,0,0,45,0,0,0,0,0,0,0,0,0.375,0,0,0,0,0,NA,0,0,0,
490,0.5,simple-random-sample,0.01,5,1,1,3,0.7,0.7,0.7,Clumped-Poisson,5,3,Randomly placed,0.9975000000000545,45,0,0,0,0,true,0,0,45,0,0,0,0,0,0,0,0,0.375,0,0,0,0,0,NA,0,0,0,
487,0.5,simple-random-sample,0.01,5,0,0,5,0.7,0.7,0.7,Clumped-Poisson,5,3,Randomly placed,0.9975000000000372,45,0,0,0,0,true,0,0,45,0,0,0,0,0,0,0,0,0.375,0,0,0,0,0,NA,0,0,0,
483,0.5,simple-random-sample,0.01,5,0,0,5,0.7,0.7,0.7,Clumped-Poisson,5,3,Randomly placed,0.9975000000000259,45,0,0,0,0,true,0,0,45,0,0,0,0,0,0,0,0,0.375,0,0,0,0,0,NA,0,0,0,
491,0.5,simple-random-sample,0.01,5,3,0,2,0.7,0.7,0.7,Clumped-Poisson,5,3,Randomly placed,0.9975000000000369,45,0,0,0,0,true,0,0,45,0,0,0,0,0,0,0,0,0.375,0,0,0,0,0,NA,0,0,0,
494,0.5,simple-random-sample,0.01,5,2,3,0,0.7,0.7,0.7,Clumped-Poisson,5,3,Randomly placed,0.9975000000000447,45,0,0,0,0,true,0,0,45,0,0,0,0,0,0,0,0,0.375,0,0,0,0,0,NA,0,0,0,
493,0.5,simple-random-sample,0.01,5,1,1,3,0.7,0.7,0.7,Clumped-Poisson,5,3,Randomly placed,0.9975000000000561,45,0,0,0,0,true,0,0,45,0,0,0,0,0,0,0,0,0.375,0,0,0,0,0,NA,0,0,0,
498,0.5,simple-random-sample,0.01,5,1,0,4,0.7,0.7,0.7,Clumped-Poisson,5,3,Randomly placed,0.9975000000000487,45,0,0,0,0,true,0,0,45,0,0,0,0,0,0,0,0,0.375,0,0,0,0,0,NA,0,0,0,
492,0.5,simple-random-sample,0.01,5,0,0,5,0.7,0.7,0.7,Clumped-Poisson,5,3,Randomly placed,0.9975000000000129,45,0,0,0,0,true,0,0,45,1,0,0,1,1,0,0,1,0.375,0,0,0,0,0.08888888888888889,6.708203932499369,0,0,0,
481,0.5,simple-random-sample,0.01,5,0,1,4,0.7,0.7,0.7,Clumped-Poisson,5,3,Randomly placed,0.9975000000000616,45,0,0,0,0,true,0,0,45,0,0,0,0,0,0,0,0,0.375,0,0,0,0,0,NA,0,0,0,
495,0.5,simple-random-sample,0.01,5,1,1,3,0.7,0.7,0.7,Clumped-Poisson,5,3,Randomly placed,0.9975000000000449,45,0,0,0,0,true,0,0,45,0,0,0,0,0,0,0,0,0.375,0,0,0,0,0,NA,0,0,0,
497,0.5,simple-random-sample,0.01,5,2,2,1,0.7,0.7,0.7,Clumped-Poisson,5,3,Randomly placed,1.3975000000000446,45,0,0,0,0,true,0,0,45,0,0,0,0,0,0,0,0,0.375,0,0,0,0,0,NA,0,0,0,
496,0.5,simple-random-sample,0.01,5,0,0,5,0.7,0.7,0.7,Clumped-Poisson,5,3,Randomly placed,0.9975000000000132,45,0,0,0,0,true,0,0,45,0,0,0,0,0,0,0,0,0.375,0,0,0,0,0,NA,0,0,0,
499,0.5,simple-random-sample,0.01,5,3,1,1,0.7,0.7,0.7,Clumped-Poisson,5,3,Randomly placed,0.9975000000000315,45,0,0,0,0,true,0,0,45,0,0,0,0,0,0,0,0,0.375,0,0,0,0,0,NA,0,0,0,
500,0.5,simple-random-sample,0.01,5,1,1,3,0.7,0.7,0.7,Clumped-Poisson,5,3,Randomly placed,0.9975000000000662,45,0,0,0,0,true,0,0,45,0,0,0,0,0,0,0,0,0.375,0,0,0,0,0,NA,0,0,0,
508,0.5,simple-random-sample,0.1,50,9,5,36,0.7,0.7,0.7,Clumped-Poisson,5,3,Randomly placed,1.0549999999999837,45,0,0,0,0,true,0,0,45,1,0,0,1,1,0,0,1,0.375,0,0,0,0,0.08888888888888889,6.708203932499369,0,0,0,
506,0.5,simple-random-sample,0.1,50,4,11,35,0.7,0.7,0.7,Clumped-Poisson,5,3,Randomly placed,1.134999999999986,45,0,0,0,0,true,0,0,45,1,0,0,1,1,0,0,1,0.375,0,0,0,0,0.08888888888888889,6.70820393249937,0,0,0,
502,0.5,simple-random-sample,0.1,50,3,5,42,0.7,0.7,0.7,Clumped-Poisson,5,3,Randomly placed,1.09499999999998,45,0,0,0,0,true,0,0,45,2,0,0,2,2,0,0,2,0.375,0,0,0,0,0.17777777777777778,4.689204235649838,0,0,0,
503,0.5,simple-random-sample,0.1,50,5,5,40,0.7,0.7,0.7,Clumped-Poisson,5,3,Randomly placed,1.0549999999999808,45,0,0,0,0,true,0,0,45,0,0,0,0,0,0,0,0,0.375,0,0,0,0,0,NA,0,0,0,
505,0.5,simple-random-sample,0.1,50,2,6,42,0.7,0.7,0.7,Clumped-Poisson,5,3,Randomly placed,1.1749999999999836,45,0,0,0,0,true,0,0,45,0,0,0,0,0,0,0,0,0.375,0,0,0,0,0,NA,0,0,0,
504,0.5,simple-random-sample,0.1,50,5,8,37,0.7,0.7,0.7,Clumped-Poisson,5,3,Randomly placed,1.0949999999999833,45,0,0,0,0,true,0,0,45,1,0,0,1,0,0,0,0,0.375,0,0,0,0,0,NA,0,0,0,
501,0.5,simple-random-sample,0.1,50,5,9,36,0.7,0.7,0.7,Clumped-Poisson,5,3,Randomly placed,1.2549999999999797,45,0,0,0,0,true,0,0,45,2,0,0,2,1,0,0,1,0.375,0,0,0,0,0.08888888888888889,6.70820393249937,0,0,0,
514,0.5,simple-random-sample,0.1,50,8,9,33,0.7,0.7,0.7,Clumped-Poisson,5,3,Randomly placed,1.1749999999999812,45,0,0,0,0,true,0,0,45,0,0,0,0,0,0,0,0,0.375,0,0,0,0,0,NA,0,0,0,
510,0.5,simple-random-sample,0.1,50,3,9,38,0.7,0.7,0.7,Clumped-Poisson,5,3,Randomly placed,1.0949999999999842,45,0,0,0,0,true,0,0,45,2,0,1,1,1,0,1,0,0.375,0,0,0,0,0.08888888888888889,6.70820393249937,0,0,0,
507,0.5,simple-random-sample,0.1,50,9,5,36,0.7,0.7,0.7,Clumped-Poisson,5,3,Randomly placed,1.0949999999999815,45,0,0,0,0,true,0,0,45,3,1,1,1,2,0,1,1,0.375,0,0,0,0,0.17777777777777778,4.689204235649836,0,0,0,
509,0.5,simple-random-sample,0.1,50,4,11,35,0.7,0.7,0.7,Clumped-Poisson,5,3,Randomly placed,1.094999999999981,45,0,0,0,0,true,0,0,45,2,0,0,2,1,0,0,1,0.375,0,0,0,0,0.08888888888888889,6.708203932499369,0,0,0,
512,0.5,simple-random-sample,0.1,50,6,5,39,0.7,0.7,0.7,Clumped-Poisson,5,3,Randomly placed,0.9749999999999844,45,0,0,0,0,true,0,0,45,1,0,0,1,0,0,0,0,0.375,0,0,0,0,0,NA,0,0,0,
516,0.5,simple-random-sample,0.1,50,3,9,38,0.7,0.7,0.7,Clumped-Poisson,5,3,Randomly placed,1.25499999999998,45,0,0,0,0,true,0,0,45,0,0,0,0,0,0,0,0,0.375,0,0,0,0,0,NA,0,0,0,
513,0.5,simple-random-sample,0.1,50,8,7,35,0.7,0.7,0.7,Clumped-Poisson,5,3,Randomly placed,1.334999999999984,45,0,0,0,0,true,0,0,45,2,0,1,1,1,0,1,0,0.375,0,0,0,0,0.08888888888888889,6.708203932499369,0,0,0,
517,0.5,simple-random-sample,0.1,50,2,10,38,0.7,0.7,0.7,Clumped-Poisson,5,3,Randomly placed,1.0549999999999822,45,0,0,0,0,true,0,0,45,1,0,0,1,1,0,0,1,0.375,0,0,0,0,0.08888888888888889,6.708203932499369,0,0,0,
515,0.5,simple-random-sample,0.1,50,9,6,35,0.7,0.7,0.7,Clumped-Poisson,5,3,Randomly placed,1.09499999999998,45,0,0,0,0,true,0,0,45,0,0,0,0,0,0,0,0,0.375,0,0,0,0,0,NA,0,0,0,
398,0.5,simple-random-sample,7,3500,313,527,2660,1,1,1,Clumped-Poisson,5,3,Randomly placed,7.202571428571429,45,0,0,0,0,true,0,0,45,16,2,3,11,16,2,3,11,0.375,0,0,0,0,1.4222222222222223,2.0905886921021684,0,0,0,
519,0.5,simple-random-sample,0.1,50,8,7,35,0.7,0.7,0.7,Clumped-Poisson,5,3,Randomly placed,1.1749999999999827,45,0,0,0,0,true,0,0,45,3,2,0,1,1,0,0,1,0.375,0,0,0,0,0.08888888888888889,6.708203932499369,0,0,0,
518,0.5,simple-random-sample,0.1,50,7,7,36,0.7,0.7,0.7,Clumped-Poisson,5,3,Randomly placed,1.0949999999999815,45,0,0,0,0,true,0,0,45,2,0,0,2,2,0,0,2,0.375,0,0,0,0,0.17777777777777778,4.689204235649835,0,0,0,
522,0.5,simple-random-sample,0.1,50,5,5,40,0.7,0.7,0.7,Clumped-Poisson,5,3,Randomly placed,1.0549999999999826,45,0,0,0,0,true,0,0,45,0,0,0,0,0,0,0,0,0.375,0,0,0,0,0,NA,0,0,0,
511,0.5,simple-random-sample,0.1,50,2,7,41,0.7,0.7,0.7,Clumped-Poisson,5,3,Randomly placed,1.174999999999984,45,0,0,0,0,true,0,0,45,2,0,0,2,1,0,0,1,0.375,0,0,0,0,0.08888888888888889,6.70820393249937,0,0,0,
520,0.5,simple-random-sample,0.1,50,6,9,35,0.7,0.7,0.7,Clumped-Poisson,5,3,Randomly placed,1.0949999999999789,45,0,0,0,0,true,0,0,45,0,0,0,0,0,0,0,0,0.375,0,0,0,0,0,NA,0,0,0,
523,0.5,simple-random-sample,0.1,50,2,11,37,0.7,0.7,0.7,Clumped-Poisson,5,3,Randomly placed,1.0549999999999802,45,0,0,0,0,true,0,0,45,2,0,0,2,2,0,0,2,0.375,0,0,0,0,0.17777777777777778,4.689204235649838,0,0,0,
526,0.5,simple-random-sample,0.1,50,4,7,39,0.7,0.7,0.7,Clumped-Poisson,5,3,Randomly placed,1.2149999999999823,45,0,0,0,0,true,0,0,45,1,0,0,1,1,0,0,1,0.375,0,0,0,0,0.08888888888888889,6.708203932499369,0,0,0,
528,0.5,simple-random-sample,0.1,50,5,8,37,0.7,0.7,0.7,Clumped-Poisson,5,3,Randomly placed,1.0949999999999838,45,0,0,0,0,true,0,0,45,0,0,0,0,0,0,0,0,0.375,0,0,0,0,0,NA,0,0,0,
530,0.5,simple-random-sample,0.1,50,3,11,36,0.7,0.7,0.7,Clumped-Poisson,5,3,Randomly placed,1.0149999999999832,45,0,0,0,0,true,0,0,45,0,0,0,0,0,0,0,0,0.375,0,0,0,0,0,NA,0,0,0,
527,0.5,simple-random-sample,0.1,50,4,10,36,0.7,0.7,0.7,Clumped-Poisson,5,3,Randomly placed,1.0949999999999818,45,0,0,0,0,true,0,0,45,3,0,0,3,3,0,0,3,0.375,0,0,0,0,0.26666666666666666,4.954336943068619,0,0,0,
524,0.5,simple-random-sample,0.1,50,6,9,35,0.7,0.7,0.7,Clumped-Poisson,5,3,Randomly placed,1.1349999999999836,45,0,0,0,0,true,0,0,45,1,0,0,1,1,0,0,1,0.375,0,0,0,0,0.08888888888888889,6.708203932499369,0,0,0,
521,0.5,simple-random-sample,0.1,50,4,7,39,0.7,0.7,0.7,Clumped-Poisson,5,3,Randomly placed,1.2549999999999852,45,0,0,0,0,true,0,0,45,2,0,0,2,2,0,0,2,0.375,0,0,0,0,0.17777777777777778,4.689204235649837,0,0,0,
525,0.5,simple-random-sample,0.1,50,4,7,39,0.7,0.7,0.7,Clumped-Poisson,5,3,Randomly placed,1.1749999999999843,45,0,0,0,0,true,0,0,45,0,0,0,0,0,0,0,0,0.375,0,0,0,0,0,NA,0,0,0,
532,0.5,simple-random-sample,0.1,50,5,9,36,0.7,0.7,0.7,Clumped-Poisson,5,3,Randomly placed,0.9749999999999827,45,0,0,0,0,true,0,0,45,1,0,0,1,1,0,0,1,0.375,0,0,0,0,0.08888888888888889,6.708203932499369,0,0,0,
540,0.5,simple-random-sample,0.1,50,3,9,38,0.7,0.7,0.7,Clumped-Poisson,5,3,Randomly placed,1.0549999999999804,45,0,0,0,0,true,0,0,45,1,0,1,0,1,0,1,0,0.375,0,0,0,0,0.08888888888888889,6.708203932499369,0,0,0,
533,0.5,simple-random-sample,0.1,50,2,9,39,0.7,0.7,0.7,Clumped-Poisson,5,3,Randomly placed,1.174999999999981,45,0,0,0,0,true,0,0,45,3,0,1,2,2,0,0,2,0.375,0,0,0,0,0.17777777777777778,4.689204235649835,0,0,0,
534,0.5,simple-random-sample,0.1,50,3,7,40,0.7,0.7,0.7,Clumped-Poisson,5,3,Randomly placed,1.2149999999999828,45,0,0,0,0,true,0,0,45,1,0,0,1,1,0,0,1,0.375,0,0,0,0,0.08888888888888889,6.70820393249937,0,0,0,
531,0.5,simple-random-sample,0.1,50,3,6,41,0.7,0.7,0.7,Clumped-Poisson,5,3,Randomly placed,1.1349999999999847,45,0,0,0,0,true,0,0,45,1,0,0,1,1,0,0,1,0.375,0,0,0,0,0.08888888888888889,6.708203932499369,0,0,0,
537,0.5,simple-random-sample,0.1,50,7,5,38,0.7,0.7,0.7,Clumped-Poisson,5,3,Randomly placed,1.0549999999999802,45,0,0,0,0,true,0,0,45,0,0,0,0,0,0,0,0,0.375,0,0,0,0,0,NA,0,0,0,
529,0.5,simple-random-sample,0.1,50,3,5,42,0.7,0.7,0.7,Clumped-Poisson,5,3,Randomly placed,1.174999999999982,45,0,0,0,0,true,0,0,45,1,0,0,1,1,0,0,1,0.375,0,0,0,0,0.08888888888888889,6.70820393249937,0,0,0,
541,0.5,simple-random-sample,0.1,50,3,8,39,0.7,0.7,0.7,Clumped-Poisson,5,3,Randomly placed,1.1749999999999814,45,0,0,0,0,true,0,0,45,3,0,0,3,1,0,0,1,0.375,0,0,0,0,0.08888888888888889,6.708203932499369,0,0,0,
538,0.5,simple-random-sample,0.1,50,5,6,39,0.7,0.7,0.7,Clumped-Poisson,5,3,Randomly placed,1.0149999999999837,45,0,0,0,0,true,0,0,45,1,0,0,1,0,0,0,0,0.375,0,0,0,0,0,NA,0,0,0,
543,0.5,simple-random-sample,0.1,50,4,5,41,0.7,0.7,0.7,Clumped-Poisson,5,3,Randomly placed,1.014999999999982,45,0,0,0,0,true,0,0,45,1,0,0,1,1,0,0,1,0.375,0,0,0,0,0.08888888888888889,6.70820393249937,0,0,0,
544,0.5,simple-random-sample,0.1,50,2,4,44,0.7,0.7,0.7,Clumped-Poisson,5,3,Randomly placed,1.174999999999979,45,0,0,0,0,true,0,0,45,0,0,0,0,0,0,0,0,0.375,0,0,0,0,0,NA,0,0,0,
546,0.5,simple-random-sample,0.1,50,3,11,36,0.7,0.7,0.7,Clumped-Poisson,5,3,Randomly placed,1.0949999999999815,45,0,0,0,0,true,0,0,45,2,0,1,1,0,0,0,0,0.375,0,0,0,0,0,NA,0,0,0,
549,0.5,simple-random-sample,0.1,50,3,6,41,0.7,0.7,0.7,Clumped-Poisson,5,3,Randomly placed,1.054999999999981,45,0,0,0,0,true,0,0,45,1,0,0,1,1,0,0,1,0.375,0,0,0,0,0.08888888888888889,6.70820393249937,0,0,0,
542,0.5,simple-random-sample,0.1,50,4,7,39,0.7,0.7,0.7,Clumped-Poisson,5,3,Randomly placed,1.014999999999985,45,0,0,0,0,true,0,0,45,1,0,0,1,0,0,0,0,0.375,0,0,0,0,0,NA,0,0,0,
548,0.5,simple-random-sample,0.1,50,4,9,37,0.7,0.7,0.7,Clumped-Poisson,5,3,Randomly placed,1.2549999999999806,45,0,0,0,0,true,0,0,45,1,0,0,1,1,0,0,1,0.375,0,0,0,0,0.08888888888888889,6.708203932499369,0,0,0,
547,0.5,simple-random-sample,0.1,50,8,5,37,0.7,0.7,0.7,Clumped-Poisson,5,3,Randomly placed,1.1349999999999831,45,0,0,0,0,true,0,0,45,1,1,0,0,1,1,0,0,0.375,0,0,0,0,0.08888888888888889,6.70820393249937,0,0,0,
539,0.5,simple-random-sample,0.1,50,4,7,39,0.7,0.7,0.7,Clumped-Poisson,5,3,Randomly placed,1.1349999999999842,45,0,0,0,0,true,0,0,45,1,0,1,0,1,0,1,0,0.375,0,0,0,0,0.08888888888888889,6.708203932499369,0,0,0,
551,0.5,simple-random-sample,0.1,50,6,9,35,0.7,0.7,0.7,Clumped-Poisson,5,3,Randomly placed,1.0549999999999848,45,0,0,0,0,true,0,0,45,2,0,0,2,2,0,0,2,0.375,0,0,0,0,0.17777777777777778,4.689204235649839,0,0,0,
536,0.5,simple-random-sample,0.1,50,3,4,43,0.7,0.7,0.7,Clumped-Poisson,5,3,Randomly placed,1.134999999999985,45,0,0,0,0,true,0,0,45,2,0,0,2,2,0,0,2,0.375,0,0,0,0,0.17777777777777778,4.689204235649836,0,0,0,
535,0.5,simple-random-sample,0.1,50,8,9,33,0.7,0.7,0.7,Clumped-Poisson,5,3,Randomly placed,1.0949999999999833,45,0,0,0,0,true,0,0,45,2,0,1,1,2,0,1,1,0.375,0,0,0,0,0.17777777777777778,4.689204235649835,0,0,0,
552,0.5,simple-random-sample,0.1,50,4,6,40,0.7,0.7,0.7,Clumped-Poisson,5,3,Randomly placed,1.0949999999999838,45,0,0,0,0,true,0,0,45,1,0,1,0,1,0,1,0,0.375,0,0,0,0,0.08888888888888889,6.70820393249937,0,0,0,
550,0.5,simple-random-sample,0.1,50,6,11,33,0.7,0.7,0.7,Clumped-Poisson,5,3,Randomly placed,1.0149999999999852,45,0,0,0,0,true,0,0,45,2,0,1,1,2,0,1,1,0.375,0,0,0,0,0.17777777777777778,4.689204235649838,0,0,0,
545,0.5,simple-random-sample,0.1,50,2,7,41,0.7,0.7,0.7,Clumped-Poisson,5,3,Randomly placed,1.1749999999999816,45,0,0,0,0,true,0,0,45,0,0,0,0,0,0,0,0,0.375,0,0,0,0,0,NA,0,0,0,
559,0.5,simple-random-sample,0.1,50,5,3,42,0.7,0.7,0.7,Clumped-Poisson,5,3,Randomly placed,1.014999999999986,45,0,0,0,0,true,0,0,45,1,0,0,1,1,0,0,1,0.375,0,0,0,0,0.08888888888888889,6.70820393249937,0,0,0,
553,0.5,simple-random-sample,0.1,50,3,13,34,0.7,0.7,0.7,Clumped-Poisson,5,3,Randomly placed,1.0149999999999817,45,0,0,0,0,true,0,0,45,1,0,0,1,1,0,0,1,0.375,0,0,0,0,0.08888888888888889,6.708203932499369,0,0,0,
560,0.5,simple-random-sample,0.1,50,8,2,40,0.7,0.7,0.7,Clumped-Poisson,5,3,Randomly placed,1.094999999999981,45,0,0,0,0,true,0,0,45,1,1,0,0,0,0,0,0,0.375,0,0,0,0,0,NA,0,0,0,
566,0.5,simple-random-sample,0.1,50,7,9,34,0.7,0.7,0.7,Clumped-Poisson,5,3,Randomly placed,1.0549999999999828,45,0,0,0,0,true,0,0,45,0,0,0,0,0,0,0,0,0.375,0,0,0,0,0,NA,0,0,0,
565,0.5,simple-random-sample,0.1,50,8,4,38,0.7,0.7,0.7,Clumped-Poisson,5,3,Randomly placed,1.2149999999999817,45,0,0,0,0,true,0,0,45,0,0,0,0,0,0,0,0,0.375,0,0,0,0,0,NA,0,0,0,
564,0.5,simple-random-sample,0.1,50,6,3,41,0.7,0.7,0.7,Clumped-Poisson,5,3,Randomly placed,1.054999999999981,45,0,0,0,0,true,0,0,45,1,0,0,1,1,0,0,1,0.375,0,0,0,0,0.08888888888888889,6.70820393249937,0,0,0,
555,0.5,simple-random-sample,0.1,50,2,10,38,0.7,0.7,0.7,Clumped-Poisson,5,3,Randomly placed,1.0949999999999842,45,0,0,0,0,true,0,0,45,2,0,0,2,2,0,0,2,0.375,0,0,0,0,0.17777777777777778,4.689204235649833,0,0,0,
557,0.5,simple-random-sample,0.1,50,6,12,32,0.7,0.7,0.7,Clumped-Poisson,5,3,Randomly placed,1.094999999999983,45,0,0,0,0,true,0,0,45,0,0,0,0,0,0,0,0,0.375,0,0,0,0,0,NA,0,0,0,
554,0.5,simple-random-sample,0.1,50,4,9,37,0.7,0.7,0.7,Clumped-Poisson,5,3,Randomly placed,1.134999999999984,45,0,0,0,0,true,0,0,45,0,0,0,0,0,0,0,0,0.375,0,0,0,0,0,NA,0,0,0,
561,0.5,simple-random-sample,0.1,50,7,9,34,0.7,0.7,0.7,Clumped-Poisson,5,3,Randomly placed,1.1349999999999845,45,0,0,0,0,true,0,0,45,1,1,0,0,1,1,0,0,0.375,0,0,0,0,0.08888888888888889,6.70820393249937,0,0,0,
558,0.5,simple-random-sample,0.1,50,7,3,40,0.7,0.7,0.7,Clumped-Poisson,5,3,Randomly placed,1.1349999999999838,45,0,0,0,0,true,0,0,45,2,0,1,1,1,0,0,1,0.375,0,0,0,0,0.08888888888888889,6.70820393249937,0,0,0,
567,0.5,simple-random-sample,0.1,50,3,3,44,0.7,0.7,0.7,Clumped-Poisson,5,3,Randomly placed,1.0149999999999813,45,0,0,0,0,true,0,0,45,0,0,0,0,0,0,0,0,0.375,0,0,0,0,0,NA,0,0,0,
562,0.5,simple-random-sample,0.1,50,1,7,42,0.7,0.7,0.7,Clumped-Poisson,5,3,Randomly placed,1.0549999999999808,45,0,0,0,0,true,0,0,45,3,0,2,1,2,0,1,1,0.375,0,0,0,0,0.17777777777777778,6.70820393249937,0,0,0,
569,0.5,simple-random-sample,0.1,50,5,4,41,0.7,0.7,0.7,Clumped-Poisson,5,3,Randomly placed,1.0549999999999864,45,0,0,0,0,true,0,0,45,0,0,0,0,0,0,0,0,0.375,0,0,0,0,0,NA,0,0,0,
556,0.5,simple-random-sample,0.1,50,3,11,36,0.7,0.7,0.7,Clumped-Poisson,5,3,Randomly placed,1.054999999999983,45,0,0,0,0,true,0,0,45,0,0,0,0,0,0,0,0,0.375,0,0,0,0,0,NA,0,0,0,
572,0.5,simple-random-sample,0.1,50,11,6,33,0.7,0.7,0.7,Clumped-Poisson,5,3,Randomly placed,1.054999999999981,45,0,0,0,0,true,0,0,45,2,0,0,2,2,0,0,2,0.375,0,0,0,0,0.17777777777777778,4.689204235649837,0,0,0,
568,0.5,simple-random-sample,0.1,50,5,9,36,0.7,0.7,0.7,Clumped-Poisson,5,3,Randomly placed,1.0549999999999824,45,0,0,0,0,true,0,0,45,0,0,0,0,0,0,0,0,0.375,0,0,0,0,0,NA,0,0,0,
570,0.5,simple-random-sample,0.1,50,6,8,36,0.7,0.7,0.7,Clumped-Poisson,5,3,Randomly placed,1.0949999999999838,45,0,0,0,0,true,0,0,45,1,0,0,1,1,0,0,1,0.375,0,0,0,0,0.08888888888888889,6.708203932499369,0,0,0,
563,0.5,simple-random-sample,0.1,50,5,9,36,0.7,0.7,0.7,Clumped-Poisson,5,3,Randomly placed,1.0949999999999813,45,0,0,0,0,true,0,0,45,1,1,0,0,1,1,0,0,0.375,0,0,0,0,0.08888888888888889,6.708203932499369,0,0,0,
574,0.5,simple-random-sample,0.1,50,5,8,37,0.7,0.7,0.7,Clumped-Poisson,5,3,Randomly placed,1.2949999999999868,45,0,0,0,0,true,0,0,45,1,0,0,1,0,0,0,0,0.375,0,0,0,0,0,NA,0,0,0,
577,0.5,simple-random-sample,0.1,50,5,8,37,0.7,0.7,0.7,Clumped-Poisson,5,3,Randomly placed,1.1349999999999816,45,0,0,0,0,true,0,0,45,2,1,0,1,2,1,0,1,0.375,0,0,0,0,0.17777777777777778,4.689204235649835,0,0,0,
576,0.5,simple-random-sample,0.1,50,8,6,36,0.7,0.7,0.7,Clumped-Poisson,5,3,Randomly placed,1.134999999999981,45,0,0,0,0,true,0,0,45,3,0,1,2,2,0,1,1,0.375,0,0,0,0,0.17777777777777778,4.689204235649836,0,0,0,
573,0.5,simple-random-sample,0.1,50,7,7,36,0.7,0.7,0.7,Clumped-Poisson,5,3,Randomly placed,1.0549999999999826,45,0,0,0,0,true,0,0,45,0,0,0,0,0,0,0,0,0.375,0,0,0,0,0,NA,0,0,0,
571,0.5,simple-random-sample,0.1,50,7,8,35,0.7,0.7,0.7,Clumped-Poisson,5,3,Randomly placed,1.1749999999999834,45,0,0,0,0,true,0,0,45,1,0,0,1,1,0,0,1,0.375,0,0,0,0,0.08888888888888889,6.70820393249937,0,0,0,
580,0.5,simple-random-sample,0.1,50,5,13,32,0.7,0.7,0.7,Clumped-Poisson,5,3,Randomly placed,1.3349999999999789,45,0,0,0,0,true,0,0,45,4,0,2,2,4,0,2,2,0.375,0,0,0,0,0.35555555555555557,5.2670178728315795,0,0,0,
575,0.5,simple-random-sample,0.1,50,5,5,40,0.7,0.7,0.7,Clumped-Poisson,5,3,Randomly placed,1.054999999999986,45,0,0,0,0,true,0,0,45,0,0,0,0,0,0,0,0,0.375,0,0,0,0,0,NA,0,0,0,
578,0.5,simple-random-sample,0.1,50,5,8,37,0.7,0.7,0.7,Clumped-Poisson,5,3,Randomly placed,1.0949999999999833,45,0,0,0,0,true,0,0,45,3,1,1,1,3,1,1,1,0.375,0,0,0,0,0.26666666666666666,3.783937343321346,0,0,0,
581,0.5,simple-random-sample,0.1,50,1,11,38,0.7,0.7,0.7,Clumped-Poisson,5,3,Randomly placed,1.0949999999999809,45,0,0,0,0,true,0,0,45,2,0,0,2,2,0,0,2,0.375,0,0,0,0,0.17777777777777778,4.689204235649837,0,0,0,
584,0.5,simple-random-sample,0.1,50,7,2,41,0.7,0.7,0.7,Clumped-Poisson,5,3,Randomly placed,1.0949999999999827,45,0,0,0,0,true,0,0,45,3,0,1,2,2,0,0,2,0.375,0,0,0,0,0.17777777777777778,4.689204235649838,0,0,0,
582,0.5,simple-random-sample,0.1,50,4,3,43,0.7,0.7,0.7,Clumped-Poisson,5,3,Randomly placed,1.1349999999999814,45,0,0,0,0,true,0,0,45,0,0,0,0,0,0,0,0,0.375,0,0,0,0,0,NA,0,0,0,
586,0.5,simple-random-sample,0.1,50,4,10,36,0.7,0.7,0.7,Clumped-Poisson,5,3,Randomly placed,1.1749999999999807,45,0,0,0,0,true,0,0,45,1,0,0,1,1,0,0,1,0.375,0,0,0,0,0.08888888888888889,6.70820393249937,0,0,0,
579,0.5,simple-random-sample,0.1,50,6,1,43,0.7,0.7,0.7,Clumped-Poisson,5,3,Randomly placed,0.9749999999999818,45,0,0,0,0,true,0,0,45,1,0,0,1,1,0,0,1,0.375,0,0,0,0,0.08888888888888889,6.708203932499369,0,0,0,
583,0.5,simple-random-sample,0.1,50,6,6,38,0.7,0.7,0.7,Clumped-Poisson,5,3,Randomly placed,1.0949999999999822,45,0,0,0,0,true,0,0,45,2,0,1,1,1,0,1,0,0.375,0,0,0,0,0.08888888888888889,6.708203932499369,0,0,0,
585,0.5,simple-random-sample,0.1,50,5,10,35,0.7,0.7,0.7,Clumped-Poisson,5,3,Randomly placed,1.0949999999999815,45,0,0,0,0,true,0,0,45,0,0,0,0,0,0,0,0,0.375,0,0,0,0,0,NA,0,0,0,
591,0.5,simple-random-sample,0.1,50,8,7,35,0.7,0.7,0.7,Clumped-Poisson,5,3,Randomly placed,1.1749999999999807,45,0,0,0,0,true,0,0,45,2,0,0,2,2,0,0,2,0.375,0,0,0,0,0.17777777777777778,4.689204235649834,0,0,0,
589,0.5,simple-random-sample,0.1,50,5,10,35,0.7,0.7,0.7,Clumped-Poisson,5,3,Randomly placed,1.014999999999981,45,0,0,0,0,true,0,0,45,2,1,1,0,2,1,1,0,0.375,0,0,0,0,0.17777777777777778,4.689204235649835,0,0,0,
590,0.5,simple-random-sample,0.1,50,6,4,40,0.7,0.7,0.7,Clumped-Poisson,5,3,Randomly placed,1.0949999999999829,45,0,0,0,0,true,0,0,45,2,0,1,1,1,0,0,1,0.375,0,0,0,0,0.08888888888888889,6.708203932499369,0,0,0,
587,0.5,simple-random-sample,0.1,50,6,8,36,0.7,0.7,0.7,Clumped-Poisson,5,3,Randomly placed,1.0549999999999808,45,0,0,0,0,true,0,0,45,1,0,0,1,1,0,0,1,0.375,0,0,0,0,0.08888888888888889,6.70820393249937,0,0,0,
592,0.5,simple-random-sample,0.1,50,5,7,38,0.7,0.7,0.7,Clumped-Poisson,5,3,Randomly placed,1.0949999999999822,45,0,0,0,0,true,0,0,45,1,0,1,0,1,0,1,0,0.375,0,0,0,0,0.08888888888888889,6.70820393249937,0,0,0,
588,0.5,simple-random-sample,0.1,50,5,6,39,0.7,0.7,0.7,Clumped-Poisson,5,3,Randomly placed,1.0149999999999848,45,0,0,0,0,true,0,0,45,2,0,0,2,1,0,0,1,0.375,0,0,0,0,0.08888888888888889,6.70820393249937,0,0,0,
596,0.5,simple-random-sample,0.1,50,3,1,46,0.7,0.7,0.7,Clumped-Poisson,5,3,Randomly placed,1.1749999999999812,45,0,0,0,0,true,0,0,45,3,0,0,3,2,0,0,2,0.375,0,0,0,0,0.17777777777777778,4.689204235649838,0,0,0,
594,0.5,simple-random-sample,0.1,50,6,6,38,0.7,0.7,0.7,Clumped-Poisson,5,3,Randomly placed,1.1349999999999816,45,0,0,0,0,true,0,0,45,2,0,0,2,2,0,0,2,0.375,0,0,0,0,0.17777777777777778,4.689204235649835,0,0,0,
602,0.5,simple-random-sample,1,500,48,67,385,0.7,0.7,0.7,Clumped-Poisson,5,3,Randomly placed,1.89,45,0,0,0,0,true,0,0,45,6,0,1,5,4,0,1,3,0.375,0,0,0,0,0.35555555555555557,4.029366631934287,0,0,0,
599,0.5,simple-random-sample,0.1,50,6,5,39,0.7,0.7,0.7,Clumped-Poisson,5,3,Randomly placed,1.1349999999999834,45,0,0,0,0,true,0,0,45,2,2,0,0,2,2,0,0,0.375,0,0,0,0,0.17777777777777778,4.689204235649838,0,0,0,
598,0.5,simple-random-sample,0.1,50,5,5,40,0.7,0.7,0.7,Clumped-Poisson,5,3,Randomly placed,1.0949999999999824,45,0,0,0,0,true,0,0,45,0,0,0,0,0,0,0,0,0.375,0,0,0,0,0,NA,0,0,0,
604,0.5,simple-random-sample,1,500,53,81,366,0.7,0.7,0.7,Clumped-Poisson,5,3,Randomly placed,1.962,45,0,0,0,0,true,0,0,45,11,1,1,9,7,1,1,5,0.375,0,0,0,0,0.6222222222222222,2.3562572126039334,0,0,0,
593,0.5,simple-random-sample,0.1,50,2,9,39,0.7,0.7,0.7,Clumped-Poisson,5,3,Randomly placed,1.0149999999999866,45,0,0,0,0,true,0,0,45,0,0,0,0,0,0,0,0,0.375,0,0,0,0,0,NA,0,0,0,
595,0.5,simple-random-sample,0.1,50,4,11,35,0.7,0.7,0.7,Clumped-Poisson,5,3,Randomly placed,1.1749999999999812,45,0,0,0,0,true,0,0,45,1,1,0,0,1,1,0,0,0.375,0,0,0,0,0.08888888888888889,6.70820393249937,0,0,0,
605,0.5,simple-random-sample,1,500,36,71,393,0.7,0.7,0.7,Clumped-Poisson,5,3,Randomly placed,2.566,45,0,0,0,0,true,0,0,45,10,2,0,8,9,1,0,8,0.375,0,0,0,0,0.8,2.9387690682262915,0,0,0,
597,0.5,simple-random-sample,0.1,50,4,9,37,0.7,0.7,0.7,Clumped-Poisson,5,3,Randomly placed,1.0149999999999844,45,0,0,0,0,true,0,0,45,0,0,0,0,0,0,0,0,0.375,0,0,0,0,0,NA,0,0,0,
601,0.5,simple-random-sample,1,500,48,78,374,0.7,0.7,0.7,Clumped-Poisson,5,3,Randomly placed,3.102,45,0,0,0,0,true,0,0,45,14,1,3,10,10,0,2,8,0.375,0,0,0,0,0.8888888888888888,3.165869118066518,0,0,0,
600,0.5,simple-random-sample,0.1,50,4,7,39,0.7,0.7,0.7,Clumped-Poisson,5,3,Randomly placed,1.0949999999999842,45,0,0,0,0,true,0,0,45,0,0,0,0,0,0,0,0,0.375,0,0,0,0,0,NA,0,0,0,
606,0.5,simple-random-sample,1,500,50,72,378,0.7,0.7,0.7,Clumped-Poisson,5,3,Randomly placed,1.834,45,0,0,0,0,true,0,0,45,14,2,0,12,10,1,0,9,0.375,0,0,0,0,0.8888888888888888,3.016997303159672,0,0,0,
603,0.5,simple-random-sample,1,500,73,73,354,0.7,0.7,0.7,Clumped-Poisson,5,3,Randomly placed,2.118,45,0,0,0,0,true,0,0,45,15,0,2,13,13,0,2,11,0.375,0,0,0,0,1.1555555555555554,3.3513944975187457,0,0,0,
612,0.5,simple-random-sample,1,500,51,70,379,0.7,0.7,0.7,Clumped-Poisson,5,3,Randomly placed,1.602,45,0,0,0,0,true,0,0,45,15,5,3,7,12,3,3,6,0.375,0,0,0,0,1.0666666666666667,2.451228819851939,0,0,0,
611,0.5,simple-random-sample,1,500,50,73,377,0.7,0.7,0.7,Clumped-Poisson,5,3,Randomly placed,2.07,45,0,0,0,0,true,0,0,45,18,3,3,12,14,2,2,10,0.375,0,0,0,0,1.2444444444444445,3.0510498816528657,0,0,0,
610,0.5,simple-random-sample,1,500,54,59,387,0.7,0.7,0.7,Clumped-Poisson,5,3,Randomly placed,1.954,45,0,0,0,0,true,0,0,45,13,1,3,9,9,1,3,5,0.375,0,0,0,0,0.8,2.9387690682262924,0,0,0,
614,0.5,simple-random-sample,1,500,52,81,367,0.7,0.7,0.7,Clumped-Poisson,5,3,Randomly placed,1.986,45,0,0,0,0,true,0,0,45,8,0,1,7,5,0,1,4,0.375,0,0,0,0,0.4444444444444444,3.4443629837222978,0,0,0,
608,0.5,simple-random-sample,1,500,39,74,387,0.7,0.7,0.7,Clumped-Poisson,5,3,Randomly placed,2.178,45,0,0,0,0,true,0,0,45,3,0,0,3,2,0,0,2,0.375,0,0,0,0,0.17777777777777778,4.689204235649835,0,0,0,
607,0.5,simple-random-sample,1,500,44,77,379,0.7,0.7,0.7,Clumped-Poisson,5,3,Randomly placed,1.978,45,0,0,0,0,true,0,0,45,14,2,3,9,8,1,3,4,0.375,0,0,0,0,0.7111111111111111,2.4836110532119084,0,0,0,
609,0.5,simple-random-sample,1,500,55,74,371,0.7,0.7,0.7,Clumped-Poisson,5,3,Randomly placed,2.162,45,0,0,0,0,true,0,0,45,10,1,1,8,7,1,0,6,0.375,0,0,0,0,0.6222222222222222,2.7258809064485945,0,0,0,
616,0.5,simple-random-sample,1,500,54,77,369,0.7,0.7,0.7,Clumped-Poisson,5,3,Randomly placed,2.41,45,0,0,0,0,true,0,0,45,27,3,4,20,19,3,3,13,0.375,0,0,0,0,1.6888888888888889,2.1712157398494596,0,0,0,
618,0.5,simple-random-sample,1,500,58,69,373,0.7,0.7,0.7,Clumped-Poisson,5,3,Randomly placed,2.014,45,0,0,0,0,true,0,0,45,11,1,1,9,8,1,1,6,0.375,0,0,0,0,0.7111111111111111,3.655047879303362,0,0,0,
615,0.5,simple-random-sample,1,500,50,90,360,0.7,0.7,0.7,Clumped-Poisson,5,3,Randomly placed,3.134,45,0,0,0,0,true,0,0,45,9,0,0,9,5,0,0,5,0.375,0,0,0,0,0.4444444444444444,3.4443629837222978,0,0,0,
613,0.5,simple-random-sample,1,500,57,66,377,0.7,0.7,0.7,Clumped-Poisson,5,3,Randomly placed,1.726,45,0,0,0,0,true,0,0,45,13,5,4,4,9,3,3,3,0.375,0,0,0,0,0.8,2.522624895547563,0,0,0,
621,0.5,simple-random-sample,1,500,51,69,380,0.7,0.7,0.7,Clumped-Poisson,5,3,Randomly placed,1.854,45,0,0,0,0,true,0,0,45,9,1,1,7,5,1,1,3,0.375,0,0,0,0,0.4444444444444444,3.9427724440366227,0,0,0,
619,0.5,simple-random-sample,1,500,49,76,375,0.7,0.7,0.7,Clumped-Poisson,5,3,Randomly placed,1.906,45,0,0,0,0,true,0,0,45,7,0,1,6,5,0,1,4,0.375,0,0,0,0,0.4444444444444444,4.38489141567641,0,0,0,
626,0.5,simple-random-sample,1,500,48,66,386,0.7,0.7,0.7,Clumped-Poisson,5,3,Randomly placed,1.83,45,0,0,0,0,true,0,0,45,13,1,1,11,7,0,0,7,0.375,0,0,0,0,0.6222222222222222,3.614673250616141,0,0,0,
623,0.5,simple-random-sample,1,500,43,79,378,0.7,0.7,0.7,Clumped-Poisson,5,3,Randomly placed,2.822,45,0,0,0,0,true,0,0,45,8,2,1,5,6,1,1,4,0.375,0,0,0,0,0.5333333333333333,3.03389938108459,0,0,0,
627,0.5,simple-random-sample,1,500,48,49,403,0.7,0.7,0.7,Clumped-Poisson,5,3,Randomly placed,2.182,45,0,0,0,0,true,0,0,45,5,0,0,5,4,0,0,4,0.375,0,0,0,0,0.35555555555555557,4.689204235649834,0,0,0,
629,0.5,simple-random-sample,1,500,41,64,395,0.7,0.7,0.7,Clumped-Poisson,5,3,Randomly placed,2.39,45,0,0,0,0,true,0,0,45,19,4,1,14,10,4,1,5,0.375,0,0,0,0,0.8888888888888888,2.694691751641297,0,0,0,
625,0.5,simple-random-sample,1,500,55,78,367,0.7,0.7,0.7,Clumped-Poisson,5,3,Randomly placed,2.358,45,0,0,0,0,true,0,0,45,11,0,1,10,8,0,0,8,0.375,0,0,0,0,0.7111111111111111,3.2377391101592066,0,0,0,
628,0.5,simple-random-sample,1,500,41,84,375,0.7,0.7,0.7,Clumped-Poisson,5,3,Randomly placed,2.022,45,0,0,0,0,true,0,0,45,9,1,1,7,6,1,1,4,0.375,0,0,0,0,0.5333333333333333,3.03389938108459,0,0,0,
632,0.5,simple-random-sample,1,500,44,78,378,0.7,0.7,0.7,Clumped-Poisson,5,3,Randomly placed,2.038,45,0,0,0,0,true,0,0,45,10,0,2,8,6,0,1,5,0.375,0,0,0,0,0.5333333333333333,4.689204235649835,0,0,0,
634,0.5,simple-random-sample,1,500,46,81,373,0.7,0.7,0.7,Clumped-Poisson,5,3,Randomly placed,2.634,45,0,0,0,0,true,0,0,45,3,0,1,2,3,0,1,2,0.375,0,0,0,0,0.26666666666666666,3.783937343321345,0,0,0,
633,0.5,simple-random-sample,1,500,68,64,368,0.7,0.7,0.7,Clumped-Poisson,5,3,Randomly placed,1.962,45,0,0,0,0,true,0,0,45,12,2,1,9,9,1,1,7,0.375,0,0,0,0,0.8,2.7386127875258293,0,0,0,
622,0.5,simple-random-sample,1,500,55,84,361,0.7,0.7,0.7,Clumped-Poisson,5,3,Randomly placed,2.182,45,0,0,0,0,true,0,0,45,8,1,0,7,8,1,0,7,0.375,0,0,0,0,0.7111111111111111,3.237739110159207,0,0,0,
630,0.5,simple-random-sample,1,500,39,74,387,0.7,0.7,0.7,Clumped-Poisson,5,3,Randomly placed,2.186,45,0,0,0,0,true,0,0,45,8,0,1,7,6,0,1,5,0.375,0,0,0,0,0.5333333333333333,3.783937343321345,0,0,0,
631,0.5,simple-random-sample,1,500,56,86,358,0.7,0.7,0.7,Clumped-Poisson,5,3,Randomly placed,2.078,45,0,0,0,0,true,0,0,45,5,0,1,4,3,0,1,2,0.375,0,0,0,0,0.26666666666666666,3.783937343321346,0,0,0,
620,0.5,simple-random-sample,1,500,40,76,384,0.7,0.7,0.7,Clumped-Poisson,5,3,Randomly placed,1.646,45,0,0,0,0,true,0,0,45,12,1,3,8,7,0,3,4,0.375,0,0,0,0,0.6222222222222222,4.101563121189981,0,0,0,
624,0.5,simple-random-sample,1,500,51,77,372,0.7,0.7,0.7,Clumped-Poisson,5,3,Randomly placed,2.846,45,0,0,0,0,true,0,0,45,6,0,2,4,4,0,1,3,0.375,0,0,0,0,0.35555555555555557,4.029366631934288,0,0,0,
636,0.5,simple-random-sample,1,500,51,89,360,0.7,0.7,0.7,Clumped-Poisson,5,3,Randomly placed,2.218,45,0,0,0,0,true,0,0,45,13,3,1,9,4,1,1,2,0.375,0,0,0,0,0.35555555555555557,4.029366631934288,0,0,0,
635,0.5,simple-random-sample,1,500,48,77,375,0.7,0.7,0.7,Clumped-Poisson,5,3,Randomly placed,2.742,45,0,0,0,0,true,0,0,45,9,0,1,8,7,0,1,6,0.375,0,0,0,0,0.6222222222222222,3.0510498816528653,0,0,0,
638,0.5,simple-random-sample,1,500,41,81,378,0.7,0.7,0.7,Clumped-Poisson,5,3,Randomly placed,2.618,45,0,0,0,0,true,0,0,45,11,0,0,11,7,0,0,7,0.375,0,0,0,0,0.6222222222222222,3.0510498816528653,0,0,0,
639,0.5,simple-random-sample,1,500,45,90,365,0.7,0.7,0.7,Clumped-Poisson,5,3,Randomly placed,1.742,45,0,0,0,0,true,0,0,45,12,1,3,8,7,1,2,4,0.375,0,0,0,0,0.6222222222222222,3.0510498816528644,0,0,0,
643,0.5,simple-random-sample,1,500,45,74,381,0.7,0.7,0.7,Clumped-Poisson,5,3,Randomly placed,1.75,45,0,0,0,0,true,0,0,45,9,0,0,9,7,0,0,7,0.375,0,0,0,0,0.6222222222222222,3.0510498816528657,0,0,0,
640,0.5,simple-random-sample,1,500,62,62,376,0.7,0.7,0.7,Clumped-Poisson,5,3,Randomly placed,2.266,45,0,0,0,0,true,0,0,45,12,1,3,8,8,1,2,5,0.375,0,0,0,0,0.7111111111111111,3.237739110159207,0,0,0,
642,0.5,simple-random-sample,1,500,45,80,375,0.7,0.7,0.7,Clumped-Poisson,5,3,Randomly placed,2.006,45,0,0,0,0,true,0,0,45,10,1,1,8,7,0,0,7,0.375,0,0,0,0,0.6222222222222222,4.324499820938684,0,0,0,
647,0.5,simple-random-sample,1,500,44,75,381,0.7,0.7,0.7,Clumped-Poisson,5,3,Randomly placed,2.026,45,0,0,0,0,true,0,0,45,4,0,1,3,3,0,1,2,0.375,0,0,0,0,0.26666666666666666,3.783937343321348,0,0,0,
637,0.5,simple-random-sample,1,500,47,68,385,0.7,0.7,0.7,Clumped-Poisson,5,3,Randomly placed,1.79,45,0,0,0,0,true,0,0,45,13,1,3,9,9,0,3,6,0.375,0,0,0,0,0.8,2.286322970901688,0,0,0,
649,0.5,simple-random-sample,1,500,41,83,376,0.7,0.7,0.7,Clumped-Poisson,5,3,Randomly placed,2.202,45,0,0,0,0,true,0,0,45,9,2,0,7,5,1,0,4,0.375,0,0,0,0,0.4444444444444444,3.4443629837222978,0,0,0,
644,0.5,simple-random-sample,1,500,51,63,386,0.7,0.7,0.7,Clumped-Poisson,5,3,Randomly placed,2.082,45,0,0,0,0,true,0,0,45,6,0,1,5,5,0,1,4,0.375,0,0,0,0,0.4444444444444444,3.9427724440366196,0,0,0,
646,0.5,simple-random-sample,1,500,51,87,362,0.7,0.7,0.7,Clumped-Poisson,5,3,Randomly placed,2.166,45,0,0,0,0,true,0,0,45,6,0,0,6,5,0,0,5,0.375,0,0,0,0,0.4444444444444444,2.860387767736778,0,0,0,
650,0.5,simple-random-sample,1,500,52,73,375,0.7,0.7,0.7,Clumped-Poisson,5,3,Randomly placed,2.018,45,0,0,0,0,true,0,0,45,6,1,2,3,5,1,2,2,0.375,0,0,0,0,0.4444444444444444,2.8603877677367775,0,0,0,
641,0.5,simple-random-sample,1,500,46,77,377,0.7,0.7,0.7,Clumped-Poisson,5,3,Randomly placed,1.826,45,0,0,0,0,true,0,0,45,2,0,1,1,2,0,1,1,0.375,0,0,0,0,0.17777777777777778,4.689204235649837,0,0,0,
654,0.5,simple-random-sample,1,500,42,86,372,0.7,0.7,0.7,Clumped-Poisson,5,3,Randomly placed,2.05,45,0,0,0,0,true,0,0,45,27,0,10,17,19,0,7,12,0.375,0,0,0,0,1.6888888888888889,2.171215739849458,0,0,0,
651,0.5,simple-random-sample,1,500,44,73,383,0.7,0.7,0.7,Clumped-Poisson,5,3,Randomly placed,2.338,45,0,0,0,0,true,0,0,45,20,1,3,16,13,1,2,10,0.375,0,0,0,0,1.1555555555555554,2.037504723326879,0,0,0,
652,0.5,simple-random-sample,1,500,52,69,379,0.7,0.7,0.7,Clumped-Poisson,5,3,Randomly placed,1.802,45,0,0,0,0,true,0,0,45,8,2,0,6,6,1,0,5,0.375,0,0,0,0,0.5333333333333333,2.5783186910712326,0,0,0,
653,0.5,simple-random-sample,1,500,53,71,376,0.7,0.7,0.7,Clumped-Poisson,5,3,Randomly placed,1.754,45,0,0,0,0,true,0,0,45,16,1,1,14,14,1,1,12,0.375,0,0,0,0,1.2444444444444445,2.638334142994925,0,0,0,
655,0.5,simple-random-sample,1,500,44,73,383,0.7,0.7,0.7,Clumped-Poisson,5,3,Randomly placed,2.578,45,0,0,0,0,true,0,0,45,8,0,1,7,6,0,0,6,0.375,0,0,0,0,0.5333333333333333,4.954336943068621,0,0,0,
648,0.5,simple-random-sample,1,500,64,64,372,0.7,0.7,0.7,Clumped-Poisson,5,3,Randomly placed,2.69,45,0,0,0,0,true,0,0,45,9,3,0,6,5,2,0,3,0.375,0,0,0,0,0.4444444444444444,4.384891415676411,0,0,0,
645,0.5,simple-random-sample,1,500,50,63,387,0.7,0.7,0.7,Clumped-Poisson,5,3,Randomly placed,1.878,45,0,0,0,0,true,0,0,45,12,0,5,7,9,0,4,5,0.375,0,0,0,0,0.8,3.126136157099889,0,0,0,
659,0.5,simple-random-sample,1,500,48,83,369,0.7,0.7,0.7,Clumped-Poisson,5,3,Randomly placed,2.214,45,0,0,0,0,true,0,0,45,10,2,1,7,8,2,1,5,0.375,0,0,0,0,0.7111111111111111,2.483611053211907,0,0,0,
661,0.5,simple-random-sample,1,500,40,76,384,0.7,0.7,0.7,Clumped-Poisson,5,3,Randomly placed,2.798,45,0,0,0,0,true,0,0,45,13,1,1,11,9,1,0,8,0.375,0,0,0,0,0.8,3.4706562125129214,0,0,0,
662,0.5,simple-random-sample,1,500,50,56,394,0.7,0.7,0.7,Clumped-Poisson,5,3,Randomly placed,1.786,45,0,0,0,0,true,0,0,45,8,1,0,7,5,1,0,4,0.375,0,0,0,0,0.4444444444444444,3.4443629837222978,0,0,0,
658,0.5,simple-random-sample,1,500,50,69,381,0.7,0.7,0.7,Clumped-Poisson,5,3,Randomly placed,2.21,45,0,0,0,0,true,0,0,45,15,5,1,9,11,3,1,7,0.375,0,0,0,0,0.9777777777777777,3.395427163087837,0,0,0,
664,0.5,simple-random-sample,1,500,58,87,355,0.7,0.7,0.7,Clumped-Poisson,5,3,Randomly placed,2.242,45,0,0,0,0,true,0,0,45,3,0,0,3,2,0,0,2,0.375,0,0,0,0,0.17777777777777778,4.689204235649839,0,0,0,
657,0.5,simple-random-sample,1,500,55,68,377,0.7,0.7,0.7,Clumped-Poisson,5,3,Randomly placed,2.29,45,0,0,0,0,true,0,0,45,11,4,1,6,6,2,1,3,0.375,0,0,0,0,0.5333333333333333,3.429484456352534,0,0,0,
656,0.5,simple-random-sample,1,500,59,85,356,0.7,0.7,0.7,Clumped-Poisson,5,3,Randomly placed,3.09,45,0,0,0,0,true,0,0,45,20,5,3,12,16,4,2,10,0.375,0,0,0,0,1.4222222222222223,2.4101392712493155,0,0,0,
617,0.5,simple-random-sample,1,500,51,72,377,0.7,0.7,0.7,Clumped-Poisson,5,3,Randomly placed,2.066,45,0,0,0,0,true,0,0,45,10,0,2,8,6,0,1,5,0.375,0,0,0,0,0.5333333333333333,3.03389938108459,0,0,0,
666,0.5,simple-random-sample,1,500,41,73,386,0.7,0.7,0.7,Clumped-Poisson,5,3,Randomly placed,1.818,45,0,0,0,0,true,0,0,45,7,1,0,6,5,0,0,5,0.375,0,0,0,0,0.4444444444444444,3.9427724440366245,0,0,0,
660,0.5,simple-random-sample,1,500,41,73,386,0.7,0.7,0.7,Clumped-Poisson,5,3,Randomly placed,2.73,45,0,0,0,0,true,0,0,45,5,0,1,4,3,0,0,3,0.375,0,0,0,0,0.26666666666666666,4.954336943068618,0,0,0,
665,0.5,simple-random-sample,1,500,52,86,362,0.7,0.7,0.7,Clumped-Poisson,5,3,Randomly placed,2.342,45,0,0,0,0,true,0,0,45,16,1,4,11,13,1,4,8,0.375,0,0,0,0,1.1555555555555554,3.0980481109727944,0,0,0,
672,0.5,simple-random-sample,1,500,47,88,365,0.7,0.7,0.7,Clumped-Poisson,5,3,Randomly placed,2.018,45,0,0,0,0,true,0,0,45,11,1,3,7,8,1,3,4,0.375,0,0,0,0,0.7111111111111111,2.7579945777519366,0,0,0,
675,0.5,simple-random-sample,1,500,45,66,389,0.7,0.7,0.7,Clumped-Poisson,5,3,Randomly placed,2.222,45,0,0,0,0,true,0,0,45,19,0,4,15,13,0,4,9,0.375,0,0,0,0,1.1555555555555554,2.0375047233268795,0,0,0,
667,0.5,simple-random-sample,1,500,51,77,372,0.7,0.7,0.7,Clumped-Poisson,5,3,Randomly placed,2.038,45,0,0,0,0,true,0,0,45,18,4,4,10,13,3,2,8,0.375,0,0,0,0,1.1555555555555554,3.1847369998061654,0,0,0,
676,0.5,simple-random-sample,1,500,45,71,384,0.7,0.7,0.7,Clumped-Poisson,5,3,Randomly placed,2.146,45,0,0,0,0,true,0,0,45,11,2,2,7,8,1,2,5,0.375,0,0,0,0,0.7111111111111111,3.4527039798869636,0,0,0,
668,0.5,simple-random-sample,1,500,46,74,380,0.7,0.7,0.7,Clumped-Poisson,5,3,Randomly placed,2.17,45,0,0,0,0,true,0,0,45,7,0,1,6,4,0,1,3,0.375,0,0,0,0,0.35555555555555557,4.0293666319342885,0,0,0,
671,0.5,simple-random-sample,1,500,55,47,398,0.7,0.7,0.7,Clumped-Poisson,5,3,Randomly placed,2.378,45,0,0,0,0,true,0,0,45,4,0,0,4,2,0,0,2,0.375,0,0,0,0,0.17777777777777778,4.689204235649836,0,0,0,
673,0.5,simple-random-sample,1,500,54,57,389,0.7,0.7,0.7,Clumped-Poisson,5,3,Randomly placed,2.466,45,0,0,0,0,true,0,0,45,2,0,0,2,2,0,0,2,0.375,0,0,0,0,0.17777777777777778,4.689204235649836,0,0,0,
663,0.5,simple-random-sample,1,500,53,75,372,0.7,0.7,0.7,Clumped-Poisson,5,3,Randomly placed,2.106,45,0,0,0,0,true,0,0,45,7,0,3,4,5,0,2,3,0.375,0,0,0,0,0.4444444444444444,4.38489141567641,0,0,0,
680,0.5,simple-random-sample,1,500,45,74,381,0.7,0.7,0.7,Clumped-Poisson,5,3,Randomly placed,1.958,45,0,0,0,0,true,0,0,45,8,0,0,8,6,0,0,6,0.375,0,0,0,0,0.5333333333333333,2.5783186910712326,0,0,0,
679,0.5,simple-random-sample,1,500,52,67,381,0.7,0.7,0.7,Clumped-Poisson,5,3,Randomly placed,2.558,45,0,0,0,0,true,0,0,45,11,2,3,6,5,1,2,2,0.375,0,0,0,0,0.4444444444444444,3.4443629837222973,0,0,0,
674,0.5,simple-random-sample,1,500,44,80,376,0.7,0.7,0.7,Clumped-Poisson,5,3,Randomly placed,1.994,45,0,0,0,0,true,0,0,45,13,0,0,13,9,0,0,9,0.375,0,0,0,0,0.8,3.3028912953790814,0,0,0,
678,0.5,simple-random-sample,1,500,50,62,388,0.7,0.7,0.7,Clumped-Poisson,5,3,Randomly placed,1.866,45,0,0,0,0,true,0,0,45,13,3,4,6,10,1,4,5,0.375,0,0,0,0,0.8888888888888888,2.5181161789935538,0,0,0,
677,0.5,simple-random-sample,1,500,43,78,379,0.7,0.7,0.7,Clumped-Poisson,5,3,Randomly placed,1.974,45,0,0,0,0,true,0,0,45,9,1,2,6,5,1,2,2,0.375,0,0,0,0,0.4444444444444444,4.384891415676415,0,0,0,
681,0.5,simple-random-sample,1,500,53,79,368,0.7,0.7,0.7,Clumped-Poisson,5,3,Randomly placed,2.306,45,0,0,0,0,true,0,0,45,6,1,2,3,4,1,2,1,0.375,0,0,0,0,0.35555555555555557,4.029366631934287,0,0,0,
686,0.5,simple-random-sample,1,500,48,91,361,0.7,0.7,0.7,Clumped-Poisson,5,3,Randomly placed,1.978,45,0,0,0,0,true,0,0,45,8,2,4,2,5,1,3,1,0.375,0,0,0,0,0.4444444444444444,3.4443629837222973,0,0,0,
684,0.5,simple-random-sample,1,500,44,74,382,0.7,0.7,0.7,Clumped-Poisson,5,3,Randomly placed,5.198,45,0,0,0,0,true,0,0,45,12,0,2,10,10,0,2,8,0.375,0,0,0,0,0.8888888888888888,3.0169973031596715,0,0,0,
682,0.5,simple-random-sample,1,500,46,69,385,0.7,0.7,0.7,Clumped-Poisson,5,3,Randomly placed,1.87,45,0,0,0,0,true,0,0,45,18,1,7,10,10,0,4,6,0.375,0,0,0,0,0.8888888888888888,2.3281869653132565,0,0,0,
683,0.5,simple-random-sample,1,500,56,68,376,0.7,0.7,0.7,Clumped-Poisson,5,3,Randomly placed,2.858,45,0,0,0,0,true,0,0,45,7,0,1,6,5,0,1,4,0.375,0,0,0,0,0.4444444444444444,3.9427724440366227,0,0,0,
685,0.5,simple-random-sample,1,500,70,67,363,0.7,0.7,0.7,Clumped-Poisson,5,3,Randomly placed,2.39,45,0,0,0,0,true,0,0,45,11,2,1,8,8,2,0,6,0.375,0,0,0,0,0.7111111111111111,2.483611053211908,0,0,0,
670,0.5,simple-random-sample,1,500,63,75,362,0.7,0.7,0.7,Clumped-Poisson,5,3,Randomly placed,2.466,45,0,0,0,0,true,0,0,45,8,3,1,4,6,2,1,3,0.375,0,0,0,0,0.5333333333333333,4.107919181288745,0,0,0,
669,0.5,simple-random-sample,1,500,45,76,379,0.7,0.7,0.7,Clumped-Poisson,5,3,Randomly placed,3.122,45,0,0,0,0,true,0,0,45,1,0,1,0,1,0,1,0,0.375,0,0,0,0,0.08888888888888889,6.70820393249937,0,0,0,
690,0.5,simple-random-sample,1,500,52,75,373,0.7,0.7,0.7,Clumped-Poisson,5,3,Randomly placed,2.65,45,0,0,0,0,true,0,0,45,6,0,0,6,6,0,0,6,0.375,0,0,0,0,0.5333333333333333,3.783937343321345,0,0,0,
689,0.5,simple-random-sample,1,500,43,54,403,0.7,0.7,0.7,Clumped-Poisson,5,3,Randomly placed,2.014,45,0,0,0,0,true,0,0,45,6,0,2,4,5,0,2,3,0.375,0,0,0,0,0.4444444444444444,2.860387767736778,0,0,0,
688,0.5,simple-random-sample,1,500,49,73,378,0.7,0.7,0.7,Clumped-Poisson,5,3,Randomly placed,1.87,45,0,0,0,0,true,0,0,45,8,2,0,6,6,1,0,5,0.375,0,0,0,0,0.5333333333333333,3.0338993810845896,0,0,0,
693,0.5,simple-random-sample,1,500,52,71,377,0.7,0.7,0.7,Clumped-Poisson,5,3,Randomly placed,2.886,45,0,0,0,0,true,0,0,45,15,2,2,11,12,1,1,10,0.375,0,0,0,0,1.0666666666666667,2.578318691071233,0,0,0,
687,0.5,simple-random-sample,1,500,43,76,381,0.7,0.7,0.7,Clumped-Poisson,5,3,Randomly placed,2.274,45,0,0,0,0,true,0,0,45,8,1,1,6,5,0,1,4,0.375,0,0,0,0,0.4444444444444444,4.38489141567641,0,0,0,
696,0.5,simple-random-sample,1,500,56,81,363,0.7,0.7,0.7,Clumped-Poisson,5,3,Randomly placed,2.006,45,0,0,0,0,true,0,0,45,16,1,1,14,12,1,0,11,0.375,0,0,0,0,1.0666666666666667,2.022599587389727,0,0,0,
695,0.5,simple-random-sample,1,500,49,80,371,0.7,0.7,0.7,Clumped-Poisson,5,3,Randomly placed,1.746,45,0,0,0,0,true,0,0,45,8,0,2,6,6,0,1,5,0.375,0,0,0,0,0.5333333333333333,3.0338993810845896,0,0,0,
691,0.5,simple-random-sample,1,500,55,80,365,0.7,0.7,0.7,Clumped-Poisson,5,3,Randomly placed,2.178,45,0,0,0,0,true,0,0,45,11,0,5,6,8,0,4,4,0.375,0,0,0,0,0.7111111111111111,3.846762954390709,0,0,0,
699,0.5,simple-random-sample,1,500,62,84,354,0.7,0.7,0.7,Clumped-Poisson,5,3,Randomly placed,1.822,45,0,0,0,0,true,0,0,45,13,3,1,9,8,2,1,5,0.375,0,0,0,0,0.7111111111111111,2.7579945777519375,0,0,0,
692,0.5,simple-random-sample,1,500,46,72,382,0.7,0.7,0.7,Clumped-Poisson,5,3,Randomly placed,2.466,45,0,0,0,0,true,0,0,45,12,0,1,11,7,0,0,7,0.375,0,0,0,0,0.6222222222222222,3.6146732506161414,0,0,0,
697,0.5,simple-random-sample,1,500,46,70,384,0.7,0.7,0.7,Clumped-Poisson,5,3,Randomly placed,2.114,45,0,0,0,0,true,0,0,45,8,0,0,8,5,0,0,5,0.375,0,0,0,0,0.4444444444444444,3.4443629837222978,0,0,0,
694,0.5,simple-random-sample,1,500,39,70,391,0.7,0.7,0.7,Clumped-Poisson,5,3,Randomly placed,2.198,45,0,0,0,0,true,0,0,45,6,0,0,6,4,0,0,4,0.375,0,0,0,0,0.35555555555555557,4.0293666319342885,0,0,0,
698,0.5,simple-random-sample,1,500,52,68,380,0.7,0.7,0.7,Clumped-Poisson,5,3,Randomly placed,2.314,45,0,0,0,0,true,0,0,45,20,0,3,17,17,0,3,14,0.375,0,0,0,0,1.511111111111111,2.413492272878147,0,0,0,
700,0.5,simple-random-sample,1,500,48,68,384,0.7,0.7,0.7,Clumped-Poisson,5,3,Randomly placed,2.438,45,0,0,0,0,true,0,0,45,10,0,1,9,8,0,1,7,0.375,0,0,0,0,0.7111111111111111,3.846762954390708,0,0,0,
703,0.5,simple-random-sample,7,3500,334,490,2676,0.7,0.7,0.7,Clumped-Poisson,5,3,Randomly placed,8.788285714285715,45,0,0,0,0,true,0,0,45,95,14,14,67,70,9,12,49,0.375,0,0,0,0,6.222222222222222,2.1079956451743938,0,0,0,
710,0.5,simple-random-sample,7,3500,373,514,2613,0.7,0.7,0.7,Clumped-Poisson,5,3,Randomly placed,14.79857142857143,45,0,0,0,0,true,0,0,45,83,10,12,61,60,5,8,47,0.375,0,0,0,0,5.333333333333333,2.970020661085162,0,0,0,
704,0.5,simple-random-sample,7,3500,330,550,2620,0.7,0.7,0.7,Clumped-Poisson,5,3,Randomly placed,7.195142857142857,45,0,0,0,0,true,0,0,45,79,4,17,58,62,3,15,44,0.375,0,0,0,0,5.511111111111111,2.10636763158183,0,0,0,
709,0.5,simple-random-sample,7,3500,340,521,2639,0.7,0.7,0.7,Clumped-Poisson,5,3,Randomly placed,9.974,45,0,0,0,0,true,0,0,45,35,2,8,25,29,2,7,20,0.375,0,0,0,0,2.577777777777778,2.1479817346464753,0,0,0,
713,0.5,simple-random-sample,7,3500,357,553,2590,0.7,0.7,0.7,Clumped-Poisson,5,3,Randomly placed,11.982,45,0,0,0,0,true,0,0,45,83,7,12,64,68,7,8,53,0.375,0,0,0,0,6.044444444444444,2.3037769704690207,0,0,0,
701,0.5,simple-random-sample,7,3500,334,527,2639,0.7,0.7,0.7,Clumped-Poisson,5,3,Randomly placed,8.529428571428571,45,0,0,0,0,true,0,0,45,34,3,3,28,25,3,2,20,0.375,0,0,0,0,2.2222222222222223,2.532695294453214,0,0,0,
708,0.5,simple-random-sample,7,3500,351,557,2592,0.7,0.7,0.7,Clumped-Poisson,5,3,Randomly placed,10.979142857142858,45,0,0,0,0,true,0,0,45,72,6,12,54,50,4,10,36,0.375,0,0,0,0,4.444444444444445,2.6603144038389015,0,0,0,
702,0.5,simple-random-sample,7,3500,329,532,2639,0.7,0.7,0.7,Clumped-Poisson,5,3,Randomly placed,7.33,45,0,0,0,0,true,0,0,45,90,12,14,64,61,8,10,43,0.375,0,0,0,0,5.4222222222222225,2.301632656950808,0,0,0,
707,0.5,simple-random-sample,7,3500,352,528,2620,0.7,0.7,0.7,Clumped-Poisson,5,3,Randomly placed,6.7865714285714285,45,0,0,0,0,true,0,0,45,106,13,12,81,73,7,8,58,0.375,0,0,0,0,6.488888888888889,1.58958583440007,0,0,0,
711,0.5,simple-random-sample,7,3500,313,492,2695,0.7,0.7,0.7,Clumped-Poisson,5,3,Randomly placed,6.9711428571428575,45,0,0,0,0,true,0,0,45,80,7,16,57,49,3,8,38,0.375,0,0,0,0,4.355555555555555,1.865954954281823,0,0,0,
715,0.5,simple-random-sample,7,3500,363,485,2652,0.7,0.7,0.7,Clumped-Poisson,5,3,Randomly placed,7.994,45,0,0,0,0,true,0,0,45,115,12,11,92,73,12,5,56,0.375,0,0,0,0,6.488888888888889,2.2469037362876274,0,0,0,
714,0.5,simple-random-sample,7,3500,349,550,2601,0.7,0.7,0.7,Clumped-Poisson,5,3,Randomly placed,6.427142857142857,45,0,0,0,0,true,0,0,45,75,11,14,50,50,7,11,32,0.375,0,0,0,0,4.444444444444445,2.0144929431948415,0,0,0,
716,0.5,simple-random-sample,7,3500,360,514,2626,0.7,0.7,0.7,Clumped-Poisson,5,3,Randomly placed,9.838,45,0,0,0,0,true,0,0,45,105,14,19,72,81,8,15,58,0.375,0,0,0,0,7.2,2.050156710223848,0,0,0,
720,0.5,simple-random-sample,7,3500,364,547,2589,0.7,0.7,0.7,Clumped-Poisson,5,3,Randomly placed,17.119142857142858,45,0,0,0,0,true,0,0,45,24,4,0,20,17,2,0,15,0.375,0,0,0,0,1.511111111111111,3.3525189714476356,0,0,0,
719,0.5,simple-random-sample,7,3500,342,565,2593,0.7,0.7,0.7,Clumped-Poisson,5,3,Randomly placed,8.093428571428571,45,0,0,0,0,true,0,0,45,121,19,22,80,80,11,14,55,0.375,0,0,0,0,7.111111111111111,1.5021291706955653,0,0,0,
705,0.5,simple-random-sample,7,3500,334,522,2644,0.7,0.7,0.7,Clumped-Poisson,5,3,Randomly placed,9.418000000000001,45,0,0,0,0,true,0,0,45,37,5,3,29,28,4,3,21,0.375,0,0,0,0,2.488888888888889,1.9769368277158532,0,0,0,
712,0.5,simple-random-sample,7,3500,385,578,2537,0.7,0.7,0.7,Clumped-Poisson,5,3,Randomly placed,7.860857142857143,45,0,0,0,0,true,0,0,45,47,7,9,31,30,4,6,20,0.375,0,0,0,0,2.6666666666666665,2.456438663816158,0,0,0,
717,0.5,simple-random-sample,7,3500,339,508,2653,0.7,0.7,0.7,Clumped-Poisson,5,3,Randomly placed,8.983142857142857,45,0,0,0,0,true,0,0,45,95,12,14,69,65,7,11,47,0.375,0,0,0,0,5.777777777777778,2.1366697730823723,0,0,0,
721,0.5,simple-random-sample,7,3500,349,556,2595,0.7,0.7,0.7,Clumped-Poisson,5,3,Randomly placed,7.072285714285714,45,0,0,0,0,true,0,0,45,91,8,15,68,63,6,9,48,0.375,0,0,0,0,5.6,1.7053337694733315,0,0,0,
706,0.5,simple-random-sample,7,3500,346,498,2656,0.7,0.7,0.7,Clumped-Poisson,5,3,Randomly placed,9.855142857142857,45,0,0,0,0,true,0,0,45,74,11,7,56,47,7,7,33,0.375,0,0,0,0,4.177777777777778,2.745928824283169,0,0,0,
724,0.5,simple-random-sample,7,3500,333,559,2608,0.7,0.7,0.7,Clumped-Poisson,5,3,Randomly placed,9.659142857142857,45,0,0,0,0,true,0,0,45,51,5,13,33,33,3,10,20,0.375,0,0,0,0,2.933333333333333,2.9988728160413687,0,0,0,
726,0.5,simple-random-sample,7,3500,330,550,2620,0.7,0.7,0.7,Clumped-Poisson,5,3,Randomly placed,16.614,45,0,0,0,0,true,0,0,45,83,7,12,64,55,3,7,45,0.375,0,0,0,0,4.888888888888889,2.352564660289164,0,0,0,
718,0.5,simple-random-sample,7,3500,364,526,2610,0.7,0.7,0.7,Clumped-Poisson,5,3,Randomly placed,7.583714285714286,45,0,0,0,0,true,0,0,45,67,9,9,49,53,7,8,38,0.375,0,0,0,0,4.711111111111111,2.1287219942294344,0,0,0,
728,0.5,simple-random-sample,7,3500,371,518,2611,0.7,0.7,0.7,Clumped-Poisson,5,3,Randomly placed,8.874,45,0,0,0,0,true,0,0,45,67,8,17,42,44,4,8,32,0.375,0,0,0,0,3.911111111111111,2.0042334046201664,0,0,0,
723,0.5,simple-random-sample,7,3500,343,537,2620,0.7,0.7,0.7,Clumped-Poisson,5,3,Randomly placed,10.917428571428571,45,0,0,0,0,true,0,0,45,111,12,23,76,76,10,11,55,0.375,0,0,0,0,6.7555555555555555,2.6654370932382903,0,0,0,
725,0.5,simple-random-sample,7,3500,407,520,2573,0.7,0.7,0.7,Clumped-Poisson,5,3,Randomly placed,7.628857142857143,45,0,0,0,0,true,0,0,45,76,9,7,60,53,6,4,43,0.375,0,0,0,0,4.711111111111111,2.2191606380944746,0,0,0,
731,0.5,simple-random-sample,7,3500,345,518,2637,0.7,0.7,0.7,Clumped-Poisson,5,3,Randomly placed,10.499142857142857,45,0,0,0,0,true,0,0,45,39,5,7,27,27,4,7,16,0.375,0,0,0,0,2.4,3.1462660248284653,0,0,0,
727,0.5,simple-random-sample,7,3500,329,569,2602,0.7,0.7,0.7,Clumped-Poisson,5,3,Randomly placed,8.964285714285714,45,0,0,0,0,true,0,0,45,56,3,12,41,42,3,11,28,0.375,0,0,0,0,3.7333333333333334,1.983524439533413,0,0,0,
737,0.5,simple-random-sample,7,3500,367,578,2555,0.7,0.7,0.7,Clumped-Poisson,5,3,Randomly placed,7.938571428571429,45,0,0,0,0,true,0,0,45,59,6,13,40,35,4,7,24,0.375,0,0,0,0,3.111111111111111,3.148018194495658,0,0,0,
735,0.5,simple-random-sample,7,3500,333,504,2663,0.7,0.7,0.7,Clumped-Poisson,5,3,Randomly placed,7.414000000000001,45,0,0,0,0,true,0,0,45,47,4,5,38,35,4,5,26,0.375,0,0,0,0,3.111111111111111,2.7669196149950133,0,0,0,
740,0.5,simple-random-sample,7,3500,310,517,2673,0.7,0.7,0.7,Clumped-Poisson,5,3,Randomly placed,11.18942857142857,45,0,0,0,0,true,0,0,45,69,6,5,58,53,5,5,43,0.375,0,0,0,0,4.711111111111111,1.8574476181305468,0,0,0,
734,0.5,simple-random-sample,7,3500,353,564,2583,0.7,0.7,0.7,Clumped-Poisson,5,3,Randomly placed,12.82942857142857,45,0,0,0,0,true,0,0,45,63,5,10,48,44,5,7,32,0.375,0,0,0,0,3.911111111111111,3.0564514050750553,0,0,0,
730,0.5,simple-random-sample,7,3500,334,535,2631,0.7,0.7,0.7,Clumped-Poisson,5,3,Randomly placed,10.712857142857143,45,0,0,0,0,true,0,0,45,80,11,15,54,44,7,6,31,0.375,0,0,0,0,3.911111111111111,2.0856079493536686,0,0,0,
741,0.5,simple-random-sample,7,3500,341,529,2630,0.7,0.7,0.7,Clumped-Poisson,5,3,Randomly placed,7.070571428571428,45,0,0,0,0,true,0,0,45,69,3,10,56,50,0,8,42,0.375,0,0,0,0,4.444444444444445,1.7817254150248438,0,0,0,
738,0.5,simple-random-sample,7,3500,366,515,2619,0.7,0.7,0.7,Clumped-Poisson,5,3,Randomly placed,7.8665714285714285,45,0,0,0,0,true,0,0,45,72,7,12,53,44,6,11,27,0.375,0,0,0,0,3.911111111111111,2.1966342244107793,0,0,0,
729,0.5,simple-random-sample,7,3500,328,531,2641,0.7,0.7,0.7,Clumped-Poisson,5,3,Randomly placed,6.380285714285714,45,0,0,0,0,true,0,0,45,106,12,15,79,80,9,10,61,0.375,0,0,0,0,7.111111111111111,1.8535707247953024,0,0,0,
739,0.5,simple-random-sample,7,3500,354,538,2608,0.7,0.7,0.7,Clumped-Poisson,5,3,Randomly placed,6.602571428571429,45,0,0,0,0,true,0,0,45,72,9,13,50,47,7,9,31,0.375,0,0,0,0,4.177777777777778,1.7073180052287356,0,0,0,
722,0.5,simple-random-sample,7,3500,333,566,2601,0.7,0.7,0.7,Clumped-Poisson,5,3,Randomly placed,13.899714285714285,45,0,0,0,0,true,0,0,45,43,7,9,27,32,3,8,21,0.375,0,0,0,0,2.8444444444444446,2.77424264081454,0,0,0,
742,0.5,simple-random-sample,7,3500,341,515,2644,0.7,0.7,0.7,Clumped-Poisson,5,3,Randomly placed,8.312285714285714,45,0,0,0,0,true,0,0,45,118,12,18,88,82,10,11,61,0.375,0,0,0,0,7.288888888888889,2.281624329954517,0,0,0,
733,0.5,simple-random-sample,7,3500,351,525,2624,0.7,0.7,0.7,Clumped-Poisson,5,3,Randomly placed,7.913428571428571,45,0,0,0,0,true,0,0,45,79,7,15,57,59,4,12,43,0.375,0,0,0,0,5.2444444444444445,2.2696997410846413,0,0,0,
732,0.5,simple-random-sample,7,3500,327,558,2615,0.7,0.7,0.7,Clumped-Poisson,5,3,Randomly placed,7.584857142857143,45,0,0,0,0,true,0,0,45,126,12,18,96,97,11,14,72,0.375,0,0,0,0,8.622222222222222,1.7525221888897566,0,0,0,
744,0.5,simple-random-sample,7,3500,368,526,2606,0.7,0.7,0.7,Clumped-Poisson,5,3,Randomly placed,7.497999999999999,45,0,0,0,0,true,0,0,45,90,8,10,72,69,6,9,54,0.375,0,0,0,0,6.133333333333334,2.337427565359614,0,0,0,
743,0.5,simple-random-sample,7,3500,388,521,2591,0.7,0.7,0.7,Clumped-Poisson,5,3,Randomly placed,6.532857142857142,45,0,0,0,0,true,0,0,45,85,10,13,62,60,6,10,44,0.375,0,0,0,0,5.333333333333333,2.16309437443845,0,0,0,
736,0.5,simple-random-sample,7,3500,346,530,2624,0.7,0.7,0.7,Clumped-Poisson,5,3,Randomly placed,10.071714285714284,45,0,0,0,0,true,0,0,45,39,1,6,32,26,1,5,20,0.375,0,0,0,0,2.311111111111111,2.698731098639678,0,0,0,
747,0.5,simple-random-sample,7,3500,370,530,2600,0.7,0.7,0.7,Clumped-Poisson,5,3,Randomly placed,11.383714285714287,45,0,0,0,0,true,0,0,45,53,5,5,43,40,3,4,33,0.375,0,0,0,0,3.5555555555555554,2.472002316856814,0,0,0,
746,0.5,simple-random-sample,7,3500,345,490,2665,0.7,0.7,0.7,Clumped-Poisson,5,3,Randomly placed,11.821428571428571,45,0,0,0,0,true,0,0,45,56,5,7,44,35,3,5,27,0.375,0,0,0,0,3.111111111111111,2.847223039252538,0,0,0,
745,0.5,simple-random-sample,7,3500,347,537,2616,0.7,0.7,0.7,Clumped-Poisson,5,3,Randomly placed,13.787714285714285,45,0,0,0,0,true,0,0,45,77,11,9,57,51,5,7,39,0.375,0,0,0,0,4.533333333333333,2.7104704185625206,0,0,0,
748,0.5,simple-random-sample,7,3500,384,499,2617,0.7,0.7,0.7,Clumped-Poisson,5,3,Randomly placed,17.084285714285716,45,0,0,0,0,true,0,0,45,44,6,7,31,33,6,7,20,0.375,0,0,0,0,2.933333333333333,3.216458426346397,0,0,0,
750,0.5,simple-random-sample,7,3500,341,532,2627,0.7,0.7,0.7,Clumped-Poisson,5,3,Randomly placed,13.948857142857142,45,0,0,0,0,true,0,0,45,40,4,9,27,24,3,5,16,0.375,0,0,0,0,2.1333333333333333,4.029366631934283,0,0,0,
754,0.5,simple-random-sample,7,3500,329,556,2615,0.7,0.7,0.7,Clumped-Poisson,5,3,Randomly placed,12.943714285714284,45,0,0,0,0,true,0,0,45,74,6,8,60,50,3,4,43,0.375,0,0,0,0,4.444444444444445,2.701514726626863,0,0,0,
749,0.5,simple-random-sample,7,3500,358,522,2620,0.7,0.7,0.7,Clumped-Poisson,5,3,Randomly placed,10.338571428571429,45,0,0,0,0,true,0,0,45,81,10,11,60,58,5,10,43,0.375,0,0,0,0,5.155555555555556,2.198345010898417,0,0,0,
751,0.5,simple-random-sample,7,3500,345,567,2588,0.7,0.7,0.7,Clumped-Poisson,5,3,Randomly placed,7.751142857142858,45,0,0,0,0,true,0,0,45,69,5,16,48,49,5,11,33,0.375,0,0,0,0,4.355555555555555,2.2222887444344734,0,0,0,
752,0.5,simple-random-sample,7,3500,339,573,2588,0.7,0.7,0.7,Clumped-Poisson,5,3,Randomly placed,9.784857142857144,45,0,0,0,0,true,0,0,45,89,11,22,56,67,9,15,43,0.375,0,0,0,0,5.955555555555556,2.3987633258469634,0,0,0,
756,0.5,simple-random-sample,7,3500,334,528,2638,0.7,0.7,0.7,Clumped-Poisson,5,3,Randomly placed,6.811714285714286,45,0,0,0,0,true,0,0,45,83,6,11,66,58,4,9,45,0.375,0,0,0,0,5.155555555555556,1.8317144478914291,0,0,0,
753,0.5,simple-random-sample,7,3500,392,507,2601,0.7,0.7,0.7,Clumped-Poisson,5,3,Randomly placed,12.282,45,0,0,0,0,true,0,0,45,44,5,8,31,34,2,6,26,0.375,0,0,0,0,3.022222222222222,2.363487394584507,0,0,0,
759,0.5,simple-random-sample,7,3500,358,535,2607,0.7,0.7,0.7,Clumped-Poisson,5,3,Randomly placed,10.756285714285713,45,0,0,0,0,true,0,0,45,57,3,8,46,41,1,6,34,0.375,0,0,0,0,3.6444444444444444,2.1036946878220233,0,0,0,
757,0.5,simple-random-sample,7,3500,361,568,2571,0.7,0.7,0.7,Clumped-Poisson,5,3,Randomly placed,9.735142857142858,45,0,0,0,0,true,0,0,45,50,4,6,40,35,4,4,27,0.375,0,0,0,0,3.111111111111111,2.4036150880811187,0,0,0,
761,0.5,simple-random-sample,7,3500,341,517,2642,0.7,0.7,0.7,Clumped-Poisson,5,3,Randomly placed,7.4722857142857135,45,0,0,0,0,true,0,0,45,96,8,20,68,69,6,13,50,0.375,0,0,0,0,6.133333333333334,1.8582015153441858,0,0,0,
765,0.5,simple-random-sample,7,3500,333,558,2609,0.7,0.7,0.7,Clumped-Poisson,5,3,Randomly placed,11.319714285714285,45,0,0,0,0,true,0,0,45,51,7,2,42,34,5,1,28,0.375,0,0,0,0,3.022222222222222,2.3295545653847105,0,0,0,
760,0.5,simple-random-sample,7,3500,376,539,2585,0.7,0.7,0.7,Clumped-Poisson,5,3,Randomly placed,9.626000000000001,45,0,0,0,0,true,0,0,45,70,9,9,52,50,9,4,37,0.375,0,0,0,0,4.444444444444445,3.229199168946887,0,0,0,
755,0.5,simple-random-sample,7,3500,352,561,2587,0.7,0.7,0.7,Clumped-Poisson,5,3,Randomly placed,10.541428571428572,45,0,0,0,0,true,0,0,45,108,4,20,84,74,3,11,60,0.375,0,0,0,0,6.5777777777777775,2.181634521455156,0,0,0,
763,0.5,simple-random-sample,7,3500,377,493,2630,0.7,0.7,0.7,Clumped-Poisson,5,3,Randomly placed,7.775142857142858,45,0,0,0,0,true,0,0,45,72,13,8,51,53,11,5,37,0.375,0,0,0,0,4.711111111111111,2.05828687796486,0,0,0,
764,0.5,simple-random-sample,7,3500,352,508,2640,0.7,0.7,0.7,Clumped-Poisson,5,3,Randomly placed,12.484857142857143,45,0,0,0,0,true,0,0,45,144,10,25,109,100,7,15,78,0.375,0,0,0,0,8.88888888888889,2.216800519996002,0,0,0,
770,0.5,simple-random-sample,7,3500,348,556,2596,0.7,0.7,0.7,Clumped-Poisson,5,3,Randomly placed,9.966571428571429,45,0,0,0,0,true,0,0,45,131,14,18,99,88,11,12,65,0.375,0,0,0,0,7.822222222222222,2.2395040689471757,0,0,0,
768,0.5,simple-random-sample,7,3500,373,512,2615,0.7,0.7,0.7,Clumped-Poisson,5,3,Randomly placed,8.696857142857143,45,0,0,0,0,true,0,0,45,88,12,10,66,62,10,5,47,0.375,0,0,0,0,5.511111111111111,2.2914891085687583,0,0,0,
766,0.5,simple-random-sample,7,3500,378,521,2601,0.7,0.7,0.7,Clumped-Poisson,5,3,Randomly placed,5.809428571428571,45,0,0,0,0,true,0,0,45,75,4,14,57,54,3,8,43,0.375,0,0,0,0,4.8,1.7462080128788848,0,0,0,
758,0.5,simple-random-sample,7,3500,334,518,2648,0.7,0.7,0.7,Clumped-Poisson,5,3,Randomly placed,7.424285714285714,45,0,0,0,0,true,0,0,45,74,8,15,51,48,5,10,33,0.375,0,0,0,0,4.266666666666667,2.291171606306576,0,0,0,
767,0.5,simple-random-sample,7,3500,368,510,2622,0.7,0.7,0.7,Clumped-Poisson,5,3,Randomly placed,7.091142857142857,45,0,0,0,0,true,0,0,45,56,9,7,40,42,7,5,30,0.375,0,0,0,0,3.7333333333333334,2.3002278664247164,0,0,0,
773,0.5,simple-random-sample,7,3500,341,548,2611,0.7,0.7,0.7,Clumped-Poisson,5,3,Randomly placed,12.605428571428572,45,0,0,0,0,true,0,0,45,117,15,20,82,82,11,13,58,0.375,0,0,0,0,7.288888888888889,2.217732772728882,0,0,0,
772,0.5,simple-random-sample,7,3500,336,515,2649,0.7,0.7,0.7,Clumped-Poisson,5,3,Randomly placed,7.630571428571429,45,0,0,0,0,true,0,0,45,45,5,8,32,32,4,5,23,0.375,0,0,0,0,2.8444444444444446,2.675274452254638,0,0,0,
762,0.5,simple-random-sample,7,3500,373,520,2607,0.7,0.7,0.7,Clumped-Poisson,5,3,Randomly placed,16.958000000000002,45,0,0,0,0,true,0,0,45,93,12,19,62,65,7,15,43,0.375,0,0,0,0,5.777777777777778,2.867994071580476,0,0,0,
771,0.5,simple-random-sample,7,3500,341,528,2631,0.7,0.7,0.7,Clumped-Poisson,5,3,Randomly placed,7.452285714285714,45,0,0,0,0,true,0,0,45,55,7,5,43,39,6,4,29,0.375,0,0,0,0,3.466666666666667,1.8831519935673846,0,0,0,
776,0.5,simple-random-sample,7,3500,311,540,2649,0.7,0.7,0.7,Clumped-Poisson,5,3,Randomly placed,7.146,45,0,0,0,0,true,0,0,45,91,7,9,75,58,3,5,50,0.375,0,0,0,0,5.155555555555556,1.9334540372366193,0,0,0,
775,0.5,simple-random-sample,7,3500,374,555,2571,0.7,0.7,0.7,Clumped-Poisson,5,3,Randomly placed,10.543714285714286,45,0,0,0,0,true,0,0,45,36,5,9,22,25,5,5,15,0.375,0,0,0,0,2.2222222222222223,3.3136083051561775,0,0,0,
778,0.5,simple-random-sample,7,3500,333,542,2625,0.7,0.7,0.7,Clumped-Poisson,5,3,Randomly placed,6.0048571428571424,45,0,0,0,0,true,0,0,45,63,8,12,43,48,5,7,36,0.375,0,0,0,0,4.266666666666667,1.8578763536507337,0,0,0,
781,0.5,simple-random-sample,7,3500,344,545,2611,0.7,0.7,0.7,Clumped-Poisson,5,3,Randomly placed,13.28657142857143,45,0,0,0,0,true,0,0,45,53,8,3,42,37,7,1,29,0.375,0,0,0,0,3.2888888888888888,3.2725944590887313,0,0,0,
774,0.5,simple-random-sample,7,3500,333,510,2657,0.7,0.7,0.7,Clumped-Poisson,5,3,Randomly placed,9.562,45,0,0,0,0,true,0,0,45,94,12,17,65,74,9,12,53,0.375,0,0,0,0,6.5777777777777775,2.2942963489420265,0,0,0,
779,0.5,simple-random-sample,7,3500,365,555,2580,0.7,0.7,0.7,Clumped-Poisson,5,3,Randomly placed,10.176857142857143,45,0,0,0,0,true,0,0,45,66,5,8,53,42,3,6,33,0.375,0,0,0,0,3.7333333333333334,2.937782473688056,0,0,0,
780,0.5,simple-random-sample,7,3500,354,553,2593,0.7,0.7,0.7,Clumped-Poisson,5,3,Randomly placed,7.575714285714286,45,0,0,0,0,true,0,0,45,111,12,24,75,87,10,17,60,0.375,0,0,0,0,7.733333333333333,1.6519364920004798,0,0,0,
769,0.5,simple-random-sample,7,3500,349,546,2605,0.7,0.7,0.7,Clumped-Poisson,5,3,Randomly placed,10.72257142857143,45,0,0,0,0,true,0,0,45,63,7,14,42,42,4,11,27,0.375,0,0,0,0,3.7333333333333334,1.6216874328520055,0,0,0,
784,0.5,simple-random-sample,7,3500,357,508,2635,0.7,0.7,0.7,Clumped-Poisson,5,3,Randomly placed,7.336285714285714,45,0,0,0,0,true,0,0,45,35,8,7,20,22,6,3,13,0.375,0,0,0,0,1.9555555555555555,2.3734894757529785,0,0,0,
787,0.5,simple-random-sample,7,3500,357,491,2652,0.7,0.7,0.7,Clumped-Poisson,5,3,Randomly placed,7.83,45,0,0,0,0,true,0,0,45,63,6,8,49,46,5,5,36,0.375,0,0,0,0,4.088888888888889,2.9605260896699477,0,0,0,
785,0.5,simple-random-sample,7,3500,362,526,2612,0.7,0.7,0.7,Clumped-Poisson,5,3,Randomly placed,10.300857142857142,45,0,0,0,0,true,0,0,45,73,7,13,53,55,5,11,39,0.375,0,0,0,0,4.888888888888889,2.0851519735543094,0,0,0,
789,0.5,simple-random-sample,7,3500,368,536,2596,0.7,0.7,0.7,Clumped-Poisson,5,3,Randomly placed,7.693428571428571,45,0,0,0,0,true,0,0,45,37,2,7,28,22,0,4,18,0.375,0,0,0,0,1.9555555555555555,2.490779389758311,0,0,0,
783,0.5,simple-random-sample,7,3500,340,537,2623,0.7,0.7,0.7,Clumped-Poisson,5,3,Randomly placed,10.545428571428571,45,0,0,0,0,true,0,0,45,54,8,10,36,40,5,7,28,0.375,0,0,0,0,3.5555555555555554,2.3405091229357464,0,0,0,
791,0.5,simple-random-sample,7,3500,387,530,2583,0.7,0.7,0.7,Clumped-Poisson,5,3,Randomly placed,13.471142857142857,45,0,0,0,0,true,0,0,45,31,9,8,14,24,6,6,12,0.375,0,0,0,0,2.1333333333333333,2.3851457931425197,0,0,0,
788,0.5,simple-random-sample,7,3500,343,518,2639,0.7,0.7,0.7,Clumped-Poisson,5,3,Randomly placed,8.096285714285715,45,0,0,0,0,true,0,0,45,77,5,12,60,58,4,10,44,0.375,0,0,0,0,5.155555555555556,2.179595161143303,0,0,0,
777,0.5,simple-random-sample,7,3500,370,522,2608,0.7,0.7,0.7,Clumped-Poisson,5,3,Randomly placed,9.478571428571428,45,0,0,0,0,true,0,0,45,87,11,16,60,59,8,12,39,0.375,0,0,0,0,5.2444444444444445,2.228551368104861,0,0,0,
790,0.5,simple-random-sample,7,3500,335,530,2635,0.7,0.7,0.7,Clumped-Poisson,5,3,Randomly placed,6.502571428571429,45,0,0,0,0,true,0,0,45,63,5,7,51,44,2,3,39,0.375,0,0,0,0,3.911111111111111,2.1529109031435865,0,0,0,
782,0.5,simple-random-sample,7,3500,348,519,2633,0.7,0.7,0.7,Clumped-Poisson,5,3,Randomly placed,8.712285714285715,45,0,0,0,0,true,0,0,45,74,6,9,59,52,2,8,42,0.375,0,0,0,0,4.622222222222222,1.6804305478807127,0,0,0,
793,0.5,simple-random-sample,7,3500,357,539,2604,0.7,0.7,0.7,Clumped-Poisson,5,3,Randomly placed,9.587714285714286,45,0,0,0,0,true,0,0,45,113,15,22,76,78,9,13,56,0.375,0,0,0,0,6.933333333333334,2.389502661504764,0,0,0,
794,0.5,simple-random-sample,7,3500,342,546,2612,0.7,0.7,0.7,Clumped-Poisson,5,3,Randomly placed,9.57457142857143,45,0,0,0,0,true,0,0,45,54,4,7,43,38,4,4,30,0.375,0,0,0,0,3.3777777777777778,2.0032474893660726,0,0,0,
804,0.5,simple-random-sample,0.01,5,0,1,4,0.3,0.3,0.3,Clumped-Poisson,5,3,Randomly placed,0.9975000000000227,45,0,0,0,0,true,0,0,45,0,0,0,0,0,0,0,0,0.375,0,0,0,0,0,NA,0,0,0,
805,0.5,simple-random-sample,0.01,5,0,1,4,0.3,0.3,0.3,Clumped-Poisson,5,3,Randomly placed,0.9975000000000683,45,0,0,0,0,true,0,0,45,0,0,0,0,0,0,0,0,0.375,0,0,0,0,0,NA,0,0,0,
803,0.5,simple-random-sample,0.01,5,0,0,5,0.3,0.3,0.3,Clumped-Poisson,5,3,Randomly placed,0.9975000000000657,45,0,0,0,0,true,0,0,45,0,0,0,0,0,0,0,0,0.375,0,0,0,0,0,NA,0,0,0,
802,0.5,simple-random-sample,0.01,5,1,0,4,0.3,0.3,0.3,Clumped-Poisson,5,3,Randomly placed,0.9975000000000382,45,0,0,0,0,true,0,0,45,0,0,0,0,0,0,0,0,0.375,0,0,0,0,0,NA,0,0,0,
801,0.5,simple-random-sample,0.01,5,0,0,5,0.3,0.3,0.3,Clumped-Poisson,5,3,Randomly placed,0.9975000000000268,45,0,0,0,0,true,0,0,45,0,0,0,0,0,0,0,0,0.375,0,0,0,0,0,NA,0,0,0,
806,0.5,simple-random-sample,0.01,5,0,0,5,0.3,0.3,0.3,Clumped-Poisson,5,3,Randomly placed,0.9975000000000287,45,0,0,0,0,true,0,0,45,0,0,0,0,0,0,0,0,0.375,0,0,0,0,0,NA,0,0,0,
807,0.5,simple-random-sample,0.01,5,1,1,3,0.3,0.3,0.3,Clumped-Poisson,5,3,Randomly placed,0.9975000000000472,45,0,0,0,0,true,0,0,45,0,0,0,0,0,0,0,0,0.375,0,0,0,0,0,NA,0,0,0,
808,0.5,simple-random-sample,0.01,5,2,0,3,0.3,0.3,0.3,Clumped-Poisson,5,3,Randomly placed,0.997500000000037,45,0,0,0,0,true,0,0,45,0,0,0,0,0,0,0,0,0.375,0,0,0,0,0,NA,0,0,0,
786,0.5,simple-random-sample,7,3500,335,510,2655,0.7,0.7,0.7,Clumped-Poisson,5,3,Randomly placed,12.316285714285714,45,0,0,0,0,true,0,0,45,83,3,17,63,62,1,12,49,0.375,0,0,0,0,5.511111111111111,2.071982923269472,0,0,0,
809,0.5,simple-random-sample,0.01,5,0,1,4,0.3,0.3,0.3,Clumped-Poisson,5,3,Randomly placed,0.9975000000000386,45,0,0,0,0,true,0,0,45,0,0,0,0,0,0,0,0,0.375,0,0,0,0,0,NA,0,0,0,
792,0.5,simple-random-sample,7,3500,408,525,2567,0.7,0.7,0.7,Clumped-Poisson,5,3,Randomly placed,9.953428571428573,45,0,0,0,0,true,0,0,45,122,17,19,86,80,9,15,56,0.375,0,0,0,0,7.111111111111111,2.32509622234905,0,0,0,
810,0.5,simple-random-sample,0.01,5,1,4,0,0.3,0.3,0.3,Clumped-Poisson,5,3,Randomly placed,0.997500000000073,45,0,0,0,0,true,0,0,45,0,0,0,0,0,0,0,0,0.375,0,0,0,0,0,NA,0,0,0,
795,0.5,simple-random-sample,7,3500,341,523,2636,0.7,0.7,0.7,Clumped-Poisson,5,3,Randomly placed,7.780857142857143,45,0,0,0,0,true,0,0,45,77,5,12,60,54,3,11,40,0.375,0,0,0,0,4.8,2.755847776945775,0,0,0,
813,0.5,simple-random-sample,0.01,5,2,0,3,0.3,0.3,0.3,Clumped-Poisson,5,3,Randomly placed,0.9975000000000435,45,0,0,0,0,true,0,0,45,0,0,0,0,0,0,0,0,0.375,0,0,0,0,0,NA,0,0,0,
797,0.5,simple-random-sample,7,3500,355,548,2597,0.7,0.7,0.7,Clumped-Poisson,5,3,Randomly placed,8.498,45,0,0,0,0,true,0,0,45,117,9,19,89,81,7,13,61,0.375,0,0,0,0,7.2,1.8750233818220372,0,0,0,
812,0.5,simple-random-sample,0.01,5,0,1,4,0.3,0.3,0.3,Clumped-Poisson,5,3,Randomly placed,0.9975000000000256,45,0,0,0,0,true,0,0,45,1,0,0,1,0,0,0,0,0.375,0,0,0,0,0,NA,0,0,0,
815,0.5,simple-random-sample,0.01,5,0,1,4,0.3,0.3,0.3,Clumped-Poisson,5,3,Randomly placed,0.9975000000000656,45,0,0,0,0,true,0,0,45,0,0,0,0,0,0,0,0,0.375,0,0,0,0,0,NA,0,0,0,
811,0.5,simple-random-sample,0.01,5,0,1,4,0.3,0.3,0.3,Clumped-Poisson,5,3,Randomly placed,0.997500000000025,45,0,0,0,0,true,0,0,45,0,0,0,0,0,0,0,0,0.375,0,0,0,0,0,NA,0,0,0,
814,0.5,simple-random-sample,0.01,5,0,1,4,0.3,0.3,0.3,Clumped-Poisson,5,3,Randomly placed,0.9975000000000456,45,0,0,0,0,true,0,0,45,0,0,0,0,0,0,0,0,0.375,0,0,0,0,0,NA,0,0,0,
816,0.5,simple-random-sample,0.01,5,0,1,4,0.3,0.3,0.3,Clumped-Poisson,5,3,Randomly placed,0.9975000000000089,45,0,0,0,0,true,0,0,45,0,0,0,0,0,0,0,0,0.375,0,0,0,0,0,NA,0,0,0,
799,0.5,simple-random-sample,7,3500,371,541,2588,0.7,0.7,0.7,Clumped-Poisson,5,3,Randomly placed,9.934,45,0,0,0,0,true,0,0,45,70,7,13,50,50,5,10,35,0.375,0,0,0,0,4.444444444444445,2.821508300698244,0,0,0,
800,0.5,simple-random-sample,7,3500,387,516,2597,0.7,0.7,0.7,Clumped-Poisson,5,3,Randomly placed,8.548285714285715,45,0,0,0,0,true,0,0,45,105,13,10,82,69,11,7,51,0.375,0,0,0,0,6.133333333333334,2.52049512726053,0,0,0,
817,0.5,simple-random-sample,0.01,5,0,2,3,0.3,0.3,0.3,Clumped-Poisson,5,3,Randomly placed,0.9975000000000234,45,0,0,0,0,true,0,0,45,0,0,0,0,0,0,0,0,0.375,0,0,0,0,0,NA,0,0,0,
798,0.5,simple-random-sample,7,3500,373,517,2610,0.7,0.7,0.7,Clumped-Poisson,5,3,Randomly placed,8.163142857142857,45,0,0,0,0,true,0,0,45,92,15,15,62,66,11,13,42,0.375,0,0,0,0,5.866666666666666,2.452306141057141,0,0,0,
820,0.5,simple-random-sample,0.01,5,0,1,4,0.3,0.3,0.3,Clumped-Poisson,5,3,Randomly placed,0.9975000000000662,45,0,0,0,0,true,0,0,45,0,0,0,0,0,0,0,0,0.375,0,0,0,0,0,NA,0,0,0,
821,0.5,simple-random-sample,0.01,5,1,0,4,0.3,0.3,0.3,Clumped-Poisson,5,3,Randomly placed,0.9975000000000332,45,0,0,0,0,true,0,0,45,0,0,0,0,0,0,0,0,0.375,0,0,0,0,0,NA,0,0,0,
824,0.5,simple-random-sample,0.01,5,0,2,3,0.3,0.3,0.3,Clumped-Poisson,5,3,Randomly placed,0.9975000000000478,45,0,0,0,0,true,0,0,45,0,0,0,0,0,0,0,0,0.375,0,0,0,0,0,NA,0,0,0,
796,0.5,simple-random-sample,7,3500,369,498,2633,0.7,0.7,0.7,Clumped-Poisson,5,3,Randomly placed,8.732857142857144,45,0,0,0,0,true,0,0,45,92,15,14,63,64,7,11,46,0.375,0,0,0,0,5.688888888888889,2.8501562924399826,0,0,0,
819,0.5,simple-random-sample,0.01,5,0,0,5,0.3,0.3,0.3,Clumped-Poisson,5,3,Randomly placed,0.9975000000000203,45,0,0,0,0,true,0,0,45,0,0,0,0,0,0,0,0,0.375,0,0,0,0,0,NA,0,0,0,
823,0.5,simple-random-sample,0.01,5,0,1,4,0.3,0.3,0.3,Clumped-Poisson,5,3,Randomly placed,0.9975000000000286,45,0,0,0,0,true,0,0,45,0,0,0,0,0,0,0,0,0.375,0,0,0,0,0,NA,0,0,0,
825,0.5,simple-random-sample,0.01,5,0,1,4,0.3,0.3,0.3,Clumped-Poisson,5,3,Randomly placed,0.9975000000000388,45,0,0,0,0,true,0,0,45,0,0,0,0,0,0,0,0,0.375,0,0,0,0,0,NA,0,0,0,
818,0.5,simple-random-sample,0.01,5,0,1,4,0.3,0.3,0.3,Clumped-Poisson,5,3,Randomly placed,0.9975000000000173,45,0,0,0,0,true,0,0,45,0,0,0,0,0,0,0,0,0.375,0,0,0,0,0,NA,0,0,0,
828,0.5,simple-random-sample,0.01,5,1,0,4,0.3,0.3,0.3,Clumped-Poisson,5,3,Randomly placed,0.997500000000037,45,0,0,0,0,true,0,0,45,0,0,0,0,0,0,0,0,0.375,0,0,0,0,0,NA,0,0,0,
827,0.5,simple-random-sample,0.01,5,1,1,3,0.3,0.3,0.3,Clumped-Poisson,5,3,Randomly placed,0.9975000000000644,45,0,0,0,0,true,0,0,45,1,0,0,1,0,0,0,0,0.375,0,0,0,0,0,NA,0,0,0,
829,0.5,simple-random-sample,0.01,5,0,1,4,0.3,0.3,0.3,Clumped-Poisson,5,3,Randomly placed,0.9975000000000582,45,0,0,0,0,true,0,0,45,0,0,0,0,0,0,0,0,0.375,0,0,0,0,0,NA,0,0,0,
830,0.5,simple-random-sample,0.01,5,0,1,4,0.3,0.3,0.3,Clumped-Poisson,5,3,Randomly placed,0.9975000000000414,45,0,0,0,0,true,0,0,45,0,0,0,0,0,0,0,0,0.375,0,0,0,0,0,NA,0,0,0,
831,0.5,simple-random-sample,0.01,5,0,0,5,0.3,0.3,0.3,Clumped-Poisson,5,3,Randomly placed,0.9975000000000336,45,0,0,0,0,true,0,0,45,0,0,0,0,0,0,0,0,0.375,0,0,0,0,0,NA,0,0,0,
822,0.5,simple-random-sample,0.01,5,0,0,5,0.3,0.3,0.3,Clumped-Poisson,5,3,Randomly placed,0.9975000000000589,45,0,0,0,0,true,0,0,45,0,0,0,0,0,0,0,0,0.375,0,0,0,0,0,NA,0,0,0,
832,0.5,simple-random-sample,0.01,5,0,0,5,0.3,0.3,0.3,Clumped-Poisson,5,3,Randomly placed,0.9975000000000338,45,0,0,0,0,true,0,0,45,1,0,0,1,0,0,0,0,0.375,0,0,0,0,0,NA,0,0,0,
826,0.5,simple-random-sample,0.01,5,1,2,2,0.3,0.3,0.3,Clumped-Poisson,5,3,Randomly placed,0.9975000000000401,45,0,0,0,0,true,0,0,45,0,0,0,0,0,0,0,0,0.375,0,0,0,0,0,NA,0,0,0,
833,0.5,simple-random-sample,0.01,5,1,1,3,0.3,0.3,0.3,Clumped-Poisson,5,3,Randomly placed,0.9975000000000284,45,0,0,0,0,true,0,0,45,0,0,0,0,0,0,0,0,0.375,0,0,0,0,0,NA,0,0,0,
835,0.5,simple-random-sample,0.01,5,0,0,5,0.3,0.3,0.3,Clumped-Poisson,5,3,Randomly placed,0.9975000000000716,45,0,0,0,0,true,0,0,45,0,0,0,0,0,0,0,0,0.375,0,0,0,0,0,NA,0,0,0,
837,0.5,simple-random-sample,0.01,5,2,0,3,0.3,0.3,0.3,Clumped-Poisson,5,3,Randomly placed,0.9975000000000179,45,0,0,0,0,true,0,0,45,0,0,0,0,0,0,0,0,0.375,0,0,0,0,0,NA,0,0,0,
841,0.5,simple-random-sample,0.01,5,1,1,3,0.3,0.3,0.3,Clumped-Poisson,5,3,Randomly placed,0.997500000000056,45,0,0,0,0,true,0,0,45,0,0,0,0,0,0,0,0,0.375,0,0,0,0,0,NA,0,0,0,
845,0.5,simple-random-sample,0.01,5,2,0,3,0.3,0.3,0.3,Clumped-Poisson,5,3,Randomly placed,0.9975000000000465,45,0,0,0,0,true,0,0,45,0,0,0,0,0,0,0,0,0.375,0,0,0,0,0,NA,0,0,0,
834,0.5,simple-random-sample,0.01,5,0,1,4,0.3,0.3,0.3,Clumped-Poisson,5,3,Randomly placed,0.9975000000000263,45,0,0,0,0,true,0,0,45,0,0,0,0,0,0,0,0,0.375,0,0,0,0,0,NA,0,0,0,
842,0.5,simple-random-sample,0.01,5,1,0,4,0.3,0.3,0.3,Clumped-Poisson,5,3,Randomly placed,0.9975000000000483,45,0,0,0,0,true,0,0,45,0,0,0,0,0,0,0,0,0.375,0,0,0,0,0,NA,0,0,0,
840,0.5,simple-random-sample,0.01,5,0,1,4,0.3,0.3,0.3,Clumped-Poisson,5,3,Randomly placed,0.997500000000032,45,0,0,0,0,true,0,0,45,0,0,0,0,0,0,0,0,0.375,0,0,0,0,0,NA,0,0,0,
839,0.5,simple-random-sample,0.01,5,0,1,4,0.3,0.3,0.3,Clumped-Poisson,5,3,Randomly placed,0.9975000000000536,45,0,0,0,0,true,0,0,45,0,0,0,0,0,0,0,0,0.375,0,0,0,0,0,NA,0,0,0,
844,0.5,simple-random-sample,0.01,5,1,1,3,0.3,0.3,0.3,Clumped-Poisson,5,3,Randomly placed,0.9975000000000626,45,0,0,0,0,true,0,0,45,0,0,0,0,0,0,0,0,0.375,0,0,0,0,0,NA,0,0,0,
847,0.5,simple-random-sample,0.01,5,0,0,5,0.3,0.3,0.3,Clumped-Poisson,5,3,Randomly placed,0.9975000000000123,45,0,0,0,0,true,0,0,45,0,0,0,0,0,0,0,0,0.375,0,0,0,0,0,NA,0,0,0,
843,0.5,simple-random-sample,0.01,5,0,0,5,0.3,0.3,0.3,Clumped-Poisson,5,3,Randomly placed,0.9975000000000445,45,0,0,0,0,true,0,0,45,0,0,0,0,0,0,0,0,0.375,0,0,0,0,0,NA,0,0,0,
848,0.5,simple-random-sample,0.01,5,0,0,5,0.3,0.3,0.3,Clumped-Poisson,5,3,Randomly placed,0.9975000000000258,45,0,0,0,0,true,0,0,45,0,0,0,0,0,0,0,0,0.375,0,0,0,0,0,NA,0,0,0,
850,0.5,simple-random-sample,0.01,5,0,0,5,0.3,0.3,0.3,Clumped-Poisson,5,3,Randomly placed,0.997500000000066,45,0,0,0,0,true,0,0,45,0,0,0,0,0,0,0,0,0.375,0,0,0,0,0,NA,0,0,0,
853,0.5,simple-random-sample,0.01,5,1,1,3,0.3,0.3,0.3,Clumped-Poisson,5,3,Randomly placed,0.9975000000000336,45,0,0,0,0,true,0,0,45,0,0,0,0,0,0,0,0,0.375,0,0,0,0,0,NA,0,0,0,
846,0.5,simple-random-sample,0.01,5,0,2,3,0.3,0.3,0.3,Clumped-Poisson,5,3,Randomly placed,0.9975000000000308,45,0,0,0,0,true,0,0,45,0,0,0,0,0,0,0,0,0.375,0,0,0,0,0,NA,0,0,0,
852,0.5,simple-random-sample,0.01,5,1,2,2,0.3,0.3,0.3,Clumped-Poisson,5,3,Randomly placed,0.997500000000035,45,0,0,0,0,true,0,0,45,0,0,0,0,0,0,0,0,0.375,0,0,0,0,0,NA,0,0,0,
854,0.5,simple-random-sample,0.01,5,0,2,3,0.3,0.3,0.3,Clumped-Poisson,5,3,Randomly placed,0.997500000000033,45,0,0,0,0,true,0,0,45,0,0,0,0,0,0,0,0,0.375,0,0,0,0,0,NA,0,0,0,
851,0.5,simple-random-sample,0.01,5,0,0,5,0.3,0.3,0.3,Clumped-Poisson,5,3,Randomly placed,0.9975000000000421,45,0,0,0,0,true,0,0,45,0,0,0,0,0,0,0,0,0.375,0,0,0,0,0,NA,0,0,0,
855,0.5,simple-random-sample,0.01,5,0,2,3,0.3,0.3,0.3,Clumped-Poisson,5,3,Randomly placed,0.997500000000016,45,0,0,0,0,true,0,0,45,0,0,0,0,0,0,0,0,0.375,0,0,0,0,0,NA,0,0,0,
857,0.5,simple-random-sample,0.01,5,0,1,4,0.3,0.3,0.3,Clumped-Poisson,5,3,Randomly placed,0.9975000000000425,45,0,0,0,0,true,0,0,45,0,0,0,0,0,0,0,0,0.375,0,0,0,0,0,NA,0,0,0,
856,0.5,simple-random-sample,0.01,5,1,0,4,0.3,0.3,0.3,Clumped-Poisson,5,3,Randomly placed,0.9975000000000247,45,0,0,0,0,true,0,0,45,0,0,0,0,0,0,0,0,0.375,0,0,0,0,0,NA,0,0,0,
838,0.5,simple-random-sample,0.01,5,0,0,5,0.3,0.3,0.3,Clumped-Poisson,5,3,Randomly placed,0.9975000000000156,45,0,0,0,0,true,0,0,45,0,0,0,0,0,0,0,0,0.375,0,0,0,0,0,NA,0,0,0,
863,0.5,simple-random-sample,0.01,5,1,1,3,0.3,0.3,0.3,Clumped-Poisson,5,3,Randomly placed,0.997500000000053,45,0,0,0,0,true,0,0,45,0,0,0,0,0,0,0,0,0.375,0,0,0,0,0,NA,0,0,0,
858,0.5,simple-random-sample,0.01,5,1,0,4,0.3,0.3,0.3,Clumped-Poisson,5,3,Randomly placed,0.9975000000000317,45,0,0,0,0,true,0,0,45,0,0,0,0,0,0,0,0,0.375,0,0,0,0,0,NA,0,0,0,
836,0.5,simple-random-sample,0.01,5,0,3,2,0.3,0.3,0.3,Clumped-Poisson,5,3,Randomly placed,0.9975000000000364,45,0,0,0,0,true,0,0,45,0,0,0,0,0,0,0,0,0.375,0,0,0,0,0,NA,0,0,0,
859,0.5,simple-random-sample,0.01,5,1,1,3,0.3,0.3,0.3,Clumped-Poisson,5,3,Randomly placed,0.9975000000000364,45,0,0,0,0,true,0,0,45,1,0,0,1,0,0,0,0,0.375,0,0,0,0,0,NA,0,0,0,
861,0.5,simple-random-sample,0.01,5,0,0,5,0.3,0.3,0.3,Clumped-Poisson,5,3,Randomly placed,0.9975000000000565,45,0,0,0,0,true,0,0,45,0,0,0,0,0,0,0,0,0.375,0,0,0,0,0,NA,0,0,0,
862,0.5,simple-random-sample,0.01,5,0,0,5,0.3,0.3,0.3,Clumped-Poisson,5,3,Randomly placed,0.9975000000000552,45,0,0,0,0,true,0,0,45,0,0,0,0,0,0,0,0,0.375,0,0,0,0,0,NA,0,0,0,
860,0.5,simple-random-sample,0.01,5,1,2,2,0.3,0.3,0.3,Clumped-Poisson,5,3,Randomly placed,0.9975000000000747,45,0,0,0,0,true,0,0,45,0,0,0,0,0,0,0,0,0.375,0,0,0,0,0,NA,0,0,0,
849,0.5,simple-random-sample,0.01,5,1,0,4,0.3,0.3,0.3,Clumped-Poisson,5,3,Randomly placed,0.9975000000000435,45,0,0,0,0,true,0,0,45,0,0,0,0,0,0,0,0,0.375,0,0,0,0,0,NA,0,0,0,
868,0.5,simple-random-sample,0.01,5,1,0,4,0.3,0.3,0.3,Clumped-Poisson,5,3,Randomly placed,0.9975000000000175,45,0,0,0,0,true,0,0,45,0,0,0,0,0,0,0,0,0.375,0,0,0,0,0,NA,0,0,0,
864,0.5,simple-random-sample,0.01,5,2,1,2,0.3,0.3,0.3,Clumped-Poisson,5,3,Randomly placed,0.9975000000000523,45,0,0,0,0,true,0,0,45,0,0,0,0,0,0,0,0,0.375,0,0,0,0,0,NA,0,0,0,
867,0.5,simple-random-sample,0.01,5,2,1,2,0.3,0.3,0.3,Clumped-Poisson,5,3,Randomly placed,0.997500000000062,45,0,0,0,0,true,0,0,45,0,0,0,0,0,0,0,0,0.375,0,0,0,0,0,NA,0,0,0,
865,0.5,simple-random-sample,0.01,5,0,0,5,0.3,0.3,0.3,Clumped-Poisson,5,3,Randomly placed,0.997500000000053,45,0,0,0,0,true,0,0,45,0,0,0,0,0,0,0,0,0.375,0,0,0,0,0,NA,0,0,0,
866,0.5,simple-random-sample,0.01,5,0,1,4,0.3,0.3,0.3,Clumped-Poisson,5,3,Randomly placed,0.9975000000000608,45,0,0,0,0,true,0,0,45,0,0,0,0,0,0,0,0,0.375,0,0,0,0,0,NA,0,0,0,
869,0.5,simple-random-sample,0.01,5,1,2,2,0.3,0.3,0.3,Clumped-Poisson,5,3,Randomly placed,0.9975000000000357,45,0,0,0,0,true,0,0,45,0,0,0,0,0,0,0,0,0.375,0,0,0,0,0,NA,0,0,0,
875,0.5,simple-random-sample,0.01,5,1,0,4,0.3,0.3,0.3,Clumped-Poisson,5,3,Randomly placed,0.9975000000000631,45,0,0,0,0,true,0,0,45,0,0,0,0,0,0,0,0,0.375,0,0,0,0,0,NA,0,0,0,
876,0.5,simple-random-sample,0.01,5,0,1,4,0.3,0.3,0.3,Clumped-Poisson,5,3,Randomly placed,0.9975000000000421,45,0,0,0,0,true,0,0,45,0,0,0,0,0,0,0,0,0.375,0,0,0,0,0,NA,0,0,0,
871,0.5,simple-random-sample,0.01,5,1,1,3,0.3,0.3,0.3,Clumped-Poisson,5,3,Randomly placed,0.9975000000000191,45,0,0,0,0,true,0,0,45,1,0,0,1,1,0,0,1,0.375,0,0,0,0,0.08888888888888889,6.70820393249937,0,0,0,
872,0.5,simple-random-sample,0.01,5,1,1,3,0.3,0.3,0.3,Clumped-Poisson,5,3,Randomly placed,0.9975000000000425,45,0,0,0,0,true,0,0,45,0,0,0,0,0,0,0,0,0.375,0,0,0,0,0,NA,0,0,0,
877,0.5,simple-random-sample,0.01,5,0,0,5,0.3,0.3,0.3,Clumped-Poisson,5,3,Randomly placed,0.9975000000000492,45,0,0,0,0,true,0,0,45,0,0,0,0,0,0,0,0,0.375,0,0,0,0,0,NA,0,0,0,
878,0.5,simple-random-sample,0.01,5,1,0,4,0.3,0.3,0.3,Clumped-Poisson,5,3,Randomly placed,0.9975000000000227,45,0,0,0,0,true,0,0,45,0,0,0,0,0,0,0,0,0.375,0,0,0,0,0,NA,0,0,0,
870,0.5,simple-random-sample,0.01,5,0,0,5,0.3,0.3,0.3,Clumped-Poisson,5,3,Randomly placed,0.9975000000000441,45,0,0,0,0,true,0,0,45,0,0,0,0,0,0,0,0,0.375,0,0,0,0,0,NA,0,0,0,
880,0.5,simple-random-sample,0.01,5,0,0,5,0.3,0.3,0.3,Clumped-Poisson,5,3,Randomly placed,0.9975000000000604,45,0,0,0,0,true,0,0,45,0,0,0,0,0,0,0,0,0.375,0,0,0,0,0,NA,0,0,0,
882,0.5,simple-random-sample,0.01,5,0,2,3,0.3,0.3,0.3,Clumped-Poisson,5,3,Randomly placed,0.9975000000000348,45,0,0,0,0,true,0,0,45,0,0,0,0,0,0,0,0,0.375,0,0,0,0,0,NA,0,0,0,
886,0.5,simple-random-sample,0.01,5,0,0,5,0.3,0.3,0.3,Clumped-Poisson,5,3,Randomly placed,0.9975000000000246,45,0,0,0,0,true,0,0,45,0,0,0,0,0,0,0,0,0.375,0,0,0,0,0,NA,0,0,0,
885,0.5,simple-random-sample,0.01,5,0,0,5,0.3,0.3,0.3,Clumped-Poisson,5,3,Randomly placed,0.9975000000000156,45,0,0,0,0,true,0,0,45,0,0,0,0,0,0,0,0,0.375,0,0,0,0,0,NA,0,0,0,
881,0.5,simple-random-sample,0.01,5,0,1,4,0.3,0.3,0.3,Clumped-Poisson,5,3,Randomly placed,0.9975000000000435,45,0,0,0,0,true,0,0,45,0,0,0,0,0,0,0,0,0.375,0,0,0,0,0,NA,0,0,0,
884,0.5,simple-random-sample,0.01,5,1,1,3,0.3,0.3,0.3,Clumped-Poisson,5,3,Randomly placed,0.9975000000000619,45,0,0,0,0,true,0,0,45,0,0,0,0,0,0,0,0,0.375,0,0,0,0,0,NA,0,0,0,
883,0.5,simple-random-sample,0.01,5,0,2,3,0.3,0.3,0.3,Clumped-Poisson,5,3,Randomly placed,0.9975000000000318,45,0,0,0,0,true,0,0,45,0,0,0,0,0,0,0,0,0.375,0,0,0,0,0,NA,0,0,0,
888,0.5,simple-random-sample,0.01,5,0,2,3,0.3,0.3,0.3,Clumped-Poisson,5,3,Randomly placed,0.9975000000000707,45,0,0,0,0,true,0,0,45,0,0,0,0,0,0,0,0,0.375,0,0,0,0,0,NA,0,0,0,
887,0.5,simple-random-sample,0.01,5,0,0,5,0.3,0.3,0.3,Clumped-Poisson,5,3,Randomly placed,0.9975000000000542,45,0,0,0,0,true,0,0,45,1,0,0,1,0,0,0,0,0.375,0,0,0,0,0,NA,0,0,0,
889,0.5,simple-random-sample,0.01,5,2,0,3,0.3,0.3,0.3,Clumped-Poisson,5,3,Randomly placed,0.9975000000000549,45,0,0,0,0,true,0,0,45,1,1,0,0,0,0,0,0,0.375,0,0,0,0,0,NA,0,0,0,
891,0.5,simple-random-sample,0.01,5,1,1,3,0.3,0.3,0.3,Clumped-Poisson,5,3,Randomly placed,0.9975000000000644,45,0,0,0,0,true,0,0,45,1,0,0,1,0,0,0,0,0.375,0,0,0,0,0,NA,0,0,0,
890,0.5,simple-random-sample,0.01,5,1,0,4,0.3,0.3,0.3,Clumped-Poisson,5,3,Randomly placed,0.9975000000000255,45,0,0,0,0,true,0,0,45,0,0,0,0,0,0,0,0,0.375,0,0,0,0,0,NA,0,0,0,
893,0.5,simple-random-sample,0.01,5,0,1,4,0.3,0.3,0.3,Clumped-Poisson,5,3,Randomly placed,0.9975000000000348,45,0,0,0,0,true,0,0,45,0,0,0,0,0,0,0,0,0.375,0,0,0,0,0,NA,0,0,0,
895,0.5,simple-random-sample,0.01,5,1,1,3,0.3,0.3,0.3,Clumped-Poisson,5,3,Randomly placed,0.9975000000000315,45,0,0,0,0,true,0,0,45,0,0,0,0,0,0,0,0,0.375,0,0,0,0,0,NA,0,0,0,
894,0.5,simple-random-sample,0.01,5,1,0,4,0.3,0.3,0.3,Clumped-Poisson,5,3,Randomly placed,0.9975000000000483,45,0,0,0,0,true,0,0,45,0,0,0,0,0,0,0,0,0.375,0,0,0,0,0,NA,0,0,0,
899,0.5,simple-random-sample,0.01,5,0,1,4,0.3,0.3,0.3,Clumped-Poisson,5,3,Randomly placed,0.997500000000037,45,0,0,0,0,true,0,0,45,0,0,0,0,0,0,0,0,0.375,0,0,0,0,0,NA,0,0,0,
892,0.5,simple-random-sample,0.01,5,2,0,3,0.3,0.3,0.3,Clumped-Poisson,5,3,Randomly placed,0.9975000000000572,45,0,0,0,0,true,0,0,45,0,0,0,0,0,0,0,0,0.375,0,0,0,0,0,NA,0,0,0,
900,0.5,simple-random-sample,0.01,5,0,2,3,0.3,0.3,0.3,Clumped-Poisson,5,3,Randomly placed,0.9975000000000472,45,0,0,0,0,true,0,0,45,0,0,0,0,0,0,0,0,0.375,0,0,0,0,0,NA,0,0,0,
879,0.5,simple-random-sample,0.01,5,1,1,3,0.3,0.3,0.3,Clumped-Poisson,5,3,Randomly placed,0.9975000000000416,45,0,0,0,0,true,0,0,45,0,0,0,0,0,0,0,0,0.375,0,0,0,0,0,NA,0,0,0,
897,0.5,simple-random-sample,0.01,5,0,0,5,0.3,0.3,0.3,Clumped-Poisson,5,3,Randomly placed,0.9975000000000483,45,0,0,0,0,true,0,0,45,0,0,0,0,0,0,0,0,0.375,0,0,0,0,0,NA,0,0,0,
896,0.5,simple-random-sample,0.01,5,1,1,3,0.3,0.3,0.3,Clumped-Poisson,5,3,Randomly placed,0.9975000000000425,45,0,0,0,0,true,0,0,45,0,0,0,0,0,0,0,0,0.375,0,0,0,0,0,NA,0,0,0,
902,0.5,simple-random-sample,0.1,50,6,11,33,0.3,0.3,0.3,Clumped-Poisson,5,3,Randomly placed,1.1349999999999818,45,0,0,0,0,true,0,0,45,1,0,0,1,1,0,0,1,0.375,0,0,0,0,0.08888888888888889,6.708203932499369,0,0,0,
906,0.5,simple-random-sample,0.1,50,9,8,33,0.3,0.3,0.3,Clumped-Poisson,5,3,Randomly placed,1.1749999999999834,45,0,0,0,0,true,0,0,45,1,0,0,1,0,0,0,0,0.375,0,0,0,0,0,NA,0,0,0,
904,0.5,simple-random-sample,0.1,50,2,10,38,0.3,0.3,0.3,Clumped-Poisson,5,3,Randomly placed,1.1349999999999827,45,0,0,0,0,true,0,0,45,1,0,0,1,0,0,0,0,0.375,0,0,0,0,0,NA,0,0,0,
901,0.5,simple-random-sample,0.1,50,4,8,38,0.3,0.3,0.3,Clumped-Poisson,5,3,Randomly placed,1.0949999999999802,45,0,0,0,0,true,0,0,45,1,0,0,1,0,0,0,0,0.375,0,0,0,0,0,NA,0,0,0,
873,0.5,simple-random-sample,0.01,5,0,0,5,0.3,0.3,0.3,Clumped-Poisson,5,3,Randomly placed,0.9975000000000431,45,0,0,0,0,true,0,0,45,0,0,0,0,0,0,0,0,0.375,0,0,0,0,0,NA,0,0,0,
903,0.5,simple-random-sample,0.1,50,6,7,37,0.3,0.3,0.3,Clumped-Poisson,5,3,Randomly placed,1.0149999999999826,45,0,0,0,0,true,0,0,45,2,0,0,2,0,0,0,0,0.375,0,0,0,0,0,NA,0,0,0,
905,0.5,simple-random-sample,0.1,50,7,5,38,0.3,0.3,0.3,Clumped-Poisson,5,3,Randomly placed,1.2549999999999808,45,0,0,0,0,true,0,0,45,1,0,0,1,0,0,0,0,0.375,0,0,0,0,0,NA,0,0,0,
898,0.5,simple-random-sample,0.01,5,0,1,4,0.3,0.3,0.3,Clumped-Poisson,5,3,Randomly placed,0.9975000000000289,45,0,0,0,0,true,0,0,45,0,0,0,0,0,0,0,0,0.375,0,0,0,0,0,NA,0,0,0,
907,0.5,simple-random-sample,0.1,50,6,8,36,0.3,0.3,0.3,Clumped-Poisson,5,3,Randomly placed,1.014999999999981,45,0,0,0,0,true,0,0,45,3,1,0,2,1,1,0,0,0.375,0,0,0,0,0.08888888888888889,6.708203932499369,0,0,0,
909,0.5,simple-random-sample,0.1,50,5,4,41,0.3,0.3,0.3,Clumped-Poisson,5,3,Randomly placed,1.054999999999984,45,0,0,0,0,true,0,0,45,1,0,0,1,1,0,0,1,0.375,0,0,0,0,0.08888888888888889,6.708203932499369,0,0,0,
908,0.5,simple-random-sample,0.1,50,7,7,36,0.3,0.3,0.3,Clumped-Poisson,5,3,Randomly placed,1.2549999999999852,45,0,0,0,0,true,0,0,45,0,0,0,0,0,0,0,0,0.375,0,0,0,0,0,NA,0,0,0,
910,0.5,simple-random-sample,0.1,50,9,9,32,0.3,0.3,0.3,Clumped-Poisson,5,3,Randomly placed,1.134999999999982,45,0,0,0,0,true,0,0,45,0,0,0,0,0,0,0,0,0.375,0,0,0,0,0,NA,0,0,0,
912,0.5,simple-random-sample,0.1,50,7,9,34,0.3,0.3,0.3,Clumped-Poisson,5,3,Randomly placed,1.17499999999998,45,0,0,0,0,true,0,0,45,1,0,0,1,0,0,0,0,0.375,0,0,0,0,0,NA,0,0,0,
914,0.5,simple-random-sample,0.1,50,3,10,37,0.3,0.3,0.3,Clumped-Poisson,5,3,Randomly placed,1.0549999999999848,45,0,0,0,0,true,0,0,45,3,0,1,2,1,0,1,0,0.375,0,0,0,0,0.08888888888888889,6.708203932499369,0,0,0,
913,0.5,simple-random-sample,0.1,50,2,9,39,0.3,0.3,0.3,Clumped-Poisson,5,3,Randomly placed,1.094999999999983,45,0,0,0,0,true,0,0,45,1,0,0,1,0,0,0,0,0.375,0,0,0,0,0,NA,0,0,0,
916,0.5,simple-random-sample,0.1,50,4,8,38,0.3,0.3,0.3,Clumped-Poisson,5,3,Randomly placed,1.1349999999999822,45,0,0,0,0,true,0,0,45,1,0,0,1,1,0,0,1,0.375,0,0,0,0,0.08888888888888889,6.708203932499371,0,0,0,
917,0.5,simple-random-sample,0.1,50,5,10,35,0.3,0.3,0.3,Clumped-Poisson,5,3,Randomly placed,1.094999999999985,45,0,0,0,0,true,0,0,45,0,0,0,0,0,0,0,0,0.375,0,0,0,0,0,NA,0,0,0,
921,0.5,simple-random-sample,0.1,50,8,3,39,0.3,0.3,0.3,Clumped-Poisson,5,3,Randomly placed,1.1349999999999847,45,0,0,0,0,true,0,0,45,0,0,0,0,0,0,0,0,0.375,0,0,0,0,0,NA,0,0,0,
919,0.5,simple-random-sample,0.1,50,2,12,36,0.3,0.3,0.3,Clumped-Poisson,5,3,Randomly placed,1.0149999999999813,45,0,0,0,0,true,0,0,45,0,0,0,0,0,0,0,0,0.375,0,0,0,0,0,NA,0,0,0,
924,0.5,simple-random-sample,0.1,50,4,10,36,0.3,0.3,0.3,Clumped-Poisson,5,3,Randomly placed,1.0549999999999808,45,0,0,0,0,true,0,0,45,1,0,0,1,0,0,0,0,0.375,0,0,0,0,0,NA,0,0,0,
922,0.5,simple-random-sample,0.1,50,2,11,37,0.3,0.3,0.3,Clumped-Poisson,5,3,Randomly placed,1.09499999999998,45,0,0,0,0,true,0,0,45,1,0,0,1,0,0,0,0,0.375,0,0,0,0,0,NA,0,0,0,
920,0.5,simple-random-sample,0.1,50,4,11,35,0.3,0.3,0.3,Clumped-Poisson,5,3,Randomly placed,1.2149999999999863,45,0,0,0,0,true,0,0,45,0,0,0,0,0,0,0,0,0.375,0,0,0,0,0,NA,0,0,0,
926,0.5,simple-random-sample,0.1,50,5,8,37,0.3,0.3,0.3,Clumped-Poisson,5,3,Randomly placed,1.0549999999999808,45,0,0,0,0,true,0,0,45,0,0,0,0,0,0,0,0,0.375,0,0,0,0,0,NA,0,0,0,
915,0.5,simple-random-sample,0.1,50,4,6,40,0.3,0.3,0.3,Clumped-Poisson,5,3,Randomly placed,1.0949999999999849,45,0,0,0,0,true,0,0,45,1,0,0,1,0,0,0,0,0.375,0,0,0,0,0,NA,0,0,0,
928,0.5,simple-random-sample,0.1,50,5,6,39,0.3,0.3,0.3,Clumped-Poisson,5,3,Randomly placed,1.0549999999999853,45,0,0,0,0,true,0,0,45,2,1,0,1,0,0,0,0,0.375,0,0,0,0,0,NA,0,0,0,
927,0.5,simple-random-sample,0.1,50,3,6,41,0.3,0.3,0.3,Clumped-Poisson,5,3,Randomly placed,1.1349999999999834,45,0,0,0,0,true,0,0,45,1,0,1,0,0,0,0,0,0.375,0,0,0,0,0,NA,0,0,0,
874,0.5,simple-random-sample,0.01,5,0,1,4,0.3,0.3,0.3,Clumped-Poisson,5,3,Randomly placed,0.9975000000000345,45,0,0,0,0,true,0,0,45,0,0,0,0,0,0,0,0,0.375,0,0,0,0,0,NA,0,0,0,
923,0.5,simple-random-sample,0.1,50,6,9,35,0.3,0.3,0.3,Clumped-Poisson,5,3,Randomly placed,1.0149999999999832,45,0,0,0,0,true,0,0,45,2,0,0,2,0,0,0,0,0.375,0,0,0,0,0,NA,0,0,0,
911,0.5,simple-random-sample,0.1,50,8,5,37,0.3,0.3,0.3,Clumped-Poisson,5,3,Randomly placed,1.054999999999983,45,0,0,0,0,true,0,0,45,1,0,0,1,0,0,0,0,0.375,0,0,0,0,0,NA,0,0,0,
925,0.5,simple-random-sample,0.1,50,1,8,41,0.3,0.3,0.3,Clumped-Poisson,5,3,Randomly placed,1.01499999999998,45,0,0,0,0,true,0,0,45,2,0,0,2,0,0,0,0,0.375,0,0,0,0,0,NA,0,0,0,
929,0.5,simple-random-sample,0.1,50,8,5,37,0.3,0.3,0.3,Clumped-Poisson,5,3,Randomly placed,1.1349999999999814,45,0,0,0,0,true,0,0,45,0,0,0,0,0,0,0,0,0.375,0,0,0,0,0,NA,0,0,0,
918,0.5,simple-random-sample,0.1,50,3,7,40,0.3,0.3,0.3,Clumped-Poisson,5,3,Randomly placed,1.0949999999999838,45,0,0,0,0,true,0,0,45,2,0,0,2,0,0,0,0,0.375,0,0,0,0,0,NA,0,0,0,
931,0.5,simple-random-sample,0.1,50,3,6,41,0.3,0.3,0.3,Clumped-Poisson,5,3,Randomly placed,1.094999999999983,45,0,0,0,0,true,0,0,45,3,0,0,3,1,0,0,1,0.375,0,0,0,0,0.08888888888888889,6.708203932499369,0,0,0,
932,0.5,simple-random-sample,0.1,50,6,6,38,0.3,0.3,0.3,Clumped-Poisson,5,3,Randomly placed,1.2949999999999853,45,0,0,0,0,true,0,0,45,1,0,0,1,1,0,0,1,0.375,0,0,0,0,0.08888888888888889,6.708203932499369,0,0,0,
935,0.5,simple-random-sample,0.1,50,4,6,40,0.3,0.3,0.3,Clumped-Poisson,5,3,Randomly placed,1.094999999999982,45,0,0,0,0,true,0,0,45,1,0,0,1,0,0,0,0,0.375,0,0,0,0,0,NA,0,0,0,
936,0.5,simple-random-sample,0.1,50,6,12,32,0.3,0.3,0.3,Clumped-Poisson,5,3,Randomly placed,1.1349999999999836,45,0,0,0,0,true,0,0,45,1,0,0,1,1,0,0,1,0.375,0,0,0,0,0.08888888888888889,6.708203932499369,0,0,0,
937,0.5,simple-random-sample,0.1,50,6,11,33,0.3,0.3,0.3,Clumped-Poisson,5,3,Randomly placed,1.0149999999999866,45,0,0,0,0,true,0,0,45,0,0,0,0,0,0,0,0,0.375,0,0,0,0,0,NA,0,0,0,
930,0.5,simple-random-sample,0.1,50,7,2,41,0.3,0.3,0.3,Clumped-Poisson,5,3,Randomly placed,1.174999999999982,45,0,0,0,0,true,0,0,45,1,0,0,1,0,0,0,0,0.375,0,0,0,0,0,NA,0,0,0,
934,0.5,simple-random-sample,0.1,50,4,2,44,0.3,0.3,0.3,Clumped-Poisson,5,3,Randomly placed,1.054999999999986,45,0,0,0,0,true,0,0,45,2,0,0,2,0,0,0,0,0.375,0,0,0,0,0,NA,0,0,0,
933,0.5,simple-random-sample,0.1,50,4,6,40,0.3,0.3,0.3,Clumped-Poisson,5,3,Randomly placed,1.174999999999983,45,0,0,0,0,true,0,0,45,4,0,0,4,2,0,0,2,0.375,0,0,0,0,0.17777777777777778,4.689204235649837,0,0,0,
938,0.5,simple-random-sample,0.1,50,4,12,34,0.3,0.3,0.3,Clumped-Poisson,5,3,Randomly placed,1.1349999999999818,45,0,0,0,0,true,0,0,45,0,0,0,0,0,0,0,0,0.375,0,0,0,0,0,NA,0,0,0,
939,0.5,simple-random-sample,0.1,50,6,6,38,0.3,0.3,0.3,Clumped-Poisson,5,3,Randomly placed,1.1349999999999838,45,0,0,0,0,true,0,0,45,6,1,0,5,1,0,0,1,0.375,0,0,0,0,0.08888888888888889,6.70820393249937,0,0,0,
941,0.5,simple-random-sample,0.1,50,5,3,42,0.3,0.3,0.3,Clumped-Poisson,5,3,Randomly placed,1.214999999999979,45,0,0,0,0,true,0,0,45,2,0,0,2,0,0,0,0,0.375,0,0,0,0,0,NA,0,0,0,
947,0.5,simple-random-sample,0.1,50,5,6,39,0.3,0.3,0.3,Clumped-Poisson,5,3,Randomly placed,1.0949999999999864,45,0,0,0,0,true,0,0,45,3,1,0,2,3,1,0,2,0.375,0,0,0,0,0.26666666666666666,4.954336943068622,0,0,0,
944,0.5,simple-random-sample,0.1,50,4,9,37,0.3,0.3,0.3,Clumped-Poisson,5,3,Randomly placed,1.4149999999999818,45,0,0,0,0,true,0,0,45,0,0,0,0,0,0,0,0,0.375,0,0,0,0,0,NA,0,0,0,
942,0.5,simple-random-sample,0.1,50,5,11,34,0.3,0.3,0.3,Clumped-Poisson,5,3,Randomly placed,1.094999999999983,45,0,0,0,0,true,0,0,45,3,1,1,1,2,0,1,1,0.375,0,0,0,0,0.17777777777777778,4.689204235649837,0,0,0,
948,0.5,simple-random-sample,0.1,50,5,7,38,0.3,0.3,0.3,Clumped-Poisson,5,3,Randomly placed,1.2949999999999797,45,0,0,0,0,true,0,0,45,5,1,1,3,0,0,0,0,0.375,0,0,0,0,0,NA,0,0,0,
943,0.5,simple-random-sample,0.1,50,7,7,36,0.3,0.3,0.3,Clumped-Poisson,5,3,Randomly placed,1.1349999999999831,45,0,0,0,0,true,0,0,45,2,0,0,2,0,0,0,0,0.375,0,0,0,0,0,NA,0,0,0,
949,0.5,simple-random-sample,0.1,50,3,6,41,0.3,0.3,0.3,Clumped-Poisson,5,3,Randomly placed,1.214999999999982,45,0,0,0,0,true,0,0,45,2,1,0,1,1,0,0,1,0.375,0,0,0,0,0.08888888888888889,6.708203932499369,0,0,0,
952,0.5,simple-random-sample,0.1,50,5,6,39,0.3,0.3,0.3,Clumped-Poisson,5,3,Randomly placed,1.054999999999981,45,0,0,0,0,true,0,0,45,1,0,0,1,0,0,0,0,0.375,0,0,0,0,0,NA,0,0,0,
950,0.5,simple-random-sample,0.1,50,6,5,39,0.3,0.3,0.3,Clumped-Poisson,5,3,Randomly placed,1.1349999999999845,45,0,0,0,0,true,0,0,45,0,0,0,0,0,0,0,0,0.375,0,0,0,0,0,NA,0,0,0,
940,0.5,simple-random-sample,0.1,50,5,5,40,0.3,0.3,0.3,Clumped-Poisson,5,3,Randomly placed,1.0949999999999835,45,0,0,0,0,true,0,0,45,1,0,0,1,0,0,0,0,0.375,0,0,0,0,0,NA,0,0,0,
945,0.5,simple-random-sample,0.1,50,4,3,43,0.3,0.3,0.3,Clumped-Poisson,5,3,Randomly placed,1.0149999999999824,45,0,0,0,0,true,0,0,45,1,0,0,1,0,0,0,0,0.375,0,0,0,0,0,NA,0,0,0,
955,0.5,simple-random-sample,0.1,50,6,8,36,0.3,0.3,0.3,Clumped-Poisson,5,3,Randomly placed,1.0549999999999837,45,0,0,0,0,true,0,0,45,0,0,0,0,0,0,0,0,0.375,0,0,0,0,0,NA,0,0,0,
959,0.5,simple-random-sample,0.1,50,11,8,31,0.3,0.3,0.3,Clumped-Poisson,5,3,Randomly placed,1.0949999999999813,45,0,0,0,0,true,0,0,45,1,1,0,0,0,0,0,0,0.375,0,0,0,0,0,NA,0,0,0,
956,0.5,simple-random-sample,0.1,50,5,9,36,0.3,0.3,0.3,Clumped-Poisson,5,3,Randomly placed,1.2549999999999786,45,0,0,0,0,true,0,0,45,0,0,0,0,0,0,0,0,0.375,0,0,0,0,0,NA,0,0,0,
961,0.5,simple-random-sample,0.1,50,2,12,36,0.3,0.3,0.3,Clumped-Poisson,5,3,Randomly placed,1.0949999999999827,45,0,0,0,0,true,0,0,45,2,0,2,0,1,0,1,0,0.375,0,0,0,0,0.08888888888888889,6.70820393249937,0,0,0,
958,0.5,simple-random-sample,0.1,50,10,6,34,0.3,0.3,0.3,Clumped-Poisson,5,3,Randomly placed,1.0149999999999815,45,0,0,0,0,true,0,0,45,2,0,0,2,1,0,0,1,0.375,0,0,0,0,0.08888888888888889,6.70820393249937,0,0,0,
951,0.5,simple-random-sample,0.1,50,7,7,36,0.3,0.3,0.3,Clumped-Poisson,5,3,Randomly placed,1.0949999999999798,45,0,0,0,0,true,0,0,45,0,0,0,0,0,0,0,0,0.375,0,0,0,0,0,NA,0,0,0,
953,0.5,simple-random-sample,0.1,50,1,10,39,0.3,0.3,0.3,Clumped-Poisson,5,3,Randomly placed,1.054999999999985,45,0,0,0,0,true,0,0,45,0,0,0,0,0,0,0,0,0.375,0,0,0,0,0,NA,0,0,0,
960,0.5,simple-random-sample,0.1,50,6,3,41,0.3,0.3,0.3,Clumped-Poisson,5,3,Randomly placed,1.1349999999999854,45,0,0,0,0,true,0,0,45,1,1,0,0,0,0,0,0,0.375,0,0,0,0,0,NA,0,0,0,
965,0.5,simple-random-sample,0.1,50,7,2,41,0.3,0.3,0.3,Clumped-Poisson,5,3,Randomly placed,1.1749999999999816,45,0,0,0,0,true,0,0,45,0,0,0,0,0,0,0,0,0.375,0,0,0,0,0,NA,0,0,0,
962,0.5,simple-random-sample,0.1,50,8,11,31,0.3,0.3,0.3,Clumped-Poisson,5,3,Randomly placed,1.0949999999999844,45,0,0,0,0,true,0,0,45,1,0,1,0,1,0,1,0,0.375,0,0,0,0,0.08888888888888889,6.70820393249937,0,0,0,
963,0.5,simple-random-sample,0.1,50,4,7,39,0.3,0.3,0.3,Clumped-Poisson,5,3,Randomly placed,1.2149999999999819,45,0,0,0,0,true,0,0,45,2,0,0,2,2,0,0,2,0.375,0,0,0,0,0.17777777777777778,4.689204235649835,0,0,0,
957,0.5,simple-random-sample,0.1,50,4,11,35,0.3,0.3,0.3,Clumped-Poisson,5,3,Randomly placed,1.294999999999982,45,0,0,0,0,true,0,0,45,0,0,0,0,0,0,0,0,0.375,0,0,0,0,0,NA,0,0,0,
967,0.5,simple-random-sample,0.1,50,6,9,35,0.3,0.3,0.3,Clumped-Poisson,5,3,Randomly placed,1.3349999999999833,45,0,0,0,0,true,0,0,45,0,0,0,0,0,0,0,0,0.375,0,0,0,0,0,NA,0,0,0,
970,0.5,simple-random-sample,0.1,50,3,7,40,0.3,0.3,0.3,Clumped-Poisson,5,3,Randomly placed,1.0549999999999844,45,0,0,0,0,true,0,0,45,2,0,1,1,0,0,0,0,0.375,0,0,0,0,0,NA,0,0,0,
968,0.5,simple-random-sample,0.1,50,7,10,33,0.3,0.3,0.3,Clumped-Poisson,5,3,Randomly placed,1.1349999999999854,45,0,0,0,0,true,0,0,45,2,0,0,2,1,0,0,1,0.375,0,0,0,0,0.08888888888888889,6.708203932499371,0,0,0,
946,0.5,simple-random-sample,0.1,50,5,7,38,0.3,0.3,0.3,Clumped-Poisson,5,3,Randomly placed,1.2149999999999812,45,0,0,0,0,true,0,0,45,3,0,0,3,1,0,0,1,0.375,0,0,0,0,0.08888888888888889,6.70820393249937,0,0,0,
954,0.5,simple-random-sample,0.1,50,4,10,36,0.3,0.3,0.3,Clumped-Poisson,5,3,Randomly placed,1.0949999999999844,45,0,0,0,0,true,0,0,45,2,0,0,2,0,0,0,0,0.375,0,0,0,0,0,NA,0,0,0,
972,0.5,simple-random-sample,0.1,50,7,9,34,0.3,0.3,0.3,Clumped-Poisson,5,3,Randomly placed,1.0949999999999822,45,0,0,0,0,true,0,0,45,0,0,0,0,0,0,0,0,0.375,0,0,0,0,0,NA,0,0,0,
973,0.5,simple-random-sample,0.1,50,8,7,35,0.3,0.3,0.3,Clumped-Poisson,5,3,Randomly placed,1.0949999999999824,45,0,0,0,0,true,0,0,45,0,0,0,0,0,0,0,0,0.375,0,0,0,0,0,NA,0,0,0,
971,0.5,simple-random-sample,0.1,50,5,4,41,0.3,0.3,0.3,Clumped-Poisson,5,3,Randomly placed,1.1349999999999816,45,0,0,0,0,true,0,0,45,1,0,1,0,1,0,1,0,0.375,0,0,0,0,0.08888888888888889,6.708203932499371,0,0,0,
974,0.5,simple-random-sample,0.1,50,4,4,42,0.3,0.3,0.3,Clumped-Poisson,5,3,Randomly placed,1.0949999999999847,45,0,0,0,0,true,0,0,45,1,0,0,1,0,0,0,0,0.375,0,0,0,0,0,NA,0,0,0,
969,0.5,simple-random-sample,0.1,50,8,4,38,0.3,0.3,0.3,Clumped-Poisson,5,3,Randomly placed,1.0949999999999844,45,0,0,0,0,true,0,0,45,4,1,0,3,1,1,0,0,0.375,0,0,0,0,0.08888888888888889,6.70820393249937,0,0,0,
966,0.5,simple-random-sample,0.1,50,9,6,35,0.3,0.3,0.3,Clumped-Poisson,5,3,Randomly placed,1.1749999999999803,45,0,0,0,0,true,0,0,45,1,0,0,1,0,0,0,0,0.375,0,0,0,0,0,NA,0,0,0,
975,0.5,simple-random-sample,0.1,50,10,11,29,0.3,0.3,0.3,Clumped-Poisson,5,3,Randomly placed,1.1349999999999854,45,0,0,0,0,true,0,0,45,1,0,0,1,0,0,0,0,0.375,0,0,0,0,0,NA,0,0,0,
979,0.5,simple-random-sample,0.1,50,3,7,40,0.3,0.3,0.3,Clumped-Poisson,5,3,Randomly placed,1.1349999999999838,45,0,0,0,0,true,0,0,45,1,0,0,1,1,0,0,1,0.375,0,0,0,0,0.08888888888888889,6.708203932499369,0,0,0,
978,0.5,simple-random-sample,0.1,50,7,5,38,0.3,0.3,0.3,Clumped-Poisson,5,3,Randomly placed,1.1349999999999874,45,0,0,0,0,true,0,0,45,1,0,0,1,0,0,0,0,0.375,0,0,0,0,0,NA,0,0,0,
977,0.5,simple-random-sample,0.1,50,3,7,40,0.3,0.3,0.3,Clumped-Poisson,5,3,Randomly placed,1.1349999999999818,45,0,0,0,0,true,0,0,45,0,0,0,0,0,0,0,0,0.375,0,0,0,0,0,NA,0,0,0,
976,0.5,simple-random-sample,0.1,50,5,8,37,0.3,0.3,0.3,Clumped-Poisson,5,3,Randomly placed,1.1749999999999838,45,0,0,0,0,true,0,0,45,0,0,0,0,0,0,0,0,0.375,0,0,0,0,0,NA,0,0,0,
981,0.5,simple-random-sample,0.1,50,7,7,36,0.3,0.3,0.3,Clumped-Poisson,5,3,Randomly placed,1.0549999999999826,45,0,0,0,0,true,0,0,45,2,0,0,2,1,0,0,1,0.375,0,0,0,0,0.08888888888888889,6.70820393249937,0,0,0,
980,0.5,simple-random-sample,0.1,50,3,6,41,0.3,0.3,0.3,Clumped-Poisson,5,3,Randomly placed,1.2949999999999842,45,0,0,0,0,true,0,0,45,1,0,0,1,0,0,0,0,0.375,0,0,0,0,0,NA,0,0,0,
982,0.5,simple-random-sample,0.1,50,5,6,39,0.3,0.3,0.3,Clumped-Poisson,5,3,Randomly placed,1.1749999999999856,45,0,0,0,0,true,0,0,45,0,0,0,0,0,0,0,0,0.375,0,0,0,0,0,NA,0,0,0,
986,0.5,simple-random-sample,0.1,50,7,6,37,0.3,0.3,0.3,Clumped-Poisson,5,3,Randomly placed,1.0549999999999844,45,0,0,0,0,true,0,0,45,1,0,0,1,0,0,0,0,0.375,0,0,0,0,0,NA,0,0,0,
987,0.5,simple-random-sample,0.1,50,7,12,31,0.3,0.3,0.3,Clumped-Poisson,5,3,Randomly placed,1.0549999999999806,45,0,0,0,0,true,0,0,45,2,0,1,1,1,0,0,1,0.375,0,0,0,0,0.08888888888888889,6.708203932499369,0,0,0,
988,0.5,simple-random-sample,0.1,50,5,6,39,0.3,0.3,0.3,Clumped-Poisson,5,3,Randomly placed,0.9749999999999825,45,0,0,0,0,true,0,0,45,3,1,1,1,2,1,1,0,0.375,0,0,0,0,0.17777777777777778,4.689204235649837,0,0,0,
984,0.5,simple-random-sample,0.1,50,4,8,38,0.3,0.3,0.3,Clumped-Poisson,5,3,Randomly placed,1.1349999999999805,45,0,0,0,0,true,0,0,45,0,0,0,0,0,0,0,0,0.375,0,0,0,0,0,NA,0,0,0,
991,0.5,simple-random-sample,0.1,50,6,9,35,0.3,0.3,0.3,Clumped-Poisson,5,3,Randomly placed,1.2149999999999839,45,0,0,0,0,true,0,0,45,2,0,0,2,0,0,0,0,0.375,0,0,0,0,0,NA,0,0,0,
990,0.5,simple-random-sample,0.1,50,6,6,38,0.3,0.3,0.3,Clumped-Poisson,5,3,Randomly placed,1.2549999999999812,45,0,0,0,0,true,0,0,45,0,0,0,0,0,0,0,0,0.375,0,0,0,0,0,NA,0,0,0,
995,0.5,simple-random-sample,0.1,50,3,7,40,0.3,0.3,0.3,Clumped-Poisson,5,3,Randomly placed,1.174999999999983,45,0,0,0,0,true,0,0,45,0,0,0,0,0,0,0,0,0.375,0,0,0,0,0,NA,0,0,0,
964,0.5,simple-random-sample,0.1,50,10,6,34,0.3,0.3,0.3,Clumped-Poisson,5,3,Randomly placed,1.0949999999999824,45,0,0,0,0,true,0,0,45,1,0,0,1,0,0,0,0,0.375,0,0,0,0,0,NA,0,0,0,
985,0.5,simple-random-sample,0.1,50,5,5,40,0.3,0.3,0.3,Clumped-Poisson,5,3,Randomly placed,1.134999999999981,45,0,0,0,0,true,0,0,45,1,0,0,1,1,0,0,1,0.375,0,0,0,0,0.08888888888888889,6.70820393249937,0,0,0,
992,0.5,simple-random-sample,0.1,50,4,7,39,0.3,0.3,0.3,Clumped-Poisson,5,3,Randomly placed,1.1349999999999842,45,0,0,0,0,true,0,0,45,1,0,0,1,1,0,0,1,0.375,0,0,0,0,0.08888888888888889,6.708203932499369,0,0,0,
994,0.5,simple-random-sample,0.1,50,4,10,36,0.3,0.3,0.3,Clumped-Poisson,5,3,Randomly placed,1.0149999999999832,45,0,0,0,0,true,0,0,45,2,0,1,1,1,0,1,0,0.375,0,0,0,0,0.08888888888888889,6.708203932499369,0,0,0,
997,0.5,simple-random-sample,0.1,50,4,5,41,0.3,0.3,0.3,Clumped-Poisson,5,3,Randomly placed,1.0149999999999864,45,0,0,0,0,true,0,0,45,2,0,0,2,0,0,0,0,0.375,0,0,0,0,0,NA,0,0,0,
996,0.5,simple-random-sample,0.1,50,1,7,42,0.3,0.3,0.3,Clumped-Poisson,5,3,Randomly placed,1.094999999999982,45,0,0,0,0,true,0,0,45,2,0,0,2,0,0,0,0,0.375,0,0,0,0,0,NA,0,0,0,
993,0.5,simple-random-sample,0.1,50,6,5,39,0.3,0.3,0.3,Clumped-Poisson,5,3,Randomly placed,1.0949999999999824,45,0,0,0,0,true,0,0,45,0,0,0,0,0,0,0,0,0.375,0,0,0,0,0,NA,0,0,0,
998,0.5,simple-random-sample,0.1,50,5,7,38,0.3,0.3,0.3,Clumped-Poisson,5,3,Randomly placed,1.37499999999998,45,0,0,0,0,true,0,0,45,1,0,0,1,0,0,0,0,0.375,0,0,0,0,0,NA,0,0,0,
999,0.5,simple-random-sample,0.1,50,3,9,38,0.3,0.3,0.3,Clumped-Poisson,5,3,Randomly placed,1.014999999999983,45,0,0,0,0,true,0,0,45,4,0,1,3,2,0,0,2,0.375,0,0,0,0,0.17777777777777778,4.689204235649839,0,0,0,
1000,0.5,simple-random-sample,0.1,50,12,4,34,0.3,0.3,0.3,Clumped-Poisson,5,3,Randomly placed,1.0149999999999824,45,0,0,0,0,true,0,0,45,4,1,0,3,2,1,0,1,0.375,0,0,0,0,0.17777777777777778,6.708203932499369,0,0,0,
1002,0.5,simple-random-sample,1,500,52,81,367,0.3,0.3,0.3,Clumped-Poisson,5,3,Randomly placed,2.25,45,0,0,0,0,true,0,0,45,18,2,1,15,6,0,1,5,0.375,0,0,0,0,0.5333333333333333,3.0338993810845905,0,0,0,
1003,0.5,simple-random-sample,1,500,58,65,377,0.3,0.3,0.3,Clumped-Poisson,5,3,Randomly placed,1.782,45,0,0,0,0,true,0,0,45,13,1,0,12,5,1,0,4,0.375,0,0,0,0,0.4444444444444444,2.860387767736778,0,0,0,
1001,0.5,simple-random-sample,1,500,50,79,371,0.3,0.3,0.3,Clumped-Poisson,5,3,Randomly placed,2.03,45,0,0,0,0,true,0,0,45,7,0,1,6,1,0,0,1,0.375,0,0,0,0,0.08888888888888889,6.70820393249937,0,0,0,
1006,0.5,simple-random-sample,1,500,52,74,374,0.3,0.3,0.3,Clumped-Poisson,5,3,Randomly placed,2.014,45,0,0,0,0,true,0,0,45,17,1,4,12,4,0,1,3,0.375,0,0,0,0,0.35555555555555557,4.0293666319342885,0,0,0,
1008,0.5,simple-random-sample,1,500,43,92,365,0.3,0.3,0.3,Clumped-Poisson,5,3,Randomly placed,1.87,45,0,0,0,0,true,0,0,45,6,0,0,6,1,0,0,1,0.375,0,0,0,0,0.08888888888888889,6.70820393249937,0,0,0,
989,0.5,simple-random-sample,0.1,50,6,6,38,0.3,0.3,0.3,Clumped-Poisson,5,3,Randomly placed,1.1349999999999794,45,0,0,0,0,true,0,0,45,2,0,0,2,1,0,0,1,0.375,0,0,0,0,0.08888888888888889,6.708203932499369,0,0,0,
1005,0.5,simple-random-sample,1,500,47,65,388,0.3,0.3,0.3,Clumped-Poisson,5,3,Randomly placed,2.526,45,0,0,0,0,true,0,0,45,10,1,2,7,4,0,0,4,0.375,0,0,0,0,0.35555555555555557,4.689204235649837,0,0,0,
1004,0.5,simple-random-sample,1,500,58,83,359,0.3,0.3,0.3,Clumped-Poisson,5,3,Randomly placed,2.218,45,0,0,0,0,true,0,0,45,6,1,1,4,2,0,0,2,0.375,0,0,0,0,0.17777777777777778,6.708203932499369,0,0,0,
1013,0.5,simple-random-sample,1,500,45,78,377,0.3,0.3,0.3,Clumped-Poisson,5,3,Randomly placed,1.794,45,0,0,0,0,true,0,0,45,8,0,0,8,2,0,0,2,0.375,0,0,0,0,0.17777777777777778,6.708203932499369,0,0,0,
1010,0.5,simple-random-sample,1,500,50,76,374,0.3,0.3,0.3,Clumped-Poisson,5,3,Randomly placed,2.206,45,0,0,0,0,true,0,0,45,18,3,2,13,5,1,0,4,0.375,0,0,0,0,0.4444444444444444,3.4443629837222973,0,0,0,
1011,0.5,simple-random-sample,1,500,34,65,401,0.3,0.3,0.3,Clumped-Poisson,5,3,Randomly placed,2.074,45,0,0,0,0,true,0,0,45,12,0,2,10,6,0,2,4,0.375,0,0,0,0,0.5333333333333333,3.03389938108459,0,0,0,
1012,0.5,simple-random-sample,1,500,50,67,383,0.3,0.3,0.3,Clumped-Poisson,5,3,Randomly placed,1.974,45,0,0,0,0,true,0,0,45,8,0,0,8,0,0,0,0,0.375,0,0,0,0,0,NA,0,0,0,
1009,0.5,simple-random-sample,1,500,47,86,367,0.3,0.3,0.3,Clumped-Poisson,5,3,Randomly placed,2.514,45,0,0,0,0,true,0,0,45,3,0,0,3,1,0,0,1,0.375,0,0,0,0,0.08888888888888889,6.708203932499369,0,0,0,
1018,0.5,simple-random-sample,1,500,53,82,365,0.3,0.3,0.3,Clumped-Poisson,5,3,Randomly placed,1.902,45,0,0,0,0,true,0,0,45,8,0,2,6,1,0,0,1,0.375,0,0,0,0,0.08888888888888889,6.70820393249937,0,0,0,
1019,0.5,simple-random-sample,1,500,44,81,375,0.3,0.3,0.3,Clumped-Poisson,5,3,Randomly placed,2.07,45,0,0,0,0,true,0,0,45,6,0,0,6,2,0,0,2,0.375,0,0,0,0,0.17777777777777778,4.689204235649837,0,0,0,
1016,0.5,simple-random-sample,1,500,47,92,361,0.3,0.3,0.3,Clumped-Poisson,5,3,Randomly placed,2.31,45,0,0,0,0,true,0,0,45,9,0,2,7,2,0,1,1,0.375,0,0,0,0,0.17777777777777778,4.689204235649838,0,0,0,
1015,0.5,simple-random-sample,1,500,58,79,363,0.3,0.3,0.3,Clumped-Poisson,5,3,Randomly placed,2.83,45,0,0,0,0,true,0,0,45,8,1,0,7,2,0,0,2,0.375,0,0,0,0,0.17777777777777778,6.70820393249937,0,0,0,
1017,0.5,simple-random-sample,1,500,43,84,373,0.3,0.3,0.3,Clumped-Poisson,5,3,Randomly placed,2.646,45,0,0,0,0,true,0,0,45,11,1,2,8,3,1,0,2,0.375,0,0,0,0,0.26666666666666666,3.783937343321347,0,0,0,
983,0.5,simple-random-sample,0.1,50,3,7,40,0.3,0.3,0.3,Clumped-Poisson,5,3,Randomly placed,1.1349999999999831,45,0,0,0,0,true,0,0,45,0,0,0,0,0,0,0,0,0.375,0,0,0,0,0,NA,0,0,0,
1022,0.5,simple-random-sample,1,500,44,65,391,0.3,0.3,0.3,Clumped-Poisson,5,3,Randomly placed,2.074,45,0,0,0,0,true,0,0,45,12,3,2,7,3,1,0,2,0.375,0,0,0,0,0.26666666666666666,4.954336943068621,0,0,0,
1020,0.5,simple-random-sample,1,500,60,82,358,0.3,0.3,0.3,Clumped-Poisson,5,3,Randomly placed,2.346,45,0,0,0,0,true,0,0,45,8,1,3,4,2,1,1,0,0.375,0,0,0,0,0.17777777777777778,4.689204235649835,0,0,0,
1007,0.5,simple-random-sample,1,500,47,83,370,0.3,0.3,0.3,Clumped-Poisson,5,3,Randomly placed,2.302,45,0,0,0,0,true,0,0,45,6,1,1,4,2,1,1,0,0.375,0,0,0,0,0.17777777777777778,4.689204235649836,0,0,0,
1023,0.5,simple-random-sample,1,500,48,87,365,0.3,0.3,0.3,Clumped-Poisson,5,3,Randomly placed,1.946,45,0,0,0,0,true,0,0,45,11,0,3,8,4,0,1,3,0.375,0,0,0,0,0.35555555555555557,4.0293666319342885,0,0,0,
1014,0.5,simple-random-sample,1,500,47,65,388,0.3,0.3,0.3,Clumped-Poisson,5,3,Randomly placed,2.058,45,0,0,0,0,true,0,0,45,11,0,2,9,2,0,1,1,0.375,0,0,0,0,0.17777777777777778,4.689204235649837,0,0,0,
1021,0.5,simple-random-sample,1,500,40,74,386,0.3,0.3,0.3,Clumped-Poisson,5,3,Randomly placed,2.206,45,0,0,0,0,true,0,0,45,4,1,0,3,1,0,0,1,0.375,0,0,0,0,0.08888888888888889,6.708203932499369,0,0,0,
1024,0.5,simple-random-sample,1,500,51,60,389,0.3,0.3,0.3,Clumped-Poisson,5,3,Randomly placed,2.062,45,0,0,0,0,true,0,0,45,12,1,2,9,3,0,1,2,0.375,0,0,0,0,0.26666666666666666,3.783937343321346,0,0,0,
1025,0.5,simple-random-sample,1,500,39,89,372,0.3,0.3,0.3,Clumped-Poisson,5,3,Randomly placed,2.022,45,0,0,0,0,true,0,0,45,9,1,2,6,4,0,1,3,0.375,0,0,0,0,0.35555555555555557,3.2377391101592075,0,0,0,
1026,0.5,simple-random-sample,1,500,48,79,373,0.3,0.3,0.3,Clumped-Poisson,5,3,Randomly placed,2.446,45,0,0,0,0,true,0,0,45,12,2,0,10,4,1,0,3,0.375,0,0,0,0,0.35555555555555557,4.029366631934288,0,0,0,
1029,0.5,simple-random-sample,1,500,46,78,376,0.3,0.3,0.3,Clumped-Poisson,5,3,Randomly placed,3.11,45,0,0,0,0,true,0,0,45,8,0,3,5,3,0,1,2,0.375,0,0,0,0,0.26666666666666666,3.783937343321345,0,0,0,
1027,0.5,simple-random-sample,1,500,54,72,374,0.3,0.3,0.3,Clumped-Poisson,5,3,Randomly placed,2.334,45,0,0,0,0,true,0,0,45,19,0,4,15,8,0,2,6,0.375,0,0,0,0,0.7111111111111111,3.6550478793033627,0,0,0,
1031,0.5,simple-random-sample,1,500,55,64,381,0.3,0.3,0.3,Clumped-Poisson,5,3,Randomly placed,2.558,45,0,0,0,0,true,0,0,45,16,2,2,12,3,0,1,2,0.375,0,0,0,0,0.26666666666666666,4.954336943068624,0,0,0,
1033,0.5,simple-random-sample,1,500,49,72,379,0.3,0.3,0.3,Clumped-Poisson,5,3,Randomly placed,2.378,45,0,0,0,0,true,0,0,45,17,2,2,13,7,0,1,6,0.375,0,0,0,0,0.6222222222222222,3.3447547061820395,0,0,0,
1032,0.5,simple-random-sample,1,500,51,87,362,0.3,0.3,0.3,Clumped-Poisson,5,3,Randomly placed,1.946,45,0,0,0,0,true,0,0,45,9,1,1,7,1,0,0,1,0.375,0,0,0,0,0.08888888888888889,6.708203932499369,0,0,0,
1028,0.5,simple-random-sample,1,500,49,75,376,0.3,0.3,0.3,Clumped-Poisson,5,3,Randomly placed,1.766,45,0,0,0,0,true,0,0,45,16,2,5,9,3,1,1,1,0.375,0,0,0,0,0.26666666666666666,3.783937343321347,0,0,0,
1034,0.5,simple-random-sample,1,500,48,73,379,0.3,0.3,0.3,Clumped-Poisson,5,3,Randomly placed,2.266,45,0,0,0,0,true,0,0,45,13,1,2,10,3,0,0,3,0.375,0,0,0,0,0.26666666666666666,4.954336943068618,0,0,0,
1030,0.5,simple-random-sample,1,500,33,98,369,0.3,0.3,0.3,Clumped-Poisson,5,3,Randomly placed,2.086,45,0,0,0,0,true,0,0,45,10,2,1,7,2,0,0,2,0.375,0,0,0,0,0.17777777777777778,4.689204235649837,0,0,0,
1036,0.5,simple-random-sample,1,500,51,64,385,0.3,0.3,0.3,Clumped-Poisson,5,3,Randomly placed,2.778,45,0,0,0,0,true,0,0,45,4,0,1,3,1,0,0,1,0.375,0,0,0,0,0.08888888888888889,6.70820393249937,0,0,0,
1038,0.5,simple-random-sample,1,500,47,67,386,0.3,0.3,0.3,Clumped-Poisson,5,3,Randomly placed,2.514,45,0,0,0,0,true,0,0,45,15,1,2,12,5,0,0,5,0.375,0,0,0,0,0.4444444444444444,2.860387767736778,0,0,0,
1035,0.5,simple-random-sample,1,500,46,54,400,0.3,0.3,0.3,Clumped-Poisson,5,3,Randomly placed,1.954,45,0,0,0,0,true,0,0,45,6,1,2,3,3,1,0,2,0.375,0,0,0,0,0.26666666666666666,3.7839373433213477,0,0,0,
1042,0.5,simple-random-sample,1,500,57,88,355,0.3,0.3,0.3,Clumped-Poisson,5,3,Randomly placed,2.586,45,0,0,0,0,true,0,0,45,9,0,1,8,3,0,1,2,0.375,0,0,0,0,0.26666666666666666,3.783937343321348,0,0,0,
1037,0.5,simple-random-sample,1,500,52,71,377,0.3,0.3,0.3,Clumped-Poisson,5,3,Randomly placed,1.894,45,0,0,0,0,true,0,0,45,7,0,1,6,1,0,0,1,0.375,0,0,0,0,0.08888888888888889,6.708203932499369,0,0,0,
1043,0.5,simple-random-sample,1,500,51,71,378,0.3,0.3,0.3,Clumped-Poisson,5,3,Randomly placed,2.142,45,0,0,0,0,true,0,0,45,11,0,2,9,6,0,1,5,0.375,0,0,0,0,0.5333333333333333,2.5783186910712326,0,0,0,
1040,0.5,simple-random-sample,1,500,65,61,374,0.3,0.3,0.3,Clumped-Poisson,5,3,Randomly placed,2.19,45,0,0,0,0,true,0,0,45,9,0,1,8,2,0,0,2,0.375,0,0,0,0,0.17777777777777778,4.689204235649838,0,0,0,
1045,0.5,simple-random-sample,1,500,48,76,376,0.3,0.3,0.3,Clumped-Poisson,5,3,Randomly placed,2.002,45,0,0,0,0,true,0,0,45,5,1,1,3,2,1,0,1,0.375,0,0,0,0,0.17777777777777778,4.689204235649835,0,0,0,
1039,0.5,simple-random-sample,1,500,52,76,372,0.3,0.3,0.3,Clumped-Poisson,5,3,Randomly placed,1.842,45,0,0,0,0,true,0,0,45,6,0,1,5,1,0,0,1,0.375,0,0,0,0,0.08888888888888889,6.708203932499369,0,0,0,
1041,0.5,simple-random-sample,1,500,49,79,372,0.3,0.3,0.3,Clumped-Poisson,5,3,Randomly placed,2.09,45,0,0,0,0,true,0,0,45,12,1,2,9,5,0,0,5,0.375,0,0,0,0,0.4444444444444444,2.860387767736778,0,0,0,
1046,0.5,simple-random-sample,1,500,64,80,356,0.3,0.3,0.3,Clumped-Poisson,5,3,Randomly placed,3.21,45,0,0,0,0,true,0,0,45,10,1,1,8,4,0,1,3,0.375,0,0,0,0,0.35555555555555557,3.2377391101592075,0,0,0,
1044,0.5,simple-random-sample,1,500,52,75,373,0.3,0.3,0.3,Clumped-Poisson,5,3,Randomly placed,2.59,45,0,0,0,0,true,0,0,45,9,0,2,7,4,0,1,3,0.375,0,0,0,0,0.35555555555555557,3.2377391101592057,0,0,0,
1051,0.5,simple-random-sample,1,500,45,77,378,0.3,0.3,0.3,Clumped-Poisson,5,3,Randomly placed,2.098,45,0,0,0,0,true,0,0,45,15,0,4,11,7,0,1,6,0.375,0,0,0,0,0.6222222222222222,3.0510498816528653,0,0,0,
1056,0.5,simple-random-sample,1,500,43,64,393,0.3,0.3,0.3,Clumped-Poisson,5,3,Randomly placed,2.49,45,0,0,0,0,true,0,0,45,0,0,0,0,0,0,0,0,0.375,0,0,0,0,0,NA,0,0,0,
1047,0.5,simple-random-sample,1,500,57,72,371,0.3,0.3,0.3,Clumped-Poisson,5,3,Randomly placed,2.374,45,0,0,0,0,true,0,0,45,19,1,0,18,3,0,0,3,0.375,0,0,0,0,0.26666666666666666,4.954336943068618,0,0,0,
1048,0.5,simple-random-sample,1,500,40,68,392,0.3,0.3,0.3,Clumped-Poisson,5,3,Randomly placed,2.17,45,0,0,0,0,true,0,0,45,16,1,1,14,3,0,0,3,0.375,0,0,0,0,0.26666666666666666,4.954336943068619,0,0,0,
1049,0.5,simple-random-sample,1,500,38,85,377,0.3,0.3,0.3,Clumped-Poisson,5,3,Randomly placed,2.702,45,0,0,0,0,true,0,0,45,5,0,2,3,2,0,1,1,0.375,0,0,0,0,0.17777777777777778,4.689204235649836,0,0,0,
1053,0.5,simple-random-sample,1,500,53,74,373,0.3,0.3,0.3,Clumped-Poisson,5,3,Randomly placed,2.014,45,0,0,0,0,true,0,0,45,13,2,1,10,4,1,0,3,0.375,0,0,0,0,0.35555555555555557,3.2377391101592083,0,0,0,
1054,0.5,simple-random-sample,1,500,54,72,374,0.3,0.3,0.3,Clumped-Poisson,5,3,Randomly placed,2.39,45,0,0,0,0,true,0,0,45,13,0,4,9,6,0,1,5,0.375,0,0,0,0,0.5333333333333333,4.107919181288742,0,0,0,
1052,0.5,simple-random-sample,1,500,58,66,376,0.3,0.3,0.3,Clumped-Poisson,5,3,Randomly placed,3.038,45,0,0,0,0,true,0,0,45,15,4,1,10,4,2,0,2,0.375,0,0,0,0,0.35555555555555557,4.029366631934287,0,0,0,
1057,0.5,simple-random-sample,1,500,50,80,370,0.3,0.3,0.3,Clumped-Poisson,5,3,Randomly placed,2.79,45,0,0,0,0,true,0,0,45,7,2,0,5,3,1,0,2,0.375,0,0,0,0,0.26666666666666666,3.7839373433213477,0,0,0,
1059,0.5,simple-random-sample,1,500,56,62,382,0.3,0.3,0.3,Clumped-Poisson,5,3,Randomly placed,2.266,45,0,0,0,0,true,0,0,45,11,2,2,7,3,0,0,3,0.375,0,0,0,0,0.26666666666666666,6.708203932499369,0,0,0,
1055,0.5,simple-random-sample,1,500,50,71,379,0.3,0.3,0.3,Clumped-Poisson,5,3,Randomly placed,2.894,45,0,0,0,0,true,0,0,45,25,0,5,20,8,0,1,7,0.375,0,0,0,0,0.7111111111111111,3.0074481405639912,0,0,0,
1050,0.5,simple-random-sample,1,500,49,65,386,0.3,0.3,0.3,Clumped-Poisson,5,3,Randomly placed,2.35,45,0,0,0,0,true,0,0,45,11,1,1,9,7,1,1,5,0.375,0,0,0,0,0.6222222222222222,3.6146732506161414,0,0,0,
1061,0.5,simple-random-sample,1,500,41,98,361,0.3,0.3,0.3,Clumped-Poisson,5,3,Randomly placed,2.418,45,0,0,0,0,true,0,0,45,10,0,1,9,3,0,1,2,0.375,0,0,0,0,0.26666666666666666,3.783937343321347,0,0,0,
1062,0.5,simple-random-sample,1,500,55,79,366,0.3,0.3,0.3,Clumped-Poisson,5,3,Randomly placed,2.626,45,0,0,0,0,true,0,0,45,6,0,0,6,4,0,0,4,0.375,0,0,0,0,0.35555555555555557,3.2377391101592083,0,0,0,
1060,0.5,simple-random-sample,1,500,63,61,376,0.3,0.3,0.3,Clumped-Poisson,5,3,Randomly placed,2.398,45,0,0,0,0,true,0,0,45,4,0,2,2,0,0,0,0,0.375,0,0,0,0,0,NA,0,0,0,
1063,0.5,simple-random-sample,1,500,48,68,384,0.3,0.3,0.3,Clumped-Poisson,5,3,Randomly placed,2.134,45,0,0,0,0,true,0,0,45,15,2,0,13,3,0,0,3,0.375,0,0,0,0,0.26666666666666666,4.954336943068621,0,0,0,
1065,0.5,simple-random-sample,1,500,53,67,380,0.3,0.3,0.3,Clumped-Poisson,5,3,Randomly placed,1.998,45,0,0,0,0,true,0,0,45,11,0,1,10,4,0,0,4,0.375,0,0,0,0,0.35555555555555557,4.029366631934287,0,0,0,
1068,0.5,simple-random-sample,1,500,41,75,384,0.3,0.3,0.3,Clumped-Poisson,5,3,Randomly placed,2.17,45,0,0,0,0,true,0,0,45,12,0,7,5,6,0,3,3,0.375,0,0,0,0,0.5333333333333333,3.429484456352534,0,0,0,
1064,0.5,simple-random-sample,1,500,48,81,371,0.3,0.3,0.3,Clumped-Poisson,5,3,Randomly placed,2.582,45,0,0,0,0,true,0,0,45,5,0,0,5,2,0,0,2,0.375,0,0,0,0,0.17777777777777778,4.689204235649835,0,0,0,
1066,0.5,simple-random-sample,1,500,46,86,368,0.3,0.3,0.3,Clumped-Poisson,5,3,Randomly placed,1.886,45,0,0,0,0,true,0,0,45,6,0,1,5,2,0,1,1,0.375,0,0,0,0,0.17777777777777778,4.689204235649836,0,0,0,
1069,0.5,simple-random-sample,1,500,58,86,356,0.3,0.3,0.3,Clumped-Poisson,5,3,Randomly placed,3.022,45,0,0,0,0,true,0,0,45,18,1,3,14,5,0,2,3,0.375,0,0,0,0,0.4444444444444444,3.4443629837222978,0,0,0,
1067,0.5,simple-random-sample,1,500,52,73,375,0.3,0.3,0.3,Clumped-Poisson,5,3,Randomly placed,2.034,45,0,0,0,0,true,0,0,45,29,4,6,19,8,0,1,7,0.375,0,0,0,0,0.7111111111111111,3.237739110159209,0,0,0,
1058,0.5,simple-random-sample,1,500,49,69,382,0.3,0.3,0.3,Clumped-Poisson,5,3,Randomly placed,1.634,45,0,0,0,0,true,0,0,45,10,3,1,6,2,0,0,2,0.375,0,0,0,0,0.17777777777777778,4.689204235649835,0,0,0,
1073,0.5,simple-random-sample,1,500,70,81,349,0.3,0.3,0.3,Clumped-Poisson,5,3,Randomly placed,1.798,45,0,0,0,0,true,0,0,45,8,2,0,6,2,0,0,2,0.375,0,0,0,0,0.17777777777777778,4.689204235649837,0,0,0,
1071,0.5,simple-random-sample,1,500,48,68,384,0.3,0.3,0.3,Clumped-Poisson,5,3,Randomly placed,1.926,45,0,0,0,0,true,0,0,45,6,1,1,4,3,1,0,2,0.375,0,0,0,0,0.26666666666666666,4.954336943068621,0,0,0,
1078,0.5,simple-random-sample,1,500,45,78,377,0.3,0.3,0.3,Clumped-Poisson,5,3,Randomly placed,2.214,45,0,0,0,0,true,0,0,45,5,2,0,3,0,0,0,0,0.375,0,0,0,0,0,NA,0,0,0,
1070,0.5,simple-random-sample,1,500,41,86,373,0.3,0.3,0.3,Clumped-Poisson,5,3,Randomly placed,1.978,45,0,0,0,0,true,0,0,45,9,1,1,7,3,0,1,2,0.375,0,0,0,0,0.26666666666666666,3.783937343321347,0,0,0,
1074,0.5,simple-random-sample,1,500,44,73,383,0.3,0.3,0.3,Clumped-Poisson,5,3,Randomly placed,2.442,45,0,0,0,0,true,0,0,45,8,2,0,6,3,1,0,2,0.375,0,0,0,0,0.26666666666666666,3.783937343321347,0,0,0,
1076,0.5,simple-random-sample,1,500,35,72,393,0.3,0.3,0.3,Clumped-Poisson,5,3,Randomly placed,1.826,45,0,0,0,0,true,0,0,45,12,1,1,10,2,0,0,2,0.375,0,0,0,0,0.17777777777777778,4.689204235649835,0,0,0,
1080,0.5,simple-random-sample,1,500,50,72,378,0.3,0.3,0.3,Clumped-Poisson,5,3,Randomly placed,2.338,45,0,0,0,0,true,0,0,45,20,3,3,14,4,0,0,4,0.375,0,0,0,0,0.35555555555555557,4.029366631934288,0,0,0,
1083,0.5,simple-random-sample,1,500,47,74,379,0.3,0.3,0.3,Clumped-Poisson,5,3,Randomly placed,1.798,45,0,0,0,0,true,0,0,45,14,1,0,13,5,1,0,4,0.375,0,0,0,0,0.4444444444444444,3.942772444036623,0,0,0,
1075,0.5,simple-random-sample,1,500,48,68,384,0.3,0.3,0.3,Clumped-Poisson,5,3,Randomly placed,2.022,45,0,0,0,0,true,0,0,45,17,3,1,13,8,1,1,6,0.375,0,0,0,0,0.7111111111111111,2.7579945777519357,0,0,0,
1072,0.5,simple-random-sample,1,500,47,66,387,0.3,0.3,0.3,Clumped-Poisson,5,3,Randomly placed,2.106,45,0,0,0,0,true,0,0,45,7,1,1,5,2,0,0,2,0.375,0,0,0,0,0.17777777777777778,4.689204235649836,0,0,0,
1079,0.5,simple-random-sample,1,500,46,76,378,0.3,0.3,0.3,Clumped-Poisson,5,3,Randomly placed,2.65,45,0,0,0,0,true,0,0,45,9,1,0,8,4,1,0,3,0.375,0,0,0,0,0.35555555555555557,4.0293666319342885,0,0,0,
1082,0.5,simple-random-sample,1,500,45,68,387,0.3,0.3,0.3,Clumped-Poisson,5,3,Randomly placed,1.778,45,0,0,0,0,true,0,0,45,13,3,1,9,2,0,0,2,0.375,0,0,0,0,0.17777777777777778,4.689204235649839,0,0,0,
1085,0.5,simple-random-sample,1,500,54,78,368,0.3,0.3,0.3,Clumped-Poisson,5,3,Randomly placed,2.39,45,0,0,0,0,true,0,0,45,11,0,1,10,4,0,0,4,0.375,0,0,0,0,0.35555555555555557,3.237739110159207,0,0,0,
1081,0.5,simple-random-sample,1,500,57,60,383,0.3,0.3,0.3,Clumped-Poisson,5,3,Randomly placed,2.086,45,0,0,0,0,true,0,0,45,14,0,2,12,3,0,1,2,0.375,0,0,0,0,0.26666666666666666,4.954336943068621,0,0,0,
1084,0.5,simple-random-sample,1,500,40,85,375,0.3,0.3,0.3,Clumped-Poisson,5,3,Randomly placed,2.126,45,0,0,0,0,true,0,0,45,12,2,0,10,3,1,0,2,0.375,0,0,0,0,0.26666666666666666,3.783937343321348,0,0,0,
1088,0.5,simple-random-sample,1,500,37,86,377,0.3,0.3,0.3,Clumped-Poisson,5,3,Randomly placed,1.842,45,0,0,0,0,true,0,0,45,7,0,1,6,2,0,0,2,0.375,0,0,0,0,0.17777777777777778,4.689204235649837,0,0,0,
1095,0.5,simple-random-sample,1,500,56,63,381,0.3,0.3,0.3,Clumped-Poisson,5,3,Randomly placed,3.022,45,0,0,0,0,true,0,0,45,12,2,1,9,4,0,0,4,0.375,0,0,0,0,0.35555555555555557,3.2377391101592083,0,0,0,
1092,0.5,simple-random-sample,1,500,43,79,378,0.3,0.3,0.3,Clumped-Poisson,5,3,Randomly placed,2.082,45,0,0,0,0,true,0,0,45,13,0,1,12,5,0,1,4,0.375,0,0,0,0,0.4444444444444444,3.4443629837222973,0,0,0,
1091,0.5,simple-random-sample,1,500,40,74,386,0.3,0.3,0.3,Clumped-Poisson,5,3,Randomly placed,2.086,45,0,0,0,0,true,0,0,45,17,1,1,15,4,1,1,2,0.375,0,0,0,0,0.35555555555555557,5.2670178728315795,0,0,0,
1093,0.5,simple-random-sample,1,500,43,71,386,0.3,0.3,0.3,Clumped-Poisson,5,3,Randomly placed,2.146,45,0,0,0,0,true,0,0,45,16,2,4,10,4,1,0,3,0.375,0,0,0,0,0.35555555555555557,4.029366631934288,0,0,0,
1087,0.5,simple-random-sample,1,500,59,74,367,0.3,0.3,0.3,Clumped-Poisson,5,3,Randomly placed,2.134,45,0,0,0,0,true,0,0,45,3,0,1,2,1,0,0,1,0.375,0,0,0,0,0.08888888888888889,6.708203932499369,0,0,0,
1086,0.5,simple-random-sample,1,500,53,65,382,0.3,0.3,0.3,Clumped-Poisson,5,3,Randomly placed,1.886,45,0,0,0,0,true,0,0,45,11,0,0,11,5,0,0,5,0.375,0,0,0,0,0.4444444444444444,2.860387767736778,0,0,0,
1077,0.5,simple-random-sample,1,500,49,82,369,0.3,0.3,0.3,Clumped-Poisson,5,3,Randomly placed,2.946,45,0,0,0,0,true,0,0,45,11,0,2,9,4,0,0,4,0.375,0,0,0,0,0.35555555555555557,4.0293666319342885,0,0,0,
1097,0.5,simple-random-sample,1,500,37,90,373,0.3,0.3,0.3,Clumped-Poisson,5,3,Randomly placed,2.194,45,0,0,0,0,true,0,0,45,3,0,1,2,0,0,0,0,0.375,0,0,0,0,0,NA,0,0,0,
1100,0.5,simple-random-sample,1,500,43,70,387,0.3,0.3,0.3,Clumped-Poisson,5,3,Randomly placed,2.782,45,0,0,0,0,true,0,0,45,4,2,0,2,1,0,0,1,0.375,0,0,0,0,0.08888888888888889,6.708203932499371,0,0,0,
1094,0.5,simple-random-sample,1,500,42,77,381,0.3,0.3,0.3,Clumped-Poisson,5,3,Randomly placed,2.146,45,0,0,0,0,true,0,0,45,12,0,2,10,6,0,0,6,0.375,0,0,0,0,0.5333333333333333,3.03389938108459,0,0,0,
1090,0.5,simple-random-sample,1,500,42,73,385,0.3,0.3,0.3,Clumped-Poisson,5,3,Randomly placed,2.254,45,0,0,0,0,true,0,0,45,15,1,2,12,2,0,1,1,0.375,0,0,0,0,0.17777777777777778,4.689204235649836,0,0,0,
1099,0.5,simple-random-sample,1,500,48,83,369,0.3,0.3,0.3,Clumped-Poisson,5,3,Randomly placed,2.19,45,0,0,0,0,true,0,0,45,8,1,0,7,0,0,0,0,0.375,0,0,0,0,0,NA,0,0,0,
1103,0.5,simple-random-sample,7,3500,342,527,2631,0.3,0.3,0.3,Clumped-Poisson,5,3,Randomly placed,11.206571428571428,45,0,0,0,0,true,0,0,45,57,8,6,43,15,2,2,11,0.375,0,0,0,0,1.3333333333333333,3.3844564489065987,0,0,0,
1101,0.5,simple-random-sample,7,3500,368,516,2616,0.3,0.3,0.3,Clumped-Poisson,5,3,Randomly placed,8.685428571428572,45,0,0,0,0,true,0,0,45,62,11,6,45,25,4,2,19,0.375,0,0,0,0,2.2222222222222223,2.9366028610686135,0,0,0,
1105,0.5,simple-random-sample,7,3500,340,527,2633,0.3,0.3,0.3,Clumped-Poisson,5,3,Randomly placed,9.37742857142857,45,0,0,0,0,true,0,0,45,72,9,11,52,26,5,5,16,0.375,0,0,0,0,2.311111111111111,2.7978200804907383,0,0,0,
1102,0.5,simple-random-sample,7,3500,342,510,2648,0.3,0.3,0.3,Clumped-Poisson,5,3,Randomly placed,11.868857142857141,45,0,0,0,0,true,0,0,45,110,16,14,80,26,3,5,18,0.375,0,0,0,0,2.311111111111111,2.2593270906701015,0,0,0,
1104,0.5,simple-random-sample,7,3500,326,512,2662,0.3,0.3,0.3,Clumped-Poisson,5,3,Randomly placed,9.068857142857143,45,0,0,0,0,true,0,0,45,46,5,9,32,12,2,1,9,0.375,0,0,0,0,1.0666666666666667,2.4512288198519387,0,0,0,
1111,0.5,simple-random-sample,7,3500,353,533,2614,0.3,0.3,0.3,Clumped-Poisson,5,3,Randomly placed,6.827714285714285,45,0,0,0,0,true,0,0,45,72,5,13,54,28,1,7,20,0.375,0,0,0,0,2.488888888888889,2.1202131504496236,0,0,0,
1106,0.5,simple-random-sample,7,3500,347,505,2648,0.3,0.3,0.3,Clumped-Poisson,5,3,Randomly placed,7.868857142857143,45,0,0,0,0,true,0,0,45,55,4,3,48,15,1,0,14,0.375,0,0,0,0,1.3333333333333333,3.3844564489065987,0,0,0,
1112,0.5,simple-random-sample,7,3500,394,508,2598,0.3,0.3,0.3,Clumped-Poisson,5,3,Randomly placed,17.014,45,0,0,0,0,true,0,0,45,111,14,23,74,36,3,10,23,0.375,0,0,0,0,3.2,2.3776898643240014,0,0,0,
1098,0.5,simple-random-sample,1,500,55,79,366,0.3,0.3,0.3,Clumped-Poisson,5,3,Randomly placed,2.026,45,0,0,0,0,true,0,0,45,9,1,2,6,6,1,1,4,0.375,0,0,0,0,0.5333333333333333,4.107919181288744,0,0,0,
1113,0.5,simple-random-sample,7,3500,342,511,2647,0.3,0.3,0.3,Clumped-Poisson,5,3,Randomly placed,8.127714285714285,45,0,0,0,0,true,0,0,45,80,10,10,60,21,3,3,15,0.375,0,0,0,0,1.8666666666666667,2.9466499326528375,0,0,0,
1107,0.5,simple-random-sample,7,3500,342,523,2635,0.3,0.3,0.3,Clumped-Poisson,5,3,Randomly placed,8.852285714285715,45,0,0,0,0,true,0,0,45,81,5,11,65,18,3,3,12,0.375,0,0,0,0,1.6,2.46567342820282,0,0,0,
1114,0.5,simple-random-sample,7,3500,337,554,2609,0.3,0.3,0.3,Clumped-Poisson,5,3,Randomly placed,9.38942857142857,45,0,0,0,0,true,0,0,45,62,11,13,38,10,2,2,6,0.375,0,0,0,0,0.8888888888888888,4.278646769928333,0,0,0,
1096,0.5,simple-random-sample,1,500,57,69,374,0.3,0.3,0.3,Clumped-Poisson,5,3,Randomly placed,1.794,45,0,0,0,0,true,0,0,45,10,1,1,8,4,0,0,4,0.375,0,0,0,0,0.35555555555555557,4.0293666319342885,0,0,0,
1108,0.5,simple-random-sample,7,3500,374,532,2594,0.3,0.3,0.3,Clumped-Poisson,5,3,Randomly placed,10.19057142857143,45,0,0,0,0,true,0,0,45,63,4,12,47,20,0,4,16,0.375,0,0,0,0,1.7777777777777777,2.563400617787382,0,0,0,
1116,0.5,simple-random-sample,7,3500,359,538,2603,0.3,0.3,0.3,Clumped-Poisson,5,3,Randomly placed,8.852857142857143,45,0,0,0,0,true,0,0,45,48,4,8,36,16,3,4,9,0.375,0,0,0,0,1.4222222222222223,3.181729402170518,0,0,0,
1117,0.5,simple-random-sample,7,3500,362,505,2633,0.3,0.3,0.3,Clumped-Poisson,5,3,Randomly placed,9.423714285714285,45,0,0,0,0,true,0,0,45,52,4,6,42,14,2,1,11,0.375,0,0,0,0,1.2444444444444445,2.547780874416899,0,0,0,
1115,0.5,simple-random-sample,7,3500,368,525,2607,0.3,0.3,0.3,Clumped-Poisson,5,3,Randomly placed,7.644285714285714,45,0,0,0,0,true,0,0,45,119,11,15,93,42,3,6,33,0.375,0,0,0,0,3.7333333333333334,2.311542385588257,0,0,0,
1110,0.5,simple-random-sample,7,3500,346,546,2608,0.3,0.3,0.3,Clumped-Poisson,5,3,Randomly placed,7.13,45,0,0,0,0,true,0,0,45,78,6,15,57,25,2,6,17,0.375,0,0,0,0,2.2222222222222223,2.8345273776320203,0,0,0,
1089,0.5,simple-random-sample,1,500,48,77,375,0.3,0.3,0.3,Clumped-Poisson,5,3,Randomly placed,2.258,45,0,0,0,0,true,0,0,45,14,2,0,12,4,0,0,4,0.375,0,0,0,0,0.35555555555555557,3.237739110159207,0,0,0,
1118,0.5,simple-random-sample,7,3500,350,540,2610,0.3,0.3,0.3,Clumped-Poisson,5,3,Randomly placed,7.783714285714285,45,0,0,0,0,true,0,0,45,75,3,13,59,21,2,2,17,0.375,0,0,0,0,1.8666666666666667,2.1718813608574643,0,0,0,
1109,0.5,simple-random-sample,7,3500,363,520,2617,0.3,0.3,0.3,Clumped-Poisson,5,3,Randomly placed,7.582,45,0,0,0,0,true,0,0,45,83,7,17,59,25,1,4,20,0.375,0,0,0,0,2.2222222222222223,2.9366028610686117,0,0,0,
1121,0.5,simple-random-sample,7,3500,375,574,2551,0.3,0.3,0.3,Clumped-Poisson,5,3,Randomly placed,8.304857142857143,45,0,0,0,0,true,0,0,45,52,7,7,38,17,1,2,14,0.375,0,0,0,0,1.511111111111111,2.277707660395004,0,0,0,
1122,0.5,simple-random-sample,7,3500,364,519,2617,0.3,0.3,0.3,Clumped-Poisson,5,3,Randomly placed,13.077428571428571,45,0,0,0,0,true,0,0,45,108,8,9,91,33,2,5,26,0.375,0,0,0,0,2.933333333333333,2.2406831897938613,0,0,0,
1128,0.5,simple-random-sample,7,3500,356,518,2626,0.3,0.3,0.3,Clumped-Poisson,5,3,Randomly placed,9.714571428571428,45,0,0,0,0,true,0,0,45,59,5,4,50,22,3,2,17,0.375,0,0,0,0,1.9555555555555555,3.5056571218171872,0,0,0,
1123,0.5,simple-random-sample,7,3500,349,550,2601,0.3,0.3,0.3,Clumped-Poisson,5,3,Randomly placed,10.554,45,0,0,0,0,true,0,0,45,77,10,10,57,17,2,4,11,0.375,0,0,0,0,1.511111111111111,2.5420341689802224,0,0,0,
1127,0.5,simple-random-sample,7,3500,354,524,2622,0.3,0.3,0.3,Clumped-Poisson,5,3,Randomly placed,7.512857142857143,45,0,0,0,0,true,0,0,45,67,4,14,49,23,4,2,17,0.375,0,0,0,0,2.0444444444444443,2.192313432257167,0,0,0,
1130,0.5,simple-random-sample,7,3500,339,514,2647,0.3,0.3,0.3,Clumped-Poisson,5,3,Randomly placed,9.606571428571428,45,0,0,0,0,true,0,0,45,70,9,8,53,17,3,3,11,0.375,0,0,0,0,1.511111111111111,2.603926669238824,0,0,0,
1120,0.5,simple-random-sample,7,3500,355,532,2613,0.3,0.3,0.3,Clumped-Poisson,5,3,Randomly placed,10.05342857142857,45,0,0,0,0,true,0,0,45,97,11,10,76,26,3,0,23,0.375,0,0,0,0,2.311111111111111,2.6987310986396786,0,0,0,
1129,0.5,simple-random-sample,7,3500,337,527,2636,0.3,0.3,0.3,Clumped-Poisson,5,3,Randomly placed,13.211714285714285,45,0,0,0,0,true,0,0,45,102,7,20,75,37,0,6,31,0.375,0,0,0,0,3.2888888888888888,2.4774700320043004,0,0,0,
1124,0.5,simple-random-sample,7,3500,331,487,2682,0.3,0.3,0.3,Clumped-Poisson,5,3,Randomly placed,10.568285714285713,45,0,0,0,0,true,0,0,45,55,8,7,40,15,4,0,11,0.375,0,0,0,0,1.3333333333333333,3.3844564489066014,0,0,0,
1131,0.5,simple-random-sample,7,3500,355,531,2614,0.3,0.3,0.3,Clumped-Poisson,5,3,Randomly placed,13.657428571428571,45,0,0,0,0,true,0,0,45,64,6,6,52,18,2,0,16,0.375,0,0,0,0,1.6,2.4073750321573377,0,0,0,
1126,0.5,simple-random-sample,7,3500,325,543,2632,0.3,0.3,0.3,Clumped-Poisson,5,3,Randomly placed,15.141428571428571,45,0,0,0,0,true,0,0,45,99,16,11,72,24,4,1,19,0.375,0,0,0,0,2.1333333333333333,2.4184130314958807,0,0,0,
1132,0.5,simple-random-sample,7,3500,329,509,2662,0.3,0.3,0.3,Clumped-Poisson,5,3,Randomly placed,7.268285714285715,45,0,0,0,0,true,0,0,45,47,0,10,37,7,0,3,4,0.375,0,0,0,0,0.6222222222222222,3.051049881652865,0,0,0,
1133,0.5,simple-random-sample,7,3500,371,524,2605,0.3,0.3,0.3,Clumped-Poisson,5,3,Randomly placed,7.300857142857143,45,0,0,0,0,true,0,0,45,78,9,9,60,25,1,3,21,0.375,0,0,0,0,2.2222222222222223,2.0144929431948406,0,0,0,
1125,0.5,simple-random-sample,7,3500,355,526,2619,0.3,0.3,0.3,Clumped-Poisson,5,3,Randomly placed,9.390571428571429,45,0,0,0,0,true,0,0,45,43,4,4,35,16,3,3,10,0.375,0,0,0,0,1.4222222222222223,2.0905886921021684,0,0,0,
1134,0.5,simple-random-sample,7,3500,350,543,2607,0.3,0.3,0.3,Clumped-Poisson,5,3,Randomly placed,11.499714285714287,45,0,0,0,0,true,0,0,45,103,11,17,75,32,1,6,25,0.375,0,0,0,0,2.8444444444444446,2.3535307283323386,0,0,0,
1137,0.5,simple-random-sample,7,3500,332,521,2647,0.3,0.3,0.3,Clumped-Poisson,5,3,Randomly placed,12.659714285714285,45,0,0,0,0,true,0,0,45,54,3,11,40,10,0,4,6,0.375,0,0,0,0,0.8888888888888888,3.1658691180665186,0,0,0,
1119,0.5,simple-random-sample,7,3500,343,532,2625,0.3,0.3,0.3,Clumped-Poisson,5,3,Randomly placed,6.6974285714285715,45,0,0,0,0,true,0,0,45,58,5,9,44,14,2,1,11,0.375,0,0,0,0,1.2444444444444445,2.547780874416899,0,0,0,
1138,0.5,simple-random-sample,7,3500,341,562,2597,0.3,0.3,0.3,Clumped-Poisson,5,3,Randomly placed,11.716857142857142,45,0,0,0,0,true,0,0,45,32,1,6,25,10,0,2,8,0.375,0,0,0,0,0.8888888888888888,2.694691751641297,0,0,0,
1144,0.5,simple-random-sample,7,3500,354,490,2656,0.3,0.3,0.3,Clumped-Poisson,5,3,Randomly placed,8.291142857142857,45,0,0,0,0,true,0,0,45,39,3,8,28,11,1,2,8,0.375,0,0,0,0,0.9777777777777777,2.639069571716067,0,0,0,
1142,0.5,simple-random-sample,7,3500,341,532,2627,0.3,0.3,0.3,Clumped-Poisson,5,3,Randomly placed,6.768857142857143,45,0,0,0,0,true,0,0,45,57,7,4,46,15,2,0,13,0.375,0,0,0,0,1.3333333333333333,2.3061183443574222,0,0,0,
1136,0.5,simple-random-sample,7,3500,325,544,2631,0.3,0.3,0.3,Clumped-Poisson,5,3,Randomly placed,11.112285714285715,45,0,0,0,0,true,0,0,45,64,9,17,38,21,1,6,14,0.375,0,0,0,0,1.8666666666666667,2.5272173349864517,0,0,0,
1148,0.5,simple-random-sample,7,3500,326,528,2646,0.3,0.3,0.3,Clumped-Poisson,5,3,Randomly placed,7.651142857142857,45,0,0,0,0,true,0,0,45,47,6,11,30,13,0,5,8,0.375,0,0,0,0,1.1555555555555554,2.7238413055413115,0,0,0,
1147,0.5,simple-random-sample,7,3500,340,511,2649,0.3,0.3,0.3,Clumped-Poisson,5,3,Randomly placed,10.636857142857142,45,0,0,0,0,true,0,0,45,64,6,12,46,14,1,3,10,0.375,0,0,0,0,1.2444444444444445,3.0510498816528657,0,0,0,
1149,0.5,simple-random-sample,7,3500,362,540,2598,0.3,0.3,0.3,Clumped-Poisson,5,3,Randomly placed,9.222,45,0,0,0,0,true,0,0,45,108,7,16,85,23,1,4,18,0.375,0,0,0,0,2.0444444444444443,2.4896244569041324,0,0,0,
1139,0.5,simple-random-sample,7,3500,347,506,2647,0.3,0.3,0.3,Clumped-Poisson,5,3,Randomly placed,8.379142857142858,45,0,0,0,0,true,0,0,45,66,8,11,47,15,2,5,8,0.375,0,0,0,0,1.3333333333333333,3.0674241488732723,0,0,0,
1141,0.5,simple-random-sample,7,3500,354,525,2621,0.3,0.3,0.3,Clumped-Poisson,5,3,Randomly placed,7.079142857142857,45,0,0,0,0,true,0,0,45,64,5,6,53,26,2,1,23,0.375,0,0,0,0,2.311111111111111,3.2272083273241767,0,0,0,
1150,0.5,simple-random-sample,7,3500,350,509,2641,0.3,0.3,0.3,Clumped-Poisson,5,3,Randomly placed,11.664857142857143,45,0,0,0,0,true,0,0,45,79,7,10,62,29,2,4,23,0.375,0,0,0,0,2.577777777777778,2.4791313628657123,0,0,0,
1146,0.5,simple-random-sample,7,3500,363,523,2614,0.3,0.3,0.3,Clumped-Poisson,5,3,Randomly placed,11.207142857142857,45,0,0,0,0,true,0,0,45,42,4,11,27,10,1,3,6,0.375,0,0,0,0,0.8888888888888888,2.8603877677367775,0,0,0,
1151,0.5,simple-random-sample,7,3500,356,532,2612,0.3,0.3,0.3,Clumped-Poisson,5,3,Randomly placed,7.543142857142857,45,0,0,0,0,true,0,0,45,117,7,24,86,32,2,6,24,0.375,0,0,0,0,2.8444444444444446,1.7894175783998447,0,0,0,
1140,0.5,simple-random-sample,7,3500,343,521,2636,0.3,0.3,0.3,Clumped-Poisson,5,3,Randomly placed,8.236857142857144,45,0,0,0,0,true,0,0,45,67,7,5,55,17,1,3,13,0.375,0,0,0,0,1.511111111111111,2.346582316632491,0,0,0,
1135,0.5,simple-random-sample,7,3500,354,527,2619,0.3,0.3,0.3,Clumped-Poisson,5,3,Randomly placed,5.279714285714285,45,0,0,0,0,true,0,0,45,114,9,15,90,30,2,7,21,0.375,0,0,0,0,2.6666666666666665,2.022599587389726,0,0,0,
1143,0.5,simple-random-sample,7,3500,361,516,2623,0.3,0.3,0.3,Clumped-Poisson,5,3,Randomly placed,9.186571428571428,45,0,0,0,0,true,0,0,45,62,7,7,48,19,1,3,15,0.375,0,0,0,0,1.6888888888888889,2.9654265665722646,0,0,0,
1155,0.5,simple-random-sample,7,3500,332,595,2573,0.3,0.3,0.3,Clumped-Poisson,5,3,Randomly placed,9.266,45,0,0,0,0,true,0,0,45,55,7,5,43,16,0,0,16,0.375,0,0,0,0,1.4222222222222223,2.6243911631600803,0,0,0,
1154,0.5,simple-random-sample,7,3500,365,489,2646,0.3,0.3,0.3,Clumped-Poisson,5,3,Randomly placed,8.539142857142858,45,0,0,0,0,true,0,0,45,82,13,14,55,26,6,8,12,0.375,0,0,0,0,2.311111111111111,2.5159523321614112,0,0,0,
1157,0.5,simple-random-sample,7,3500,369,515,2616,0.3,0.3,0.3,Clumped-Poisson,5,3,Randomly placed,8.029428571428571,45,0,0,0,0,true,0,0,45,82,13,17,52,17,3,5,9,0.375,0,0,0,0,1.511111111111111,2.6039266692388248,0,0,0,
1161,0.5,simple-random-sample,7,3500,379,560,2561,0.3,0.3,0.3,Clumped-Poisson,5,3,Randomly placed,11.31857142857143,45,0,0,0,0,true,0,0,45,35,6,5,24,9,1,1,7,0.375,0,0,0,0,0.8,2.9387690682262924,0,0,0,
1160,0.5,simple-random-sample,7,3500,349,545,2606,0.3,0.3,0.3,Clumped-Poisson,5,3,Randomly placed,13.732857142857142,45,0,0,0,0,true,0,0,45,35,4,5,26,10,1,2,7,0.375,0,0,0,0,0.8888888888888888,2.5181161789935533,0,0,0,
1158,0.5,simple-random-sample,7,3500,356,537,2607,0.3,0.3,0.3,Clumped-Poisson,5,3,Randomly placed,16.457428571428572,45,0,0,0,0,true,0,0,45,73,10,10,53,24,3,4,17,0.375,0,0,0,0,2.1333333333333333,2.3171789274499686,0,0,0,
1159,0.5,simple-random-sample,7,3500,338,535,2627,0.3,0.3,0.3,Clumped-Poisson,5,3,Randomly placed,9.820285714285715,45,0,0,0,0,true,0,0,45,116,12,12,92,29,2,3,24,0.375,0,0,0,0,2.577777777777778,2.342948260342762,0,0,0,
1153,0.5,simple-random-sample,7,3500,332,541,2627,0.3,0.3,0.3,Clumped-Poisson,5,3,Randomly placed,7.279714285714285,45,0,0,0,0,true,0,0,45,71,5,13,53,27,1,3,23,0.375,0,0,0,0,2.4,2.143818927978666,0,0,0,
1166,0.5,simple-random-sample,7,3500,338,547,2615,0.3,0.3,0.3,Clumped-Poisson,5,3,Randomly placed,8.82542857142857,45,0,0,0,0,true,0,0,45,125,17,22,86,39,6,9,24,0.375,0,0,0,0,3.466666666666667,2.0225995873897262,0,0,0,
1145,0.5,simple-random-sample,7,3500,377,544,2579,0.3,0.3,0.3,Clumped-Poisson,5,3,Randomly placed,14.655714285714286,45,0,0,0,0,true,0,0,45,84,8,14,62,25,2,5,18,0.375,0,0,0,0,2.2222222222222223,3.107176444063879,0,0,0,
1162,0.5,simple-random-sample,7,3500,353,526,2621,0.3,0.3,0.3,Clumped-Poisson,5,3,Randomly placed,11.332285714285714,45,0,0,0,0,true,0,0,45,51,7,8,36,10,1,1,8,0.375,0,0,0,0,0.8888888888888888,4.8815515417278394,0,0,0,
1165,0.5,simple-random-sample,7,3500,344,502,2654,0.3,0.3,0.3,Clumped-Poisson,5,3,Randomly placed,7.398571428571429,45,0,0,0,0,true,0,0,45,43,2,5,36,14,1,4,9,0.375,0,0,0,0,1.2444444444444445,2.453888285557495,0,0,0,
1163,0.5,simple-random-sample,7,3500,352,554,2594,0.3,0.3,0.3,Clumped-Poisson,5,3,Randomly placed,11.62142857142857,45,0,0,0,0,true,0,0,45,68,9,9,50,18,1,4,13,0.375,0,0,0,0,1.6,2.632834628649923,0,0,0,
1164,0.5,simple-random-sample,7,3500,362,518,2620,0.3,0.3,0.3,Clumped-Poisson,5,3,Randomly placed,6.909428571428571,45,0,0,0,0,true,0,0,45,116,16,19,81,35,4,5,26,0.375,0,0,0,0,3.111111111111111,1.877016540848712,0,0,0,
1152,0.5,simple-random-sample,7,3500,339,506,2655,0.3,0.3,0.3,Clumped-Poisson,5,3,Randomly placed,9.963142857142858,45,0,0,0,0,true,0,0,45,97,14,11,72,28,4,5,19,0.375,0,0,0,0,2.488888888888889,2.5934527597526538,0,0,0,
1168,0.5,simple-random-sample,7,3500,359,549,2592,0.3,0.3,0.3,Clumped-Poisson,5,3,Randomly placed,8.659714285714285,45,0,0,0,0,true,0,0,45,100,12,9,79,23,2,2,19,0.375,0,0,0,0,2.0444444444444443,2.069840882427971,0,0,0,
1167,0.5,simple-random-sample,7,3500,347,548,2605,0.3,0.3,0.3,Clumped-Poisson,5,3,Randomly placed,14.451142857142857,45,0,0,0,0,true,0,0,45,84,6,18,60,28,3,7,18,0.375,0,0,0,0,2.488888888888889,2.615989704410305,0,0,0,
1169,0.5,simple-random-sample,7,3500,325,517,2658,0.3,0.3,0.3,Clumped-Poisson,5,3,Randomly placed,8.837428571428571,45,0,0,0,0,true,0,0,45,57,9,8,40,19,5,2,12,0.375,0,0,0,0,1.6888888888888889,1.987273789410271,0,0,0,
1174,0.5,simple-random-sample,7,3500,368,552,2580,0.3,0.3,0.3,Clumped-Poisson,5,3,Randomly placed,7.830571428571429,45,0,0,0,0,true,0,0,45,66,12,12,42,16,3,3,10,0.375,0,0,0,0,1.4222222222222223,2.885418375997743,0,0,0,
1156,0.5,simple-random-sample,7,3500,318,549,2633,0.3,0.3,0.3,Clumped-Poisson,5,3,Randomly placed,8.652285714285714,45,0,0,0,0,true,0,0,45,83,6,15,62,19,1,1,17,0.375,0,0,0,0,1.6888888888888889,2.4988035414485834,0,0,0,
1172,0.5,simple-random-sample,7,3500,370,546,2584,0.3,0.3,0.3,Clumped-Poisson,5,3,Randomly placed,11.12257142857143,45,0,0,0,0,true,0,0,45,37,2,5,30,12,1,0,11,0.375,0,0,0,0,1.0666666666666667,3.1374750995027836,0,0,0,
1175,0.5,simple-random-sample,7,3500,345,507,2648,0.3,0.3,0.3,Clumped-Poisson,5,3,Randomly placed,6.638,45,0,0,0,0,true,0,0,45,33,3,7,23,7,0,1,6,0.375,0,0,0,0,0.6222222222222222,4.101563121189985,0,0,0,
1182,0.5,simple-random-sample,7,3500,368,507,2625,0.3,0.3,0.3,Clumped-Poisson,5,3,Randomly placed,14.534571428571429,45,0,0,0,0,true,0,0,45,48,5,5,38,16,1,0,15,0.375,0,0,0,0,1.4222222222222223,4.412682683573465,0,0,0,
1173,0.5,simple-random-sample,7,3500,370,538,2592,0.3,0.3,0.3,Clumped-Poisson,5,3,Randomly placed,8.314,45,0,0,0,0,true,0,0,45,91,11,12,68,25,0,4,21,0.375,0,0,0,0,2.2222222222222223,1.9776018534854498,0,0,0,
1177,0.5,simple-random-sample,7,3500,369,507,2624,0.3,0.3,0.3,Clumped-Poisson,5,3,Randomly placed,16.519714285714286,45,0,0,0,0,true,0,0,45,118,13,17,88,37,4,4,29,0.375,0,0,0,0,3.2888888888888888,2.8674308197310174,0,0,0,
1179,0.5,simple-random-sample,7,3500,362,509,2629,0.3,0.3,0.3,Clumped-Poisson,5,3,Randomly placed,7.651142857142857,45,0,0,0,0,true,0,0,45,116,13,18,85,41,6,6,29,0.375,0,0,0,0,3.6444444444444444,2.854639094708912,0,0,0,
1171,0.5,simple-random-sample,7,3500,349,509,2642,0.3,0.3,0.3,Clumped-Poisson,5,3,Randomly placed,6.918571428571428,45,0,0,0,0,true,0,0,45,103,12,13,78,27,4,5,18,0.375,0,0,0,0,2.4,2.0535753497672578,0,0,0,
1183,0.5,simple-random-sample,7,3500,372,529,2599,0.3,0.3,0.3,Clumped-Poisson,5,3,Randomly placed,11.322571428571427,45,0,0,0,0,true,0,0,45,88,9,22,57,19,3,7,9,0.375,0,0,0,0,1.6888888888888889,2.5988394054560766,0,0,0,
1176,0.5,simple-random-sample,7,3500,355,505,2640,0.3,0.3,0.3,Clumped-Poisson,5,3,Randomly placed,5.841428571428572,45,0,0,0,0,true,0,0,45,106,13,9,84,38,3,1,34,0.375,0,0,0,0,3.3777777777777778,1.766520039402234,0,0,0,
1184,0.5,simple-random-sample,7,3500,361,516,2623,0.3,0.3,0.3,Clumped-Poisson,5,3,Randomly placed,18.899714285714285,45,0,0,0,0,true,0,0,45,20,3,2,15,4,1,0,3,0.375,0,0,0,0,0.35555555555555557,4.029366631934288,0,0,0,
1181,0.5,simple-random-sample,7,3500,367,541,2592,0.3,0.3,0.3,Clumped-Poisson,5,3,Randomly placed,8.753428571428572,45,0,0,0,0,true,0,0,45,88,9,16,63,22,0,2,20,0.375,0,0,0,0,1.9555555555555555,2.8470594581474598,0,0,0,
1187,0.5,simple-random-sample,7,3500,325,532,2643,0.3,0.3,0.3,Clumped-Poisson,5,3,Randomly placed,14.668285714285714,45,0,0,0,0,true,0,0,45,66,7,11,48,18,2,2,14,0.375,0,0,0,0,1.6,4.243979693208207,0,0,0,
1188,0.5,simple-random-sample,7,3500,384,510,2606,0.3,0.3,0.3,Clumped-Poisson,5,3,Randomly placed,9.579142857142857,45,0,0,0,0,true,0,0,45,35,5,2,28,10,0,2,8,0.375,0,0,0,0,0.8888888888888888,3.4443629837222978,0,0,0,
1170,0.5,simple-random-sample,7,3500,358,521,2621,0.3,0.3,0.3,Clumped-Poisson,5,3,Randomly placed,9.486571428571429,45,0,0,0,0,true,0,0,45,110,12,17,81,34,4,4,26,0.375,0,0,0,0,3.022222222222222,1.9983970455864737,0,0,0,
1190,0.5,simple-random-sample,7,3500,349,530,2621,0.3,0.3,0.3,Clumped-Poisson,5,3,Randomly placed,13.358,45,0,0,0,0,true,0,0,45,78,9,21,48,27,2,7,18,0.375,0,0,0,0,2.4,3.0649534081188587,0,0,0,
1178,0.5,simple-random-sample,7,3500,360,561,2579,0.3,0.3,0.3,Clumped-Poisson,5,3,Randomly placed,20.57857142857143,45,0,0,0,0,true,0,0,45,29,0,5,24,9,0,0,9,0.375,0,0,0,0,0.8,2.9387690682262924,0,0,0,
1193,0.5,simple-random-sample,7,3500,348,546,2606,0.3,0.3,0.3,Clumped-Poisson,5,3,Randomly placed,9.581428571428571,45,0,0,0,0,true,0,0,45,46,2,8,36,15,1,3,11,0.375,0,0,0,0,1.3333333333333333,2.9310252627551847,0,0,0,
1185,0.5,simple-random-sample,7,3500,358,572,2570,0.3,0.3,0.3,Clumped-Poisson,5,3,Randomly placed,7.243714285714286,45,0,0,0,0,true,0,0,45,51,4,7,40,19,1,4,14,0.375,0,0,0,0,1.6888888888888889,2.05042207176345,0,0,0,
1180,0.5,simple-random-sample,7,3500,351,510,2639,0.3,0.3,0.3,Clumped-Poisson,5,3,Randomly placed,11.067714285714287,45,0,0,0,0,true,0,0,45,51,6,4,41,14,2,2,10,0.375,0,0,0,0,1.2444444444444445,3.2012723583647857,0,0,0,
1201,0.5,transect,0.01,5,2,1,2,1,1,1,Clumped-Poisson,5,3,Randomly placed,0.9975000000000301,0,9,5,0,0,true,0,0,45,0,0,0,0,0,0,0,0,0.375,0,0,0,0,0,NA,0,0,0,
1194,0.5,simple-random-sample,7,3500,357,559,2584,0.3,0.3,0.3,Clumped-Poisson,5,3,Randomly placed,9.500285714285713,45,0,0,0,0,true,0,0,45,68,8,10,50,22,1,2,19,0.375,0,0,0,0,1.9555555555555555,2.027816515290388,0,0,0,
1197,0.5,simple-random-sample,7,3500,344,546,2610,0.3,0.3,0.3,Clumped-Poisson,5,3,Randomly placed,7.129428571428571,45,0,0,0,0,true,0,0,45,92,7,13,72,24,2,4,18,0.375,0,0,0,0,2.1333333333333333,2.7288702707430885,0,0,0,
1196,0.5,simple-random-sample,7,3500,331,549,2620,0.3,0.3,0.3,Clumped-Poisson,5,3,Randomly placed,11.263142857142856,45,0,0,0,0,true,0,0,45,63,5,8,50,24,1,1,22,0.375,0,0,0,0,2.1333333333333333,2.0617250610284406,0,0,0,
1192,0.5,simple-random-sample,7,3500,297,529,2674,0.3,0.3,0.3,Clumped-Poisson,5,3,Randomly placed,9.208285714285713,45,0,0,0,0,true,0,0,45,70,9,11,50,19,3,3,13,0.375,0,0,0,0,1.6888888888888889,2.05042207176345,0,0,0,
1203,0.5,transect,0.01,5,1,1,3,1,1,1,Clumped-Poisson,5,3,Randomly placed,0.9975000000000528,0,9,5,0,0,true,0,0,45,0,0,0,0,0,0,0,0,0.375,0,0,0,0,0,NA,0,0,0,
1195,0.5,simple-random-sample,7,3500,358,548,2594,0.3,0.3,0.3,Clumped-Poisson,5,3,Randomly placed,10.404857142857143,45,0,0,0,0,true,0,0,45,98,12,14,72,31,5,6,20,0.375,0,0,0,0,2.7555555555555555,2.025228731340369,0,0,0,
1206,0.5,transect,0.01,5,1,2,2,1,1,1,Clumped-Poisson,5,3,Randomly placed,0.9975000000000437,0,9,5,0,0,true,0,0,45,0,0,0,0,0,0,0,0,0.375,0,0,0,0,0,NA,0,0,0,
1204,0.5,transect,0.01,5,1,1,3,1,1,1,Clumped-Poisson,5,3,Randomly placed,0.9975000000000342,0,9,5,0,0,true,0,0,45,0,0,0,0,0,0,0,0,0.375,0,0,0,0,0,NA,0,0,0,
1207,0.5,transect,0.01,5,1,1,3,1,1,1,Clumped-Poisson,5,3,Randomly placed,0.9975000000000132,0,9,5,0,0,true,0,0,45,0,0,0,0,0,0,0,0,0.375,0,0,0,0,0,NA,0,0,0,
1200,0.5,simple-random-sample,7,3500,371,549,2580,0.3,0.3,0.3,Clumped-Poisson,5,3,Randomly placed,13.404285714285715,45,0,0,0,0,true,0,0,45,75,11,10,54,23,4,6,13,0.375,0,0,0,0,2.0444444444444443,2.1923134322571665,0,0,0,
1211,0.5,transect,0.01,5,1,0,4,1,1,1,Clumped-Poisson,5,3,Randomly placed,0.9975000000000144,0,9,5,0,0,true,0,0,45,0,0,0,0,0,0,0,0,0.375,0,0,0,0,0,NA,0,0,0,
1202,0.5,transect,0.01,5,0,0,5,1,1,1,Clumped-Poisson,5,3,Randomly placed,0.9975000000000133,0,9,5,0,0,true,0,0,45,0,0,0,0,0,0,0,0,0.375,0,0,0,0,0,NA,0,0,0,
1214,0.5,transect,0.01,5,0,2,3,1,1,1,Clumped-Poisson,5,3,Randomly placed,0.9975000000000322,0,9,5,0,0,true,0,0,45,0,0,0,0,0,0,0,0,0.375,0,0,0,0,0,NA,0,0,0,
1213,0.5,transect,0.01,5,1,3,1,1,1,1,Clumped-Poisson,5,3,Randomly placed,0.9975000000000332,0,9,5,0,0,true,0,0,45,0,0,0,0,0,0,0,0,0.375,0,0,0,0,0,NA,0,0,0,
1208,0.5,transect,0.01,5,1,0,4,1,1,1,Clumped-Poisson,5,3,Randomly placed,0.9975000000000431,0,9,5,0,0,true,0,0,45,0,0,0,0,0,0,0,0,0.375,0,0,0,0,0,NA,0,0,0,
1189,0.5,simple-random-sample,7,3500,361,513,2626,0.3,0.3,0.3,Clumped-Poisson,5,3,Randomly placed,11.184285714285716,45,0,0,0,0,true,0,0,45,156,23,24,109,48,9,5,34,0.375,0,0,0,0,4.266666666666667,2.3171789274499677,0,0,0,
1205,0.5,transect,0.01,5,1,0,4,1,1,1,Clumped-Poisson,5,3,Randomly placed,0.9975000000000364,0,9,5,0,0,true,0,0,45,0,0,0,0,0,0,0,0,0.375,0,0,0,0,0,NA,0,0,0,
1210,0.5,transect,0.01,5,0,1,4,1,1,1,Clumped-Poisson,5,3,Randomly placed,0.9975000000000246,0,9,5,0,0,true,0,0,45,0,0,0,0,0,0,0,0,0.375,0,0,0,0,0,NA,0,0,0,
1215,0.5,transect,0.01,5,0,0,5,1,1,1,Clumped-Poisson,5,3,Randomly placed,0.9975000000000511,0,9,5,0,0,true,0,0,45,0,0,0,0,0,0,0,0,0.375,0,0,0,0,0,NA,0,0,0,
1186,0.5,simple-random-sample,7,3500,343,508,2649,0.3,0.3,0.3,Clumped-Poisson,5,3,Randomly placed,8.648285714285715,45,0,0,0,0,true,0,0,45,91,11,13,67,20,4,3,13,0.375,0,0,0,0,1.7777777777777777,2.694691751641296,0,0,0,
1219,0.5,transect,0.01,5,0,0,5,1,1,1,Clumped-Poisson,5,3,Randomly placed,0.9975000000000493,0,9,5,0,0,true,0,0,45,0,0,0,0,0,0,0,0,0.375,0,0,0,0,0,NA,0,0,0,
1191,0.5,simple-random-sample,7,3500,349,509,2642,0.3,0.3,0.3,Clumped-Poisson,5,3,Randomly placed,9.31857142857143,45,0,0,0,0,true,0,0,45,108,10,13,85,33,4,2,27,0.375,0,0,0,0,2.933333333333333,1.5493388231373215,0,0,0,
1217,0.5,transect,0.01,5,1,2,2,1,1,1,Clumped-Poisson,5,3,Randomly placed,0.9975000000000525,0,9,5,0,0,true,0,0,45,0,0,0,0,0,0,0,0,0.375,0,0,0,0,0,NA,0,0,0,
1216,0.5,transect,0.01,5,0,0,5,1,1,1,Clumped-Poisson,5,3,Randomly placed,0.9975000000000438,0,9,5,0,0,true,0,0,45,0,0,0,0,0,0,0,0,0.375,0,0,0,0,0,NA,0,0,0,
1221,0.5,transect,0.01,5,0,0,5,1,1,1,Clumped-Poisson,5,3,Randomly placed,0.997500000000054,0,9,5,0,0,true,0,0,45,0,0,0,0,0,0,0,0,0.375,0,0,0,0,0,NA,0,0,0,
1218,0.5,transect,0.01,5,1,0,4,1,1,1,Clumped-Poisson,5,3,Randomly placed,0.9975000000000545,0,9,5,0,0,true,0,0,45,0,0,0,0,0,0,0,0,0.375,0,0,0,0,0,NA,0,0,0,
1220,0.5,transect,0.01,5,0,0,5,1,1,1,Clumped-Poisson,5,3,Randomly placed,0.997500000000033,0,9,5,0,0,true,0,0,45,0,0,0,0,0,0,0,0,0.375,0,0,0,0,0,NA,0,0,0,
1224,0.5,transect,0.01,5,1,1,3,1,1,1,Clumped-Poisson,5,3,Randomly placed,0.997500000000052,0,9,5,0,0,true,0,0,45,0,0,0,0,0,0,0,0,0.375,0,0,0,0,0,NA,0,0,0,
1226,0.5,transect,0.01,5,0,2,3,1,1,1,Clumped-Poisson,5,3,Randomly placed,0.9975000000000128,0,9,5,0,0,true,0,0,45,0,0,0,0,0,0,0,0,0.375,0,0,0,0,0,NA,0,0,0,
1223,0.5,transect,0.01,5,0,2,3,1,1,1,Clumped-Poisson,5,3,Randomly placed,0.9975000000000565,0,9,5,0,0,true,0,0,45,0,0,0,0,0,0,0,0,0.375,0,0,0,0,0,NA,0,0,0,
1225,0.5,transect,0.01,5,1,0,4,1,1,1,Clumped-Poisson,5,3,Randomly placed,0.9975000000000338,0,9,5,0,0,true,0,0,45,1,1,0,0,1,1,0,0,0.375,0,0,0,0,0.08888888888888889,6.708203932499369,0,0,0,
1231,0.5,transect,0.01,5,0,1,4,1,1,1,Clumped-Poisson,5,3,Randomly placed,0.9975000000000397,0,9,5,0,0,true,0,0,45,0,0,0,0,0,0,0,0,0.375,0,0,0,0,0,NA,0,0,0,
1233,0.5,transect,0.01,5,0,2,3,1,1,1,Clumped-Poisson,5,3,Randomly placed,0.9975000000000688,0,9,5,0,0,true,0,0,45,0,0,0,0,0,0,0,0,0.375,0,0,0,0,0,NA,0,0,0,
1230,0.5,transect,0.01,5,1,1,3,1,1,1,Clumped-Poisson,5,3,Randomly placed,0.9975000000000194,0,9,5,0,0,true,0,0,45,0,0,0,0,0,0,0,0,0.375,0,0,0,0,0,NA,0,0,0,
1229,0.5,transect,0.01,5,0,0,5,1,1,1,Clumped-Poisson,5,3,Randomly placed,0.9975000000000551,0,9,5,0,0,true,0,0,45,0,0,0,0,0,0,0,0,0.375,0,0,0,0,0,NA,0,0,0,
1234,0.5,transect,0.01,5,2,2,1,1,1,1,Clumped-Poisson,5,3,Randomly placed,0.9975000000000481,0,9,5,0,0,true,0,0,45,0,0,0,0,0,0,0,0,0.375,0,0,0,0,0,NA,0,0,0,
1227,0.5,transect,0.01,5,0,1,4,1,1,1,Clumped-Poisson,5,3,Randomly placed,0.9975000000000256,0,9,5,0,0,true,0,0,45,0,0,0,0,0,0,0,0,0.375,0,0,0,0,0,NA,0,0,0,
1236,0.5,transect,0.01,5,0,1,4,1,1,1,Clumped-Poisson,5,3,Randomly placed,0.9975000000000199,0,9,5,0,0,true,0,0,45,0,0,0,0,0,0,0,0,0.375,0,0,0,0,0,NA,0,0,0,
1237,0.5,transect,0.01,5,0,1,4,1,1,1,Clumped-Poisson,5,3,Randomly placed,0.9975000000000299,0,9,5,0,0,true,0,0,45,0,0,0,0,0,0,0,0,0.375,0,0,0,0,0,NA,0,0,0,
1212,0.5,transect,0.01,5,4,0,1,1,1,1,Clumped-Poisson,5,3,Randomly placed,0.997500000000045,0,9,5,0,0,true,0,0,45,1,1,0,0,1,1,0,0,0.375,0,0,0,0,0.08888888888888889,6.70820393249937,0,0,0,
1235,0.5,transect,0.01,5,0,1,4,1,1,1,Clumped-Poisson,5,3,Randomly placed,0.9975000000000506,0,9,5,0,0,true,0,0,45,1,0,0,1,1,0,0,1,0.375,0,0,0,0,0.08888888888888889,6.70820393249937,0,0,0,
1228,0.5,transect,0.01,5,2,1,2,1,1,1,Clumped-Poisson,5,3,Randomly placed,0.9975000000000465,0,9,5,0,0,true,0,0,45,0,0,0,0,0,0,0,0,0.375,0,0,0,0,0,NA,0,0,0,
1222,0.5,transect,0.01,5,2,1,2,1,1,1,Clumped-Poisson,5,3,Randomly placed,0.9975000000000525,0,9,5,0,0,true,0,0,45,0,0,0,0,0,0,0,0,0.375,0,0,0,0,0,NA,0,0,0,
1232,0.5,transect,0.01,5,0,1,4,1,1,1,Clumped-Poisson,5,3,Randomly placed,0.9975000000000394,0,9,5,0,0,true,0,0,45,0,0,0,0,0,0,0,0,0.375,0,0,0,0,0,NA,0,0,0,
1238,0.5,transect,0.01,5,0,0,5,1,1,1,Clumped-Poisson,5,3,Randomly placed,0.9975000000000372,0,9,5,0,0,true,0,0,45,0,0,0,0,0,0,0,0,0.375,0,0,0,0,0,NA,0,0,0,
1240,0.5,transect,0.01,5,0,2,3,1,1,1,Clumped-Poisson,5,3,Randomly placed,0.9975000000000334,0,9,5,0,0,true,0,0,45,1,0,0,1,1,0,0,1,0.375,0,0,0,0,0.08888888888888889,6.70820393249937,0,0,0,
1209,0.5,transect,0.01,5,0,0,5,1,1,1,Clumped-Poisson,5,3,Randomly placed,0.9975000000000263,0,9,5,0,0,true,0,0,45,0,0,0,0,0,0,0,0,0.375,0,0,0,0,0,NA,0,0,0,
1242,0.5,transect,0.01,5,1,0,4,1,1,1,Clumped-Poisson,5,3,Randomly placed,0.9975000000000197,0,9,5,0,0,true,0,0,45,0,0,0,0,0,0,0,0,0.375,0,0,0,0,0,NA,0,0,0,
1245,0.5,transect,0.01,5,0,1,4,1,1,1,Clumped-Poisson,5,3,Randomly placed,0.9975000000000607,0,9,5,0,0,true,0,0,45,1,0,0,1,1,0,0,1,0.375,0,0,0,0,0.08888888888888889,6.708203932499369,0,0,0,
1239,0.5,transect,0.01,5,0,0,5,1,1,1,Clumped-Poisson,5,3,Randomly placed,0.9975000000000412,0,9,5,0,0,true,0,0,45,0,0,0,0,0,0,0,0,0.375,0,0,0,0,0,NA,0,0,0,
1247,0.5,transect,0.01,5,1,0,4,1,1,1,Clumped-Poisson,5,3,Randomly placed,0.9975000000000449,0,9,5,0,0,true,0,0,45,1,0,0,1,1,0,0,1,0.375,0,0,0,0,0.08888888888888889,6.70820393249937,0,0,0,
1243,0.5,transect,0.01,5,1,1,3,1,1,1,Clumped-Poisson,5,3,Randomly placed,0.9975000000000135,0,9,5,0,0,true,0,0,45,0,0,0,0,0,0,0,0,0.375,0,0,0,0,0,NA,0,0,0,
1251,0.5,transect,0.01,5,1,1,3,1,1,1,Clumped-Poisson,5,3,Randomly placed,0.9975000000000683,0,9,5,0,0,true,0,0,45,0,0,0,0,0,0,0,0,0.375,0,0,0,0,0,NA,0,0,0,
1255,0.5,transect,0.01,5,0,0,5,1,1,1,Clumped-Poisson,5,3,Randomly placed,0.9975000000000745,0,9,5,0,0,true,0,0,45,0,0,0,0,0,0,0,0,0.375,0,0,0,0,0,NA,0,0,0,
1244,0.5,transect,0.01,5,0,1,4,1,1,1,Clumped-Poisson,5,3,Randomly placed,0.9975000000000431,0,9,5,0,0,true,0,0,45,0,0,0,0,0,0,0,0,0.375,0,0,0,0,0,NA,0,0,0,
1254,0.5,transect,0.01,5,0,1,4,1,1,1,Clumped-Poisson,5,3,Randomly placed,0.9975000000000314,0,9,5,0,0,true,0,0,45,0,0,0,0,0,0,0,0,0.375,0,0,0,0,0,NA,0,0,0,
1256,0.5,transect,0.01,5,0,3,2,1,1,1,Clumped-Poisson,5,3,Randomly placed,0.9975000000000378,0,9,5,0,0,true,0,0,45,0,0,0,0,0,0,0,0,0.375,0,0,0,0,0,NA,0,0,0,
1259,0.5,transect,0.01,5,0,0,5,1,1,1,Clumped-Poisson,5,3,Randomly placed,0.9975000000000128,0,9,5,0,0,true,0,0,45,0,0,0,0,0,0,0,0,0.375,0,0,0,0,0,NA,0,0,0,
1252,0.5,transect,0.01,5,0,2,3,1,1,1,Clumped-Poisson,5,3,Randomly placed,0.9975000000000506,0,9,5,0,0,true,0,0,45,0,0,0,0,0,0,0,0,0.375,0,0,0,0,0,NA,0,0,0,
1260,0.5,transect,0.01,5,1,0,4,1,1,1,Clumped-Poisson,5,3,Randomly placed,0.9975000000000499,0,9,5,0,0,true,0,0,45,0,0,0,0,0,0,0,0,0.375,0,0,0,0,0,NA,0,0,0,
1241,0.5,transect,0.01,5,0,1,4,1,1,1,Clumped-Poisson,5,3,Randomly placed,0.9975000000000296,0,9,5,0,0,true,0,0,45,0,0,0,0,0,0,0,0,0.375,0,0,0,0,0,NA,0,0,0,
1246,0.5,transect,0.01,5,0,1,4,1,1,1,Clumped-Poisson,5,3,Randomly placed,0.9975000000000179,0,9,5,0,0,true,0,0,45,0,0,0,0,0,0,0,0,0.375,0,0,0,0,0,NA,0,0,0,
1248,0.5,transect,0.01,5,0,1,4,1,1,1,Clumped-Poisson,5,3,Randomly placed,0.9975000000000454,0,9,5,0,0,true,0,0,45,0,0,0,0,0,0,0,0,0.375,0,0,0,0,0,NA,0,0,0,
1249,0.5,transect,0.01,5,0,1,4,1,1,1,Clumped-Poisson,5,3,Randomly placed,0.9975000000000394,0,9,5,0,0,true,0,0,45,0,0,0,0,0,0,0,0,0.375,0,0,0,0,0,NA,0,0,0,
1261,0.5,transect,0.01,5,1,1,3,1,1,1,Clumped-Poisson,5,3,Randomly placed,0.997500000000057,0,9,5,0,0,true,0,0,45,0,0,0,0,0,0,0,0,0.375,0,0,0,0,0,NA,0,0,0,
1262,0.5,transect,0.01,5,2,0,3,1,1,1,Clumped-Poisson,5,3,Randomly placed,0.9975000000000663,0,9,5,0,0,true,0,0,45,0,0,0,0,0,0,0,0,0.375,0,0,0,0,0,NA,0,0,0,
1258,0.5,transect,0.01,5,1,1,3,1,1,1,Clumped-Poisson,5,3,Randomly placed,0.9975000000000207,0,9,5,0,0,true,0,0,45,0,0,0,0,0,0,0,0,0.375,0,0,0,0,0,NA,0,0,0,
1263,0.5,transect,0.01,5,1,0,4,1,1,1,Clumped-Poisson,5,3,Randomly placed,0.9975000000000299,0,9,5,0,0,true,0,0,45,0,0,0,0,0,0,0,0,0.375,0,0,0,0,0,NA,0,0,0,
1264,0.5,transect,0.01,5,2,2,1,1,1,1,Clumped-Poisson,5,3,Randomly placed,0.997500000000028,0,9,5,0,0,true,0,0,45,0,0,0,0,0,0,0,0,0.375,0,0,0,0,0,NA,0,0,0,
1265,0.5,transect,0.01,5,4,0,1,1,1,1,Clumped-Poisson,5,3,Randomly placed,0.9975000000000234,0,9,5,0,0,true,0,0,45,0,0,0,0,0,0,0,0,0.375,0,0,0,0,0,NA,0,0,0,
1267,0.5,transect,0.01,5,2,0,3,1,1,1,Clumped-Poisson,5,3,Randomly placed,0.9975000000000457,0,9,5,0,0,true,0,0,45,0,0,0,0,0,0,0,0,0.375,0,0,0,0,0,NA,0,0,0,
1257,0.5,transect,0.01,5,1,1,3,1,1,1,Clumped-Poisson,5,3,Randomly placed,0.9975000000000123,0,9,5,0,0,true,0,0,45,0,0,0,0,0,0,0,0,0.375,0,0,0,0,0,NA,0,0,0,
1266,0.5,transect,0.01,5,0,1,4,1,1,1,Clumped-Poisson,5,3,Randomly placed,0.9975000000000457,0,9,5,0,0,true,0,0,45,0,0,0,0,0,0,0,0,0.375,0,0,0,0,0,NA,0,0,0,
1273,0.5,transect,0.01,5,2,0,3,1,1,1,Clumped-Poisson,5,3,Randomly placed,0.997500000000029,0,9,5,0,0,true,0,0,45,0,0,0,0,0,0,0,0,0.375,0,0,0,0,0,NA,0,0,0,
1271,0.5,transect,0.01,5,1,1,3,1,1,1,Clumped-Poisson,5,3,Randomly placed,0.9975000000000197,0,9,5,0,0,true,0,0,45,0,0,0,0,0,0,0,0,0.375,0,0,0,0,0,NA,0,0,0,
1272,0.5,transect,0.01,5,0,0,5,1,1,1,Clumped-Poisson,5,3,Randomly placed,0.9975000000000322,0,9,5,0,0,true,0,0,45,0,0,0,0,0,0,0,0,0.375,0,0,0,0,0,NA,0,0,0,
1275,0.5,transect,0.01,5,0,1,4,1,1,1,Clumped-Poisson,5,3,Randomly placed,0.997500000000015,0,9,5,0,0,true,0,0,45,0,0,0,0,0,0,0,0,0.375,0,0,0,0,0,NA,0,0,0,
1269,0.5,transect,0.01,5,1,0,4,1,1,1,Clumped-Poisson,5,3,Randomly placed,0.9975000000000394,0,9,5,0,0,true,0,0,45,0,0,0,0,0,0,0,0,0.375,0,0,0,0,0,NA,0,0,0,
1268,0.5,transect,0.01,5,1,0,4,1,1,1,Clumped-Poisson,5,3,Randomly placed,0.9975000000000577,0,9,5,0,0,true,0,0,45,0,0,0,0,0,0,0,0,0.375,0,0,0,0,0,NA,0,0,0,
1270,0.5,transect,0.01,5,0,0,5,1,1,1,Clumped-Poisson,5,3,Randomly placed,0.9975000000000421,0,9,5,0,0,true,0,0,45,0,0,0,0,0,0,0,0,0.375,0,0,0,0,0,NA,0,0,0,
1276,0.5,transect,0.01,5,1,0,4,1,1,1,Clumped-Poisson,5,3,Randomly placed,0.9975000000000487,0,9,5,0,0,true,0,0,45,0,0,0,0,0,0,0,0,0.375,0,0,0,0,0,NA,0,0,0,
1274,0.5,transect,0.01,5,0,0,5,1,1,1,Clumped-Poisson,5,3,Randomly placed,0.9975000000000419,0,9,5,0,0,true,0,0,45,0,0,0,0,0,0,0,0,0.375,0,0,0,0,0,NA,0,0,0,
1278,0.5,transect,0.01,5,0,0,5,1,1,1,Clumped-Poisson,5,3,Randomly placed,0.9975000000000247,0,9,5,0,0,true,0,0,45,0,0,0,0,0,0,0,0,0.375,0,0,0,0,0,NA,0,0,0,
1281,0.5,transect,0.01,5,0,1,4,1,1,1,Clumped-Poisson,5,3,Randomly placed,0.9975000000000586,0,9,5,0,0,true,0,0,45,0,0,0,0,0,0,0,0,0.375,0,0,0,0,0,NA,0,0,0,
1286,0.5,transect,0.01,5,1,0,4,1,1,1,Clumped-Poisson,5,3,Randomly placed,0.9975000000000144,0,9,5,0,0,true,0,0,45,0,0,0,0,0,0,0,0,0.375,0,0,0,0,0,NA,0,0,0,
1253,0.5,transect,0.01,5,0,3,2,1,1,1,Clumped-Poisson,5,3,Randomly placed,0.9975000000000456,0,9,5,0,0,true,0,0,45,0,0,0,0,0,0,0,0,0.375,0,0,0,0,0,NA,0,0,0,
1285,0.5,transect,0.01,5,1,1,3,1,1,1,Clumped-Poisson,5,3,Randomly placed,0.9975000000000296,0,9,5,0,0,true,0,0,45,0,0,0,0,0,0,0,0,0.375,0,0,0,0,0,NA,0,0,0,
1284,0.5,transect,0.01,5,0,1,4,1,1,1,Clumped-Poisson,5,3,Randomly placed,0.9975000000000139,0,9,5,0,0,true,0,0,45,0,0,0,0,0,0,0,0,0.375,0,0,0,0,0,NA,0,0,0,
1250,0.5,transect,0.01,5,1,1,3,1,1,1,Clumped-Poisson,5,3,Randomly placed,0.9975000000000719,0,9,5,0,0,true,0,0,45,0,0,0,0,0,0,0,0,0.375,0,0,0,0,0,NA,0,0,0,
1287,0.5,transect,0.01,5,1,1,3,1,1,1,Clumped-Poisson,5,3,Randomly placed,0.9975000000000579,0,9,5,0,0,true,0,0,45,0,0,0,0,0,0,0,0,0.375,0,0,0,0,0,NA,0,0,0,
1279,0.5,transect,0.01,5,1,1,3,1,1,1,Clumped-Poisson,5,3,Randomly placed,0.997500000000058,0,9,5,0,0,true,0,0,45,1,0,0,1,1,0,0,1,0.375,0,0,0,0,0.08888888888888889,6.708203932499371,0,0,0,
1283,0.5,transect,0.01,5,1,1,3,1,1,1,Clumped-Poisson,5,3,Randomly placed,0.99750000000005,0,9,5,0,0,true,0,0,45,0,0,0,0,0,0,0,0,0.375,0,0,0,0,0,NA,0,0,0,
1277,0.5,transect,0.01,5,0,0,5,1,1,1,Clumped-Poisson,5,3,Randomly placed,0.9975000000000573,0,9,5,0,0,true,0,0,45,0,0,0,0,0,0,0,0,0.375,0,0,0,0,0,NA,0,0,0,
1292,0.5,transect,0.01,5,0,1,4,1,1,1,Clumped-Poisson,5,3,Randomly placed,0.9975000000000468,0,9,5,0,0,true,0,0,45,1,0,0,1,1,0,0,1,0.375,0,0,0,0,0.08888888888888889,6.70820393249937,0,0,0,
1293,0.5,transect,0.01,5,0,3,2,1,1,1,Clumped-Poisson,5,3,Randomly placed,0.9975000000000389,0,9,5,0,0,true,0,0,45,0,0,0,0,0,0,0,0,0.375,0,0,0,0,0,NA,0,0,0,
1280,0.5,transect,0.01,5,1,0,4,1,1,1,Clumped-Poisson,5,3,Randomly placed,0.9975000000000683,0,9,5,0,0,true,0,0,45,0,0,0,0,0,0,0,0,0.375,0,0,0,0,0,NA,0,0,0,
1299,0.5,transect,0.01,5,1,0,4,1,1,1,Clumped-Poisson,5,3,Randomly placed,0.9975000000000454,0,9,5,0,0,true,0,0,45,1,0,0,1,1,0,0,1,0.375,0,0,0,0,0.08888888888888889,6.708203932499369,0,0,0,
1282,0.5,transect,0.01,5,0,3,2,1,1,1,Clumped-Poisson,5,3,Randomly placed,0.9975000000000136,0,9,5,0,0,true,0,0,45,1,0,1,0,1,0,1,0,0.375,0,0,0,0,0.08888888888888889,6.70820393249937,0,0,0,
1295,0.5,transect,0.01,5,1,1,3,1,1,1,Clumped-Poisson,5,3,Randomly placed,0.9975000000000219,0,9,5,0,0,true,0,0,45,0,0,0,0,0,0,0,0,0.375,0,0,0,0,0,NA,0,0,0,
1290,0.5,transect,0.01,5,0,2,3,1,1,1,Clumped-Poisson,5,3,Randomly placed,0.9975000000000138,0,9,5,0,0,true,0,0,45,0,0,0,0,0,0,0,0,0.375,0,0,0,0,0,NA,0,0,0,
1294,0.5,transect,0.01,5,1,1,3,1,1,1,Clumped-Poisson,5,3,Randomly placed,0.9975000000000577,0,9,5,0,0,true,0,0,45,1,0,0,1,1,0,0,1,0.375,0,0,0,0,0.08888888888888889,6.708203932499369,0,0,0,
1298,0.5,transect,0.01,5,0,1,4,1,1,1,Clumped-Poisson,5,3,Randomly placed,0.9975000000000462,0,9,5,0,0,true,0,0,45,0,0,0,0,0,0,0,0,0.375,0,0,0,0,0,NA,0,0,0,
1300,0.5,transect,0.01,5,3,1,1,1,1,1,Clumped-Poisson,5,3,Randomly placed,0.9975000000000305,0,9,5,0,0,true,0,0,45,0,0,0,0,0,0,0,0,0.375,0,0,0,0,0,NA,0,0,0,
1288,0.5,transect,0.01,5,2,1,2,1,1,1,Clumped-Poisson,5,3,Randomly placed,0.9975000000000274,0,9,5,0,0,true,0,0,45,0,0,0,0,0,0,0,0,0.375,0,0,0,0,0,NA,0,0,0,
1199,0.5,simple-random-sample,7,3500,370,532,2598,0.3,0.3,0.3,Clumped-Poisson,5,3,Randomly placed,8.259714285714285,45,0,0,0,0,true,0,0,45,85,6,11,68,31,2,3,26,0.375,0,0,0,0,2.7555555555555555,2.529880087105308,0,0,0,
1289,0.5,transect,0.01,5,1,0,4,1,1,1,Clumped-Poisson,5,3,Randomly placed,0.997500000000016,0,9,5,0,0,true,0,0,45,0,0,0,0,0,0,0,0,0.375,0,0,0,0,0,NA,0,0,0,
1291,0.5,transect,0.01,5,0,0,5,1,1,1,Clumped-Poisson,5,3,Randomly placed,0.9975000000000172,0,9,5,0,0,true,0,0,45,0,0,0,0,0,0,0,0,0.375,0,0,0,0,0,NA,0,0,0,
1296,0.5,transect,0.01,5,0,1,4,1,1,1,Clumped-Poisson,5,3,Randomly placed,0.9975000000000502,0,9,5,0,0,true,0,0,45,0,0,0,0,0,0,0,0,0.375,0,0,0,0,0,NA,0,0,0,
1301,0.5,transect,0.1,50,3,8,39,1,1,1,Clumped-Poisson,5,3,Randomly placed,1.1749999999999834,0,9,5,0,0,true,0,0,45,3,0,0,3,3,0,0,3,0.375,0,0,0,0,0.26666666666666666,3.7839373433213432,0,0,0,
1297,0.5,transect,0.01,5,2,1,2,1,1,1,Clumped-Poisson,5,3,Randomly placed,0.9975000000000579,0,9,5,0,0,true,0,0,45,0,0,0,0,0,0,0,0,0.375,0,0,0,0,0,NA,0,0,0,
1302,0.5,transect,0.1,50,6,8,36,1,1,1,Clumped-Poisson,5,3,Randomly placed,1.1349999999999805,0,9,5,0,0,true,0,0,45,0,0,0,0,0,0,0,0,0.375,0,0,0,0,0,NA,0,0,0,
1198,0.5,simple-random-sample,7,3500,306,568,2626,0.3,0.3,0.3,Clumped-Poisson,5,3,Randomly placed,7.819714285714285,45,0,0,0,0,true,0,0,45,69,2,15,52,22,0,5,17,0.375,0,0,0,0,1.9555555555555555,2.373489475752978,0,0,0,
1305,0.5,transect,0.1,50,5,8,37,1,1,1,Clumped-Poisson,5,3,Randomly placed,1.0949999999999815,0,9,5,0,0,true,0,0,45,1,0,0,1,1,0,0,1,0.375,0,0,0,0,0.08888888888888889,6.70820393249937,0,0,0,
1308,0.5,transect,0.1,50,3,3,44,1,1,1,Clumped-Poisson,5,3,Randomly placed,1.0149999999999848,0,9,5,0,0,true,0,0,45,1,0,0,1,1,0,0,1,0.375,0,0,0,0,0.08888888888888889,6.708203932499369,0,0,0,
1303,0.5,transect,0.1,50,2,10,38,1,1,1,Clumped-Poisson,5,3,Randomly placed,1.0949999999999804,0,9,5,0,0,true,0,0,45,1,0,0,1,1,0,0,1,0.375,0,0,0,0,0.08888888888888889,6.708203932499369,0,0,0,
1306,0.5,transect,0.1,50,4,3,43,1,1,1,Clumped-Poisson,5,3,Randomly placed,1.294999999999983,0,9,5,0,0,true,0,0,45,4,1,0,3,4,1,0,3,0.375,0,0,0,0,0.35555555555555557,3.2377391101592083,0,0,0,
1304,0.5,transect,0.1,50,8,6,36,1,1,1,Clumped-Poisson,5,3,Randomly placed,1.094999999999982,0,9,5,0,0,true,0,0,45,0,0,0,0,0,0,0,0,0.375,0,0,0,0,0,NA,0,0,0,
1307,0.5,transect,0.1,50,5,7,38,1,1,1,Clumped-Poisson,5,3,Randomly placed,1.0549999999999815,0,9,5,0,0,true,0,0,45,1,0,0,1,1,0,0,1,0.375,0,0,0,0,0.08888888888888889,6.70820393249937,0,0,0,
1309,0.5,transect,0.1,50,3,12,35,1,1,1,Clumped-Poisson,5,3,Randomly placed,1.0149999999999841,0,9,5,0,0,true,0,0,45,1,0,0,1,1,0,0,1,0.375,0,0,0,0,0.08888888888888889,6.708203932499369,0,0,0,
1311,0.5,transect,0.1,50,3,8,39,1,1,1,Clumped-Poisson,5,3,Randomly placed,1.0549999999999808,0,9,5,0,0,true,0,0,45,1,0,1,0,1,0,1,0,0.375,0,0,0,0,0.08888888888888889,6.708203932499369,0,0,0,
1312,0.5,transect,0.1,50,3,7,40,1,1,1,Clumped-Poisson,5,3,Randomly placed,1.1349999999999854,0,9,5,0,0,true,0,0,45,2,0,0,2,2,0,0,2,0.375,0,0,0,0,0.17777777777777778,4.689204235649835,0,0,0,
1314,0.5,transect,0.1,50,6,6,38,1,1,1,Clumped-Poisson,5,3,Randomly placed,1.2549999999999817,0,9,5,0,0,true,0,0,45,0,0,0,0,0,0,0,0,0.375,0,0,0,0,0,NA,0,0,0,
1316,0.5,transect,0.1,50,3,9,38,1,1,1,Clumped-Poisson,5,3,Randomly placed,1.054999999999986,0,9,5,0,0,true,0,0,45,2,0,0,2,2,0,0,2,0.375,0,0,0,0,0.17777777777777778,6.70820393249937,0,0,0,
1317,0.5,transect,0.1,50,5,8,37,1,1,1,Clumped-Poisson,5,3,Randomly placed,1.054999999999982,0,9,5,0,0,true,0,0,45,0,0,0,0,0,0,0,0,0.375,0,0,0,0,0,NA,0,0,0,
1310,0.5,transect,0.1,50,4,5,41,1,1,1,Clumped-Poisson,5,3,Randomly placed,1.174999999999986,0,9,5,0,0,true,0,0,45,1,0,0,1,1,0,0,1,0.375,0,0,0,0,0.08888888888888889,6.708203932499371,0,0,0,
1323,0.5,transect,0.1,50,6,9,35,1,1,1,Clumped-Poisson,5,3,Randomly placed,1.2949999999999824,0,9,5,0,0,true,0,0,45,1,0,0,1,1,0,0,1,0.375,0,0,0,0,0.08888888888888889,6.708203932499369,0,0,0,
1319,0.5,transect,0.1,50,3,6,41,1,1,1,Clumped-Poisson,5,3,Randomly placed,1.2149999999999832,0,9,5,0,0,true,0,0,45,0,0,0,0,0,0,0,0,0.375,0,0,0,0,0,NA,0,0,0,
1325,0.5,transect,0.1,50,6,10,34,1,1,1,Clumped-Poisson,5,3,Randomly placed,1.29499999999998,0,9,5,0,0,true,0,0,45,0,0,0,0,0,0,0,0,0.375,0,0,0,0,0,NA,0,0,0,
1327,0.5,transect,0.1,50,7,6,37,1,1,1,Clumped-Poisson,5,3,Randomly placed,1.214999999999982,0,9,5,0,0,true,0,0,45,0,0,0,0,0,0,0,0,0.375,0,0,0,0,0,NA,0,0,0,
1320,0.5,transect,0.1,50,6,14,30,1,1,1,Clumped-Poisson,5,3,Randomly placed,1.1349999999999836,0,9,5,0,0,true,0,0,45,2,0,0,2,2,0,0,2,0.375,0,0,0,0,0.17777777777777778,4.689204235649835,0,0,0,
1313,0.5,transect,0.1,50,5,5,40,1,1,1,Clumped-Poisson,5,3,Randomly placed,1.13499999999998,0,9,5,0,0,true,0,0,45,0,0,0,0,0,0,0,0,0.375,0,0,0,0,0,NA,0,0,0,
1318,0.5,transect,0.1,50,6,6,38,1,1,1,Clumped-Poisson,5,3,Randomly placed,1.1349999999999878,0,9,5,0,0,true,0,0,45,1,0,0,1,1,0,0,1,0.375,0,0,0,0,0.08888888888888889,6.708203932499369,0,0,0,
1321,0.5,transect,0.1,50,9,8,33,1,1,1,Clumped-Poisson,5,3,Randomly placed,1.01499999999998,0,9,5,0,0,true,0,0,45,4,1,0,3,4,1,0,3,0.375,0,0,0,0,0.35555555555555557,3.237739110159207,0,0,0,
1322,0.5,transect,0.1,50,6,7,37,1,1,1,Clumped-Poisson,5,3,Randomly placed,1.0949999999999815,0,9,5,0,0,true,0,0,45,0,0,0,0,0,0,0,0,0.375,0,0,0,0,0,NA,0,0,0,
1328,0.5,transect,0.1,50,6,8,36,1,1,1,Clumped-Poisson,5,3,Randomly placed,1.2549999999999866,0,9,5,0,0,true,0,0,45,0,0,0,0,0,0,0,0,0.375,0,0,0,0,0,NA,0,0,0,
1315,0.5,transect,0.1,50,5,9,36,1,1,1,Clumped-Poisson,5,3,Randomly placed,1.1349999999999798,0,9,5,0,0,true,0,0,45,3,0,1,2,3,0,1,2,0.375,0,0,0,0,0.26666666666666666,3.7839373433213477,0,0,0,
1324,0.5,transect,0.1,50,5,5,40,1,1,1,Clumped-Poisson,5,3,Randomly placed,1.0949999999999827,0,9,5,0,0,true,0,0,45,2,0,1,1,2,0,1,1,0.375,0,0,0,0,0.17777777777777778,4.689204235649836,0,0,0,
1329,0.5,transect,0.1,50,5,9,36,1,1,1,Clumped-Poisson,5,3,Randomly placed,1.13499999999998,0,9,5,0,0,true,0,0,45,2,0,0,2,2,0,0,2,0.375,0,0,0,0,0.17777777777777778,4.689204235649836,0,0,0,
1326,0.5,transect,0.1,50,10,7,33,1,1,1,Clumped-Poisson,5,3,Randomly placed,1.05499999999998,0,9,5,0,0,true,0,0,45,0,0,0,0,0,0,0,0,0.375,0,0,0,0,0,NA,0,0,0,
1332,0.5,transect,0.1,50,4,8,38,1,1,1,Clumped-Poisson,5,3,Randomly placed,1.1349999999999825,0,9,5,0,0,true,0,0,45,1,0,0,1,1,0,0,1,0.375,0,0,0,0,0.08888888888888889,6.708203932499369,0,0,0,
1335,0.5,transect,0.1,50,6,9,35,1,1,1,Clumped-Poisson,5,3,Randomly placed,1.2549999999999835,0,9,5,0,0,true,0,0,45,1,1,0,0,1,1,0,0,0.375,0,0,0,0,0.08888888888888889,6.70820393249937,0,0,0,
1330,0.5,transect,0.1,50,3,11,36,1,1,1,Clumped-Poisson,5,3,Randomly placed,1.0949999999999815,0,9,5,0,0,true,0,0,45,0,0,0,0,0,0,0,0,0.375,0,0,0,0,0,NA,0,0,0,
1331,0.5,transect,0.1,50,5,5,40,1,1,1,Clumped-Poisson,5,3,Randomly placed,1.1349999999999834,0,9,5,0,0,true,0,0,45,2,0,0,2,2,0,0,2,0.375,0,0,0,0,0.17777777777777778,6.70820393249937,0,0,0,
1333,0.5,transect,0.1,50,11,7,32,1,1,1,Clumped-Poisson,5,3,Randomly placed,1.17499999999998,0,9,5,0,0,true,0,0,45,0,0,0,0,0,0,0,0,0.375,0,0,0,0,0,NA,0,0,0,
1340,0.5,transect,0.1,50,3,4,43,1,1,1,Clumped-Poisson,5,3,Randomly placed,1.214999999999982,0,9,5,0,0,true,0,0,45,1,0,0,1,1,0,0,1,0.375,0,0,0,0,0.08888888888888889,6.70820393249937,0,0,0,
1336,0.5,transect,0.1,50,7,4,39,1,1,1,Clumped-Poisson,5,3,Randomly placed,1.214999999999983,0,9,5,0,0,true,0,0,45,1,0,0,1,1,0,0,1,0.375,0,0,0,0,0.08888888888888889,6.708203932499369,0,0,0,
1334,0.5,transect,0.1,50,9,6,35,1,1,1,Clumped-Poisson,5,3,Randomly placed,1.094999999999986,0,9,5,0,0,true,0,0,45,2,1,1,0,2,1,1,0,0.375,0,0,0,0,0.17777777777777778,4.689204235649837,0,0,0,
1346,0.5,transect,0.1,50,1,7,42,1,1,1,Clumped-Poisson,5,3,Randomly placed,0.9749999999999823,0,9,5,0,0,true,0,0,45,2,0,0,2,2,0,0,2,0.375,0,0,0,0,0.17777777777777778,4.689204235649839,0,0,0,
1339,0.5,transect,0.1,50,2,14,34,1,1,1,Clumped-Poisson,5,3,Randomly placed,1.094999999999985,0,9,5,0,0,true,0,0,45,2,0,0,2,2,0,0,2,0.375,0,0,0,0,0.17777777777777778,4.689204235649835,0,0,0,
1347,0.5,transect,0.1,50,5,7,38,1,1,1,Clumped-Poisson,5,3,Randomly placed,1.054999999999981,0,9,5,0,0,true,0,0,45,2,0,0,2,2,0,0,2,0.375,0,0,0,0,0.17777777777777778,4.689204235649837,0,0,0,
1341,0.5,transect,0.1,50,1,8,41,1,1,1,Clumped-Poisson,5,3,Randomly placed,1.0149999999999852,0,9,5,0,0,true,0,0,45,1,0,0,1,1,0,0,1,0.375,0,0,0,0,0.08888888888888889,6.708203932499371,0,0,0,
1349,0.5,transect,0.1,50,10,7,33,1,1,1,Clumped-Poisson,5,3,Randomly placed,1.0149999999999832,0,9,5,0,0,true,0,0,45,1,0,0,1,1,0,0,1,0.375,0,0,0,0,0.08888888888888889,6.708203932499369,0,0,0,
1345,0.5,transect,0.1,50,6,8,36,1,1,1,Clumped-Poisson,5,3,Randomly placed,1.0149999999999815,0,9,5,0,0,true,0,0,45,2,0,0,2,2,0,0,2,0.375,0,0,0,0,0.17777777777777778,4.689204235649838,0,0,0,
1348,0.5,transect,0.1,50,7,8,35,1,1,1,Clumped-Poisson,5,3,Randomly placed,1.0949999999999847,0,9,5,0,0,true,0,0,45,2,1,0,1,2,1,0,1,0.375,0,0,0,0,0.17777777777777778,4.689204235649838,0,0,0,
1352,0.5,transect,0.1,50,6,6,38,1,1,1,Clumped-Poisson,5,3,Randomly placed,1.1349999999999831,0,9,5,0,0,true,0,0,45,0,0,0,0,0,0,0,0,0.375,0,0,0,0,0,NA,0,0,0,
1344,0.5,transect,0.1,50,3,8,39,1,1,1,Clumped-Poisson,5,3,Randomly placed,1.0949999999999833,0,9,5,0,0,true,0,0,45,0,0,0,0,0,0,0,0,0.375,0,0,0,0,0,NA,0,0,0,
1350,0.5,transect,0.1,50,7,8,35,1,1,1,Clumped-Poisson,5,3,Randomly placed,1.214999999999982,0,9,5,0,0,true,0,0,45,1,0,1,0,1,0,1,0,0.375,0,0,0,0,0.08888888888888889,6.708203932499371,0,0,0,
1351,0.5,transect,0.1,50,9,8,33,1,1,1,Clumped-Poisson,5,3,Randomly placed,1.0949999999999829,0,9,5,0,0,true,0,0,45,0,0,0,0,0,0,0,0,0.375,0,0,0,0,0,NA,0,0,0,
1353,0.5,transect,0.1,50,0,8,42,1,1,1,Clumped-Poisson,5,3,Randomly placed,1.0149999999999808,0,9,5,0,0,true,0,0,45,0,0,0,0,0,0,0,0,0.375,0,0,0,0,0,NA,0,0,0,
1356,0.5,transect,0.1,50,6,8,36,1,1,1,Clumped-Poisson,5,3,Randomly placed,1.0949999999999822,0,9,5,0,0,true,0,0,45,0,0,0,0,0,0,0,0,0.375,0,0,0,0,0,NA,0,0,0,
1355,0.5,transect,0.1,50,5,10,35,1,1,1,Clumped-Poisson,5,3,Randomly placed,1.094999999999982,0,9,5,0,0,true,0,0,45,1,1,0,0,1,1,0,0,0.375,0,0,0,0,0.08888888888888889,6.70820393249937,0,0,0,
1338,0.5,transect,0.1,50,1,7,42,1,1,1,Clumped-Poisson,5,3,Randomly placed,1.094999999999986,0,9,5,0,0,true,0,0,45,0,0,0,0,0,0,0,0,0.375,0,0,0,0,0,NA,0,0,0,
1357,0.5,transect,0.1,50,5,12,33,1,1,1,Clumped-Poisson,5,3,Randomly placed,1.0949999999999822,0,9,5,0,0,true,0,0,45,0,0,0,0,0,0,0,0,0.375,0,0,0,0,0,NA,0,0,0,
1354,0.5,transect,0.1,50,2,11,37,1,1,1,Clumped-Poisson,5,3,Randomly placed,1.0949999999999813,0,9,5,0,0,true,0,0,45,2,0,0,2,2,0,0,2,0.375,0,0,0,0,0.17777777777777778,4.689204235649839,0,0,0,
1343,0.5,transect,0.1,50,6,1,43,1,1,1,Clumped-Poisson,5,3,Randomly placed,1.0949999999999833,0,9,5,0,0,true,0,0,45,0,0,0,0,0,0,0,0,0.375,0,0,0,0,0,NA,0,0,0,
1358,0.5,transect,0.1,50,4,6,40,1,1,1,Clumped-Poisson,5,3,Randomly placed,1.094999999999983,0,9,5,0,0,true,0,0,45,1,0,1,0,1,0,1,0,0.375,0,0,0,0,0.08888888888888889,6.708203932499369,0,0,0,
1337,0.5,transect,0.1,50,5,7,38,1,1,1,Clumped-Poisson,5,3,Randomly placed,1.1749999999999798,0,9,5,0,0,true,0,0,45,0,0,0,0,0,0,0,0,0.375,0,0,0,0,0,NA,0,0,0,
1367,0.5,transect,0.1,50,9,6,35,1,1,1,Clumped-Poisson,5,3,Randomly placed,1.0949999999999833,0,9,5,0,0,true,0,0,45,3,1,0,2,3,1,0,2,0.375,0,0,0,0,0.26666666666666666,3.783937343321345,0,0,0,
1364,0.5,transect,0.1,50,3,11,36,1,1,1,Clumped-Poisson,5,3,Randomly placed,1.2149999999999817,0,9,5,0,0,true,0,0,45,4,0,0,4,4,0,0,4,0.375,0,0,0,0,0.35555555555555557,4.029366631934288,0,0,0,
1360,0.5,transect,0.1,50,0,8,42,1,1,1,Clumped-Poisson,5,3,Randomly placed,1.014999999999981,0,9,5,0,0,true,0,0,45,0,0,0,0,0,0,0,0,0.375,0,0,0,0,0,NA,0,0,0,
1359,0.5,transect,0.1,50,4,7,39,1,1,1,Clumped-Poisson,5,3,Randomly placed,1.1749999999999836,0,9,5,0,0,true,0,0,45,0,0,0,0,0,0,0,0,0.375,0,0,0,0,0,NA,0,0,0,
1361,0.5,transect,0.1,50,4,3,43,1,1,1,Clumped-Poisson,5,3,Randomly placed,1.1349999999999834,0,9,5,0,0,true,0,0,45,1,0,0,1,1,0,0,1,0.375,0,0,0,0,0.08888888888888889,6.708203932499369,0,0,0,
1363,0.5,transect,0.1,50,9,4,37,1,1,1,Clumped-Poisson,5,3,Randomly placed,1.0549999999999864,0,9,5,0,0,true,0,0,45,1,0,0,1,1,0,0,1,0.375,0,0,0,0,0.08888888888888889,6.70820393249937,0,0,0,
1342,0.5,transect,0.1,50,5,8,37,1,1,1,Clumped-Poisson,5,3,Randomly placed,1.1749999999999787,0,9,5,0,0,true,0,0,45,0,0,0,0,0,0,0,0,0.375,0,0,0,0,0,NA,0,0,0,
1362,0.5,transect,0.1,50,9,7,34,1,1,1,Clumped-Poisson,5,3,Randomly placed,1.0949999999999818,0,9,5,0,0,true,0,0,45,0,0,0,0,0,0,0,0,0.375,0,0,0,0,0,NA,0,0,0,
1366,0.5,transect,0.1,50,11,6,33,1,1,1,Clumped-Poisson,5,3,Randomly placed,1.0949999999999809,0,9,5,0,0,true,0,0,45,0,0,0,0,0,0,0,0,0.375,0,0,0,0,0,NA,0,0,0,
1371,0.5,transect,0.1,50,5,12,33,1,1,1,Clumped-Poisson,5,3,Randomly placed,1.0949999999999829,0,9,5,0,0,true,0,0,45,4,0,2,2,4,0,2,2,0.375,0,0,0,0,0.35555555555555557,4.029366631934289,0,0,0,
1368,0.5,transect,0.1,50,3,9,38,1,1,1,Clumped-Poisson,5,3,Randomly placed,1.1349999999999825,0,9,5,0,0,true,0,0,45,1,0,1,0,1,0,1,0,0.375,0,0,0,0,0.08888888888888889,6.708203932499369,0,0,0,
1365,0.5,transect,0.1,50,6,7,37,1,1,1,Clumped-Poisson,5,3,Randomly placed,1.094999999999985,0,9,5,0,0,true,0,0,45,1,0,0,1,1,0,0,1,0.375,0,0,0,0,0.08888888888888889,6.708203932499369,0,0,0,
1370,0.5,transect,0.1,50,2,7,41,1,1,1,Clumped-Poisson,5,3,Randomly placed,1.0549999999999837,0,9,5,0,0,true,0,0,45,1,0,0,1,1,0,0,1,0.375,0,0,0,0,0.08888888888888889,6.708203932499369,0,0,0,
1372,0.5,transect,0.1,50,5,8,37,1,1,1,Clumped-Poisson,5,3,Randomly placed,1.0949999999999815,0,9,5,0,0,true,0,0,45,0,0,0,0,0,0,0,0,0.375,0,0,0,0,0,NA,0,0,0,
1373,0.5,transect,0.1,50,3,5,42,1,1,1,Clumped-Poisson,5,3,Randomly placed,1.0549999999999833,0,9,5,0,0,true,0,0,45,2,0,0,2,2,0,0,2,0.375,0,0,0,0,0.17777777777777778,6.708203932499371,0,0,0,
1369,0.5,transect,0.1,50,5,9,36,1,1,1,Clumped-Poisson,5,3,Randomly placed,1.054999999999983,0,9,5,0,0,true,0,0,45,0,0,0,0,0,0,0,0,0.375,0,0,0,0,0,NA,0,0,0,
1375,0.5,transect,0.1,50,1,7,42,1,1,1,Clumped-Poisson,5,3,Randomly placed,1.0149999999999835,0,9,5,0,0,true,0,0,45,1,0,0,1,1,0,0,1,0.375,0,0,0,0,0.08888888888888889,6.70820393249937,0,0,0,
1376,0.5,transect,0.1,50,6,6,38,1,1,1,Clumped-Poisson,5,3,Randomly placed,1.05499999999998,0,9,5,0,0,true,0,0,45,1,0,0,1,1,0,0,1,0.375,0,0,0,0,0.08888888888888889,6.70820393249937,0,0,0,
1374,0.5,transect,0.1,50,8,5,37,1,1,1,Clumped-Poisson,5,3,Randomly placed,1.0149999999999841,0,9,5,0,0,true,0,0,45,0,0,0,0,0,0,0,0,0.375,0,0,0,0,0,NA,0,0,0,
1378,0.5,transect,0.1,50,4,7,39,1,1,1,Clumped-Poisson,5,3,Randomly placed,1.2149999999999845,0,9,5,0,0,true,0,0,45,1,0,1,0,1,0,1,0,0.375,0,0,0,0,0.08888888888888889,6.708203932499371,0,0,0,
1377,0.5,transect,0.1,50,4,4,42,1,1,1,Clumped-Poisson,5,3,Randomly placed,1.0549999999999848,0,9,5,0,0,true,0,0,45,0,0,0,0,0,0,0,0,0.375,0,0,0,0,0,NA,0,0,0,
1380,0.5,transect,0.1,50,5,8,37,1,1,1,Clumped-Poisson,5,3,Randomly placed,1.1349999999999827,0,9,5,0,0,true,0,0,45,1,0,0,1,1,0,0,1,0.375,0,0,0,0,0.08888888888888889,6.70820393249937,0,0,0,
1384,0.5,transect,0.1,50,7,7,36,1,1,1,Clumped-Poisson,5,3,Randomly placed,1.0949999999999827,0,9,5,0,0,true,0,0,45,4,1,0,3,4,1,0,3,0.375,0,0,0,0,0.35555555555555557,4.029366631934287,0,0,0,
1381,0.5,transect,0.1,50,6,8,36,1,1,1,Clumped-Poisson,5,3,Randomly placed,1.1749999999999805,0,9,5,0,0,true,0,0,45,1,0,0,1,1,0,0,1,0.375,0,0,0,0,0.08888888888888889,6.70820393249937,0,0,0,
1379,0.5,transect,0.1,50,7,10,33,1,1,1,Clumped-Poisson,5,3,Randomly placed,1.054999999999982,0,9,5,0,0,true,0,0,45,1,0,0,1,1,0,0,1,0.375,0,0,0,0,0.08888888888888889,6.70820393249937,0,0,0,
1391,0.5,transect,0.1,50,4,6,40,1,1,1,Clumped-Poisson,5,3,Randomly placed,1.2949999999999806,0,9,5,0,0,true,0,0,45,0,0,0,0,0,0,0,0,0.375,0,0,0,0,0,NA,0,0,0,
1382,0.5,transect,0.1,50,5,12,33,1,1,1,Clumped-Poisson,5,3,Randomly placed,0.9749999999999805,0,9,5,0,0,true,0,0,45,0,0,0,0,0,0,0,0,0.375,0,0,0,0,0,NA,0,0,0,
1385,0.5,transect,0.1,50,7,6,37,1,1,1,Clumped-Poisson,5,3,Randomly placed,1.0949999999999807,0,9,5,0,0,true,0,0,45,2,0,1,1,2,0,1,1,0.375,0,0,0,0,0.17777777777777778,4.689204235649835,0,0,0,
1390,0.5,transect,0.1,50,2,11,37,1,1,1,Clumped-Poisson,5,3,Randomly placed,1.0149999999999808,0,9,5,0,0,true,0,0,45,3,0,0,3,3,0,0,3,0.375,0,0,0,0,0.26666666666666666,3.7839373433213477,0,0,0,
1387,0.5,transect,0.1,50,7,8,35,1,1,1,Clumped-Poisson,5,3,Randomly placed,1.3749999999999807,0,9,5,0,0,true,0,0,45,0,0,0,0,0,0,0,0,0.375,0,0,0,0,0,NA,0,0,0,
1389,0.5,transect,0.1,50,6,10,34,1,1,1,Clumped-Poisson,5,3,Randomly placed,1.4149999999999803,0,9,5,0,0,true,0,0,45,0,0,0,0,0,0,0,0,0.375,0,0,0,0,0,NA,0,0,0,
1383,0.5,transect,0.1,50,3,9,38,1,1,1,Clumped-Poisson,5,3,Randomly placed,1.0949999999999862,0,9,5,0,0,true,0,0,45,1,0,1,0,1,0,1,0,0.375,0,0,0,0,0.08888888888888889,6.70820393249937,0,0,0,
1394,0.5,transect,0.1,50,5,6,39,1,1,1,Clumped-Poisson,5,3,Randomly placed,1.0549999999999822,0,9,5,0,0,true,0,0,45,0,0,0,0,0,0,0,0,0.375,0,0,0,0,0,NA,0,0,0,
1388,0.5,transect,0.1,50,3,9,38,1,1,1,Clumped-Poisson,5,3,Randomly placed,1.0149999999999857,0,9,5,0,0,true,0,0,45,1,0,0,1,1,0,0,1,0.375,0,0,0,0,0.08888888888888889,6.70820393249937,0,0,0,
1386,0.5,transect,0.1,50,7,5,38,1,1,1,Clumped-Poisson,5,3,Randomly placed,1.0149999999999841,0,9,5,0,0,true,0,0,45,0,0,0,0,0,0,0,0,0.375,0,0,0,0,0,NA,0,0,0,
1393,0.5,transect,0.1,50,4,7,39,1,1,1,Clumped-Poisson,5,3,Randomly placed,0.9749999999999838,0,9,5,0,0,true,0,0,45,3,1,0,2,3,1,0,2,0.375,0,0,0,0,0.26666666666666666,3.783937343321348,0,0,0,
1398,0.5,transect,0.1,50,6,9,35,1,1,1,Clumped-Poisson,5,3,Randomly placed,1.1749999999999847,0,9,5,0,0,true,0,0,45,1,0,0,1,1,0,0,1,0.375,0,0,0,0,0.08888888888888889,6.70820393249937,0,0,0,
1395,0.5,transect,0.1,50,7,8,35,1,1,1,Clumped-Poisson,5,3,Randomly placed,1.014999999999982,0,9,5,0,0,true,0,0,45,1,1,0,0,1,1,0,0,0.375,0,0,0,0,0.08888888888888889,6.708203932499369,0,0,0,
1392,0.5,transect,0.1,50,3,9,38,1,1,1,Clumped-Poisson,5,3,Randomly placed,1.054999999999986,0,9,5,0,0,true,0,0,45,1,0,0,1,1,0,0,1,0.375,0,0,0,0,0.08888888888888889,6.708203932499369,0,0,0,
1396,0.5,transect,0.1,50,5,9,36,1,1,1,Clumped-Poisson,5,3,Randomly placed,1.254999999999984,0,9,5,0,0,true,0,0,45,4,1,0,3,4,1,0,3,0.375,0,0,0,0,0.35555555555555557,5.267017872831578,0,0,0,
1397,0.5,transect,0.1,50,6,7,37,1,1,1,Clumped-Poisson,5,3,Randomly placed,1.3349999999999802,0,9,5,0,0,true,0,0,45,1,0,0,1,1,0,0,1,0.375,0,0,0,0,0.08888888888888889,6.708203932499369,0,0,0,
1399,0.5,transect,0.1,50,6,7,37,1,1,1,Clumped-Poisson,5,3,Randomly placed,1.054999999999982,0,9,5,0,0,true,0,0,45,4,0,0,4,4,0,0,4,0.375,0,0,0,0,0.35555555555555557,4.029366631934288,0,0,0,
1402,0.5,transect,1,500,50,70,380,1,1,1,Clumped-Poisson,5,3,Randomly placed,4.034,0,9,5,0,0,true,0,0,45,7,2,0,5,7,2,0,5,0.375,0,0,0,0,0.6222222222222222,2.725880906448594,0,0,0,
1410,0.5,transect,1,500,48,83,369,1,1,1,Clumped-Poisson,5,3,Randomly placed,2.058,0,9,5,0,0,true,0,0,45,11,1,1,9,11,1,1,9,0.375,0,0,0,0,0.9777777777777777,2.3330828816250686,0,0,0,
1404,0.5,transect,1,500,41,83,376,1,1,1,Clumped-Poisson,5,3,Randomly placed,2.178,0,9,5,0,0,true,0,0,45,5,1,0,4,5,1,0,4,0.375,0,0,0,0,0.4444444444444444,2.860387767736778,0,0,0,
1400,0.5,transect,0.1,50,3,8,39,1,1,1,Clumped-Poisson,5,3,Randomly placed,1.0149999999999844,0,9,5,0,0,true,0,0,45,3,1,2,0,3,1,2,0,0.375,0,0,0,0,0.26666666666666666,4.954336943068621,0,0,0,
1401,0.5,transect,1,500,57,84,359,1,1,1,Clumped-Poisson,5,3,Randomly placed,2.406,0,9,5,0,0,true,0,0,45,8,1,1,6,8,1,1,6,0.375,0,0,0,0,0.7111111111111111,3.6550478793033645,0,0,0,
1406,0.5,transect,1,500,52,71,377,1,1,1,Clumped-Poisson,5,3,Randomly placed,2.558,0,9,5,0,0,true,0,0,45,13,4,0,9,13,4,0,9,0.375,0,0,0,0,1.1555555555555554,3.0980481109727944,0,0,0,
1403,0.5,transect,1,500,46,75,379,1,1,1,Clumped-Poisson,5,3,Randomly placed,2.498,0,9,5,0,0,true,0,0,45,3,0,0,3,3,0,0,3,0.375,0,0,0,0,0.26666666666666666,4.954336943068622,0,0,0,
1408,0.5,transect,1,500,53,79,368,1,1,1,Clumped-Poisson,5,3,Randomly placed,2.01,0,9,5,0,0,true,0,0,45,6,0,0,6,6,0,0,6,0.375,0,0,0,0,0.5333333333333333,2.578318691071233,0,0,0,
1411,0.5,transect,1,500,37,78,385,1,1,1,Clumped-Poisson,5,3,Randomly placed,2.29,0,9,5,0,0,true,0,0,45,7,2,0,5,7,2,0,5,0.375,0,0,0,0,0.6222222222222222,3.3447547061820417,0,0,0,
1405,0.5,transect,1,500,52,95,353,1,1,1,Clumped-Poisson,5,3,Randomly placed,2.342,0,9,5,0,0,true,0,0,45,9,0,4,5,9,0,4,5,0.375,0,0,0,0,0.8,2.286322970901688,0,0,0,
1407,0.5,transect,1,500,57,67,376,1,1,1,Clumped-Poisson,5,3,Randomly placed,2.398,0,9,5,0,0,true,0,0,45,7,1,1,5,7,1,1,5,0.375,0,0,0,0,0.6222222222222222,3.051049881652865,0,0,0,
1409,0.5,transect,1,500,44,106,350,1,1,1,Clumped-Poisson,5,3,Randomly placed,2.326,0,9,5,0,0,true,0,0,45,17,2,1,14,17,2,1,14,0.375,0,0,0,0,1.511111111111111,2.4785966460383886,0,0,0,
1414,0.5,transect,1,500,46,84,370,1,1,1,Clumped-Poisson,5,3,Randomly placed,1.758,0,9,5,0,0,true,0,0,45,9,0,1,8,9,0,1,8,0.375,0,0,0,0,0.8,2.2863229709016886,0,0,0,
1418,0.5,transect,1,500,42,72,386,1,1,1,Clumped-Poisson,5,3,Randomly placed,2.666,0,9,5,0,0,true,0,0,45,13,3,0,10,13,3,0,10,0.375,0,0,0,0,1.1555555555555554,2.621958008386237,0,0,0,
1416,0.5,transect,1,500,42,73,385,1,1,1,Clumped-Poisson,5,3,Randomly placed,2.326,0,9,5,0,0,true,0,0,45,10,2,1,7,10,2,1,7,0.375,0,0,0,0,0.8888888888888888,2.694691751641297,0,0,0,
1413,0.5,transect,1,500,58,69,373,1,1,1,Clumped-Poisson,5,3,Randomly placed,2.654,0,9,5,0,0,true,0,0,45,5,0,0,5,5,0,0,5,0.375,0,0,0,0,0.4444444444444444,3.4443629837222978,0,0,0,
1421,0.5,transect,1,500,53,70,377,1,1,1,Clumped-Poisson,5,3,Randomly placed,3.618,0,9,5,0,0,true,0,0,45,13,0,2,11,13,0,2,11,0.375,0,0,0,0,1.1555555555555554,3.3513944975187453,0,0,0,
1415,0.5,transect,1,500,47,62,391,1,1,1,Clumped-Poisson,5,3,Randomly placed,2.298,0,9,5,0,0,true,0,0,45,10,1,1,8,10,1,1,8,0.375,0,0,0,0,0.8888888888888888,2.860387767736777,0,0,0,
1417,0.5,transect,1,500,62,63,375,1,1,1,Clumped-Poisson,5,3,Randomly placed,2.434,0,9,5,0,0,true,0,0,45,5,1,1,3,5,1,1,3,0.375,0,0,0,0,0.4444444444444444,3.4443629837222978,0,0,0,
1419,0.5,transect,1,500,51,74,375,1,1,1,Clumped-Poisson,5,3,Randomly placed,1.682,0,9,5,0,0,true,0,0,45,6,1,1,4,6,1,1,4,0.375,0,0,0,0,0.5333333333333333,3.03389938108459,0,0,0,
1422,0.5,transect,1,500,53,71,376,1,1,1,Clumped-Poisson,5,3,Randomly placed,1.894,0,9,5,0,0,true,0,0,45,6,2,1,3,6,2,1,3,0.375,0,0,0,0,0.5333333333333333,3.0338993810845905,0,0,0,
1425,0.5,transect,1,500,48,70,382,1,1,1,Clumped-Poisson,5,3,Randomly placed,1.91,0,9,5,0,0,true,0,0,45,13,1,0,12,13,1,0,12,0.375,0,0,0,0,1.1555555555555554,2.7238413055413115,0,0,0,
1427,0.5,transect,1,500,46,81,373,1,1,1,Clumped-Poisson,5,3,Randomly placed,1.874,0,9,5,0,0,true,0,0,45,11,1,2,8,11,1,2,8,0.375,0,0,0,0,0.9777777777777777,2.639069571716068,0,0,0,
1426,0.5,transect,1,500,47,65,388,1,1,1,Clumped-Poisson,5,3,Randomly placed,2.494,0,9,5,0,0,true,0,0,45,11,2,0,9,11,2,0,9,0.375,0,0,0,0,0.9777777777777777,2.9130912577849872,0,0,0,
1412,0.5,transect,1,500,50,76,374,1,1,1,Clumped-Poisson,5,3,Randomly placed,2.186,0,9,5,0,0,true,0,0,45,4,0,1,3,4,0,1,3,0.375,0,0,0,0,0.35555555555555557,3.2377391101592075,0,0,0,
1429,0.5,transect,1,500,65,73,362,1,1,1,Clumped-Poisson,5,3,Randomly placed,1.886,0,9,5,0,0,true,0,0,45,11,0,1,10,11,0,1,10,0.375,0,0,0,0,0.9777777777777777,2.639069571716069,0,0,0,
1424,0.5,transect,1,500,48,81,371,1,1,1,Clumped-Poisson,5,3,Randomly placed,2.362,0,9,5,0,0,true,0,0,45,12,1,1,10,12,1,1,10,0.375,0,0,0,0,1.0666666666666667,3.783937343321347,0,0,0,
1428,0.5,transect,1,500,49,69,382,1,1,1,Clumped-Poisson,5,3,Randomly placed,2.182,0,9,5,0,0,true,0,0,45,8,1,1,6,8,1,1,6,0.375,0,0,0,0,0.7111111111111111,2.4836110532119084,0,0,0,
1423,0.5,transect,1,500,51,67,382,1,1,1,Clumped-Poisson,5,3,Randomly placed,2.166,0,9,5,0,0,true,0,0,45,7,1,0,6,7,1,0,6,0.375,0,0,0,0,0.6222222222222222,3.6146732506161414,0,0,0,
1420,0.5,transect,1,500,54,72,374,1,1,1,Clumped-Poisson,5,3,Randomly placed,1.81,0,9,5,0,0,true,0,0,45,9,0,1,8,9,0,1,8,0.375,0,0,0,0,0.8,2.2863229709016895,0,0,0,
1435,0.5,transect,1,500,46,72,382,1,1,1,Clumped-Poisson,5,3,Randomly placed,2.334,0,9,5,0,0,true,0,0,45,6,1,1,4,6,1,1,4,0.375,0,0,0,0,0.5333333333333333,3.0338993810845896,0,0,0,
1439,0.5,transect,1,500,43,72,385,1,1,1,Clumped-Poisson,5,3,Randomly placed,2.246,0,9,5,0,0,true,0,0,45,18,2,2,14,18,2,2,14,0.375,0,0,0,0,1.6,2.2233267457082904,0,0,0,
1441,0.5,transect,1,500,35,72,393,1,1,1,Clumped-Poisson,5,3,Randomly placed,1.846,0,9,5,0,0,true,0,0,45,8,0,0,8,8,0,0,8,0.375,0,0,0,0,0.7111111111111111,3.6550478793033645,0,0,0,
1434,0.5,transect,1,500,45,74,381,1,1,1,Clumped-Poisson,5,3,Randomly placed,2.874,0,9,5,0,0,true,0,0,45,15,1,0,14,15,1,0,14,0.375,0,0,0,0,1.3333333333333333,2.5584085962673253,0,0,0,
1432,0.5,transect,1,500,56,73,371,1,1,1,Clumped-Poisson,5,3,Randomly placed,2.518,0,9,5,0,0,true,0,0,45,8,0,1,7,8,0,1,7,0.375,0,0,0,0,0.7111111111111111,4.533257784018425,0,0,0,
1431,0.5,transect,1,500,58,86,356,1,1,1,Clumped-Poisson,5,3,Randomly placed,1.702,0,9,5,0,0,true,0,0,45,13,2,1,10,13,2,1,10,0.375,0,0,0,0,1.1555555555555554,2.037504723326879,0,0,0,
1430,0.5,transect,1,500,50,83,367,1,1,1,Clumped-Poisson,5,3,Randomly placed,1.81,0,9,5,0,0,true,0,0,45,10,1,4,5,10,1,4,5,0.375,0,0,0,0,0.8888888888888888,2.1213203435596433,0,0,0,
1433,0.5,transect,1,500,53,67,380,1,1,1,Clumped-Poisson,5,3,Randomly placed,3.222,0,9,5,0,0,true,0,0,45,4,0,0,4,4,0,0,4,0.375,0,0,0,0,0.35555555555555557,4.029366631934288,0,0,0,
1437,0.5,transect,1,500,43,72,385,1,1,1,Clumped-Poisson,5,3,Randomly placed,2.866,0,9,5,0,0,true,0,0,45,11,3,4,4,11,3,4,4,0.375,0,0,0,0,0.9777777777777777,3.9156681166052563,0,0,0,
1444,0.5,transect,1,500,54,78,368,1,1,1,Clumped-Poisson,5,3,Randomly placed,2.642,0,9,5,0,0,true,0,0,45,7,1,1,5,7,1,1,5,0.375,0,0,0,0,0.6222222222222222,3.344754706182041,0,0,0,
1440,0.5,transect,1,500,40,71,389,1,1,1,Clumped-Poisson,5,3,Randomly placed,2.014,0,9,5,0,0,true,0,0,45,17,0,1,16,17,0,1,16,0.375,0,0,0,0,1.511111111111111,2.7234953394110364,0,0,0,
1447,0.5,transect,1,500,48,86,366,1,1,1,Clumped-Poisson,5,3,Randomly placed,3.118,0,9,5,0,0,true,0,0,45,12,1,2,9,12,1,2,9,0.375,0,0,0,0,1.0666666666666667,2.4512288198519387,0,0,0,
1443,0.5,transect,1,500,39,74,387,1,1,1,Clumped-Poisson,5,3,Randomly placed,2.262,0,9,5,0,0,true,0,0,45,8,1,1,6,8,1,1,6,0.375,0,0,0,0,0.7111111111111111,2.483611053211907,0,0,0,
1445,0.5,transect,1,500,41,89,370,1,1,1,Clumped-Poisson,5,3,Randomly placed,2.486,0,9,5,0,0,true,0,0,45,13,1,4,8,13,1,4,8,0.375,0,0,0,0,1.1555555555555554,2.621958008386237,0,0,0,
1438,0.5,transect,1,500,46,63,391,1,1,1,Clumped-Poisson,5,3,Randomly placed,2.466,0,9,5,0,0,true,0,0,45,10,1,1,8,10,1,1,8,0.375,0,0,0,0,0.8888888888888888,3.4443629837222973,0,0,0,
1446,0.5,transect,1,500,55,74,371,1,1,1,Clumped-Poisson,5,3,Randomly placed,1.97,0,9,5,0,0,true,0,0,45,21,5,1,15,21,5,1,15,0.375,0,0,0,0,1.8666666666666667,2.0735546634911945,0,0,0,
1436,0.5,transect,1,500,48,78,374,1,1,1,Clumped-Poisson,5,3,Randomly placed,2.61,0,9,5,0,0,true,0,0,45,17,2,0,15,17,2,0,15,0.375,0,0,0,0,1.511111111111111,2.781352772717598,0,0,0,
1452,0.5,transect,1,500,53,74,373,1,1,1,Clumped-Poisson,5,3,Randomly placed,1.95,0,9,5,0,0,true,0,0,45,1,1,0,0,1,1,0,0,0.375,0,0,0,0,0.08888888888888889,6.708203932499369,0,0,0,
1442,0.5,transect,1,500,49,70,381,1,1,1,Clumped-Poisson,5,3,Randomly placed,2.286,0,9,5,0,0,true,0,0,45,18,3,2,13,18,3,2,13,0.375,0,0,0,0,1.6,3.2596012026013215,0,0,0,
1449,0.5,transect,1,500,47,81,372,1,1,1,Clumped-Poisson,5,3,Randomly placed,2.518,0,9,5,0,0,true,0,0,45,12,1,1,10,12,1,1,10,0.375,0,0,0,0,1.0666666666666667,3.3349901185624367,0,0,0,
1451,0.5,transect,1,500,45,81,374,1,1,1,Clumped-Poisson,5,3,Randomly placed,2.058,0,9,5,0,0,true,0,0,45,11,1,2,8,11,1,2,8,0.375,0,0,0,0,0.9777777777777777,3.2814965159088425,0,0,0,
1453,0.5,transect,1,500,49,73,378,1,1,1,Clumped-Poisson,5,3,Randomly placed,2.554,0,9,5,0,0,true,0,0,45,13,2,2,9,13,2,2,9,0.375,0,0,0,0,1.1555555555555554,2.5159523321614112,0,0,0,
1458,0.5,transect,1,500,63,83,354,1,1,1,Clumped-Poisson,5,3,Randomly placed,2.206,0,9,5,0,0,true,0,0,45,7,0,2,5,7,0,2,5,0.375,0,0,0,0,0.6222222222222222,3.6146732506161423,0,0,0,
1450,0.5,transect,1,500,46,71,383,1,1,1,Clumped-Poisson,5,3,Randomly placed,2.018,0,9,5,0,0,true,0,0,45,11,2,1,8,11,2,1,8,0.375,0,0,0,0,0.9777777777777777,2.639069571716068,0,0,0,
1448,0.5,transect,1,500,47,74,379,1,1,1,Clumped-Poisson,5,3,Randomly placed,3.158,0,9,5,0,0,true,0,0,45,10,2,2,6,10,2,2,6,0.375,0,0,0,0,0.8888888888888888,2.694691751641297,0,0,0,
1454,0.5,transect,1,500,53,73,374,1,1,1,Clumped-Poisson,5,3,Randomly placed,2.146,0,9,5,0,0,true,0,0,45,11,2,2,7,11,2,2,7,0.375,0,0,0,0,0.9777777777777777,2.1639245589019707,0,0,0,
1457,0.5,transect,1,500,48,85,367,1,1,1,Clumped-Poisson,5,3,Randomly placed,2.502,0,9,5,0,0,true,0,0,45,2,0,0,2,2,0,0,2,0.375,0,0,0,0,0.17777777777777778,4.689204235649837,0,0,0,
1456,0.5,transect,1,500,43,79,378,1,1,1,Clumped-Poisson,5,3,Randomly placed,2.286,0,9,5,0,0,true,0,0,45,17,0,4,13,17,0,4,13,0.375,0,0,0,0,1.511111111111111,2.781352772717596,0,0,0,
1455,0.5,transect,1,500,43,81,376,1,1,1,Clumped-Poisson,5,3,Randomly placed,2.054,0,9,5,0,0,true,0,0,45,11,4,1,6,11,4,1,6,0.375,0,0,0,0,0.9777777777777777,2.639069571716068,0,0,0,
1462,0.5,transect,1,500,54,73,373,1,1,1,Clumped-Poisson,5,3,Randomly placed,2.134,0,9,5,0,0,true,0,0,45,3,1,0,2,3,1,0,2,0.375,0,0,0,0,0.26666666666666666,6.708203932499372,0,0,0,
1461,0.5,transect,1,500,46,88,366,1,1,1,Clumped-Poisson,5,3,Randomly placed,2.27,0,9,5,0,0,true,0,0,45,8,1,0,7,8,1,0,7,0.375,0,0,0,0,0.7111111111111111,2.757994577751938,0,0,0,
1459,0.5,transect,1,500,64,60,376,1,1,1,Clumped-Poisson,5,3,Randomly placed,2.298,0,9,5,0,0,true,0,0,45,14,3,0,11,14,3,0,11,0.375,0,0,0,0,1.2444444444444445,4.043909045843823,0,0,0,
1463,0.5,transect,1,500,46,79,375,1,1,1,Clumped-Poisson,5,3,Randomly placed,2.154,0,9,5,0,0,true,0,0,45,13,0,1,12,13,0,1,12,0.375,0,0,0,0,1.1555555555555554,2.4052792930710076,0,0,0,
1460,0.5,transect,1,500,42,89,369,1,1,1,Clumped-Poisson,5,3,Randomly placed,1.794,0,9,5,0,0,true,0,0,45,17,1,2,14,17,1,2,14,0.375,0,0,0,0,1.511111111111111,2.6039266692388225,0,0,0,
1464,0.5,transect,1,500,45,78,377,1,1,1,Clumped-Poisson,5,3,Randomly placed,1.87,0,9,5,0,0,true,0,0,45,5,0,1,4,5,0,1,4,0.375,0,0,0,0,0.4444444444444444,2.860387767736778,0,0,0,
1467,0.5,transect,1,500,60,71,369,1,1,1,Clumped-Poisson,5,3,Randomly placed,2.078,0,9,5,0,0,true,0,0,45,19,3,5,11,19,3,5,11,0.375,0,0,0,0,1.6888888888888889,1.9872737894102708,0,0,0,
1466,0.5,transect,1,500,54,64,382,1,1,1,Clumped-Poisson,5,3,Randomly placed,1.91,0,9,5,0,0,true,0,0,45,10,0,3,7,10,0,3,7,0.375,0,0,0,0,0.8888888888888888,3.0169973031596715,0,0,0,
1465,0.5,transect,1,500,65,73,362,1,1,1,Clumped-Poisson,5,3,Randomly placed,1.942,0,9,5,0,0,true,0,0,45,15,1,5,9,15,1,5,9,0.375,0,0,0,0,1.3333333333333333,3.8905479866419395,0,0,0,
1468,0.5,transect,1,500,39,68,393,1,1,1,Clumped-Poisson,5,3,Randomly placed,1.862,0,9,5,0,0,true,0,0,45,17,1,2,14,17,1,2,14,0.375,0,0,0,0,1.511111111111111,2.3465823166324897,0,0,0,
1469,0.5,transect,1,500,44,72,384,1,1,1,Clumped-Poisson,5,3,Randomly placed,2.006,0,9,5,0,0,true,0,0,45,11,1,1,9,11,1,1,9,0.375,0,0,0,0,0.9777777777777777,2.4907793897583104,0,0,0,
1471,0.5,transect,1,500,58,74,368,1,1,1,Clumped-Poisson,5,3,Randomly placed,1.878,0,9,5,0,0,true,0,0,45,9,0,0,9,9,0,0,9,0.375,0,0,0,0,0.8,2.522624895547565,0,0,0,
1472,0.5,transect,1,500,60,69,371,1,1,1,Clumped-Poisson,5,3,Randomly placed,2.318,0,9,5,0,0,true,0,0,45,9,1,0,8,9,1,0,8,0.375,0,0,0,0,0.8,2.7386127875258284,0,0,0,
1473,0.5,transect,1,500,39,84,377,1,1,1,Clumped-Poisson,5,3,Randomly placed,2.358,0,9,5,0,0,true,0,0,45,14,1,0,13,14,1,0,13,0.375,0,0,0,0,1.2444444444444445,2.4538882855574933,0,0,0,
1474,0.5,transect,1,500,52,66,382,1,1,1,Clumped-Poisson,5,3,Randomly placed,2.206,0,9,5,0,0,true,0,0,45,8,0,1,7,8,0,1,7,0.375,0,0,0,0,0.7111111111111111,4.533257784018427,0,0,0,
1470,0.5,transect,1,500,36,67,397,1,1,1,Clumped-Poisson,5,3,Randomly placed,1.946,0,9,5,0,0,true,0,0,45,8,1,0,7,8,1,0,7,0.375,0,0,0,0,0.7111111111111111,2.1748824419640793,0,0,0,
1479,0.5,transect,1,500,53,73,374,1,1,1,Clumped-Poisson,5,3,Randomly placed,2.086,0,9,5,0,0,true,0,0,45,12,2,2,8,12,2,2,8,0.375,0,0,0,0,1.0666666666666667,3.237739110159209,0,0,0,
1476,0.5,transect,1,500,46,80,374,1,1,1,Clumped-Poisson,5,3,Randomly placed,2.382,0,9,5,0,0,true,0,0,45,16,4,1,11,16,4,1,11,0.375,0,0,0,0,1.4222222222222223,2.5549709236025655,0,0,0,
1482,0.5,transect,1,500,36,84,380,1,1,1,Clumped-Poisson,5,3,Randomly placed,2.162,0,9,5,0,0,true,0,0,45,10,0,2,8,10,0,2,8,0.375,0,0,0,0,0.8888888888888888,3.165869118066518,0,0,0,
1480,0.5,transect,1,500,52,83,365,1,1,1,Clumped-Poisson,5,3,Randomly placed,1.966,0,9,5,0,0,true,0,0,45,8,1,1,6,8,1,1,6,0.375,0,0,0,0,0.7111111111111111,2.757994577751938,0,0,0,
1484,0.5,transect,1,500,41,69,390,1,1,1,Clumped-Poisson,5,3,Randomly placed,1.65,0,9,5,0,0,true,0,0,45,8,1,0,7,8,1,0,7,0.375,0,0,0,0,0.7111111111111111,2.483611053211908,0,0,0,
1483,0.5,transect,1,500,41,82,377,1,1,1,Clumped-Poisson,5,3,Randomly placed,2.414,0,9,5,0,0,true,0,0,45,11,1,2,8,11,1,2,8,0.375,0,0,0,0,0.9777777777777777,2.639069571716068,0,0,0,
1475,0.5,transect,1,500,50,84,366,1,1,1,Clumped-Poisson,5,3,Randomly placed,1.754,0,9,5,0,0,true,0,0,45,9,1,2,6,9,1,2,6,0.375,0,0,0,0,0.8,3.30289129537908,0,0,0,
1478,0.5,transect,1,500,61,67,372,1,1,1,Clumped-Poisson,5,3,Randomly placed,2.018,0,9,5,0,0,true,0,0,45,15,0,6,9,15,0,6,9,0.375,0,0,0,0,1.3333333333333333,2.713602101199874,0,0,0,
1486,0.5,transect,1,500,57,80,363,1,1,1,Clumped-Poisson,5,3,Randomly placed,2.138,0,9,5,0,0,true,0,0,45,12,2,2,8,12,2,2,8,0.375,0,0,0,0,1.0666666666666667,2.815339475735806,0,0,0,
1477,0.5,transect,1,500,47,63,390,1,1,1,Clumped-Poisson,5,3,Randomly placed,2.07,0,9,5,0,0,true,0,0,45,12,1,1,10,12,1,1,10,0.375,0,0,0,0,1.0666666666666667,2.317178927449969,0,0,0,
1481,0.5,transect,1,500,54,78,368,1,1,1,Clumped-Poisson,5,3,Randomly placed,2.254,0,9,5,0,0,true,0,0,45,6,1,0,5,6,1,0,5,0.375,0,0,0,0,0.5333333333333333,3.429484456352534,0,0,0,
1489,0.5,transect,1,500,51,71,378,1,1,1,Clumped-Poisson,5,3,Randomly placed,1.942,0,9,5,0,0,true,0,0,45,15,2,3,10,15,2,3,10,0.375,0,0,0,0,1.3333333333333333,2.7879611318537556,0,0,0,
1485,0.5,transect,1,500,33,78,389,1,1,1,Clumped-Poisson,5,3,Randomly placed,3.078,0,9,5,0,0,true,0,0,45,7,1,0,6,7,1,0,6,0.375,0,0,0,0,0.6222222222222222,3.3447547061820417,0,0,0,
1490,0.5,transect,1,500,54,74,372,1,1,1,Clumped-Poisson,5,3,Randomly placed,2.986,0,9,5,0,0,true,0,0,45,18,4,1,13,18,4,1,13,0.375,0,0,0,0,1.6,2.7899983708043457,0,0,0,
1492,0.5,transect,1,500,50,74,376,1,1,1,Clumped-Poisson,5,3,Randomly placed,2.066,0,9,5,0,0,true,0,0,45,9,1,2,6,9,1,2,6,0.375,0,0,0,0,0.8,2.9387690682262915,0,0,0,
1487,0.5,transect,1,500,55,78,367,1,1,1,Clumped-Poisson,5,3,Randomly placed,2.382,0,9,5,0,0,true,0,0,45,7,0,0,7,7,0,0,7,0.375,0,0,0,0,0.6222222222222222,3.614673250616141,0,0,0,
1493,0.5,transect,1,500,58,62,380,1,1,1,Clumped-Poisson,5,3,Randomly placed,2.074,0,9,5,0,0,true,0,0,45,11,1,1,9,11,1,1,9,0.375,0,0,0,0,0.9777777777777777,2.4907793897583113,0,0,0,
1494,0.5,transect,1,500,53,80,367,1,1,1,Clumped-Poisson,5,3,Randomly placed,1.862,0,9,5,0,0,true,0,0,45,14,2,4,8,14,2,4,8,0.375,0,0,0,0,1.2444444444444445,3.6790599852092774,0,0,0,
1491,0.5,transect,1,500,54,72,374,1,1,1,Clumped-Poisson,5,3,Randomly placed,2.206,0,9,5,0,0,true,0,0,45,10,3,2,5,10,3,2,5,0.375,0,0,0,0,0.8888888888888888,3.701965080135881,0,0,0,
1495,0.5,transect,1,500,50,73,377,1,1,1,Clumped-Poisson,5,3,Randomly placed,2.49,0,9,5,0,0,true,0,0,45,10,1,2,7,10,1,2,7,0.375,0,0,0,0,0.8888888888888888,3.165869118066518,0,0,0,
1488,0.5,transect,1,500,59,72,369,1,1,1,Clumped-Poisson,5,3,Randomly placed,2.258,0,9,5,0,0,true,0,0,45,9,0,1,8,9,0,1,8,0.375,0,0,0,0,0.8,2.9387690682262906,0,0,0,
1500,0.5,transect,1,500,54,80,366,1,1,1,Clumped-Poisson,5,3,Randomly placed,1.918,0,9,5,0,0,true,0,0,45,10,1,2,7,10,1,2,7,0.375,0,0,0,0,0.8888888888888888,3.5754847096709717,0,0,0,
1499,0.5,transect,1,500,51,76,373,1,1,1,Clumped-Poisson,5,3,Randomly placed,1.898,0,9,5,0,0,true,0,0,45,4,1,2,1,4,1,2,1,0.375,0,0,0,0,0.35555555555555557,3.2377391101592083,0,0,0,
1496,0.5,transect,1,500,40,70,390,1,1,1,Clumped-Poisson,5,3,Randomly placed,1.87,0,9,5,0,0,true,0,0,45,10,1,4,5,10,1,4,5,0.375,0,0,0,0,0.8888888888888888,3.824264635194589,0,0,0,
1497,0.5,transect,1,500,57,66,377,1,1,1,Clumped-Poisson,5,3,Randomly placed,2.294,0,9,5,0,0,true,0,0,45,5,1,1,3,5,1,1,3,0.375,0,0,0,0,0.4444444444444444,2.8603877677367775,0,0,0,
1498,0.5,transect,1,500,54,80,366,1,1,1,Clumped-Poisson,5,3,Randomly placed,1.974,0,9,5,0,0,true,0,0,45,13,1,2,10,13,1,2,10,0.375,0,0,0,0,1.1555555555555554,3.3513944975187457,0,0,0,
1501,0.5,transect,7,3500,364,516,2620,1,1,1,Clumped-Poisson,5,3,Randomly placed,13.125428571428571,0,9,5,0,0,true,0,0,45,54,8,10,36,54,8,10,36,0.375,0,0,0,0,4.8,3.656666804784398,0,0,0,
1509,0.5,transect,7,3500,354,511,2635,1,1,1,Clumped-Poisson,5,3,Randomly placed,11.399714285714285,0,9,5,0,0,true,0,0,45,86,16,13,57,86,16,13,57,0.375,0,0,0,0,7.644444444444445,2.572681137340279,0,0,0,
1502,0.5,transect,7,3500,367,519,2614,1,1,1,Clumped-Poisson,5,3,Randomly placed,11.327142857142858,0,9,5,0,0,true,0,0,45,78,7,17,54,78,7,17,54,0.375,0,0,0,0,6.933333333333334,2.2085339883330697,0,0,0,
1503,0.5,transect,7,3500,347,515,2638,1,1,1,Clumped-Poisson,5,3,Randomly placed,10.527142857142858,0,9,5,0,0,true,0,0,45,88,10,10,68,88,10,10,68,0.375,0,0,0,0,7.822222222222222,2.265885880663971,0,0,0,
1504,0.5,transect,7,3500,321,536,2643,1,1,1,Clumped-Poisson,5,3,Randomly placed,11.520285714285714,0,9,5,0,0,true,0,0,45,17,0,2,15,17,0,2,15,0.375,0,0,0,0,1.511111111111111,2.4134922728781483,0,0,0,
1505,0.5,transect,7,3500,346,536,2618,1,1,1,Clumped-Poisson,5,3,Randomly placed,7.137428571428572,0,9,5,0,0,true,0,0,45,46,10,7,29,46,10,7,29,0.375,0,0,0,0,4.088888888888889,2.0593060812677777,0,0,0,
1508,0.5,transect,7,3500,344,524,2632,1,1,1,Clumped-Poisson,5,3,Randomly placed,11.772857142857143,0,9,5,0,0,true,0,0,45,73,7,11,55,73,7,11,55,0.375,0,0,0,0,6.488888888888889,2.918965620341879,0,0,0,
1506,0.5,transect,7,3500,348,557,2595,1,1,1,Clumped-Poisson,5,3,Randomly placed,8.238,0,9,5,0,0,true,0,0,45,56,3,7,46,56,3,7,46,0.375,0,0,0,0,4.977777777777778,2.2478828165124187,0,0,0,
1516,0.5,transect,7,3500,337,524,2639,1,1,1,Clumped-Poisson,5,3,Randomly placed,8.695142857142857,0,9,5,0,0,true,0,0,45,113,14,14,85,113,14,14,85,0.375,0,0,0,0,10.044444444444444,2.463095931835778,0,0,0,
1515,0.5,transect,7,3500,359,506,2635,1,1,1,Clumped-Poisson,5,3,Randomly placed,9.003142857142857,0,9,5,0,0,true,0,0,45,84,11,14,59,84,11,14,59,0.375,0,0,0,0,7.466666666666667,2.2544020018399142,0,0,0,
1507,0.5,transect,7,3500,353,490,2657,1,1,1,Clumped-Poisson,5,3,Randomly placed,8.790000000000001,0,9,5,0,0,true,0,0,45,78,8,8,62,78,8,8,62,0.375,0,0,0,0,6.933333333333334,1.867015003744363,0,0,0,
1517,0.5,transect,7,3500,366,520,2614,1,1,1,Clumped-Poisson,5,3,Randomly placed,5.795714285714285,0,9,5,0,0,true,0,0,45,45,8,9,28,45,8,9,28,0.375,0,0,0,0,4,2.0560332505270256,0,0,0,
1511,0.5,transect,7,3500,336,556,2608,1,1,1,Clumped-Poisson,5,3,Randomly placed,13.68942857142857,0,9,5,0,0,true,0,0,45,51,7,11,33,51,7,11,33,0.375,0,0,0,0,4.533333333333333,2.149822410128985,0,0,0,
1520,0.5,transect,7,3500,328,534,2638,1,1,1,Clumped-Poisson,5,3,Randomly placed,8.704857142857142,0,9,5,0,0,true,0,0,45,54,6,13,35,54,6,13,35,0.375,0,0,0,0,4.8,2.053575349767258,0,0,0,
1512,0.5,transect,7,3500,352,526,2622,1,1,1,Clumped-Poisson,5,3,Randomly placed,12.751142857142856,0,9,5,0,0,true,0,0,45,79,6,10,63,79,6,10,63,0.375,0,0,0,0,7.022222222222222,2.3833738244396794,0,0,0,
1519,0.5,transect,7,3500,367,518,2615,1,1,1,Clumped-Poisson,5,3,Randomly placed,6.927142857142857,0,9,5,0,0,true,0,0,45,55,6,7,42,55,6,7,42,0.375,0,0,0,0,4.888888888888889,1.949397410216854,0,0,0,
1510,0.5,transect,7,3500,306,546,2648,1,1,1,Clumped-Poisson,5,3,Randomly placed,9.956285714285714,0,9,5,0,0,true,0,0,45,54,8,12,34,54,8,12,34,0.375,0,0,0,0,4.8,1.7004158730775658,0,0,0,
1514,0.5,transect,7,3500,346,519,2635,1,1,1,Clumped-Poisson,5,3,Randomly placed,9.603142857142856,0,9,5,0,0,true,0,0,45,51,5,15,31,51,5,15,31,0.375,0,0,0,0,4.533333333333333,1.923963548123432,0,0,0,
1524,0.5,transect,7,3500,339,524,2637,1,1,1,Clumped-Poisson,5,3,Randomly placed,8.401428571428571,0,9,5,0,0,true,0,0,45,45,5,7,33,45,5,7,33,0.375,0,0,0,0,4,1.651445647689541,0,0,0,
1518,0.5,transect,7,3500,349,522,2629,1,1,1,Clumped-Poisson,5,3,Randomly placed,9.255142857142857,0,9,5,0,0,true,0,0,45,139,13,20,106,139,13,20,106,0.375,0,0,0,0,12.355555555555556,2.083066727714066,0,0,0,
1525,0.5,transect,7,3500,371,555,2574,1,1,1,Clumped-Poisson,5,3,Randomly placed,13.387714285714285,0,9,5,0,0,true,0,0,45,63,3,11,49,63,3,11,49,0.375,0,0,0,0,5.6,2.4097821670774264,0,0,0,
1526,0.5,transect,7,3500,351,534,2615,1,1,1,Clumped-Poisson,5,3,Randomly placed,12.074,0,9,5,0,0,true,0,0,45,60,3,10,47,60,3,10,47,0.375,0,0,0,0,5.333333333333333,2.7833718923113935,0,0,0,
1521,0.5,transect,7,3500,344,552,2604,1,1,1,Clumped-Poisson,5,3,Randomly placed,13.864857142857144,0,9,5,0,0,true,0,0,45,77,6,11,60,77,6,11,60,0.375,0,0,0,0,6.844444444444444,2.7850392590391557,0,0,0,
1527,0.5,transect,7,3500,346,549,2605,1,1,1,Clumped-Poisson,5,3,Randomly placed,13.804285714285713,0,9,5,0,0,true,0,0,45,62,6,6,50,62,6,6,50,0.375,0,0,0,0,5.511111111111111,2.9494126696712697,0,0,0,
1532,0.5,transect,7,3500,340,534,2626,1,1,1,Clumped-Poisson,5,3,Randomly placed,10.676285714285713,0,9,5,0,0,true,0,0,45,56,4,7,45,56,4,7,45,0.375,0,0,0,0,4.977777777777778,2.518815443498086,0,0,0,
1528,0.5,transect,7,3500,324,549,2627,1,1,1,Clumped-Poisson,5,3,Randomly placed,8.414,0,9,5,0,0,true,0,0,45,52,5,12,35,52,5,12,35,0.375,0,0,0,0,4.622222222222222,2.369634166683981,0,0,0,
1533,0.5,transect,7,3500,364,548,2588,1,1,1,Clumped-Poisson,5,3,Randomly placed,7.879714285714286,0,9,5,0,0,true,0,0,45,71,4,10,57,71,4,10,57,0.375,0,0,0,0,6.311111111111111,1.6576584143695134,0,0,0,
1523,0.5,transect,7,3500,323,536,2641,1,1,1,Clumped-Poisson,5,3,Randomly placed,7.769428571428572,0,9,5,0,0,true,0,0,45,51,3,5,43,51,3,5,43,0.375,0,0,0,0,4.533333333333333,1.858471502576417,0,0,0,
1530,0.5,transect,7,3500,373,489,2638,1,1,1,Clumped-Poisson,5,3,Randomly placed,12.066571428571427,0,9,5,0,0,true,0,0,45,45,6,6,33,45,6,6,33,0.375,0,0,0,0,4,3.212192680737228,0,0,0,
1522,0.5,transect,7,3500,347,506,2647,1,1,1,Clumped-Poisson,5,3,Randomly placed,9.921999999999999,0,9,5,0,0,true,0,0,45,129,9,21,99,129,9,21,99,0.375,0,0,0,0,11.466666666666667,1.7997492327411204,0,0,0,
1529,0.5,transect,7,3500,332,557,2611,1,1,1,Clumped-Poisson,5,3,Randomly placed,7.828857142857143,0,9,5,0,0,true,0,0,45,116,11,14,91,116,11,14,91,0.375,0,0,0,0,10.311111111111112,2.630411789441793,0,0,0,
1538,0.5,transect,7,3500,345,552,2603,1,1,1,Clumped-Poisson,5,3,Randomly placed,25.65285714285714,0,9,5,0,0,true,0,0,45,75,7,14,54,75,7,14,54,0.375,0,0,0,0,6.666666666666667,2.309663493789834,0,0,0,
1513,0.5,transect,7,3500,343,486,2671,1,1,1,Clumped-Poisson,5,3,Randomly placed,9.630571428571429,0,9,5,0,0,true,0,0,45,66,10,6,50,66,10,6,50,0.375,0,0,0,0,5.866666666666666,2.6629818957345104,0,0,0,
1535,0.5,transect,7,3500,372,539,2589,1,1,1,Clumped-Poisson,5,3,Randomly placed,7.047142857142857,0,9,5,0,0,true,0,0,45,66,5,9,52,66,5,9,52,0.375,0,0,0,0,5.866666666666666,1.7479998229166391,0,0,0,
1536,0.5,transect,7,3500,324,524,2652,1,1,1,Clumped-Poisson,5,3,Randomly placed,8.813428571428572,0,9,5,0,0,true,0,0,45,40,6,6,28,40,6,6,28,0.375,0,0,0,0,3.5555555555555554,2.1213203435596433,0,0,0,
1540,0.5,transect,7,3500,381,502,2617,1,1,1,Clumped-Poisson,5,3,Randomly placed,18.02257142857143,0,9,5,0,0,true,0,0,45,106,16,14,76,106,16,14,76,0.375,0,0,0,0,9.422222222222222,2.840846143190765,0,0,0,
1537,0.5,transect,7,3500,332,533,2635,1,1,1,Clumped-Poisson,5,3,Randomly placed,11.540857142857144,0,9,5,0,0,true,0,0,45,75,3,12,60,75,3,12,60,0.375,0,0,0,0,6.666666666666667,2.9393876913398143,0,0,0,
1541,0.5,transect,7,3500,356,531,2613,1,1,1,Clumped-Poisson,5,3,Randomly placed,13.73,0,9,5,0,0,true,0,0,45,125,12,24,89,125,12,24,89,0.375,0,0,0,0,11.11111111111111,3.2180061585341364,0,0,0,
1531,0.5,transect,7,3500,356,534,2610,1,1,1,Clumped-Poisson,5,3,Randomly placed,10.527142857142858,0,9,5,0,0,true,0,0,45,119,17,13,89,119,17,13,89,0.375,0,0,0,0,10.577777777777778,2.218435307396023,0,0,0,
1539,0.5,transect,7,3500,341,556,2603,1,1,1,Clumped-Poisson,5,3,Randomly placed,10.596285714285715,0,9,5,0,0,true,0,0,45,109,11,12,86,109,11,12,86,0.375,0,0,0,0,9.688888888888888,1.9886933538465699,0,0,0,
1542,0.5,transect,7,3500,336,501,2663,1,1,1,Clumped-Poisson,5,3,Randomly placed,13.075142857142856,0,9,5,0,0,true,0,0,45,40,3,3,34,40,3,3,34,0.375,0,0,0,0,3.5555555555555554,3.28185870977242,0,0,0,
1547,0.5,transect,7,3500,330,506,2664,1,1,1,Clumped-Poisson,5,3,Randomly placed,12.152285714285714,0,9,5,0,0,true,0,0,45,77,3,8,66,77,3,8,66,0.375,0,0,0,0,6.844444444444444,2.068557336182271,0,0,0,
1543,0.5,transect,7,3500,345,567,2588,1,1,1,Clumped-Poisson,5,3,Randomly placed,9.289428571428571,0,9,5,0,0,true,0,0,45,102,12,25,65,102,12,25,65,0.375,0,0,0,0,9.066666666666666,2.1229045698098767,0,0,0,
1544,0.5,transect,7,3500,346,512,2642,1,1,1,Clumped-Poisson,5,3,Randomly placed,8.257428571428571,0,9,5,0,0,true,0,0,45,75,9,9,57,75,9,9,57,0.375,0,0,0,0,6.666666666666667,2.20454076850486,0,0,0,
1534,0.5,transect,7,3500,348,510,2642,1,1,1,Clumped-Poisson,5,3,Randomly placed,11.066571428571427,0,9,5,0,0,true,0,0,45,69,6,13,50,69,6,13,50,0.375,0,0,0,0,6.133333333333334,2.3208263072101123,0,0,0,
1552,0.5,transect,7,3500,349,526,2625,1,1,1,Clumped-Poisson,5,3,Randomly placed,9.832857142857142,0,9,5,0,0,true,0,0,45,75,11,10,54,75,11,10,54,0.375,0,0,0,0,6.666666666666667,2.3448202102041464,0,0,0,
1553,0.5,transect,7,3500,379,503,2618,1,1,1,Clumped-Poisson,5,3,Randomly placed,7.436285714285715,0,9,5,0,0,true,0,0,45,108,9,14,85,108,9,14,85,0.375,0,0,0,0,9.6,1.951106911939523,0,0,0,
1545,0.5,transect,7,3500,361,524,2615,1,1,1,Clumped-Poisson,5,3,Randomly placed,12.155142857142858,0,9,5,0,0,true,0,0,45,44,8,3,33,44,8,3,33,0.375,0,0,0,0,3.911111111111111,2.343249852720893,0,0,0,
1548,0.5,transect,7,3500,393,543,2564,1,1,1,Clumped-Poisson,5,3,Randomly placed,10.982571428571429,0,9,5,0,0,true,0,0,45,97,13,23,61,97,13,23,61,0.375,0,0,0,0,8.622222222222222,2.4745782318371687,0,0,0,
1551,0.5,transect,7,3500,351,531,2618,1,1,1,Clumped-Poisson,5,3,Randomly placed,11.390571428571429,0,9,5,0,0,true,0,0,45,74,10,8,56,74,10,8,56,0.375,0,0,0,0,6.5777777777777775,2.46044982355234,0,0,0,
1550,0.5,transect,7,3500,357,535,2608,1,1,1,Clumped-Poisson,5,3,Randomly placed,11.55342857142857,0,9,5,0,0,true,0,0,45,43,7,6,30,43,7,6,30,0.375,0,0,0,0,3.8222222222222224,2.2528805495278763,0,0,0,
1554,0.5,transect,7,3500,327,523,2650,1,1,1,Clumped-Poisson,5,3,Randomly placed,6.3111428571428565,0,9,5,0,0,true,0,0,45,77,6,7,64,77,6,7,64,0.375,0,0,0,0,6.844444444444444,2.2030297965013976,0,0,0,
1555,0.5,transect,7,3500,347,497,2656,1,1,1,Clumped-Poisson,5,3,Randomly placed,11.842,0,9,5,0,0,true,0,0,45,58,6,7,45,58,6,7,45,0.375,0,0,0,0,5.155555555555556,2.7709852212370087,0,0,0,
1562,0.5,transect,7,3500,379,497,2624,1,1,1,Clumped-Poisson,5,3,Randomly placed,9.525428571428572,0,9,5,0,0,true,0,0,45,80,5,13,62,80,5,13,62,0.375,0,0,0,0,7.111111111111111,2.3405091229357464,0,0,0,
1561,0.5,transect,7,3500,353,526,2621,1,1,1,Clumped-Poisson,5,3,Randomly placed,13.75,0,9,5,0,0,true,0,0,45,82,7,14,61,82,7,14,61,0.375,0,0,0,0,7.288888888888889,2.5933181050553538,0,0,0,
1564,0.5,transect,7,3500,336,537,2627,1,1,1,Clumped-Poisson,5,3,Randomly placed,9.370571428571427,0,9,5,0,0,true,0,0,45,39,3,7,29,39,3,7,29,0.375,0,0,0,0,3.466666666666667,2.2221923373760033,0,0,0,
1549,0.5,transect,7,3500,354,582,2564,1,1,1,Clumped-Poisson,5,3,Randomly placed,7.7374285714285715,0,9,5,0,0,true,0,0,45,72,7,8,57,72,7,8,57,0.375,0,0,0,0,6.4,1.8143603305547964,0,0,0,
1557,0.5,transect,7,3500,376,536,2588,1,1,1,Clumped-Poisson,5,3,Randomly placed,8.675142857142857,0,9,5,0,0,true,0,0,45,79,2,13,64,79,2,13,64,0.375,0,0,0,0,7.022222222222222,2.339656307851446,0,0,0,
1558,0.5,transect,7,3500,356,535,2609,1,1,1,Clumped-Poisson,5,3,Randomly placed,8.985428571428573,0,9,5,0,0,true,0,0,45,143,11,24,108,143,11,24,108,0.375,0,0,0,0,12.71111111111111,2.337901160054924,0,0,0,
1546,0.5,transect,7,3500,344,551,2605,1,1,1,Clumped-Poisson,5,3,Randomly placed,9.907714285714286,0,9,5,0,0,true,0,0,45,68,8,8,52,68,8,8,52,0.375,0,0,0,0,6.044444444444444,2.2066843461881587,0,0,0,
1563,0.5,transect,7,3500,366,527,2607,1,1,1,Clumped-Poisson,5,3,Randomly placed,11.291142857142857,0,9,5,0,0,true,0,0,45,60,7,6,47,60,7,6,47,0.375,0,0,0,0,5.333333333333333,2.612796307685417,0,0,0,
1565,0.5,transect,7,3500,374,540,2586,1,1,1,Clumped-Poisson,5,3,Randomly placed,10.738,0,9,5,0,0,true,0,0,45,75,5,15,55,75,5,15,55,0.375,0,0,0,0,6.666666666666667,2.7316328783015815,0,0,0,
1556,0.5,transect,7,3500,323,525,2652,1,1,1,Clumped-Poisson,5,3,Randomly placed,8.219142857142858,0,9,5,0,0,true,0,0,45,77,4,11,62,77,4,11,62,0.375,0,0,0,0,6.844444444444444,2.4116107774594626,0,0,0,
1568,0.5,transect,7,3500,348,561,2591,1,1,1,Clumped-Poisson,5,3,Randomly placed,11.631714285714285,0,9,5,0,0,true,0,0,45,79,7,19,53,79,7,19,53,0.375,0,0,0,0,7.022222222222222,2.655575694872544,0,0,0,
1560,0.5,transect,7,3500,332,529,2639,1,1,1,Clumped-Poisson,5,3,Randomly placed,9.662,0,9,5,0,0,true,0,0,45,53,4,9,40,53,4,9,40,0.375,0,0,0,0,4.711111111111111,2.189429545494434,0,0,0,
1559,0.5,transect,7,3500,363,545,2592,1,1,1,Clumped-Poisson,5,3,Randomly placed,19.231142857142856,0,9,5,0,0,true,0,0,45,132,12,23,97,132,12,23,97,0.375,0,0,0,0,11.733333333333333,2.308041750980139,0,0,0,
1567,0.5,transect,7,3500,339,536,2625,1,1,1,Clumped-Poisson,5,3,Randomly placed,7.511142857142858,0,9,5,0,0,true,0,0,45,73,4,14,55,73,4,14,55,0.375,0,0,0,0,6.488888888888889,2.06253213135768,0,0,0,
1566,0.5,transect,7,3500,357,503,2640,1,1,1,Clumped-Poisson,5,3,Randomly placed,7.153428571428571,0,9,5,0,0,true,0,0,45,74,8,12,54,74,8,12,54,0.375,0,0,0,0,6.5777777777777775,1.744999401113872,0,0,0,
1570,0.5,transect,7,3500,343,539,2618,1,1,1,Clumped-Poisson,5,3,Randomly placed,8.082571428571429,0,9,5,0,0,true,0,0,45,97,15,12,70,97,15,12,70,0.375,0,0,0,0,8.622222222222222,2.009930755222378,0,0,0,
1569,0.5,transect,7,3500,363,507,2630,1,1,1,Clumped-Poisson,5,3,Randomly placed,9.256285714285713,0,9,5,0,0,true,0,0,45,104,14,15,75,104,14,15,75,0.375,0,0,0,0,9.244444444444444,2.480182175619435,0,0,0,
1571,0.5,transect,7,3500,364,530,2606,1,1,1,Clumped-Poisson,5,3,Randomly placed,11.50657142857143,0,9,5,0,0,true,0,0,45,82,11,11,60,82,11,11,60,0.375,0,0,0,0,7.288888888888889,2.170945018045197,0,0,0,
1573,0.5,transect,7,3500,357,537,2606,1,1,1,Clumped-Poisson,5,3,Randomly placed,11.789428571428571,0,9,5,0,0,true,0,0,45,130,14,21,95,130,14,21,95,0.375,0,0,0,0,11.555555555555555,2.5083641684385034,0,0,0,
1572,0.5,transect,7,3500,342,514,2644,1,1,1,Clumped-Poisson,5,3,Randomly placed,8.027142857142858,0,9,5,0,0,true,0,0,45,63,7,10,46,63,7,10,46,0.375,0,0,0,0,5.6,2.419386757425053,0,0,0,
1577,0.5,transect,7,3500,354,535,2611,1,1,1,Clumped-Poisson,5,3,Randomly placed,7.249428571428572,0,9,5,0,0,true,0,0,45,62,5,12,45,62,5,12,45,0.375,0,0,0,0,5.511111111111111,1.7181910527656117,0,0,0,
1575,0.5,transect,7,3500,358,503,2639,1,1,1,Clumped-Poisson,5,3,Randomly placed,11.193428571428571,0,9,5,0,0,true,0,0,45,86,8,7,71,86,8,7,71,0.375,0,0,0,0,7.644444444444445,3.1707399171182393,0,0,0,
1574,0.5,transect,7,3500,350,534,2616,1,1,1,Clumped-Poisson,5,3,Randomly placed,12.871142857142857,0,9,5,0,0,true,0,0,45,67,7,8,52,67,7,8,52,0.375,0,0,0,0,5.955555555555556,2.2759470095089993,0,0,0,
1582,0.5,transect,7,3500,349,505,2646,1,1,1,Clumped-Poisson,5,3,Randomly placed,10.206571428571428,0,9,5,0,0,true,0,0,45,99,10,14,75,99,10,14,75,0.375,0,0,0,0,8.8,2.3927011478389892,0,0,0,
1579,0.5,transect,7,3500,342,497,2661,1,1,1,Clumped-Poisson,5,3,Randomly placed,9.635714285714286,0,9,5,0,0,true,0,0,45,40,3,9,28,40,3,9,28,0.375,0,0,0,0,3.5555555555555554,2.9102337066415696,0,0,0,
1576,0.5,transect,7,3500,345,504,2651,1,1,1,Clumped-Poisson,5,3,Randomly placed,9.072857142857142,0,9,5,0,0,true,0,0,45,52,1,6,45,52,1,6,45,0.375,0,0,0,0,4.622222222222222,2.0951632033909586,0,0,0,
1580,0.5,transect,7,3500,355,532,2613,1,1,1,Clumped-Poisson,5,3,Randomly placed,7.461428571428571,0,9,5,0,0,true,0,0,45,81,10,11,60,81,10,11,60,0.375,0,0,0,0,7.2,1.897337019760705,0,0,0,
1578,0.5,transect,7,3500,325,514,2661,1,1,1,Clumped-Poisson,5,3,Randomly placed,14.332285714285714,0,9,5,0,0,true,0,0,45,77,12,7,58,77,12,7,58,0.375,0,0,0,0,6.844444444444444,2.8127726258949237,0,0,0,
1583,0.5,transect,7,3500,361,537,2602,1,1,1,Clumped-Poisson,5,3,Randomly placed,8.947142857142858,0,9,5,0,0,true,0,0,45,54,7,8,39,54,7,8,39,0.375,0,0,0,0,4.8,2.650757467501535,0,0,0,
1581,0.5,transect,7,3500,356,514,2630,1,1,1,Clumped-Poisson,5,3,Randomly placed,9.036285714285714,0,9,5,0,0,true,0,0,45,61,6,9,46,61,6,9,46,0.375,0,0,0,0,5.4222222222222225,1.9966133893440718,0,0,0,
1589,0.5,transect,7,3500,358,504,2638,1,1,1,Clumped-Poisson,5,3,Randomly placed,8.412857142857144,0,9,5,0,0,true,0,0,45,89,14,13,62,89,14,13,62,0.375,0,0,0,0,7.911111111111111,2.3056927930803592,0,0,0,
1587,0.5,transect,7,3500,348,556,2596,1,1,1,Clumped-Poisson,5,3,Randomly placed,12.687142857142858,0,9,5,0,0,true,0,0,45,50,3,10,37,50,3,10,37,0.375,0,0,0,0,4.444444444444445,3.010889327998383,0,0,0,
1586,0.5,transect,7,3500,340,531,2629,1,1,1,Clumped-Poisson,5,3,Randomly placed,13.611142857142857,0,9,5,0,0,true,0,0,45,88,10,14,64,88,10,14,64,0.375,0,0,0,0,7.822222222222222,2.7428692725604202,0,0,0,
1601,0.5,transect,0.01,5,0,1,4,0.7,0.7,0.7,Clumped-Poisson,5,3,Randomly placed,0.9975000000000509,0,9,5,0,0,true,0,0,45,0,0,0,0,0,0,0,0,0.375,0,0,0,0,0,NA,0,0,0,
1602,0.5,transect,0.01,5,1,1,3,0.7,0.7,0.7,Clumped-Poisson,5,3,Randomly placed,0.997500000000023,0,9,5,0,0,true,0,0,45,0,0,0,0,0,0,0,0,0.375,0,0,0,0,0,NA,0,0,0,
1588,0.5,transect,7,3500,349,524,2627,1,1,1,Clumped-Poisson,5,3,Randomly placed,20.81342857142857,0,9,5,0,0,true,0,0,45,67,4,9,54,67,4,9,54,0.375,0,0,0,0,5.955555555555556,4.57017619571851,0,0,0,
1585,0.5,transect,7,3500,372,495,2633,1,1,1,Clumped-Poisson,5,3,Randomly placed,6.691142857142857,0,9,5,0,0,true,0,0,45,56,7,6,43,56,7,6,43,0.375,0,0,0,0,4.977777777777778,1.599413230184913,0,0,0,
1604,0.5,transect,0.01,5,0,1,4,0.7,0.7,0.7,Clumped-Poisson,5,3,Randomly placed,0.9975000000000508,0,9,5,0,0,true,0,0,45,0,0,0,0,0,0,0,0,0.375,0,0,0,0,0,NA,0,0,0,
1605,0.5,transect,0.01,5,0,1,4,0.7,0.7,0.7,Clumped-Poisson,5,3,Randomly placed,0.9975000000000457,0,9,5,0,0,true,0,0,45,0,0,0,0,0,0,0,0,0.375,0,0,0,0,0,NA,0,0,0,
1606,0.5,transect,0.01,5,0,0,5,0.7,0.7,0.7,Clumped-Poisson,5,3,Randomly placed,0.9975000000000358,0,9,5,0,0,true,0,0,45,0,0,0,0,0,0,0,0,0.375,0,0,0,0,0,NA,0,0,0,
1608,0.5,transect,0.01,5,1,2,2,0.7,0.7,0.7,Clumped-Poisson,5,3,Randomly placed,0.9975000000000271,0,9,5,0,0,true,0,0,45,0,0,0,0,0,0,0,0,0.375,0,0,0,0,0,NA,0,0,0,
1584,0.5,transect,7,3500,348,512,2640,1,1,1,Clumped-Poisson,5,3,Randomly placed,6.514,0,9,5,0,0,true,0,0,45,24,4,5,15,24,4,5,15,0.375,0,0,0,0,2.1333333333333333,2.2471572951377725,0,0,0,
1603,0.5,transect,0.01,5,1,1,3,0.7,0.7,0.7,Clumped-Poisson,5,3,Randomly placed,0.9975000000000364,0,9,5,0,0,true,0,0,45,0,0,0,0,0,0,0,0,0.375,0,0,0,0,0,NA,0,0,0,
1609,0.5,transect,0.01,5,1,0,4,0.7,0.7,0.7,Clumped-Poisson,5,3,Randomly placed,0.9975000000000311,0,9,5,0,0,true,0,0,45,1,0,0,1,1,0,0,1,0.375,0,0,0,0,0.08888888888888889,6.708203932499369,0,0,0,
1593,0.5,transect,7,3500,367,542,2591,1,1,1,Clumped-Poisson,5,3,Randomly placed,8.129999999999999,0,9,5,0,0,true,0,0,45,42,2,7,33,42,2,7,33,0.375,0,0,0,0,3.7333333333333334,2.15983533695183,0,0,0,
1590,0.5,transect,7,3500,349,552,2599,1,1,1,Clumped-Poisson,5,3,Randomly placed,8.721428571428572,0,9,5,0,0,true,0,0,45,80,9,13,58,80,9,13,58,0.375,0,0,0,0,7.111111111111111,3.202005763438116,0,0,0,
1607,0.5,transect,0.01,5,1,0,4,0.7,0.7,0.7,Clumped-Poisson,5,3,Randomly placed,0.9975000000000243,0,9,5,0,0,true,0,0,45,0,0,0,0,0,0,0,0,0.375,0,0,0,0,0,NA,0,0,0,
1611,0.5,transect,0.01,5,0,3,2,0.7,0.7,0.7,Clumped-Poisson,5,3,Randomly placed,0.9975000000000194,0,9,5,0,0,true,0,0,45,0,0,0,0,0,0,0,0,0.375,0,0,0,0,0,NA,0,0,0,
1598,0.5,transect,7,3500,334,544,2622,1,1,1,Clumped-Poisson,5,3,Randomly placed,13.774571428571429,0,9,5,0,0,true,0,0,45,67,8,8,51,67,8,8,51,0.375,0,0,0,0,5.955555555555556,2.5600288171234964,0,0,0,
1612,0.5,transect,0.01,5,0,0,5,0.7,0.7,0.7,Clumped-Poisson,5,3,Randomly placed,0.997500000000029,0,9,5,0,0,true,0,0,45,0,0,0,0,0,0,0,0,0.375,0,0,0,0,0,NA,0,0,0,
1610,0.5,transect,0.01,5,0,0,5,0.7,0.7,0.7,Clumped-Poisson,5,3,Randomly placed,1.397500000000032,0,9,5,0,0,true,0,0,45,0,0,0,0,0,0,0,0,0.375,0,0,0,0,0,NA,0,0,0,
1615,0.5,transect,0.01,5,0,0,5,0.7,0.7,0.7,Clumped-Poisson,5,3,Randomly placed,0.9975000000000139,0,9,5,0,0,true,0,0,45,0,0,0,0,0,0,0,0,0.375,0,0,0,0,0,NA,0,0,0,
1614,0.5,transect,0.01,5,0,1,4,0.7,0.7,0.7,Clumped-Poisson,5,3,Randomly placed,0.9975000000000438,0,9,5,0,0,true,0,0,45,0,0,0,0,0,0,0,0,0.375,0,0,0,0,0,NA,0,0,0,
1616,0.5,transect,0.01,5,1,1,3,0.7,0.7,0.7,Clumped-Poisson,5,3,Randomly placed,0.9975000000000456,0,9,5,0,0,true,0,0,45,0,0,0,0,0,0,0,0,0.375,0,0,0,0,0,NA,0,0,0,
1617,0.5,transect,0.01,5,1,3,1,0.7,0.7,0.7,Clumped-Poisson,5,3,Randomly placed,0.9975000000000209,0,9,5,0,0,true,0,0,45,0,0,0,0,0,0,0,0,0.375,0,0,0,0,0,NA,0,0,0,
1613,0.5,transect,0.01,5,0,0,5,0.7,0.7,0.7,Clumped-Poisson,5,3,Randomly placed,0.9975000000000152,0,9,5,0,0,true,0,0,45,1,0,0,1,0,0,0,0,0.375,0,0,0,0,0,NA,0,0,0,
1597,0.5,transect,7,3500,310,509,2681,1,1,1,Clumped-Poisson,5,3,Randomly placed,10.059142857142858,0,9,5,0,0,true,0,0,45,108,16,18,74,108,16,18,74,0.375,0,0,0,0,9.6,2.6507574675015353,0,0,0,
1618,0.5,transect,0.01,5,0,0,5,0.7,0.7,0.7,Clumped-Poisson,5,3,Randomly placed,0.9975000000000136,0,9,5,0,0,true,0,0,45,0,0,0,0,0,0,0,0,0.375,0,0,0,0,0,NA,0,0,0,
1619,0.5,transect,0.01,5,2,1,2,0.7,0.7,0.7,Clumped-Poisson,5,3,Randomly placed,0.9975000000000426,0,9,5,0,0,true,0,0,45,0,0,0,0,0,0,0,0,0.375,0,0,0,0,0,NA,0,0,0,
1620,0.5,transect,0.01,5,0,2,3,0.7,0.7,0.7,Clumped-Poisson,5,3,Randomly placed,0.9975000000000247,0,9,5,0,0,true,0,0,45,0,0,0,0,0,0,0,0,0.375,0,0,0,0,0,NA,0,0,0,
1623,0.5,transect,0.01,5,1,0,4,0.7,0.7,0.7,Clumped-Poisson,5,3,Randomly placed,0.9975000000000132,0,9,5,0,0,true,0,0,45,0,0,0,0,0,0,0,0,0.375,0,0,0,0,0,NA,0,0,0,
1624,0.5,transect,0.01,5,0,1,4,0.7,0.7,0.7,Clumped-Poisson,5,3,Randomly placed,0.9975000000000525,0,9,5,0,0,true,0,0,45,0,0,0,0,0,0,0,0,0.375,0,0,0,0,0,NA,0,0,0,
1622,0.5,transect,0.01,5,0,1,4,0.7,0.7,0.7,Clumped-Poisson,5,3,Randomly placed,0.9975000000000657,0,9,5,0,0,true,0,0,45,0,0,0,0,0,0,0,0,0.375,0,0,0,0,0,NA,0,0,0,
1596,0.5,transect,7,3500,367,528,2605,1,1,1,Clumped-Poisson,5,3,Randomly placed,7.252857142857144,0,9,5,0,0,true,0,0,45,78,9,14,55,78,9,14,55,0.375,0,0,0,0,6.933333333333334,2.0523016114230366,0,0,0,
1621,0.5,transect,0.01,5,0,1,4,0.7,0.7,0.7,Clumped-Poisson,5,3,Randomly placed,0.997500000000036,0,9,5,0,0,true,0,0,45,0,0,0,0,0,0,0,0,0.375,0,0,0,0,0,NA,0,0,0,
1625,0.5,transect,0.01,5,1,0,4,0.7,0.7,0.7,Clumped-Poisson,5,3,Randomly placed,0.9975000000000355,0,9,5,0,0,true,0,0,45,1,0,0,1,1,0,0,1,0.375,0,0,0,0,0.08888888888888889,6.70820393249937,0,0,0,
1627,0.5,transect,0.01,5,1,0,4,0.7,0.7,0.7,Clumped-Poisson,5,3,Randomly placed,0.9975000000000563,0,9,5,0,0,true,0,0,45,0,0,0,0,0,0,0,0,0.375,0,0,0,0,0,NA,0,0,0,
1630,0.5,transect,0.01,5,1,1,3,0.7,0.7,0.7,Clumped-Poisson,5,3,Randomly placed,0.9975000000000679,0,9,5,0,0,true,0,0,45,0,0,0,0,0,0,0,0,0.375,0,0,0,0,0,NA,0,0,0,
1629,0.5,transect,0.01,5,1,2,2,0.7,0.7,0.7,Clumped-Poisson,5,3,Randomly placed,0.9975000000000144,0,9,5,0,0,true,0,0,45,0,0,0,0,0,0,0,0,0.375,0,0,0,0,0,NA,0,0,0,
1634,0.5,transect,0.01,5,0,1,4,0.7,0.7,0.7,Clumped-Poisson,5,3,Randomly placed,0.9975000000000355,0,9,5,0,0,true,0,0,45,0,0,0,0,0,0,0,0,0.375,0,0,0,0,0,NA,0,0,0,
1628,0.5,transect,0.01,5,0,0,5,0.7,0.7,0.7,Clumped-Poisson,5,3,Randomly placed,0.9975000000000327,0,9,5,0,0,true,0,0,45,0,0,0,0,0,0,0,0,0.375,0,0,0,0,0,NA,0,0,0,
1631,0.5,transect,0.01,5,1,0,4,0.7,0.7,0.7,Clumped-Poisson,5,3,Randomly placed,0.9975000000000634,0,9,5,0,0,true,0,0,45,0,0,0,0,0,0,0,0,0.375,0,0,0,0,0,NA,0,0,0,
1632,0.5,transect,0.01,5,1,1,3,0.7,0.7,0.7,Clumped-Poisson,5,3,Randomly placed,0.9975000000000409,0,9,5,0,0,true,0,0,45,0,0,0,0,0,0,0,0,0.375,0,0,0,0,0,NA,0,0,0,
1633,0.5,transect,0.01,5,1,2,2,0.7,0.7,0.7,Clumped-Poisson,5,3,Randomly placed,0.9975000000000525,0,9,5,0,0,true,0,0,45,1,0,1,0,1,0,1,0,0.375,0,0,0,0,0.08888888888888889,6.70820393249937,0,0,0,
1626,0.5,transect,0.01,5,0,2,3,0.7,0.7,0.7,Clumped-Poisson,5,3,Randomly placed,0.9975000000000669,0,9,5,0,0,true,0,0,45,0,0,0,0,0,0,0,0,0.375,0,0,0,0,0,NA,0,0,0,
1600,0.5,transect,7,3500,364,536,2600,1,1,1,Clumped-Poisson,5,3,Randomly placed,10.847142857142858,0,9,5,0,0,true,0,0,45,54,5,7,42,54,5,7,42,0.375,0,0,0,0,4.8,2.632834628649924,0,0,0,
1636,0.5,transect,0.01,5,0,1,4,0.7,0.7,0.7,Clumped-Poisson,5,3,Randomly placed,0.9975000000000611,0,9,5,0,0,true,0,0,45,0,0,0,0,0,0,0,0,0.375,0,0,0,0,0,NA,0,0,0,
1638,0.5,transect,0.01,5,0,1,4,0.7,0.7,0.7,Clumped-Poisson,5,3,Randomly placed,0.9975000000000437,0,9,5,0,0,true,0,0,45,0,0,0,0,0,0,0,0,0.375,0,0,0,0,0,NA,0,0,0,
1641,0.5,transect,0.01,5,1,0,4,0.7,0.7,0.7,Clumped-Poisson,5,3,Randomly placed,0.9975000000000452,0,9,5,0,0,true,0,0,45,0,0,0,0,0,0,0,0,0.375,0,0,0,0,0,NA,0,0,0,
1640,0.5,transect,0.01,5,0,1,4,0.7,0.7,0.7,Clumped-Poisson,5,3,Randomly placed,1.3975000000000695,0,9,5,0,0,true,0,0,45,0,0,0,0,0,0,0,0,0.375,0,0,0,0,0,NA,0,0,0,
1639,0.5,transect,0.01,5,0,2,3,0.7,0.7,0.7,Clumped-Poisson,5,3,Randomly placed,0.997500000000023,0,9,5,0,0,true,0,0,45,0,0,0,0,0,0,0,0,0.375,0,0,0,0,0,NA,0,0,0,
1642,0.5,transect,0.01,5,0,2,3,0.7,0.7,0.7,Clumped-Poisson,5,3,Randomly placed,0.99750000000007,0,9,5,0,0,true,0,0,45,0,0,0,0,0,0,0,0,0.375,0,0,0,0,0,NA,0,0,0,
1644,0.5,transect,0.01,5,2,1,2,0.7,0.7,0.7,Clumped-Poisson,5,3,Randomly placed,0.997500000000012,0,9,5,0,0,true,0,0,45,0,0,0,0,0,0,0,0,0.375,0,0,0,0,0,NA,0,0,0,
1635,0.5,transect,0.01,5,1,2,2,0.7,0.7,0.7,Clumped-Poisson,5,3,Randomly placed,0.9975000000000391,0,9,5,0,0,true,0,0,45,0,0,0,0,0,0,0,0,0.375,0,0,0,0,0,NA,0,0,0,
1643,0.5,transect,0.01,5,0,0,5,0.7,0.7,0.7,Clumped-Poisson,5,3,Randomly placed,0.9975000000000197,0,9,5,0,0,true,0,0,45,0,0,0,0,0,0,0,0,0.375,0,0,0,0,0,NA,0,0,0,
1637,0.5,transect,0.01,5,0,0,5,0.7,0.7,0.7,Clumped-Poisson,5,3,Randomly placed,0.9975000000000527,0,9,5,0,0,true,0,0,45,0,0,0,0,0,0,0,0,0.375,0,0,0,0,0,NA,0,0,0,
1646,0.5,transect,0.01,5,0,1,4,0.7,0.7,0.7,Clumped-Poisson,5,3,Randomly placed,0.9975000000000472,0,9,5,0,0,true,0,0,45,0,0,0,0,0,0,0,0,0.375,0,0,0,0,0,NA,0,0,0,
1647,0.5,transect,0.01,5,0,1,4,0.7,0.7,0.7,Clumped-Poisson,5,3,Randomly placed,0.9975000000000298,0,9,5,0,0,true,0,0,45,0,0,0,0,0,0,0,0,0.375,0,0,0,0,0,NA,0,0,0,
1645,0.5,transect,0.01,5,0,3,2,0.7,0.7,0.7,Clumped-Poisson,5,3,Randomly placed,0.9975000000000129,0,9,5,0,0,true,0,0,45,0,0,0,0,0,0,0,0,0.375,0,0,0,0,0,NA,0,0,0,
1650,0.5,transect,0.01,5,1,0,4,0.7,0.7,0.7,Clumped-Poisson,5,3,Randomly placed,0.9975000000000187,0,9,5,0,0,true,0,0,45,0,0,0,0,0,0,0,0,0.375,0,0,0,0,0,NA,0,0,0,
1651,0.5,transect,0.01,5,0,0,5,0.7,0.7,0.7,Clumped-Poisson,5,3,Randomly placed,0.9975000000000261,0,9,5,0,0,true,0,0,45,0,0,0,0,0,0,0,0,0.375,0,0,0,0,0,NA,0,0,0,
1599,0.5,transect,7,3500,337,533,2630,1,1,1,Clumped-Poisson,5,3,Randomly placed,9.040857142857144,0,9,5,0,0,true,0,0,45,79,5,12,62,79,5,12,62,0.375,0,0,0,0,7.022222222222222,2.19995583678879,0,0,0,
1649,0.5,transect,0.01,5,0,1,4,0.7,0.7,0.7,Clumped-Poisson,5,3,Randomly placed,0.9975000000000249,0,9,5,0,0,true,0,0,45,0,0,0,0,0,0,0,0,0.375,0,0,0,0,0,NA,0,0,0,
1652,0.5,transect,0.01,5,0,1,4,0.7,0.7,0.7,Clumped-Poisson,5,3,Randomly placed,0.9975000000000329,0,9,5,0,0,true,0,0,45,0,0,0,0,0,0,0,0,0.375,0,0,0,0,0,NA,0,0,0,
1654,0.5,transect,0.01,5,0,1,4,0.7,0.7,0.7,Clumped-Poisson,5,3,Randomly placed,0.9975000000000601,0,9,5,0,0,true,0,0,45,1,0,0,1,0,0,0,0,0.375,0,0,0,0,0,NA,0,0,0,
1648,0.5,transect,0.01,5,2,0,3,0.7,0.7,0.7,Clumped-Poisson,5,3,Randomly placed,0.9975000000000437,0,9,5,0,0,true,0,0,45,0,0,0,0,0,0,0,0,0.375,0,0,0,0,0,NA,0,0,0,
1591,0.5,transect,7,3500,373,517,2610,1,1,1,Clumped-Poisson,5,3,Randomly placed,9.488285714285714,0,9,5,0,0,true,0,0,45,66,6,8,52,66,6,8,52,0.375,0,0,0,0,5.866666666666666,2.2919640428143104,0,0,0,
1657,0.5,transect,0.01,5,0,0,5,0.7,0.7,0.7,Clumped-Poisson,5,3,Randomly placed,0.9975000000000247,0,9,5,0,0,true,0,0,45,0,0,0,0,0,0,0,0,0.375,0,0,0,0,0,NA,0,0,0,
1656,0.5,transect,0.01,5,0,2,3,0.7,0.7,0.7,Clumped-Poisson,5,3,Randomly placed,0.9975000000000318,0,9,5,0,0,true,0,0,45,0,0,0,0,0,0,0,0,0.375,0,0,0,0,0,NA,0,0,0,
1659,0.5,transect,0.01,5,0,0,5,0.7,0.7,0.7,Clumped-Poisson,5,3,Randomly placed,0.9975000000000249,0,9,5,0,0,true,0,0,45,0,0,0,0,0,0,0,0,0.375,0,0,0,0,0,NA,0,0,0,
1655,0.5,transect,0.01,5,2,0,3,0.7,0.7,0.7,Clumped-Poisson,5,3,Randomly placed,0.9975000000000133,0,9,5,0,0,true,0,0,45,0,0,0,0,0,0,0,0,0.375,0,0,0,0,0,NA,0,0,0,
1658,0.5,transect,0.01,5,0,2,3,0.7,0.7,0.7,Clumped-Poisson,5,3,Randomly placed,0.9975000000000129,0,9,5,0,0,true,0,0,45,0,0,0,0,0,0,0,0,0.375,0,0,0,0,0,NA,0,0,0,
1653,0.5,transect,0.01,5,0,0,5,0.7,0.7,0.7,Clumped-Poisson,5,3,Randomly placed,0.997500000000023,0,9,5,0,0,true,0,0,45,0,0,0,0,0,0,0,0,0.375,0,0,0,0,0,NA,0,0,0,
1662,0.5,transect,0.01,5,0,0,5,0.7,0.7,0.7,Clumped-Poisson,5,3,Randomly placed,0.9975000000000295,0,9,5,0,0,true,0,0,45,0,0,0,0,0,0,0,0,0.375,0,0,0,0,0,NA,0,0,0,
1664,0.5,transect,0.01,5,0,1,4,0.7,0.7,0.7,Clumped-Poisson,5,3,Randomly placed,0.9975000000000243,0,9,5,0,0,true,0,0,45,0,0,0,0,0,0,0,0,0.375,0,0,0,0,0,NA,0,0,0,
1661,0.5,transect,0.01,5,0,0,5,0.7,0.7,0.7,Clumped-Poisson,5,3,Randomly placed,0.997500000000045,0,9,5,0,0,true,0,0,45,0,0,0,0,0,0,0,0,0.375,0,0,0,0,0,NA,0,0,0,
1665,0.5,transect,0.01,5,0,2,3,0.7,0.7,0.7,Clumped-Poisson,5,3,Randomly placed,0.9975000000000598,0,9,5,0,0,true,0,0,45,0,0,0,0,0,0,0,0,0.375,0,0,0,0,0,NA,0,0,0,
1663,0.5,transect,0.01,5,0,0,5,0.7,0.7,0.7,Clumped-Poisson,5,3,Randomly placed,0.9975000000000336,0,9,5,0,0,true,0,0,45,0,0,0,0,0,0,0,0,0.375,0,0,0,0,0,NA,0,0,0,
1666,0.5,transect,0.01,5,0,0,5,0.7,0.7,0.7,Clumped-Poisson,5,3,Randomly placed,0.997500000000049,0,9,5,0,0,true,0,0,45,0,0,0,0,0,0,0,0,0.375,0,0,0,0,0,NA,0,0,0,
1660,0.5,transect,0.01,5,0,1,4,0.7,0.7,0.7,Clumped-Poisson,5,3,Randomly placed,0.9975000000000382,0,9,5,0,0,true,0,0,45,0,0,0,0,0,0,0,0,0.375,0,0,0,0,0,NA,0,0,0,
1668,0.5,transect,0.01,5,0,0,5,0.7,0.7,0.7,Clumped-Poisson,5,3,Randomly placed,0.9975000000000616,0,9,5,0,0,true,0,0,45,0,0,0,0,0,0,0,0,0.375,0,0,0,0,0,NA,0,0,0,
1594,0.5,transect,7,3500,334,548,2618,1,1,1,Clumped-Poisson,5,3,Randomly placed,9.279142857142856,0,9,5,0,0,true,0,0,45,92,9,14,69,92,9,14,69,0.375,0,0,0,0,8.177777777777777,2.7747019737504366,0,0,0,
1670,0.5,transect,0.01,5,0,1,4,0.7,0.7,0.7,Clumped-Poisson,5,3,Randomly placed,0.9975000000000466,0,9,5,0,0,true,0,0,45,0,0,0,0,0,0,0,0,0.375,0,0,0,0,0,NA,0,0,0,
1667,0.5,transect,0.01,5,0,0,5,0.7,0.7,0.7,Clumped-Poisson,5,3,Randomly placed,0.997500000000037,0,9,5,0,0,true,0,0,45,0,0,0,0,0,0,0,0,0.375,0,0,0,0,0,NA,0,0,0,
1669,0.5,transect,0.01,5,0,2,3,0.7,0.7,0.7,Clumped-Poisson,5,3,Randomly placed,0.9975000000000372,0,9,5,0,0,true,0,0,45,0,0,0,0,0,0,0,0,0.375,0,0,0,0,0,NA,0,0,0,
1674,0.5,transect,0.01,5,1,0,4,0.7,0.7,0.7,Clumped-Poisson,5,3,Randomly placed,0.9975000000000478,0,9,5,0,0,true,0,0,45,0,0,0,0,0,0,0,0,0.375,0,0,0,0,0,NA,0,0,0,
1592,0.5,transect,7,3500,402,521,2577,1,1,1,Clumped-Poisson,5,3,Randomly placed,10.098571428571429,0,9,5,0,0,true,0,0,45,50,4,10,36,50,4,10,36,0.375,0,0,0,0,4.444444444444445,2.76881989958965,0,0,0,
1671,0.5,transect,0.01,5,1,0,4,0.7,0.7,0.7,Clumped-Poisson,5,3,Randomly placed,0.9975000000000346,0,9,5,0,0,true,0,0,45,1,1,0,0,1,1,0,0,0.375,0,0,0,0,0.08888888888888889,6.708203932499371,0,0,0,
1672,0.5,transect,0.01,5,2,0,3,0.7,0.7,0.7,Clumped-Poisson,5,3,Randomly placed,0.9975000000000218,0,9,5,0,0,true,0,0,45,0,0,0,0,0,0,0,0,0.375,0,0,0,0,0,NA,0,0,0,
1676,0.5,transect,0.01,5,1,1,3,0.7,0.7,0.7,Clumped-Poisson,5,3,Randomly placed,0.9975000000000533,0,9,5,0,0,true,0,0,45,0,0,0,0,0,0,0,0,0.375,0,0,0,0,0,NA,0,0,0,
1680,0.5,transect,0.01,5,0,2,3,0.7,0.7,0.7,Clumped-Poisson,5,3,Randomly placed,0.9975000000000404,0,9,5,0,0,true,0,0,45,0,0,0,0,0,0,0,0,0.375,0,0,0,0,0,NA,0,0,0,
1678,0.5,transect,0.01,5,0,1,4,0.7,0.7,0.7,Clumped-Poisson,5,3,Randomly placed,0.997500000000049,0,9,5,0,0,true,0,0,45,0,0,0,0,0,0,0,0,0.375,0,0,0,0,0,NA,0,0,0,
1679,0.5,transect,0.01,5,0,0,5,0.7,0.7,0.7,Clumped-Poisson,5,3,Randomly placed,0.9975000000000287,0,9,5,0,0,true,0,0,45,0,0,0,0,0,0,0,0,0.375,0,0,0,0,0,NA,0,0,0,
1682,0.5,transect,0.01,5,0,2,3,0.7,0.7,0.7,Clumped-Poisson,5,3,Randomly placed,0.9975000000000483,0,9,5,0,0,true,0,0,45,0,0,0,0,0,0,0,0,0.375,0,0,0,0,0,NA,0,0,0,
1675,0.5,transect,0.01,5,1,1,3,0.7,0.7,0.7,Clumped-Poisson,5,3,Randomly placed,1.3975000000000277,0,9,5,0,0,true,0,0,45,0,0,0,0,0,0,0,0,0.375,0,0,0,0,0,NA,0,0,0,
1677,0.5,transect,0.01,5,0,0,5,0.7,0.7,0.7,Clumped-Poisson,5,3,Randomly placed,0.9975000000000227,0,9,5,0,0,true,0,0,45,0,0,0,0,0,0,0,0,0.375,0,0,0,0,0,NA,0,0,0,
1683,0.5,transect,0.01,5,1,0,4,0.7,0.7,0.7,Clumped-Poisson,5,3,Randomly placed,0.9975000000000528,0,9,5,0,0,true,0,0,45,0,0,0,0,0,0,0,0,0.375,0,0,0,0,0,NA,0,0,0,
1681,0.5,transect,0.01,5,0,0,5,0.7,0.7,0.7,Clumped-Poisson,5,3,Randomly placed,0.9975000000000572,0,9,5,0,0,true,0,0,45,1,0,0,1,1,0,0,1,0.375,0,0,0,0,0.08888888888888889,6.70820393249937,0,0,0,
1684,0.5,transect,0.01,5,1,2,2,0.7,0.7,0.7,Clumped-Poisson,5,3,Randomly placed,0.9975000000000148,0,9,5,0,0,true,0,0,45,0,0,0,0,0,0,0,0,0.375,0,0,0,0,0,NA,0,0,0,
1687,0.5,transect,0.01,5,0,1,4,0.7,0.7,0.7,Clumped-Poisson,5,3,Randomly placed,0.9975000000000749,0,9,5,0,0,true,0,0,45,0,0,0,0,0,0,0,0,0.375,0,0,0,0,0,NA,0,0,0,
1673,0.5,transect,0.01,5,0,0,5,0.7,0.7,0.7,Clumped-Poisson,5,3,Randomly placed,0.9975000000000191,0,9,5,0,0,true,0,0,45,0,0,0,0,0,0,0,0,0.375,0,0,0,0,0,NA,0,0,0,
1693,0.5,transect,0.01,5,2,1,2,0.7,0.7,0.7,Clumped-Poisson,5,3,Randomly placed,0.9975000000000132,0,9,5,0,0,true,0,0,45,1,1,0,0,0,0,0,0,0.375,0,0,0,0,0,NA,0,0,0,
1686,0.5,transect,0.01,5,2,0,3,0.7,0.7,0.7,Clumped-Poisson,5,3,Randomly placed,0.9975000000000508,0,9,5,0,0,true,0,0,45,0,0,0,0,0,0,0,0,0.375,0,0,0,0,0,NA,0,0,0,
1692,0.5,transect,0.01,5,1,0,4,0.7,0.7,0.7,Clumped-Poisson,5,3,Randomly placed,0.9975000000000397,0,9,5,0,0,true,0,0,45,0,0,0,0,0,0,0,0,0.375,0,0,0,0,0,NA,0,0,0,
1695,0.5,transect,0.01,5,1,1,3,0.7,0.7,0.7,Clumped-Poisson,5,3,Randomly placed,0.9975000000000237,0,9,5,0,0,true,0,0,45,0,0,0,0,0,0,0,0,0.375,0,0,0,0,0,NA,0,0,0,
1691,0.5,transect,0.01,5,1,0,4,0.7,0.7,0.7,Clumped-Poisson,5,3,Randomly placed,0.9975000000000523,0,9,5,0,0,true,0,0,45,0,0,0,0,0,0,0,0,0.375,0,0,0,0,0,NA,0,0,0,
1690,0.5,transect,0.01,5,0,1,4,0.7,0.7,0.7,Clumped-Poisson,5,3,Randomly placed,0.9975000000000457,0,9,5,0,0,true,0,0,45,0,0,0,0,0,0,0,0,0.375,0,0,0,0,0,NA,0,0,0,
1685,0.5,transect,0.01,5,1,0,4,0.7,0.7,0.7,Clumped-Poisson,5,3,Randomly placed,0.9975000000000444,0,9,5,0,0,true,0,0,45,0,0,0,0,0,0,0,0,0.375,0,0,0,0,0,NA,0,0,0,
1696,0.5,transect,0.01,5,0,0,5,0.7,0.7,0.7,Clumped-Poisson,5,3,Randomly placed,0.9975000000000203,0,9,5,0,0,true,0,0,45,0,0,0,0,0,0,0,0,0.375,0,0,0,0,0,NA,0,0,0,
1700,0.5,transect,0.01,5,0,2,3,0.7,0.7,0.7,Clumped-Poisson,5,3,Randomly placed,0.9975000000000258,0,9,5,0,0,true,0,0,45,0,0,0,0,0,0,0,0,0.375,0,0,0,0,0,NA,0,0,0,
1699,0.5,transect,0.01,5,1,2,2,0.7,0.7,0.7,Clumped-Poisson,5,3,Randomly placed,0.9975000000000247,0,9,5,0,0,true,0,0,45,0,0,0,0,0,0,0,0,0.375,0,0,0,0,0,NA,0,0,0,
1689,0.5,transect,0.01,5,1,1,3,0.7,0.7,0.7,Clumped-Poisson,5,3,Randomly placed,0.9975000000000197,0,9,5,0,0,true,0,0,45,0,0,0,0,0,0,0,0,0.375,0,0,0,0,0,NA,0,0,0,
1694,0.5,transect,0.01,5,0,1,4,0.7,0.7,0.7,Clumped-Poisson,5,3,Randomly placed,0.9975000000000459,0,9,5,0,0,true,0,0,45,0,0,0,0,0,0,0,0,0.375,0,0,0,0,0,NA,0,0,0,
1698,0.5,transect,0.01,5,0,0,5,0.7,0.7,0.7,Clumped-Poisson,5,3,Randomly placed,0.9975000000000332,0,9,5,0,0,true,0,0,45,0,0,0,0,0,0,0,0,0.375,0,0,0,0,0,NA,0,0,0,
1688,0.5,transect,0.01,5,0,1,4,0.7,0.7,0.7,Clumped-Poisson,5,3,Randomly placed,0.9975000000000604,0,9,5,0,0,true,0,0,45,0,0,0,0,0,0,0,0,0.375,0,0,0,0,0,NA,0,0,0,
1703,0.5,transect,0.1,50,5,5,40,0.7,0.7,0.7,Clumped-Poisson,5,3,Randomly placed,1.21499999999998,0,9,5,0,0,true,0,0,45,1,0,0,1,0,0,0,0,0.375,0,0,0,0,0,NA,0,0,0,
1595,0.5,transect,7,3500,330,519,2651,1,1,1,Clumped-Poisson,5,3,Randomly placed,9.011714285714286,0,9,5,0,0,true,0,0,45,81,8,11,62,81,8,11,62,0.375,0,0,0,0,7.2,1.7310785645466809,0,0,0,
1702,0.5,transect,0.1,50,7,7,36,0.7,0.7,0.7,Clumped-Poisson,5,3,Randomly placed,1.2949999999999862,0,9,5,0,0,true,0,0,45,1,1,0,0,1,1,0,0,0.375,0,0,0,0,0.08888888888888889,6.708203932499369,0,0,0,
1705,0.5,transect,0.1,50,6,11,33,0.7,0.7,0.7,Clumped-Poisson,5,3,Randomly placed,1.2949999999999817,0,9,5,0,0,true,0,0,45,2,1,0,1,2,1,0,1,0.375,0,0,0,0,0.17777777777777778,4.689204235649838,0,0,0,
1701,0.5,transect,0.1,50,5,10,35,0.7,0.7,0.7,Clumped-Poisson,5,3,Randomly placed,1.0949999999999833,0,9,5,0,0,true,0,0,45,2,1,0,1,2,1,0,1,0.375,0,0,0,0,0.17777777777777778,6.708203932499369,0,0,0,
1704,0.5,transect,0.1,50,5,8,37,0.7,0.7,0.7,Clumped-Poisson,5,3,Randomly placed,1.1749999999999845,0,9,5,0,0,true,0,0,45,2,0,0,2,1,0,0,1,0.375,0,0,0,0,0.08888888888888889,6.708203932499369,0,0,0,
1706,0.5,transect,0.1,50,1,5,44,0.7,0.7,0.7,Clumped-Poisson,5,3,Randomly placed,1.134999999999986,0,9,5,0,0,true,0,0,45,2,1,0,1,1,0,0,1,0.375,0,0,0,0,0.08888888888888889,6.70820393249937,0,0,0,
1707,0.5,transect,0.1,50,5,6,39,0.7,0.7,0.7,Clumped-Poisson,5,3,Randomly placed,1.214999999999982,0,9,5,0,0,true,0,0,45,2,0,0,2,1,0,0,1,0.375,0,0,0,0,0.08888888888888889,6.70820393249937,0,0,0,
1697,0.5,transect,0.01,5,0,1,4,0.7,0.7,0.7,Clumped-Poisson,5,3,Randomly placed,0.9975000000000449,0,9,5,0,0,true,0,0,45,0,0,0,0,0,0,0,0,0.375,0,0,0,0,0,NA,0,0,0,
1709,0.5,transect,0.1,50,5,4,41,0.7,0.7,0.7,Clumped-Poisson,5,3,Randomly placed,0.9749999999999794,0,9,5,0,0,true,0,0,45,2,0,1,1,1,0,1,0,0.375,0,0,0,0,0.08888888888888889,6.708203932499369,0,0,0,
1708,0.5,transect,0.1,50,6,5,39,0.7,0.7,0.7,Clumped-Poisson,5,3,Randomly placed,1.0949999999999804,0,9,5,0,0,true,0,0,45,0,0,0,0,0,0,0,0,0.375,0,0,0,0,0,NA,0,0,0,
1710,0.5,transect,0.1,50,2,6,42,0.7,0.7,0.7,Clumped-Poisson,5,3,Randomly placed,1.1749999999999843,0,9,5,0,0,true,0,0,45,1,0,0,1,1,0,0,1,0.375,0,0,0,0,0.08888888888888889,6.708203932499371,0,0,0,
1711,0.5,transect,0.1,50,7,7,36,0.7,0.7,0.7,Clumped-Poisson,5,3,Randomly placed,1.1349999999999811,0,9,5,0,0,true,0,0,45,1,1,0,0,1,1,0,0,0.375,0,0,0,0,0.08888888888888889,6.708203932499369,0,0,0,
1712,0.5,transect,0.1,50,2,13,35,0.7,0.7,0.7,Clumped-Poisson,5,3,Randomly placed,1.2149999999999836,0,9,5,0,0,true,0,0,45,3,0,0,3,1,0,0,1,0.375,0,0,0,0,0.08888888888888889,6.70820393249937,0,0,0,
1715,0.5,transect,0.1,50,3,9,38,0.7,0.7,0.7,Clumped-Poisson,5,3,Randomly placed,1.0549999999999808,0,9,5,0,0,true,0,0,45,1,0,0,1,0,0,0,0,0.375,0,0,0,0,0,NA,0,0,0,
1722,0.5,transect,0.1,50,6,2,42,0.7,0.7,0.7,Clumped-Poisson,5,3,Randomly placed,1.1349999999999807,0,9,5,0,0,true,0,0,45,0,0,0,0,0,0,0,0,0.375,0,0,0,0,0,NA,0,0,0,
1724,0.5,transect,0.1,50,6,6,38,0.7,0.7,0.7,Clumped-Poisson,5,3,Randomly placed,1.054999999999984,0,9,5,0,0,true,0,0,45,1,0,0,1,1,0,0,1,0.375,0,0,0,0,0.08888888888888889,6.70820393249937,0,0,0,
1720,0.5,transect,0.1,50,6,7,37,0.7,0.7,0.7,Clumped-Poisson,5,3,Randomly placed,1.0949999999999822,0,9,5,0,0,true,0,0,45,0,0,0,0,0,0,0,0,0.375,0,0,0,0,0,NA,0,0,0,
1714,0.5,transect,0.1,50,6,10,34,0.7,0.7,0.7,Clumped-Poisson,5,3,Randomly placed,1.0549999999999844,0,9,5,0,0,true,0,0,45,2,0,1,1,2,0,1,1,0.375,0,0,0,0,0.17777777777777778,4.689204235649837,0,0,0,
1723,0.5,transect,0.1,50,7,10,33,0.7,0.7,0.7,Clumped-Poisson,5,3,Randomly placed,1.1749999999999834,0,9,5,0,0,true,0,0,45,1,0,0,1,1,0,0,1,0.375,0,0,0,0,0.08888888888888889,6.708203932499369,0,0,0,
1718,0.5,transect,0.1,50,3,11,36,0.7,0.7,0.7,Clumped-Poisson,5,3,Randomly placed,1.0549999999999844,0,9,5,0,0,true,0,0,45,0,0,0,0,0,0,0,0,0.375,0,0,0,0,0,NA,0,0,0,
1716,0.5,transect,0.1,50,5,4,41,0.7,0.7,0.7,Clumped-Poisson,5,3,Randomly placed,1.3749999999999822,0,9,5,0,0,true,0,0,45,1,0,0,1,1,0,0,1,0.375,0,0,0,0,0.08888888888888889,6.70820393249937,0,0,0,
1721,0.5,transect,0.1,50,4,8,38,0.7,0.7,0.7,Clumped-Poisson,5,3,Randomly placed,1.2149999999999845,0,9,5,0,0,true,0,0,45,0,0,0,0,0,0,0,0,0.375,0,0,0,0,0,NA,0,0,0,
1726,0.5,transect,0.1,50,4,5,41,0.7,0.7,0.7,Clumped-Poisson,5,3,Randomly placed,1.0949999999999827,0,9,5,0,0,true,0,0,45,0,0,0,0,0,0,0,0,0.375,0,0,0,0,0,NA,0,0,0,
1717,0.5,transect,0.1,50,4,8,38,0.7,0.7,0.7,Clumped-Poisson,5,3,Randomly placed,1.1349999999999785,0,9,5,0,0,true,0,0,45,1,0,0,1,1,0,0,1,0.375,0,0,0,0,0.08888888888888889,6.70820393249937,0,0,0,
1728,0.5,transect,0.1,50,7,6,37,0.7,0.7,0.7,Clumped-Poisson,5,3,Randomly placed,1.014999999999982,0,9,5,0,0,true,0,0,45,0,0,0,0,0,0,0,0,0.375,0,0,0,0,0,NA,0,0,0,
1725,0.5,transect,0.1,50,4,8,38,0.7,0.7,0.7,Clumped-Poisson,5,3,Randomly placed,1.254999999999984,0,9,5,0,0,true,0,0,45,0,0,0,0,0,0,0,0,0.375,0,0,0,0,0,NA,0,0,0,
1713,0.5,transect,0.1,50,3,14,33,0.7,0.7,0.7,Clumped-Poisson,5,3,Randomly placed,1.0549999999999837,0,9,5,0,0,true,0,0,45,0,0,0,0,0,0,0,0,0.375,0,0,0,0,0,NA,0,0,0,
1729,0.5,transect,0.1,50,3,4,43,0.7,0.7,0.7,Clumped-Poisson,5,3,Randomly placed,1.1749999999999834,0,9,5,0,0,true,0,0,45,1,0,0,1,0,0,0,0,0.375,0,0,0,0,0,NA,0,0,0,
1727,0.5,transect,0.1,50,1,10,39,0.7,0.7,0.7,Clumped-Poisson,5,3,Randomly placed,1.0549999999999826,0,9,5,0,0,true,0,0,45,1,0,0,1,1,0,0,1,0.375,0,0,0,0,0.08888888888888889,6.708203932499369,0,0,0,
1730,0.5,transect,0.1,50,7,8,35,0.7,0.7,0.7,Clumped-Poisson,5,3,Randomly placed,1.0149999999999866,0,9,5,0,0,true,0,0,45,0,0,0,0,0,0,0,0,0.375,0,0,0,0,0,NA,0,0,0,
1731,0.5,transect,0.1,50,5,9,36,0.7,0.7,0.7,Clumped-Poisson,5,3,Randomly placed,0.9749999999999845,0,9,5,0,0,true,0,0,45,2,0,0,2,0,0,0,0,0.375,0,0,0,0,0,NA,0,0,0,
1732,0.5,transect,0.1,50,11,5,34,0.7,0.7,0.7,Clumped-Poisson,5,3,Randomly placed,1.0149999999999824,0,9,5,0,0,true,0,0,45,0,0,0,0,0,0,0,0,0.375,0,0,0,0,0,NA,0,0,0,
1719,0.5,transect,0.1,50,4,8,38,0.7,0.7,0.7,Clumped-Poisson,5,3,Randomly placed,1.0149999999999826,0,9,5,0,0,true,0,0,45,1,0,0,1,1,0,0,1,0.375,0,0,0,0,0.08888888888888889,6.708203932499369,0,0,0,
1733,0.5,transect,0.1,50,2,9,39,0.7,0.7,0.7,Clumped-Poisson,5,3,Randomly placed,1.0949999999999858,0,9,5,0,0,true,0,0,45,0,0,0,0,0,0,0,0,0.375,0,0,0,0,0,NA,0,0,0,
1737,0.5,transect,0.1,50,5,3,42,0.7,0.7,0.7,Clumped-Poisson,5,3,Randomly placed,1.1349999999999851,0,9,5,0,0,true,0,0,45,2,0,0,2,2,0,0,2,0.375,0,0,0,0,0.17777777777777778,4.689204235649838,0,0,0,
1736,0.5,transect,0.1,50,6,10,34,0.7,0.7,0.7,Clumped-Poisson,5,3,Randomly placed,1.254999999999984,0,9,5,0,0,true,0,0,45,1,0,0,1,1,0,0,1,0.375,0,0,0,0,0.08888888888888889,6.70820393249937,0,0,0,
1734,0.5,transect,0.1,50,4,6,40,0.7,0.7,0.7,Clumped-Poisson,5,3,Randomly placed,1.174999999999979,0,9,5,0,0,true,0,0,45,0,0,0,0,0,0,0,0,0.375,0,0,0,0,0,NA,0,0,0,
1739,0.5,transect,0.1,50,5,11,34,0.7,0.7,0.7,Clumped-Poisson,5,3,Randomly placed,1.0549999999999797,0,9,5,0,0,true,0,0,45,1,0,0,1,0,0,0,0,0.375,0,0,0,0,0,NA,0,0,0,
1738,0.5,transect,0.1,50,7,8,35,0.7,0.7,0.7,Clumped-Poisson,5,3,Randomly placed,1.3749999999999836,0,9,5,0,0,true,0,0,45,0,0,0,0,0,0,0,0,0.375,0,0,0,0,0,NA,0,0,0,
1740,0.5,transect,0.1,50,3,5,42,0.7,0.7,0.7,Clumped-Poisson,5,3,Randomly placed,1.2549999999999846,0,9,5,0,0,true,0,0,45,0,0,0,0,0,0,0,0,0.375,0,0,0,0,0,NA,0,0,0,
1735,0.5,transect,0.1,50,2,11,37,0.7,0.7,0.7,Clumped-Poisson,5,3,Randomly placed,1.0549999999999846,0,9,5,0,0,true,0,0,45,0,0,0,0,0,0,0,0,0.375,0,0,0,0,0,NA,0,0,0,
1743,0.5,transect,0.1,50,7,4,39,0.7,0.7,0.7,Clumped-Poisson,5,3,Randomly placed,1.0149999999999813,0,9,5,0,0,true,0,0,45,0,0,0,0,0,0,0,0,0.375,0,0,0,0,0,NA,0,0,0,
1742,0.5,transect,0.1,50,10,12,28,0.7,0.7,0.7,Clumped-Poisson,5,3,Randomly placed,1.214999999999981,0,9,5,0,0,true,0,0,45,1,0,0,1,0,0,0,0,0.375,0,0,0,0,0,NA,0,0,0,
1741,0.5,transect,0.1,50,5,10,35,0.7,0.7,0.7,Clumped-Poisson,5,3,Randomly placed,1.0549999999999817,0,9,5,0,0,true,0,0,45,0,0,0,0,0,0,0,0,0.375,0,0,0,0,0,NA,0,0,0,
1745,0.5,transect,0.1,50,3,10,37,0.7,0.7,0.7,Clumped-Poisson,5,3,Randomly placed,1.0949999999999827,0,9,5,0,0,true,0,0,45,2,0,2,0,1,0,1,0,0.375,0,0,0,0,0.08888888888888889,6.70820393249937,0,0,0,
1748,0.5,transect,0.1,50,8,5,37,0.7,0.7,0.7,Clumped-Poisson,5,3,Randomly placed,0.9749999999999827,0,9,5,0,0,true,0,0,45,1,0,0,1,0,0,0,0,0.375,0,0,0,0,0,NA,0,0,0,
1746,0.5,transect,0.1,50,1,5,44,0.7,0.7,0.7,Clumped-Poisson,5,3,Randomly placed,1.0949999999999813,0,9,5,0,0,true,0,0,45,4,0,0,4,3,0,0,3,0.375,0,0,0,0,0.26666666666666666,3.783937343321346,0,0,0,
1744,0.5,transect,0.1,50,5,4,41,0.7,0.7,0.7,Clumped-Poisson,5,3,Randomly placed,1.0549999999999808,0,9,5,0,0,true,0,0,45,3,0,0,3,3,0,0,3,0.375,0,0,0,0,0.26666666666666666,4.954336943068618,0,0,0,
1750,0.5,transect,0.1,50,4,10,36,0.7,0.7,0.7,Clumped-Poisson,5,3,Randomly placed,0.9749999999999837,0,9,5,0,0,true,0,0,45,0,0,0,0,0,0,0,0,0.375,0,0,0,0,0,NA,0,0,0,
1747,0.5,transect,0.1,50,6,7,37,0.7,0.7,0.7,Clumped-Poisson,5,3,Randomly placed,1.134999999999982,0,9,5,0,0,true,0,0,45,2,0,0,2,2,0,0,2,0.375,0,0,0,0,0.17777777777777778,4.689204235649838,0,0,0,
1751,0.5,transect,0.1,50,5,8,37,0.7,0.7,0.7,Clumped-Poisson,5,3,Randomly placed,1.054999999999981,0,9,5,0,0,true,0,0,45,0,0,0,0,0,0,0,0,0.375,0,0,0,0,0,NA,0,0,0,
1753,0.5,transect,0.1,50,9,8,33,0.7,0.7,0.7,Clumped-Poisson,5,3,Randomly placed,0.9749999999999838,0,9,5,0,0,true,0,0,45,1,1,0,0,1,1,0,0,0.375,0,0,0,0,0.08888888888888889,6.70820393249937,0,0,0,
1757,0.5,transect,0.1,50,2,9,39,0.7,0.7,0.7,Clumped-Poisson,5,3,Randomly placed,1.1749999999999863,0,9,5,0,0,true,0,0,45,0,0,0,0,0,0,0,0,0.375,0,0,0,0,0,NA,0,0,0,
1755,0.5,transect,0.1,50,5,6,39,0.7,0.7,0.7,Clumped-Poisson,5,3,Randomly placed,1.0549999999999808,0,9,5,0,0,true,0,0,45,1,1,0,0,1,1,0,0,0.375,0,0,0,0,0.08888888888888889,6.70820393249937,0,0,0,
1764,0.5,transect,0.1,50,5,5,40,0.7,0.7,0.7,Clumped-Poisson,5,3,Randomly placed,1.174999999999986,0,9,5,0,0,true,0,0,45,0,0,0,0,0,0,0,0,0.375,0,0,0,0,0,NA,0,0,0,
1759,0.5,transect,0.1,50,7,10,33,0.7,0.7,0.7,Clumped-Poisson,5,3,Randomly placed,1.25499999999998,0,9,5,0,0,true,0,0,45,1,0,0,1,1,0,0,1,0.375,0,0,0,0,0.08888888888888889,6.708203932499369,0,0,0,
1761,0.5,transect,0.1,50,3,9,38,0.7,0.7,0.7,Clumped-Poisson,5,3,Randomly placed,1.134999999999985,0,9,5,0,0,true,0,0,45,3,0,0,3,1,0,0,1,0.375,0,0,0,0,0.08888888888888889,6.70820393249937,0,0,0,
1752,0.5,transect,0.1,50,7,7,36,0.7,0.7,0.7,Clumped-Poisson,5,3,Randomly placed,1.1349999999999822,0,9,5,0,0,true,0,0,45,0,0,0,0,0,0,0,0,0.375,0,0,0,0,0,NA,0,0,0,
1754,0.5,transect,0.1,50,7,5,38,0.7,0.7,0.7,Clumped-Poisson,5,3,Randomly placed,1.0149999999999844,0,9,5,0,0,true,0,0,45,0,0,0,0,0,0,0,0,0.375,0,0,0,0,0,NA,0,0,0,
1756,0.5,transect,0.1,50,6,12,32,0.7,0.7,0.7,Clumped-Poisson,5,3,Randomly placed,1.1749999999999818,0,9,5,0,0,true,0,0,45,0,0,0,0,0,0,0,0,0.375,0,0,0,0,0,NA,0,0,0,
1758,0.5,transect,0.1,50,3,7,40,0.7,0.7,0.7,Clumped-Poisson,5,3,Randomly placed,1.294999999999985,0,9,5,0,0,true,0,0,45,1,0,0,1,0,0,0,0,0.375,0,0,0,0,0,NA,0,0,0,
1762,0.5,transect,0.1,50,3,9,38,0.7,0.7,0.7,Clumped-Poisson,5,3,Randomly placed,1.2949999999999802,0,9,5,0,0,true,0,0,45,1,0,0,1,1,0,0,1,0.375,0,0,0,0,0.08888888888888889,6.708203932499369,0,0,0,
1763,0.5,transect,0.1,50,3,4,43,0.7,0.7,0.7,Clumped-Poisson,5,3,Randomly placed,1.0549999999999846,0,9,5,0,0,true,0,0,45,1,0,0,1,1,0,0,1,0.375,0,0,0,0,0.08888888888888889,6.70820393249937,0,0,0,
1767,0.5,transect,0.1,50,8,4,38,0.7,0.7,0.7,Clumped-Poisson,5,3,Randomly placed,1.17499999999998,0,9,5,0,0,true,0,0,45,1,1,0,0,1,1,0,0,0.375,0,0,0,0,0.08888888888888889,6.708203932499369,0,0,0,
1749,0.5,transect,0.1,50,3,7,40,0.7,0.7,0.7,Clumped-Poisson,5,3,Randomly placed,1.0949999999999838,0,9,5,0,0,true,0,0,45,0,0,0,0,0,0,0,0,0.375,0,0,0,0,0,NA,0,0,0,
1760,0.5,transect,0.1,50,7,10,33,0.7,0.7,0.7,Clumped-Poisson,5,3,Randomly placed,1.0549999999999826,0,9,5,0,0,true,0,0,45,0,0,0,0,0,0,0,0,0.375,0,0,0,0,0,NA,0,0,0,
1768,0.5,transect,0.1,50,2,6,42,0.7,0.7,0.7,Clumped-Poisson,5,3,Randomly placed,1.1749999999999796,0,9,5,0,0,true,0,0,45,0,0,0,0,0,0,0,0,0.375,0,0,0,0,0,NA,0,0,0,
1765,0.5,transect,0.1,50,7,9,34,0.7,0.7,0.7,Clumped-Poisson,5,3,Randomly placed,1.1349999999999831,0,9,5,0,0,true,0,0,45,1,0,0,1,0,0,0,0,0.375,0,0,0,0,0,NA,0,0,0,
1770,0.5,transect,0.1,50,3,6,41,0.7,0.7,0.7,Clumped-Poisson,5,3,Randomly placed,1.0549999999999857,0,9,5,0,0,true,0,0,45,2,0,0,2,2,0,0,2,0.375,0,0,0,0,0.17777777777777778,4.689204235649835,0,0,0,
1769,0.5,transect,0.1,50,5,11,34,0.7,0.7,0.7,Clumped-Poisson,5,3,Randomly placed,1.174999999999981,0,9,5,0,0,true,0,0,45,0,0,0,0,0,0,0,0,0.375,0,0,0,0,0,NA,0,0,0,
1766,0.5,transect,0.1,50,9,6,35,0.7,0.7,0.7,Clumped-Poisson,5,3,Randomly placed,1.1749999999999827,0,9,5,0,0,true,0,0,45,0,0,0,0,0,0,0,0,0.375,0,0,0,0,0,NA,0,0,0,
1776,0.5,transect,0.1,50,3,7,40,0.7,0.7,0.7,Clumped-Poisson,5,3,Randomly placed,0.9749999999999827,0,9,5,0,0,true,0,0,45,1,0,0,1,0,0,0,0,0.375,0,0,0,0,0,NA,0,0,0,
1772,0.5,transect,0.1,50,6,4,40,0.7,0.7,0.7,Clumped-Poisson,5,3,Randomly placed,1.0949999999999815,0,9,5,0,0,true,0,0,45,1,0,1,0,0,0,0,0,0.375,0,0,0,0,0,NA,0,0,0,
1771,0.5,transect,0.1,50,5,7,38,0.7,0.7,0.7,Clumped-Poisson,5,3,Randomly placed,1.0949999999999853,0,9,5,0,0,true,0,0,45,0,0,0,0,0,0,0,0,0.375,0,0,0,0,0,NA,0,0,0,
1774,0.5,transect,0.1,50,3,9,38,0.7,0.7,0.7,Clumped-Poisson,5,3,Randomly placed,1.1349999999999805,0,9,5,0,0,true,0,0,45,0,0,0,0,0,0,0,0,0.375,0,0,0,0,0,NA,0,0,0,
1779,0.5,transect,0.1,50,5,10,35,0.7,0.7,0.7,Clumped-Poisson,5,3,Randomly placed,1.014999999999983,0,9,5,0,0,true,0,0,45,0,0,0,0,0,0,0,0,0.375,0,0,0,0,0,NA,0,0,0,
1773,0.5,transect,0.1,50,7,9,34,0.7,0.7,0.7,Clumped-Poisson,5,3,Randomly placed,1.0549999999999855,0,9,5,0,0,true,0,0,45,1,0,0,1,1,0,0,1,0.375,0,0,0,0,0.08888888888888889,6.70820393249937,0,0,0,
1775,0.5,transect,0.1,50,4,10,36,0.7,0.7,0.7,Clumped-Poisson,5,3,Randomly placed,1.0949999999999815,0,9,5,0,0,true,0,0,45,0,0,0,0,0,0,0,0,0.375,0,0,0,0,0,NA,0,0,0,
1778,0.5,transect,0.1,50,6,7,37,0.7,0.7,0.7,Clumped-Poisson,5,3,Randomly placed,1.014999999999983,0,9,5,0,0,true,0,0,45,1,0,0,1,1,0,0,1,0.375,0,0,0,0,0.08888888888888889,6.70820393249937,0,0,0,
1777,0.5,transect,0.1,50,5,12,33,0.7,0.7,0.7,Clumped-Poisson,5,3,Randomly placed,1.0949999999999838,0,9,5,0,0,true,0,0,45,1,0,0,1,1,0,0,1,0.375,0,0,0,0,0.08888888888888889,6.708203932499369,0,0,0,
1780,0.5,transect,0.1,50,6,3,41,0.7,0.7,0.7,Clumped-Poisson,5,3,Randomly placed,1.174999999999985,0,9,5,0,0,true,0,0,45,2,0,0,2,2,0,0,2,0.375,0,0,0,0,0.17777777777777778,6.708203932499369,0,0,0,
1785,0.5,transect,0.1,50,4,15,31,0.7,0.7,0.7,Clumped-Poisson,5,3,Randomly placed,1.414999999999982,0,9,5,0,0,true,0,0,45,0,0,0,0,0,0,0,0,0.375,0,0,0,0,0,NA,0,0,0,
1787,0.5,transect,0.1,50,8,8,34,0.7,0.7,0.7,Clumped-Poisson,5,3,Randomly placed,1.0549999999999797,0,9,5,0,0,true,0,0,45,2,0,0,2,2,0,0,2,0.375,0,0,0,0,0.17777777777777778,4.689204235649837,0,0,0,
1789,0.5,transect,0.1,50,9,2,39,0.7,0.7,0.7,Clumped-Poisson,5,3,Randomly placed,1.0549999999999844,0,9,5,0,0,true,0,0,45,1,0,0,1,1,0,0,1,0.375,0,0,0,0,0.08888888888888889,6.708203932499369,0,0,0,
1781,0.5,transect,0.1,50,9,6,35,0.7,0.7,0.7,Clumped-Poisson,5,3,Randomly placed,1.0149999999999824,0,9,5,0,0,true,0,0,45,5,3,0,2,1,1,0,0,0.375,0,0,0,0,0.08888888888888889,6.70820393249937,0,0,0,
1783,0.5,transect,0.1,50,4,8,38,0.7,0.7,0.7,Clumped-Poisson,5,3,Randomly placed,1.0949999999999822,0,9,5,0,0,true,0,0,45,1,0,1,0,1,0,1,0,0.375,0,0,0,0,0.08888888888888889,6.708203932499369,0,0,0,
1784,0.5,transect,0.1,50,4,6,40,0.7,0.7,0.7,Clumped-Poisson,5,3,Randomly placed,1.0149999999999848,0,9,5,0,0,true,0,0,45,2,0,0,2,2,0,0,2,0.375,0,0,0,0,0.17777777777777778,4.689204235649839,0,0,0,
1790,0.5,transect,0.1,50,2,7,41,0.7,0.7,0.7,Clumped-Poisson,5,3,Randomly placed,1.0549999999999822,0,9,5,0,0,true,0,0,45,1,0,0,1,1,0,0,1,0.375,0,0,0,0,0.08888888888888889,6.70820393249937,0,0,0,
1786,0.5,transect,0.1,50,10,6,34,0.7,0.7,0.7,Clumped-Poisson,5,3,Randomly placed,1.0949999999999804,0,9,5,0,0,true,0,0,45,1,0,0,1,1,0,0,1,0.375,0,0,0,0,0.08888888888888889,6.70820393249937,0,0,0,
1791,0.5,transect,0.1,50,7,6,37,0.7,0.7,0.7,Clumped-Poisson,5,3,Randomly placed,1.0549999999999875,0,9,5,0,0,true,0,0,45,1,0,0,1,0,0,0,0,0.375,0,0,0,0,0,NA,0,0,0,
1793,0.5,transect,0.1,50,5,6,39,0.7,0.7,0.7,Clumped-Poisson,5,3,Randomly placed,1.1349999999999811,0,9,5,0,0,true,0,0,45,1,0,0,1,1,0,0,1,0.375,0,0,0,0,0.08888888888888889,6.708203932499369,0,0,0,
1794,0.5,transect,0.1,50,5,13,32,0.7,0.7,0.7,Clumped-Poisson,5,3,Randomly placed,1.0149999999999855,0,9,5,0,0,true,0,0,45,1,0,1,0,1,0,1,0,0.375,0,0,0,0,0.08888888888888889,6.70820393249937,0,0,0,
1795,0.5,transect,0.1,50,3,9,38,0.7,0.7,0.7,Clumped-Poisson,5,3,Randomly placed,1.0549999999999804,0,9,5,0,0,true,0,0,45,1,0,1,0,1,0,1,0,0.375,0,0,0,0,0.08888888888888889,6.708203932499369,0,0,0,
1788,0.5,transect,0.1,50,7,9,34,0.7,0.7,0.7,Clumped-Poisson,5,3,Randomly placed,1.0949999999999827,0,9,5,0,0,true,0,0,45,2,0,0,2,1,0,0,1,0.375,0,0,0,0,0.08888888888888889,6.708203932499371,0,0,0,
1797,0.5,transect,0.1,50,6,9,35,0.7,0.7,0.7,Clumped-Poisson,5,3,Randomly placed,1.2149999999999805,0,9,5,0,0,true,0,0,45,0,0,0,0,0,0,0,0,0.375,0,0,0,0,0,NA,0,0,0,
1782,0.5,transect,0.1,50,3,12,35,0.7,0.7,0.7,Clumped-Poisson,5,3,Randomly placed,1.05499999999998,0,9,5,0,0,true,0,0,45,1,0,1,0,1,0,1,0,0.375,0,0,0,0,0.08888888888888889,6.708203932499369,0,0,0,
1799,0.5,transect,0.1,50,2,5,43,0.7,0.7,0.7,Clumped-Poisson,5,3,Randomly placed,1.1749999999999847,0,9,5,0,0,true,0,0,45,1,0,1,0,1,0,1,0,0.375,0,0,0,0,0.08888888888888889,6.70820393249937,0,0,0,
1792,0.5,transect,0.1,50,6,9,35,0.7,0.7,0.7,Clumped-Poisson,5,3,Randomly placed,1.0949999999999815,0,9,5,0,0,true,0,0,45,0,0,0,0,0,0,0,0,0.375,0,0,0,0,0,NA,0,0,0,
1796,0.5,transect,0.1,50,4,6,40,0.7,0.7,0.7,Clumped-Poisson,5,3,Randomly placed,1.094999999999981,0,9,5,0,0,true,0,0,45,0,0,0,0,0,0,0,0,0.375,0,0,0,0,0,NA,0,0,0,
1800,0.5,transect,0.1,50,6,11,33,0.7,0.7,0.7,Clumped-Poisson,5,3,Randomly placed,1.094999999999983,0,9,5,0,0,true,0,0,45,3,0,0,3,1,0,0,1,0.375,0,0,0,0,0.08888888888888889,6.70820393249937,0,0,0,
1798,0.5,transect,0.1,50,6,7,37,0.7,0.7,0.7,Clumped-Poisson,5,3,Randomly placed,1.1749999999999792,0,9,5,0,0,true,0,0,45,1,0,0,1,1,0,0,1,0.375,0,0,0,0,0.08888888888888889,6.708203932499371,0,0,0,
1806,0.5,transect,1,500,56,76,368,0.7,0.7,0.7,Clumped-Poisson,5,3,Randomly placed,5.606,0,9,5,0,0,true,0,0,45,15,3,1,11,13,2,1,10,0.375,0,0,0,0,1.1555555555555554,3.0088626485550685,0,0,0,
1801,0.5,transect,1,500,48,84,368,0.7,0.7,0.7,Clumped-Poisson,5,3,Randomly placed,2.142,0,9,5,0,0,true,0,0,45,10,2,0,8,5,1,0,4,0.375,0,0,0,0,0.4444444444444444,5.502065727772365,0,0,0,
1807,0.5,transect,1,500,46,64,390,0.7,0.7,0.7,Clumped-Poisson,5,3,Randomly placed,1.97,0,9,5,0,0,true,0,0,45,9,0,0,9,7,0,0,7,0.375,0,0,0,0,0.6222222222222222,2.725880906448595,0,0,0,
1803,0.5,transect,1,500,51,60,389,0.7,0.7,0.7,Clumped-Poisson,5,3,Randomly placed,1.986,0,9,5,0,0,true,0,0,45,14,1,2,11,9,0,1,8,0.375,0,0,0,0,0.8,2.5226248955475636,0,0,0,
1809,0.5,transect,1,500,50,73,377,0.7,0.7,0.7,Clumped-Poisson,5,3,Randomly placed,2.122,0,9,5,0,0,true,0,0,45,6,0,0,6,4,0,0,4,0.375,0,0,0,0,0.35555555555555557,4.689204235649837,0,0,0,
1802,0.5,transect,1,500,47,81,372,0.7,0.7,0.7,Clumped-Poisson,5,3,Randomly placed,2.19,0,9,5,0,0,true,0,0,45,12,2,0,10,8,2,0,6,0.375,0,0,0,0,0.7111111111111111,2.483611053211908,0,0,0,
1810,0.5,transect,1,500,51,70,379,0.7,0.7,0.7,Clumped-Poisson,5,3,Randomly placed,2.198,0,9,5,0,0,true,0,0,45,17,4,3,10,12,4,2,6,0.375,0,0,0,0,1.0666666666666667,3.137475099502783,0,0,0,
1805,0.5,transect,1,500,58,90,352,0.7,0.7,0.7,Clumped-Poisson,5,3,Randomly placed,2.322,0,9,5,0,0,true,0,0,45,3,0,1,2,2,0,1,1,0.375,0,0,0,0,0.17777777777777778,4.689204235649839,0,0,0,
1813,0.5,transect,1,500,48,81,371,0.7,0.7,0.7,Clumped-Poisson,5,3,Randomly placed,1.802,0,9,5,0,0,true,0,0,45,11,0,3,8,8,0,2,6,0.375,0,0,0,0,0.7111111111111111,3.846762954390708,0,0,0,
1811,0.5,transect,1,500,41,80,379,0.7,0.7,0.7,Clumped-Poisson,5,3,Randomly placed,2.202,0,9,5,0,0,true,0,0,45,8,2,1,5,6,2,1,3,0.375,0,0,0,0,0.5333333333333333,3.429484456352534,0,0,0,
1812,0.5,transect,1,500,44,61,395,0.7,0.7,0.7,Clumped-Poisson,5,3,Randomly placed,2.042,0,9,5,0,0,true,0,0,45,11,2,3,6,6,1,1,4,0.375,0,0,0,0,0.5333333333333333,3.4294844563525326,0,0,0,
1818,0.5,transect,1,500,54,82,364,0.7,0.7,0.7,Clumped-Poisson,5,3,Randomly placed,1.766,0,9,5,0,0,true,0,0,45,14,2,5,7,11,2,5,4,0.375,0,0,0,0,0.9777777777777777,3.0408562794213374,0,0,0,
1816,0.5,transect,1,500,48,76,376,0.7,0.7,0.7,Clumped-Poisson,5,3,Randomly placed,2.498,0,9,5,0,0,true,0,0,45,14,2,1,11,9,2,0,7,0.375,0,0,0,0,0.8,3.3028912953790788,0,0,0,
1817,0.5,transect,1,500,53,67,380,0.7,0.7,0.7,Clumped-Poisson,5,3,Randomly placed,2.114,0,9,5,0,0,true,0,0,45,9,1,0,8,8,1,0,7,0.375,0,0,0,0,0.7111111111111111,2.483611053211907,0,0,0,
1819,0.5,transect,1,500,45,77,378,0.7,0.7,0.7,Clumped-Poisson,5,3,Randomly placed,2.022,0,9,5,0,0,true,0,0,45,8,1,0,7,4,0,0,4,0.375,0,0,0,0,0.35555555555555557,3.237739110159207,0,0,0,
1814,0.5,transect,1,500,50,70,380,0.7,0.7,0.7,Clumped-Poisson,5,3,Randomly placed,2.03,0,9,5,0,0,true,0,0,45,6,0,0,6,4,0,0,4,0.375,0,0,0,0,0.35555555555555557,4.0293666319342885,0,0,0,
1815,0.5,transect,1,500,48,76,376,0.7,0.7,0.7,Clumped-Poisson,5,3,Randomly placed,1.914,0,9,5,0,0,true,0,0,45,10,1,1,8,7,1,1,5,0.375,0,0,0,0,0.6222222222222222,3.614673250616141,0,0,0,
1804,0.5,transect,1,500,51,75,374,0.7,0.7,0.7,Clumped-Poisson,5,3,Randomly placed,2.058,0,9,5,0,0,true,0,0,45,4,1,1,2,3,0,1,2,0.375,0,0,0,0,0.26666666666666666,3.783937343321344,0,0,0,
1823,0.5,transect,1,500,57,68,375,0.7,0.7,0.7,Clumped-Poisson,5,3,Randomly placed,1.738,0,9,5,0,0,true,0,0,45,8,0,2,6,5,0,1,4,0.375,0,0,0,0,0.4444444444444444,3.4443629837222973,0,0,0,
1821,0.5,transect,1,500,46,72,382,0.7,0.7,0.7,Clumped-Poisson,5,3,Randomly placed,2.194,0,9,5,0,0,true,0,0,45,5,0,2,3,3,0,2,1,0.375,0,0,0,0,0.26666666666666666,4.954336943068623,0,0,0,
1824,0.5,transect,1,500,57,73,370,0.7,0.7,0.7,Clumped-Poisson,5,3,Randomly placed,3.102,0,9,5,0,0,true,0,0,45,14,2,4,8,11,2,3,6,0.375,0,0,0,0,0.9777777777777777,3.0408562794213365,0,0,0,
1822,0.5,transect,1,500,50,66,384,0.7,0.7,0.7,Clumped-Poisson,5,3,Randomly placed,2.15,0,9,5,0,0,true,0,0,45,10,2,1,7,6,0,1,5,0.375,0,0,0,0,0.5333333333333333,2.5783186910712326,0,0,0,
1825,0.5,transect,1,500,44,74,382,0.7,0.7,0.7,Clumped-Poisson,5,3,Randomly placed,1.97,0,9,5,0,0,true,0,0,45,16,3,2,11,10,2,2,6,0.375,0,0,0,0,0.8888888888888888,2.694691751641297,0,0,0,
1820,0.5,transect,1,500,49,82,369,0.7,0.7,0.7,Clumped-Poisson,5,3,Randomly placed,2.198,0,9,5,0,0,true,0,0,45,11,1,2,8,8,1,0,7,0.375,0,0,0,0,0.7111111111111111,2.757994577751937,0,0,0,
1834,0.5,transect,1,500,50,81,369,0.7,0.7,0.7,Clumped-Poisson,5,3,Randomly placed,1.954,0,9,5,0,0,true,0,0,45,10,1,2,7,8,1,1,6,0.375,0,0,0,0,0.7111111111111111,2.483611053211908,0,0,0,
1831,0.5,transect,1,500,48,73,379,0.7,0.7,0.7,Clumped-Poisson,5,3,Randomly placed,1.93,0,9,5,0,0,true,0,0,45,9,2,1,6,4,0,0,4,0.375,0,0,0,0,0.35555555555555557,4.029366631934288,0,0,0,
1830,0.5,transect,1,500,54,81,365,0.7,0.7,0.7,Clumped-Poisson,5,3,Randomly placed,3.214,0,9,5,0,0,true,0,0,45,5,1,0,4,3,1,0,2,0.375,0,0,0,0,0.26666666666666666,3.783937343321348,0,0,0,
1827,0.5,transect,1,500,42,87,371,0.7,0.7,0.7,Clumped-Poisson,5,3,Randomly placed,2.25,0,9,5,0,0,true,0,0,45,17,1,3,13,15,0,3,12,0.375,0,0,0,0,1.3333333333333333,2.1213203435596424,0,0,0,
1828,0.5,transect,1,500,50,72,378,0.7,0.7,0.7,Clumped-Poisson,5,3,Randomly placed,2.198,0,9,5,0,0,true,0,0,45,19,3,1,15,11,2,0,9,0.375,0,0,0,0,0.9777777777777777,2.6390695717160675,0,0,0,
1833,0.5,transect,1,500,54,77,369,0.7,0.7,0.7,Clumped-Poisson,5,3,Randomly placed,2.506,0,9,5,0,0,true,0,0,45,12,2,3,7,7,2,2,3,0.375,0,0,0,0,0.6222222222222222,3.6146732506161414,0,0,0,
1829,0.5,transect,1,500,55,65,380,0.7,0.7,0.7,Clumped-Poisson,5,3,Randomly placed,2.986,0,9,5,0,0,true,0,0,45,11,0,1,10,10,0,1,9,0.375,0,0,0,0,0.8888888888888888,2.8603877677367775,0,0,0,
1836,0.5,transect,1,500,46,82,372,0.7,0.7,0.7,Clumped-Poisson,5,3,Randomly placed,2.09,0,9,5,0,0,true,0,0,45,10,1,3,6,8,0,2,6,0.375,0,0,0,0,0.7111111111111111,3.237739110159207,0,0,0,
1826,0.5,transect,1,500,54,91,355,0.7,0.7,0.7,Clumped-Poisson,5,3,Randomly placed,2.842,0,9,5,0,0,true,0,0,45,17,1,2,14,9,0,1,8,0.375,0,0,0,0,0.8,2.9387690682262906,0,0,0,
1808,0.5,transect,1,500,54,84,362,0.7,0.7,0.7,Clumped-Poisson,5,3,Randomly placed,2.086,0,9,5,0,0,true,0,0,45,10,1,3,6,7,1,3,3,0.375,0,0,0,0,0.6222222222222222,3.6146732506161414,0,0,0,
1842,0.5,transect,1,500,50,77,373,0.7,0.7,0.7,Clumped-Poisson,5,3,Randomly placed,1.906,0,9,5,0,0,true,0,0,45,12,1,3,8,10,1,3,6,0.375,0,0,0,0,0.8888888888888888,3.3080480374658747,0,0,0,
1838,0.5,transect,1,500,55,91,354,0.7,0.7,0.7,Clumped-Poisson,5,3,Randomly placed,2.318,0,9,5,0,0,true,0,0,45,13,0,0,13,11,0,0,11,0.375,0,0,0,0,0.9777777777777777,4.460571063762582,0,0,0,
1841,0.5,transect,1,500,57,81,362,0.7,0.7,0.7,Clumped-Poisson,5,3,Randomly placed,1.778,0,9,5,0,0,true,0,0,45,10,2,1,7,6,1,1,4,0.375,0,0,0,0,0.5333333333333333,3.03389938108459,0,0,0,
1839,0.5,transect,1,500,58,76,366,0.7,0.7,0.7,Clumped-Poisson,5,3,Randomly placed,2.118,0,9,5,0,0,true,0,0,45,13,1,1,11,9,1,1,7,0.375,0,0,0,0,0.8,2.2863229709016895,0,0,0,
1835,0.5,transect,1,500,44,83,373,0.7,0.7,0.7,Clumped-Poisson,5,3,Randomly placed,2.142,0,9,5,0,0,true,0,0,45,5,0,1,4,2,0,1,1,0.375,0,0,0,0,0.17777777777777778,4.689204235649835,0,0,0,
1840,0.5,transect,1,500,54,86,360,0.7,0.7,0.7,Clumped-Poisson,5,3,Randomly placed,2.066,0,9,5,0,0,true,0,0,45,20,3,5,12,11,3,3,5,0.375,0,0,0,0,0.9777777777777777,3.2814965159088416,0,0,0,
1832,0.5,transect,1,500,55,89,356,0.7,0.7,0.7,Clumped-Poisson,5,3,Randomly placed,1.894,0,9,5,0,0,true,0,0,45,13,2,0,11,9,0,0,9,0.375,0,0,0,0,0.8,2.7386127875258297,0,0,0,
1837,0.5,transect,1,500,39,80,381,0.7,0.7,0.7,Clumped-Poisson,5,3,Randomly placed,2.434,0,9,5,0,0,true,0,0,45,12,0,2,10,10,0,2,8,0.375,0,0,0,0,0.8888888888888888,3.165869118066518,0,0,0,
1843,0.5,transect,1,500,52,81,367,0.7,0.7,0.7,Clumped-Poisson,5,3,Randomly placed,2.202,0,9,5,0,0,true,0,0,45,7,0,2,5,4,0,2,2,0.375,0,0,0,0,0.35555555555555557,4.029366631934288,0,0,0,
1844,0.5,transect,1,500,57,78,365,0.7,0.7,0.7,Clumped-Poisson,5,3,Randomly placed,3.246,0,9,5,0,0,true,0,0,45,10,1,2,7,5,0,2,3,0.375,0,0,0,0,0.4444444444444444,3.942772444036626,0,0,0,
1845,0.5,transect,1,500,42,63,395,0.7,0.7,0.7,Clumped-Poisson,5,3,Randomly placed,2.294,0,9,5,0,0,true,0,0,45,13,1,1,11,7,0,0,7,0.375,0,0,0,0,0.6222222222222222,3.344754706182041,0,0,0,
1846,0.5,transect,1,500,59,88,353,0.7,0.7,0.7,Clumped-Poisson,5,3,Randomly placed,2.474,0,9,5,0,0,true,0,0,45,8,1,2,5,7,1,1,5,0.375,0,0,0,0,0.6222222222222222,2.7258809064485945,0,0,0,
1847,0.5,transect,1,500,52,65,383,0.7,0.7,0.7,Clumped-Poisson,5,3,Randomly placed,1.962,0,9,5,0,0,true,0,0,45,18,1,6,11,11,1,5,5,0.375,0,0,0,0,0.9777777777777777,2.9130912577849886,0,0,0,
1853,0.5,transect,1,500,46,79,375,0.7,0.7,0.7,Clumped-Poisson,5,3,Randomly placed,1.822,0,9,5,0,0,true,0,0,45,10,2,0,8,5,1,0,4,0.375,0,0,0,0,0.4444444444444444,2.860387767736777,0,0,0,
1848,0.5,transect,1,500,56,82,362,0.7,0.7,0.7,Clumped-Poisson,5,3,Randomly placed,1.914,0,9,5,0,0,true,0,0,45,9,2,2,5,7,0,2,5,0.375,0,0,0,0,0.6222222222222222,2.725880906448595,0,0,0,
1851,0.5,transect,1,500,37,75,388,0.7,0.7,0.7,Clumped-Poisson,5,3,Randomly placed,2.582,0,9,5,0,0,true,0,0,45,9,0,3,6,3,0,1,2,0.375,0,0,0,0,0.26666666666666666,3.783937343321348,0,0,0,
1854,0.5,transect,1,500,49,79,372,0.7,0.7,0.7,Clumped-Poisson,5,3,Randomly placed,2.066,0,9,5,0,0,true,0,0,45,10,1,3,6,6,0,2,4,0.375,0,0,0,0,0.5333333333333333,3.03389938108459,0,0,0,
1856,0.5,transect,1,500,46,74,380,0.7,0.7,0.7,Clumped-Poisson,5,3,Randomly placed,2.07,0,9,5,0,0,true,0,0,45,11,1,2,8,4,0,2,2,0.375,0,0,0,0,0.35555555555555557,3.2377391101592075,0,0,0,
1849,0.5,transect,1,500,47,75,378,0.7,0.7,0.7,Clumped-Poisson,5,3,Randomly placed,2.006,0,9,5,0,0,true,0,0,45,3,0,0,3,2,0,0,2,0.375,0,0,0,0,0.17777777777777778,4.689204235649838,0,0,0,
1855,0.5,transect,1,500,55,76,369,0.7,0.7,0.7,Clumped-Poisson,5,3,Randomly placed,2.246,0,9,5,0,0,true,0,0,45,12,2,2,8,7,1,2,4,0.375,0,0,0,0,0.6222222222222222,3.0510498816528653,0,0,0,
1850,0.5,transect,1,500,64,77,359,0.7,0.7,0.7,Clumped-Poisson,5,3,Randomly placed,1.982,0,9,5,0,0,true,0,0,45,9,0,0,9,8,0,0,8,0.375,0,0,0,0,0.7111111111111111,2.483611053211907,0,0,0,
1859,0.5,transect,1,500,55,85,360,0.7,0.7,0.7,Clumped-Poisson,5,3,Randomly placed,2.122,0,9,5,0,0,true,0,0,45,8,2,1,5,6,2,1,3,0.375,0,0,0,0,0.5333333333333333,3.0338993810845905,0,0,0,
1860,0.5,transect,1,500,48,85,367,0.7,0.7,0.7,Clumped-Poisson,5,3,Randomly placed,2.434,0,9,5,0,0,true,0,0,45,12,3,1,8,9,2,1,6,0.375,0,0,0,0,0.8,2.9387690682262932,0,0,0,
1857,0.5,transect,1,500,51,81,368,0.7,0.7,0.7,Clumped-Poisson,5,3,Randomly placed,2.45,0,9,5,0,0,true,0,0,45,8,1,1,6,4,1,1,2,0.375,0,0,0,0,0.35555555555555557,5.2670178728315795,0,0,0,
1852,0.5,transect,1,500,55,89,356,0.7,0.7,0.7,Clumped-Poisson,5,3,Randomly placed,1.714,0,9,5,0,0,true,0,0,45,4,0,1,3,3,0,1,2,0.375,0,0,0,0,0.26666666666666666,3.7839373433213477,0,0,0,
1861,0.5,transect,1,500,51,75,374,0.7,0.7,0.7,Clumped-Poisson,5,3,Randomly placed,2.082,0,9,5,0,0,true,0,0,45,9,0,0,9,7,0,0,7,0.375,0,0,0,0,0.6222222222222222,3.614673250616141,0,0,0,
1858,0.5,transect,1,500,42,82,376,0.7,0.7,0.7,Clumped-Poisson,5,3,Randomly placed,2.45,0,9,5,0,0,true,0,0,45,7,1,1,5,6,1,1,4,0.375,0,0,0,0,0.5333333333333333,3.429484456352531,0,0,0,
1862,0.5,transect,1,500,45,80,375,0.7,0.7,0.7,Clumped-Poisson,5,3,Randomly placed,1.838,0,9,5,0,0,true,0,0,45,13,1,1,11,8,1,0,7,0.375,0,0,0,0,0.7111111111111111,2.4836110532119084,0,0,0,
1863,0.5,transect,1,500,40,84,376,0.7,0.7,0.7,Clumped-Poisson,5,3,Randomly placed,2.65,0,9,5,0,0,true,0,0,45,11,0,2,9,5,0,1,4,0.375,0,0,0,0,0.4444444444444444,3.4443629837222978,0,0,0,
1864,0.5,transect,1,500,46,84,370,0.7,0.7,0.7,Clumped-Poisson,5,3,Randomly placed,2.238,0,9,5,0,0,true,0,0,45,8,1,0,7,4,0,0,4,0.375,0,0,0,0,0.35555555555555557,5.267017872831578,0,0,0,
1866,0.5,transect,1,500,54,70,376,0.7,0.7,0.7,Clumped-Poisson,5,3,Randomly placed,2.414,0,9,5,0,0,true,0,0,45,8,0,2,6,4,0,2,2,0.375,0,0,0,0,0.35555555555555557,4.029366631934288,0,0,0,
1872,0.5,transect,1,500,45,86,369,0.7,0.7,0.7,Clumped-Poisson,5,3,Randomly placed,1.982,0,9,5,0,0,true,0,0,45,9,2,2,5,9,2,2,5,0.375,0,0,0,0,0.8,2.938769068226291,0,0,0,
1868,0.5,transect,1,500,59,77,364,0.7,0.7,0.7,Clumped-Poisson,5,3,Randomly placed,3.166,0,9,5,0,0,true,0,0,45,5,1,0,4,3,1,0,2,0.375,0,0,0,0,0.26666666666666666,4.954336943068618,0,0,0,
1873,0.5,transect,1,500,53,73,374,0.7,0.7,0.7,Clumped-Poisson,5,3,Randomly placed,1.958,0,9,5,0,0,true,0,0,45,6,0,0,6,5,0,0,5,0.375,0,0,0,0,0.4444444444444444,3.4443629837222978,0,0,0,
1867,0.5,transect,1,500,56,70,374,0.7,0.7,0.7,Clumped-Poisson,5,3,Randomly placed,1.946,0,9,5,0,0,true,0,0,45,12,3,1,8,9,2,1,6,0.375,0,0,0,0,0.8,2.9387690682262915,0,0,0,
1869,0.5,transect,1,500,51,73,376,0.7,0.7,0.7,Clumped-Poisson,5,3,Randomly placed,2.034,0,9,5,0,0,true,0,0,45,8,1,0,7,4,0,0,4,0.375,0,0,0,0,0.35555555555555557,3.2377391101592075,0,0,0,
1865,0.5,transect,1,500,49,90,361,0.7,0.7,0.7,Clumped-Poisson,5,3,Randomly placed,2.478,0,9,5,0,0,true,0,0,45,12,0,3,9,9,0,2,7,0.375,0,0,0,0,0.8,2.5226248955475628,0,0,0,
1870,0.5,transect,1,500,55,70,375,0.7,0.7,0.7,Clumped-Poisson,5,3,Randomly placed,2.742,0,9,5,0,0,true,0,0,45,5,0,0,5,5,0,0,5,0.375,0,0,0,0,0.4444444444444444,2.860387767736778,0,0,0,
1871,0.5,transect,1,500,43,64,393,0.7,0.7,0.7,Clumped-Poisson,5,3,Randomly placed,3.262,0,9,5,0,0,true,0,0,45,12,2,1,9,8,2,1,5,0.375,0,0,0,0,0.7111111111111111,2.7579945777519366,0,0,0,
1876,0.5,transect,1,500,42,82,376,0.7,0.7,0.7,Clumped-Poisson,5,3,Randomly placed,3.014,0,9,5,0,0,true,0,0,45,6,0,0,6,4,0,0,4,0.375,0,0,0,0,0.35555555555555557,3.2377391101592057,0,0,0,
1878,0.5,transect,1,500,58,75,367,0.7,0.7,0.7,Clumped-Poisson,5,3,Randomly placed,2.294,0,9,5,0,0,true,0,0,45,10,2,3,5,8,1,3,4,0.375,0,0,0,0,0.7111111111111111,4.371752041126181,0,0,0,
1874,0.5,transect,1,500,67,75,358,0.7,0.7,0.7,Clumped-Poisson,5,3,Randomly placed,3.134,0,9,5,0,0,true,0,0,45,5,0,0,5,5,0,0,5,0.375,0,0,0,0,0.4444444444444444,3.4443629837222973,0,0,0,
1877,0.5,transect,1,500,44,81,375,0.7,0.7,0.7,Clumped-Poisson,5,3,Randomly placed,2.21,0,9,5,0,0,true,0,0,45,5,0,0,5,2,0,0,2,0.375,0,0,0,0,0.17777777777777778,4.689204235649836,0,0,0,
1880,0.5,transect,1,500,46,77,377,0.7,0.7,0.7,Clumped-Poisson,5,3,Randomly placed,2.046,0,9,5,0,0,true,0,0,45,6,1,1,4,5,1,1,3,0.375,0,0,0,0,0.4444444444444444,3.4443629837222978,0,0,0,
1883,0.5,transect,1,500,40,68,392,0.7,0.7,0.7,Clumped-Poisson,5,3,Randomly placed,2.238,0,9,5,0,0,true,0,0,45,17,1,3,13,11,1,2,8,0.375,0,0,0,0,0.9777777777777777,3.163465370129571,0,0,0,
1884,0.5,transect,1,500,45,88,367,0.7,0.7,0.7,Clumped-Poisson,5,3,Randomly placed,2.454,0,9,5,0,0,true,0,0,45,13,2,1,10,8,1,1,6,0.375,0,0,0,0,0.7111111111111111,2.757994577751937,0,0,0,
1881,0.5,transect,1,500,54,89,357,0.7,0.7,0.7,Clumped-Poisson,5,3,Randomly placed,2.614,0,9,5,0,0,true,0,0,45,10,3,2,5,7,3,1,3,0.375,0,0,0,0,0.6222222222222222,3.0510498816528657,0,0,0,
1882,0.5,transect,1,500,59,73,368,0.7,0.7,0.7,Clumped-Poisson,5,3,Randomly placed,2.082,0,9,5,0,0,true,0,0,45,18,1,4,13,17,1,4,12,0.375,0,0,0,0,1.511111111111111,2.664381819725435,0,0,0,
1875,0.5,transect,1,500,53,77,370,0.7,0.7,0.7,Clumped-Poisson,5,3,Randomly placed,2.386,0,9,5,0,0,true,0,0,45,9,1,0,8,7,1,0,6,0.375,0,0,0,0,0.6222222222222222,3.34475470618204,0,0,0,
1879,0.5,transect,1,500,53,69,378,0.7,0.7,0.7,Clumped-Poisson,5,3,Randomly placed,2.666,0,9,5,0,0,true,0,0,45,9,1,0,8,6,0,0,6,0.375,0,0,0,0,0.5333333333333333,3.0338993810845905,0,0,0,
1886,0.5,transect,1,500,52,77,371,0.7,0.7,0.7,Clumped-Poisson,5,3,Randomly placed,2.002,0,9,5,0,0,true,0,0,45,21,2,6,13,18,2,5,11,0.375,0,0,0,0,1.6,2.407375032157337,0,0,0,
1885,0.5,transect,1,500,40,81,379,0.7,0.7,0.7,Clumped-Poisson,5,3,Randomly placed,1.882,0,9,5,0,0,true,0,0,45,7,1,3,3,3,0,2,1,0.375,0,0,0,0,0.26666666666666666,3.7839373433213477,0,0,0,
1887,0.5,transect,1,500,70,71,359,0.7,0.7,0.7,Clumped-Poisson,5,3,Randomly placed,2.63,0,9,5,0,0,true,0,0,45,24,3,3,18,16,3,2,11,0.375,0,0,0,0,1.4222222222222223,2.4101392712493155,0,0,0,
1889,0.5,transect,1,500,47,71,382,0.7,0.7,0.7,Clumped-Poisson,5,3,Randomly placed,2.15,0,9,5,0,0,true,0,0,45,14,0,3,11,10,0,2,8,0.375,0,0,0,0,0.8888888888888888,2.1213203435596433,0,0,0,
1888,0.5,transect,1,500,47,73,380,0.7,0.7,0.7,Clumped-Poisson,5,3,Randomly placed,1.894,0,9,5,0,0,true,0,0,45,11,1,2,8,6,1,0,5,0.375,0,0,0,0,0.5333333333333333,4.689204235649834,0,0,0,
1894,0.5,transect,1,500,54,65,381,0.7,0.7,0.7,Clumped-Poisson,5,3,Randomly placed,2.214,0,9,5,0,0,true,0,0,45,17,2,3,12,11,1,1,9,0.375,0,0,0,0,0.9777777777777777,3.5056571218171872,0,0,0,
1890,0.5,transect,1,500,42,74,384,0.7,0.7,0.7,Clumped-Poisson,5,3,Randomly placed,1.93,0,9,5,0,0,true,0,0,45,9,2,2,5,7,1,2,4,0.375,0,0,0,0,0.6222222222222222,3.051049881652864,0,0,0,
1893,0.5,transect,1,500,56,73,371,0.7,0.7,0.7,Clumped-Poisson,5,3,Randomly placed,2.078,0,9,5,0,0,true,0,0,45,8,1,3,4,8,1,3,4,0.375,0,0,0,0,0.7111111111111111,3.2377391101592083,0,0,0,
1891,0.5,transect,1,500,47,49,404,0.7,0.7,0.7,Clumped-Poisson,5,3,Randomly placed,2.402,0,9,5,0,0,true,0,0,45,13,1,2,10,8,1,2,5,0.375,0,0,0,0,0.7111111111111111,3.655047879303363,0,0,0,
1892,0.5,transect,1,500,55,81,364,0.7,0.7,0.7,Clumped-Poisson,5,3,Randomly placed,1.69,0,9,5,0,0,true,0,0,45,13,2,3,8,9,1,1,7,0.375,0,0,0,0,0.8,3.4706562125129197,0,0,0,
1896,0.5,transect,1,500,59,81,360,0.7,0.7,0.7,Clumped-Poisson,5,3,Randomly placed,2.21,0,9,5,0,0,true,0,0,45,10,1,1,8,5,1,1,3,0.375,0,0,0,0,0.4444444444444444,4.384891415676409,0,0,0,
1899,0.5,transect,1,500,59,77,364,0.7,0.7,0.7,Clumped-Poisson,5,3,Randomly placed,2.03,0,9,5,0,0,true,0,0,45,6,2,0,4,2,0,0,2,0.375,0,0,0,0,0.17777777777777778,4.689204235649834,0,0,0,
1897,0.5,transect,1,500,39,94,367,0.7,0.7,0.7,Clumped-Poisson,5,3,Randomly placed,1.83,0,9,5,0,0,true,0,0,45,12,0,0,12,7,0,0,7,0.375,0,0,0,0,0.6222222222222222,3.6146732506161414,0,0,0,
1898,0.5,transect,1,500,45,71,384,0.7,0.7,0.7,Clumped-Poisson,5,3,Randomly placed,2.246,0,9,5,0,0,true,0,0,45,5,0,0,5,4,0,0,4,0.375,0,0,0,0,0.35555555555555557,4.029366631934288,0,0,0,
1900,0.5,transect,1,500,43,80,377,0.7,0.7,0.7,Clumped-Poisson,5,3,Randomly placed,2.05,0,9,5,0,0,true,0,0,45,6,0,2,4,6,0,2,4,0.375,0,0,0,0,0.5333333333333333,3.7839373433213432,0,0,0,
1901,0.5,transect,7,3500,359,547,2594,0.7,0.7,0.7,Clumped-Poisson,5,3,Randomly placed,7.345428571428571,0,9,5,0,0,true,0,0,45,91,11,7,73,56,6,4,46,0.375,0,0,0,0,4.977777777777778,1.7484546251094966,0,0,0,
1904,0.5,transect,7,3500,344,530,2626,0.7,0.7,0.7,Clumped-Poisson,5,3,Randomly placed,11.512857142857143,0,9,5,0,0,true,0,0,45,37,0,5,32,26,0,2,24,0.375,0,0,0,0,2.311111111111111,2.4052792930710085,0,0,0,
1910,0.5,transect,7,3500,328,524,2648,0.7,0.7,0.7,Clumped-Poisson,5,3,Randomly placed,13.800857142857142,0,9,5,0,0,true,0,0,45,68,6,10,52,46,4,4,38,0.375,0,0,0,0,4.088888888888889,2.241369424341723,0,0,0,
1907,0.5,transect,7,3500,371,516,2613,0.7,0.7,0.7,Clumped-Poisson,5,3,Randomly placed,8.010571428571428,0,9,5,0,0,true,0,0,45,95,8,9,78,62,7,3,52,0.375,0,0,0,0,5.511111111111111,2.358433864306808,0,0,0,
1906,0.5,transect,7,3500,337,506,2657,0.7,0.7,0.7,Clumped-Poisson,5,3,Randomly placed,10.856857142857143,0,9,5,0,0,true,0,0,45,71,8,6,57,51,6,3,42,0.375,0,0,0,0,4.533333333333333,2.6973826046764895,0,0,0,
1908,0.5,transect,7,3500,292,529,2679,0.7,0.7,0.7,Clumped-Poisson,5,3,Randomly placed,6.358,0,9,5,0,0,true,0,0,45,62,4,12,46,47,2,10,35,0.375,0,0,0,0,4.177777777777778,1.9252620647228311,0,0,0,
1903,0.5,transect,7,3500,328,520,2652,0.7,0.7,0.7,Clumped-Poisson,5,3,Randomly placed,10.140285714285714,0,9,5,0,0,true,0,0,45,67,4,12,51,44,3,8,33,0.375,0,0,0,0,3.911111111111111,2.8470594581474584,0,0,0,
1905,0.5,transect,7,3500,358,514,2628,0.7,0.7,0.7,Clumped-Poisson,5,3,Randomly placed,12.231714285714286,0,9,5,0,0,true,0,0,45,56,11,10,35,42,10,7,25,0.375,0,0,0,0,3.7333333333333334,3.679059985209278,0,0,0,
1915,0.5,transect,7,3500,340,546,2614,0.7,0.7,0.7,Clumped-Poisson,5,3,Randomly placed,12.406571428571429,0,9,5,0,0,true,0,0,45,64,9,10,45,41,6,8,27,0.375,0,0,0,0,3.6444444444444444,3.3895579072750603,0,0,0,
1912,0.5,transect,7,3500,360,501,2639,0.7,0.7,0.7,Clumped-Poisson,5,3,Randomly placed,7.124857142857143,0,9,5,0,0,true,0,0,45,97,7,8,82,65,7,7,51,0.375,0,0,0,0,5.777777777777778,2.0693334521016884,0,0,0,
1914,0.5,transect,7,3500,360,489,2651,0.7,0.7,0.7,Clumped-Poisson,5,3,Randomly placed,11.381428571428572,0,9,5,0,0,true,0,0,45,55,5,8,42,39,3,7,29,0.375,0,0,0,0,3.466666666666667,2.0375047233268795,0,0,0,
1895,0.5,transect,1,500,49,69,382,0.7,0.7,0.7,Clumped-Poisson,5,3,Randomly placed,2.554,0,9,5,0,0,true,0,0,45,14,0,1,13,8,0,0,8,0.375,0,0,0,0,0.7111111111111111,3.2377391101592083,0,0,0,
1902,0.5,transect,7,3500,347,550,2603,0.7,0.7,0.7,Clumped-Poisson,5,3,Randomly placed,8.911142857142858,0,9,5,0,0,true,0,0,45,62,7,15,40,42,2,11,29,0.375,0,0,0,0,3.7333333333333334,1.9436638890362692,0,0,0,
1913,0.5,transect,7,3500,326,550,2624,0.7,0.7,0.7,Clumped-Poisson,5,3,Randomly placed,11.167714285714286,0,9,5,0,0,true,0,0,45,49,4,7,38,33,1,6,26,0.375,0,0,0,0,2.933333333333333,2.3148980144772042,0,0,0,
1911,0.5,transect,7,3500,347,545,2608,0.7,0.7,0.7,Clumped-Poisson,5,3,Randomly placed,6.895714285714286,0,9,5,0,0,true,0,0,45,84,6,10,68,52,1,9,42,0.375,0,0,0,0,4.622222222222222,1.952183574887149,0,0,0,
1916,0.5,transect,7,3500,341,529,2630,0.7,0.7,0.7,Clumped-Poisson,5,3,Randomly placed,7.682,0,9,5,0,0,true,0,0,45,46,5,10,31,33,2,7,24,0.375,0,0,0,0,2.933333333333333,1.729772006534541,0,0,0,
1917,0.5,transect,7,3500,352,508,2640,0.7,0.7,0.7,Clumped-Poisson,5,3,Randomly placed,13.520857142857142,0,9,5,0,0,true,0,0,45,55,5,5,45,39,4,4,31,0.375,0,0,0,0,3.466666666666667,2.587105443875443,0,0,0,
1918,0.5,transect,7,3500,369,540,2591,0.7,0.7,0.7,Clumped-Poisson,5,3,Randomly placed,7.435142857142857,0,9,5,0,0,true,0,0,45,61,7,10,44,47,5,8,34,0.375,0,0,0,0,4.177777777777778,1.657788058021512,0,0,0,
1919,0.5,transect,7,3500,337,555,2608,0.7,0.7,0.7,Clumped-Poisson,5,3,Randomly placed,5.247142857142856,0,9,5,0,0,true,0,0,45,73,2,15,56,46,0,8,38,0.375,0,0,0,0,4.088888888888889,1.7879451118466854,0,0,0,
1920,0.5,transect,7,3500,379,513,2608,0.7,0.7,0.7,Clumped-Poisson,5,3,Randomly placed,15.387142857142857,0,9,5,0,0,true,0,0,45,89,9,14,66,67,7,10,50,0.375,0,0,0,0,5.955555555555556,3.155554218923001,0,0,0,
1926,0.5,transect,7,3500,360,527,2613,0.7,0.7,0.7,Clumped-Poisson,5,3,Randomly placed,10.511714285714286,0,9,5,0,0,true,0,0,45,94,10,15,69,69,4,14,51,0.375,0,0,0,0,6.133333333333334,2.796823253759256,0,0,0,
1909,0.5,transect,7,3500,368,528,2604,0.7,0.7,0.7,Clumped-Poisson,5,3,Randomly placed,10.098571428571429,0,9,5,0,0,true,0,0,45,51,7,8,36,31,5,5,21,0.375,0,0,0,0,2.7555555555555555,2.1401999823453384,0,0,0,
1928,0.5,transect,7,3500,338,527,2635,0.7,0.7,0.7,Clumped-Poisson,5,3,Randomly placed,15.736857142857144,0,9,5,0,0,true,0,0,45,54,2,6,46,40,2,5,33,0.375,0,0,0,0,3.5555555555555554,3.3938865492368646,0,0,0,
1923,0.5,transect,7,3500,341,521,2638,0.7,0.7,0.7,Clumped-Poisson,5,3,Randomly placed,14.135142857142856,0,9,5,0,0,true,0,0,45,48,7,6,35,34,5,4,25,0.375,0,0,0,0,3.022222222222222,3.054243794927801,0,0,0,
1930,0.5,transect,7,3500,331,488,2681,0.7,0.7,0.7,Clumped-Poisson,5,3,Randomly placed,10.126571428571427,0,9,5,0,0,true,0,0,45,88,9,14,65,60,6,12,42,0.375,0,0,0,0,5.333333333333333,2.543373743671975,0,0,0,
1924,0.5,transect,7,3500,332,500,2668,0.7,0.7,0.7,Clumped-Poisson,5,3,Randomly placed,11.084285714285715,0,9,5,0,0,true,0,0,45,84,4,11,69,57,2,8,47,0.375,0,0,0,0,5.066666666666666,2.481738896954464,0,0,0,
1929,0.5,transect,7,3500,370,506,2624,0.7,0.7,0.7,Clumped-Poisson,5,3,Randomly placed,10.435714285714285,0,9,5,0,0,true,0,0,45,89,6,16,67,54,2,8,44,0.375,0,0,0,0,4.8,2.143818927978666,0,0,0,
1931,0.5,transect,7,3500,357,536,2607,0.7,0.7,0.7,Clumped-Poisson,5,3,Randomly placed,17.434571428571427,0,9,5,0,0,true,0,0,45,102,7,13,82,76,6,9,61,0.375,0,0,0,0,6.7555555555555555,3.9129932667609397,0,0,0,
1932,0.5,transect,7,3500,358,522,2620,0.7,0.7,0.7,Clumped-Poisson,5,3,Randomly placed,7.088285714285715,0,9,5,0,0,true,0,0,45,62,5,9,48,42,3,4,35,0.375,0,0,0,0,3.7333333333333334,1.9570409490958145,0,0,0,
1935,0.5,transect,7,3500,374,534,2592,0.7,0.7,0.7,Clumped-Poisson,5,3,Randomly placed,10.67057142857143,0,9,5,0,0,true,0,0,45,64,6,9,49,53,5,6,42,0.375,0,0,0,0,4.711111111111111,2.5746092084933543,0,0,0,
1933,0.5,transect,7,3500,351,509,2640,0.7,0.7,0.7,Clumped-Poisson,5,3,Randomly placed,7.842,0,9,5,0,0,true,0,0,45,80,7,8,65,60,3,5,52,0.375,0,0,0,0,5.333333333333333,1.699766026679715,0,0,0,
1938,0.5,transect,7,3500,343,532,2625,0.7,0.7,0.7,Clumped-Poisson,5,3,Randomly placed,7.399714285714286,0,9,5,0,0,true,0,0,45,61,3,7,51,44,2,7,35,0.375,0,0,0,0,3.911111111111111,2.3634525913936986,0,0,0,
1936,0.5,transect,7,3500,369,488,2643,0.7,0.7,0.7,Clumped-Poisson,5,3,Randomly placed,9.256285714285713,0,9,5,0,0,true,0,0,45,64,9,7,48,46,7,4,35,0.375,0,0,0,0,4.088888888888889,1.8942664551192905,0,0,0,
1939,0.5,transect,7,3500,374,517,2609,0.7,0.7,0.7,Clumped-Poisson,5,3,Randomly placed,12.363142857142858,0,9,5,0,0,true,0,0,45,61,5,10,46,36,2,8,26,0.375,0,0,0,0,3.2,2.091650066335189,0,0,0,
1934,0.5,transect,7,3500,344,544,2612,0.7,0.7,0.7,Clumped-Poisson,5,3,Randomly placed,7.7860000000000005,0,9,5,0,0,true,0,0,45,47,9,5,33,34,7,4,23,0.375,0,0,0,0,3.022222222222222,1.853704960994563,0,0,0,
1921,0.5,transect,7,3500,338,517,2645,0.7,0.7,0.7,Clumped-Poisson,5,3,Randomly placed,6.501428571428571,0,9,5,0,0,true,0,0,45,55,7,6,42,37,3,3,31,0.375,0,0,0,0,3.2888888888888888,2.1427646475251496,0,0,0,
1922,0.5,transect,7,3500,335,517,2648,0.7,0.7,0.7,Clumped-Poisson,5,3,Randomly placed,9.167142857142858,0,9,5,0,0,true,0,0,45,108,4,15,89,64,1,8,55,0.375,0,0,0,0,5.688888888888889,2.611515436077166,0,0,0,
1937,0.5,transect,7,3500,383,494,2623,0.7,0.7,0.7,Clumped-Poisson,5,3,Randomly placed,7.3911428571428575,0,9,5,0,0,true,0,0,45,92,12,10,70,67,7,7,53,0.375,0,0,0,0,5.955555555555556,2.1886859296262484,0,0,0,
1943,0.5,transect,7,3500,353,537,2610,0.7,0.7,0.7,Clumped-Poisson,5,3,Randomly placed,13.620857142857144,0,9,5,0,0,true,0,0,45,105,14,22,69,80,11,16,53,0.375,0,0,0,0,7.111111111111111,2.8528357602568017,0,0,0,
1940,0.5,transect,7,3500,354,520,2626,0.7,0.7,0.7,Clumped-Poisson,5,3,Randomly placed,7.316285714285714,0,9,5,0,0,true,0,0,45,67,9,6,52,42,5,5,32,0.375,0,0,0,0,3.7333333333333334,2.667835628140442,0,0,0,
1941,0.5,transect,7,3500,353,509,2638,0.7,0.7,0.7,Clumped-Poisson,5,3,Randomly placed,9.912857142857144,0,9,5,0,0,true,0,0,45,125,13,18,94,86,8,14,64,0.375,0,0,0,0,7.644444444444445,2.43602065207505,0,0,0,
1951,0.5,transect,7,3500,343,525,2632,0.7,0.7,0.7,Clumped-Poisson,5,3,Randomly placed,9.584857142857143,0,9,5,0,0,true,0,0,45,56,4,12,40,44,3,10,31,0.375,0,0,0,0,3.911111111111111,2.051128494066999,0,0,0,
1947,0.5,transect,7,3500,343,519,2638,0.7,0.7,0.7,Clumped-Poisson,5,3,Randomly placed,7.948857142857143,0,9,5,0,0,true,0,0,45,80,11,14,55,60,6,12,42,0.375,0,0,0,0,5.333333333333333,2.513034203724833,0,0,0,
1942,0.5,transect,7,3500,326,507,2667,0.7,0.7,0.7,Clumped-Poisson,5,3,Randomly placed,10.735714285714286,0,9,5,0,0,true,0,0,45,30,3,7,20,17,2,4,11,0.375,0,0,0,0,1.511111111111111,2.478596646038388,0,0,0,
1950,0.5,transect,7,3500,377,508,2615,0.7,0.7,0.7,Clumped-Poisson,5,3,Randomly placed,15.263714285714286,0,9,5,0,0,true,0,0,45,83,9,9,65,57,6,7,44,0.375,0,0,0,0,5.066666666666666,3.2174409811036018,0,0,0,
1948,0.5,transect,7,3500,306,552,2642,0.7,0.7,0.7,Clumped-Poisson,5,3,Randomly placed,9.50542857142857,0,9,5,0,0,true,0,0,45,36,2,6,28,20,1,5,14,0.375,0,0,0,0,1.7777777777777777,2.9786169762003802,0,0,0,
1952,0.5,transect,7,3500,354,489,2657,0.7,0.7,0.7,Clumped-Poisson,5,3,Randomly placed,14.214,0,9,5,0,0,true,0,0,45,87,9,11,67,60,6,9,45,0.375,0,0,0,0,5.333333333333333,3.237739110159212,0,0,0,
1925,0.5,transect,7,3500,335,516,2649,0.7,0.7,0.7,Clumped-Poisson,5,3,Randomly placed,7.613428571428571,0,9,5,0,0,true,0,0,45,47,6,5,36,35,5,4,26,0.375,0,0,0,0,3.111111111111111,2.4191950393093404,0,0,0,
1945,0.5,transect,7,3500,309,529,2662,0.7,0.7,0.7,Clumped-Poisson,5,3,Randomly placed,8.154571428571428,0,9,5,0,0,true,0,0,45,69,7,2,60,51,4,1,46,0.375,0,0,0,0,4.533333333333333,2.420812557425318,0,0,0,
1946,0.5,transect,7,3500,328,524,2648,0.7,0.7,0.7,Clumped-Poisson,5,3,Randomly placed,7.006571428571428,0,9,5,0,0,true,0,0,45,45,2,7,36,30,1,4,25,0.375,0,0,0,0,2.6666666666666665,1.9452739933209686,0,0,0,
1944,0.5,transect,7,3500,375,511,2614,0.7,0.7,0.7,Clumped-Poisson,5,3,Randomly placed,8.610000000000001,0,9,5,0,0,true,0,0,45,145,18,28,99,109,16,23,70,0.375,0,0,0,0,9.688888888888888,2.2534988596143197,0,0,0,
1955,0.5,transect,7,3500,364,531,2605,0.7,0.7,0.7,Clumped-Poisson,5,3,Randomly placed,8.571142857142856,0,9,5,0,0,true,0,0,45,52,8,6,38,33,7,4,22,0.375,0,0,0,0,2.933333333333333,2.507689152097249,0,0,0,
1949,0.5,transect,7,3500,375,516,2609,0.7,0.7,0.7,Clumped-Poisson,5,3,Randomly placed,11.546571428571427,0,9,5,0,0,true,0,0,45,47,8,7,32,27,6,4,17,0.375,0,0,0,0,2.4,2.8293197954721383,0,0,0,
1954,0.5,transect,7,3500,344,521,2635,0.7,0.7,0.7,Clumped-Poisson,5,3,Randomly placed,8.755142857142857,0,9,5,0,0,true,0,0,45,80,13,12,55,53,11,6,36,0.375,0,0,0,0,4.711111111111111,2.45071818295886,0,0,0,
1927,0.5,transect,7,3500,379,549,2572,0.7,0.7,0.7,Clumped-Poisson,5,3,Randomly placed,11.263142857142856,0,9,5,0,0,true,0,0,45,100,15,21,64,71,11,16,44,0.375,0,0,0,0,6.311111111111111,2.632342265542452,0,0,0,
1964,0.5,transect,7,3500,355,544,2601,0.7,0.7,0.7,Clumped-Poisson,5,3,Randomly placed,21.036285714285714,0,9,5,0,0,true,0,0,45,148,17,27,104,107,14,22,71,0.375,0,0,0,0,9.511111111111111,2.904456876330677,0,0,0,
1953,0.5,transect,7,3500,363,525,2612,0.7,0.7,0.7,Clumped-Poisson,5,3,Randomly placed,9.499142857142857,0,9,5,0,0,true,0,0,45,62,8,6,48,42,5,4,33,0.375,0,0,0,0,3.7333333333333334,1.902968582205405,0,0,0,
1967,0.5,transect,7,3500,332,506,2662,0.7,0.7,0.7,Clumped-Poisson,5,3,Randomly placed,11.818,0,9,5,0,0,true,0,0,45,55,4,6,45,37,2,3,32,0.375,0,0,0,0,3.2888888888888888,2.5178491575360344,0,0,0,
1961,0.5,transect,7,3500,346,519,2635,0.7,0.7,0.7,Clumped-Poisson,5,3,Randomly placed,13.368857142857141,0,9,5,0,0,true,0,0,45,93,9,12,72,62,6,10,46,0.375,0,0,0,0,5.511111111111111,2.145786846809396,0,0,0,
1963,0.5,transect,7,3500,357,567,2576,0.7,0.7,0.7,Clumped-Poisson,5,3,Randomly placed,8.492857142857144,0,9,5,0,0,true,0,0,45,96,12,20,64,69,10,16,43,0.375,0,0,0,0,6.133333333333334,1.9839968096698646,0,0,0,
1960,0.5,transect,7,3500,340,523,2637,0.7,0.7,0.7,Clumped-Poisson,5,3,Randomly placed,9.099142857142857,0,9,5,0,0,true,0,0,45,86,6,23,57,67,5,18,44,0.375,0,0,0,0,5.955555555555556,2.4744998518895,0,0,0,
1956,0.5,transect,7,3500,378,532,2590,0.7,0.7,0.7,Clumped-Poisson,5,3,Randomly placed,7.390571428571429,0,9,5,0,0,true,0,0,45,112,14,16,82,80,8,15,57,0.375,0,0,0,0,7.111111111111111,1.8690245693701015,0,0,0,
1959,0.5,transect,7,3500,385,476,2639,0.7,0.7,0.7,Clumped-Poisson,5,3,Randomly placed,7.060285714285714,0,9,5,0,0,true,0,0,45,89,9,6,74,63,6,4,53,0.375,0,0,0,0,5.6,2.187839557531372,0,0,0,
1957,0.5,transect,7,3500,380,503,2617,0.7,0.7,0.7,Clumped-Poisson,5,3,Randomly placed,7.031714285714286,0,9,5,0,0,true,0,0,45,71,6,17,48,45,5,9,31,0.375,0,0,0,0,4,2.3836564731139807,0,0,0,
1968,0.5,transect,7,3500,343,502,2655,0.7,0.7,0.7,Clumped-Poisson,5,3,Randomly placed,9.943142857142858,0,9,5,0,0,true,0,0,45,83,11,14,58,57,8,8,41,0.375,0,0,0,0,5.066666666666666,2.510115521144156,0,0,0,
1966,0.5,transect,7,3500,351,518,2631,0.7,0.7,0.7,Clumped-Poisson,5,3,Randomly placed,8.631142857142857,0,9,5,0,0,true,0,0,45,113,13,18,82,79,10,13,56,0.375,0,0,0,0,7.022222222222222,2.7670871336264016,0,0,0,
1971,0.5,transect,7,3500,401,530,2569,0.7,0.7,0.7,Clumped-Poisson,5,3,Randomly placed,10.872857142857143,0,9,5,0,0,true,0,0,45,103,10,12,81,83,8,10,65,0.375,0,0,0,0,7.377777777777778,2.5004915126696132,0,0,0,
1962,0.5,transect,7,3500,342,538,2620,0.7,0.7,0.7,Clumped-Poisson,5,3,Randomly placed,5.964857142857142,0,9,5,0,0,true,0,0,45,75,7,13,55,57,5,9,43,0.375,0,0,0,0,5.066666666666666,2.050422071763449,0,0,0,
1965,0.5,transect,7,3500,323,547,2630,0.7,0.7,0.7,Clumped-Poisson,5,3,Randomly placed,6.2620000000000005,0,9,5,0,0,true,0,0,45,65,10,6,49,45,6,5,34,0.375,0,0,0,0,4,1.651445647689541,0,0,0,
1969,0.5,transect,7,3500,391,521,2588,0.7,0.7,0.7,Clumped-Poisson,5,3,Randomly placed,10.211142857142857,0,9,5,0,0,true,0,0,45,73,7,21,45,51,5,16,30,0.375,0,0,0,0,4.533333333333333,1.9422699885440398,0,0,0,
1973,0.5,transect,7,3500,368,473,2659,0.7,0.7,0.7,Clumped-Poisson,5,3,Randomly placed,7.131142857142857,0,9,5,0,0,true,0,0,45,62,4,11,47,44,4,9,31,0.375,0,0,0,0,3.911111111111111,1.8818900453400067,0,0,0,
1958,0.5,transect,7,3500,374,515,2611,0.7,0.7,0.7,Clumped-Poisson,5,3,Randomly placed,7.702571428571429,0,9,5,0,0,true,0,0,45,49,6,11,32,33,5,9,19,0.375,0,0,0,0,2.933333333333333,2.8544717577474152,0,0,0,
1974,0.5,transect,7,3500,339,504,2657,0.7,0.7,0.7,Clumped-Poisson,5,3,Randomly placed,6.410571428571429,0,9,5,0,0,true,0,0,45,89,6,21,62,60,5,15,40,0.375,0,0,0,0,5.333333333333333,1.9320855429961021,0,0,0,
1977,0.5,transect,7,3500,362,491,2647,0.7,0.7,0.7,Clumped-Poisson,5,3,Randomly placed,8.158,0,9,5,0,0,true,0,0,45,69,10,6,53,48,7,6,35,0.375,0,0,0,0,4.266666666666667,1.8470934630829152,0,0,0,
1976,0.5,transect,7,3500,345,538,2617,0.7,0.7,0.7,Clumped-Poisson,5,3,Randomly placed,9.20142857142857,0,9,5,0,0,true,0,0,45,46,4,10,32,32,2,7,23,0.375,0,0,0,0,2.8444444444444446,1.9108783231564201,0,0,0,
1978,0.5,transect,7,3500,361,493,2646,0.7,0.7,0.7,Clumped-Poisson,5,3,Randomly placed,6.638,0,9,5,0,0,true,0,0,45,45,7,6,32,32,5,3,24,0.375,0,0,0,0,2.8444444444444446,2.025067075909295,0,0,0,
1983,0.5,transect,7,3500,352,535,2613,0.7,0.7,0.7,Clumped-Poisson,5,3,Randomly placed,12.666571428571428,0,9,5,0,0,true,0,0,45,96,8,9,79,73,7,7,59,0.375,0,0,0,0,6.488888888888889,2.5662879699335113,0,0,0,
1979,0.5,transect,7,3500,335,513,2652,0.7,0.7,0.7,Clumped-Poisson,5,3,Randomly placed,8.938,0,9,5,0,0,true,0,0,45,99,14,13,72,69,9,10,50,0.375,0,0,0,0,6.133333333333334,2.097675044225598,0,0,0,
1970,0.5,transect,7,3500,354,549,2597,0.7,0.7,0.7,Clumped-Poisson,5,3,Randomly placed,10.263142857142856,0,9,5,0,0,true,0,0,45,46,5,6,35,31,4,2,25,0.375,0,0,0,0,2.7555555555555555,2.799465467850132,0,0,0,
1981,0.5,transect,7,3500,328,509,2663,0.7,0.7,0.7,Clumped-Poisson,5,3,Randomly placed,12.880857142857142,0,9,5,0,0,true,0,0,45,73,13,12,48,51,8,9,34,0.375,0,0,0,0,4.533333333333333,2.022599587389726,0,0,0,
1985,0.5,transect,7,3500,333,535,2632,0.7,0.7,0.7,Clumped-Poisson,5,3,Randomly placed,10.119714285714284,0,9,5,0,0,true,0,0,45,67,2,11,54,48,0,8,40,0.375,0,0,0,0,4.266666666666667,2.3428975722576757,0,0,0,
1984,0.5,transect,7,3500,376,527,2597,0.7,0.7,0.7,Clumped-Poisson,5,3,Randomly placed,10.499142857142857,0,9,5,0,0,true,0,0,45,38,2,7,29,23,2,4,17,0.375,0,0,0,0,2.0444444444444443,2.817484627352063,0,0,0,
1986,0.5,transect,7,3500,346,493,2661,0.7,0.7,0.7,Clumped-Poisson,5,3,Randomly placed,16.17685714285714,0,9,5,0,0,true,0,0,45,81,8,5,68,60,5,4,51,0.375,0,0,0,0,5.333333333333333,3.553967053615133,0,0,0,
1980,0.5,transect,7,3500,352,514,2634,0.7,0.7,0.7,Clumped-Poisson,5,3,Randomly placed,6.875142857142857,0,9,5,0,0,true,0,0,45,49,2,11,36,36,2,7,27,0.375,0,0,0,0,3.2,1.8386630518346254,0,0,0,
1972,0.5,transect,7,3500,357,516,2627,0.7,0.7,0.7,Clumped-Poisson,5,3,Randomly placed,9.339714285714285,0,9,5,0,0,true,0,0,45,76,7,9,60,54,3,5,46,0.375,0,0,0,0,4.8,2.1657923643915096,0,0,0,
1995,0.5,transect,7,3500,359,497,2644,0.7,0.7,0.7,Clumped-Poisson,5,3,Randomly placed,9.726571428571429,0,9,5,0,0,true,0,0,45,66,8,8,50,52,7,6,39,0.375,0,0,0,0,4.622222222222222,2.71758550537439,0,0,0,
1992,0.5,transect,7,3500,313,499,2688,0.7,0.7,0.7,Clumped-Poisson,5,3,Randomly placed,10.548285714285713,0,9,5,0,0,true,0,0,45,54,6,7,41,32,2,7,23,0.375,0,0,0,0,2.8444444444444446,2.4287155959524633,0,0,0,
2001,0.5,transect,0.01,5,1,1,3,0.3,0.3,0.3,Clumped-Poisson,5,3,Randomly placed,0.9975000000000558,0,9,5,0,0,true,0,0,45,0,0,0,0,0,0,0,0,0.375,0,0,0,0,0,NA,0,0,0,
2003,0.5,transect,0.01,5,0,1,4,0.3,0.3,0.3,Clumped-Poisson,5,3,Randomly placed,0.9975000000000308,0,9,5,0,0,true,0,0,45,0,0,0,0,0,0,0,0,0.375,0,0,0,0,0,NA,0,0,0,
2002,0.5,transect,0.01,5,1,0,4,0.3,0.3,0.3,Clumped-Poisson,5,3,Randomly placed,0.9975000000000607,0,9,5,0,0,true,0,0,45,0,0,0,0,0,0,0,0,0.375,0,0,0,0,0,NA,0,0,0,
1988,0.5,transect,7,3500,346,525,2629,0.7,0.7,0.7,Clumped-Poisson,5,3,Randomly placed,9.100285714285715,0,9,5,0,0,true,0,0,45,57,4,5,48,38,2,5,31,0.375,0,0,0,0,3.3777777777777778,2.243411406060446,0,0,0,
1982,0.5,transect,7,3500,351,542,2607,0.7,0.7,0.7,Clumped-Poisson,5,3,Randomly placed,6.371714285714285,0,9,5,0,0,true,0,0,45,81,7,13,61,58,4,12,42,0.375,0,0,0,0,5.155555555555556,2.0233510082973933,0,0,0,
1987,0.5,transect,7,3500,311,503,2686,0.7,0.7,0.7,Clumped-Poisson,5,3,Randomly placed,9.523714285714286,0,9,5,0,0,true,0,0,45,66,8,6,52,40,5,2,33,0.375,0,0,0,0,3.5555555555555554,2.9689443716274284,0,0,0,
1989,0.5,transect,7,3500,362,519,2619,0.7,0.7,0.7,Clumped-Poisson,5,3,Randomly placed,8.794,0,9,5,0,0,true,0,0,45,93,18,10,65,65,11,7,47,0.375,0,0,0,0,5.777777777777778,3.012480762473199,0,0,0,
1993,0.5,transect,7,3500,346,529,2625,0.7,0.7,0.7,Clumped-Poisson,5,3,Randomly placed,10.247142857142858,0,9,5,0,0,true,0,0,45,53,7,10,36,36,6,5,25,0.375,0,0,0,0,3.2,2.764424977196061,0,0,0,
2005,0.5,transect,0.01,5,0,0,5,0.3,0.3,0.3,Clumped-Poisson,5,3,Randomly placed,0.9975000000000466,0,9,5,0,0,true,0,0,45,0,0,0,0,0,0,0,0,0.375,0,0,0,0,0,NA,0,0,0,
2004,0.5,transect,0.01,5,1,1,3,0.3,0.3,0.3,Clumped-Poisson,5,3,Randomly placed,0.9975000000000221,0,9,5,0,0,true,0,0,45,0,0,0,0,0,0,0,0,0.375,0,0,0,0,0,NA,0,0,0,
2006,0.5,transect,0.01,5,1,1,3,0.3,0.3,0.3,Clumped-Poisson,5,3,Randomly placed,0.9975000000000167,0,9,5,0,0,true,0,0,45,0,0,0,0,0,0,0,0,0.375,0,0,0,0,0,NA,0,0,0,
2010,0.5,transect,0.01,5,1,1,3,0.3,0.3,0.3,Clumped-Poisson,5,3,Randomly placed,1.3975000000000413,0,9,5,0,0,true,0,0,45,0,0,0,0,0,0,0,0,0.375,0,0,0,0,0,NA,0,0,0,
2008,0.5,transect,0.01,5,0,0,5,0.3,0.3,0.3,Clumped-Poisson,5,3,Randomly placed,0.9975000000000493,0,9,5,0,0,true,0,0,45,0,0,0,0,0,0,0,0,0.375,0,0,0,0,0,NA,0,0,0,
2007,0.5,transect,0.01,5,0,1,4,0.3,0.3,0.3,Clumped-Poisson,5,3,Randomly placed,0.9975000000000591,0,9,5,0,0,true,0,0,45,0,0,0,0,0,0,0,0,0.375,0,0,0,0,0,NA,0,0,0,
2012,0.5,transect,0.01,5,0,0,5,0.3,0.3,0.3,Clumped-Poisson,5,3,Randomly placed,0.9975000000000434,0,9,5,0,0,true,0,0,45,0,0,0,0,0,0,0,0,0.375,0,0,0,0,0,NA,0,0,0,
2011,0.5,transect,0.01,5,1,1,3,0.3,0.3,0.3,Clumped-Poisson,5,3,Randomly placed,0.9975000000000589,0,9,5,0,0,true,0,0,45,0,0,0,0,0,0,0,0,0.375,0,0,0,0,0,NA,0,0,0,
1997,0.5,transect,7,3500,358,519,2623,0.7,0.7,0.7,Clumped-Poisson,5,3,Randomly placed,9.138,0,9,5,0,0,true,0,0,45,36,3,5,28,23,3,2,18,0.375,0,0,0,0,2.0444444444444443,2.192313432257167,0,0,0,
2014,0.5,transect,0.01,5,1,1,3,0.3,0.3,0.3,Clumped-Poisson,5,3,Randomly placed,0.9975000000000572,0,9,5,0,0,true,0,0,45,0,0,0,0,0,0,0,0,0.375,0,0,0,0,0,NA,0,0,0,
2009,0.5,transect,0.01,5,0,2,3,0.3,0.3,0.3,Clumped-Poisson,5,3,Randomly placed,0.9975000000000258,0,9,5,0,0,true,0,0,45,0,0,0,0,0,0,0,0,0.375,0,0,0,0,0,NA,0,0,0,
2015,0.5,transect,0.01,5,0,1,4,0.3,0.3,0.3,Clumped-Poisson,5,3,Randomly placed,0.9975000000000422,0,9,5,0,0,true,0,0,45,0,0,0,0,0,0,0,0,0.375,0,0,0,0,0,NA,0,0,0,
2013,0.5,transect,0.01,5,1,0,4,0.3,0.3,0.3,Clumped-Poisson,5,3,Randomly placed,0.9975000000000287,0,9,5,0,0,true,0,0,45,1,0,0,1,0,0,0,0,0.375,0,0,0,0,0,NA,0,0,0,
1998,0.5,transect,7,3500,357,510,2633,0.7,0.7,0.7,Clumped-Poisson,5,3,Randomly placed,9.865428571428572,0,9,5,0,0,true,0,0,45,112,8,15,89,82,7,12,63,0.375,0,0,0,0,7.288888888888889,2.349608201131937,0,0,0,
1990,0.5,transect,7,3500,371,489,2640,0.7,0.7,0.7,Clumped-Poisson,5,3,Randomly placed,7.828285714285714,0,9,5,0,0,true,0,0,45,81,6,15,60,52,4,8,40,0.375,0,0,0,0,4.622222222222222,2.3910850089806788,0,0,0,
1996,0.5,transect,7,3500,342,534,2624,0.7,0.7,0.7,Clumped-Poisson,5,3,Randomly placed,9.903142857142857,0,9,5,0,0,true,0,0,45,71,6,14,51,49,4,10,35,0.375,0,0,0,0,4.355555555555555,1.9365283334600574,0,0,0,
1991,0.5,transect,7,3500,346,518,2636,0.7,0.7,0.7,Clumped-Poisson,5,3,Randomly placed,11.234571428571428,0,9,5,0,0,true,0,0,45,50,3,11,36,31,3,7,21,0.375,0,0,0,0,2.7555555555555555,2.4333903724942076,0,0,0,
1975,0.5,transect,7,3500,330,527,2643,0.7,0.7,0.7,Clumped-Poisson,5,3,Randomly placed,10.617428571428572,0,9,5,0,0,true,0,0,45,54,5,4,45,42,4,3,35,0.375,0,0,0,0,3.7333333333333334,2.098568290114615,0,0,0,
1994,0.5,transect,7,3500,363,515,2622,0.7,0.7,0.7,Clumped-Poisson,5,3,Randomly placed,7.393428571428571,0,9,5,0,0,true,0,0,45,71,6,10,55,52,5,9,38,0.375,0,0,0,0,4.622222222222222,1.7595938895855514,0,0,0,
1999,0.5,transect,7,3500,328,490,2682,0.7,0.7,0.7,Clumped-Poisson,5,3,Randomly placed,8.004285714285714,0,9,5,0,0,true,0,0,45,106,11,12,83,75,8,7,60,0.375,0,0,0,0,6.666666666666667,2.334328791985164,0,0,0,
2000,0.5,transect,7,3500,364,520,2616,0.7,0.7,0.7,Clumped-Poisson,5,3,Randomly placed,11.569999999999999,0,9,5,0,0,true,0,0,45,77,4,12,61,56,4,9,43,0.375,0,0,0,0,4.977777777777778,2.4895130232164657,0,0,0,
2021,0.5,transect,0.01,5,1,0,4,0.3,0.3,0.3,Clumped-Poisson,5,3,Randomly placed,0.9975000000000372,0,9,5,0,0,true,0,0,45,0,0,0,0,0,0,0,0,0.375,0,0,0,0,0,NA,0,0,0,
2022,0.5,transect,0.01,5,1,1,3,0.3,0.3,0.3,Clumped-Poisson,5,3,Randomly placed,0.9975000000000381,0,9,5,0,0,true,0,0,45,0,0,0,0,0,0,0,0,0.375,0,0,0,0,0,NA,0,0,0,
2019,0.5,transect,0.01,5,0,1,4,0.3,0.3,0.3,Clumped-Poisson,5,3,Randomly placed,0.9975000000000525,0,9,5,0,0,true,0,0,45,1,0,1,0,0,0,0,0,0.375,0,0,0,0,0,NA,0,0,0,
2016,0.5,transect,0.01,5,0,0,5,0.3,0.3,0.3,Clumped-Poisson,5,3,Randomly placed,0.9975000000000426,0,9,5,0,0,true,0,0,45,0,0,0,0,0,0,0,0,0.375,0,0,0,0,0,NA,0,0,0,
2018,0.5,transect,0.01,5,1,1,3,0.3,0.3,0.3,Clumped-Poisson,5,3,Randomly placed,0.9975000000000694,0,9,5,0,0,true,0,0,45,0,0,0,0,0,0,0,0,0.375,0,0,0,0,0,NA,0,0,0,
2020,0.5,transect,0.01,5,0,1,4,0.3,0.3,0.3,Clumped-Poisson,5,3,Randomly placed,0.9975000000000369,0,9,5,0,0,true,0,0,45,0,0,0,0,0,0,0,0,0.375,0,0,0,0,0,NA,0,0,0,
2017,0.5,transect,0.01,5,0,0,5,0.3,0.3,0.3,Clumped-Poisson,5,3,Randomly placed,0.997500000000057,0,9,5,0,0,true,0,0,45,0,0,0,0,0,0,0,0,0.375,0,0,0,0,0,NA,0,0,0,
2025,0.5,transect,0.01,5,0,2,3,0.3,0.3,0.3,Clumped-Poisson,5,3,Randomly placed,0.9975000000000213,0,9,5,0,0,true,0,0,45,0,0,0,0,0,0,0,0,0.375,0,0,0,0,0,NA,0,0,0,
2024,0.5,transect,0.01,5,1,0,4,0.3,0.3,0.3,Clumped-Poisson,5,3,Randomly placed,0.9975000000000493,0,9,5,0,0,true,0,0,45,0,0,0,0,0,0,0,0,0.375,0,0,0,0,0,NA,0,0,0,
2028,0.5,transect,0.01,5,0,1,4,0.3,0.3,0.3,Clumped-Poisson,5,3,Randomly placed,0.9975000000000601,0,9,5,0,0,true,0,0,45,0,0,0,0,0,0,0,0,0.375,0,0,0,0,0,NA,0,0,0,
2027,0.5,transect,0.01,5,1,2,2,0.3,0.3,0.3,Clumped-Poisson,5,3,Randomly placed,0.9975000000000409,0,9,5,0,0,true,0,0,45,0,0,0,0,0,0,0,0,0.375,0,0,0,0,0,NA,0,0,0,
2026,0.5,transect,0.01,5,0,2,3,0.3,0.3,0.3,Clumped-Poisson,5,3,Randomly placed,0.9975000000000707,0,9,5,0,0,true,0,0,45,0,0,0,0,0,0,0,0,0.375,0,0,0,0,0,NA,0,0,0,
2030,0.5,transect,0.01,5,0,1,4,0.3,0.3,0.3,Clumped-Poisson,5,3,Randomly placed,0.9975000000000428,0,9,5,0,0,true,0,0,45,0,0,0,0,0,0,0,0,0.375,0,0,0,0,0,NA,0,0,0,
2029,0.5,transect,0.01,5,1,2,2,0.3,0.3,0.3,Clumped-Poisson,5,3,Randomly placed,0.9975000000000608,0,9,5,0,0,true,0,0,45,0,0,0,0,0,0,0,0,0.375,0,0,0,0,0,NA,0,0,0,
2023,0.5,transect,0.01,5,1,0,4,0.3,0.3,0.3,Clumped-Poisson,5,3,Randomly placed,0.9975000000000391,0,9,5,0,0,true,0,0,45,0,0,0,0,0,0,0,0,0.375,0,0,0,0,0,NA,0,0,0,
2033,0.5,transect,0.01,5,1,0,4,0.3,0.3,0.3,Clumped-Poisson,5,3,Randomly placed,0.9975000000000299,0,9,5,0,0,true,0,0,45,0,0,0,0,0,0,0,0,0.375,0,0,0,0,0,NA,0,0,0,
2032,0.5,transect,0.01,5,0,1,4,0.3,0.3,0.3,Clumped-Poisson,5,3,Randomly placed,0.997500000000032,0,9,5,0,0,true,0,0,45,1,0,0,1,0,0,0,0,0.375,0,0,0,0,0,NA,0,0,0,
2034,0.5,transect,0.01,5,0,0,5,0.3,0.3,0.3,Clumped-Poisson,5,3,Randomly placed,0.997500000000036,0,9,5,0,0,true,0,0,45,0,0,0,0,0,0,0,0,0.375,0,0,0,0,0,NA,0,0,0,
2035,0.5,transect,0.01,5,0,2,3,0.3,0.3,0.3,Clumped-Poisson,5,3,Randomly placed,0.997500000000012,0,9,5,0,0,true,0,0,45,0,0,0,0,0,0,0,0,0.375,0,0,0,0,0,NA,0,0,0,
2037,0.5,transect,0.01,5,0,0,5,0.3,0.3,0.3,Clumped-Poisson,5,3,Randomly placed,0.9975000000000239,0,9,5,0,0,true,0,0,45,0,0,0,0,0,0,0,0,0.375,0,0,0,0,0,NA,0,0,0,
2038,0.5,transect,0.01,5,2,0,3,0.3,0.3,0.3,Clumped-Poisson,5,3,Randomly placed,0.9975000000000395,0,9,5,0,0,true,0,0,45,0,0,0,0,0,0,0,0,0.375,0,0,0,0,0,NA,0,0,0,
2040,0.5,transect,0.01,5,0,1,4,0.3,0.3,0.3,Clumped-Poisson,5,3,Randomly placed,0.9975000000000271,0,9,5,0,0,true,0,0,45,0,0,0,0,0,0,0,0,0.375,0,0,0,0,0,NA,0,0,0,
2036,0.5,transect,0.01,5,0,1,4,0.3,0.3,0.3,Clumped-Poisson,5,3,Randomly placed,0.9975000000000389,0,9,5,0,0,true,0,0,45,0,0,0,0,0,0,0,0,0.375,0,0,0,0,0,NA,0,0,0,
2046,0.5,transect,0.01,5,1,0,4,0.3,0.3,0.3,Clumped-Poisson,5,3,Randomly placed,0.9975000000000388,0,9,5,0,0,true,0,0,45,0,0,0,0,0,0,0,0,0.375,0,0,0,0,0,NA,0,0,0,
2047,0.5,transect,0.01,5,2,1,2,0.3,0.3,0.3,Clumped-Poisson,5,3,Randomly placed,0.9975000000000382,0,9,5,0,0,true,0,0,45,0,0,0,0,0,0,0,0,0.375,0,0,0,0,0,NA,0,0,0,
2041,0.5,transect,0.01,5,1,0,4,0.3,0.3,0.3,Clumped-Poisson,5,3,Randomly placed,0.9975000000000611,0,9,5,0,0,true,0,0,45,0,0,0,0,0,0,0,0,0.375,0,0,0,0,0,NA,0,0,0,
2049,0.5,transect,0.01,5,0,1,4,0.3,0.3,0.3,Clumped-Poisson,5,3,Randomly placed,0.9975000000000533,0,9,5,0,0,true,0,0,45,0,0,0,0,0,0,0,0,0.375,0,0,0,0,0,NA,0,0,0,
2039,0.5,transect,0.01,5,0,0,5,0.3,0.3,0.3,Clumped-Poisson,5,3,Randomly placed,0.9975000000000478,0,9,5,0,0,true,0,0,45,0,0,0,0,0,0,0,0,0.375,0,0,0,0,0,NA,0,0,0,
2042,0.5,transect,0.01,5,0,1,4,0.3,0.3,0.3,Clumped-Poisson,5,3,Randomly placed,0.9975000000000613,0,9,5,0,0,true,0,0,45,0,0,0,0,0,0,0,0,0.375,0,0,0,0,0,NA,0,0,0,
2045,0.5,transect,0.01,5,0,2,3,0.3,0.3,0.3,Clumped-Poisson,5,3,Randomly placed,0.9975000000000626,0,9,5,0,0,true,0,0,45,0,0,0,0,0,0,0,0,0.375,0,0,0,0,0,NA,0,0,0,
2052,0.5,transect,0.01,5,0,2,3,0.3,0.3,0.3,Clumped-Poisson,5,3,Randomly placed,0.997500000000044,0,9,5,0,0,true,0,0,45,0,0,0,0,0,0,0,0,0.375,0,0,0,0,0,NA,0,0,0,
2050,0.5,transect,0.01,5,0,1,4,0.3,0.3,0.3,Clumped-Poisson,5,3,Randomly placed,0.9975000000000425,0,9,5,0,0,true,0,0,45,0,0,0,0,0,0,0,0,0.375,0,0,0,0,0,NA,0,0,0,
2031,0.5,transect,0.01,5,1,0,4,0.3,0.3,0.3,Clumped-Poisson,5,3,Randomly placed,0.9975000000000126,0,9,5,0,0,true,0,0,45,1,0,0,1,0,0,0,0,0.375,0,0,0,0,0,NA,0,0,0,
2051,0.5,transect,0.01,5,0,1,4,0.3,0.3,0.3,Clumped-Poisson,5,3,Randomly placed,0.9975000000000138,0,9,5,0,0,true,0,0,45,0,0,0,0,0,0,0,0,0.375,0,0,0,0,0,NA,0,0,0,
2048,0.5,transect,0.01,5,0,0,5,0.3,0.3,0.3,Clumped-Poisson,5,3,Randomly placed,0.9975000000000489,0,9,5,0,0,true,0,0,45,0,0,0,0,0,0,0,0,0.375,0,0,0,0,0,NA,0,0,0,
2043,0.5,transect,0.01,5,0,1,4,0.3,0.3,0.3,Clumped-Poisson,5,3,Randomly placed,0.9975000000000175,0,9,5,0,0,true,0,0,45,0,0,0,0,0,0,0,0,0.375,0,0,0,0,0,NA,0,0,0,
2057,0.5,transect,0.01,5,3,0,2,0.3,0.3,0.3,Clumped-Poisson,5,3,Randomly placed,0.9975000000000126,0,9,5,0,0,true,0,0,45,0,0,0,0,0,0,0,0,0.375,0,0,0,0,0,NA,0,0,0,
2056,0.5,transect,0.01,5,1,1,3,0.3,0.3,0.3,Clumped-Poisson,5,3,Randomly placed,0.9975000000000429,0,9,5,0,0,true,0,0,45,0,0,0,0,0,0,0,0,0.375,0,0,0,0,0,NA,0,0,0,
2053,0.5,transect,0.01,5,0,0,5,0.3,0.3,0.3,Clumped-Poisson,5,3,Randomly placed,0.997500000000032,0,9,5,0,0,true,0,0,45,0,0,0,0,0,0,0,0,0.375,0,0,0,0,0,NA,0,0,0,
2055,0.5,transect,0.01,5,0,1,4,0.3,0.3,0.3,Clumped-Poisson,5,3,Randomly placed,0.9975000000000434,0,9,5,0,0,true,0,0,45,0,0,0,0,0,0,0,0,0.375,0,0,0,0,0,NA,0,0,0,
2054,0.5,transect,0.01,5,0,1,4,0.3,0.3,0.3,Clumped-Poisson,5,3,Randomly placed,0.9975000000000324,0,9,5,0,0,true,0,0,45,0,0,0,0,0,0,0,0,0.375,0,0,0,0,0,NA,0,0,0,
2058,0.5,transect,0.01,5,0,1,4,0.3,0.3,0.3,Clumped-Poisson,5,3,Randomly placed,0.9975000000000521,0,9,5,0,0,true,0,0,45,0,0,0,0,0,0,0,0,0.375,0,0,0,0,0,NA,0,0,0,
2044,0.5,transect,0.01,5,1,1,3,0.3,0.3,0.3,Clumped-Poisson,5,3,Randomly placed,0.9975000000000274,0,9,5,0,0,true,0,0,45,0,0,0,0,0,0,0,0,0.375,0,0,0,0,0,NA,0,0,0,
2062,0.5,transect,0.01,5,0,1,4,0.3,0.3,0.3,Clumped-Poisson,5,3,Randomly placed,0.9975000000000268,0,9,5,0,0,true,0,0,45,0,0,0,0,0,0,0,0,0.375,0,0,0,0,0,NA,0,0,0,
2059,0.5,transect,0.01,5,2,0,3,0.3,0.3,0.3,Clumped-Poisson,5,3,Randomly placed,0.9975000000000485,0,9,5,0,0,true,0,0,45,1,1,0,0,1,1,0,0,0.375,0,0,0,0,0.08888888888888889,6.70820393249937,0,0,0,
2063,0.5,transect,0.01,5,0,0,5,0.3,0.3,0.3,Clumped-Poisson,5,3,Randomly placed,0.9975000000000379,0,9,5,0,0,true,0,0,45,0,0,0,0,0,0,0,0,0.375,0,0,0,0,0,NA,0,0,0,
2064,0.5,transect,0.01,5,1,0,4,0.3,0.3,0.3,Clumped-Poisson,5,3,Randomly placed,0.9975000000000515,0,9,5,0,0,true,0,0,45,0,0,0,0,0,0,0,0,0.375,0,0,0,0,0,NA,0,0,0,
2061,0.5,transect,0.01,5,0,1,4,0.3,0.3,0.3,Clumped-Poisson,5,3,Randomly placed,0.9975000000000641,0,9,5,0,0,true,0,0,45,0,0,0,0,0,0,0,0,0.375,0,0,0,0,0,NA,0,0,0,
2068,0.5,transect,0.01,5,0,0,5,0.3,0.3,0.3,Clumped-Poisson,5,3,Randomly placed,0.9975000000000346,0,9,5,0,0,true,0,0,45,0,0,0,0,0,0,0,0,0.375,0,0,0,0,0,NA,0,0,0,
2066,0.5,transect,0.01,5,1,1,3,0.3,0.3,0.3,Clumped-Poisson,5,3,Randomly placed,0.9975000000000303,0,9,5,0,0,true,0,0,45,0,0,0,0,0,0,0,0,0.375,0,0,0,0,0,NA,0,0,0,
2065,0.5,transect,0.01,5,0,3,2,0.3,0.3,0.3,Clumped-Poisson,5,3,Randomly placed,0.9975000000000268,0,9,5,0,0,true,0,0,45,1,0,1,0,1,0,1,0,0.375,0,0,0,0,0.08888888888888889,6.708203932499369,0,0,0,
2060,0.5,transect,0.01,5,2,0,3,0.3,0.3,0.3,Clumped-Poisson,5,3,Randomly placed,0.997500000000053,0,9,5,0,0,true,0,0,45,0,0,0,0,0,0,0,0,0.375,0,0,0,0,0,NA,0,0,0,
2067,0.5,transect,0.01,5,0,1,4,0.3,0.3,0.3,Clumped-Poisson,5,3,Randomly placed,0.9975000000000206,0,9,5,0,0,true,0,0,45,0,0,0,0,0,0,0,0,0.375,0,0,0,0,0,NA,0,0,0,
2069,0.5,transect,0.01,5,0,0,5,0.3,0.3,0.3,Clumped-Poisson,5,3,Randomly placed,0.9975000000000378,0,9,5,0,0,true,0,0,45,0,0,0,0,0,0,0,0,0.375,0,0,0,0,0,NA,0,0,0,
2070,0.5,transect,0.01,5,0,2,3,0.3,0.3,0.3,Clumped-Poisson,5,3,Randomly placed,0.9975000000000298,0,9,5,0,0,true,0,0,45,0,0,0,0,0,0,0,0,0.375,0,0,0,0,0,NA,0,0,0,
2073,0.5,transect,0.01,5,1,1,3,0.3,0.3,0.3,Clumped-Poisson,5,3,Randomly placed,0.9975000000000338,0,9,5,0,0,true,0,0,45,0,0,0,0,0,0,0,0,0.375,0,0,0,0,0,NA,0,0,0,
2071,0.5,transect,0.01,5,2,0,3,0.3,0.3,0.3,Clumped-Poisson,5,3,Randomly placed,0.9975000000000305,0,9,5,0,0,true,0,0,45,0,0,0,0,0,0,0,0,0.375,0,0,0,0,0,NA,0,0,0,
2072,0.5,transect,0.01,5,0,0,5,0.3,0.3,0.3,Clumped-Poisson,5,3,Randomly placed,0.9975000000000305,0,9,5,0,0,true,0,0,45,0,0,0,0,0,0,0,0,0.375,0,0,0,0,0,NA,0,0,0,
2074,0.5,transect,0.01,5,0,1,4,0.3,0.3,0.3,Clumped-Poisson,5,3,Randomly placed,0.9975000000000703,0,9,5,0,0,true,0,0,45,0,0,0,0,0,0,0,0,0.375,0,0,0,0,0,NA,0,0,0,
2075,0.5,transect,0.01,5,0,1,4,0.3,0.3,0.3,Clumped-Poisson,5,3,Randomly placed,0.9975000000000683,0,9,5,0,0,true,0,0,45,0,0,0,0,0,0,0,0,0.375,0,0,0,0,0,NA,0,0,0,
2076,0.5,transect,0.01,5,3,1,1,0.3,0.3,0.3,Clumped-Poisson,5,3,Randomly placed,0.9975000000000234,0,9,5,0,0,true,0,0,45,0,0,0,0,0,0,0,0,0.375,0,0,0,0,0,NA,0,0,0,
2077,0.5,transect,0.01,5,0,1,4,0.3,0.3,0.3,Clumped-Poisson,5,3,Randomly placed,0.9975000000000271,0,9,5,0,0,true,0,0,45,1,0,0,1,0,0,0,0,0.375,0,0,0,0,0,NA,0,0,0,
2078,0.5,transect,0.01,5,0,1,4,0.3,0.3,0.3,Clumped-Poisson,5,3,Randomly placed,0.9975000000000465,0,9,5,0,0,true,0,0,45,0,0,0,0,0,0,0,0,0.375,0,0,0,0,0,NA,0,0,0,
2079,0.5,transect,0.01,5,0,0,5,0.3,0.3,0.3,Clumped-Poisson,5,3,Randomly placed,0.9975000000000616,0,9,5,0,0,true,0,0,45,0,0,0,0,0,0,0,0,0.375,0,0,0,0,0,NA,0,0,0,
2080,0.5,transect,0.01,5,1,1,3,0.3,0.3,0.3,Clumped-Poisson,5,3,Randomly placed,0.9975000000000342,0,9,5,0,0,true,0,0,45,0,0,0,0,0,0,0,0,0.375,0,0,0,0,0,NA,0,0,0,
2081,0.5,transect,0.01,5,0,1,4,0.3,0.3,0.3,Clumped-Poisson,5,3,Randomly placed,0.9975000000000354,0,9,5,0,0,true,0,0,45,0,0,0,0,0,0,0,0,0.375,0,0,0,0,0,NA,0,0,0,
2082,0.5,transect,0.01,5,0,2,3,0.3,0.3,0.3,Clumped-Poisson,5,3,Randomly placed,0.9975000000000536,0,9,5,0,0,true,0,0,45,0,0,0,0,0,0,0,0,0.375,0,0,0,0,0,NA,0,0,0,
2083,0.5,transect,0.01,5,0,1,4,0.3,0.3,0.3,Clumped-Poisson,5,3,Randomly placed,0.997500000000045,0,9,5,0,0,true,0,0,45,0,0,0,0,0,0,0,0,0.375,0,0,0,0,0,NA,0,0,0,
2084,0.5,transect,0.01,5,0,0,5,0.3,0.3,0.3,Clumped-Poisson,5,3,Randomly placed,0.9975000000000376,0,9,5,0,0,true,0,0,45,0,0,0,0,0,0,0,0,0.375,0,0,0,0,0,NA,0,0,0,
2085,0.5,transect,0.01,5,0,0,5,0.3,0.3,0.3,Clumped-Poisson,5,3,Randomly placed,0.997500000000016,0,9,5,0,0,true,0,0,45,0,0,0,0,0,0,0,0,0.375,0,0,0,0,0,NA,0,0,0,
2086,0.5,transect,0.01,5,0,1,4,0.3,0.3,0.3,Clumped-Poisson,5,3,Randomly placed,0.9975000000000332,0,9,5,0,0,true,0,0,45,0,0,0,0,0,0,0,0,0.375,0,0,0,0,0,NA,0,0,0,
2087,0.5,transect,0.01,5,1,0,4,0.3,0.3,0.3,Clumped-Poisson,5,3,Randomly placed,0.9975000000000296,0,9,5,0,0,true,0,0,45,0,0,0,0,0,0,0,0,0.375,0,0,0,0,0,NA,0,0,0,
2088,0.5,transect,0.01,5,0,0,5,0.3,0.3,0.3,Clumped-Poisson,5,3,Randomly placed,0.9975000000000506,0,9,5,0,0,true,0,0,45,0,0,0,0,0,0,0,0,0.375,0,0,0,0,0,NA,0,0,0,
2089,0.5,transect,0.01,5,0,0,5,0.3,0.3,0.3,Clumped-Poisson,5,3,Randomly placed,0.9975000000000138,0,9,5,0,0,true,0,0,45,0,0,0,0,0,0,0,0,0.375,0,0,0,0,0,NA,0,0,0,
2090,0.5,transect,0.01,5,0,0,5,0.3,0.3,0.3,Clumped-Poisson,5,3,Randomly placed,0.9975000000000206,0,9,5,0,0,true,0,0,45,0,0,0,0,0,0,0,0,0.375,0,0,0,0,0,NA,0,0,0,
2091,0.5,transect,0.01,5,1,0,4,0.3,0.3,0.3,Clumped-Poisson,5,3,Randomly placed,0.9975000000000401,0,9,5,0,0,true,0,0,45,0,0,0,0,0,0,0,0,0.375,0,0,0,0,0,NA,0,0,0,
2092,0.5,transect,0.01,5,0,1,4,0.3,0.3,0.3,Clumped-Poisson,5,3,Randomly placed,0.9975000000000374,0,9,5,0,0,true,0,0,45,0,0,0,0,0,0,0,0,0.375,0,0,0,0,0,NA,0,0,0,
2093,0.5,transect,0.01,5,0,0,5,0.3,0.3,0.3,Clumped-Poisson,5,3,Randomly placed,0.9975000000000391,0,9,5,0,0,true,0,0,45,0,0,0,0,0,0,0,0,0.375,0,0,0,0,0,NA,0,0,0,
2094,0.5,transect,0.01,5,0,0,5,0.3,0.3,0.3,Clumped-Poisson,5,3,Randomly placed,0.9975000000000256,0,9,5,0,0,true,0,0,45,0,0,0,0,0,0,0,0,0.375,0,0,0,0,0,NA,0,0,0,
2095,0.5,transect,0.01,5,0,3,2,0.3,0.3,0.3,Clumped-Poisson,5,3,Randomly placed,0.9975000000000382,0,9,5,0,0,true,0,0,45,0,0,0,0,0,0,0,0,0.375,0,0,0,0,0,NA,0,0,0,
2096,0.5,transect,0.01,5,0,1,4,0.3,0.3,0.3,Clumped-Poisson,5,3,Randomly placed,0.997500000000065,0,9,5,0,0,true,0,0,45,0,0,0,0,0,0,0,0,0.375,0,0,0,0,0,NA,0,0,0,
2097,0.5,transect,0.01,5,3,0,2,0.3,0.3,0.3,Clumped-Poisson,5,3,Randomly placed,0.9975000000000761,0,9,5,0,0,true,0,0,45,0,0,0,0,0,0,0,0,0.375,0,0,0,0,0,NA,0,0,0,
2098,0.5,transect,0.01,5,0,1,4,0.3,0.3,0.3,Clumped-Poisson,5,3,Randomly placed,0.9975000000000314,0,9,5,0,0,true,0,0,45,0,0,0,0,0,0,0,0,0.375,0,0,0,0,0,NA,0,0,0,
2099,0.5,transect,0.01,5,0,0,5,0.3,0.3,0.3,Clumped-Poisson,5,3,Randomly placed,0.9975000000000144,0,9,5,0,0,true,0,0,45,0,0,0,0,0,0,0,0,0.375,0,0,0,0,0,NA,0,0,0,
2100,0.5,transect,0.01,5,0,2,3,0.3,0.3,0.3,Clumped-Poisson,5,3,Randomly placed,0.9975000000000419,0,9,5,0,0,true,0,0,45,0,0,0,0,0,0,0,0,0.375,0,0,0,0,0,NA,0,0,0,
2101,0.5,transect,0.1,50,4,11,35,0.3,0.3,0.3,Clumped-Poisson,5,3,Randomly placed,1.054999999999981,0,9,5,0,0,true,0,0,45,1,0,0,1,1,0,0,1,0.375,0,0,0,0,0.08888888888888889,6.708203932499369,0,0,0,
2102,0.5,transect,0.1,50,6,8,36,0.3,0.3,0.3,Clumped-Poisson,5,3,Randomly placed,1.0949999999999833,0,9,5,0,0,true,0,0,45,2,0,0,2,0,0,0,0,0.375,0,0,0,0,0,NA,0,0,0,
2103,0.5,transect,0.1,50,8,11,31,0.3,0.3,0.3,Clumped-Poisson,5,3,Randomly placed,1.0949999999999835,0,9,5,0,0,true,0,0,45,1,0,0,1,1,0,0,1,0.375,0,0,0,0,0.08888888888888889,6.708203932499369,0,0,0,
2106,0.5,transect,0.1,50,6,9,35,0.3,0.3,0.3,Clumped-Poisson,5,3,Randomly placed,1.2149999999999817,0,9,5,0,0,true,0,0,45,2,0,0,2,1,0,0,1,0.375,0,0,0,0,0.08888888888888889,6.708203932499369,0,0,0,
2105,0.5,transect,0.1,50,2,10,38,0.3,0.3,0.3,Clumped-Poisson,5,3,Randomly placed,1.054999999999982,0,9,5,0,0,true,0,0,45,0,0,0,0,0,0,0,0,0.375,0,0,0,0,0,NA,0,0,0,
2104,0.5,transect,0.1,50,7,8,35,0.3,0.3,0.3,Clumped-Poisson,5,3,Randomly placed,1.0949999999999815,0,9,5,0,0,true,0,0,45,1,0,0,1,0,0,0,0,0.375,0,0,0,0,0,NA,0,0,0,
2107,0.5,transect,0.1,50,5,8,37,0.3,0.3,0.3,Clumped-Poisson,5,3,Randomly placed,1.0149999999999837,0,9,5,0,0,true,0,0,45,2,0,1,1,0,0,0,0,0.375,0,0,0,0,0,NA,0,0,0,
2108,0.5,transect,0.1,50,6,6,38,0.3,0.3,0.3,Clumped-Poisson,5,3,Randomly placed,1.0949999999999824,0,9,5,0,0,true,0,0,45,0,0,0,0,0,0,0,0,0.375,0,0,0,0,0,NA,0,0,0,
2109,0.5,transect,0.1,50,3,9,38,0.3,0.3,0.3,Clumped-Poisson,5,3,Randomly placed,1.1349999999999811,0,9,5,0,0,true,0,0,45,1,0,0,1,1,0,0,1,0.375,0,0,0,0,0.08888888888888889,6.70820393249937,0,0,0,
2110,0.5,transect,0.1,50,5,13,32,0.3,0.3,0.3,Clumped-Poisson,5,3,Randomly placed,1.0949999999999833,0,9,5,0,0,true,0,0,45,0,0,0,0,0,0,0,0,0.375,0,0,0,0,0,NA,0,0,0,
2111,0.5,transect,0.1,50,2,11,37,0.3,0.3,0.3,Clumped-Poisson,5,3,Randomly placed,1.1349999999999822,0,9,5,0,0,true,0,0,45,1,0,0,1,1,0,0,1,0.375,0,0,0,0,0.08888888888888889,6.708203932499369,0,0,0,
2120,0.5,transect,0.1,50,7,6,37,0.3,0.3,0.3,Clumped-Poisson,5,3,Randomly placed,1.0149999999999824,0,9,5,0,0,true,0,0,45,0,0,0,0,0,0,0,0,0.375,0,0,0,0,0,NA,0,0,0,
2114,0.5,transect,0.1,50,2,11,37,0.3,0.3,0.3,Clumped-Poisson,5,3,Randomly placed,0.974999999999987,0,9,5,0,0,true,0,0,45,2,0,1,1,2,0,1,1,0.375,0,0,0,0,0.17777777777777778,4.689204235649836,0,0,0,
2119,0.5,transect,0.1,50,7,4,39,0.3,0.3,0.3,Clumped-Poisson,5,3,Randomly placed,1.094999999999983,0,9,5,0,0,true,0,0,45,0,0,0,0,0,0,0,0,0.375,0,0,0,0,0,NA,0,0,0,
2115,0.5,transect,0.1,50,3,7,40,0.3,0.3,0.3,Clumped-Poisson,5,3,Randomly placed,1.014999999999986,0,9,5,0,0,true,0,0,45,1,0,0,1,1,0,0,1,0.375,0,0,0,0,0.08888888888888889,6.70820393249937,0,0,0,
2112,0.5,transect,0.1,50,3,6,41,0.3,0.3,0.3,Clumped-Poisson,5,3,Randomly placed,1.0549999999999813,0,9,5,0,0,true,0,0,45,0,0,0,0,0,0,0,0,0.375,0,0,0,0,0,NA,0,0,0,
2113,0.5,transect,0.1,50,4,7,39,0.3,0.3,0.3,Clumped-Poisson,5,3,Randomly placed,1.0549999999999837,0,9,5,0,0,true,0,0,45,1,0,0,1,0,0,0,0,0.375,0,0,0,0,0,NA,0,0,0,
2118,0.5,transect,0.1,50,2,8,40,0.3,0.3,0.3,Clumped-Poisson,5,3,Randomly placed,1.1349999999999805,0,9,5,0,0,true,0,0,45,2,0,0,2,0,0,0,0,0.375,0,0,0,0,0,NA,0,0,0,
2117,0.5,transect,0.1,50,3,8,39,0.3,0.3,0.3,Clumped-Poisson,5,3,Randomly placed,1.0949999999999858,0,9,5,0,0,true,0,0,45,3,0,0,3,1,0,0,1,0.375,0,0,0,0,0.08888888888888889,6.70820393249937,0,0,0,
2121,0.5,transect,0.1,50,3,11,36,0.3,0.3,0.3,Clumped-Poisson,5,3,Randomly placed,1.1349999999999827,0,9,5,0,0,true,0,0,45,1,0,0,1,0,0,0,0,0.375,0,0,0,0,0,NA,0,0,0,
2116,0.5,transect,0.1,50,3,9,38,0.3,0.3,0.3,Clumped-Poisson,5,3,Randomly placed,1.0149999999999815,0,9,5,0,0,true,0,0,45,2,0,1,1,0,0,0,0,0.375,0,0,0,0,0,NA,0,0,0,
2125,0.5,transect,0.1,50,4,6,40,0.3,0.3,0.3,Clumped-Poisson,5,3,Randomly placed,1.1349999999999845,0,9,5,0,0,true,0,0,45,0,0,0,0,0,0,0,0,0.375,0,0,0,0,0,NA,0,0,0,
2123,0.5,transect,0.1,50,7,13,30,0.3,0.3,0.3,Clumped-Poisson,5,3,Randomly placed,1.0549999999999848,0,9,5,0,0,true,0,0,45,1,0,0,1,0,0,0,0,0.375,0,0,0,0,0,NA,0,0,0,
2126,0.5,transect,0.1,50,5,7,38,0.3,0.3,0.3,Clumped-Poisson,5,3,Randomly placed,0.9749999999999842,0,9,5,0,0,true,0,0,45,2,1,1,0,1,0,1,0,0.375,0,0,0,0,0.08888888888888889,6.70820393249937,0,0,0,
2132,0.5,transect,0.1,50,4,2,44,0.3,0.3,0.3,Clumped-Poisson,5,3,Randomly placed,1.334999999999982,0,9,5,0,0,true,0,0,45,0,0,0,0,0,0,0,0,0.375,0,0,0,0,0,NA,0,0,0,
2127,0.5,transect,0.1,50,10,8,32,0.3,0.3,0.3,Clumped-Poisson,5,3,Randomly placed,1.094999999999983,0,9,5,0,0,true,0,0,45,0,0,0,0,0,0,0,0,0.375,0,0,0,0,0,NA,0,0,0,
2124,0.5,transect,0.1,50,7,6,37,0.3,0.3,0.3,Clumped-Poisson,5,3,Randomly placed,1.1749999999999834,0,9,5,0,0,true,0,0,45,1,0,0,1,0,0,0,0,0.375,0,0,0,0,0,NA,0,0,0,
2129,0.5,transect,0.1,50,4,4,42,0.3,0.3,0.3,Clumped-Poisson,5,3,Randomly placed,0.9749999999999871,0,9,5,0,0,true,0,0,45,1,0,0,1,0,0,0,0,0.375,0,0,0,0,0,NA,0,0,0,
2128,0.5,transect,0.1,50,5,8,37,0.3,0.3,0.3,Clumped-Poisson,5,3,Randomly placed,1.0949999999999829,0,9,5,0,0,true,0,0,45,1,0,0,1,0,0,0,0,0.375,0,0,0,0,0,NA,0,0,0,
2122,0.5,transect,0.1,50,5,8,37,0.3,0.3,0.3,Clumped-Poisson,5,3,Randomly placed,1.0549999999999797,0,9,5,0,0,true,0,0,45,3,0,0,3,1,0,0,1,0.375,0,0,0,0,0.08888888888888889,6.70820393249937,0,0,0,
2130,0.5,transect,0.1,50,7,3,40,0.3,0.3,0.3,Clumped-Poisson,5,3,Randomly placed,1.0949999999999833,0,9,5,0,0,true,0,0,45,1,0,0,1,1,0,0,1,0.375,0,0,0,0,0.08888888888888889,6.708203932499371,0,0,0,
2134,0.5,transect,0.1,50,3,9,38,0.3,0.3,0.3,Clumped-Poisson,5,3,Randomly placed,1.0949999999999833,0,9,5,0,0,true,0,0,45,3,1,0,2,1,1,0,0,0.375,0,0,0,0,0.08888888888888889,6.708203932499369,0,0,0,
2135,0.5,transect,0.1,50,5,7,38,0.3,0.3,0.3,Clumped-Poisson,5,3,Randomly placed,1.2149999999999845,0,9,5,0,0,true,0,0,45,2,0,0,2,1,0,0,1,0.375,0,0,0,0,0.08888888888888889,6.708203932499369,0,0,0,
2133,0.5,transect,0.1,50,4,9,37,0.3,0.3,0.3,Clumped-Poisson,5,3,Randomly placed,1.0549999999999833,0,9,5,0,0,true,0,0,45,1,0,0,1,1,0,0,1,0.375,0,0,0,0,0.08888888888888889,6.708203932499369,0,0,0,
2131,0.5,transect,0.1,50,5,4,41,0.3,0.3,0.3,Clumped-Poisson,5,3,Randomly placed,1.1349999999999834,0,9,5,0,0,true,0,0,45,2,2,0,0,1,1,0,0,0.375,0,0,0,0,0.08888888888888889,6.70820393249937,0,0,0,
2138,0.5,transect,0.1,50,8,10,32,0.3,0.3,0.3,Clumped-Poisson,5,3,Randomly placed,1.0549999999999853,0,9,5,0,0,true,0,0,45,0,0,0,0,0,0,0,0,0.375,0,0,0,0,0,NA,0,0,0,
2136,0.5,transect,0.1,50,4,4,42,0.3,0.3,0.3,Clumped-Poisson,5,3,Randomly placed,1.0549999999999848,0,9,5,0,0,true,0,0,45,1,0,0,1,0,0,0,0,0.375,0,0,0,0,0,NA,0,0,0,
2137,0.5,transect,0.1,50,3,8,39,0.3,0.3,0.3,Clumped-Poisson,5,3,Randomly placed,1.1349999999999814,0,9,5,0,0,true,0,0,45,1,1,0,0,1,1,0,0,0.375,0,0,0,0,0.08888888888888889,6.70820393249937,0,0,0,
2139,0.5,transect,0.1,50,4,6,40,0.3,0.3,0.3,Clumped-Poisson,5,3,Randomly placed,1.2149999999999825,0,9,5,0,0,true,0,0,45,0,0,0,0,0,0,0,0,0.375,0,0,0,0,0,NA,0,0,0,
2140,0.5,transect,0.1,50,5,7,38,0.3,0.3,0.3,Clumped-Poisson,5,3,Randomly placed,1.1749999999999796,0,9,5,0,0,true,0,0,45,0,0,0,0,0,0,0,0,0.375,0,0,0,0,0,NA,0,0,0,
2141,0.5,transect,0.1,50,8,9,33,0.3,0.3,0.3,Clumped-Poisson,5,3,Randomly placed,1.3349999999999809,0,9,5,0,0,true,0,0,45,0,0,0,0,0,0,0,0,0.375,0,0,0,0,0,NA,0,0,0,
2145,0.5,transect,0.1,50,5,7,38,0.3,0.3,0.3,Clumped-Poisson,5,3,Randomly placed,1.1349999999999818,0,9,5,0,0,true,0,0,45,2,0,1,1,0,0,0,0,0.375,0,0,0,0,0,NA,0,0,0,
2150,0.5,transect,0.1,50,9,2,39,0.3,0.3,0.3,Clumped-Poisson,5,3,Randomly placed,1.0549999999999844,0,9,5,0,0,true,0,0,45,3,1,0,2,0,0,0,0,0.375,0,0,0,0,0,NA,0,0,0,
2144,0.5,transect,0.1,50,3,4,43,0.3,0.3,0.3,Clumped-Poisson,5,3,Randomly placed,1.0549999999999808,0,9,5,0,0,true,0,0,45,1,0,0,1,0,0,0,0,0.375,0,0,0,0,0,NA,0,0,0,
2142,0.5,transect,0.1,50,5,4,41,0.3,0.3,0.3,Clumped-Poisson,5,3,Randomly placed,1.2549999999999801,0,9,5,0,0,true,0,0,45,1,0,0,1,0,0,0,0,0.375,0,0,0,0,0,NA,0,0,0,
2152,0.5,transect,0.1,50,8,8,34,0.3,0.3,0.3,Clumped-Poisson,5,3,Randomly placed,1.2149999999999832,0,9,5,0,0,true,0,0,45,3,0,0,3,3,0,0,3,0.375,0,0,0,0,0.26666666666666666,3.783937343321347,0,0,0,
2147,0.5,transect,0.1,50,4,5,41,0.3,0.3,0.3,Clumped-Poisson,5,3,Randomly placed,0.974999999999984,0,9,5,0,0,true,0,0,45,1,1,0,0,0,0,0,0,0.375,0,0,0,0,0,NA,0,0,0,
2146,0.5,transect,0.1,50,6,8,36,0.3,0.3,0.3,Clumped-Poisson,5,3,Randomly placed,1.0949999999999844,0,9,5,0,0,true,0,0,45,3,0,2,1,1,0,0,1,0.375,0,0,0,0,0.08888888888888889,6.708203932499369,0,0,0,
2143,0.5,transect,0.1,50,3,3,44,0.3,0.3,0.3,Clumped-Poisson,5,3,Randomly placed,1.0549999999999842,0,9,5,0,0,true,0,0,45,2,0,0,2,2,0,0,2,0.375,0,0,0,0,0.17777777777777778,4.689204235649837,0,0,0,
2153,0.5,transect,0.1,50,6,14,30,0.3,0.3,0.3,Clumped-Poisson,5,3,Randomly placed,1.1349999999999816,0,9,5,0,0,true,0,0,45,1,0,0,1,0,0,0,0,0.375,0,0,0,0,0,NA,0,0,0,
2154,0.5,transect,0.1,50,4,8,38,0.3,0.3,0.3,Clumped-Poisson,5,3,Randomly placed,1.014999999999983,0,9,5,0,0,true,0,0,45,1,1,0,0,0,0,0,0,0.375,0,0,0,0,0,NA,0,0,0,
2148,0.5,transect,0.1,50,4,8,38,0.3,0.3,0.3,Clumped-Poisson,5,3,Randomly placed,1.1749999999999787,0,9,5,0,0,true,0,0,45,0,0,0,0,0,0,0,0,0.375,0,0,0,0,0,NA,0,0,0,
2151,0.5,transect,0.1,50,4,11,35,0.3,0.3,0.3,Clumped-Poisson,5,3,Randomly placed,1.094999999999983,0,9,5,0,0,true,0,0,45,0,0,0,0,0,0,0,0,0.375,0,0,0,0,0,NA,0,0,0,
2149,0.5,transect,0.1,50,11,8,31,0.3,0.3,0.3,Clumped-Poisson,5,3,Randomly placed,1.2149999999999805,0,9,5,0,0,true,0,0,45,0,0,0,0,0,0,0,0,0.375,0,0,0,0,0,NA,0,0,0,
2156,0.5,transect,0.1,50,3,13,34,0.3,0.3,0.3,Clumped-Poisson,5,3,Randomly placed,1.0549999999999824,0,9,5,0,0,true,0,0,45,2,0,1,1,1,0,0,1,0.375,0,0,0,0,0.08888888888888889,6.70820393249937,0,0,0,
2157,0.5,transect,0.1,50,2,8,40,0.3,0.3,0.3,Clumped-Poisson,5,3,Randomly placed,1.2949999999999822,0,9,5,0,0,true,0,0,45,0,0,0,0,0,0,0,0,0.375,0,0,0,0,0,NA,0,0,0,
2158,0.5,transect,0.1,50,3,5,42,0.3,0.3,0.3,Clumped-Poisson,5,3,Randomly placed,1.1749999999999825,0,9,5,0,0,true,0,0,45,2,0,0,2,1,0,0,1,0.375,0,0,0,0,0.08888888888888889,6.70820393249937,0,0,0,
2155,0.5,transect,0.1,50,6,8,36,0.3,0.3,0.3,Clumped-Poisson,5,3,Randomly placed,1.2549999999999844,0,9,5,0,0,true,0,0,45,0,0,0,0,0,0,0,0,0.375,0,0,0,0,0,NA,0,0,0,
2161,0.5,transect,0.1,50,7,8,35,0.3,0.3,0.3,Clumped-Poisson,5,3,Randomly placed,0.9749999999999821,0,9,5,0,0,true,0,0,45,4,1,0,3,1,0,0,1,0.375,0,0,0,0,0.08888888888888889,6.708203932499369,0,0,0,
2163,0.5,transect,0.1,50,4,7,39,0.3,0.3,0.3,Clumped-Poisson,5,3,Randomly placed,1.0549999999999802,0,9,5,0,0,true,0,0,45,0,0,0,0,0,0,0,0,0.375,0,0,0,0,0,NA,0,0,0,
2160,0.5,transect,0.1,50,7,7,36,0.3,0.3,0.3,Clumped-Poisson,5,3,Randomly placed,1.1749999999999805,0,9,5,0,0,true,0,0,45,4,1,0,3,0,0,0,0,0.375,0,0,0,0,0,NA,0,0,0,
2159,0.5,transect,0.1,50,2,7,41,0.3,0.3,0.3,Clumped-Poisson,5,3,Randomly placed,1.4149999999999814,0,9,5,0,0,true,0,0,45,1,0,0,1,0,0,0,0,0.375,0,0,0,0,0,NA,0,0,0,
2165,0.5,transect,0.1,50,1,6,43,0.3,0.3,0.3,Clumped-Poisson,5,3,Randomly placed,1.2149999999999834,0,9,5,0,0,true,0,0,45,1,0,0,1,0,0,0,0,0.375,0,0,0,0,0,NA,0,0,0,
2164,0.5,transect,0.1,50,3,8,39,0.3,0.3,0.3,Clumped-Poisson,5,3,Randomly placed,1.2549999999999832,0,9,5,0,0,true,0,0,45,1,0,0,1,0,0,0,0,0.375,0,0,0,0,0,NA,0,0,0,
2169,0.5,transect,0.1,50,6,4,40,0.3,0.3,0.3,Clumped-Poisson,5,3,Randomly placed,1.1749999999999827,0,9,5,0,0,true,0,0,45,1,0,0,1,1,0,0,1,0.375,0,0,0,0,0.08888888888888889,6.70820393249937,0,0,0,
2162,0.5,transect,0.1,50,4,7,39,0.3,0.3,0.3,Clumped-Poisson,5,3,Randomly placed,1.094999999999981,0,9,5,0,0,true,0,0,45,0,0,0,0,0,0,0,0,0.375,0,0,0,0,0,NA,0,0,0,
2171,0.5,transect,0.1,50,5,9,36,0.3,0.3,0.3,Clumped-Poisson,5,3,Randomly placed,1.1349999999999845,0,9,5,0,0,true,0,0,45,3,1,0,2,2,0,0,2,0.375,0,0,0,0,0.17777777777777778,4.689204235649839,0,0,0,
2168,0.5,transect,0.1,50,3,9,38,0.3,0.3,0.3,Clumped-Poisson,5,3,Randomly placed,1.1749999999999807,0,9,5,0,0,true,0,0,45,2,0,0,2,0,0,0,0,0.375,0,0,0,0,0,NA,0,0,0,
2167,0.5,transect,0.1,50,4,7,39,0.3,0.3,0.3,Clumped-Poisson,5,3,Randomly placed,1.1349999999999816,0,9,5,0,0,true,0,0,45,0,0,0,0,0,0,0,0,0.375,0,0,0,0,0,NA,0,0,0,
2170,0.5,transect,0.1,50,11,6,33,0.3,0.3,0.3,Clumped-Poisson,5,3,Randomly placed,1.1749999999999836,0,9,5,0,0,true,0,0,45,1,1,0,0,0,0,0,0,0.375,0,0,0,0,0,NA,0,0,0,
2176,0.5,transect,0.1,50,8,13,29,0.3,0.3,0.3,Clumped-Poisson,5,3,Randomly placed,1.0149999999999864,0,9,5,0,0,true,0,0,45,0,0,0,0,0,0,0,0,0.375,0,0,0,0,0,NA,0,0,0,
2175,0.5,transect,0.1,50,8,9,33,0.3,0.3,0.3,Clumped-Poisson,5,3,Randomly placed,1.2549999999999812,0,9,5,0,0,true,0,0,45,3,0,0,3,0,0,0,0,0.375,0,0,0,0,0,NA,0,0,0,
2179,0.5,transect,0.1,50,5,10,35,0.3,0.3,0.3,Clumped-Poisson,5,3,Randomly placed,1.2949999999999873,0,9,5,0,0,true,0,0,45,1,0,0,1,0,0,0,0,0.375,0,0,0,0,0,NA,0,0,0,
2178,0.5,transect,0.1,50,4,5,41,0.3,0.3,0.3,Clumped-Poisson,5,3,Randomly placed,1.214999999999986,0,9,5,0,0,true,0,0,45,1,0,1,0,0,0,0,0,0.375,0,0,0,0,0,NA,0,0,0,
2174,0.5,transect,0.1,50,7,9,34,0.3,0.3,0.3,Clumped-Poisson,5,3,Randomly placed,1.0549999999999848,0,9,5,0,0,true,0,0,45,1,0,0,1,0,0,0,0,0.375,0,0,0,0,0,NA,0,0,0,
2173,0.5,transect,0.1,50,8,6,36,0.3,0.3,0.3,Clumped-Poisson,5,3,Randomly placed,1.0149999999999837,0,9,5,0,0,true,0,0,45,1,0,0,1,0,0,0,0,0.375,0,0,0,0,0,NA,0,0,0,
2177,0.5,transect,0.1,50,4,11,35,0.3,0.3,0.3,Clumped-Poisson,5,3,Randomly placed,1.014999999999981,0,9,5,0,0,true,0,0,45,0,0,0,0,0,0,0,0,0.375,0,0,0,0,0,NA,0,0,0,
2166,0.5,transect,0.1,50,4,8,38,0.3,0.3,0.3,Clumped-Poisson,5,3,Randomly placed,1.0549999999999844,0,9,5,0,0,true,0,0,45,1,1,0,0,0,0,0,0,0.375,0,0,0,0,0,NA,0,0,0,
2180,0.5,transect,0.1,50,8,7,35,0.3,0.3,0.3,Clumped-Poisson,5,3,Randomly placed,0.9749999999999815,0,9,5,0,0,true,0,0,45,0,0,0,0,0,0,0,0,0.375,0,0,0,0,0,NA,0,0,0,
2172,0.5,transect,0.1,50,2,11,37,0.3,0.3,0.3,Clumped-Poisson,5,3,Randomly placed,1.054999999999983,0,9,5,0,0,true,0,0,45,1,0,1,0,0,0,0,0,0.375,0,0,0,0,0,NA,0,0,0,
2181,0.5,transect,0.1,50,11,7,32,0.3,0.3,0.3,Clumped-Poisson,5,3,Randomly placed,1.0549999999999826,0,9,5,0,0,true,0,0,45,1,0,0,1,0,0,0,0,0.375,0,0,0,0,0,NA,0,0,0,
2183,0.5,transect,0.1,50,7,8,35,0.3,0.3,0.3,Clumped-Poisson,5,3,Randomly placed,1.134999999999981,0,9,5,0,0,true,0,0,45,1,0,0,1,0,0,0,0,0.375,0,0,0,0,0,NA,0,0,0,
2187,0.5,transect,0.1,50,5,6,39,0.3,0.3,0.3,Clumped-Poisson,5,3,Randomly placed,1.1349999999999822,0,9,5,0,0,true,0,0,45,1,0,0,1,0,0,0,0,0.375,0,0,0,0,0,NA,0,0,0,
2184,0.5,transect,0.1,50,5,8,37,0.3,0.3,0.3,Clumped-Poisson,5,3,Randomly placed,1.0549999999999826,0,9,5,0,0,true,0,0,45,0,0,0,0,0,0,0,0,0.375,0,0,0,0,0,NA,0,0,0,
2182,0.5,transect,0.1,50,3,9,38,0.3,0.3,0.3,Clumped-Poisson,5,3,Randomly placed,1.094999999999986,0,9,5,0,0,true,0,0,45,1,0,0,1,1,0,0,1,0.375,0,0,0,0,0.08888888888888889,6.708203932499369,0,0,0,
2185,0.5,transect,0.1,50,3,8,39,0.3,0.3,0.3,Clumped-Poisson,5,3,Randomly placed,1.0149999999999832,0,9,5,0,0,true,0,0,45,1,0,0,1,0,0,0,0,0.375,0,0,0,0,0,NA,0,0,0,
2188,0.5,transect,0.1,50,4,7,39,0.3,0.3,0.3,Clumped-Poisson,5,3,Randomly placed,1.1749999999999814,0,9,5,0,0,true,0,0,45,0,0,0,0,0,0,0,0,0.375,0,0,0,0,0,NA,0,0,0,
2189,0.5,transect,0.1,50,6,7,37,0.3,0.3,0.3,Clumped-Poisson,5,3,Randomly placed,1.1349999999999874,0,9,5,0,0,true,0,0,45,0,0,0,0,0,0,0,0,0.375,0,0,0,0,0,NA,0,0,0,
2190,0.5,transect,0.1,50,5,8,37,0.3,0.3,0.3,Clumped-Poisson,5,3,Randomly placed,1.0949999999999827,0,9,5,0,0,true,0,0,45,1,0,0,1,1,0,0,1,0.375,0,0,0,0,0.08888888888888889,6.708203932499369,0,0,0,
2186,0.5,transect,0.1,50,6,7,37,0.3,0.3,0.3,Clumped-Poisson,5,3,Randomly placed,1.014999999999981,0,9,5,0,0,true,0,0,45,0,0,0,0,0,0,0,0,0.375,0,0,0,0,0,NA,0,0,0,
2193,0.5,transect,0.1,50,5,6,39,0.3,0.3,0.3,Clumped-Poisson,5,3,Randomly placed,1.0549999999999842,0,9,5,0,0,true,0,0,45,0,0,0,0,0,0,0,0,0.375,0,0,0,0,0,NA,0,0,0,
2191,0.5,transect,0.1,50,1,8,41,0.3,0.3,0.3,Clumped-Poisson,5,3,Randomly placed,1.0549999999999848,0,9,5,0,0,true,0,0,45,2,0,0,2,1,0,0,1,0.375,0,0,0,0,0.08888888888888889,6.708203932499369,0,0,0,
2194,0.5,transect,0.1,50,9,6,35,0.3,0.3,0.3,Clumped-Poisson,5,3,Randomly placed,1.0549999999999848,0,9,5,0,0,true,0,0,45,1,0,0,1,0,0,0,0,0.375,0,0,0,0,0,NA,0,0,0,
2192,0.5,transect,0.1,50,4,3,43,0.3,0.3,0.3,Clumped-Poisson,5,3,Randomly placed,1.014999999999981,0,9,5,0,0,true,0,0,45,0,0,0,0,0,0,0,0,0.375,0,0,0,0,0,NA,0,0,0,
2196,0.5,transect,0.1,50,7,6,37,0.3,0.3,0.3,Clumped-Poisson,5,3,Randomly placed,1.1349999999999827,0,9,5,0,0,true,0,0,45,1,0,1,0,1,0,1,0,0.375,0,0,0,0,0.08888888888888889,6.708203932499369,0,0,0,
2198,0.5,transect,0.1,50,5,5,40,0.3,0.3,0.3,Clumped-Poisson,5,3,Randomly placed,1.294999999999981,0,9,5,0,0,true,0,0,45,0,0,0,0,0,0,0,0,0.375,0,0,0,0,0,NA,0,0,0,
2195,0.5,transect,0.1,50,3,11,36,0.3,0.3,0.3,Clumped-Poisson,5,3,Randomly placed,1.1349999999999811,0,9,5,0,0,true,0,0,45,1,1,0,0,0,0,0,0,0.375,0,0,0,0,0,NA,0,0,0,
2199,0.5,transect,0.1,50,4,8,38,0.3,0.3,0.3,Clumped-Poisson,5,3,Randomly placed,1.1349999999999851,0,9,5,0,0,true,0,0,45,2,1,0,1,1,1,0,0,0.375,0,0,0,0,0.08888888888888889,6.70820393249937,0,0,0,
2197,0.5,transect,0.1,50,3,10,37,0.3,0.3,0.3,Clumped-Poisson,5,3,Randomly placed,1.0949999999999849,0,9,5,0,0,true,0,0,45,1,0,0,1,0,0,0,0,0.375,0,0,0,0,0,NA,0,0,0,
2200,0.5,transect,0.1,50,6,5,39,0.3,0.3,0.3,Clumped-Poisson,5,3,Randomly placed,1.1349999999999822,0,9,5,0,0,true,0,0,45,2,0,0,2,1,0,0,1,0.375,0,0,0,0,0.08888888888888889,6.708203932499371,0,0,0,
2201,0.5,transect,1,500,59,77,364,0.3,0.3,0.3,Clumped-Poisson,5,3,Randomly placed,2.934,0,9,5,0,0,true,0,0,45,8,3,1,4,1,1,0,0,0.375,0,0,0,0,0.08888888888888889,6.70820393249937,0,0,0,
2203,0.5,transect,1,500,53,68,379,0.3,0.3,0.3,Clumped-Poisson,5,3,Randomly placed,2.218,0,9,5,0,0,true,0,0,45,11,0,5,6,4,0,3,1,0.375,0,0,0,0,0.35555555555555557,4.0293666319342885,0,0,0,
2202,0.5,transect,1,500,55,79,366,0.3,0.3,0.3,Clumped-Poisson,5,3,Randomly placed,2.066,0,9,5,0,0,true,0,0,45,3,1,0,2,0,0,0,0,0.375,0,0,0,0,0,NA,0,0,0,
2204,0.5,transect,1,500,44,62,394,0.3,0.3,0.3,Clumped-Poisson,5,3,Randomly placed,2.678,0,9,5,0,0,true,0,0,45,13,0,3,10,2,0,1,1,0.375,0,0,0,0,0.17777777777777778,4.689204235649837,0,0,0,
2206,0.5,transect,1,500,51,75,374,0.3,0.3,0.3,Clumped-Poisson,5,3,Randomly placed,2.03,0,9,5,0,0,true,0,0,45,13,0,2,11,4,0,2,2,0.375,0,0,0,0,0.35555555555555557,4.029366631934287,0,0,0,
2205,0.5,transect,1,500,44,81,375,0.3,0.3,0.3,Clumped-Poisson,5,3,Randomly placed,1.87,0,9,5,0,0,true,0,0,45,15,2,2,11,7,1,0,6,0.375,0,0,0,0,0.6222222222222222,3.0510498816528644,0,0,0,
2207,0.5,transect,1,500,50,73,377,0.3,0.3,0.3,Clumped-Poisson,5,3,Randomly placed,1.974,0,9,5,0,0,true,0,0,45,11,2,2,7,7,1,2,4,0.375,0,0,0,0,0.6222222222222222,3.8657911703702785,0,0,0,
2209,0.5,transect,1,500,53,67,380,0.3,0.3,0.3,Clumped-Poisson,5,3,Randomly placed,2.27,0,9,5,0,0,true,0,0,45,10,2,2,6,1,0,0,1,0.375,0,0,0,0,0.08888888888888889,6.708203932499371,0,0,0,
2208,0.5,transect,1,500,46,86,368,0.3,0.3,0.3,Clumped-Poisson,5,3,Randomly placed,2.038,0,9,5,0,0,true,0,0,45,12,2,1,9,2,0,0,2,0.375,0,0,0,0,0.17777777777777778,4.689204235649837,0,0,0,
2211,0.5,transect,1,500,54,75,371,0.3,0.3,0.3,Clumped-Poisson,5,3,Randomly placed,1.938,0,9,5,0,0,true,0,0,45,20,5,2,13,3,0,0,3,0.375,0,0,0,0,0.26666666666666666,3.7839373433213477,0,0,0,
2210,0.5,transect,1,500,52,75,373,0.3,0.3,0.3,Clumped-Poisson,5,3,Randomly placed,2.102,0,9,5,0,0,true,0,0,45,10,1,4,5,3,1,2,0,0.375,0,0,0,0,0.26666666666666666,4.954336943068623,0,0,0,
2212,0.5,transect,1,500,36,85,379,0.3,0.3,0.3,Clumped-Poisson,5,3,Randomly placed,1.926,0,9,5,0,0,true,0,0,45,6,0,0,6,0,0,0,0,0.375,0,0,0,0,0,NA,0,0,0,
2213,0.5,transect,1,500,49,78,373,0.3,0.3,0.3,Clumped-Poisson,5,3,Randomly placed,2.402,0,9,5,0,0,true,0,0,45,5,1,1,3,1,0,1,0,0.375,0,0,0,0,0.08888888888888889,6.70820393249937,0,0,0,
2217,0.5,transect,1,500,36,73,391,0.3,0.3,0.3,Clumped-Poisson,5,3,Randomly placed,1.85,0,9,5,0,0,true,0,0,45,8,0,0,8,3,0,0,3,0.375,0,0,0,0,0.26666666666666666,3.783937343321347,0,0,0,
2214,0.5,transect,1,500,54,75,371,0.3,0.3,0.3,Clumped-Poisson,5,3,Randomly placed,2.174,0,9,5,0,0,true,0,0,45,14,0,1,13,4,0,0,4,0.375,0,0,0,0,0.35555555555555557,4.029366631934287,0,0,0,
2215,0.5,transect,1,500,53,71,376,0.3,0.3,0.3,Clumped-Poisson,5,3,Randomly placed,2.014,0,9,5,0,0,true,0,0,45,13,1,5,7,3,0,1,2,0.375,0,0,0,0,0.26666666666666666,4.954336943068618,0,0,0,
2216,0.5,transect,1,500,48,80,372,0.3,0.3,0.3,Clumped-Poisson,5,3,Randomly placed,1.898,0,9,5,0,0,true,0,0,45,8,1,2,5,2,1,0,1,0.375,0,0,0,0,0.17777777777777778,4.689204235649839,0,0,0,
2218,0.5,transect,1,500,66,58,376,0.3,0.3,0.3,Clumped-Poisson,5,3,Randomly placed,1.802,0,9,5,0,0,true,0,0,45,18,2,2,14,5,1,1,3,0.375,0,0,0,0,0.4444444444444444,3.4443629837222978,0,0,0,
2219,0.5,transect,1,500,58,72,370,0.3,0.3,0.3,Clumped-Poisson,5,3,Randomly placed,2.038,0,9,5,0,0,true,0,0,45,6,0,1,5,2,0,1,1,0.375,0,0,0,0,0.17777777777777778,4.689204235649837,0,0,0,
2220,0.5,transect,1,500,48,76,376,0.3,0.3,0.3,Clumped-Poisson,5,3,Randomly placed,2.174,0,9,5,0,0,true,0,0,45,9,0,0,9,0,0,0,0,0.375,0,0,0,0,0,NA,0,0,0,
2222,0.5,transect,1,500,59,85,356,0.3,0.3,0.3,Clumped-Poisson,5,3,Randomly placed,2.234,0,9,5,0,0,true,0,0,45,9,1,2,6,1,0,0,1,0.375,0,0,0,0,0.08888888888888889,6.708203932499369,0,0,0,
2221,0.5,transect,1,500,54,75,371,0.3,0.3,0.3,Clumped-Poisson,5,3,Randomly placed,2.362,0,9,5,0,0,true,0,0,45,8,1,1,6,2,0,1,1,0.375,0,0,0,0,0.17777777777777778,4.689204235649836,0,0,0,
2223,0.5,transect,1,500,50,66,384,0.3,0.3,0.3,Clumped-Poisson,5,3,Randomly placed,1.818,0,9,5,0,0,true,0,0,45,9,0,0,9,3,0,0,3,0.375,0,0,0,0,0.26666666666666666,4.954336943068619,0,0,0,
2224,0.5,transect,1,500,48,75,377,0.3,0.3,0.3,Clumped-Poisson,5,3,Randomly placed,2.25,0,9,5,0,0,true,0,0,45,12,0,2,10,3,0,1,2,0.375,0,0,0,0,0.26666666666666666,3.783937343321346,0,0,0,
2225,0.5,transect,1,500,51,76,373,0.3,0.3,0.3,Clumped-Poisson,5,3,Randomly placed,2.01,0,9,5,0,0,true,0,0,45,11,0,2,9,0,0,0,0,0.375,0,0,0,0,0,NA,0,0,0,
2226,0.5,transect,1,500,52,85,363,0.3,0.3,0.3,Clumped-Poisson,5,3,Randomly placed,2.618,0,9,5,0,0,true,0,0,45,8,0,0,8,1,0,0,1,0.375,0,0,0,0,0.08888888888888889,6.708203932499369,0,0,0,
2227,0.5,transect,1,500,52,61,387,0.3,0.3,0.3,Clumped-Poisson,5,3,Randomly placed,2.254,0,9,5,0,0,true,0,0,45,16,1,0,15,5,0,0,5,0.375,0,0,0,0,0.4444444444444444,3.942772444036622,0,0,0,
2228,0.5,transect,1,500,43,84,373,0.3,0.3,0.3,Clumped-Poisson,5,3,Randomly placed,2.146,0,9,5,0,0,true,0,0,45,5,1,0,4,2,0,0,2,0.375,0,0,0,0,0.17777777777777778,4.689204235649834,0,0,0,
2229,0.5,transect,1,500,45,70,385,0.3,0.3,0.3,Clumped-Poisson,5,3,Randomly placed,1.854,0,9,5,0,0,true,0,0,45,12,1,2,9,3,0,1,2,0.375,0,0,0,0,0.26666666666666666,3.783937343321346,0,0,0,
2230,0.5,transect,1,500,47,67,386,0.3,0.3,0.3,Clumped-Poisson,5,3,Randomly placed,3.038,0,9,5,0,0,true,0,0,45,11,2,1,8,6,2,1,3,0.375,0,0,0,0,0.5333333333333333,3.783937343321346,0,0,0,
2232,0.5,transect,1,500,54,72,374,0.3,0.3,0.3,Clumped-Poisson,5,3,Randomly placed,2.494,0,9,5,0,0,true,0,0,45,10,0,1,9,2,0,0,2,0.375,0,0,0,0,0.17777777777777778,4.689204235649837,0,0,0,
2231,0.5,transect,1,500,32,69,399,0.3,0.3,0.3,Clumped-Poisson,5,3,Randomly placed,2.302,0,9,5,0,0,true,0,0,45,3,0,0,3,1,0,0,1,0.375,0,0,0,0,0.08888888888888889,6.70820393249937,0,0,0,
2233,0.5,transect,1,500,44,85,371,0.3,0.3,0.3,Clumped-Poisson,5,3,Randomly placed,2.258,0,9,5,0,0,true,0,0,45,16,1,1,14,3,0,0,3,0.375,0,0,0,0,0.26666666666666666,3.7839373433213477,0,0,0,
2234,0.5,transect,1,500,51,83,366,0.3,0.3,0.3,Clumped-Poisson,5,3,Randomly placed,1.878,0,9,5,0,0,true,0,0,45,16,1,4,11,3,0,0,3,0.375,0,0,0,0,0.26666666666666666,3.783937343321348,0,0,0,
2235,0.5,transect,1,500,60,72,368,0.3,0.3,0.3,Clumped-Poisson,5,3,Randomly placed,2.63,0,9,5,0,0,true,0,0,45,16,1,0,15,5,0,0,5,0.375,0,0,0,0,0.4444444444444444,4.7863442113047885,0,0,0,
2236,0.5,transect,1,500,64,71,365,0.3,0.3,0.3,Clumped-Poisson,5,3,Randomly placed,1.83,0,9,5,0,0,true,0,0,45,16,1,3,12,4,1,0,3,0.375,0,0,0,0,0.35555555555555557,4.0293666319342885,0,0,0,
2237,0.5,transect,1,500,56,76,368,0.3,0.3,0.3,Clumped-Poisson,5,3,Randomly placed,2.858,0,9,5,0,0,true,0,0,45,8,3,2,3,2,0,2,0,0.375,0,0,0,0,0.17777777777777778,4.689204235649838,0,0,0,
2238,0.5,transect,1,500,57,82,361,0.3,0.3,0.3,Clumped-Poisson,5,3,Randomly placed,1.93,0,9,5,0,0,true,0,0,45,9,1,1,7,3,0,1,2,0.375,0,0,0,0,0.26666666666666666,3.7839373433213432,0,0,0,
2239,0.5,transect,1,500,52,64,384,0.3,0.3,0.3,Clumped-Poisson,5,3,Randomly placed,1.786,0,9,5,0,0,true,0,0,45,5,0,1,4,0,0,0,0,0.375,0,0,0,0,0,NA,0,0,0,
2245,0.5,transect,1,500,50,78,372,0.3,0.3,0.3,Clumped-Poisson,5,3,Randomly placed,2.35,0,9,5,0,0,true,0,0,45,9,0,1,8,0,0,0,0,0.375,0,0,0,0,0,NA,0,0,0,
2242,0.5,transect,1,500,63,80,357,0.3,0.3,0.3,Clumped-Poisson,5,3,Randomly placed,2.078,0,9,5,0,0,true,0,0,45,11,0,3,8,7,0,3,4,0.375,0,0,0,0,0.6222222222222222,3.6146732506161414,0,0,0,
2240,0.5,transect,1,500,48,78,374,0.3,0.3,0.3,Clumped-Poisson,5,3,Randomly placed,2.498,0,9,5,0,0,true,0,0,45,22,1,1,20,10,0,1,9,0.375,0,0,0,0,0.8888888888888888,2.694691751641297,0,0,0,
2243,0.5,transect,1,500,46,84,370,0.3,0.3,0.3,Clumped-Poisson,5,3,Randomly placed,2.378,0,9,5,0,0,true,0,0,45,10,0,1,9,3,0,0,3,0.375,0,0,0,0,0.26666666666666666,3.783937343321345,0,0,0,
2241,0.5,transect,1,500,69,81,350,0.3,0.3,0.3,Clumped-Poisson,5,3,Randomly placed,2.71,0,9,5,0,0,true,0,0,45,9,0,3,6,3,0,1,2,0.375,0,0,0,0,0.26666666666666666,4.954336943068618,0,0,0,
2244,0.5,transect,1,500,44,74,382,0.3,0.3,0.3,Clumped-Poisson,5,3,Randomly placed,2.002,0,9,5,0,0,true,0,0,45,12,1,2,9,4,0,1,3,0.375,0,0,0,0,0.35555555555555557,3.2377391101592083,0,0,0,
2246,0.5,transect,1,500,54,68,378,0.3,0.3,0.3,Clumped-Poisson,5,3,Randomly placed,2.402,0,9,5,0,0,true,0,0,45,4,0,1,3,1,0,1,0,0.375,0,0,0,0,0.08888888888888889,6.70820393249937,0,0,0,
2247,0.5,transect,1,500,56,78,366,0.3,0.3,0.3,Clumped-Poisson,5,3,Randomly placed,1.83,0,9,5,0,0,true,0,0,45,11,0,1,10,4,0,0,4,0.375,0,0,0,0,0.35555555555555557,3.237739110159207,0,0,0,
2248,0.5,transect,1,500,49,93,358,0.3,0.3,0.3,Clumped-Poisson,5,3,Randomly placed,2.238,0,9,5,0,0,true,0,0,45,11,1,2,8,5,1,1,3,0.375,0,0,0,0,0.4444444444444444,2.8603877677367775,0,0,0,
2251,0.5,transect,1,500,44,81,375,0.3,0.3,0.3,Clumped-Poisson,5,3,Randomly placed,2.846,0,9,5,0,0,true,0,0,45,15,1,1,13,3,1,0,2,0.375,0,0,0,0,0.26666666666666666,4.954336943068619,0,0,0,
2249,0.5,transect,1,500,57,75,368,0.3,0.3,0.3,Clumped-Poisson,5,3,Randomly placed,1.954,0,9,5,0,0,true,0,0,45,9,1,0,8,2,1,0,1,0.375,0,0,0,0,0.17777777777777778,4.689204235649838,0,0,0,
2252,0.5,transect,1,500,47,87,366,0.3,0.3,0.3,Clumped-Poisson,5,3,Randomly placed,2.882,0,9,5,0,0,true,0,0,45,3,1,0,2,0,0,0,0,0.375,0,0,0,0,0,NA,0,0,0,
2250,0.5,transect,1,500,41,75,384,0.3,0.3,0.3,Clumped-Poisson,5,3,Randomly placed,2.11,0,9,5,0,0,true,0,0,45,18,2,3,13,7,0,1,6,0.375,0,0,0,0,0.6222222222222222,3.34475470618204,0,0,0,
2253,0.5,transect,1,500,52,79,369,0.3,0.3,0.3,Clumped-Poisson,5,3,Randomly placed,2.042,0,9,5,0,0,true,0,0,45,17,3,2,12,7,1,1,5,0.375,0,0,0,0,0.6222222222222222,2.356257212603934,0,0,0,
2254,0.5,transect,1,500,54,77,369,0.3,0.3,0.3,Clumped-Poisson,5,3,Randomly placed,1.974,0,9,5,0,0,true,0,0,45,4,0,1,3,1,0,0,1,0.375,0,0,0,0,0.08888888888888889,6.708203932499369,0,0,0,
2256,0.5,transect,1,500,53,84,363,0.3,0.3,0.3,Clumped-Poisson,5,3,Randomly placed,2.05,0,9,5,0,0,true,0,0,45,15,2,2,11,4,0,1,3,0.375,0,0,0,0,0.35555555555555557,5.267017872831578,0,0,0,
2255,0.5,transect,1,500,52,86,362,0.3,0.3,0.3,Clumped-Poisson,5,3,Randomly placed,2.066,0,9,5,0,0,true,0,0,45,25,2,4,19,4,1,0,3,0.375,0,0,0,0,0.35555555555555557,3.2377391101592066,0,0,0,
2258,0.5,transect,1,500,46,73,381,0.3,0.3,0.3,Clumped-Poisson,5,3,Randomly placed,2.37,0,9,5,0,0,true,0,0,45,3,1,0,2,1,0,0,1,0.375,0,0,0,0,0.08888888888888889,6.708203932499369,0,0,0,
2257,0.5,transect,1,500,44,78,378,0.3,0.3,0.3,Clumped-Poisson,5,3,Randomly placed,1.826,0,9,5,0,0,true,0,0,45,8,3,1,4,4,1,0,3,0.375,0,0,0,0,0.35555555555555557,4.029366631934287,0,0,0,
2259,0.5,transect,1,500,47,75,378,0.3,0.3,0.3,Clumped-Poisson,5,3,Randomly placed,2.738,0,9,5,0,0,true,0,0,45,13,1,1,11,6,1,0,5,0.375,0,0,0,0,0.5333333333333333,3.03389938108459,0,0,0,
2260,0.5,transect,1,500,41,82,377,0.3,0.3,0.3,Clumped-Poisson,5,3,Randomly placed,2.15,0,9,5,0,0,true,0,0,45,13,0,5,8,5,0,2,3,0.375,0,0,0,0,0.4444444444444444,3.4443629837222978,0,0,0,
2261,0.5,transect,1,500,46,84,370,0.3,0.3,0.3,Clumped-Poisson,5,3,Randomly placed,2.394,0,9,5,0,0,true,0,0,45,18,1,1,16,8,0,0,8,0.375,0,0,0,0,0.7111111111111111,3.0074481405639903,0,0,0,
2263,0.5,transect,1,500,52,84,364,0.3,0.3,0.3,Clumped-Poisson,5,3,Randomly placed,2.15,0,9,5,0,0,true,0,0,45,12,0,1,11,2,0,0,2,0.375,0,0,0,0,0.17777777777777778,4.689204235649837,0,0,0,
2262,0.5,transect,1,500,39,73,388,0.3,0.3,0.3,Clumped-Poisson,5,3,Randomly placed,1.938,0,9,5,0,0,true,0,0,45,13,0,2,11,1,0,0,1,0.375,0,0,0,0,0.08888888888888889,6.70820393249937,0,0,0,
2264,0.5,transect,1,500,51,76,373,0.3,0.3,0.3,Clumped-Poisson,5,3,Randomly placed,2.07,0,9,5,0,0,true,0,0,45,23,4,3,16,8,3,0,5,0.375,0,0,0,0,0.7111111111111111,3.237739110159209,0,0,0,
2265,0.5,transect,1,500,46,71,383,0.3,0.3,0.3,Clumped-Poisson,5,3,Randomly placed,1.99,0,9,5,0,0,true,0,0,45,9,1,1,7,4,1,0,3,0.375,0,0,0,0,0.35555555555555557,4.0293666319342885,0,0,0,
2266,0.5,transect,1,500,57,68,375,0.3,0.3,0.3,Clumped-Poisson,5,3,Randomly placed,1.958,0,9,5,0,0,true,0,0,45,10,1,0,9,4,0,0,4,0.375,0,0,0,0,0.35555555555555557,4.0293666319342885,0,0,0,
2269,0.5,transect,1,500,50,87,363,0.3,0.3,0.3,Clumped-Poisson,5,3,Randomly placed,1.838,0,9,5,0,0,true,0,0,45,10,2,1,7,3,0,0,3,0.375,0,0,0,0,0.26666666666666666,3.783937343321346,0,0,0,
2268,0.5,transect,1,500,55,74,371,0.3,0.3,0.3,Clumped-Poisson,5,3,Randomly placed,2.294,0,9,5,0,0,true,0,0,45,8,0,1,7,2,0,0,2,0.375,0,0,0,0,0.17777777777777778,4.689204235649837,0,0,0,
2267,0.5,transect,1,500,58,76,366,0.3,0.3,0.3,Clumped-Poisson,5,3,Randomly placed,3.098,0,9,5,0,0,true,0,0,45,14,1,2,11,5,0,1,4,0.375,0,0,0,0,0.4444444444444444,4.384891415676413,0,0,0,
2270,0.5,transect,1,500,42,85,373,0.3,0.3,0.3,Clumped-Poisson,5,3,Randomly placed,2.25,0,9,5,0,0,true,0,0,45,8,0,1,7,2,0,0,2,0.375,0,0,0,0,0.17777777777777778,4.689204235649835,0,0,0,
2271,0.5,transect,1,500,46,76,378,0.3,0.3,0.3,Clumped-Poisson,5,3,Randomly placed,2.126,0,9,5,0,0,true,0,0,45,7,0,3,4,3,0,1,2,0.375,0,0,0,0,0.26666666666666666,4.95433694306862,0,0,0,
2273,0.5,transect,1,500,63,71,366,0.3,0.3,0.3,Clumped-Poisson,5,3,Randomly placed,2.374,0,9,5,0,0,true,0,0,45,9,1,0,8,4,0,0,4,0.375,0,0,0,0,0.35555555555555557,4.0293666319342885,0,0,0,
2272,0.5,transect,1,500,53,60,387,0.3,0.3,0.3,Clumped-Poisson,5,3,Randomly placed,2.07,0,9,5,0,0,true,0,0,45,10,2,1,7,2,1,0,1,0.375,0,0,0,0,0.17777777777777778,4.689204235649837,0,0,0,
2274,0.5,transect,1,500,46,82,372,0.3,0.3,0.3,Clumped-Poisson,5,3,Randomly placed,2.778,0,9,5,0,0,true,0,0,45,19,0,2,17,3,0,0,3,0.375,0,0,0,0,0.26666666666666666,4.954336943068618,0,0,0,
2277,0.5,transect,1,500,50,65,385,0.3,0.3,0.3,Clumped-Poisson,5,3,Randomly placed,2.106,0,9,5,0,0,true,0,0,45,12,2,1,9,5,1,0,4,0.375,0,0,0,0,0.4444444444444444,3.4443629837222973,0,0,0,
2276,0.5,transect,1,500,58,74,368,0.3,0.3,0.3,Clumped-Poisson,5,3,Randomly placed,2.522,0,9,5,0,0,true,0,0,45,9,1,1,7,1,0,0,1,0.375,0,0,0,0,0.08888888888888889,6.708203932499369,0,0,0,
2278,0.5,transect,1,500,46,71,383,0.3,0.3,0.3,Clumped-Poisson,5,3,Randomly placed,2.098,0,9,5,0,0,true,0,0,45,8,1,1,6,5,0,1,4,0.375,0,0,0,0,0.4444444444444444,2.860387767736778,0,0,0,
2279,0.5,transect,1,500,53,62,385,0.3,0.3,0.3,Clumped-Poisson,5,3,Randomly placed,1.874,0,9,5,0,0,true,0,0,45,3,0,1,2,0,0,0,0,0.375,0,0,0,0,0,NA,0,0,0,
2275,0.5,transect,1,500,45,78,377,0.3,0.3,0.3,Clumped-Poisson,5,3,Randomly placed,2.462,0,9,5,0,0,true,0,0,45,12,0,4,8,2,0,1,1,0.375,0,0,0,0,0.17777777777777778,4.689204235649835,0,0,0,
2281,0.5,transect,1,500,52,65,383,0.3,0.3,0.3,Clumped-Poisson,5,3,Randomly placed,2.754,0,9,5,0,0,true,0,0,45,13,2,0,11,3,0,0,3,0.375,0,0,0,0,0.26666666666666666,4.954336943068622,0,0,0,
2280,0.5,transect,1,500,40,85,375,0.3,0.3,0.3,Clumped-Poisson,5,3,Randomly placed,1.894,0,9,5,0,0,true,0,0,45,8,0,3,5,5,0,1,4,0.375,0,0,0,0,0.4444444444444444,3.4443629837222973,0,0,0,
2284,0.5,transect,1,500,51,96,353,0.3,0.3,0.3,Clumped-Poisson,5,3,Randomly placed,2.386,0,9,5,0,0,true,0,0,45,14,1,1,12,4,0,1,3,0.375,0,0,0,0,0.35555555555555557,4.689204235649835,0,0,0,
2282,0.5,transect,1,500,50,76,374,0.3,0.3,0.3,Clumped-Poisson,5,3,Randomly placed,1.878,0,9,5,0,0,true,0,0,45,17,3,1,13,6,1,1,4,0.375,0,0,0,0,0.5333333333333333,3.429484456352532,0,0,0,
2283,0.5,transect,1,500,53,64,383,0.3,0.3,0.3,Clumped-Poisson,5,3,Randomly placed,3.226,0,9,5,0,0,true,0,0,45,11,0,1,10,3,0,0,3,0.375,0,0,0,0,0.26666666666666666,4.95433694306862,0,0,0,
2285,0.5,transect,1,500,58,82,360,0.3,0.3,0.3,Clumped-Poisson,5,3,Randomly placed,2.634,0,9,5,0,0,true,0,0,45,19,6,1,12,3,0,0,3,0.375,0,0,0,0,0.26666666666666666,3.783937343321346,0,0,0,
2287,0.5,transect,1,500,44,66,390,0.3,0.3,0.3,Clumped-Poisson,5,3,Randomly placed,2.554,0,9,5,0,0,true,0,0,45,13,2,1,10,2,0,0,2,0.375,0,0,0,0,0.17777777777777778,6.70820393249937,0,0,0,
2286,0.5,transect,1,500,45,75,380,0.3,0.3,0.3,Clumped-Poisson,5,3,Randomly placed,1.638,0,9,5,0,0,true,0,0,45,10,0,1,9,1,0,0,1,0.375,0,0,0,0,0.08888888888888889,6.708203932499369,0,0,0,
2289,0.5,transect,1,500,47,87,366,0.3,0.3,0.3,Clumped-Poisson,5,3,Randomly placed,1.902,0,9,5,0,0,true,0,0,45,17,0,3,14,7,0,1,6,0.375,0,0,0,0,0.6222222222222222,2.725880906448595,0,0,0,
2290,0.5,transect,1,500,47,82,371,0.3,0.3,0.3,Clumped-Poisson,5,3,Randomly placed,2.07,0,9,5,0,0,true,0,0,45,6,1,0,5,1,1,0,0,0.375,0,0,0,0,0.08888888888888889,6.708203932499369,0,0,0,
2288,0.5,transect,1,500,53,74,373,0.3,0.3,0.3,Clumped-Poisson,5,3,Randomly placed,1.974,0,9,5,0,0,true,0,0,45,11,1,2,8,3,1,0,2,0.375,0,0,0,0,0.26666666666666666,3.7839373433213477,0,0,0,
2291,0.5,transect,1,500,49,78,373,0.3,0.3,0.3,Clumped-Poisson,5,3,Randomly placed,2.934,0,9,5,0,0,true,0,0,45,11,0,1,10,3,0,0,3,0.375,0,0,0,0,0.26666666666666666,3.7839373433213477,0,0,0,
2293,0.5,transect,1,500,51,75,374,0.3,0.3,0.3,Clumped-Poisson,5,3,Randomly placed,2.262,0,9,5,0,0,true,0,0,45,12,0,1,11,3,0,1,2,0.375,0,0,0,0,0.26666666666666666,4.954336943068618,0,0,0,
2292,0.5,transect,1,500,45,83,372,0.3,0.3,0.3,Clumped-Poisson,5,3,Randomly placed,1.77,0,9,5,0,0,true,0,0,45,16,1,1,14,1,0,1,0,0.375,0,0,0,0,0.08888888888888889,6.708203932499369,0,0,0,
2294,0.5,transect,1,500,49,73,378,0.3,0.3,0.3,Clumped-Poisson,5,3,Randomly placed,2.21,0,9,5,0,0,true,0,0,45,7,1,2,4,2,1,0,1,0.375,0,0,0,0,0.17777777777777778,4.689204235649835,0,0,0,
2295,0.5,transect,1,500,53,67,380,0.3,0.3,0.3,Clumped-Poisson,5,3,Randomly placed,2.198,0,9,5,0,0,true,0,0,45,10,2,0,8,2,0,0,2,0.375,0,0,0,0,0.17777777777777778,4.689204235649835,0,0,0,
2297,0.5,transect,1,500,50,76,374,0.3,0.3,0.3,Clumped-Poisson,5,3,Randomly placed,1.91,0,9,5,0,0,true,0,0,45,11,1,3,7,6,1,2,3,0.375,0,0,0,0,0.5333333333333333,2.5783186910712326,0,0,0,
2298,0.5,transect,1,500,44,80,376,0.3,0.3,0.3,Clumped-Poisson,5,3,Randomly placed,2.75,0,9,5,0,0,true,0,0,45,10,0,3,7,2,0,1,1,0.375,0,0,0,0,0.17777777777777778,6.70820393249937,0,0,0,
2300,0.5,transect,1,500,47,85,368,0.3,0.3,0.3,Clumped-Poisson,5,3,Randomly placed,3.022,0,9,5,0,0,true,0,0,45,4,1,0,3,3,1,0,2,0.375,0,0,0,0,0.26666666666666666,6.708203932499371,0,0,0,
2296,0.5,transect,1,500,51,75,374,0.3,0.3,0.3,Clumped-Poisson,5,3,Randomly placed,1.978,0,9,5,0,0,true,0,0,45,18,1,4,13,8,0,1,7,0.375,0,0,0,0,0.7111111111111111,3.0074481405639912,0,0,0,
2299,0.5,transect,1,500,39,69,392,0.3,0.3,0.3,Clumped-Poisson,5,3,Randomly placed,2.246,0,9,5,0,0,true,0,0,45,7,0,2,5,5,0,1,4,0.375,0,0,0,0,0.4444444444444444,3.4443629837222973,0,0,0,
2301,0.5,transect,7,3500,360,536,2604,0.3,0.3,0.3,Clumped-Poisson,5,3,Randomly placed,7.324857142857143,0,9,5,0,0,true,0,0,45,122,11,13,98,44,5,3,36,0.375,0,0,0,0,3.911111111111111,2.152910903143586,0,0,0,
2303,0.5,transect,7,3500,353,569,2578,0.3,0.3,0.3,Clumped-Poisson,5,3,Randomly placed,8.290000000000001,0,9,5,0,0,true,0,0,45,67,5,11,51,24,2,4,18,0.375,0,0,0,0,2.1333333333333333,2.3851457931425193,0,0,0,
2306,0.5,transect,7,3500,343,528,2629,0.3,0.3,0.3,Clumped-Poisson,5,3,Randomly placed,8.452857142857143,0,9,5,0,0,true,0,0,45,86,9,14,63,29,5,5,19,0.375,0,0,0,0,2.577777777777778,2.2957594159833263,0,0,0,
2302,0.5,transect,7,3500,354,510,2636,0.3,0.3,0.3,Clumped-Poisson,5,3,Randomly placed,9.356857142857143,0,9,5,0,0,true,0,0,45,57,10,10,37,19,3,4,12,0.375,0,0,0,0,1.6888888888888889,2.229159336446745,0,0,0,
2307,0.5,transect,7,3500,330,526,2644,0.3,0.3,0.3,Clumped-Poisson,5,3,Randomly placed,10.132857142857144,0,9,5,0,0,true,0,0,45,46,1,10,35,13,0,4,9,0.375,0,0,0,0,1.1555555555555554,3.0088626485550685,0,0,0,
2304,0.5,transect,7,3500,350,539,2611,0.3,0.3,0.3,Clumped-Poisson,5,3,Randomly placed,7.784285714285715,0,9,5,0,0,true,0,0,45,54,3,12,39,20,2,3,15,0.375,0,0,0,0,1.7777777777777777,2.0663703355488736,0,0,0,
2305,0.5,transect,7,3500,373,506,2621,0.3,0.3,0.3,Clumped-Poisson,5,3,Randomly placed,9.631714285714285,0,9,5,0,0,true,0,0,45,72,4,14,54,18,1,3,14,0.375,0,0,0,0,1.6,2.091650066335189,0,0,0,
2308,0.5,transect,7,3500,340,547,2613,0.3,0.3,0.3,Clumped-Poisson,5,3,Randomly placed,8.542,0,9,5,0,0,true,0,0,45,66,6,20,40,20,1,8,11,0.375,0,0,0,0,1.7777777777777777,1.8919686716606747,0,0,0,
2309,0.5,transect,7,3500,374,533,2593,0.3,0.3,0.3,Clumped-Poisson,5,3,Randomly placed,9.124857142857143,0,9,5,0,0,true,0,0,45,37,3,5,29,7,0,2,5,0.375,0,0,0,0,0.6222222222222222,3.3447547061820395,0,0,0,
2316,0.5,transect,7,3500,340,532,2628,0.3,0.3,0.3,Clumped-Poisson,5,3,Randomly placed,5.918,0,9,5,0,0,true,0,0,45,53,6,7,40,18,3,2,13,0.375,0,0,0,0,1.6,2.2233267457082904,0,0,0,
2317,0.5,transect,7,3500,383,484,2633,0.3,0.3,0.3,Clumped-Poisson,5,3,Randomly placed,12.716285714285714,0,9,5,0,0,true,0,0,45,130,14,19,97,43,3,8,32,0.375,0,0,0,0,3.8222222222222224,2.185585395116619,0,0,0,
2311,0.5,transect,7,3500,356,534,2610,0.3,0.3,0.3,Clumped-Poisson,5,3,Randomly placed,6.399142857142857,0,9,5,0,0,true,0,0,45,70,5,8,57,18,3,3,12,0.375,0,0,0,0,1.6,2.4073750321573364,0,0,0,
2312,0.5,transect,7,3500,386,560,2554,0.3,0.3,0.3,Clumped-Poisson,5,3,Randomly placed,22.43057142857143,0,9,5,0,0,true,0,0,45,50,4,8,38,15,0,4,11,0.375,0,0,0,0,1.3333333333333333,2.637147218974598,0,0,0,
2318,0.5,transect,7,3500,373,541,2586,0.3,0.3,0.3,Clumped-Poisson,5,3,Randomly placed,11.220857142857144,0,9,5,0,0,true,0,0,45,92,10,15,67,25,4,3,18,0.375,0,0,0,0,2.2222222222222223,2.936602861068614,0,0,0,
2321,0.5,transect,7,3500,364,500,2636,0.3,0.3,0.3,Clumped-Poisson,5,3,Randomly placed,7.766,0,9,5,0,0,true,0,0,45,70,5,10,55,23,1,2,20,0.375,0,0,0,0,2.0444444444444443,2.6586133191741514,0,0,0,
2322,0.5,transect,7,3500,359,530,2611,0.3,0.3,0.3,Clumped-Poisson,5,3,Randomly placed,8.710571428571429,0,9,5,0,0,true,0,0,45,60,3,15,42,19,1,5,13,0.375,0,0,0,0,1.6888888888888889,2.340747415648046,0,0,0,
2323,0.5,transect,7,3500,355,521,2624,0.3,0.3,0.3,Clumped-Poisson,5,3,Randomly placed,6.375142857142857,0,9,5,0,0,true,0,0,45,37,3,6,28,11,0,1,10,0.375,0,0,0,0,0.9777777777777777,2.639069571716068,0,0,0,
2315,0.5,transect,7,3500,339,515,2646,0.3,0.3,0.3,Clumped-Poisson,5,3,Randomly placed,14.036285714285714,0,9,5,0,0,true,0,0,45,52,5,7,40,17,1,3,13,0.375,0,0,0,0,1.511111111111111,2.478596646038389,0,0,0,
2310,0.5,transect,7,3500,369,475,2656,0.3,0.3,0.3,Clumped-Poisson,5,3,Randomly placed,9.019714285714285,0,9,5,0,0,true,0,0,45,87,11,15,61,25,4,4,17,0.375,0,0,0,0,2.2222222222222223,2.2559013518083866,0,0,0,
2314,0.5,transect,7,3500,348,537,2615,0.3,0.3,0.3,Clumped-Poisson,5,3,Randomly placed,8.805428571428571,0,9,5,0,0,true,0,0,45,62,4,11,47,19,2,6,11,0.375,0,0,0,0,1.6888888888888889,2.229159336446745,0,0,0,
2324,0.5,transect,7,3500,332,522,2646,0.3,0.3,0.3,Clumped-Poisson,5,3,Randomly placed,9.172857142857142,0,9,5,0,0,true,0,0,45,70,5,10,55,23,3,2,18,0.375,0,0,0,0,2.0444444444444443,2.524327416424065,0,0,0,
2320,0.5,transect,7,3500,330,529,2641,0.3,0.3,0.3,Clumped-Poisson,5,3,Randomly placed,8.343714285714286,0,9,5,0,0,true,0,0,45,59,9,6,44,16,5,2,9,0.375,0,0,0,0,1.4222222222222223,2.6243911631600794,0,0,0,
2313,0.5,transect,7,3500,341,539,2620,0.3,0.3,0.3,Clumped-Poisson,5,3,Randomly placed,8.85,0,9,5,0,0,true,0,0,45,126,19,21,86,37,9,4,24,0.375,0,0,0,0,3.2888888888888888,2.127017817150356,0,0,0,
2319,0.5,transect,7,3500,388,506,2606,0.3,0.3,0.3,Clumped-Poisson,5,3,Randomly placed,18.811714285714285,0,9,5,0,0,true,0,0,45,103,19,13,71,29,6,4,19,0.375,0,0,0,0,2.577777777777778,2.8296116302709335,0,0,0,
2325,0.5,transect,7,3500,344,543,2613,0.3,0.3,0.3,Clumped-Poisson,5,3,Randomly placed,18.63742857142857,0,9,5,0,0,true,0,0,45,119,11,13,95,39,4,5,30,0.375,0,0,0,0,3.466666666666667,3.15610527991758,0,0,0,
2326,0.5,transect,7,3500,381,556,2563,0.3,0.3,0.3,Clumped-Poisson,5,3,Randomly placed,9.939714285714286,0,9,5,0,0,true,0,0,45,28,1,9,18,10,0,4,6,0.375,0,0,0,0,0.8888888888888888,2.694691751641297,0,0,0,
2328,0.5,transect,7,3500,356,526,2618,0.3,0.3,0.3,Clumped-Poisson,5,3,Randomly placed,8.266571428571428,0,9,5,0,0,true,0,0,45,62,3,12,47,16,1,5,10,0.375,0,0,0,0,1.4222222222222223,2.334356174622888,0,0,0,
2329,0.5,transect,7,3500,353,496,2651,0.3,0.3,0.3,Clumped-Poisson,5,3,Randomly placed,8.544285714285715,0,9,5,0,0,true,0,0,45,57,5,8,44,13,2,4,7,0.375,0,0,0,0,1.1555555555555554,2.1670424909566535,0,0,0,
2330,0.5,transect,7,3500,356,500,2644,0.3,0.3,0.3,Clumped-Poisson,5,3,Randomly placed,8.512285714285714,0,9,5,0,0,true,0,0,45,69,8,10,51,21,2,4,15,0.375,0,0,0,0,1.8666666666666667,2.4855799336732325,0,0,0,
2335,0.5,transect,7,3500,372,517,2611,0.3,0.3,0.3,Clumped-Poisson,5,3,Randomly placed,13.254571428571428,0,9,5,0,0,true,0,0,45,54,3,6,45,21,1,1,19,0.375,0,0,0,0,1.8666666666666667,3.051049881652863,0,0,0,
2331,0.5,transect,7,3500,325,552,2623,0.3,0.3,0.3,Clumped-Poisson,5,3,Randomly placed,7.5202857142857145,0,9,5,0,0,true,0,0,45,56,3,9,44,16,0,4,12,0.375,0,0,0,0,1.4222222222222223,2.0905886921021684,0,0,0,
2337,0.5,transect,7,3500,359,513,2628,0.3,0.3,0.3,Clumped-Poisson,5,3,Randomly placed,14.698571428571428,0,9,5,0,0,true,0,0,45,36,4,2,30,11,2,2,7,0.375,0,0,0,0,0.9777777777777777,5.526896192046296,0,0,0,
2336,0.5,transect,7,3500,325,509,2666,0.3,0.3,0.3,Clumped-Poisson,5,3,Randomly placed,14.322571428571427,0,9,5,0,0,true,0,0,45,81,5,15,61,29,2,5,22,0.375,0,0,0,0,2.577777777777778,2.8680302008053546,0,0,0,
2339,0.5,transect,7,3500,350,499,2651,0.3,0.3,0.3,Clumped-Poisson,5,3,Randomly placed,9.912285714285714,0,9,5,0,0,true,0,0,45,46,1,4,41,14,1,2,11,0.375,0,0,0,0,1.2444444444444445,2.638334142994926,0,0,0,
2333,0.5,transect,7,3500,361,516,2623,0.3,0.3,0.3,Clumped-Poisson,5,3,Randomly placed,10.489428571428572,0,9,5,0,0,true,0,0,45,82,5,13,64,30,2,1,27,0.375,0,0,0,0,2.6666666666666665,3.2925535820862653,0,0,0,
2334,0.5,transect,7,3500,337,525,2638,0.3,0.3,0.3,Clumped-Poisson,5,3,Randomly placed,10.938,0,9,5,0,0,true,0,0,45,79,7,13,59,19,0,1,18,0.375,0,0,0,0,1.6888888888888889,2.8335197276249193,0,0,0,
2338,0.5,transect,7,3500,357,520,2623,0.3,0.3,0.3,Clumped-Poisson,5,3,Randomly placed,7.1088571428571425,0,9,5,0,0,true,0,0,45,70,9,12,49,20,1,4,15,0.375,0,0,0,0,1.7777777777777777,2.472002316856814,0,0,0,
2341,0.5,transect,7,3500,390,547,2563,0.3,0.3,0.3,Clumped-Poisson,5,3,Randomly placed,9.022571428571428,0,9,5,0,0,true,0,0,45,61,3,11,47,21,1,3,17,0.375,0,0,0,0,1.8666666666666667,2.2659453543265466,0,0,0,
2342,0.5,transect,7,3500,348,515,2637,0.3,0.3,0.3,Clumped-Poisson,5,3,Randomly placed,7.160857142857142,0,9,5,0,0,true,0,0,45,100,12,12,76,31,5,2,24,0.375,0,0,0,0,2.7555555555555555,2.2704936521938017,0,0,0,
2345,0.5,transect,7,3500,355,501,2644,0.3,0.3,0.3,Clumped-Poisson,5,3,Randomly placed,9.59,0,9,5,0,0,true,0,0,45,46,7,9,30,12,2,2,8,0.375,0,0,0,0,1.0666666666666667,3.521444047804558,0,0,0,
2349,0.5,transect,7,3500,331,533,2636,0.3,0.3,0.3,Clumped-Poisson,5,3,Randomly placed,8.854000000000001,0,9,5,0,0,true,0,0,45,66,8,9,49,23,1,6,16,0.375,0,0,0,0,2.0444444444444443,2.3824846336818615,0,0,0,
2348,0.5,transect,7,3500,355,518,2627,0.3,0.3,0.3,Clumped-Poisson,5,3,Randomly placed,8.67,0,9,5,0,0,true,0,0,45,47,10,6,31,15,1,1,13,0.375,0,0,0,0,1.3333333333333333,3.3844564489066,0,0,0,
2347,0.5,transect,7,3500,313,550,2637,0.3,0.3,0.3,Clumped-Poisson,5,3,Randomly placed,10.387714285714285,0,9,5,0,0,true,0,0,45,91,10,18,63,28,4,6,18,0.375,0,0,0,0,2.488888888888889,2.9132577923605636,0,0,0,
2327,0.5,transect,7,3500,360,516,2624,0.3,0.3,0.3,Clumped-Poisson,5,3,Randomly placed,7.438571428571429,0,9,5,0,0,true,0,0,45,39,2,7,30,5,0,1,4,0.375,0,0,0,0,0.4444444444444444,5.502065727772368,0,0,0,
2344,0.5,transect,7,3500,353,531,2616,0.3,0.3,0.3,Clumped-Poisson,5,3,Randomly placed,6.979142857142857,0,9,5,0,0,true,0,0,45,51,6,7,38,13,2,3,8,0.375,0,0,0,0,1.1555555555555554,2.6219580083862364,0,0,0,
2346,0.5,transect,7,3500,338,512,2650,0.3,0.3,0.3,Clumped-Poisson,5,3,Randomly placed,13.088857142857142,0,9,5,0,0,true,0,0,45,66,3,9,54,18,0,5,13,0.375,0,0,0,0,1.6,2.158492740106139,0,0,0,
2340,0.5,transect,7,3500,349,521,2630,0.3,0.3,0.3,Clumped-Poisson,5,3,Randomly placed,19.002000000000002,0,9,5,0,0,true,0,0,45,78,6,13,59,28,1,4,23,0.375,0,0,0,0,2.488888888888889,3.2737996851485383,0,0,0,
2354,0.5,transect,7,3500,341,538,2621,0.3,0.3,0.3,Clumped-Poisson,5,3,Randomly placed,10.214571428571428,0,9,5,0,0,true,0,0,45,79,13,12,54,22,5,3,14,0.375,0,0,0,0,1.9555555555555555,2.4132196026239217,0,0,0,
2332,0.5,transect,7,3500,380,506,2614,0.3,0.3,0.3,Clumped-Poisson,5,3,Randomly placed,8.012285714285714,0,9,5,0,0,true,0,0,45,79,8,15,56,18,3,3,12,0.375,0,0,0,0,1.6,2.578318691071231,0,0,0,
2350,0.5,transect,7,3500,342,540,2618,0.3,0.3,0.3,Clumped-Poisson,5,3,Randomly placed,8.661428571428571,0,9,5,0,0,true,0,0,45,92,11,14,67,37,5,3,29,0.375,0,0,0,0,3.2888888888888888,2.1427646475251487,0,0,0,
2351,0.5,transect,7,3500,339,550,2611,0.3,0.3,0.3,Clumped-Poisson,5,3,Randomly placed,12.658,0,9,5,0,0,true,0,0,45,107,7,22,78,29,2,10,17,0.375,0,0,0,0,2.577777777777778,2.342948260342762,0,0,0,
2355,0.5,transect,7,3500,332,534,2634,0.3,0.3,0.3,Clumped-Poisson,5,3,Randomly placed,7.25,0,9,5,0,0,true,0,0,45,108,12,16,80,28,2,7,19,0.375,0,0,0,0,2.488888888888889,3.448450890414312,0,0,0,
2352,0.5,transect,7,3500,321,504,2675,0.3,0.3,0.3,Clumped-Poisson,5,3,Randomly placed,9.597428571428571,0,9,5,0,0,true,0,0,45,120,18,13,89,34,3,6,25,0.375,0,0,0,0,3.022222222222222,2.5576477106690283,0,0,0,
2357,0.5,transect,7,3500,358,501,2641,0.3,0.3,0.3,Clumped-Poisson,5,3,Randomly placed,9.843142857142857,0,9,5,0,0,true,0,0,45,42,7,3,32,14,1,1,12,0.375,0,0,0,0,1.2444444444444445,1.7899300884969964,0,0,0,
2358,0.5,transect,7,3500,355,536,2609,0.3,0.3,0.3,Clumped-Poisson,5,3,Randomly placed,7.284857142857143,0,9,5,0,0,true,0,0,45,59,5,7,47,21,2,2,17,0.375,0,0,0,0,1.8666666666666667,1.97032719093355,0,0,0,
2343,0.5,transect,7,3500,367,548,2585,0.3,0.3,0.3,Clumped-Poisson,5,3,Randomly placed,8.605428571428572,0,9,5,0,0,true,0,0,45,88,7,10,71,21,1,2,18,0.375,0,0,0,0,1.8666666666666667,2.4432330537838665,0,0,0,
2356,0.5,transect,7,3500,399,502,2599,0.3,0.3,0.3,Clumped-Poisson,5,3,Randomly placed,9.60142857142857,0,9,5,0,0,true,0,0,45,65,6,11,48,20,1,2,17,0.375,0,0,0,0,1.7777777777777777,3.054895475075435,0,0,0,
2353,0.5,transect,7,3500,389,516,2595,0.3,0.3,0.3,Clumped-Poisson,5,3,Randomly placed,10.301428571428572,0,9,5,0,0,true,0,0,45,51,4,8,39,13,2,1,10,0.375,0,0,0,0,1.1555555555555554,2.82204874476067,0,0,0,
2361,0.5,transect,7,3500,327,537,2636,0.3,0.3,0.3,Clumped-Poisson,5,3,Randomly placed,9.502571428571429,0,9,5,0,0,true,0,0,45,52,5,3,44,13,3,1,9,0.375,0,0,0,0,1.1555555555555554,2.2892620683626186,0,0,0,
2359,0.5,transect,7,3500,350,557,2593,0.3,0.3,0.3,Clumped-Poisson,5,3,Randomly placed,9.37857142857143,0,9,5,0,0,true,0,0,45,75,8,13,54,22,2,4,16,0.375,0,0,0,0,1.9555555555555555,2.6748578959144433,0,0,0,
2362,0.5,transect,7,3500,345,500,2655,0.3,0.3,0.3,Clumped-Poisson,5,3,Randomly placed,11.563142857142855,0,9,5,0,0,true,0,0,45,69,9,10,50,18,3,2,13,0.375,0,0,0,0,1.6,2.0225995873897262,0,0,0,
2367,0.5,transect,7,3500,367,531,2602,0.3,0.3,0.3,Clumped-Poisson,5,3,Randomly placed,12.842571428571429,0,9,5,0,0,true,0,0,45,69,11,10,48,19,2,3,14,0.375,0,0,0,0,1.6888888888888889,2.7881643582367825,0,0,0,
2366,0.5,transect,7,3500,334,497,2669,0.3,0.3,0.3,Clumped-Poisson,5,3,Randomly placed,6.8911428571428575,0,9,5,0,0,true,0,0,45,30,4,4,22,7,0,0,7,0.375,0,0,0,0,0.6222222222222222,3.0510498816528653,0,0,0,
2370,0.5,transect,7,3500,341,521,2638,0.3,0.3,0.3,Clumped-Poisson,5,3,Randomly placed,9.183714285714286,0,9,5,0,0,true,0,0,45,104,13,19,72,33,5,9,19,0.375,0,0,0,0,2.933333333333333,1.8015770702067717,0,0,0,
2368,0.5,transect,7,3500,352,543,2605,0.3,0.3,0.3,Clumped-Poisson,5,3,Randomly placed,13.299714285714286,0,9,5,0,0,true,0,0,45,95,9,16,70,32,2,6,24,0.375,0,0,0,0,2.8444444444444446,2.725207847577869,0,0,0,
2369,0.5,transect,7,3500,340,514,2646,0.3,0.3,0.3,Clumped-Poisson,5,3,Randomly placed,11.643142857142857,0,9,5,0,0,true,0,0,45,55,8,9,38,19,4,5,10,0.375,0,0,0,0,1.6888888888888889,3.252471311144216,0,0,0,
2360,0.5,transect,7,3500,339,502,2659,0.3,0.3,0.3,Clumped-Poisson,5,3,Randomly placed,12.086571428571428,0,9,5,0,0,true,0,0,45,95,9,16,70,32,3,5,24,0.375,0,0,0,0,2.8444444444444446,2.5549709236025646,0,0,0,
2364,0.5,transect,7,3500,352,531,2617,0.3,0.3,0.3,Clumped-Poisson,5,3,Randomly placed,7.930571428571429,0,9,5,0,0,true,0,0,45,57,6,9,42,21,2,3,16,0.375,0,0,0,0,1.8666666666666667,2.7258809064485945,0,0,0,
2365,0.5,transect,7,3500,335,541,2624,0.3,0.3,0.3,Clumped-Poisson,5,3,Randomly placed,8.795142857142858,0,9,5,0,0,true,0,0,45,93,9,9,75,30,3,3,24,0.375,0,0,0,0,2.6666666666666665,2.3500483554019205,0,0,0,
2371,0.5,transect,7,3500,348,529,2623,0.3,0.3,0.3,Clumped-Poisson,5,3,Randomly placed,13.177428571428573,0,9,5,0,0,true,0,0,45,59,3,10,46,15,2,2,11,0.375,0,0,0,0,1.3333333333333333,2.3061183443574222,0,0,0,
2373,0.5,transect,7,3500,346,549,2605,0.3,0.3,0.3,Clumped-Poisson,5,3,Randomly placed,9.393428571428572,0,9,5,0,0,true,0,0,45,78,9,15,54,22,1,3,18,0.375,0,0,0,0,1.9555555555555555,2.528667342183032,0,0,0,
2374,0.5,transect,7,3500,370,562,2568,0.3,0.3,0.3,Clumped-Poisson,5,3,Randomly placed,10.447142857142856,0,9,5,0,0,true,0,0,45,75,8,13,54,17,2,5,10,0.375,0,0,0,0,1.511111111111111,1.9783747511988703,0,0,0,
2375,0.5,transect,7,3500,364,547,2589,0.3,0.3,0.3,Clumped-Poisson,5,3,Randomly placed,7.170571428571429,0,9,5,0,0,true,0,0,45,54,5,5,44,17,0,1,16,0.375,0,0,0,0,1.511111111111111,2.478596646038389,0,0,0,
2372,0.5,transect,7,3500,331,530,2639,0.3,0.3,0.3,Clumped-Poisson,5,3,Randomly placed,9.008285714285714,0,9,5,0,0,true,0,0,45,54,2,6,46,15,1,1,13,0.375,0,0,0,0,1.3333333333333333,3.1333978072025617,0,0,0,
2378,0.5,transect,7,3500,365,514,2621,0.3,0.3,0.3,Clumped-Poisson,5,3,Randomly placed,8.498571428571429,0,9,5,0,0,true,0,0,45,68,9,8,51,19,2,2,15,0.375,0,0,0,0,1.6888888888888889,2.498803541448584,0,0,0,
2380,0.5,transect,7,3500,351,512,2637,0.3,0.3,0.3,Clumped-Poisson,5,3,Randomly placed,9.380285714285716,0,9,5,0,0,true,0,0,45,77,8,17,52,24,2,4,18,0.375,0,0,0,0,2.1333333333333333,2.6994317583857947,0,0,0,
2376,0.5,transect,7,3500,385,557,2558,0.3,0.3,0.3,Clumped-Poisson,5,3,Randomly placed,12.920857142857143,0,9,5,0,0,true,0,0,45,67,11,12,44,17,3,5,9,0.375,0,0,0,0,1.511111111111111,2.781352772717598,0,0,0,
2386,0.5,transect,7,3500,379,502,2619,0.3,0.3,0.3,Clumped-Poisson,5,3,Randomly placed,10.047142857142857,0,9,5,0,0,true,0,0,45,96,6,13,77,23,2,5,16,0.375,0,0,0,0,2.0444444444444443,2.1923134322571665,0,0,0,
2377,0.5,transect,7,3500,363,555,2582,0.3,0.3,0.3,Clumped-Poisson,5,3,Randomly placed,10.299142857142856,0,9,5,0,0,true,0,0,45,105,12,16,77,28,5,4,19,0.375,0,0,0,0,2.488888888888889,2.201708098925855,0,0,0,
2387,0.5,transect,7,3500,377,529,2594,0.3,0.3,0.3,Clumped-Poisson,5,3,Randomly placed,8.827142857142857,0,9,5,0,0,true,0,0,45,100,12,11,77,35,5,0,30,0.375,0,0,0,0,3.111111111111111,1.8365491557495075,0,0,0,
2390,0.5,transect,7,3500,343,541,2616,0.3,0.3,0.3,Clumped-Poisson,5,3,Randomly placed,12.728285714285715,0,9,5,0,0,true,0,0,45,45,6,6,33,12,4,2,6,0.375,0,0,0,0,1.0666666666666667,2.6994317583857943,0,0,0,
2385,0.5,transect,7,3500,360,493,2647,0.3,0.3,0.3,Clumped-Poisson,5,3,Randomly placed,6.981428571428571,0,9,5,0,0,true,0,0,45,66,5,12,49,16,1,1,14,0.375,0,0,0,0,1.4222222222222223,2.5549709236025655,0,0,0,
2389,0.5,transect,7,3500,350,495,2655,0.3,0.3,0.3,Clumped-Poisson,5,3,Randomly placed,5.932857142857143,0,9,5,0,0,true,0,0,45,63,9,8,46,12,1,2,9,0.375,0,0,0,0,1.0666666666666667,2.815339475735807,0,0,0,
2388,0.5,transect,7,3500,339,517,2644,0.3,0.3,0.3,Clumped-Poisson,5,3,Randomly placed,9.055714285714286,0,9,5,0,0,true,0,0,45,75,6,11,58,24,2,3,19,0.375,0,0,0,0,2.1333333333333333,2.4512288198519396,0,0,0,
2382,0.5,transect,7,3500,377,545,2578,0.3,0.3,0.3,Clumped-Poisson,5,3,Randomly placed,7.619714285714286,0,9,5,0,0,true,0,0,45,38,4,5,29,9,2,1,6,0.375,0,0,0,0,0.8,2.5226248955475628,0,0,0,
2392,0.5,transect,7,3500,360,499,2641,0.3,0.3,0.3,Clumped-Poisson,5,3,Randomly placed,9.13342857142857,0,9,5,0,0,true,0,0,45,89,7,7,75,26,2,1,23,0.375,0,0,0,0,2.311111111111111,1.7883769436343282,0,0,0,
2363,0.5,transect,7,3500,374,524,2602,0.3,0.3,0.3,Clumped-Poisson,5,3,Randomly placed,11.549999999999999,0,9,5,0,0,true,0,0,45,61,3,8,50,18,0,5,13,0.375,0,0,0,0,1.6,2.686244421289523,0,0,0,
2381,0.5,transect,7,3500,362,506,2632,0.3,0.3,0.3,Clumped-Poisson,5,3,Randomly placed,9.443142857142858,0,9,5,0,0,true,0,0,45,60,7,10,43,16,2,5,9,0.375,0,0,0,0,1.4222222222222223,3.6055266526794405,0,0,0,
2383,0.5,transect,7,3500,323,561,2616,0.3,0.3,0.3,Clumped-Poisson,5,3,Randomly placed,11.799714285714286,0,9,5,0,0,true,0,0,45,87,11,19,57,33,4,7,22,0.375,0,0,0,0,2.933333333333333,2.2780928399052676,0,0,0,
2379,0.5,transect,7,3500,332,546,2622,0.3,0.3,0.3,Clumped-Poisson,5,3,Randomly placed,7.273428571428572,0,9,5,0,0,true,0,0,45,44,4,6,34,10,0,0,10,0.375,0,0,0,0,0.8888888888888888,3.5754847096709717,0,0,0,
2394,0.5,transect,7,3500,357,553,2590,0.3,0.3,0.3,Clumped-Poisson,5,3,Randomly placed,9.68257142857143,0,9,5,0,0,true,0,0,45,51,5,6,40,16,1,1,14,0.375,0,0,0,0,1.4222222222222223,2.2560288546873286,0,0,0,
2401,0.5,adaptive-cluster,0.01,5,1,0,4,1,1,1,Clumped-Poisson,5,3,Randomly placed,0.9975000000000601,0,0,0,25,45,true,0,0,25,0,0,0,0,0,0,0,0,0.20833333333333334,0,0,0,0,0,NA,0,0,0,
2384,0.5,transect,7,3500,345,517,2638,0.3,0.3,0.3,Clumped-Poisson,5,3,Randomly placed,10.203142857142856,0,9,5,0,0,true,0,0,45,50,9,11,30,13,3,1,9,0.375,0,0,0,0,1.1555555555555554,2.5159523321614112,0,0,0,
2396,0.5,transect,7,3500,330,520,2650,0.3,0.3,0.3,Clumped-Poisson,5,3,Randomly placed,10.174000000000001,0,9,5,0,0,true,0,0,45,68,6,12,50,24,1,5,18,0.375,0,0,0,0,2.1333333333333333,2.4184130314958803,0,0,0,
2393,0.5,transect,7,3500,310,492,2698,0.3,0.3,0.3,Clumped-Poisson,5,3,Randomly placed,11.43742857142857,0,9,5,0,0,true,0,0,45,68,6,10,52,16,3,1,12,0.375,0,0,0,0,1.4222222222222223,3.2377391101592083,0,0,0,
2395,0.5,transect,7,3500,374,511,2615,0.3,0.3,0.3,Clumped-Poisson,5,3,Randomly placed,6.658,0,9,5,0,0,true,0,0,45,98,13,12,73,23,6,3,14,0.375,0,0,0,0,2.0444444444444443,1.9396505798429786,0,0,0,
2391,0.5,transect,7,3500,359,495,2646,0.3,0.3,0.3,Clumped-Poisson,5,3,Randomly placed,7.220857142857143,0,9,5,0,0,true,0,0,45,46,3,3,40,18,1,0,17,0.375,0,0,0,0,1.6,2.0225995873897262,0,0,0,
2406,0.5,adaptive-cluster,0.01,5,0,0,5,1,1,1,Clumped-Poisson,5,3,Randomly placed,0.997500000000027,0,0,0,25,45,true,0,0,25,0,0,0,0,0,0,0,0,0.20833333333333334,0,0,0,0,0,NA,0,0,0,
2403,0.5,adaptive-cluster,0.01,5,1,0,4,1,1,1,Clumped-Poisson,5,3,Randomly placed,0.9975000000000667,0,0,0,25,45,true,0,0,25,0,0,0,0,0,0,0,0,0.20833333333333334,0,0,0,0,0,NA,0,0,0,
2404,0.5,adaptive-cluster,0.01,5,0,2,3,1,1,1,Clumped-Poisson,5,3,Randomly placed,0.9975000000000136,0,0,0,25,45,true,0,0,25,0,0,0,0,0,0,0,0,0.20833333333333334,0,0,0,0,0,NA,0,0,0,
2402,0.5,adaptive-cluster,0.01,5,1,2,2,1,1,1,Clumped-Poisson,5,3,Randomly placed,0.9975000000000623,0,0,0,25,45,true,0,0,25,0,0,0,0,0,0,0,0,0.20833333333333334,0,0,0,0,0,NA,0,0,0,
2405,0.5,adaptive-cluster,0.01,5,1,1,3,1,1,1,Clumped-Poisson,5,3,Randomly placed,0.9975000000000674,0,0,0,25,45,true,0,0,25,0,0,0,0,0,0,0,0,0.20833333333333334,0,0,0,0,0,NA,0,0,0,
2397,0.5,transect,7,3500,340,499,2661,0.3,0.3,0.3,Clumped-Poisson,5,3,Randomly placed,8.666,0,9,5,0,0,true,0,0,45,55,1,11,43,19,0,6,13,0.375,0,0,0,0,1.6888888888888889,2.050422071763449,0,0,0,
2400,0.5,transect,7,3500,364,539,2597,0.3,0.3,0.3,Clumped-Poisson,5,3,Randomly placed,10.356285714285715,0,9,5,0,0,true,0,0,45,82,9,16,57,21,2,2,17,0.375,0,0,0,0,1.8666666666666667,2.443233053783867,0,0,0,
2407,0.5,adaptive-cluster,0.01,5,1,0,4,1,1,1,Clumped-Poisson,5,3,Randomly placed,0.9975000000000265,0,0,0,25,45,true,0,0,25,0,0,0,0,0,0,0,0,0.20833333333333334,0,0,0,0,0,NA,0,0,0,
2399,0.5,transect,7,3500,328,560,2612,0.3,0.3,0.3,Clumped-Poisson,5,3,Randomly placed,12.854571428571429,0,9,5,0,0,true,0,0,45,83,8,18,57,23,2,3,18,0.375,0,0,0,0,2.0444444444444443,2.418725283827248,0,0,0,
2398,0.5,transect,7,3500,347,529,2624,0.3,0.3,0.3,Clumped-Poisson,5,3,Randomly placed,8.820857142857143,0,9,5,0,0,true,0,0,45,51,4,5,42,12,0,1,11,0.375,0,0,0,0,1.0666666666666667,3.0338993810845905,0,0,0,
2416,0.5,adaptive-cluster,0.01,5,0,0,5,1,1,1,Clumped-Poisson,5,3,Randomly placed,0.9975000000000586,0,0,0,25,45,true,0,0,25,0,0,0,0,0,0,0,0,0.20833333333333334,0,0,0,0,0,NA,0,0,0,
2408,0.5,adaptive-cluster,0.01,5,1,1,3,1,1,1,Clumped-Poisson,5,3,Randomly placed,0.9975000000000327,0,0,0,25,45,true,0,0,29,1,0,0,1,1,0,0,1,0.24166666666666667,0,0,0,0,0,5.3851648071345055,0,0.16,0.03520000000000001,
2414,0.5,adaptive-cluster,0.01,5,0,0,5,1,1,1,Clumped-Poisson,5,3,Randomly placed,0.997500000000057,0,0,0,25,45,true,0,0,25,0,0,0,0,0,0,0,0,0.20833333333333334,0,0,0,0,0,NA,0,0,0,
2415,0.5,adaptive-cluster,0.01,5,0,2,3,1,1,1,Clumped-Poisson,5,3,Randomly placed,0.997500000000049,0,0,0,25,45,true,0,0,25,0,0,0,0,0,0,0,0,0.20833333333333334,0,0,0,0,0,NA,0,0,0,
2418,0.5,adaptive-cluster,0.01,5,1,0,4,1,1,1,Clumped-Poisson,5,3,Randomly placed,0.9975000000000631,0,0,0,25,45,true,0,0,25,0,0,0,0,0,0,0,0,0.20833333333333334,0,0,0,0,0,NA,0,0,0,
2421,0.5,adaptive-cluster,0.01,5,2,1,2,1,1,1,Clumped-Poisson,5,3,Randomly placed,0.9975000000000382,0,0,0,25,45,true,0,0,25,0,0,0,0,0,0,0,0,0.20833333333333334,0,0,0,0,0,NA,0,0,0,
2424,0.5,adaptive-cluster,0.01,5,0,0,5,1,1,1,Clumped-Poisson,5,3,Randomly placed,0.9975000000000398,0,0,0,25,45,true,0,0,25,0,0,0,0,0,0,0,0,0.20833333333333334,0,0,0,0,0,NA,0,0,0,
2417,0.5,adaptive-cluster,0.01,5,2,0,3,1,1,1,Clumped-Poisson,5,3,Randomly placed,0.9975000000000376,0,0,0,25,45,true,0,0,25,0,0,0,0,0,0,0,0,0.20833333333333334,0,0,0,0,0,NA,0,0,0,
2425,0.5,adaptive-cluster,0.01,5,0,0,5,1,1,1,Clumped-Poisson,5,3,Randomly placed,0.9975000000000298,0,0,0,25,45,true,0,0,25,0,0,0,0,0,0,0,0,0.20833333333333334,0,0,0,0,0,NA,0,0,0,
2426,0.5,adaptive-cluster,0.01,5,1,0,4,1,1,1,Clumped-Poisson,5,3,Randomly placed,0.9975000000000417,0,0,0,25,45,true,0,0,25,0,0,0,0,0,0,0,0,0.20833333333333334,0,0,0,0,0,NA,0,0,0,
2428,0.5,adaptive-cluster,0.01,5,0,1,4,1,1,1,Clumped-Poisson,5,3,Randomly placed,0.9975000000000533,0,0,0,25,45,true,0,0,25,0,0,0,0,0,0,0,0,0.20833333333333334,0,0,0,0,0,NA,0,0,0,
2427,0.5,adaptive-cluster,0.01,5,0,0,5,1,1,1,Clumped-Poisson,5,3,Randomly placed,0.9975000000000129,0,0,0,25,45,true,0,0,25,0,0,0,0,0,0,0,0,0.20833333333333334,0,0,0,0,0,NA,0,0,0,
2433,0.5,adaptive-cluster,0.01,5,0,2,3,1,1,1,Clumped-Poisson,5,3,Randomly placed,0.9975000000000357,0,0,0,25,45,true,0,0,25,0,0,0,0,0,0,0,0,0.20833333333333334,0,0,0,0,0,NA,0,0,0,
2413,0.5,adaptive-cluster,0.01,5,0,0,5,1,1,1,Clumped-Poisson,5,3,Randomly placed,0.9975000000000419,0,0,0,25,45,true,0,0,25,0,0,0,0,0,0,0,0,0.20833333333333334,0,0,0,0,0,NA,0,0,0,
2430,0.5,adaptive-cluster,0.01,5,0,1,4,1,1,1,Clumped-Poisson,5,3,Randomly placed,0.9975000000000523,0,0,0,25,45,true,0,0,25,0,0,0,0,0,0,0,0,0.20833333333333334,0,0,0,0,0,NA,0,0,0,
2431,0.5,adaptive-cluster,0.01,5,0,2,3,1,1,1,Clumped-Poisson,5,3,Randomly placed,0.9975000000000573,0,0,0,25,45,true,0,0,25,0,0,0,0,0,0,0,0,0.20833333333333334,0,0,0,0,0,NA,0,0,0,
2434,0.5,adaptive-cluster,0.01,5,0,0,5,1,1,1,Clumped-Poisson,5,3,Randomly placed,1.3975000000000142,0,0,0,25,45,true,0,0,25,0,0,0,0,0,0,0,0,0.20833333333333334,0,0,0,0,0,NA,0,0,0,
2429,0.5,adaptive-cluster,0.01,5,0,3,2,1,1,1,Clumped-Poisson,5,3,Randomly placed,0.9975000000000582,0,0,0,25,45,true,0,0,25,0,0,0,0,0,0,0,0,0.20833333333333334,0,0,0,0,0,NA,0,0,0,
2422,0.5,adaptive-cluster,0.01,5,2,0,3,1,1,1,Clumped-Poisson,5,3,Randomly placed,0.9975000000000643,0,0,0,25,45,true,0,0,25,0,0,0,0,0,0,0,0,0.20833333333333334,0,0,0,0,0,NA,0,0,0,
2410,0.5,adaptive-cluster,0.01,5,0,1,4,1,1,1,Clumped-Poisson,5,3,Randomly placed,0.9975000000000683,0,0,0,25,45,true,0,0,25,0,0,0,0,0,0,0,0,0.20833333333333334,0,0,0,0,0,NA,0,0,0,
2412,0.5,adaptive-cluster,0.01,5,0,3,2,1,1,1,Clumped-Poisson,5,3,Randomly placed,0.9975000000000255,0,0,0,25,45,true,0,0,25,0,0,0,0,0,0,0,0,0.20833333333333334,0,0,0,0,0,NA,0,0,0,
2437,0.5,adaptive-cluster,0.01,5,0,1,4,1,1,1,Clumped-Poisson,5,3,Randomly placed,0.997500000000058,0,0,0,25,45,true,0,0,25,0,0,0,0,0,0,0,0,0.20833333333333334,0,0,0,0,0,NA,0,0,0,
2409,0.5,adaptive-cluster,0.01,5,0,1,4,1,1,1,Clumped-Poisson,5,3,Randomly placed,0.9975000000000397,0,0,0,25,45,true,0,0,25,0,0,0,0,0,0,0,0,0.20833333333333334,0,0,0,0,0,NA,0,0,0,
2432,0.5,adaptive-cluster,0.01,5,0,1,4,1,1,1,Clumped-Poisson,5,3,Randomly placed,0.9975000000000412,0,0,0,25,45,true,0,0,25,0,0,0,0,0,0,0,0,0.20833333333333334,0,0,0,0,0,NA,0,0,0,
2423,0.5,adaptive-cluster,0.01,5,0,0,5,1,1,1,Clumped-Poisson,5,3,Randomly placed,0.9975000000000136,0,0,0,25,45,true,0,0,25,0,0,0,0,0,0,0,0,0.20833333333333334,0,0,0,0,0,NA,0,0,0,
2420,0.5,adaptive-cluster,0.01,5,0,0,5,1,1,1,Clumped-Poisson,5,3,Randomly placed,0.9975000000000287,0,0,0,25,45,true,0,0,25,0,0,0,0,0,0,0,0,0.20833333333333334,0,0,0,0,0,NA,0,0,0,
2436,0.5,adaptive-cluster,0.01,5,0,1,4,1,1,1,Clumped-Poisson,5,3,Randomly placed,0.9975000000000133,0,0,0,25,45,true,0,0,25,0,0,0,0,0,0,0,0,0.20833333333333334,0,0,0,0,0,NA,0,0,0,
2419,0.5,adaptive-cluster,0.01,5,0,1,4,1,1,1,Clumped-Poisson,5,3,Randomly placed,0.9975000000000558,0,0,0,25,45,true,0,0,25,0,0,0,0,0,0,0,0,0.20833333333333334,0,0,0,0,0,NA,0,0,0,
2443,0.5,adaptive-cluster,0.01,5,0,2,3,1,1,1,Clumped-Poisson,5,3,Randomly placed,1.3975000000000375,0,0,0,25,45,true,0,0,25,0,0,0,0,0,0,0,0,0.20833333333333334,0,0,0,0,0,NA,0,0,0,
2440,0.5,adaptive-cluster,0.01,5,0,0,5,1,1,1,Clumped-Poisson,5,3,Randomly placed,0.9975000000000123,0,0,0,25,45,true,0,0,25,0,0,0,0,0,0,0,0,0.20833333333333334,0,0,0,0,0,NA,0,0,0,
2439,0.5,adaptive-cluster,0.01,5,0,1,4,1,1,1,Clumped-Poisson,5,3,Randomly placed,0.9975000000000687,0,0,0,25,45,true,0,0,25,0,0,0,0,0,0,0,0,0.20833333333333334,0,0,0,0,0,NA,0,0,0,
2442,0.5,adaptive-cluster,0.01,5,1,1,3,1,1,1,Clumped-Poisson,5,3,Randomly placed,0.997500000000024,0,0,0,25,45,true,0,0,25,0,0,0,0,0,0,0,0,0.20833333333333334,0,0,0,0,0,NA,0,0,0,
2411,0.5,adaptive-cluster,0.01,5,1,0,4,1,1,1,Clumped-Poisson,5,3,Randomly placed,0.9975000000000231,0,0,0,25,45,true,0,0,29,1,0,0,1,1,0,0,1,0.24166666666666667,0,0,0,0,0,5.385164807134506,0,0.16,0.03520000000000001,
2435,0.5,adaptive-cluster,0.01,5,0,1,4,1,1,1,Clumped-Poisson,5,3,Randomly placed,0.9975000000000601,0,0,0,25,45,true,0,0,25,0,0,0,0,0,0,0,0,0.20833333333333334,0,0,0,0,0,NA,0,0,0,
2444,0.5,adaptive-cluster,0.01,5,2,0,3,1,1,1,Clumped-Poisson,5,3,Randomly placed,0.9975000000000452,0,0,0,25,45,true,0,0,25,0,0,0,0,0,0,0,0,0.20833333333333334,0,0,0,0,0,NA,0,0,0,
2441,0.5,adaptive-cluster,0.01,5,2,1,2,1,1,1,Clumped-Poisson,5,3,Randomly placed,0.9975000000000268,0,0,0,25,45,true,0,0,25,0,0,0,0,0,0,0,0,0.20833333333333334,0,0,0,0,0,NA,0,0,0,
2445,0.5,adaptive-cluster,0.01,5,0,0,5,1,1,1,Clumped-Poisson,5,3,Randomly placed,0.9975000000000512,0,0,0,25,45,true,0,0,25,0,0,0,0,0,0,0,0,0.20833333333333334,0,0,0,0,0,NA,0,0,0,
2438,0.5,adaptive-cluster,0.01,5,0,0,5,1,1,1,Clumped-Poisson,5,3,Randomly placed,0.9975000000000681,0,0,0,25,45,true,0,0,25,0,0,0,0,0,0,0,0,0.20833333333333334,0,0,0,0,0,NA,0,0,0,
2451,0.5,adaptive-cluster,0.01,5,0,1,4,1,1,1,Clumped-Poisson,5,3,Randomly placed,0.9975000000000243,0,0,0,25,45,true,0,0,25,0,0,0,0,0,0,0,0,0.20833333333333334,0,0,0,0,0,NA,0,0,0,
2448,0.5,adaptive-cluster,0.01,5,1,0,4,1,1,1,Clumped-Poisson,5,3,Randomly placed,0.99750000000007,0,0,0,25,45,true,0,0,25,0,0,0,0,0,0,0,0,0.20833333333333334,0,0,0,0,0,NA,0,0,0,
2446,0.5,adaptive-cluster,0.01,5,0,1,4,1,1,1,Clumped-Poisson,5,3,Randomly placed,0.9975000000000169,0,0,0,25,45,true,0,0,25,0,0,0,0,0,0,0,0,0.20833333333333334,0,0,0,0,0,NA,0,0,0,
2450,0.5,adaptive-cluster,0.01,5,0,0,5,1,1,1,Clumped-Poisson,5,3,Randomly placed,0.9975000000000409,0,0,0,25,45,true,0,0,25,0,0,0,0,0,0,0,0,0.20833333333333334,0,0,0,0,0,NA,0,0,0,
2447,0.5,adaptive-cluster,0.01,5,1,1,3,1,1,1,Clumped-Poisson,5,3,Randomly placed,0.9975000000000477,0,0,0,25,45,true,0,0,25,0,0,0,0,0,0,0,0,0.20833333333333334,0,0,0,0,0,NA,0,0,0,
2449,0.5,adaptive-cluster,0.01,5,0,1,4,1,1,1,Clumped-Poisson,5,3,Randomly placed,0.9975000000000727,0,0,0,25,45,true,0,0,25,0,0,0,0,0,0,0,0,0.20833333333333334,0,0,0,0,0,NA,0,0,0,
2453,0.5,adaptive-cluster,0.01,5,0,1,4,1,1,1,Clumped-Poisson,5,3,Randomly placed,0.9975000000000549,0,0,0,25,45,true,0,0,25,0,0,0,0,0,0,0,0,0.20833333333333334,0,0,0,0,0,NA,0,0,0,
2452,0.5,adaptive-cluster,0.01,5,0,1,4,1,1,1,Clumped-Poisson,5,3,Randomly placed,0.9975000000000489,0,0,0,25,45,true,0,0,25,0,0,0,0,0,0,0,0,0.20833333333333334,0,0,0,0,0,NA,0,0,0,
2454,0.5,adaptive-cluster,0.01,5,1,1,3,1,1,1,Clumped-Poisson,5,3,Randomly placed,0.9975000000000428,0,0,0,25,45,true,0,0,25,0,0,0,0,0,0,0,0,0.20833333333333334,0,0,0,0,0,NA,0,0,0,
2460,0.5,adaptive-cluster,0.01,5,0,0,5,1,1,1,Clumped-Poisson,5,3,Randomly placed,0.9975000000000509,0,0,0,25,45,true,0,0,25,0,0,0,0,0,0,0,0,0.20833333333333334,0,0,0,0,0,NA,0,0,0,
2456,0.5,adaptive-cluster,0.01,5,0,1,4,1,1,1,Clumped-Poisson,5,3,Randomly placed,0.997500000000012,0,0,0,25,45,true,0,0,25,0,0,0,0,0,0,0,0,0.20833333333333334,0,0,0,0,0,NA,0,0,0,
2465,0.5,adaptive-cluster,0.01,5,1,0,4,1,1,1,Clumped-Poisson,5,3,Randomly placed,0.9975000000000317,0,0,0,25,45,true,0,0,25,0,0,0,0,0,0,0,0,0.20833333333333334,0,0,0,0,0,NA,0,0,0,
2455,0.5,adaptive-cluster,0.01,5,0,1,4,1,1,1,Clumped-Poisson,5,3,Randomly placed,0.9975000000000126,0,0,0,25,45,true,0,0,25,0,0,0,0,0,0,0,0,0.20833333333333334,0,0,0,0,0,NA,0,0,0,
2464,0.5,adaptive-cluster,0.01,5,1,0,4,1,1,1,Clumped-Poisson,5,3,Randomly placed,0.9975000000000268,0,0,0,25,45,true,0,0,25,0,0,0,0,0,0,0,0,0.20833333333333334,0,0,0,0,0,NA,0,0,0,
2471,0.5,adaptive-cluster,0.01,5,0,2,3,1,1,1,Clumped-Poisson,5,3,Randomly placed,0.997500000000031,0,0,0,25,45,true,0,0,25,0,0,0,0,0,0,0,0,0.20833333333333334,0,0,0,0,0,NA,0,0,0,
2457,0.5,adaptive-cluster,0.01,5,2,0,3,1,1,1,Clumped-Poisson,5,3,Randomly placed,0.9975000000000603,0,0,0,25,45,true,0,0,25,0,0,0,0,0,0,0,0,0.20833333333333334,0,0,0,0,0,NA,0,0,0,
2458,0.5,adaptive-cluster,0.01,5,0,0,5,1,1,1,Clumped-Poisson,5,3,Randomly placed,0.9975000000000299,0,0,0,25,45,true,0,0,25,0,0,0,0,0,0,0,0,0.20833333333333334,0,0,0,0,0,NA,0,0,0,
2467,0.5,adaptive-cluster,0.01,5,0,1,4,1,1,1,Clumped-Poisson,5,3,Randomly placed,0.9975000000000188,0,0,0,25,45,true,0,0,25,0,0,0,0,0,0,0,0,0.20833333333333334,0,0,0,0,0,NA,0,0,0,
2463,0.5,adaptive-cluster,0.01,5,2,0,3,1,1,1,Clumped-Poisson,5,3,Randomly placed,0.9975000000000126,0,0,0,25,45,true,0,0,25,0,0,0,0,0,0,0,0,0.20833333333333334,0,0,0,0,0,NA,0,0,0,
2461,0.5,adaptive-cluster,0.01,5,0,3,2,1,1,1,Clumped-Poisson,5,3,Randomly placed,0.9975000000000628,0,0,0,25,45,true,0,0,25,0,0,0,0,0,0,0,0,0.20833333333333334,0,0,0,0,0,NA,0,0,0,
2462,0.5,adaptive-cluster,0.01,5,0,1,4,1,1,1,Clumped-Poisson,5,3,Randomly placed,0.9975000000000385,0,0,0,25,45,true,0,0,25,0,0,0,0,0,0,0,0,0.20833333333333334,0,0,0,0,0,NA,0,0,0,
2468,0.5,adaptive-cluster,0.01,5,2,1,2,1,1,1,Clumped-Poisson,5,3,Randomly placed,0.9975000000000271,0,0,0,25,45,true,0,0,25,0,0,0,0,0,0,0,0,0.20833333333333334,0,0,0,0,0,NA,0,0,0,
2473,0.5,adaptive-cluster,0.01,5,1,1,3,1,1,1,Clumped-Poisson,5,3,Randomly placed,0.9975000000000416,0,0,0,25,45,true,0,0,25,0,0,0,0,0,0,0,0,0.20833333333333334,0,0,0,0,0,NA,0,0,0,
2466,0.5,adaptive-cluster,0.01,5,0,1,4,1,1,1,Clumped-Poisson,5,3,Randomly placed,0.9975000000000515,0,0,0,25,45,true,0,0,25,0,0,0,0,0,0,0,0,0.20833333333333334,0,0,0,0,0,NA,0,0,0,
2459,0.5,adaptive-cluster,0.01,5,0,1,4,1,1,1,Clumped-Poisson,5,3,Randomly placed,0.997500000000058,0,0,0,25,45,true,0,0,25,0,0,0,0,0,0,0,0,0.20833333333333334,0,0,0,0,0,NA,0,0,0,
2472,0.5,adaptive-cluster,0.01,5,1,2,2,1,1,1,Clumped-Poisson,5,3,Randomly placed,0.9975000000000634,0,0,0,25,45,true,0,0,25,0,0,0,0,0,0,0,0,0.20833333333333334,0,0,0,0,0,NA,0,0,0,
2470,0.5,adaptive-cluster,0.01,5,1,1,3,1,1,1,Clumped-Poisson,5,3,Randomly placed,0.9975000000000632,0,0,0,25,45,true,0,0,25,0,0,0,0,0,0,0,0,0.20833333333333334,0,0,0,0,0,NA,0,0,0,
2469,0.5,adaptive-cluster,0.01,5,0,1,4,1,1,1,Clumped-Poisson,5,3,Randomly placed,0.9975000000000459,0,0,0,25,45,true,0,0,25,0,0,0,0,0,0,0,0,0.20833333333333334,0,0,0,0,0,NA,0,0,0,
2476,0.5,adaptive-cluster,0.01,5,2,1,2,1,1,1,Clumped-Poisson,5,3,Randomly placed,0.9975000000000164,0,0,0,25,45,true,0,0,25,0,0,0,0,0,0,0,0,0.20833333333333334,0,0,0,0,0,NA,0,0,0,
2479,0.5,adaptive-cluster,0.01,5,0,2,3,1,1,1,Clumped-Poisson,5,3,Randomly placed,0.9975000000000124,0,0,0,25,45,true,0,0,25,0,0,0,0,0,0,0,0,0.20833333333333334,0,0,0,0,0,NA,0,0,0,
2481,0.5,adaptive-cluster,0.01,5,0,1,4,1,1,1,Clumped-Poisson,5,3,Randomly placed,0.997500000000016,0,0,0,25,45,true,0,0,25,0,0,0,0,0,0,0,0,0.20833333333333334,0,0,0,0,0,NA,0,0,0,
2483,0.5,adaptive-cluster,0.01,5,0,2,3,1,1,1,Clumped-Poisson,5,3,Randomly placed,0.9975000000000687,0,0,0,25,45,true,0,0,25,0,0,0,0,0,0,0,0,0.20833333333333334,0,0,0,0,0,NA,0,0,0,
2474,0.5,adaptive-cluster,0.01,5,1,1,3,1,1,1,Clumped-Poisson,5,3,Randomly placed,0.997500000000041,0,0,0,25,45,true,0,0,25,0,0,0,0,0,0,0,0,0.20833333333333334,0,0,0,0,0,NA,0,0,0,
2491,0.5,adaptive-cluster,0.01,5,1,0,4,1,1,1,Clumped-Poisson,5,3,Randomly placed,0.9975000000000506,0,0,0,25,45,true,0,0,25,0,0,0,0,0,0,0,0,0.20833333333333334,0,0,0,0,0,NA,0,0,0,
2477,0.5,adaptive-cluster,0.01,5,0,1,4,1,1,1,Clumped-Poisson,5,3,Randomly placed,0.997500000000045,0,0,0,25,45,true,0,0,25,0,0,0,0,0,0,0,0,0.20833333333333334,0,0,0,0,0,NA,0,0,0,
2493,0.5,adaptive-cluster,0.01,5,0,2,3,1,1,1,Clumped-Poisson,5,3,Randomly placed,0.9975000000000191,0,0,0,25,45,true,0,0,25,0,0,0,0,0,0,0,0,0.20833333333333334,0,0,0,0,0,NA,0,0,0,
2482,0.5,adaptive-cluster,0.01,5,1,0,4,1,1,1,Clumped-Poisson,5,3,Randomly placed,0.9975000000000445,0,0,0,25,45,true,0,0,25,0,0,0,0,0,0,0,0,0.20833333333333334,0,0,0,0,0,NA,0,0,0,
2492,0.5,adaptive-cluster,0.01,5,0,2,3,1,1,1,Clumped-Poisson,5,3,Randomly placed,0.9975000000000179,0,0,0,25,45,true,0,0,25,0,0,0,0,0,0,0,0,0.20833333333333334,0,0,0,0,0,NA,0,0,0,
2486,0.5,adaptive-cluster,0.01,5,0,1,4,1,1,1,Clumped-Poisson,5,3,Randomly placed,0.9975000000000213,0,0,0,25,45,true,0,0,25,0,0,0,0,0,0,0,0,0.20833333333333334,0,0,0,0,0,NA,0,0,0,
2490,0.5,adaptive-cluster,0.01,5,0,1,4,1,1,1,Clumped-Poisson,5,3,Randomly placed,0.9975000000000556,0,0,0,25,45,true,0,0,25,0,0,0,0,0,0,0,0,0.20833333333333334,0,0,0,0,0,NA,0,0,0,
2494,0.5,adaptive-cluster,0.01,5,0,1,4,1,1,1,Clumped-Poisson,5,3,Randomly placed,0.9975000000000303,0,0,0,25,45,true,0,0,25,0,0,0,0,0,0,0,0,0.20833333333333334,0,0,0,0,0,NA,0,0,0,
2475,0.5,adaptive-cluster,0.01,5,0,4,1,1,1,1,Clumped-Poisson,5,3,Randomly placed,0.9975000000000185,0,0,0,25,45,true,0,0,25,0,0,0,0,0,0,0,0,0.20833333333333334,0,0,0,0,0,NA,0,0,0,
2498,0.5,adaptive-cluster,0.01,5,0,1,4,1,1,1,Clumped-Poisson,5,3,Randomly placed,0.9975000000000563,0,0,0,25,45,true,0,0,25,0,0,0,0,0,0,0,0,0.20833333333333334,0,0,0,0,0,NA,0,0,0,
2480,0.5,adaptive-cluster,0.01,5,0,0,5,1,1,1,Clumped-Poisson,5,3,Randomly placed,0.9975000000000305,0,0,0,25,45,true,0,0,25,0,0,0,0,0,0,0,0,0.20833333333333334,0,0,0,0,0,NA,0,0,0,
2499,0.5,adaptive-cluster,0.01,5,2,0,3,1,1,1,Clumped-Poisson,5,3,Randomly placed,0.9975000000000629,0,0,0,25,45,true,0,0,25,0,0,0,0,0,0,0,0,0.20833333333333334,0,0,0,0,0,NA,0,0,0,
2495,0.5,adaptive-cluster,0.01,5,0,0,5,1,1,1,Clumped-Poisson,5,3,Randomly placed,0.9975000000000378,0,0,0,25,45,true,0,0,25,0,0,0,0,0,0,0,0,0.20833333333333334,0,0,0,0,0,NA,0,0,0,
2478,0.5,adaptive-cluster,0.01,5,1,1,3,1,1,1,Clumped-Poisson,5,3,Randomly placed,0.9975000000000477,0,0,0,25,45,true,0,0,25,0,0,0,0,0,0,0,0,0.20833333333333334,0,0,0,0,0,NA,0,0,0,
2484,0.5,adaptive-cluster,0.01,5,0,0,5,1,1,1,Clumped-Poisson,5,3,Randomly placed,0.9975000000000336,0,0,0,25,45,true,0,0,29,1,0,0,1,1,0,0,1,0.24166666666666667,0,0,0,0,0,5.385164807134506,0,0.16,0.0352,
2500,0.5,adaptive-cluster,0.01,5,1,1,3,1,1,1,Clumped-Poisson,5,3,Randomly placed,0.9975000000000659,0,0,0,25,45,true,0,0,25,0,0,0,0,0,0,0,0,0.20833333333333334,0,0,0,0,0,NA,0,0,0,
2487,0.5,adaptive-cluster,0.01,5,1,0,4,1,1,1,Clumped-Poisson,5,3,Randomly placed,0.9975000000000577,0,0,0,25,45,true,0,0,25,0,0,0,0,0,0,0,0,0.20833333333333334,0,0,0,0,0,NA,0,0,0,
2496,0.5,adaptive-cluster,0.01,5,1,0,4,1,1,1,Clumped-Poisson,5,3,Randomly placed,0.9975000000000305,0,0,0,25,45,true,0,0,25,0,0,0,0,0,0,0,0,0.20833333333333334,0,0,0,0,0,NA,0,0,0,
2502,0.5,adaptive-cluster,0.1,50,6,13,31,1,1,1,Clumped-Poisson,5,3,Randomly placed,1.0549999999999808,0,0,0,25,45,true,0,0,25,0,0,0,0,0,0,0,0,0.20833333333333334,0,0,0,0,0,NA,0,0,0,
2489,0.5,adaptive-cluster,0.01,5,0,1,4,1,1,1,Clumped-Poisson,5,3,Randomly placed,0.9975000000000447,0,0,0,25,45,true,0,0,25,0,0,0,0,0,0,0,0,0.20833333333333334,0,0,0,0,0,NA,0,0,0,
2485,0.5,adaptive-cluster,0.01,5,0,1,4,1,1,1,Clumped-Poisson,5,3,Randomly placed,0.9975000000000545,0,0,0,25,45,true,0,0,25,0,0,0,0,0,0,0,0,0.20833333333333334,0,0,0,0,0,NA,0,0,0,
2488,0.5,adaptive-cluster,0.01,5,0,0,5,1,1,1,Clumped-Poisson,5,3,Randomly placed,0.9975000000000303,0,0,0,25,45,true,0,0,25,0,0,0,0,0,0,0,0,0.20833333333333334,0,0,0,0,0,NA,0,0,0,
2507,0.5,adaptive-cluster,0.1,50,6,9,35,1,1,1,Clumped-Poisson,5,3,Randomly placed,1.1749999999999836,0,0,0,25,45,true,0,0,25,0,0,0,0,0,0,0,0,0.20833333333333334,0,0,0,0,0,NA,0,0,0,
2505,0.5,adaptive-cluster,0.1,50,5,10,35,1,1,1,Clumped-Poisson,5,3,Randomly placed,1.0949999999999809,0,0,0,25,45,true,0,0,25,0,0,0,0,0,0,0,0,0.20833333333333334,0,0,0,0,0,NA,0,0,0,
2504,0.5,adaptive-cluster,0.1,50,3,13,34,1,1,1,Clumped-Poisson,5,3,Randomly placed,1.174999999999985,0,0,0,25,45,true,0,0,25,0,0,0,0,0,0,0,0,0.20833333333333334,0,0,0,0,0,NA,0,0,0,
2501,0.5,adaptive-cluster,0.1,50,4,8,38,1,1,1,Clumped-Poisson,5,3,Randomly placed,1.0949999999999827,0,0,0,25,45,true,0,0,29,1,0,0,1,1,0,0,1,0.24166666666666667,0,0,0,0,0,5.385164807134506,0,0.16,0.035200000000000016,
2510,0.5,adaptive-cluster,0.1,50,5,12,33,1,1,1,Clumped-Poisson,5,3,Randomly placed,1.0549999999999833,0,0,0,25,45,true,0,0,25,0,0,0,0,0,0,0,0,0.20833333333333334,0,0,0,0,0,NA,0,0,0,
2509,0.5,adaptive-cluster,0.1,50,2,9,39,1,1,1,Clumped-Poisson,5,3,Randomly placed,1.0549999999999813,0,0,0,25,45,true,0,0,25,0,0,0,0,0,0,0,0,0.20833333333333334,0,0,0,0,0,NA,0,0,0,
2511,0.5,adaptive-cluster,0.1,50,5,3,42,1,1,1,Clumped-Poisson,5,3,Randomly placed,1.0149999999999835,0,0,0,25,45,true,0,0,25,0,0,0,0,0,0,0,0,0.20833333333333334,0,0,0,0,0,NA,0,0,0,
2514,0.5,adaptive-cluster,0.1,50,4,9,37,1,1,1,Clumped-Poisson,5,3,Randomly placed,1.014999999999982,0,0,0,25,45,true,0,0,25,0,0,0,0,0,0,0,0,0.20833333333333334,0,0,0,0,0,NA,0,0,0,
2503,0.5,adaptive-cluster,0.1,50,2,10,38,1,1,1,Clumped-Poisson,5,3,Randomly placed,1.2149999999999854,0,0,0,25,45,true,0,0,25,0,0,0,0,0,0,0,0,0.20833333333333334,0,0,0,0,0,NA,0,0,0,
2512,0.5,adaptive-cluster,0.1,50,5,11,34,1,1,1,Clumped-Poisson,5,3,Randomly placed,1.2549999999999832,0,0,0,25,45,true,0,0,43,5,1,0,4,5,1,0,4,0.35833333333333334,0,0,0,0,0,2.789435853528877,0,0.48,0.15680000000000008,
2497,0.5,adaptive-cluster,0.01,5,0,0,5,1,1,1,Clumped-Poisson,5,3,Randomly placed,0.9975000000000521,0,0,0,25,45,true,0,0,29,1,0,0,1,1,0,0,1,0.24166666666666667,0,0,0,0,0,5.385164807134506,0,0.16,0.03520000000000001,
2515,0.5,adaptive-cluster,0.1,50,7,8,35,1,1,1,Clumped-Poisson,5,3,Randomly placed,1.0549999999999833,0,0,0,25,45,true,0,0,29,2,0,0,2,2,0,0,2,0.24166666666666667,0,0,0,0,0,5.385164807134505,0,0.32,0.14080000000000004,
2521,0.5,adaptive-cluster,0.1,50,8,7,35,1,1,1,Clumped-Poisson,5,3,Randomly placed,1.1349999999999847,0,0,0,25,45,true,0,0,25,0,0,0,0,0,0,0,0,0.20833333333333334,0,0,0,0,0,NA,0,0,0,
2508,0.5,adaptive-cluster,0.1,50,5,12,33,1,1,1,Clumped-Poisson,5,3,Randomly placed,1.1749999999999838,0,0,0,25,45,true,0,0,33,2,0,1,1,2,0,1,1,0.275,0,0,0,0,0,3.9980463979298686,0,0.32,0.08746666666666664,
2522,0.5,adaptive-cluster,0.1,50,4,3,43,1,1,1,Clumped-Poisson,5,3,Randomly placed,1.0949999999999815,0,0,0,25,45,true,0,0,25,0,0,0,0,0,0,0,0,0.20833333333333334,0,0,0,0,0,NA,0,0,0,
2520,0.5,adaptive-cluster,0.1,50,8,9,33,1,1,1,Clumped-Poisson,5,3,Randomly placed,1.1349999999999811,0,0,0,25,45,true,0,0,32,2,0,0,2,2,0,0,2,0.26666666666666666,0,0,0,0,0,3.934955014703718,0,0.16,0.035200000000000016,
2523,0.5,adaptive-cluster,0.1,50,7,7,36,1,1,1,Clumped-Poisson,5,3,Randomly placed,1.0149999999999835,0,0,0,25,45,true,0,0,45,7,1,0,6,7,1,0,6,0.375,0,0,0,0,0,2.7258809064485945,0,0.36,0.11153333333333332,
2506,0.5,adaptive-cluster,0.1,50,4,6,40,1,1,1,Clumped-Poisson,5,3,Randomly placed,1.1749999999999836,0,0,0,25,45,true,0,0,36,4,0,0,4,4,0,0,4,0.3,0,0,0,0,0,2.868548662402545,0,0.32,0.08746666666666664,
2527,0.5,adaptive-cluster,0.1,50,6,9,35,1,1,1,Clumped-Poisson,5,3,Randomly placed,1.1749999999999832,0,0,0,25,45,true,0,0,25,0,0,0,0,0,0,0,0,0.20833333333333334,0,0,0,0,0,NA,0,0,0,
2518,0.5,adaptive-cluster,0.1,50,6,7,37,1,1,1,Clumped-Poisson,5,3,Randomly placed,1.1349999999999811,0,0,0,25,45,true,0,0,25,0,0,0,0,0,0,0,0,0.20833333333333334,0,0,0,0,0,NA,0,0,0,
2529,0.5,adaptive-cluster,0.1,50,2,9,39,1,1,1,Clumped-Poisson,5,3,Randomly placed,1.1349999999999807,0,0,0,25,45,true,0,0,25,0,0,0,0,0,0,0,0,0.20833333333333334,0,0,0,0,0,NA,0,0,0,
2526,0.5,adaptive-cluster,0.1,50,3,7,40,1,1,1,Clumped-Poisson,5,3,Randomly placed,1.0549999999999817,0,0,0,25,45,true,0,0,25,0,0,0,0,0,0,0,0,0.20833333333333334,0,0,0,0,0,NA,0,0,0,
2532,0.5,adaptive-cluster,0.1,50,6,6,38,1,1,1,Clumped-Poisson,5,3,Randomly placed,1.1349999999999822,0,0,0,25,45,true,0,0,25,0,0,0,0,0,0,0,0,0.20833333333333334,0,0,0,0,0,NA,0,0,0,
2530,0.5,adaptive-cluster,0.1,50,4,13,33,1,1,1,Clumped-Poisson,5,3,Randomly placed,1.0949999999999809,0,0,0,25,45,true,0,0,33,2,0,1,1,2,0,1,1,0.275,0,0,0,0,0,3.9980463979298686,0,0.32,0.08746666666666664,
2525,0.5,adaptive-cluster,0.1,50,6,10,34,1,1,1,Clumped-Poisson,5,3,Randomly placed,1.094999999999982,0,0,0,25,45,true,0,0,36,3,0,1,2,3,0,1,2,0.3,0,0,0,0,0,3.3636714634883282,0,0.32,0.08746666666666664,
2531,0.5,adaptive-cluster,0.1,50,4,9,37,1,1,1,Clumped-Poisson,5,3,Randomly placed,1.094999999999982,0,0,0,25,45,true,0,0,29,1,0,0,1,1,0,0,1,0.24166666666666667,0,0,0,0,0,5.385164807134505,0,0.16,0.035200000000000016,
2535,0.5,adaptive-cluster,0.1,50,5,7,38,1,1,1,Clumped-Poisson,5,3,Randomly placed,1.174999999999984,0,0,0,25,45,true,0,0,25,0,0,0,0,0,0,0,0,0.20833333333333334,0,0,0,0,0,NA,0,0,0,
2533,0.5,adaptive-cluster,0.1,50,5,6,39,1,1,1,Clumped-Poisson,5,3,Randomly placed,1.0949999999999822,0,0,0,25,45,true,0,0,29,1,0,0,1,1,0,0,1,0.24166666666666667,0,0,0,0,0,5.385164807134505,0,0.16,0.03520000000000002,
2528,0.5,adaptive-cluster,0.1,50,5,7,38,1,1,1,Clumped-Poisson,5,3,Randomly placed,1.094999999999981,0,0,0,25,45,true,0,0,36,4,0,2,2,4,0,2,2,0.3,0,0,0,0,0,3.5856858280031814,0,0.48,0.2101333333333335,
2538,0.5,adaptive-cluster,0.1,50,2,8,40,1,1,1,Clumped-Poisson,5,3,Randomly placed,1.174999999999981,0,0,0,25,45,true,0,0,25,0,0,0,0,0,0,0,0,0.20833333333333334,0,0,0,0,0,NA,0,0,0,
2517,0.5,adaptive-cluster,0.1,50,6,4,40,1,1,1,Clumped-Poisson,5,3,Randomly placed,1.0949999999999829,0,0,0,25,45,true,0,0,29,1,0,0,1,1,0,0,1,0.24166666666666667,0,0,0,0,0,5.385164807134505,0,0.16,0.0352,
2537,0.5,adaptive-cluster,0.1,50,3,4,43,1,1,1,Clumped-Poisson,5,3,Randomly placed,1.2149999999999854,0,0,0,25,45,true,0,0,25,0,0,0,0,0,0,0,0,0.20833333333333334,0,0,0,0,0,NA,0,0,0,
2516,0.5,adaptive-cluster,0.1,50,4,7,39,1,1,1,Clumped-Poisson,5,3,Randomly placed,1.0549999999999813,0,0,0,25,45,true,0,0,29,1,0,0,1,1,0,0,1,0.24166666666666667,0,0,0,0,0,5.3851648071345055,0,0.16,0.03520000000000002,
2534,0.5,adaptive-cluster,0.1,50,10,8,32,1,1,1,Clumped-Poisson,5,3,Randomly placed,1.1349999999999842,0,0,0,25,45,true,0,0,39,4,1,0,3,4,1,0,3,0.325,0,0,0,0,0,2.9967087208961005,0,0.32,0.08746666666666665,
2536,0.5,adaptive-cluster,0.1,50,5,7,38,1,1,1,Clumped-Poisson,5,3,Randomly placed,0.9749999999999811,0,0,0,25,45,true,0,0,25,0,0,0,0,0,0,0,0,0.20833333333333334,0,0,0,0,0,NA,0,0,0,
2541,0.5,adaptive-cluster,0.1,50,4,5,41,1,1,1,Clumped-Poisson,5,3,Randomly placed,1.1349999999999816,0,0,0,25,45,true,0,0,25,0,0,0,0,0,0,0,0,0.20833333333333334,0,0,0,0,0,NA,0,0,0,
2545,0.5,adaptive-cluster,0.1,50,8,6,36,1,1,1,Clumped-Poisson,5,3,Randomly placed,1.0549999999999826,0,0,0,25,45,true,0,0,25,0,0,0,0,0,0,0,0,0.20833333333333334,0,0,0,0,0,NA,0,0,0,
2544,0.5,adaptive-cluster,0.1,50,2,13,35,1,1,1,Clumped-Poisson,5,3,Randomly placed,1.0149999999999821,0,0,0,25,45,true,0,0,25,0,0,0,0,0,0,0,0,0.20833333333333334,0,0,0,0,0,NA,0,0,0,
2542,0.5,adaptive-cluster,0.1,50,5,6,39,1,1,1,Clumped-Poisson,5,3,Randomly placed,1.1749999999999807,0,0,0,25,45,true,0,0,29,1,1,0,0,1,1,0,0,0.24166666666666667,0,0,0,0,0,5.3851648071345055,0,0.16,0.035200000000000016,
2546,0.5,adaptive-cluster,0.1,50,4,3,43,1,1,1,Clumped-Poisson,5,3,Randomly placed,1.134999999999986,0,0,0,25,45,true,0,0,33,3,0,1,2,3,0,1,2,0.275,0,0,0,0,0,4.227883631321943,0,0.48,0.21013333333333345,
2549,0.5,adaptive-cluster,0.1,50,5,4,41,1,1,1,Clumped-Poisson,5,3,Randomly placed,1.2149999999999856,0,0,0,25,45,true,0,0,25,0,0,0,0,0,0,0,0,0.20833333333333334,0,0,0,0,0,NA,0,0,0,
2543,0.5,adaptive-cluster,0.1,50,7,8,35,1,1,1,Clumped-Poisson,5,3,Randomly placed,0.9749999999999828,0,0,0,25,45,true,0,0,25,0,0,0,0,0,0,0,0,0.20833333333333334,0,0,0,0,0,NA,0,0,0,
2547,0.5,adaptive-cluster,0.1,50,5,4,41,1,1,1,Clumped-Poisson,5,3,Randomly placed,1.0949999999999849,0,0,0,25,45,true,0,0,25,0,0,0,0,0,0,0,0,0.20833333333333334,0,0,0,0,0,NA,0,0,0,
2513,0.5,adaptive-cluster,0.1,50,4,7,39,1,1,1,Clumped-Poisson,5,3,Randomly placed,1.0149999999999826,0,0,0,25,45,true,0,0,37,4,0,1,3,4,0,1,3,0.30833333333333335,0,0,0,0,0,2.9119008682760255,0,0.32,0.08746666666666664,
2552,0.5,adaptive-cluster,0.1,50,5,6,39,1,1,1,Clumped-Poisson,5,3,Randomly placed,1.0949999999999818,0,0,0,25,45,true,0,0,25,0,0,0,0,0,0,0,0,0.20833333333333334,0,0,0,0,0,NA,0,0,0,
2548,0.5,adaptive-cluster,0.1,50,5,9,36,1,1,1,Clumped-Poisson,5,3,Randomly placed,1.0949999999999838,0,0,0,25,45,true,0,0,25,0,0,0,0,0,0,0,0,0.20833333333333334,0,0,0,0,0,NA,0,0,0,
2553,0.5,adaptive-cluster,0.1,50,3,10,37,1,1,1,Clumped-Poisson,5,3,Randomly placed,1.0549999999999822,0,0,0,25,45,true,0,0,25,0,0,0,0,0,0,0,0,0.20833333333333334,0,0,0,0,0,NA,0,0,0,
2551,0.5,adaptive-cluster,0.1,50,1,9,40,1,1,1,Clumped-Poisson,5,3,Randomly placed,1.0949999999999804,0,0,0,25,45,true,0,0,25,0,0,0,0,0,0,0,0,0.20833333333333334,0,0,0,0,0,NA,0,0,0,
2556,0.5,adaptive-cluster,0.1,50,7,7,36,1,1,1,Clumped-Poisson,5,3,Randomly placed,1.0949999999999827,0,0,0,25,45,true,0,0,25,0,0,0,0,0,0,0,0,0.20833333333333334,0,0,0,0,0,NA,0,0,0,
2554,0.5,adaptive-cluster,0.1,50,6,9,35,1,1,1,Clumped-Poisson,5,3,Randomly placed,1.054999999999983,0,0,0,25,45,true,0,0,25,0,0,0,0,0,0,0,0,0.20833333333333334,0,0,0,0,0,NA,0,0,0,
2540,0.5,adaptive-cluster,0.1,50,6,7,37,1,1,1,Clumped-Poisson,5,3,Randomly placed,1.0949999999999798,0,0,0,25,45,true,0,0,25,0,0,0,0,0,0,0,0,0.20833333333333334,0,0,0,0,0,NA,0,0,0,
2550,0.5,adaptive-cluster,0.1,50,5,10,35,1,1,1,Clumped-Poisson,5,3,Randomly placed,1.2549999999999866,0,0,0,25,45,true,0,0,36,5,1,1,3,5,1,1,3,0.3,0,0,0,0,0,3.056047867987112,0,0.2,0.055000000000000014,
2539,0.5,adaptive-cluster,0.1,50,12,5,33,1,1,1,Clumped-Poisson,5,3,Randomly placed,1.1349999999999878,0,0,0,25,45,true,0,0,29,1,0,0,1,1,0,0,1,0.24166666666666667,0,0,0,0,0,5.385164807134505,0,0.16,0.035200000000000016,
2557,0.5,adaptive-cluster,0.1,50,4,10,36,1,1,1,Clumped-Poisson,5,3,Randomly placed,1.174999999999982,0,0,0,25,45,true,0,0,29,1,0,0,1,1,0,0,1,0.24166666666666667,0,0,0,0,0,5.385164807134506,0,0.16,0.035200000000000016,
2559,0.5,adaptive-cluster,0.1,50,5,9,36,1,1,1,Clumped-Poisson,5,3,Randomly placed,1.3749999999999818,0,0,0,25,45,true,0,0,25,0,0,0,0,0,0,0,0,0.20833333333333334,0,0,0,0,0,NA,0,0,0,
2563,0.5,adaptive-cluster,0.1,50,7,6,37,1,1,1,Clumped-Poisson,5,3,Randomly placed,1.0149999999999813,0,0,0,25,45,true,0,0,25,0,0,0,0,0,0,0,0,0.20833333333333334,0,0,0,0,0,NA,0,0,0,
2555,0.5,adaptive-cluster,0.1,50,5,8,37,1,1,1,Clumped-Poisson,5,3,Randomly placed,1.1349999999999842,0,0,0,25,45,true,0,0,31,2,0,1,1,2,0,1,1,0.25833333333333336,0,0,0,0,0,3.8708310907779646,0,0.16,0.03520000000000002,
2560,0.5,adaptive-cluster,0.1,50,3,9,38,1,1,1,Clumped-Poisson,5,3,Randomly placed,1.0149999999999817,0,0,0,25,45,true,0,0,25,0,0,0,0,0,0,0,0,0.20833333333333334,0,0,0,0,0,NA,0,0,0,
2562,0.5,adaptive-cluster,0.1,50,3,12,35,1,1,1,Clumped-Poisson,5,3,Randomly placed,1.134999999999985,0,0,0,25,45,true,0,0,25,0,0,0,0,0,0,0,0,0.20833333333333334,0,0,0,0,0,NA,0,0,0,
2565,0.5,adaptive-cluster,0.1,50,4,8,38,1,1,1,Clumped-Poisson,5,3,Randomly placed,1.1349999999999798,0,0,0,25,45,true,0,0,25,0,0,0,0,0,0,0,0,0.20833333333333334,0,0,0,0,0,NA,0,0,0,
2564,0.5,adaptive-cluster,0.1,50,3,7,40,1,1,1,Clumped-Poisson,5,3,Randomly placed,1.1749999999999836,0,0,0,25,45,true,0,0,25,0,0,0,0,0,0,0,0,0.20833333333333334,0,0,0,0,0,NA,0,0,0,
2567,0.5,adaptive-cluster,0.1,50,4,9,37,1,1,1,Clumped-Poisson,5,3,Randomly placed,1.4549999999999863,0,0,0,25,45,true,0,0,25,0,0,0,0,0,0,0,0,0.20833333333333334,0,0,0,0,0,NA,0,0,0,
2568,0.5,adaptive-cluster,0.1,50,5,5,40,1,1,1,Clumped-Poisson,5,3,Randomly placed,1.134999999999984,0,0,0,25,45,true,0,0,25,0,0,0,0,0,0,0,0,0.20833333333333334,0,0,0,0,0,NA,0,0,0,
2561,0.5,adaptive-cluster,0.1,50,4,7,39,1,1,1,Clumped-Poisson,5,3,Randomly placed,1.0149999999999826,0,0,0,25,45,true,0,0,29,1,1,0,0,1,1,0,0,0.24166666666666667,0,0,0,0,0,5.385164807134506,0,0.16,0.03520000000000001,
2570,0.5,adaptive-cluster,0.1,50,2,7,41,1,1,1,Clumped-Poisson,5,3,Randomly placed,1.1349999999999816,0,0,0,25,45,true,0,0,29,2,0,0,2,2,0,0,2,0.24166666666666667,0,0,0,0,0,5.3851648071345055,0,0.32,0.14080000000000004,
2571,0.5,adaptive-cluster,0.1,50,2,7,41,1,1,1,Clumped-Poisson,5,3,Randomly placed,1.174999999999983,0,0,0,25,45,true,0,0,25,0,0,0,0,0,0,0,0,0.20833333333333334,0,0,0,0,0,NA,0,0,0,
2566,0.5,adaptive-cluster,0.1,50,3,11,36,1,1,1,Clumped-Poisson,5,3,Randomly placed,1.1749999999999803,0,0,0,25,45,true,0,0,29,1,0,0,1,1,0,0,1,0.24166666666666667,0,0,0,0,0,5.385164807134506,0,0.16,0.03520000000000002,
2576,0.5,adaptive-cluster,0.1,50,5,6,39,1,1,1,Clumped-Poisson,5,3,Randomly placed,1.1349999999999825,0,0,0,25,45,true,0,0,25,0,0,0,0,0,0,0,0,0.20833333333333334,0,0,0,0,0,NA,0,0,0,
2524,0.5,adaptive-cluster,0.1,50,8,6,36,1,1,1,Clumped-Poisson,5,3,Randomly placed,1.2949999999999795,0,0,0,25,45,true,0,0,29,1,0,0,1,1,0,0,1,0.24166666666666667,0,0,0,0,0,5.385164807134505,0,0.16,0.03520000000000001,
2572,0.5,adaptive-cluster,0.1,50,4,7,39,1,1,1,Clumped-Poisson,5,3,Randomly placed,1.2149999999999808,0,0,0,25,45,true,0,0,25,0,0,0,0,0,0,0,0,0.20833333333333334,0,0,0,0,0,NA,0,0,0,
2574,0.5,adaptive-cluster,0.1,50,6,9,35,1,1,1,Clumped-Poisson,5,3,Randomly placed,1.0949999999999822,0,0,0,25,45,true,0,0,29,1,0,0,1,1,0,0,1,0.24166666666666667,0,0,0,0,0,5.385164807134506,0,0.16,0.03520000000000001,
2558,0.5,adaptive-cluster,0.1,50,7,6,37,1,1,1,Clumped-Poisson,5,3,Randomly placed,1.094999999999983,0,0,0,25,45,true,0,0,34,3,1,0,2,3,1,0,2,0.2833333333333333,0,0,0,0,0,3.2628920678540134,0,0.16,0.035200000000000016,
2581,0.5,adaptive-cluster,0.1,50,4,4,42,1,1,1,Clumped-Poisson,5,3,Randomly placed,1.0549999999999835,0,0,0,25,45,true,0,0,25,0,0,0,0,0,0,0,0,0.20833333333333334,0,0,0,0,0,NA,0,0,0,
2582,0.5,adaptive-cluster,0.1,50,7,7,36,1,1,1,Clumped-Poisson,5,3,Randomly placed,1.1349999999999831,0,0,0,25,45,true,0,0,25,0,0,0,0,0,0,0,0,0.20833333333333334,0,0,0,0,0,NA,0,0,0,
2579,0.5,adaptive-cluster,0.1,50,7,9,34,1,1,1,Clumped-Poisson,5,3,Randomly placed,1.1349999999999818,0,0,0,25,45,true,0,0,32,2,0,0,2,2,0,0,2,0.26666666666666666,0,0,0,0,0,3.934955014703718,0,0.16,0.03520000000000002,
2580,0.5,adaptive-cluster,0.1,50,3,8,39,1,1,1,Clumped-Poisson,5,3,Randomly placed,1.1349999999999811,0,0,0,25,45,true,0,0,28,1,0,0,1,1,0,0,1,0.23333333333333334,0,0,0,0,0,5.291502622129182,0,0.16,0.035200000000000016,
2569,0.5,adaptive-cluster,0.1,50,3,7,40,1,1,1,Clumped-Poisson,5,3,Randomly placed,1.1349999999999827,0,0,0,25,45,true,0,0,32,2,0,0,2,2,0,0,2,0.26666666666666666,0,0,0,0,0,3.934955014703718,0,0.16,0.035200000000000016,
2585,0.5,adaptive-cluster,0.1,50,1,7,42,1,1,1,Clumped-Poisson,5,3,Randomly placed,1.2949999999999868,0,0,0,25,45,true,0,0,25,0,0,0,0,0,0,0,0,0.20833333333333334,0,0,0,0,0,NA,0,0,0,
2583,0.5,adaptive-cluster,0.1,50,2,4,44,1,1,1,Clumped-Poisson,5,3,Randomly placed,1.054999999999982,0,0,0,25,45,true,0,0,25,0,0,0,0,0,0,0,0,0.20833333333333334,0,0,0,0,0,NA,0,0,0,
2578,0.5,adaptive-cluster,0.1,50,4,12,34,1,1,1,Clumped-Poisson,5,3,Randomly placed,1.0949999999999835,0,0,0,25,45,true,0,0,31,2,0,0,2,2,0,0,2,0.25833333333333336,0,0,0,0,0,3.8708310907779646,0,0.16,0.0352,
2575,0.5,adaptive-cluster,0.1,50,4,10,36,1,1,1,Clumped-Poisson,5,3,Randomly placed,1.0949999999999838,0,0,0,25,45,true,0,0,29,1,0,0,1,1,0,0,1,0.24166666666666667,0,0,0,0,0,5.385164807134507,0,0.16,0.03520000000000001,
2584,0.5,adaptive-cluster,0.1,50,4,9,37,1,1,1,Clumped-Poisson,5,3,Randomly placed,1.3349999999999789,0,0,0,25,45,true,0,0,29,1,1,0,0,1,1,0,0,0.24166666666666667,0,0,0,0,0,5.3851648071345055,0,0.16,0.03520000000000002,
2586,0.5,adaptive-cluster,0.1,50,3,10,37,1,1,1,Clumped-Poisson,5,3,Randomly placed,1.334999999999982,0,0,0,25,45,true,0,0,25,0,0,0,0,0,0,0,0,0.20833333333333334,0,0,0,0,0,NA,0,0,0,
2519,0.5,adaptive-cluster,0.1,50,3,10,37,1,1,1,Clumped-Poisson,5,3,Randomly placed,1.0149999999999821,0,0,0,25,45,true,0,0,33,2,0,0,2,2,0,0,2,0.275,0,0,0,0,0,3.998046397929869,0,0.32,0.08746666666666666,
2594,0.5,adaptive-cluster,0.1,50,4,9,37,1,1,1,Clumped-Poisson,5,3,Randomly placed,1.134999999999985,0,0,0,25,45,true,0,0,25,0,0,0,0,0,0,0,0,0.20833333333333334,0,0,0,0,0,NA,0,0,0,
2592,0.5,adaptive-cluster,0.1,50,4,12,34,1,1,1,Clumped-Poisson,5,3,Randomly placed,1.2549999999999806,0,0,0,25,45,true,0,0,25,0,0,0,0,0,0,0,0,0.20833333333333334,0,0,0,0,0,NA,0,0,0,
2591,0.5,adaptive-cluster,0.1,50,7,9,34,1,1,1,Clumped-Poisson,5,3,Randomly placed,1.0549999999999815,0,0,0,25,45,true,0,0,28,1,0,0,1,1,0,0,1,0.23333333333333334,0,0,0,0,0,5.291502622129182,0,0.16,0.03520000000000001,
2593,0.5,adaptive-cluster,0.1,50,6,4,40,1,1,1,Clumped-Poisson,5,3,Randomly placed,1.094999999999985,0,0,0,25,45,true,0,0,25,0,0,0,0,0,0,0,0,0.20833333333333334,0,0,0,0,0,NA,0,0,0,
2597,0.5,adaptive-cluster,0.1,50,8,11,31,1,1,1,Clumped-Poisson,5,3,Randomly placed,1.09499999999998,0,0,0,25,45,true,0,0,25,0,0,0,0,0,0,0,0,0.20833333333333334,0,0,0,0,0,NA,0,0,0,
2589,0.5,adaptive-cluster,0.1,50,1,6,43,1,1,1,Clumped-Poisson,5,3,Randomly placed,1.0549999999999822,0,0,0,25,45,true,0,0,29,1,0,0,1,1,0,0,1,0.24166666666666667,0,0,0,0,0,5.385164807134506,0,0.16,0.03520000000000001,
2600,0.5,adaptive-cluster,0.1,50,12,3,35,1,1,1,Clumped-Poisson,5,3,Randomly placed,1.0149999999999817,0,0,0,25,45,true,0,0,25,0,0,0,0,0,0,0,0,0.20833333333333334,0,0,0,0,0,NA,0,0,0,
2590,0.5,adaptive-cluster,0.1,50,4,4,42,1,1,1,Clumped-Poisson,5,3,Randomly placed,1.2549999999999852,0,0,0,25,45,true,0,0,29,1,0,0,1,1,0,0,1,0.24166666666666667,0,0,0,0,0,5.385164807134508,0,0.16,0.0352,
2598,0.5,adaptive-cluster,0.1,50,7,11,32,1,1,1,Clumped-Poisson,5,3,Randomly placed,1.1749999999999845,0,0,0,25,45,true,0,0,29,2,0,0,2,2,0,0,2,0.24166666666666667,0,0,0,0,0,5.3851648071345055,0,0.32,0.14080000000000006,
2573,0.5,adaptive-cluster,0.1,50,6,5,39,1,1,1,Clumped-Poisson,5,3,Randomly placed,1.0949999999999855,0,0,0,25,45,true,0,0,32,2,0,0,2,2,0,0,2,0.26666666666666666,0,0,0,0,0,3.934955014703718,0,0.16,0.0352,
2587,0.5,adaptive-cluster,0.1,50,5,5,40,1,1,1,Clumped-Poisson,5,3,Randomly placed,1.0549999999999808,0,0,0,25,45,true,0,0,35,3,0,0,3,3,0,0,3,0.2916666666666667,0,0,0,0,0,3.313667478318056,0,0.16,0.03520000000000002,
2596,0.5,adaptive-cluster,0.1,50,3,15,32,1,1,1,Clumped-Poisson,5,3,Randomly placed,1.1349999999999818,0,0,0,25,45,true,0,0,25,0,0,0,0,0,0,0,0,0.20833333333333334,0,0,0,0,0,NA,0,0,0,
2595,0.5,adaptive-cluster,0.1,50,5,6,39,1,1,1,Clumped-Poisson,5,3,Randomly placed,1.0549999999999888,0,0,0,25,45,true,0,0,34,3,1,0,2,3,1,0,2,0.2833333333333333,0,0,0,0,0,3.2628920678540143,0,0.32,0.08746666666666662,
2588,0.5,adaptive-cluster,0.1,50,4,9,37,1,1,1,Clumped-Poisson,5,3,Randomly placed,1.0549999999999813,0,0,0,25,45,true,0,0,25,0,0,0,0,0,0,0,0,0.20833333333333334,0,0,0,0,0,NA,0,0,0,
2599,0.5,adaptive-cluster,0.1,50,5,12,33,1,1,1,Clumped-Poisson,5,3,Randomly placed,1.1349999999999871,0,0,0,25,45,true,0,0,32,2,0,1,1,2,0,1,1,0.26666666666666666,0,0,0,0,0,3.934955014703718,0,0.32,0.08746666666666662,
2601,0.5,adaptive-cluster,1,500,56,63,381,1,1,1,Clumped-Poisson,5,3,Randomly placed,2.194,0,0,0,25,45,true,0,0,45,33,2,4,27,33,2,4,27,0.375,0,0,0,0,0,2.00159590722195,0,1.1733333333333336,0.909511111111112,
2609,0.5,adaptive-cluster,1,500,46,69,385,1,1,1,Clumped-Poisson,5,3,Randomly placed,1.922,0,0,0,25,45,true,0,0,45,41,3,3,35,41,3,3,35,0.375,0,0,0,0,0,1.4199475867818936,0,0.9422222222222222,0.5708246913580248,
2602,0.5,adaptive-cluster,1,500,62,78,360,1,1,1,Clumped-Poisson,5,3,Randomly placed,1.862,0,0,0,25,45,true,0,0,45,29,4,4,21,29,4,4,21,0.375,0,0,0,0,0,1.59195496606772,0,1.836,2.022315333333334,
2577,0.5,adaptive-cluster,0.1,50,8,6,36,1,1,1,Clumped-Poisson,5,3,Randomly placed,1.0149999999999835,0,0,0,25,45,true,0,0,29,1,0,0,1,1,0,0,1,0.24166666666666667,0,0,0,0,0,5.385164807134505,0,0.16,0.03520000000000001,
2604,0.5,adaptive-cluster,1,500,46,77,377,1,1,1,Clumped-Poisson,5,3,Randomly placed,2.246,0,0,0,25,45,true,0,0,45,42,3,7,32,42,3,7,32,0.375,0,0,0,0,0,1.487424091076967,0,2.208,2.844821333333334,
2611,0.5,adaptive-cluster,1,500,63,74,363,1,1,1,Clumped-Poisson,5,3,Randomly placed,2.466,0,0,0,25,45,true,0,0,45,40,4,8,28,40,4,8,28,0.375,0,0,0,0,0,1.25141964838484,0,1.386666666666667,1.1150222222222221,
2606,0.5,adaptive-cluster,1,500,41,80,379,1,1,1,Clumped-Poisson,5,3,Randomly placed,2.022,0,0,0,25,45,true,0,0,45,33,1,5,27,33,1,5,27,0.375,0,0,0,0,0,1.5218172931660068,0,1.3828571428571428,1.059880272108844,
2608,0.5,adaptive-cluster,1,500,59,74,367,1,1,1,Clumped-Poisson,5,3,Randomly placed,1.806,0,0,0,25,45,true,0,0,45,32,1,7,24,32,1,7,24,0.375,0,0,0,0,0,1.4571745260715405,0,0.9866666666666666,0.6096888888888892,
2610,0.5,adaptive-cluster,1,500,54,67,379,1,1,1,Clumped-Poisson,5,3,Randomly placed,2.374,0,0,0,25,45,true,0,0,36,3,0,0,3,3,0,0,3,0.3,0,0,0,0,0,3.3636714634883305,0,0.32,0.08746666666666664,
2607,0.5,adaptive-cluster,1,500,55,76,369,1,1,1,Clumped-Poisson,5,3,Randomly placed,1.834,0,0,0,25,45,true,0,0,45,31,5,4,22,31,5,4,22,0.375,0,0,0,0,0,1.6028277679327338,0,0.7866666666666667,0.4420222222222225,
2613,0.5,adaptive-cluster,1,500,44,70,386,1,1,1,Clumped-Poisson,5,3,Randomly placed,2.154,0,0,0,25,45,true,0,0,45,37,8,3,26,37,8,3,26,0.375,0,0,0,0,0,1.725626659993192,0,1.2533333333333334,1.0754666666666668,
2617,0.5,adaptive-cluster,1,500,58,76,366,1,1,1,Clumped-Poisson,5,3,Randomly placed,2.522,0,0,0,25,45,true,0,0,45,17,4,2,11,17,4,2,11,0.375,0,0,0,0,0,1.8961725326749588,0,0.6293333333333334,0.2743608888888889,
2614,0.5,adaptive-cluster,1,500,48,85,367,1,1,1,Clumped-Poisson,5,3,Randomly placed,2.426,0,0,0,25,45,true,0,0,45,39,5,5,29,39,5,5,29,0.375,0,0,0,0,0,1.5866576560438348,0,1.6333333333333335,1.5126388888888895,
2605,0.5,adaptive-cluster,1,500,57,63,380,1,1,1,Clumped-Poisson,5,3,Randomly placed,2.182,0,0,0,25,45,true,0,0,45,13,1,1,11,13,1,1,11,0.375,0,0,0,0,0,1.8991518732179022,0,0.544,0.2021120000000001,
2612,0.5,adaptive-cluster,1,500,45,82,373,1,1,1,Clumped-Poisson,5,3,Randomly placed,2.93,0,0,0,25,45,true,0,0,45,71,5,12,54,71,5,12,54,0.375,0,0,0,0,0,1.3341983061734901,0,1.078857142857143,1.0259313197278912,
2616,0.5,adaptive-cluster,1,500,54,68,378,1,1,1,Clumped-Poisson,5,3,Randomly placed,2.462,0,0,0,25,45,true,0,0,45,30,4,3,23,30,4,3,23,0.375,0,0,0,0,0,1.864744681524183,0,2,2.5933333333333337,
2603,0.5,adaptive-cluster,1,500,53,72,375,1,1,1,Clumped-Poisson,5,3,Randomly placed,2.314,0,0,0,25,45,true,0,0,45,42,9,4,29,42,9,4,29,0.375,0,0,0,0,0,1.684811556657635,0,0.37333333333333335,0.19164444444444448,
2627,0.5,adaptive-cluster,1,500,36,85,379,1,1,1,Clumped-Poisson,5,3,Randomly placed,2.162,0,0,0,25,45,true,0,0,45,29,0,7,22,29,0,7,22,0.375,0,0,0,0,0,1.5572003681941957,0,1.32,0.9691333333333336,
2620,0.5,adaptive-cluster,1,500,49,77,374,1,1,1,Clumped-Poisson,5,3,Randomly placed,2.53,0,0,0,25,45,true,0,0,45,67,9,7,51,67,9,7,51,0.375,0,0,0,0,0,1.6049429762789937,0,0.8200000000000001,0.7045499999999999,
2618,0.5,adaptive-cluster,1,500,52,77,371,1,1,1,Clumped-Poisson,5,3,Randomly placed,1.754,0,0,0,25,45,true,0,0,45,28,5,2,21,28,5,2,21,0.375,0,0,0,0,0,1.5433778883094214,0,0.9428571428571428,0.5537755102040816,
2623,0.5,adaptive-cluster,1,500,57,72,371,1,1,1,Clumped-Poisson,5,3,Randomly placed,2.046,0,0,0,25,45,true,0,0,45,40,3,5,32,40,3,5,32,0.375,0,0,0,0,0,1.6482170118591242,0,0.7253333333333333,0.45317688888888896,
2615,0.5,adaptive-cluster,1,500,52,73,375,1,1,1,Clumped-Poisson,5,3,Randomly placed,2.366,0,0,0,25,45,true,0,0,45,21,3,7,11,21,3,7,11,0.375,0,0,0,0,0,1.6216874328520055,0,1.0133333333333332,0.5763555555555553,
2624,0.5,adaptive-cluster,1,500,52,79,369,1,1,1,Clumped-Poisson,5,3,Randomly placed,2.014,0,0,0,25,45,true,0,0,45,52,5,7,40,52,5,7,40,0.375,0,0,0,0,0,1.4869829214602173,0,1.4628571428571429,1.350051700680272,
2628,0.5,adaptive-cluster,1,500,56,56,388,1,1,1,Clumped-Poisson,5,3,Randomly placed,1.95,0,0,0,25,45,true,0,0,45,45,7,3,35,45,7,3,35,0.375,0,0,0,0,0,1.4142135623730951,0,1.7542857142857142,1.6525401360544223,
2621,0.5,adaptive-cluster,1,500,49,72,379,1,1,1,Clumped-Poisson,5,3,Randomly placed,1.754,0,0,0,25,45,true,0,0,45,31,4,4,23,31,4,4,23,0.375,0,0,0,0,0,1.6615109610622536,0,1.176969696969697,0.8606888888888893,
2630,0.5,adaptive-cluster,1,500,48,74,378,1,1,1,Clumped-Poisson,5,3,Randomly placed,2.078,0,0,0,25,45,true,0,0,45,36,5,5,26,36,5,5,26,0.375,0,0,0,0,0,1.6770509831248426,0,0.7261538461538461,0.4009341222879683,
2626,0.5,adaptive-cluster,1,500,43,82,375,1,1,1,Clumped-Poisson,5,3,Randomly placed,2.438,0,0,0,25,45,true,0,0,45,19,0,6,13,19,0,6,13,0.375,0,0,0,0,0,2.1116827959408044,0,1.12,0.7114666666666668,
2622,0.5,adaptive-cluster,1,500,47,88,365,1,1,1,Clumped-Poisson,5,3,Randomly placed,2.45,0,0,0,25,45,true,0,0,45,28,1,6,21,28,1,6,21,0.375,0,0,0,0,0,1.7230902148995988,0,0.7771428571428572,0.4287999999999999,
2625,0.5,adaptive-cluster,1,500,60,80,360,1,1,1,Clumped-Poisson,5,3,Randomly placed,2.058,0,0,0,25,45,true,0,0,45,31,4,5,22,31,4,5,22,0.375,0,0,0,0,0,1.7730601551773668,0,0.9866666666666666,0.6274666666666668,
2634,0.5,adaptive-cluster,1,500,45,69,386,1,1,1,Clumped-Poisson,5,3,Randomly placed,2.07,0,0,0,25,45,true,0,0,45,32,2,5,25,32,2,5,25,0.375,0,0,0,0,0,1.659088476803946,0,2.0933333333333333,2.294200000000001,
2633,0.5,adaptive-cluster,1,500,53,73,374,1,1,1,Clumped-Poisson,5,3,Randomly placed,1.566,0,0,0,25,45,true,0,0,45,28,7,5,16,28,7,5,16,0.375,0,0,0,0,0,1.5809554777521433,0,0.792,0.4344880000000001,
2629,0.5,adaptive-cluster,1,500,46,76,378,1,1,1,Clumped-Poisson,5,3,Randomly placed,1.874,0,0,0,25,45,true,0,0,45,28,2,4,22,28,2,4,22,0.375,0,0,0,0,0,1.465334594247447,0,1.4880000000000002,1.1511146666666667,
2631,0.5,adaptive-cluster,1,500,55,76,369,1,1,1,Clumped-Poisson,5,3,Randomly placed,1.85,0,0,0,25,45,true,0,0,45,40,1,6,33,40,1,6,33,0.375,0,0,0,0,0,1.4031215200402287,0,1.5333333333333334,1.346111111111111,
2619,0.5,adaptive-cluster,1,500,54,68,378,1,1,1,Clumped-Poisson,5,3,Randomly placed,2.598,0,0,0,25,45,true,0,0,45,57,4,13,40,57,4,13,40,0.375,0,0,0,0,0,1.2752116271551677,0,1.5219047619047619,1.4184176870748295,
2636,0.5,adaptive-cluster,1,500,48,84,368,1,1,1,Clumped-Poisson,5,3,Randomly placed,2.29,0,0,0,25,45,true,0,0,45,26,2,2,22,26,2,2,22,0.375,0,0,0,0,0,1.8260487418278109,0,0.4553846153846154,0.18667928994082852,
2632,0.5,adaptive-cluster,1,500,52,83,365,1,1,1,Clumped-Poisson,5,3,Randomly placed,2.89,0,0,0,25,45,true,0,0,45,39,6,6,27,39,6,6,27,0.375,0,0,0,0,0,1.3828660277770903,0,2.34,2.81395,
2635,0.5,adaptive-cluster,1,500,62,77,361,1,1,1,Clumped-Poisson,5,3,Randomly placed,2.166,0,0,0,25,45,true,0,0,45,70,6,14,50,70,6,14,50,0.375,0,0,0,0,0,1.207006447376078,0,2.136969696969697,2.730240404040404,
2639,0.5,adaptive-cluster,1,500,37,71,392,1,1,1,Clumped-Poisson,5,3,Randomly placed,2.35,0,0,0,25,45,true,0,0,45,34,4,4,26,34,4,4,26,0.375,0,0,0,0,0,1.673089751745377,0,0.9280000000000002,0.6742613333333337,
2638,0.5,adaptive-cluster,1,500,51,67,382,1,1,1,Clumped-Poisson,5,3,Randomly placed,1.842,0,0,0,25,45,true,0,0,45,37,4,10,23,37,4,10,23,0.375,0,0,0,0,0,1.7641594174269766,0,0.86,0.6369499999999997,
2641,0.5,adaptive-cluster,1,500,58,70,372,1,1,1,Clumped-Poisson,5,3,Randomly placed,2.27,0,0,0,25,45,true,0,0,45,14,2,1,11,14,2,1,11,0.375,0,0,0,0,0,2.0354579469503524,0,0.5485714285714286,0.2080653061224489,
2645,0.5,adaptive-cluster,1,500,46,74,380,1,1,1,Clumped-Poisson,5,3,Randomly placed,1.874,0,0,0,25,45,true,0,0,45,39,0,3,36,39,0,3,36,0.375,0,0,0,0,0,1.5283760327457898,0,1.3519999999999999,1.0760346666666665,
2643,0.5,adaptive-cluster,1,500,52,74,374,1,1,1,Clumped-Poisson,5,3,Randomly placed,2.09,0,0,0,25,45,true,0,0,45,30,1,8,21,30,1,8,21,0.375,0,0,0,0,0,1.3939805659268771,0,1.6133333333333333,1.3366888888888884,
2644,0.5,adaptive-cluster,1,500,67,65,368,1,1,1,Clumped-Poisson,5,3,Randomly placed,1.95,0,0,0,25,45,true,0,0,45,36,6,2,28,36,6,2,28,0.375,0,0,0,0,0,1.634152546567959,0,1.0711111111111111,0.7167679012345677,
2640,0.5,adaptive-cluster,1,500,42,84,374,1,1,1,Clumped-Poisson,5,3,Randomly placed,2.47,0,0,0,25,45,true,0,0,45,57,4,7,46,57,4,7,46,0.375,0,0,0,0,0,1.4420301730179688,0,1.3644444444444446,1.254664197530865,
2642,0.5,adaptive-cluster,1,500,47,87,366,1,1,1,Clumped-Poisson,5,3,Randomly placed,2.138,0,0,0,25,45,true,0,0,45,21,1,3,17,21,1,3,17,0.375,0,0,0,0,0,1.6848115566576347,0,1.0933333333333335,0.6599407407407412,
2648,0.5,adaptive-cluster,1,500,45,67,388,1,1,1,Clumped-Poisson,5,3,Randomly placed,2.278,0,0,0,25,45,true,0,0,45,15,1,2,12,15,1,2,12,0.375,0,0,0,0,0,2.1213203435596424,0,0.58,0.23588333333333336,
2637,0.5,adaptive-cluster,1,500,58,84,358,1,1,1,Clumped-Poisson,5,3,Randomly placed,3.086,0,0,0,25,45,true,0,0,45,48,5,9,34,48,5,9,34,0.375,0,0,0,0,0,1.5274477375377171,0,0.7983838383838383,0.5925423120089788,
2646,0.5,adaptive-cluster,1,500,56,76,368,1,1,1,Clumped-Poisson,5,3,Randomly placed,2.122,0,0,0,25,45,true,0,0,45,22,2,2,18,22,2,2,18,0.375,0,0,0,0,0,1.7236532324731604,0,1.248,0.872234666666667,
2647,0.5,adaptive-cluster,1,500,51,75,374,1,1,1,Clumped-Poisson,5,3,Randomly placed,2.094,0,0,0,25,45,true,0,0,45,36,2,7,27,36,2,7,27,0.375,0,0,0,0,0,1.5216244310245908,0,0.7413333333333333,0.39122133333333325,
2653,0.5,adaptive-cluster,1,500,45,78,377,1,1,1,Clumped-Poisson,5,3,Randomly placed,1.898,0,0,0,25,45,true,0,0,45,41,4,6,31,41,4,6,31,0.375,0,0,0,0,0,1.4199475867818936,0,1,0.7131333333333334,
2650,0.5,adaptive-cluster,1,500,52,69,379,1,1,1,Clumped-Poisson,5,3,Randomly placed,2.254,0,0,0,25,45,true,0,0,45,21,1,4,16,21,1,4,16,0.375,0,0,0,0,0,1.9166296949998192,0,0.28,0.10779999999999999,
2656,0.5,adaptive-cluster,1,500,55,76,369,1,1,1,Clumped-Poisson,5,3,Randomly placed,2.446,0,0,0,25,45,true,0,0,45,20,2,3,15,20,2,3,15,0.375,0,0,0,0,0,1.8919686716606745,0,0.8133333333333334,0.46291111111111105,
2652,0.5,adaptive-cluster,1,500,46,77,377,1,1,1,Clumped-Poisson,5,3,Randomly placed,3.106,0,0,0,25,45,true,0,0,45,77,6,14,57,77,6,14,57,0.375,0,0,0,0,0,1.3570425839819804,0,0.616,0.5217520000000003,
2649,0.5,adaptive-cluster,1,500,52,84,364,1,1,1,Clumped-Poisson,5,3,Randomly placed,2.562,0,0,0,25,45,true,0,0,45,26,1,3,22,26,1,3,22,0.375,0,0,0,0,0,1.7498943332426653,0,0.584,0.29161866666666664,
2661,0.5,adaptive-cluster,1,500,50,78,372,1,1,1,Clumped-Poisson,5,3,Randomly placed,2.194,0,0,0,25,45,true,0,0,45,21,2,3,16,21,2,3,16,0.375,0,0,0,0,0,1.9703271909335491,0,1.1413333333333335,0.7991324444444451,
2651,0.5,adaptive-cluster,1,500,53,76,371,1,1,1,Clumped-Poisson,5,3,Randomly placed,2.714,0,0,0,25,45,true,0,0,45,22,1,2,19,22,1,2,19,0.375,0,0,0,0,0,1.72365323247316,0,0.88,0.4696,
2663,0.5,adaptive-cluster,1,500,51,81,368,1,1,1,Clumped-Poisson,5,3,Randomly placed,1.986,0,0,0,25,45,true,0,0,45,20,4,3,13,20,4,3,13,0.375,0,0,0,0,0,1.891968671660675,0,0.52,0.23180000000000017,
2654,0.5,adaptive-cluster,1,500,32,76,392,1,1,1,Clumped-Poisson,5,3,Randomly placed,1.926,0,0,0,25,45,true,0,0,45,42,3,7,32,42,3,7,32,0.375,0,0,0,0,0,1.3002425918933953,0,1.8076190476190477,1.643587755102041,
2657,0.5,adaptive-cluster,1,500,55,83,362,1,1,1,Clumped-Poisson,5,3,Randomly placed,1.95,0,0,0,25,45,true,0,0,45,17,1,1,15,17,1,1,15,0.375,0,0,0,0,0,1.8961725326749588,0,0.48,0.19828148148148164,
2660,0.5,adaptive-cluster,1,500,49,79,372,1,1,1,Clumped-Poisson,5,3,Randomly placed,2.326,0,0,0,25,45,true,0,0,45,21,1,2,18,21,1,2,18,0.375,0,0,0,0,0,2.022599587389725,0,0.28,0.1077999999999999,
2665,0.5,adaptive-cluster,1,500,53,73,374,1,1,1,Clumped-Poisson,5,3,Randomly placed,2.426,0,0,0,25,45,true,0,0,45,41,4,9,28,41,4,9,28,0.375,0,0,0,0,0,1.549046714901545,0,0.9745454545454546,0.6998303030303034,
2664,0.5,adaptive-cluster,1,500,52,85,363,1,1,1,Clumped-Poisson,5,3,Randomly placed,2.422,0,0,0,25,45,true,0,0,45,70,8,10,52,70,8,10,52,0.375,0,0,0,0,0,1.4796861974900866,0,1.9374545454545455,2.209621333333334,
2662,0.5,adaptive-cluster,1,500,51,77,372,1,1,1,Clumped-Poisson,5,3,Randomly placed,1.742,0,0,0,25,45,true,0,0,45,46,7,10,29,46,7,10,29,0.375,0,0,0,0,0,1.310632094589845,0,0.7561904761904762,0.49101995464852594,
2668,0.5,adaptive-cluster,1,500,45,80,375,1,1,1,Clumped-Poisson,5,3,Randomly placed,1.742,0,0,0,25,45,true,0,0,45,18,1,3,14,18,1,3,14,0.375,0,0,0,0,0,1.799621172257196,0,1.28,0.8528000000000003,
2658,0.5,adaptive-cluster,1,500,40,77,383,1,1,1,Clumped-Poisson,5,3,Randomly placed,1.746,0,0,0,25,45,true,0,0,45,21,2,5,14,21,2,5,14,0.375,0,0,0,0,0,1.5560045881337026,0,1.2914285714285714,0.8684462585034014,
2659,0.5,adaptive-cluster,1,500,40,103,357,1,1,1,Clumped-Poisson,5,3,Randomly placed,1.954,0,0,0,25,45,true,0,0,45,38,4,7,27,38,4,7,27,0.375,0,0,0,0,0,1.4712043386265057,0,1.2853333333333334,0.9205013333333334,
2667,0.5,adaptive-cluster,1,500,48,86,366,1,1,1,Clumped-Poisson,5,3,Randomly placed,2.13,0,0,0,25,45,true,0,0,45,48,5,7,36,48,5,7,36,0.375,0,0,0,0,0,1.3318380583375602,0,1.1733333333333336,0.9685333333333341,
2655,0.5,adaptive-cluster,1,500,45,77,378,1,1,1,Clumped-Poisson,5,3,Randomly placed,2.326,0,0,0,25,45,true,0,0,45,38,2,4,32,38,2,4,32,0.375,0,0,0,0,0,1.8716445675010402,0,1.2426666666666666,0.9837475555555554,
2671,0.5,adaptive-cluster,1,500,55,74,371,1,1,1,Clumped-Poisson,5,3,Randomly placed,1.978,0,0,0,25,45,true,0,0,45,20,1,2,17,20,1,2,17,0.375,0,0,0,0,0,1.8301452997458483,0,1.112,0.6989146666666671,
2675,0.5,adaptive-cluster,1,500,62,59,379,1,1,1,Clumped-Poisson,5,3,Randomly placed,2.278,0,0,0,25,45,true,0,0,45,14,1,1,12,14,1,1,12,0.375,0,0,0,0,0,1.7899300884969964,0,0.7120000000000001,0.30238133333333345,
2674,0.5,adaptive-cluster,1,500,46,80,374,1,1,1,Clumped-Poisson,5,3,Randomly placed,1.986,0,0,0,25,45,true,0,0,45,16,1,4,11,16,1,4,11,0.375,0,0,0,0,0,1.7124108304588386,0,0.5485714285714286,0.2080653061224489,
2678,0.5,adaptive-cluster,1,500,52,84,364,1,1,1,Clumped-Poisson,5,3,Randomly placed,1.918,0,0,0,25,45,true,0,0,45,22,1,6,15,22,1,6,15,0.375,0,0,0,0,0,2.250093912390216,0,0.49600000000000005,0.22627200000000008,
2676,0.5,adaptive-cluster,1,500,45,76,379,1,1,1,Clumped-Poisson,5,3,Randomly placed,2.054,0,0,0,25,45,true,0,0,45,35,3,6,26,35,3,6,26,0.375,0,0,0,0,0,1.9745599072852296,0,2.8666666666666667,4.812777777777779,
2666,0.5,adaptive-cluster,1,500,52,66,382,1,1,1,Clumped-Poisson,5,3,Randomly placed,2.242,0,0,0,25,45,true,0,0,45,26,3,4,19,26,3,4,19,0.375,0,0,0,0,0,1.54315281241828,0,0.26,0.09295000000000002,
2669,0.5,adaptive-cluster,1,500,48,72,380,1,1,1,Clumped-Poisson,5,3,Randomly placed,2.062,0,0,0,25,45,true,0,0,45,19,1,1,17,19,1,1,17,0.375,0,0,0,0,0,1.8545376775578701,0,0.6171428571428572,0.2722612244897959,
2672,0.5,adaptive-cluster,1,500,57,72,371,1,1,1,Clumped-Poisson,5,3,Randomly placed,1.962,0,0,0,25,45,true,0,0,45,11,1,1,9,11,1,1,9,0.375,0,0,0,0,0,2.163924558901971,0,0.544,0.20424533333333345,
2673,0.5,adaptive-cluster,1,500,48,66,386,1,1,1,Clumped-Poisson,5,3,Randomly placed,2.202,0,0,0,25,45,true,0,0,45,20,3,3,14,20,3,3,14,0.375,0,0,0,0,0,1.699766026679716,0,0.4533333333333333,0.17591111111111105,
2682,0.5,adaptive-cluster,1,500,53,76,371,1,1,1,Clumped-Poisson,5,3,Randomly placed,2.75,0,0,0,25,45,true,0,0,45,73,10,8,55,73,10,8,55,0.375,0,0,0,0,0,1.5173133783404444,0,1.03,0.9320708333333335,
2684,0.5,adaptive-cluster,1,500,51,69,380,1,1,1,Clumped-Poisson,5,3,Randomly placed,2.05,0,0,0,25,45,true,0,0,45,25,1,2,22,25,1,2,22,0.375,0,0,0,0,0,1.822585575993122,0,0.3076923076923077,0.13017751479289935,
2681,0.5,adaptive-cluster,1,500,54,69,377,1,1,1,Clumped-Poisson,5,3,Randomly placed,2.034,0,0,0,25,45,true,0,0,45,48,3,5,40,48,3,5,40,0.375,0,0,0,0,0,1.2704296427873236,0,1.1621052631578948,0.9334131117266848,
2670,0.5,adaptive-cluster,1,500,48,83,369,1,1,1,Clumped-Poisson,5,3,Randomly placed,2.074,0,0,0,25,45,true,0,0,45,15,2,1,12,15,2,1,12,0.375,0,0,0,0,0,2.121320343559642,0,1.2266666666666668,0.8289777777777776,
2680,0.5,adaptive-cluster,1,500,64,70,366,1,1,1,Clumped-Poisson,5,3,Randomly placed,2.438,0,0,0,25,45,true,0,0,45,21,6,4,11,21,6,4,11,0.375,0,0,0,0,0,2.311542385588259,0,1.104,0.7532053333333335,
2677,0.5,adaptive-cluster,1,500,49,84,367,1,1,1,Clumped-Poisson,5,3,Randomly placed,1.918,0,0,0,25,45,true,0,0,45,20,1,4,15,20,1,4,15,0.375,0,0,0,0,0,1.9518348011317692,0,0.44799999999999995,0.17996800000000002,
2687,0.5,adaptive-cluster,1,500,44,71,385,1,1,1,Clumped-Poisson,5,3,Randomly placed,3.386,0,0,0,25,45,true,0,0,45,24,3,3,18,24,3,3,18,0.375,0,0,0,0,0,1.6287107980351705,0,0.52,0.2310592592592594,
2686,0.5,adaptive-cluster,1,500,51,84,365,1,1,1,Clumped-Poisson,5,3,Randomly placed,1.89,0,0,0,25,45,true,0,0,45,27,4,4,19,27,4,4,19,0.375,0,0,0,0,0,1.643782285468547,0,0.8266666666666665,0.504088888888889,
2688,0.5,adaptive-cluster,1,500,49,83,368,1,1,1,Clumped-Poisson,5,3,Randomly placed,2.498,0,0,0,25,45,true,0,0,45,34,5,9,20,34,5,9,20,0.375,0,0,0,0,0,1.4431259323937764,0,0.768,0.4163413333333334,
2691,0.5,adaptive-cluster,1,500,46,72,382,1,1,1,Clumped-Poisson,5,3,Randomly placed,2.222,0,0,0,25,45,true,0,0,45,44,2,10,32,44,2,10,32,0.375,0,0,0,0,0,1.4543678868887417,0,1.4476190476190476,1.3068480725623584,
2693,0.5,adaptive-cluster,1,500,42,73,385,1,1,1,Clumped-Poisson,5,3,Randomly placed,1.882,0,0,0,25,45,true,0,0,45,16,1,1,14,16,1,1,14,0.375,0,0,0,0,0,2.2560288546873286,0,0.8320000000000001,0.4398079999999999,
2683,0.5,adaptive-cluster,1,500,55,75,370,1,1,1,Clumped-Poisson,5,3,Randomly placed,2.29,0,0,0,25,45,true,0,0,41,5,0,2,3,5,0,2,3,0.3416666666666667,0,0,0,0,0,2.7166155414412234,0,0.32,0.08746666666666664,
2679,0.5,adaptive-cluster,1,500,42,92,366,1,1,1,Clumped-Poisson,5,3,Randomly placed,1.986,0,0,0,25,45,true,0,0,45,12,1,0,11,12,1,0,11,0.375,0,0,0,0,0,1.8578763536507337,0,0.34666666666666673,0.10302222222222221,
2685,0.5,adaptive-cluster,1,500,51,78,371,1,1,1,Clumped-Poisson,5,3,Randomly placed,2.226,0,0,0,25,45,true,0,0,45,28,2,2,24,28,2,2,24,0.375,0,0,0,0,0,1.9470167704124073,0,1.08,0.7637999999999998,
2692,0.5,adaptive-cluster,1,500,48,89,363,1,1,1,Clumped-Poisson,5,3,Randomly placed,2.498,0,0,0,25,45,true,0,0,45,16,1,3,12,16,1,3,12,0.375,0,0,0,0,0,1.9108783231564201,0,0.21333333333333332,0.06257777777777779,
2689,0.5,adaptive-cluster,1,500,51,71,378,1,1,1,Clumped-Poisson,5,3,Randomly placed,2.962,0,0,0,25,45,true,0,0,45,20,2,2,16,20,2,2,16,0.375,0,0,0,0,0,1.8919686716606745,0,0.4363636363636364,0.16969696969696968,
2695,0.5,adaptive-cluster,1,500,56,86,358,1,1,1,Clumped-Poisson,5,3,Randomly placed,2.03,0,0,0,25,45,true,0,0,45,33,4,6,23,33,4,6,23,0.375,0,0,0,0,0,1.6548542078643214,0,1.4613333333333334,1.1727502222222228,
2690,0.5,adaptive-cluster,1,500,44,86,370,1,1,1,Clumped-Poisson,5,3,Randomly placed,2.05,0,0,0,25,45,true,0,0,45,51,5,7,39,51,5,7,39,0.375,0,0,0,0,0,1.6464380037011588,0,1.126153846153846,0.9232930966469427,
2697,0.5,adaptive-cluster,1,500,41,77,382,1,1,1,Clumped-Poisson,5,3,Randomly placed,2.166,0,0,0,25,45,true,0,0,45,53,4,9,40,53,4,9,40,0.375,0,0,0,0,0,1.3701259862844202,0,0.9440000000000001,0.6439786666666666,
2696,0.5,adaptive-cluster,1,500,50,58,392,1,1,1,Clumped-Poisson,5,3,Randomly placed,2.178,0,0,0,25,45,true,0,0,45,47,7,5,35,47,7,5,35,0.375,0,0,0,0,0,1.471361242357061,0,1.8034285714285716,1.7093209251700692,
2698,0.5,adaptive-cluster,1,500,54,78,368,1,1,1,Clumped-Poisson,5,3,Randomly placed,1.786,0,0,0,25,45,true,0,0,45,30,1,7,22,30,1,7,22,0.375,0,0,0,0,0,1.8090680674665816,0,1.02,0.7238833333333331,
2699,0.5,adaptive-cluster,1,500,57,70,373,1,1,1,Clumped-Poisson,5,3,Randomly placed,1.998,0,0,0,25,45,true,0,0,45,26,2,5,19,26,2,5,19,0.375,0,0,0,0,0,1.8629589159557431,0,1.136,0.7450986666666669,
2694,0.5,adaptive-cluster,1,500,52,70,378,1,1,1,Clumped-Poisson,5,3,Randomly placed,2.034,0,0,0,25,45,true,0,0,45,22,4,1,17,22,4,1,17,0.375,0,0,0,0,0,1.8306647928475603,0,0.7131428571428572,0.35643036734693895,
2700,0.5,adaptive-cluster,1,500,53,65,382,1,1,1,Clumped-Poisson,5,3,Randomly placed,2.334,0,0,0,25,45,true,0,0,45,33,5,5,23,33,5,5,23,0.375,0,0,0,0,0,1.7540336683461812,0,1.1009523809523811,0.8386956916099778,
2713,0.5,adaptive-cluster,7,3500,365,554,2581,1,1,1,Clumped-Poisson,5,3,Randomly placed,11.680857142857144,0,0,0,25,45,true,0,0,45,100,7,14,79,100,7,14,79,0.375,0,0,0,0,0,1.9706078895978911,0,3.2106666666666666,6.629134222222223,
2709,0.5,adaptive-cluster,7,3500,377,522,2601,1,1,1,Clumped-Poisson,5,3,Randomly placed,5.946571428571429,0,0,0,25,45,true,0,0,45,118,17,17,84,118,17,17,84,0.375,0,0,0,0,0,1.5432795469206446,0,9.077333333333335,39.838260148148166,
2702,0.5,adaptive-cluster,7,3500,365,480,2655,1,1,1,Clumped-Poisson,5,3,Randomly placed,7.546,0,0,0,25,45,true,0,0,45,128,16,18,94,128,16,18,94,0.375,0,0,0,0,0,1.2315082865336868,0,5.403555555555556,14.799076641975317,
2710,0.5,adaptive-cluster,7,3500,354,537,2609,1,1,1,Clumped-Poisson,5,3,Randomly placed,9.154,0,0,0,25,45,true,0,0,45,64,7,11,46,64,7,11,46,0.375,0,0,0,0,0,1.6179438695631,0,2.2206060606060607,2.77540202020202,
2701,0.5,adaptive-cluster,7,3500,336,541,2623,1,1,1,Clumped-Poisson,5,3,Randomly placed,15.987142857142857,0,0,0,25,45,true,0,0,45,356,48,55,253,356,48,55,253,0.375,0,0,0,0,0,1.5156138529874552,0,12.354285714285714,109.13258775510201,
2706,0.5,adaptive-cluster,7,3500,349,511,2640,1,1,1,Clumped-Poisson,5,3,Randomly placed,9.614,0,0,0,25,45,true,0,0,45,176,28,21,127,176,28,21,127,0.375,0,0,0,0,0,1.167644740793397,0,7.466666666666668,30.301111111111133,
2703,0.5,adaptive-cluster,7,3500,338,516,2646,1,1,1,Clumped-Poisson,5,3,Randomly placed,7.427142857142857,0,0,0,25,45,true,0,0,45,111,9,19,83,111,9,19,83,0.375,0,0,0,0,0,1.6773293734229249,0,7.392,32.26295466666667,
2714,0.5,adaptive-cluster,7,3500,336,557,2607,1,1,1,Clumped-Poisson,5,3,Randomly placed,7.700285714285714,0,0,0,25,45,true,0,0,45,156,15,24,117,156,15,24,117,0.375,0,0,0,0,0,1.161361017799056,0,10.406666666666665,53.98850555555554,
2718,0.5,adaptive-cluster,7,3500,328,539,2633,1,1,1,Clumped-Poisson,5,3,Randomly placed,9.356857142857143,0,0,0,25,45,true,0,0,45,74,8,9,57,74,8,9,57,0.375,0,0,0,0,0,1.354541688592322,0,3.4533333333333336,6.1360962962963,
2704,0.5,adaptive-cluster,7,3500,357,540,2603,1,1,1,Clumped-Poisson,5,3,Randomly placed,7.897428571428571,0,0,0,25,45,true,0,0,45,67,7,10,50,67,7,10,50,0.375,0,0,0,0,0,2.2441929761629456,0,5.346666666666668,21.191355555555553,
2707,0.5,adaptive-cluster,7,3500,319,493,2688,1,1,1,Clumped-Poisson,5,3,Randomly placed,8.111714285714285,0,0,0,25,45,true,0,0,45,186,19,22,145,186,19,22,145,0.375,0,0,0,0,0,1.1413239577358174,0,5.673558441558442,16.591322162028455,
2716,0.5,adaptive-cluster,7,3500,374,512,2614,1,1,1,Clumped-Poisson,5,3,Randomly placed,8.168857142857144,0,0,0,25,45,true,0,0,45,126,13,21,92,126,13,21,92,0.375,0,0,0,0,0,1.1206238323607596,0,12.232000000000001,64.59027466666669,
2717,0.5,adaptive-cluster,7,3500,353,501,2646,1,1,1,Clumped-Poisson,5,3,Randomly placed,8.250571428571428,0,0,0,25,45,true,0,0,45,86,8,11,67,86,8,11,67,0.375,0,0,0,0,0,1.925224022356979,0,3.306666666666666,7.638755555555557,
2715,0.5,adaptive-cluster,7,3500,330,541,2629,1,1,1,Clumped-Poisson,5,3,Randomly placed,10.152285714285714,0,0,0,25,45,true,0,0,45,82,6,13,63,82,6,13,63,0.375,0,0,0,0,0,1.570984145337171,0,6.487272727272727,22.390109090909093,
2719,0.5,adaptive-cluster,7,3500,345,522,2633,1,1,1,Clumped-Poisson,5,3,Randomly placed,12.123142857142856,0,0,0,25,45,true,0,0,45,139,11,20,108,139,11,20,108,0.375,0,0,0,0,0,1.4960742583271978,0,9.91688888888889,58.39283108641976,
2712,0.5,adaptive-cluster,7,3500,365,545,2590,1,1,1,Clumped-Poisson,5,3,Randomly placed,6.742,0,0,0,25,45,true,0,0,45,183,19,26,138,183,19,26,138,0.375,0,0,0,0,0,1.1514729316364398,0,10.933333333333334,57.531247165532896,
2711,0.5,adaptive-cluster,7,3500,342,544,2614,1,1,1,Clumped-Poisson,5,3,Randomly placed,10.619714285714284,0,0,0,25,45,true,0,0,45,342,34,56,252,342,34,56,252,0.375,0,0,0,0,0,1.3536421299091654,0,5.042,19.64759216666668,
2708,0.5,adaptive-cluster,7,3500,322,532,2646,1,1,1,Clumped-Poisson,5,3,Randomly placed,8.918571428571429,0,0,0,25,45,true,0,0,45,96,6,19,71,96,6,19,71,0.375,0,0,0,0,0,1.439937409861339,0,4.723076923076923,12.030700197238657,
2723,0.5,adaptive-cluster,7,3500,333,521,2646,1,1,1,Clumped-Poisson,5,3,Randomly placed,10.708857142857143,0,0,0,25,45,true,0,0,45,164,17,24,123,164,17,24,123,0.375,0,0,0,0,0,1.9065639976428228,0,5.933714285714286,25.923946231292526,
2705,0.5,adaptive-cluster,7,3500,339,588,2573,1,1,1,Clumped-Poisson,5,3,Randomly placed,21.590571428571426,0,0,0,25,45,true,0,0,45,249,23,40,186,249,23,40,186,0.375,0,0,0,0,0,1.216360385816663,0,7.72,35.59446666666667,
2724,0.5,adaptive-cluster,7,3500,310,545,2645,1,1,1,Clumped-Poisson,5,3,Randomly placed,15.464285714285714,0,0,0,25,45,true,0,0,45,59,1,9,49,59,1,9,49,0.375,0,0,0,0,0,1.5325335082147973,0,1.9170909090909092,2.259754666666667,
2721,0.5,adaptive-cluster,7,3500,360,504,2636,1,1,1,Clumped-Poisson,5,3,Randomly placed,6.663142857142858,0,0,0,25,45,true,0,0,45,119,12,25,82,119,12,25,82,0.375,0,0,0,0,0,1.3685721894172367,0,8.64,34.69066666666666,
2729,0.5,adaptive-cluster,7,3500,354,508,2638,1,1,1,Clumped-Poisson,5,3,Randomly placed,15.463714285714286,0,0,0,25,45,true,0,0,45,215,20,24,171,215,20,24,171,0.375,0,0,0,0,0,1.6236352894581054,0,11.277142857142858,66.84918265306123,
2728,0.5,adaptive-cluster,7,3500,347,561,2592,1,1,1,Clumped-Poisson,5,3,Randomly placed,11.312857142857142,0,0,0,25,45,true,0,0,45,263,25,38,200,263,25,38,200,0.375,0,0,0,0,0,1.3799345786837511,0,8.48,45.27591845730027,
2732,0.5,adaptive-cluster,7,3500,365,539,2596,1,1,1,Clumped-Poisson,5,3,Randomly placed,9.440857142857142,0,0,0,25,45,true,0,0,45,279,24,43,212,279,24,43,212,0.375,0,0,0,0,0,1.2552981088819182,0,7.632000000000001,33.491808000000006,
2735,0.5,adaptive-cluster,7,3500,372,527,2601,1,1,1,Clumped-Poisson,5,3,Randomly placed,13.867714285714285,0,0,0,25,45,true,0,0,45,195,28,31,136,195,28,31,136,0.375,0,0,0,0,0,1.112184945204694,0,10.944273504273504,60.55861471254294,
2737,0.5,adaptive-cluster,7,3500,365,534,2601,1,1,1,Clumped-Poisson,5,3,Randomly placed,9.237428571428572,0,0,0,25,45,true,0,0,45,143,14,24,105,143,14,24,105,0.375,0,0,0,0,0,1.3655788404592235,0,6.485818181818181,21.845859878787873,
2726,0.5,adaptive-cluster,7,3500,383,525,2592,1,1,1,Clumped-Poisson,5,3,Randomly placed,12.171714285714286,0,0,0,25,45,true,0,0,45,155,25,27,103,155,25,27,103,0.375,0,0,0,0,0,1.7137256338743085,0,9.744,64.61944533333335,
2725,0.5,adaptive-cluster,7,3500,322,537,2641,1,1,1,Clumped-Poisson,5,3,Randomly placed,8.334,0,0,0,25,45,true,0,0,45,59,3,10,46,59,3,10,46,0.375,0,0,0,0,0,2.0102145726996046,0,4.488,13.82878133333334,
2733,0.5,adaptive-cluster,7,3500,343,528,2629,1,1,1,Clumped-Poisson,5,3,Randomly placed,9.606571428571428,0,0,0,25,45,true,0,0,45,134,13,19,102,134,13,19,102,0.375,0,0,0,0,0,1.5888927865550309,0,8.128,37.24706133333334,
2731,0.5,adaptive-cluster,7,3500,338,547,2615,1,1,1,Clumped-Poisson,5,3,Randomly placed,13.807142857142859,0,0,0,25,45,true,0,0,45,246,20,31,195,246,20,31,195,0.375,0,0,0,0,0,1.5372187481418327,0,6.256,25.324511999999988,
2730,0.5,adaptive-cluster,7,3500,348,521,2631,1,1,1,Clumped-Poisson,5,3,Randomly placed,9.560857142857143,0,0,0,25,45,true,0,0,45,284,20,53,211,284,20,53,211,0.375,0,0,0,0,0,1.011663342885267,0,9.909333333333334,47.30152533333334,
2722,0.5,adaptive-cluster,7,3500,351,534,2615,1,1,1,Clumped-Poisson,5,3,Randomly placed,11.055714285714286,0,0,0,25,45,true,0,0,45,155,17,23,115,155,17,23,115,0.375,0,0,0,0,0,1.4589258608601465,0,4.48,12.406800000000004,
2720,0.5,adaptive-cluster,7,3500,333,517,2650,1,1,1,Clumped-Poisson,5,3,Randomly placed,12.373428571428573,0,0,0,25,45,true,0,0,45,245,25,36,184,245,25,36,184,0.375,0,0,0,0,0,1.2268530071229677,0,8.921142857142858,40.1442170340136,
2741,0.5,adaptive-cluster,7,3500,357,525,2618,1,1,1,Clumped-Poisson,5,3,Randomly placed,8.138571428571428,0,0,0,25,45,true,0,0,45,76,3,11,62,76,3,11,62,0.375,0,0,0,0,0,1.328926642502649,0,4.611428571428571,10.466417687074827,
2727,0.5,adaptive-cluster,7,3500,341,523,2636,1,1,1,Clumped-Poisson,5,3,Randomly placed,7.422,0,0,0,25,45,true,0,0,45,156,14,20,122,156,14,20,122,0.375,0,0,0,0,0,1.1807399030548382,0,4.703584415584416,11.235057276437853,
2738,0.5,adaptive-cluster,7,3500,355,550,2595,1,1,1,Clumped-Poisson,5,3,Randomly placed,11.791142857142857,0,0,0,25,45,true,0,0,45,65,7,7,51,65,7,7,51,0.375,0,0,0,0,0,1.864420124097389,0,5.502857142857143,18.791261224489805,
2739,0.5,adaptive-cluster,7,3500,350,511,2639,1,1,1,Clumped-Poisson,5,3,Randomly placed,7.959142857142857,0,0,0,25,45,true,0,0,45,233,27,44,162,233,27,44,162,0.375,0,0,0,0,0,1.118057390910047,0,9.996,49.27415533333335,
2742,0.5,adaptive-cluster,7,3500,362,534,2604,1,1,1,Clumped-Poisson,5,3,Randomly placed,10.959142857142856,0,0,0,25,45,true,0,0,45,152,10,31,111,152,10,31,111,0.375,0,0,0,0,0,1.2211276156134132,0,7.82,32.66788333333335,
2734,0.5,adaptive-cluster,7,3500,374,522,2604,1,1,1,Clumped-Poisson,5,3,Randomly placed,11.787714285714285,0,0,0,25,45,true,0,0,45,97,12,11,74,97,12,11,74,0.375,0,0,0,0,0,1.5384990708821469,0,5.593333333333334,18.186653703703705,
2736,0.5,adaptive-cluster,7,3500,329,523,2648,1,1,1,Clumped-Poisson,5,3,Randomly placed,7.696285714285715,0,0,0,25,45,true,0,0,45,99,11,16,72,99,11,16,72,0.375,0,0,0,0,0,1.3449127790197202,0,7.532190476190476,25.79475417687075,
2743,0.5,adaptive-cluster,7,3500,338,518,2644,1,1,1,Clumped-Poisson,5,3,Randomly placed,13.55457142857143,0,0,0,25,45,true,0,0,45,361,31,64,266,361,31,64,266,0.375,0,0,0,0,0,1.679462115467719,0,16.565333333333335,175.0193635555556,
2745,0.5,adaptive-cluster,7,3500,365,549,2586,1,1,1,Clumped-Poisson,5,3,Randomly placed,8.431714285714285,0,0,0,25,45,true,0,0,45,31,2,8,21,31,2,8,21,0.375,0,0,0,0,0,2.048739203579464,0,1.12,0.9695999999999999,
2744,0.5,adaptive-cluster,7,3500,336,535,2629,1,1,1,Clumped-Poisson,5,3,Randomly placed,7.9551428571428575,0,0,0,25,45,true,0,0,45,204,21,33,150,204,21,33,150,0.375,0,0,0,0,0,1.1135187970374694,0,12.783999999999999,79.00728533333333,
2740,0.5,adaptive-cluster,7,3500,348,500,2652,1,1,1,Clumped-Poisson,5,3,Randomly placed,6.502000000000001,0,0,0,25,45,true,0,0,45,287,36,34,217,287,36,34,217,0.375,0,0,0,0,0,1.083877781678467,0,7.818666666666667,33.63810133333333,
2747,0.5,adaptive-cluster,7,3500,331,569,2600,1,1,1,Clumped-Poisson,5,3,Randomly placed,10.535714285714286,0,0,0,25,45,true,0,0,45,248,25,40,183,248,25,40,183,0.375,0,0,0,0,0,1.4316929601174784,0,7.8533333333333335,40.930966666666684,
2751,0.5,adaptive-cluster,7,3500,333,552,2615,1,1,1,Clumped-Poisson,5,3,Randomly placed,10.688285714285714,0,0,0,25,45,true,0,0,45,190,17,23,150,190,17,23,150,0.375,0,0,0,0,0,1.3818352462199663,0,8.496,36.645472,
2753,0.5,adaptive-cluster,7,3500,385,522,2593,1,1,1,Clumped-Poisson,5,3,Randomly placed,10.079142857142857,0,0,0,25,45,true,0,0,45,128,17,14,97,128,17,14,97,0.375,0,0,0,0,0,1.5899227106536575,0,7.253333333333333,27.451022222222214,
2754,0.5,adaptive-cluster,7,3500,331,532,2637,1,1,1,Clumped-Poisson,5,3,Randomly placed,11.144285714285715,0,0,0,25,45,true,0,0,45,169,20,32,117,169,20,32,117,0.375,0,0,0,0,0,1.506429368277791,0,13.262222222222222,94.29040987654321,
2752,0.5,adaptive-cluster,7,3500,369,446,2685,1,1,1,Clumped-Poisson,5,3,Randomly placed,14.602571428571428,0,0,0,25,45,true,0,0,45,335,39,42,254,335,39,42,254,0.375,0,0,0,0,0,1.5695465512680213,0,11.654285714285717,80.01209285714287,
2746,0.5,adaptive-cluster,7,3500,349,500,2651,1,1,1,Clumped-Poisson,5,3,Randomly placed,10.71342857142857,0,0,0,25,45,true,0,0,45,144,13,19,112,144,13,19,112,0.375,0,0,0,0,0,1.543348539996423,0,6.661333333333333,24.798261333333333,
2750,0.5,adaptive-cluster,7,3500,330,482,2688,1,1,1,Clumped-Poisson,5,3,Randomly placed,7.556285714285714,0,0,0,25,45,true,0,0,45,88,9,10,69,88,9,10,69,0.375,0,0,0,0,0,1.303523965122385,0,4.725194805194806,11.473252690166976,
2755,0.5,adaptive-cluster,7,3500,349,554,2597,1,1,1,Clumped-Poisson,5,3,Randomly placed,15.252857142857142,0,0,0,25,45,true,0,0,45,126,17,22,87,126,17,22,87,0.375,0,0,0,0,0,1.5315936865824504,0,3.2997402597402603,6.547496846011133,
2757,0.5,adaptive-cluster,7,3500,348,526,2626,1,1,1,Clumped-Poisson,5,3,Randomly placed,11.611714285714285,0,0,0,25,45,true,0,0,45,89,11,11,67,89,11,11,67,0.375,0,0,0,0,0,1.664735503816366,0,2.545714285714286,3.8704329931972796,
2758,0.5,adaptive-cluster,7,3500,329,511,2660,1,1,1,Clumped-Poisson,5,3,Randomly placed,7.219714285714285,0,0,0,25,45,true,0,0,45,114,14,15,85,114,14,15,85,0.375,0,0,0,0,0,1.2835156760073225,0,6.553333333333333,22.643216666666664,
2756,0.5,adaptive-cluster,7,3500,363,489,2648,1,1,1,Clumped-Poisson,5,3,Randomly placed,7.118,0,0,0,25,45,true,0,0,45,68,7,14,47,68,7,14,47,0.375,0,0,0,0,0,1.543114647507028,0,3.6251428571428574,7.885021605442177,
2748,0.5,adaptive-cluster,7,3500,351,507,2642,1,1,1,Clumped-Poisson,5,3,Randomly placed,9.191142857142856,0,0,0,25,45,true,0,0,45,200,29,26,145,200,29,26,145,0.375,0,0,0,0,0,1.2036167088480376,0,8.028571428571428,30.58112244897959,
2749,0.5,adaptive-cluster,7,3500,363,491,2646,1,1,1,Clumped-Poisson,5,3,Randomly placed,9.638,0,0,0,25,45,true,0,0,45,91,7,11,73,91,7,11,73,0.375,0,0,0,0,0,1.7719867341746192,0,7.92,34.60583703703704,
2764,0.5,adaptive-cluster,7,3500,335,551,2614,1,1,1,Clumped-Poisson,5,3,Randomly placed,15.535714285714286,0,0,0,25,45,true,0,0,45,100,9,16,75,100,9,16,75,0.375,0,0,0,0,0,1.1387792506970709,0,5.054666666666667,11.776331333333339,
2762,0.5,adaptive-cluster,7,3500,353,531,2616,1,1,1,Clumped-Poisson,5,3,Randomly placed,11.209428571428571,0,0,0,25,45,true,0,0,45,88,14,15,59,88,14,15,59,0.375,0,0,0,0,0,1.6746868294428192,0,1.4545454545454544,1.8278787878787872,
2766,0.5,adaptive-cluster,7,3500,359,543,2598,1,1,1,Clumped-Poisson,5,3,Randomly placed,12.225999999999999,0,0,0,25,45,true,0,0,45,108,16,19,73,108,16,19,73,0.375,0,0,0,0,0,1.4279850889072385,0,7.902857142857144,35.63011836734695,
2760,0.5,adaptive-cluster,7,3500,309,515,2676,1,1,1,Clumped-Poisson,5,3,Randomly placed,6.8100000000000005,0,0,0,25,45,true,0,0,45,125,15,19,91,125,15,19,91,0.375,0,0,0,0,0,1.2084249704019316,0,10.546666666666665,50.47313333333332,
2771,0.5,adaptive-cluster,7,3500,341,513,2646,1,1,1,Clumped-Poisson,5,3,Randomly placed,9.036857142857142,0,0,0,25,45,true,0,0,45,208,21,33,154,208,21,33,154,0.375,0,0,0,0,0,0.9885094101493113,0,7.569714285714285,28.18938499319728,
2759,0.5,adaptive-cluster,7,3500,377,543,2580,1,1,1,Clumped-Poisson,5,3,Randomly placed,19.059142857142856,0,0,0,25,45,true,0,0,45,301,33,37,231,301,33,37,231,0.375,0,0,0,0,0,1.7720325325783082,0,4.66909090909091,25.67980606060606,
2765,0.5,adaptive-cluster,7,3500,357,503,2640,1,1,1,Clumped-Poisson,5,3,Randomly placed,9.759142857142857,0,0,0,25,45,true,0,0,45,166,14,28,124,166,14,28,124,0.375,0,0,0,0,0,1.6232396921812275,0,2.725333333333333,5.73451022222222,
2770,0.5,adaptive-cluster,7,3500,342,539,2619,1,1,1,Clumped-Poisson,5,3,Randomly placed,11.018571428571429,0,0,0,25,45,true,0,0,45,191,29,31,131,191,29,31,131,0.375,0,0,0,0,0,1.3003360928284873,0,6.522857142857143,24.73208741496599,
2761,0.5,adaptive-cluster,7,3500,336,541,2623,1,1,1,Clumped-Poisson,5,3,Randomly placed,8.377428571428572,0,0,0,25,45,true,0,0,45,37,0,6,31,37,0,6,31,0.375,0,0,0,0,0,1.7831135662948672,0,2.4426666666666668,3.1374364444444445,
2763,0.5,adaptive-cluster,7,3500,318,529,2653,1,1,1,Clumped-Poisson,5,3,Randomly placed,7.8265714285714285,0,0,0,25,45,true,0,0,45,295,32,45,218,295,32,45,218,0.375,0,0,0,0,0,1.2731725624475627,0,14.496000000000002,100.40567940740743,
2769,0.5,adaptive-cluster,7,3500,366,528,2606,1,1,1,Clumped-Poisson,5,3,Randomly placed,6.698571428571428,0,0,0,25,45,true,0,0,45,234,28,34,172,234,28,34,172,0.375,0,0,0,0,0,1.1403641255721249,0,9.728,48.02772800000001,
2768,0.5,adaptive-cluster,7,3500,377,501,2622,1,1,1,Clumped-Poisson,5,3,Randomly placed,10.50542857142857,0,0,0,25,45,true,0,0,45,64,6,13,45,64,6,13,45,0.375,0,0,0,0,0,1.84506465553286,0,5.5760000000000005,16.67652533333333,
2767,0.5,adaptive-cluster,7,3500,360,533,2607,1,1,1,Clumped-Poisson,5,3,Randomly placed,8.559714285714286,0,0,0,25,45,true,0,0,45,227,17,30,180,227,17,30,180,0.375,0,0,0,0,0,1.1061308689850642,0,8.673333333333334,39.900638888888906,
2774,0.5,adaptive-cluster,7,3500,354,504,2642,1,1,1,Clumped-Poisson,5,3,Randomly placed,11.259714285714285,0,0,0,25,45,true,0,0,45,66,7,4,55,66,7,4,55,0.375,0,0,0,0,0,1.6864744567182255,0,3.3200000000000003,6.002466666666669,
2775,0.5,adaptive-cluster,7,3500,371,484,2645,1,1,1,Clumped-Poisson,5,3,Randomly placed,11.35742857142857,0,0,0,25,45,true,0,0,45,240,25,34,181,240,25,34,181,0.375,0,0,0,0,0,1.4600503960791589,0,6.285714285714286,22.014149659863946,
2773,0.5,adaptive-cluster,7,3500,376,490,2634,1,1,1,Clumped-Poisson,5,3,Randomly placed,10.714571428571428,0,0,0,25,45,true,0,0,45,139,18,18,103,139,18,18,103,0.375,0,0,0,0,0,1.5431002927050106,0,3.2077575757575763,6.834894868686873,
2772,0.5,adaptive-cluster,7,3500,339,499,2662,1,1,1,Clumped-Poisson,5,3,Randomly placed,7.970571428571428,0,0,0,25,45,true,0,0,45,152,17,18,117,152,17,18,117,0.375,0,0,0,0,0,1.1278451808433856,0,11.039999999999997,56.77201481481478,
2779,0.5,adaptive-cluster,7,3500,325,533,2642,1,1,1,Clumped-Poisson,5,3,Randomly placed,8.227142857142857,0,0,0,25,45,true,0,0,45,116,4,13,99,116,4,13,99,0.375,0,0,0,0,0,1.3602473831864448,0,5.72,19.19113333333333,
2778,0.5,adaptive-cluster,7,3500,334,521,2645,1,1,1,Clumped-Poisson,5,3,Randomly placed,7.6894285714285715,0,0,0,25,45,true,0,0,45,87,6,13,68,87,6,13,68,0.375,0,0,0,0,0,1.3835163145819063,0,6.201212121212121,21.19607272727273,
2780,0.5,adaptive-cluster,7,3500,321,525,2654,1,1,1,Clumped-Poisson,5,3,Randomly placed,14.197428571428572,0,0,0,25,45,true,0,0,45,602,60,79,463,602,60,79,463,0.375,0,0,0,0,0,1.067451864419839,0,18.497142857142858,184.90173741496596,
2785,0.5,adaptive-cluster,7,3500,319,501,2680,1,1,1,Clumped-Poisson,5,3,Randomly placed,10.004857142857144,0,0,0,25,45,true,0,0,45,69,7,9,53,69,7,9,53,0.375,0,0,0,0,0,1.5520692826859994,0,4.2,10.832866666666664,
2776,0.5,adaptive-cluster,7,3500,343,506,2651,1,1,1,Clumped-Poisson,5,3,Randomly placed,6.304285714285714,0,0,0,25,45,true,0,0,45,69,5,12,52,69,5,12,52,0.375,0,0,0,0,0,1.5520692826859994,0,3.696,6.777738666666667,
2783,0.5,adaptive-cluster,7,3500,350,523,2627,1,1,1,Clumped-Poisson,5,3,Randomly placed,10.547714285714287,0,0,0,25,45,true,0,0,45,350,28,62,260,350,28,62,260,0.375,0,0,0,0,0,1.606064573337302,0,7.387897435897436,40.39318772386588,
2784,0.5,adaptive-cluster,7,3500,349,537,2614,1,1,1,Clumped-Poisson,5,3,Randomly placed,7.807714285714286,0,0,0,25,45,true,0,0,45,55,6,9,40,55,6,9,40,0.375,0,0,0,0,0,1.489255281092351,0,3.2800000000000002,6.064266666666666,
2782,0.5,adaptive-cluster,7,3500,371,543,2586,1,1,1,Clumped-Poisson,5,3,Randomly placed,8.934571428571429,0,0,0,25,45,true,0,0,45,101,16,9,76,101,16,9,76,0.375,0,0,0,0,0,1.2749807543367184,0,5.216,13.828885333333336,
2781,0.5,adaptive-cluster,7,3500,360,520,2620,1,1,1,Clumped-Poisson,5,3,Randomly placed,6.912285714285715,0,0,0,25,45,true,0,0,45,174,18,26,130,174,18,26,130,0.375,0,0,0,0,0,1.0265171376021647,0,8.926117647058824,40.57572126412919,
2777,0.5,adaptive-cluster,7,3500,356,489,2655,1,1,1,Clumped-Poisson,5,3,Randomly placed,9.87742857142857,0,0,0,25,45,true,0,0,45,40,1,10,29,40,1,10,29,0.375,0,0,0,0,0,2.7787750734974774,0,3.04,10.027200000000004,
2787,0.5,adaptive-cluster,7,3500,360,555,2585,1,1,1,Clumped-Poisson,5,3,Randomly placed,7.8185714285714285,0,0,0,25,45,true,0,0,45,67,7,13,47,67,7,13,47,0.375,0,0,0,0,0,1.2696938852427413,0,3.332380952380952,5.750636167800451,
2790,0.5,adaptive-cluster,7,3500,336,511,2653,1,1,1,Clumped-Poisson,5,3,Randomly placed,10.929428571428572,0,0,0,25,45,true,0,0,45,367,37,49,281,367,37,49,281,0.375,0,0,0,0,0,1.243303461542989,0,11.50909090909091,70.50530303030304,
2788,0.5,adaptive-cluster,7,3500,332,527,2641,1,1,1,Clumped-Poisson,5,3,Randomly placed,7.747142857142856,0,0,0,25,45,true,0,0,45,59,7,7,45,59,7,7,45,0.375,0,0,0,0,0,1.4709055848026125,0,4.24,9.276,
2792,0.5,adaptive-cluster,7,3500,334,517,2649,1,1,1,Clumped-Poisson,5,3,Randomly placed,11.755714285714287,0,0,0,25,45,true,0,0,45,181,15,25,141,181,15,25,141,0.375,0,0,0,0,0,1.611660071275059,0,6.370666666666666,27.90163866666666,
2802,0.5,adaptive-cluster,0.01,5,0,0,5,0.7,0.7,0.7,Clumped-Poisson,5,3,Randomly placed,0.9975000000000306,0,0,0,25,45,true,0,0,25,0,0,0,0,0,0,0,0,0.20833333333333334,0,0,0,0,0,NA,0,0,0,
2801,0.5,adaptive-cluster,0.01,5,1,0,4,0.7,0.7,0.7,Clumped-Poisson,5,3,Randomly placed,0.9975000000000332,0,0,0,25,45,true,0,0,25,0,0,0,0,0,0,0,0,0.20833333333333334,0,0,0,0,0,NA,0,0,0,
2804,0.5,adaptive-cluster,0.01,5,0,0,5,0.7,0.7,0.7,Clumped-Poisson,5,3,Randomly placed,0.9975000000000471,0,0,0,25,45,true,0,0,25,0,0,0,0,0,0,0,0,0.20833333333333334,0,0,0,0,0,NA,0,0,0,
2806,0.5,adaptive-cluster,0.01,5,2,1,2,0.7,0.7,0.7,Clumped-Poisson,5,3,Randomly placed,0.9975000000000745,0,0,0,25,45,true,0,0,25,0,0,0,0,0,0,0,0,0.20833333333333334,0,0,0,0,0,NA,0,0,0,
2786,0.5,adaptive-cluster,7,3500,340,541,2619,1,1,1,Clumped-Poisson,5,3,Randomly placed,7.801428571428572,0,0,0,25,45,true,0,0,45,158,16,31,111,158,16,31,111,0.375,0,0,0,0,0,1.3908087931366742,0,6.528,23.56599466666666,
2791,0.5,adaptive-cluster,7,3500,368,520,2612,1,1,1,Clumped-Poisson,5,3,Randomly placed,8.65,0,0,0,25,45,true,0,0,45,149,25,21,103,149,25,21,103,0.375,0,0,0,0,0,1.1370208695969974,0,5.672000000000001,15.914594666666673,
2808,0.5,adaptive-cluster,0.01,5,1,2,2,0.7,0.7,0.7,Clumped-Poisson,5,3,Randomly placed,0.9975000000000139,0,0,0,25,45,true,0,0,25,0,0,0,0,0,0,0,0,0.20833333333333334,0,0,0,0,0,NA,0,0,0,
2803,0.5,adaptive-cluster,0.01,5,0,0,5,0.7,0.7,0.7,Clumped-Poisson,5,3,Randomly placed,0.9975000000000391,0,0,0,25,45,true,0,0,25,0,0,0,0,0,0,0,0,0.20833333333333334,0,0,0,0,0,NA,0,0,0,
2807,0.5,adaptive-cluster,0.01,5,1,0,4,0.7,0.7,0.7,Clumped-Poisson,5,3,Randomly placed,0.9975000000000724,0,0,0,25,45,true,0,0,25,0,0,0,0,0,0,0,0,0.20833333333333334,0,0,0,0,0,NA,0,0,0,
2789,0.5,adaptive-cluster,7,3500,331,534,2635,1,1,1,Clumped-Poisson,5,3,Randomly placed,10.327714285714285,0,0,0,25,45,true,0,0,45,180,18,24,138,180,18,24,138,0.375,0,0,0,0,0,1.3110110602126894,0,6.640000000000001,23.462666666666678,
2810,0.5,adaptive-cluster,0.01,5,1,0,4,0.7,0.7,0.7,Clumped-Poisson,5,3,Randomly placed,0.9975000000000483,0,0,0,25,45,true,0,0,25,0,0,0,0,0,0,0,0,0.20833333333333334,0,0,0,0,0,NA,0,0,0,
2794,0.5,adaptive-cluster,7,3500,348,510,2642,1,1,1,Clumped-Poisson,5,3,Randomly placed,8.727142857142857,0,0,0,25,45,true,0,0,45,148,13,21,114,148,13,21,114,0.375,0,0,0,0,0,1.457647575130474,0,7.860571428571428,35.70413997278911,
2813,0.5,adaptive-cluster,0.01,5,0,0,5,0.7,0.7,0.7,Clumped-Poisson,5,3,Randomly placed,0.9975000000000263,0,0,0,25,45,true,0,0,25,0,0,0,0,0,0,0,0,0.20833333333333334,0,0,0,0,0,NA,0,0,0,
2805,0.5,adaptive-cluster,0.01,5,1,0,4,0.7,0.7,0.7,Clumped-Poisson,5,3,Randomly placed,0.9975000000000237,0,0,0,25,45,true,0,0,25,0,0,0,0,0,0,0,0,0.20833333333333334,0,0,0,0,0,NA,0,0,0,
2811,0.5,adaptive-cluster,0.01,5,1,0,4,0.7,0.7,0.7,Clumped-Poisson,5,3,Randomly placed,0.9975000000000181,0,0,0,25,45,true,0,0,25,0,0,0,0,0,0,0,0,0.20833333333333334,0,0,0,0,0,NA,0,0,0,
2812,0.5,adaptive-cluster,0.01,5,1,1,3,0.7,0.7,0.7,Clumped-Poisson,5,3,Randomly placed,0.997500000000012,0,0,0,25,45,true,0,0,25,0,0,0,0,0,0,0,0,0.20833333333333334,0,0,0,0,0,NA,0,0,0,
2793,0.5,adaptive-cluster,7,3500,316,546,2638,1,1,1,Clumped-Poisson,5,3,Randomly placed,8.787142857142857,0,0,0,25,45,true,0,0,45,87,7,16,64,87,7,16,64,0.375,0,0,0,0,0,1.2250096238528292,0,5.633142857142857,15.295719891156457,
2814,0.5,adaptive-cluster,0.01,5,1,1,3,0.7,0.7,0.7,Clumped-Poisson,5,3,Randomly placed,0.9975000000000175,0,0,0,25,45,true,0,0,25,0,0,0,0,0,0,0,0,0.20833333333333334,0,0,0,0,0,NA,0,0,0,
2815,0.5,adaptive-cluster,0.01,5,1,1,3,0.7,0.7,0.7,Clumped-Poisson,5,3,Randomly placed,0.9975000000000311,0,0,0,25,45,true,0,0,25,0,0,0,0,0,0,0,0,0.20833333333333334,0,0,0,0,0,NA,0,0,0,
2809,0.5,adaptive-cluster,0.01,5,0,0,5,0.7,0.7,0.7,Clumped-Poisson,5,3,Randomly placed,0.9975000000000145,0,0,0,25,45,true,0,0,25,0,0,0,0,0,0,0,0,0.20833333333333334,0,0,0,0,0,NA,0,0,0,
2816,0.5,adaptive-cluster,0.01,5,0,0,5,0.7,0.7,0.7,Clumped-Poisson,5,3,Randomly placed,0.9975000000000497,0,0,0,25,45,true,0,0,25,0,0,0,0,0,0,0,0,0.20833333333333334,0,0,0,0,0,NA,0,0,0,
2817,0.5,adaptive-cluster,0.01,5,0,2,3,0.7,0.7,0.7,Clumped-Poisson,5,3,Randomly placed,0.9975000000000447,0,0,0,25,45,true,0,0,25,0,0,0,0,0,0,0,0,0.20833333333333334,0,0,0,0,0,NA,0,0,0,
2818,0.5,adaptive-cluster,0.01,5,0,1,4,0.7,0.7,0.7,Clumped-Poisson,5,3,Randomly placed,0.9975000000000366,0,0,0,25,45,true,0,0,25,0,0,0,0,0,0,0,0,0.20833333333333334,0,0,0,0,0,NA,0,0,0,
2822,0.5,adaptive-cluster,0.01,5,0,0,5,0.7,0.7,0.7,Clumped-Poisson,5,3,Randomly placed,0.9975000000000277,0,0,0,25,45,true,0,0,25,0,0,0,0,0,0,0,0,0.20833333333333334,0,0,0,0,0,NA,0,0,0,
2819,0.5,adaptive-cluster,0.01,5,0,1,4,0.7,0.7,0.7,Clumped-Poisson,5,3,Randomly placed,0.9975000000000179,0,0,0,25,45,true,0,0,25,0,0,0,0,0,0,0,0,0.20833333333333334,0,0,0,0,0,NA,0,0,0,
2823,0.5,adaptive-cluster,0.01,5,1,0,4,0.7,0.7,0.7,Clumped-Poisson,5,3,Randomly placed,0.9975000000000511,0,0,0,25,45,true,0,0,25,0,0,0,0,0,0,0,0,0.20833333333333334,0,0,0,0,0,NA,0,0,0,
2820,0.5,adaptive-cluster,0.01,5,1,1,3,0.7,0.7,0.7,Clumped-Poisson,5,3,Randomly placed,0.9975000000000611,0,0,0,25,45,true,0,0,25,0,0,0,0,0,0,0,0,0.20833333333333334,0,0,0,0,0,NA,0,0,0,
2824,0.5,adaptive-cluster,0.01,5,0,2,3,0.7,0.7,0.7,Clumped-Poisson,5,3,Randomly placed,0.9975000000000372,0,0,0,25,45,true,0,0,25,0,0,0,0,0,0,0,0,0.20833333333333334,0,0,0,0,0,NA,0,0,0,
2825,0.5,adaptive-cluster,0.01,5,1,0,4,0.7,0.7,0.7,Clumped-Poisson,5,3,Randomly placed,1.3975000000000244,0,0,0,25,45,true,0,0,25,0,0,0,0,0,0,0,0,0.20833333333333334,0,0,0,0,0,NA,0,0,0,
2821,0.5,adaptive-cluster,0.01,5,0,1,4,0.7,0.7,0.7,Clumped-Poisson,5,3,Randomly placed,0.9975000000000306,0,0,0,25,45,true,0,0,25,0,0,0,0,0,0,0,0,0.20833333333333334,0,0,0,0,0,NA,0,0,0,
2826,0.5,adaptive-cluster,0.01,5,0,2,3,0.7,0.7,0.7,Clumped-Poisson,5,3,Randomly placed,0.9975000000000722,0,0,0,25,45,true,0,0,25,0,0,0,0,0,0,0,0,0.20833333333333334,0,0,0,0,0,NA,0,0,0,
2827,0.5,adaptive-cluster,0.01,5,0,0,5,0.7,0.7,0.7,Clumped-Poisson,5,3,Randomly placed,0.997500000000028,0,0,0,25,45,true,0,0,25,0,0,0,0,0,0,0,0,0.20833333333333334,0,0,0,0,0,NA,0,0,0,
2829,0.5,adaptive-cluster,0.01,5,0,0,5,0.7,0.7,0.7,Clumped-Poisson,5,3,Randomly placed,0.9975000000000469,0,0,0,25,45,true,0,0,25,0,0,0,0,0,0,0,0,0.20833333333333334,0,0,0,0,0,NA,0,0,0,
2828,0.5,adaptive-cluster,0.01,5,0,2,3,0.7,0.7,0.7,Clumped-Poisson,5,3,Randomly placed,0.9975000000000223,0,0,0,25,45,true,0,0,25,0,0,0,0,0,0,0,0,0.20833333333333334,0,0,0,0,0,NA,0,0,0,
2830,0.5,adaptive-cluster,0.01,5,1,2,2,0.7,0.7,0.7,Clumped-Poisson,5,3,Randomly placed,0.9975000000000147,0,0,0,25,45,true,0,0,28,1,0,0,1,1,0,0,1,0.23333333333333334,0,0,0,0,0,5.291502622129184,0,0.16,0.03520000000000001,
2831,0.5,adaptive-cluster,0.01,5,1,3,1,0.7,0.7,0.7,Clumped-Poisson,5,3,Randomly placed,0.9975000000000351,0,0,0,25,45,true,0,0,25,0,0,0,0,0,0,0,0,0.20833333333333334,0,0,0,0,0,NA,0,0,0,
2832,0.5,adaptive-cluster,0.01,5,1,0,4,0.7,0.7,0.7,Clumped-Poisson,5,3,Randomly placed,0.997500000000037,0,0,0,25,45,true,0,0,25,0,0,0,0,0,0,0,0,0.20833333333333334,0,0,0,0,0,NA,0,0,0,
2834,0.5,adaptive-cluster,0.01,5,0,1,4,0.7,0.7,0.7,Clumped-Poisson,5,3,Randomly placed,0.9975000000000662,0,0,0,25,45,true,0,0,25,0,0,0,0,0,0,0,0,0.20833333333333334,0,0,0,0,0,NA,0,0,0,
2833,0.5,adaptive-cluster,0.01,5,2,0,3,0.7,0.7,0.7,Clumped-Poisson,5,3,Randomly placed,0.9975000000000521,0,0,0,25,45,true,0,0,25,0,0,0,0,0,0,0,0,0.20833333333333334,0,0,0,0,0,NA,0,0,0,
2836,0.5,adaptive-cluster,0.01,5,1,0,4,0.7,0.7,0.7,Clumped-Poisson,5,3,Randomly placed,0.9975000000000444,0,0,0,25,45,true,0,0,25,0,0,0,0,0,0,0,0,0.20833333333333334,0,0,0,0,0,NA,0,0,0,
2797,0.5,adaptive-cluster,7,3500,359,550,2591,1,1,1,Clumped-Poisson,5,3,Randomly placed,8.30257142857143,0,0,0,25,45,true,0,0,45,192,20,45,127,192,20,45,127,0.375,0,0,0,0,0,1.559798801492155,0,7.36,33.95199999999999,
2837,0.5,adaptive-cluster,0.01,5,1,2,2,0.7,0.7,0.7,Clumped-Poisson,5,3,Randomly placed,0.9975000000000572,0,0,0,25,45,true,0,0,25,0,0,0,0,0,0,0,0,0.20833333333333334,0,0,0,0,0,NA,0,0,0,
2835,0.5,adaptive-cluster,0.01,5,0,1,4,0.7,0.7,0.7,Clumped-Poisson,5,3,Randomly placed,0.9975000000000533,0,0,0,25,45,true,0,0,25,0,0,0,0,0,0,0,0,0.20833333333333334,0,0,0,0,0,NA,0,0,0,
2839,0.5,adaptive-cluster,0.01,5,0,2,3,0.7,0.7,0.7,Clumped-Poisson,5,3,Randomly placed,0.9975000000000311,0,0,0,25,45,true,0,0,25,0,0,0,0,0,0,0,0,0.20833333333333334,0,0,0,0,0,NA,0,0,0,
2838,0.5,adaptive-cluster,0.01,5,1,1,3,0.7,0.7,0.7,Clumped-Poisson,5,3,Randomly placed,0.997500000000065,0,0,0,25,45,true,0,0,25,0,0,0,0,0,0,0,0,0.20833333333333334,0,0,0,0,0,NA,0,0,0,
2840,0.5,adaptive-cluster,0.01,5,1,3,1,0.7,0.7,0.7,Clumped-Poisson,5,3,Randomly placed,0.9975000000000468,0,0,0,25,45,true,0,0,25,0,0,0,0,0,0,0,0,0.20833333333333334,0,0,0,0,0,NA,0,0,0,
2841,0.5,adaptive-cluster,0.01,5,1,0,4,0.7,0.7,0.7,Clumped-Poisson,5,3,Randomly placed,0.9975000000000318,0,0,0,25,45,true,0,0,25,0,0,0,0,0,0,0,0,0.20833333333333334,0,0,0,0,0,NA,0,0,0,
2842,0.5,adaptive-cluster,0.01,5,2,2,1,0.7,0.7,0.7,Clumped-Poisson,5,3,Randomly placed,0.9975000000000128,0,0,0,25,45,true,0,0,25,0,0,0,0,0,0,0,0,0.20833333333333334,0,0,0,0,0,NA,0,0,0,
2846,0.5,adaptive-cluster,0.01,5,0,1,4,0.7,0.7,0.7,Clumped-Poisson,5,3,Randomly placed,0.9975000000000401,0,0,0,25,45,true,0,0,25,1,0,0,1,0,0,0,0,0.20833333333333334,0,0,0,0,0,NA,0,0,0,
2844,0.5,adaptive-cluster,0.01,5,0,1,4,0.7,0.7,0.7,Clumped-Poisson,5,3,Randomly placed,0.9975000000000372,0,0,0,25,45,true,0,0,25,0,0,0,0,0,0,0,0,0.20833333333333334,0,0,0,0,0,NA,0,0,0,
2843,0.5,adaptive-cluster,0.01,5,1,1,3,0.7,0.7,0.7,Clumped-Poisson,5,3,Randomly placed,0.9975000000000255,0,0,0,25,45,true,0,0,25,0,0,0,0,0,0,0,0,0.20833333333333334,0,0,0,0,0,NA,0,0,0,
2845,0.5,adaptive-cluster,0.01,5,1,0,4,0.7,0.7,0.7,Clumped-Poisson,5,3,Randomly placed,0.9975000000000381,0,0,0,25,45,true,0,0,25,0,0,0,0,0,0,0,0,0.20833333333333334,0,0,0,0,0,NA,0,0,0,
2796,0.5,adaptive-cluster,7,3500,343,487,2670,1,1,1,Clumped-Poisson,5,3,Randomly placed,12.978571428571428,0,0,0,25,45,true,0,0,45,64,4,12,48,64,4,12,48,0.375,0,0,0,0,0,2.2460458863477273,0,3.4026666666666667,7.244387555555555,
2847,0.5,adaptive-cluster,0.01,5,1,0,4,0.7,0.7,0.7,Clumped-Poisson,5,3,Randomly placed,0.9975000000000327,0,0,0,25,45,true,0,0,25,0,0,0,0,0,0,0,0,0.20833333333333334,0,0,0,0,0,NA,0,0,0,
2848,0.5,adaptive-cluster,0.01,5,0,0,5,0.7,0.7,0.7,Clumped-Poisson,5,3,Randomly placed,0.9975000000000419,0,0,0,25,45,true,0,0,25,0,0,0,0,0,0,0,0,0.20833333333333334,0,0,0,0,0,NA,0,0,0,
2850,0.5,adaptive-cluster,0.01,5,1,1,3,0.7,0.7,0.7,Clumped-Poisson,5,3,Randomly placed,0.9975000000000707,0,0,0,25,45,true,0,0,25,0,0,0,0,0,0,0,0,0.20833333333333334,0,0,0,0,0,NA,0,0,0,
2851,0.5,adaptive-cluster,0.01,5,1,1,3,0.7,0.7,0.7,Clumped-Poisson,5,3,Randomly placed,0.9975000000000583,0,0,0,25,45,true,0,0,25,0,0,0,0,0,0,0,0,0.20833333333333334,0,0,0,0,0,NA,0,0,0,
2795,0.5,adaptive-cluster,7,3500,338,505,2657,1,1,1,Clumped-Poisson,5,3,Randomly placed,11.98542857142857,0,0,0,25,45,true,0,0,45,77,4,15,58,77,4,15,58,0.375,0,0,0,0,0,1.9247126076050927,0,5.402222222222222,21.157636419753096,
2800,0.5,adaptive-cluster,7,3500,360,526,2614,1,1,1,Clumped-Poisson,5,3,Randomly placed,6.276857142857144,0,0,0,25,45,true,0,0,45,101,10,16,75,101,10,16,75,0.375,0,0,0,0,0,1.3933367173902131,0,10.517714285714288,50.226062421768745,
2852,0.5,adaptive-cluster,0.01,5,1,1,3,0.7,0.7,0.7,Clumped-Poisson,5,3,Randomly placed,0.9975000000000394,0,0,0,25,45,true,0,0,25,0,0,0,0,0,0,0,0,0.20833333333333334,0,0,0,0,0,NA,0,0,0,
2857,0.5,adaptive-cluster,0.01,5,0,1,4,0.7,0.7,0.7,Clumped-Poisson,5,3,Randomly placed,0.997500000000023,0,0,0,25,45,true,0,0,25,0,0,0,0,0,0,0,0,0.20833333333333334,0,0,0,0,0,NA,0,0,0,
2854,0.5,adaptive-cluster,0.01,5,1,0,4,0.7,0.7,0.7,Clumped-Poisson,5,3,Randomly placed,0.9975000000000379,0,0,0,25,45,true,0,0,25,0,0,0,0,0,0,0,0,0.20833333333333334,0,0,0,0,0,NA,0,0,0,
2853,0.5,adaptive-cluster,0.01,5,0,0,5,0.7,0.7,0.7,Clumped-Poisson,5,3,Randomly placed,0.9975000000000409,0,0,0,25,45,true,0,0,25,0,0,0,0,0,0,0,0,0.20833333333333334,0,0,0,0,0,NA,0,0,0,
2856,0.5,adaptive-cluster,0.01,5,0,0,5,0.7,0.7,0.7,Clumped-Poisson,5,3,Randomly placed,0.9975000000000083,0,0,0,25,45,true,0,0,25,0,0,0,0,0,0,0,0,0.20833333333333334,0,0,0,0,0,NA,0,0,0,
2858,0.5,adaptive-cluster,0.01,5,0,0,5,0.7,0.7,0.7,Clumped-Poisson,5,3,Randomly placed,0.9975000000000595,0,0,0,25,45,true,0,0,25,0,0,0,0,0,0,0,0,0.20833333333333334,0,0,0,0,0,NA,0,0,0,
2849,0.5,adaptive-cluster,0.01,5,2,0,3,0.7,0.7,0.7,Clumped-Poisson,5,3,Randomly placed,0.9975000000000444,0,0,0,25,45,true,0,0,25,0,0,0,0,0,0,0,0,0.20833333333333334,0,0,0,0,0,NA,0,0,0,
2855,0.5,adaptive-cluster,0.01,5,0,0,5,0.7,0.7,0.7,Clumped-Poisson,5,3,Randomly placed,0.9975000000000407,0,0,0,25,45,true,0,0,25,0,0,0,0,0,0,0,0,0.20833333333333334,0,0,0,0,0,NA,0,0,0,
2859,0.5,adaptive-cluster,0.01,5,2,0,3,0.7,0.7,0.7,Clumped-Poisson,5,3,Randomly placed,0.9975000000000295,0,0,0,25,45,true,0,0,25,0,0,0,0,0,0,0,0,0.20833333333333334,0,0,0,0,0,NA,0,0,0,
2862,0.5,adaptive-cluster,0.01,5,1,0,4,0.7,0.7,0.7,Clumped-Poisson,5,3,Randomly placed,0.9975000000000156,0,0,0,25,45,true,0,0,25,0,0,0,0,0,0,0,0,0.20833333333333334,0,0,0,0,0,NA,0,0,0,
2863,0.5,adaptive-cluster,0.01,5,0,0,5,0.7,0.7,0.7,Clumped-Poisson,5,3,Randomly placed,0.9975000000000148,0,0,0,25,45,true,0,0,25,0,0,0,0,0,0,0,0,0.20833333333333334,0,0,0,0,0,NA,0,0,0,
2865,0.5,adaptive-cluster,0.01,5,0,1,4,0.7,0.7,0.7,Clumped-Poisson,5,3,Randomly placed,0.9975000000000185,0,0,0,25,45,true,0,0,25,0,0,0,0,0,0,0,0,0.20833333333333334,0,0,0,0,0,NA,0,0,0,
2870,0.5,adaptive-cluster,0.01,5,0,3,2,0.7,0.7,0.7,Clumped-Poisson,5,3,Randomly placed,0.9975000000000315,0,0,0,25,45,true,0,0,29,1,0,0,1,1,0,0,1,0.24166666666666667,0,0,0,0,0,5.385164807134507,0,0.16,0.035199999999999995,
2868,0.5,adaptive-cluster,0.01,5,0,3,2,0.7,0.7,0.7,Clumped-Poisson,5,3,Randomly placed,0.9975000000000239,0,0,0,25,45,true,0,0,25,0,0,0,0,0,0,0,0,0.20833333333333334,0,0,0,0,0,NA,0,0,0,
2867,0.5,adaptive-cluster,0.01,5,0,0,5,0.7,0.7,0.7,Clumped-Poisson,5,3,Randomly placed,0.9975000000000611,0,0,0,25,45,true,0,0,25,0,0,0,0,0,0,0,0,0.20833333333333334,0,0,0,0,0,NA,0,0,0,
2866,0.5,adaptive-cluster,0.01,5,0,1,4,0.7,0.7,0.7,Clumped-Poisson,5,3,Randomly placed,0.9975000000000626,0,0,0,25,45,true,0,0,25,0,0,0,0,0,0,0,0,0.20833333333333334,0,0,0,0,0,NA,0,0,0,
2872,0.5,adaptive-cluster,0.01,5,0,1,4,0.7,0.7,0.7,Clumped-Poisson,5,3,Randomly placed,0.9975000000000318,0,0,0,25,45,true,0,0,25,0,0,0,0,0,0,0,0,0.20833333333333334,0,0,0,0,0,NA,0,0,0,
2869,0.5,adaptive-cluster,0.01,5,0,0,5,0.7,0.7,0.7,Clumped-Poisson,5,3,Randomly placed,0.9975000000000394,0,0,0,25,45,true,0,0,25,0,0,0,0,0,0,0,0,0.20833333333333334,0,0,0,0,0,NA,0,0,0,
2861,0.5,adaptive-cluster,0.01,5,0,1,4,0.7,0.7,0.7,Clumped-Poisson,5,3,Randomly placed,0.9975000000000381,0,0,0,25,45,true,0,0,25,0,0,0,0,0,0,0,0,0.20833333333333334,0,0,0,0,0,NA,0,0,0,
2871,0.5,adaptive-cluster,0.01,5,0,2,3,0.7,0.7,0.7,Clumped-Poisson,5,3,Randomly placed,0.9975000000000412,0,0,0,25,45,true,0,0,25,0,0,0,0,0,0,0,0,0.20833333333333334,0,0,0,0,0,NA,0,0,0,
2864,0.5,adaptive-cluster,0.01,5,0,1,4,0.7,0.7,0.7,Clumped-Poisson,5,3,Randomly placed,0.997500000000049,0,0,0,25,45,true,0,0,25,0,0,0,0,0,0,0,0,0.20833333333333334,0,0,0,0,0,NA,0,0,0,
2798,0.5,adaptive-cluster,7,3500,334,534,2632,1,1,1,Clumped-Poisson,5,3,Randomly placed,9.347714285714286,0,0,0,25,45,true,0,0,45,112,12,17,83,112,12,17,83,0.375,0,0,0,0,0,1.9620338331749512,0,8.86,50.416950000000014,
2860,0.5,adaptive-cluster,0.01,5,1,1,3,0.7,0.7,0.7,Clumped-Poisson,5,3,Randomly placed,0.997500000000029,0,0,0,25,45,true,0,0,25,0,0,0,0,0,0,0,0,0.20833333333333334,0,0,0,0,0,NA,0,0,0,
2873,0.5,adaptive-cluster,0.01,5,1,2,2,0.7,0.7,0.7,Clumped-Poisson,5,3,Randomly placed,0.9975000000000435,0,0,0,25,45,true,0,0,28,1,0,0,1,1,0,0,1,0.23333333333333334,0,0,0,0,0,5.291502622129184,0,0.16,0.035200000000000016,
2874,0.5,adaptive-cluster,0.01,5,1,2,2,0.7,0.7,0.7,Clumped-Poisson,5,3,Randomly placed,0.9975000000000267,0,0,0,25,45,true,0,0,25,0,0,0,0,0,0,0,0,0.20833333333333334,0,0,0,0,0,NA,0,0,0,
2879,0.5,adaptive-cluster,0.01,5,1,0,4,0.7,0.7,0.7,Clumped-Poisson,5,3,Randomly placed,0.997500000000052,0,0,0,25,45,true,0,0,25,0,0,0,0,0,0,0,0,0.20833333333333334,0,0,0,0,0,NA,0,0,0,
2875,0.5,adaptive-cluster,0.01,5,0,0,5,0.7,0.7,0.7,Clumped-Poisson,5,3,Randomly placed,0.997500000000028,0,0,0,25,45,true,0,0,25,0,0,0,0,0,0,0,0,0.20833333333333334,0,0,0,0,0,NA,0,0,0,
2877,0.5,adaptive-cluster,0.01,5,0,0,5,0.7,0.7,0.7,Clumped-Poisson,5,3,Randomly placed,0.997500000000054,0,0,0,25,45,true,0,0,25,0,0,0,0,0,0,0,0,0.20833333333333334,0,0,0,0,0,NA,0,0,0,
2878,0.5,adaptive-cluster,0.01,5,1,0,4,0.7,0.7,0.7,Clumped-Poisson,5,3,Randomly placed,0.9975000000000223,0,0,0,25,45,true,0,0,25,0,0,0,0,0,0,0,0,0.20833333333333334,0,0,0,0,0,NA,0,0,0,
2876,0.5,adaptive-cluster,0.01,5,1,0,4,0.7,0.7,0.7,Clumped-Poisson,5,3,Randomly placed,0.9975000000000395,0,0,0,25,45,true,0,0,25,0,0,0,0,0,0,0,0,0.20833333333333334,0,0,0,0,0,NA,0,0,0,
2799,0.5,adaptive-cluster,7,3500,321,518,2661,1,1,1,Clumped-Poisson,5,3,Randomly placed,9.441428571428572,0,0,0,25,45,true,0,0,45,171,15,24,132,171,15,24,132,0.375,0,0,0,0,0,1.3841113723651548,0,9,44.16166666666667,
2880,0.5,adaptive-cluster,0.01,5,1,0,4,0.7,0.7,0.7,Clumped-Poisson,5,3,Randomly placed,0.9975000000000556,0,0,0,25,45,true,0,0,25,0,0,0,0,0,0,0,0,0.20833333333333334,0,0,0,0,0,NA,0,0,0,
2883,0.5,adaptive-cluster,0.01,5,0,1,4,0.7,0.7,0.7,Clumped-Poisson,5,3,Randomly placed,0.997500000000053,0,0,0,25,45,true,0,0,25,0,0,0,0,0,0,0,0,0.20833333333333334,0,0,0,0,0,NA,0,0,0,
2881,0.5,adaptive-cluster,0.01,5,3,0,2,0.7,0.7,0.7,Clumped-Poisson,5,3,Randomly placed,0.9975000000000651,0,0,0,25,45,true,0,0,25,0,0,0,0,0,0,0,0,0.20833333333333334,0,0,0,0,0,NA,0,0,0,
2884,0.5,adaptive-cluster,0.01,5,1,0,4,0.7,0.7,0.7,Clumped-Poisson,5,3,Randomly placed,0.9975000000000628,0,0,0,25,45,true,0,0,25,0,0,0,0,0,0,0,0,0.20833333333333334,0,0,0,0,0,NA,0,0,0,
2882,0.5,adaptive-cluster,0.01,5,1,1,3,0.7,0.7,0.7,Clumped-Poisson,5,3,Randomly placed,0.9975000000000545,0,0,0,25,45,true,0,0,29,1,0,0,1,1,0,0,1,0.24166666666666667,0,0,0,0,0,5.385164807134506,0,0.16,0.035200000000000016,
2888,0.5,adaptive-cluster,0.01,5,0,2,3,0.7,0.7,0.7,Clumped-Poisson,5,3,Randomly placed,0.9975000000000613,0,0,0,25,45,true,0,0,25,0,0,0,0,0,0,0,0,0.20833333333333334,0,0,0,0,0,NA,0,0,0,
2891,0.5,adaptive-cluster,0.01,5,1,0,4,0.7,0.7,0.7,Clumped-Poisson,5,3,Randomly placed,0.9975000000000499,0,0,0,25,45,true,0,0,25,0,0,0,0,0,0,0,0,0.20833333333333334,0,0,0,0,0,NA,0,0,0,
2885,0.5,adaptive-cluster,0.01,5,1,0,4,0.7,0.7,0.7,Clumped-Poisson,5,3,Randomly placed,0.9975000000000389,0,0,0,25,45,true,0,0,25,0,0,0,0,0,0,0,0,0.20833333333333334,0,0,0,0,0,NA,0,0,0,
2887,0.5,adaptive-cluster,0.01,5,1,2,2,0.7,0.7,0.7,Clumped-Poisson,5,3,Randomly placed,0.9975000000000361,0,0,0,25,45,true,0,0,25,0,0,0,0,0,0,0,0,0.20833333333333334,0,0,0,0,0,NA,0,0,0,
2890,0.5,adaptive-cluster,0.01,5,0,0,5,0.7,0.7,0.7,Clumped-Poisson,5,3,Randomly placed,0.997500000000041,0,0,0,25,45,true,0,0,25,0,0,0,0,0,0,0,0,0.20833333333333334,0,0,0,0,0,NA,0,0,0,
2886,0.5,adaptive-cluster,0.01,5,0,0,5,0.7,0.7,0.7,Clumped-Poisson,5,3,Randomly placed,0.9975000000000421,0,0,0,25,45,true,0,0,25,0,0,0,0,0,0,0,0,0.20833333333333334,0,0,0,0,0,NA,0,0,0,
2892,0.5,adaptive-cluster,0.01,5,0,1,4,0.7,0.7,0.7,Clumped-Poisson,5,3,Randomly placed,0.997500000000057,0,0,0,25,45,true,0,0,25,0,0,0,0,0,0,0,0,0.20833333333333334,0,0,0,0,0,NA,0,0,0,
2893,0.5,adaptive-cluster,0.01,5,0,1,4,0.7,0.7,0.7,Clumped-Poisson,5,3,Randomly placed,0.9975000000000234,0,0,0,25,45,true,0,0,25,0,0,0,0,0,0,0,0,0.20833333333333334,0,0,0,0,0,NA,0,0,0,
2894,0.5,adaptive-cluster,0.01,5,0,1,4,0.7,0.7,0.7,Clumped-Poisson,5,3,Randomly placed,0.9975000000000265,0,0,0,25,45,true,0,0,25,0,0,0,0,0,0,0,0,0.20833333333333334,0,0,0,0,0,NA,0,0,0,
2898,0.5,adaptive-cluster,0.01,5,0,0,5,0.7,0.7,0.7,Clumped-Poisson,5,3,Randomly placed,0.9975000000000461,0,0,0,25,45,true,0,0,25,0,0,0,0,0,0,0,0,0.20833333333333334,0,0,0,0,0,NA,0,0,0,
2889,0.5,adaptive-cluster,0.01,5,1,0,4,0.7,0.7,0.7,Clumped-Poisson,5,3,Randomly placed,0.9975000000000342,0,0,0,25,45,true,0,0,25,0,0,0,0,0,0,0,0,0.20833333333333334,0,0,0,0,0,NA,0,0,0,
2896,0.5,adaptive-cluster,0.01,5,0,1,4,0.7,0.7,0.7,Clumped-Poisson,5,3,Randomly placed,0.9975000000000142,0,0,0,25,45,true,0,0,25,0,0,0,0,0,0,0,0,0.20833333333333334,0,0,0,0,0,NA,0,0,0,
2897,0.5,adaptive-cluster,0.01,5,0,2,3,0.7,0.7,0.7,Clumped-Poisson,5,3,Randomly placed,0.9975000000000263,0,0,0,25,45,true,0,0,25,0,0,0,0,0,0,0,0,0.20833333333333334,0,0,0,0,0,NA,0,0,0,
2895,0.5,adaptive-cluster,0.01,5,0,0,5,0.7,0.7,0.7,Clumped-Poisson,5,3,Randomly placed,0.9975000000000397,0,0,0,25,45,true,0,0,29,1,0,0,1,1,0,0,1,0.24166666666666667,0,0,0,0,0,5.3851648071345055,0,0.16,0.03520000000000002,
2900,0.5,adaptive-cluster,0.01,5,1,0,4,0.7,0.7,0.7,Clumped-Poisson,5,3,Randomly placed,0.9975000000000235,0,0,0,25,45,true,0,0,25,0,0,0,0,0,0,0,0,0.20833333333333334,0,0,0,0,0,NA,0,0,0,
2899,0.5,adaptive-cluster,0.01,5,0,1,4,0.7,0.7,0.7,Clumped-Poisson,5,3,Randomly placed,0.9975000000000235,0,0,0,25,45,true,0,0,25,0,0,0,0,0,0,0,0,0.20833333333333334,0,0,0,0,0,NA,0,0,0,
2902,0.5,adaptive-cluster,0.1,50,6,4,40,0.7,0.7,0.7,Clumped-Poisson,5,3,Randomly placed,1.0549999999999815,0,0,0,25,45,true,0,0,25,0,0,0,0,0,0,0,0,0.20833333333333334,0,0,0,0,0,NA,0,0,0,
2901,0.5,adaptive-cluster,0.1,50,4,10,36,0.7,0.7,0.7,Clumped-Poisson,5,3,Randomly placed,1.294999999999982,0,0,0,25,45,true,0,0,25,0,0,0,0,0,0,0,0,0.20833333333333334,0,0,0,0,0,NA,0,0,0,
2905,0.5,adaptive-cluster,0.1,50,5,7,38,0.7,0.7,0.7,Clumped-Poisson,5,3,Randomly placed,1.0549999999999822,0,0,0,25,45,true,0,0,25,0,0,0,0,0,0,0,0,0.20833333333333334,0,0,0,0,0,NA,0,0,0,
2907,0.5,adaptive-cluster,0.1,50,4,10,36,0.7,0.7,0.7,Clumped-Poisson,5,3,Randomly placed,1.1349999999999836,0,0,0,25,45,true,0,0,25,0,0,0,0,0,0,0,0,0.20833333333333334,0,0,0,0,0,NA,0,0,0,
2909,0.5,adaptive-cluster,0.1,50,10,6,34,0.7,0.7,0.7,Clumped-Poisson,5,3,Randomly placed,1.094999999999982,0,0,0,25,45,true,0,0,25,0,0,0,0,0,0,0,0,0.20833333333333334,0,0,0,0,0,NA,0,0,0,
2903,0.5,adaptive-cluster,0.1,50,4,8,38,0.7,0.7,0.7,Clumped-Poisson,5,3,Randomly placed,1.1349999999999858,0,0,0,25,45,true,0,0,25,0,0,0,0,0,0,0,0,0.20833333333333334,0,0,0,0,0,NA,0,0,0,
2904,0.5,adaptive-cluster,0.1,50,3,6,41,0.7,0.7,0.7,Clumped-Poisson,5,3,Randomly placed,1.1349999999999854,0,0,0,25,45,true,0,0,32,3,0,0,3,2,0,0,2,0.26666666666666666,0,0,0,0,0,3.934955014703718,0,0.16,0.035200000000000016,
2908,0.5,adaptive-cluster,0.1,50,5,7,38,0.7,0.7,0.7,Clumped-Poisson,5,3,Randomly placed,1.0549999999999848,0,0,0,25,45,true,0,0,25,0,0,0,0,0,0,0,0,0.20833333333333334,0,0,0,0,0,NA,0,0,0,
2914,0.5,adaptive-cluster,0.1,50,7,8,35,0.7,0.7,0.7,Clumped-Poisson,5,3,Randomly placed,1.0549999999999817,0,0,0,25,45,true,0,0,25,0,0,0,0,0,0,0,0,0.20833333333333334,0,0,0,0,0,NA,0,0,0,
2912,0.5,adaptive-cluster,0.1,50,7,11,32,0.7,0.7,0.7,Clumped-Poisson,5,3,Randomly placed,1.374999999999984,0,0,0,25,45,true,0,0,28,1,1,0,0,1,1,0,0,0.23333333333333334,0,0,0,0,0,5.291502622129182,0,0.16,0.03520000000000002,
2911,0.5,adaptive-cluster,0.1,50,10,6,34,0.7,0.7,0.7,Clumped-Poisson,5,3,Randomly placed,1.054999999999983,0,0,0,25,45,true,0,0,28,1,1,0,0,1,1,0,0,0.23333333333333334,0,0,0,0,0,5.291502622129182,0,0.16,0.0352,
2913,0.5,adaptive-cluster,0.1,50,3,9,38,0.7,0.7,0.7,Clumped-Poisson,5,3,Randomly placed,1.1749999999999818,0,0,0,25,45,true,0,0,25,1,0,1,0,0,0,0,0,0.20833333333333334,0,0,0,0,0,NA,0,0,0,
2915,0.5,adaptive-cluster,0.1,50,6,7,37,0.7,0.7,0.7,Clumped-Poisson,5,3,Randomly placed,1.2149999999999834,0,0,0,25,45,true,0,0,32,2,0,1,1,2,0,1,1,0.26666666666666666,0,0,0,0,0,3.934955014703718,0,0.16,0.035200000000000016,
2910,0.5,adaptive-cluster,0.1,50,2,13,35,0.7,0.7,0.7,Clumped-Poisson,5,3,Randomly placed,1.2149999999999819,0,0,0,25,45,true,0,0,29,1,0,1,0,1,0,1,0,0.24166666666666667,0,0,0,0,0,5.385164807134505,0,0.16,0.03520000000000001,
2917,0.5,adaptive-cluster,0.1,50,4,10,36,0.7,0.7,0.7,Clumped-Poisson,5,3,Randomly placed,1.1349999999999818,0,0,0,25,45,true,0,0,25,0,0,0,0,0,0,0,0,0.20833333333333334,0,0,0,0,0,NA,0,0,0,
2916,0.5,adaptive-cluster,0.1,50,4,6,40,0.7,0.7,0.7,Clumped-Poisson,5,3,Randomly placed,1.1349999999999798,0,0,0,25,45,true,0,0,25,0,0,0,0,0,0,0,0,0.20833333333333334,0,0,0,0,0,NA,0,0,0,
2920,0.5,adaptive-cluster,0.1,50,4,6,40,0.7,0.7,0.7,Clumped-Poisson,5,3,Randomly placed,1.094999999999982,0,0,0,25,45,true,0,0,25,0,0,0,0,0,0,0,0,0.20833333333333334,0,0,0,0,0,NA,0,0,0,
2919,0.5,adaptive-cluster,0.1,50,7,8,35,0.7,0.7,0.7,Clumped-Poisson,5,3,Randomly placed,1.0949999999999802,0,0,0,25,45,true,0,0,25,0,0,0,0,0,0,0,0,0.20833333333333334,0,0,0,0,0,NA,0,0,0,
2918,0.5,adaptive-cluster,0.1,50,4,7,39,0.7,0.7,0.7,Clumped-Poisson,5,3,Randomly placed,1.0549999999999808,0,0,0,25,45,true,0,0,33,3,0,0,3,2,0,0,2,0.275,0,0,0,0,0,3.998046397929869,0,0.32,0.08746666666666665,
2922,0.5,adaptive-cluster,0.1,50,4,6,40,0.7,0.7,0.7,Clumped-Poisson,5,3,Randomly placed,1.2549999999999832,0,0,0,25,45,true,0,0,25,0,0,0,0,0,0,0,0,0.20833333333333334,0,0,0,0,0,NA,0,0,0,
2924,0.5,adaptive-cluster,0.1,50,9,8,33,0.7,0.7,0.7,Clumped-Poisson,5,3,Randomly placed,1.054999999999982,0,0,0,25,45,true,0,0,25,0,0,0,0,0,0,0,0,0.20833333333333334,0,0,0,0,0,NA,0,0,0,
2925,0.5,adaptive-cluster,0.1,50,2,5,43,0.7,0.7,0.7,Clumped-Poisson,5,3,Randomly placed,1.0549999999999808,0,0,0,25,45,true,0,0,25,0,0,0,0,0,0,0,0,0.20833333333333334,0,0,0,0,0,NA,0,0,0,
2923,0.5,adaptive-cluster,0.1,50,4,12,34,0.7,0.7,0.7,Clumped-Poisson,5,3,Randomly placed,1.1749999999999838,0,0,0,25,45,true,0,0,25,0,0,0,0,0,0,0,0,0.20833333333333334,0,0,0,0,0,NA,0,0,0,
2921,0.5,adaptive-cluster,0.1,50,2,6,42,0.7,0.7,0.7,Clumped-Poisson,5,3,Randomly placed,1.0549999999999826,0,0,0,25,45,true,0,0,25,0,0,0,0,0,0,0,0,0.20833333333333334,0,0,0,0,0,NA,0,0,0,
2926,0.5,adaptive-cluster,0.1,50,4,11,35,0.7,0.7,0.7,Clumped-Poisson,5,3,Randomly placed,1.094999999999982,0,0,0,25,45,true,0,0,33,3,0,0,3,2,0,0,2,0.275,0,0,0,0,0,3.998046397929868,0,0.32,0.08746666666666662,
2927,0.5,adaptive-cluster,0.1,50,2,10,38,0.7,0.7,0.7,Clumped-Poisson,5,3,Randomly placed,1.0549999999999866,0,0,0,25,45,true,0,0,29,2,1,0,1,1,1,0,0,0.24166666666666667,0,0,0,0,0,5.3851648071345055,0,0.16,0.0352,
2929,0.5,adaptive-cluster,0.1,50,4,10,36,0.7,0.7,0.7,Clumped-Poisson,5,3,Randomly placed,1.014999999999982,0,0,0,25,45,true,0,0,25,1,0,0,1,0,0,0,0,0.20833333333333334,0,0,0,0,0,NA,0,0,0,
2930,0.5,adaptive-cluster,0.1,50,6,5,39,0.7,0.7,0.7,Clumped-Poisson,5,3,Randomly placed,1.0549999999999844,0,0,0,25,45,true,0,0,37,4,2,1,1,4,2,1,1,0.30833333333333335,0,0,0,0,0,2.911900868276025,0,0.32,0.08746666666666662,
2939,0.5,adaptive-cluster,0.1,50,2,11,37,0.7,0.7,0.7,Clumped-Poisson,5,3,Randomly placed,1.1349999999999834,0,0,0,25,45,true,0,0,28,1,0,0,1,1,0,0,1,0.23333333333333334,0,0,0,0,0,5.291502622129182,0,0.16,0.035200000000000016,
2937,0.5,adaptive-cluster,0.1,50,5,10,35,0.7,0.7,0.7,Clumped-Poisson,5,3,Randomly placed,1.1349999999999834,0,0,0,25,45,true,0,0,25,0,0,0,0,0,0,0,0,0.20833333333333334,0,0,0,0,0,NA,0,0,0,
2932,0.5,adaptive-cluster,0.1,50,7,4,39,0.7,0.7,0.7,Clumped-Poisson,5,3,Randomly placed,1.0949999999999864,0,0,0,25,45,true,0,0,25,1,1,0,0,0,0,0,0,0.20833333333333334,0,0,0,0,0,NA,0,0,0,
2935,0.5,adaptive-cluster,0.1,50,6,7,37,0.7,0.7,0.7,Clumped-Poisson,5,3,Randomly placed,1.2149999999999854,0,0,0,25,45,true,0,0,25,0,0,0,0,0,0,0,0,0.20833333333333334,0,0,0,0,0,NA,0,0,0,
2936,0.5,adaptive-cluster,0.1,50,4,5,41,0.7,0.7,0.7,Clumped-Poisson,5,3,Randomly placed,1.0149999999999837,0,0,0,25,45,true,0,0,25,0,0,0,0,0,0,0,0,0.20833333333333334,0,0,0,0,0,NA,0,0,0,
2931,0.5,adaptive-cluster,0.1,50,2,7,41,0.7,0.7,0.7,Clumped-Poisson,5,3,Randomly placed,1.0949999999999822,0,0,0,25,45,true,0,0,25,0,0,0,0,0,0,0,0,0.20833333333333334,0,0,0,0,0,NA,0,0,0,
2906,0.5,adaptive-cluster,0.1,50,2,5,43,0.7,0.7,0.7,Clumped-Poisson,5,3,Randomly placed,1.2549999999999801,0,0,0,25,45,true,0,0,25,0,0,0,0,0,0,0,0,0.20833333333333334,0,0,0,0,0,NA,0,0,0,
2940,0.5,adaptive-cluster,0.1,50,7,10,33,0.7,0.7,0.7,Clumped-Poisson,5,3,Randomly placed,1.334999999999982,0,0,0,25,45,true,0,0,25,0,0,0,0,0,0,0,0,0.20833333333333334,0,0,0,0,0,NA,0,0,0,
2933,0.5,adaptive-cluster,0.1,50,7,5,38,0.7,0.7,0.7,Clumped-Poisson,5,3,Randomly placed,1.1749999999999794,0,0,0,25,45,true,0,0,42,8,0,0,8,8,0,0,8,0.35,0,0,0,0,0,2.65380536717169,0,0.68,0.32913333333333344,
2934,0.5,adaptive-cluster,0.1,50,4,8,38,0.7,0.7,0.7,Clumped-Poisson,5,3,Randomly placed,1.0549999999999826,0,0,0,25,45,true,0,0,32,3,0,0,3,2,0,0,2,0.26666666666666666,0,0,0,0,0,3.934955014703718,0,0.16,0.035200000000000016,
2938,0.5,adaptive-cluster,0.1,50,6,7,37,0.7,0.7,0.7,Clumped-Poisson,5,3,Randomly placed,1.0149999999999813,0,0,0,25,45,true,0,0,36,5,1,2,2,4,1,1,2,0.3,0,0,0,0,0,2.8685486624025454,0,0.16,0.035200000000000016,
2928,0.5,adaptive-cluster,0.1,50,6,5,39,0.7,0.7,0.7,Clumped-Poisson,5,3,Randomly placed,1.1349999999999822,0,0,0,25,45,true,0,0,25,1,0,1,0,0,0,0,0,0.20833333333333334,0,0,0,0,0,NA,0,0,0,
2941,0.5,adaptive-cluster,0.1,50,3,8,39,0.7,0.7,0.7,Clumped-Poisson,5,3,Randomly placed,1.1749999999999825,0,0,0,25,45,true,0,0,29,1,0,0,1,1,0,0,1,0.24166666666666667,0,0,0,0,0,5.385164807134505,0,0.16,0.0352,
2946,0.5,adaptive-cluster,0.1,50,2,7,41,0.7,0.7,0.7,Clumped-Poisson,5,3,Randomly placed,1.134999999999987,0,0,0,25,45,true,0,0,29,2,0,1,1,1,0,0,1,0.24166666666666667,0,0,0,0,0,5.385164807134505,0,0.16,0.035200000000000016,
2944,0.5,adaptive-cluster,0.1,50,4,11,35,0.7,0.7,0.7,Clumped-Poisson,5,3,Randomly placed,0.9749999999999845,0,0,0,25,45,true,0,0,25,0,0,0,0,0,0,0,0,0.20833333333333334,0,0,0,0,0,NA,0,0,0,
2942,0.5,adaptive-cluster,0.1,50,8,7,35,0.7,0.7,0.7,Clumped-Poisson,5,3,Randomly placed,1.334999999999984,0,0,0,25,45,true,0,0,25,1,0,0,1,0,0,0,0,0.20833333333333334,0,0,0,0,0,NA,0,0,0,
2943,0.5,adaptive-cluster,0.1,50,4,9,37,0.7,0.7,0.7,Clumped-Poisson,5,3,Randomly placed,1.0149999999999848,0,0,0,25,45,true,0,0,25,0,0,0,0,0,0,0,0,0.20833333333333334,0,0,0,0,0,NA,0,0,0,
2948,0.5,adaptive-cluster,0.1,50,6,7,37,0.7,0.7,0.7,Clumped-Poisson,5,3,Randomly placed,1.2549999999999788,0,0,0,25,45,true,0,0,38,4,0,0,4,4,0,0,4,0.31666666666666665,0,0,0,0,0,2.9546116038710957,0,0.32,0.08746666666666662,
2947,0.5,adaptive-cluster,0.1,50,4,6,40,0.7,0.7,0.7,Clumped-Poisson,5,3,Randomly placed,1.2149999999999812,0,0,0,25,45,true,0,0,29,1,0,1,0,1,0,1,0,0.24166666666666667,0,0,0,0,0,5.385164807134505,0,0.16,0.03520000000000002,
2945,0.5,adaptive-cluster,0.1,50,4,8,38,0.7,0.7,0.7,Clumped-Poisson,5,3,Randomly placed,1.1349999999999831,0,0,0,25,45,true,0,0,25,1,0,0,1,0,0,0,0,0.20833333333333334,0,0,0,0,0,NA,0,0,0,
2954,0.5,adaptive-cluster,0.1,50,8,11,31,0.7,0.7,0.7,Clumped-Poisson,5,3,Randomly placed,1.0949999999999813,0,0,0,25,45,true,0,0,25,0,0,0,0,0,0,0,0,0.20833333333333334,0,0,0,0,0,NA,0,0,0,
2953,0.5,adaptive-cluster,0.1,50,7,4,39,0.7,0.7,0.7,Clumped-Poisson,5,3,Randomly placed,1.0549999999999802,0,0,0,25,45,true,0,0,25,0,0,0,0,0,0,0,0,0.20833333333333334,0,0,0,0,0,NA,0,0,0,
2950,0.5,adaptive-cluster,0.1,50,3,11,36,0.7,0.7,0.7,Clumped-Poisson,5,3,Randomly placed,1.0949999999999798,0,0,0,25,45,true,0,0,29,1,0,0,1,1,0,0,1,0.24166666666666667,0,0,0,0,0,5.385164807134506,0,0.16,0.03520000000000001,
2952,0.5,adaptive-cluster,0.1,50,7,7,36,0.7,0.7,0.7,Clumped-Poisson,5,3,Randomly placed,1.0949999999999833,0,0,0,25,45,true,0,0,29,1,0,0,1,1,0,0,1,0.24166666666666667,0,0,0,0,0,5.385164807134505,0,0.16,0.03520000000000001,
2955,0.5,adaptive-cluster,0.1,50,8,4,38,0.7,0.7,0.7,Clumped-Poisson,5,3,Randomly placed,1.2149999999999828,0,0,0,25,45,true,0,0,28,1,0,0,1,1,0,0,1,0.23333333333333334,0,0,0,0,0,5.291502622129184,0,0.16,0.035200000000000016,
2949,0.5,adaptive-cluster,0.1,50,3,11,36,0.7,0.7,0.7,Clumped-Poisson,5,3,Randomly placed,1.1349999999999836,0,0,0,25,45,true,0,0,29,1,0,1,0,1,0,1,0,0.24166666666666667,0,0,0,0,0,5.3851648071345055,0,0.16,0.03520000000000002,
2951,0.5,adaptive-cluster,0.1,50,4,7,39,0.7,0.7,0.7,Clumped-Poisson,5,3,Randomly placed,1.1749999999999825,0,0,0,25,45,true,0,0,25,0,0,0,0,0,0,0,0,0.20833333333333334,0,0,0,0,0,NA,0,0,0,
2957,0.5,adaptive-cluster,0.1,50,4,5,41,0.7,0.7,0.7,Clumped-Poisson,5,3,Randomly placed,1.2149999999999856,0,0,0,25,45,true,0,0,25,0,0,0,0,0,0,0,0,0.20833333333333334,0,0,0,0,0,NA,0,0,0,
2956,0.5,adaptive-cluster,0.1,50,6,11,33,0.7,0.7,0.7,Clumped-Poisson,5,3,Randomly placed,0.974999999999984,0,0,0,25,45,true,0,0,29,2,0,1,1,1,0,0,1,0.24166666666666667,0,0,0,0,0,5.385164807134505,0,0.16,0.03520000000000002,
2960,0.5,adaptive-cluster,0.1,50,10,8,32,0.7,0.7,0.7,Clumped-Poisson,5,3,Randomly placed,1.254999999999981,0,0,0,25,45,true,0,0,25,0,0,0,0,0,0,0,0,0.20833333333333334,0,0,0,0,0,NA,0,0,0,
2961,0.5,adaptive-cluster,0.1,50,8,6,36,0.7,0.7,0.7,Clumped-Poisson,5,3,Randomly placed,1.0949999999999822,0,0,0,25,45,true,0,0,25,0,0,0,0,0,0,0,0,0.20833333333333334,0,0,0,0,0,NA,0,0,0,
2958,0.5,adaptive-cluster,0.1,50,6,3,41,0.7,0.7,0.7,Clumped-Poisson,5,3,Randomly placed,1.2549999999999861,0,0,0,25,45,true,0,0,25,0,0,0,0,0,0,0,0,0.20833333333333334,0,0,0,0,0,NA,0,0,0,
2959,0.5,adaptive-cluster,0.1,50,7,8,35,0.7,0.7,0.7,Clumped-Poisson,5,3,Randomly placed,1.0949999999999853,0,0,0,25,45,true,0,0,29,2,0,0,2,1,0,0,1,0.24166666666666667,0,0,0,0,0,5.3851648071345055,0,0.16,0.035200000000000016,
2968,0.5,adaptive-cluster,0.1,50,3,5,42,0.7,0.7,0.7,Clumped-Poisson,5,3,Randomly placed,1.1349999999999845,0,0,0,25,45,true,0,0,25,0,0,0,0,0,0,0,0,0.20833333333333334,0,0,0,0,0,NA,0,0,0,
2965,0.5,adaptive-cluster,0.1,50,4,8,38,0.7,0.7,0.7,Clumped-Poisson,5,3,Randomly placed,1.1749999999999814,0,0,0,25,45,true,0,0,25,0,0,0,0,0,0,0,0,0.20833333333333334,0,0,0,0,0,NA,0,0,0,
2966,0.5,adaptive-cluster,0.1,50,2,7,41,0.7,0.7,0.7,Clumped-Poisson,5,3,Randomly placed,1.054999999999983,0,0,0,25,45,true,0,0,25,0,0,0,0,0,0,0,0,0.20833333333333334,0,0,0,0,0,NA,0,0,0,
2962,0.5,adaptive-cluster,0.1,50,7,2,41,0.7,0.7,0.7,Clumped-Poisson,5,3,Randomly placed,1.0949999999999842,0,0,0,25,45,true,0,0,33,2,0,0,2,2,0,0,2,0.275,0,0,0,0,0,3.9980463979298686,0,0.32,0.08746666666666662,
2967,0.5,adaptive-cluster,0.1,50,5,6,39,0.7,0.7,0.7,Clumped-Poisson,5,3,Randomly placed,1.0949999999999833,0,0,0,25,45,true,0,0,25,0,0,0,0,0,0,0,0,0.20833333333333334,0,0,0,0,0,NA,0,0,0,
2970,0.5,adaptive-cluster,0.1,50,6,8,36,0.7,0.7,0.7,Clumped-Poisson,5,3,Randomly placed,1.2549999999999817,0,0,0,25,45,true,0,0,32,2,0,0,2,2,0,0,2,0.26666666666666666,0,0,0,0,0,3.934955014703718,0,0.16,0.03520000000000001,
2964,0.5,adaptive-cluster,0.1,50,5,9,36,0.7,0.7,0.7,Clumped-Poisson,5,3,Randomly placed,1.1349999999999811,0,0,0,25,45,true,0,0,25,0,0,0,0,0,0,0,0,0.20833333333333334,0,0,0,0,0,NA,0,0,0,
2963,0.5,adaptive-cluster,0.1,50,3,4,43,0.7,0.7,0.7,Clumped-Poisson,5,3,Randomly placed,1.0949999999999833,0,0,0,25,45,true,0,0,25,0,0,0,0,0,0,0,0,0.20833333333333334,0,0,0,0,0,NA,0,0,0,
2973,0.5,adaptive-cluster,0.1,50,2,6,42,0.7,0.7,0.7,Clumped-Poisson,5,3,Randomly placed,1.1749999999999834,0,0,0,25,45,true,0,0,32,2,0,1,1,2,0,1,1,0.26666666666666666,0,0,0,0,0,3.934955014703718,0,0.16,0.0352,
2971,0.5,adaptive-cluster,0.1,50,5,9,36,0.7,0.7,0.7,Clumped-Poisson,5,3,Randomly placed,1.2149999999999856,0,0,0,25,45,true,0,0,25,0,0,0,0,0,0,0,0,0.20833333333333334,0,0,0,0,0,NA,0,0,0,
2974,0.5,adaptive-cluster,0.1,50,7,9,34,0.7,0.7,0.7,Clumped-Poisson,5,3,Randomly placed,1.1349999999999814,0,0,0,25,45,true,0,0,25,0,0,0,0,0,0,0,0,0.20833333333333334,0,0,0,0,0,NA,0,0,0,
2972,0.5,adaptive-cluster,0.1,50,6,7,37,0.7,0.7,0.7,Clumped-Poisson,5,3,Randomly placed,1.0549999999999853,0,0,0,25,45,true,0,0,25,0,0,0,0,0,0,0,0,0.20833333333333334,0,0,0,0,0,NA,0,0,0,
2975,0.5,adaptive-cluster,0.1,50,5,8,37,0.7,0.7,0.7,Clumped-Poisson,5,3,Randomly placed,1.1349999999999818,0,0,0,25,45,true,0,0,25,0,0,0,0,0,0,0,0,0.20833333333333334,0,0,0,0,0,NA,0,0,0,
2969,0.5,adaptive-cluster,0.1,50,6,8,36,0.7,0.7,0.7,Clumped-Poisson,5,3,Randomly placed,1.0549999999999822,0,0,0,25,45,true,0,0,25,0,0,0,0,0,0,0,0,0.20833333333333334,0,0,0,0,0,NA,0,0,0,
2978,0.5,adaptive-cluster,0.1,50,3,3,44,0.7,0.7,0.7,Clumped-Poisson,5,3,Randomly placed,1.0549999999999822,0,0,0,25,45,true,0,0,33,3,1,1,1,2,0,1,1,0.275,0,0,0,0,0,3.998046397929868,0,0.32,0.08746666666666665,
2982,0.5,adaptive-cluster,0.1,50,7,3,40,0.7,0.7,0.7,Clumped-Poisson,5,3,Randomly placed,1.0149999999999835,0,0,0,25,45,true,0,0,25,1,0,0,1,0,0,0,0,0.20833333333333334,0,0,0,0,0,NA,0,0,0,
2977,0.5,adaptive-cluster,0.1,50,5,7,38,0.7,0.7,0.7,Clumped-Poisson,5,3,Randomly placed,1.1349999999999811,0,0,0,25,45,true,0,0,25,0,0,0,0,0,0,0,0,0.20833333333333334,0,0,0,0,0,NA,0,0,0,
2979,0.5,adaptive-cluster,0.1,50,5,4,41,0.7,0.7,0.7,Clumped-Poisson,5,3,Randomly placed,1.0949999999999815,0,0,0,25,45,true,0,0,25,0,0,0,0,0,0,0,0,0.20833333333333334,0,0,0,0,0,NA,0,0,0,
2983,0.5,adaptive-cluster,0.1,50,4,12,34,0.7,0.7,0.7,Clumped-Poisson,5,3,Randomly placed,1.0149999999999832,0,0,0,25,45,true,0,0,29,1,0,0,1,1,0,0,1,0.24166666666666667,0,0,0,0,0,5.385164807134505,0,0.16,0.035200000000000016,
2984,0.5,adaptive-cluster,0.1,50,7,9,34,0.7,0.7,0.7,Clumped-Poisson,5,3,Randomly placed,1.0149999999999841,0,0,0,25,45,true,0,0,29,1,0,0,1,1,0,0,1,0.24166666666666667,0,0,0,0,0,5.3851648071345055,0,0.16,0.03520000000000002,
2981,0.5,adaptive-cluster,0.1,50,3,9,38,0.7,0.7,0.7,Clumped-Poisson,5,3,Randomly placed,1.0549999999999826,0,0,0,25,45,true,0,0,25,0,0,0,0,0,0,0,0,0.20833333333333334,0,0,0,0,0,NA,0,0,0,
2980,0.5,adaptive-cluster,0.1,50,7,10,33,0.7,0.7,0.7,Clumped-Poisson,5,3,Randomly placed,1.0149999999999813,0,0,0,25,45,true,0,0,25,1,0,0,1,0,0,0,0,0.20833333333333334,0,0,0,0,0,NA,0,0,0,
2985,0.5,adaptive-cluster,0.1,50,7,9,34,0.7,0.7,0.7,Clumped-Poisson,5,3,Randomly placed,1.1749999999999834,0,0,0,25,45,true,0,0,25,0,0,0,0,0,0,0,0,0.20833333333333334,0,0,0,0,0,NA,0,0,0,
2976,0.5,adaptive-cluster,0.1,50,5,9,36,0.7,0.7,0.7,Clumped-Poisson,5,3,Randomly placed,1.0149999999999844,0,0,0,25,45,true,0,0,29,1,0,0,1,1,0,0,1,0.24166666666666667,0,0,0,0,0,5.385164807134505,0,0.16,0.035200000000000016,
2987,0.5,adaptive-cluster,0.1,50,3,7,40,0.7,0.7,0.7,Clumped-Poisson,5,3,Randomly placed,1.1349999999999856,0,0,0,25,45,true,0,0,25,0,0,0,0,0,0,0,0,0.20833333333333334,0,0,0,0,0,NA,0,0,0,
2986,0.5,adaptive-cluster,0.1,50,8,2,40,0.7,0.7,0.7,Clumped-Poisson,5,3,Randomly placed,1.054999999999984,0,0,0,25,45,true,0,0,25,0,0,0,0,0,0,0,0,0.20833333333333334,0,0,0,0,0,NA,0,0,0,
2992,0.5,adaptive-cluster,0.1,50,6,6,38,0.7,0.7,0.7,Clumped-Poisson,5,3,Randomly placed,1.134999999999986,0,0,0,25,45,true,0,0,25,0,0,0,0,0,0,0,0,0.20833333333333334,0,0,0,0,0,NA,0,0,0,
2989,0.5,adaptive-cluster,0.1,50,2,6,42,0.7,0.7,0.7,Clumped-Poisson,5,3,Randomly placed,0.9749999999999833,0,0,0,25,45,true,0,0,25,0,0,0,0,0,0,0,0,0.20833333333333334,0,0,0,0,0,NA,0,0,0,
2990,0.5,adaptive-cluster,0.1,50,8,4,38,0.7,0.7,0.7,Clumped-Poisson,5,3,Randomly placed,1.13499999999998,0,0,0,25,45,true,0,0,25,1,0,0,1,0,0,0,0,0.20833333333333334,0,0,0,0,0,NA,0,0,0,
2988,0.5,adaptive-cluster,0.1,50,7,11,32,0.7,0.7,0.7,Clumped-Poisson,5,3,Randomly placed,1.214999999999982,0,0,0,25,45,true,0,0,29,2,0,1,1,1,0,0,1,0.24166666666666667,0,0,0,0,0,5.385164807134506,0,0.16,0.03520000000000002,
2991,0.5,adaptive-cluster,0.1,50,4,10,36,0.7,0.7,0.7,Clumped-Poisson,5,3,Randomly placed,1.0949999999999827,0,0,0,25,45,true,0,0,25,0,0,0,0,0,0,0,0,0.20833333333333334,0,0,0,0,0,NA,0,0,0,
3000,0.5,adaptive-cluster,0.1,50,5,6,39,0.7,0.7,0.7,Clumped-Poisson,5,3,Randomly placed,1.0949999999999829,0,0,0,25,45,true,0,0,25,1,0,1,0,0,0,0,0,0.20833333333333334,0,0,0,0,0,NA,0,0,0,
2997,0.5,adaptive-cluster,0.1,50,7,5,38,0.7,0.7,0.7,Clumped-Poisson,5,3,Randomly placed,1.1349999999999818,0,0,0,25,45,true,0,0,25,0,0,0,0,0,0,0,0,0.20833333333333334,0,0,0,0,0,NA,0,0,0,
2993,0.5,adaptive-cluster,0.1,50,3,12,35,0.7,0.7,0.7,Clumped-Poisson,5,3,Randomly placed,1.1349999999999816,0,0,0,25,45,true,0,0,25,0,0,0,0,0,0,0,0,0.20833333333333334,0,0,0,0,0,NA,0,0,0,
2996,0.5,adaptive-cluster,0.1,50,6,6,38,0.7,0.7,0.7,Clumped-Poisson,5,3,Randomly placed,1.054999999999982,0,0,0,25,45,true,0,0,25,0,0,0,0,0,0,0,0,0.20833333333333334,0,0,0,0,0,NA,0,0,0,
2998,0.5,adaptive-cluster,0.1,50,5,11,34,0.7,0.7,0.7,Clumped-Poisson,5,3,Randomly placed,1.0149999999999817,0,0,0,25,45,true,0,0,29,1,0,0,1,1,0,0,1,0.24166666666666667,0,0,0,0,0,5.385164807134506,0,0.16,0.035200000000000016,
2995,0.5,adaptive-cluster,0.1,50,1,4,45,0.7,0.7,0.7,Clumped-Poisson,5,3,Randomly placed,1.134999999999983,0,0,0,25,45,true,0,0,25,0,0,0,0,0,0,0,0,0.20833333333333334,0,0,0,0,0,NA,0,0,0,
3005,0.5,adaptive-cluster,1,500,38,80,382,0.7,0.7,0.7,Clumped-Poisson,5,3,Randomly placed,2.134,0,0,0,25,45,true,0,0,45,33,1,9,23,23,0,7,16,0.375,0,0,0,0,0,1.5950710296473347,0,0.48615384615384616,0.2018982248520709,
2994,0.5,adaptive-cluster,0.1,50,4,4,42,0.7,0.7,0.7,Clumped-Poisson,5,3,Randomly placed,1.0949999999999815,0,0,0,25,45,true,0,0,25,0,0,0,0,0,0,0,0,0.20833333333333334,0,0,0,0,0,NA,0,0,0,
2999,0.5,adaptive-cluster,0.1,50,6,7,37,0.7,0.7,0.7,Clumped-Poisson,5,3,Randomly placed,1.1349999999999847,0,0,0,25,45,true,0,0,29,1,0,0,1,1,0,0,1,0.24166666666666667,0,0,0,0,0,5.385164807134506,0,0.16,0.0352,
3006,0.5,adaptive-cluster,1,500,55,73,372,0.7,0.7,0.7,Clumped-Poisson,5,3,Randomly placed,2.326,0,0,0,25,45,true,0,0,25,1,0,0,1,0,0,0,0,0.20833333333333334,0,0,0,0,0,NA,0,0,0,
3003,0.5,adaptive-cluster,1,500,57,77,366,0.7,0.7,0.7,Clumped-Poisson,5,3,Randomly placed,2.486,0,0,0,25,45,true,0,0,45,35,5,9,21,29,5,5,19,0.375,0,0,0,0,0,2.0165781403053034,0,0.9691428571428571,0.6224997006802719,
3007,0.5,adaptive-cluster,1,500,36,75,389,0.7,0.7,0.7,Clumped-Poisson,5,3,Randomly placed,5.182,0,0,0,25,45,true,0,0,45,78,6,15,57,55,3,11,41,0.375,0,0,0,0,0,1.9726720485852993,0,1.8502564102564105,3.1523702827087448,
3001,0.5,adaptive-cluster,1,500,53,58,389,0.7,0.7,0.7,Clumped-Poisson,5,3,Randomly placed,1.774,0,0,0,25,45,true,0,0,45,36,2,5,29,23,0,0,23,0.375,0,0,0,0,0,1.5950710296473347,0,0.84,0.4368666666666668,
3004,0.5,adaptive-cluster,1,500,53,93,354,0.7,0.7,0.7,Clumped-Poisson,5,3,Randomly placed,2.282,0,0,0,25,45,true,0,0,45,23,6,5,12,19,6,4,9,0.375,0,0,0,0,0,1.9220519128731668,0,0.6826666666666669,0.32435200000000003,
3008,0.5,adaptive-cluster,1,500,59,69,372,0.7,0.7,0.7,Clumped-Poisson,5,3,Randomly placed,1.918,0,0,0,25,45,true,0,0,32,6,1,1,4,2,0,0,2,0.26666666666666666,0,0,0,0,0,3.934955014703718,0,0.16,0.035200000000000016,
3014,0.5,adaptive-cluster,1,500,52,73,375,0.7,0.7,0.7,Clumped-Poisson,5,3,Randomly placed,2.082,0,0,0,25,45,true,0,0,45,33,8,1,24,30,7,1,22,0.375,0,0,0,0,0,1.5666989036012806,0,1.0545454545454545,0.6272727272727271,
3015,0.5,adaptive-cluster,1,500,42,69,389,0.7,0.7,0.7,Clumped-Poisson,5,3,Randomly placed,2.638,0,0,0,25,45,true,0,0,45,84,7,12,65,59,5,8,46,0.375,0,0,0,0,0,1.5917772043218839,0,0.8373333333333334,0.6653831111111115,
3012,0.5,adaptive-cluster,1,500,52,59,389,0.7,0.7,0.7,Clumped-Poisson,5,3,Randomly placed,1.714,0,0,0,25,45,true,0,0,45,8,0,1,7,6,0,0,6,0.375,0,0,0,0,0,2.5783186910712326,0,0.48,0.15680000000000008,
3009,0.5,adaptive-cluster,1,500,47,75,378,0.7,0.7,0.7,Clumped-Poisson,5,3,Randomly placed,2.17,0,0,0,25,45,true,0,0,45,49,3,13,33,34,1,8,25,0.375,0,0,0,0,0,1.6967184247903258,0,0.912,0.6049813333333336,
3002,0.5,adaptive-cluster,1,500,44,75,381,0.7,0.7,0.7,Clumped-Poisson,5,3,Randomly placed,3.078,0,0,0,25,45,true,0,0,43,15,3,2,10,11,2,1,8,0.35833333333333334,0,0,0,0,0,2.841129861551689,0,0.25142857142857145,0.08692244897959182,
3011,0.5,adaptive-cluster,1,500,43,69,388,0.7,0.7,0.7,Clumped-Poisson,5,3,Randomly placed,3.234,0,0,0,25,45,true,0,0,45,45,4,8,33,29,2,3,24,0.375,0,0,0,0,0,1.8465918965098842,0,0.9047619047619047,0.5782653061224489,
3013,0.5,adaptive-cluster,1,500,41,76,383,0.7,0.7,0.7,Clumped-Poisson,5,3,Randomly placed,2.17,0,0,0,25,45,true,0,0,45,33,1,7,25,28,1,6,21,0.375,0,0,0,0,0,1.6535507417852728,0,0.46769230769230774,0.19819802761341218,
3019,0.5,adaptive-cluster,1,500,54,96,350,0.7,0.7,0.7,Clumped-Poisson,5,3,Randomly placed,2.33,0,0,0,25,45,true,0,0,45,49,4,6,39,36,4,3,29,0.375,0,0,0,0,0,1.8957188610128877,0,0.384,0.20275200000000004,
3020,0.5,adaptive-cluster,1,500,49,66,385,0.7,0.7,0.7,Clumped-Poisson,5,3,Randomly placed,2.21,0,0,0,25,45,true,0,0,45,31,2,5,24,22,1,5,16,0.375,0,0,0,0,0,1.980369475806532,0,1.528888888888889,1.430360493827161,
3021,0.5,adaptive-cluster,1,500,50,67,383,0.7,0.7,0.7,Clumped-Poisson,5,3,Randomly placed,2.494,0,0,0,25,45,true,0,0,45,47,2,5,40,25,0,3,22,0.375,0,0,0,0,0,1.4641162397966785,0,0.6060606060606061,0.252929292929293,
3016,0.5,adaptive-cluster,1,500,75,67,358,0.7,0.7,0.7,Clumped-Poisson,5,3,Randomly placed,1.806,0,0,0,25,45,true,0,0,31,6,0,0,6,4,0,0,4,0.25833333333333336,0,0,0,0,0,4.357464859296057,0,0.32,0.14080000000000006,
3022,0.5,adaptive-cluster,1,500,53,82,365,0.7,0.7,0.7,Clumped-Poisson,5,3,Randomly placed,2.63,0,0,0,25,45,true,0,0,25,2,0,0,2,0,0,0,0,0.20833333333333334,0,0,0,0,0,NA,0,0,0,
3018,0.5,adaptive-cluster,1,500,47,64,389,0.7,0.7,0.7,Clumped-Poisson,5,3,Randomly placed,1.934,0,0,0,25,45,true,0,0,45,31,0,7,24,23,0,3,20,0.375,0,0,0,0,0,1.5950710296473352,0,0.736,0.3693653333333334,
3024,0.5,adaptive-cluster,1,500,41,63,396,0.7,0.7,0.7,Clumped-Poisson,5,3,Randomly placed,2.906,0,0,0,25,45,true,0,0,45,21,2,2,17,15,2,2,11,0.375,0,0,0,0,0,1.9188064472004938,0,0.384,0.12808533333333336,
3029,0.5,adaptive-cluster,1,500,62,66,372,0.7,0.7,0.7,Clumped-Poisson,5,3,Randomly placed,2.098,0,0,0,25,45,true,0,0,45,32,3,8,21,25,1,6,18,0.375,0,0,0,0,0,1.9400093720485898,0,0.632,0.3438746666666666,
3028,0.5,adaptive-cluster,1,500,46,73,381,0.7,0.7,0.7,Clumped-Poisson,5,3,Randomly placed,2.034,0,0,0,25,45,true,0,0,29,1,0,0,1,1,0,0,1,0.24166666666666667,0,0,0,0,0,5.3851648071345055,0,0.16,0.035200000000000016,
3010,0.5,adaptive-cluster,1,500,40,64,396,0.7,0.7,0.7,Clumped-Poisson,5,3,Randomly placed,2.198,0,0,0,25,45,true,0,0,45,28,1,6,21,22,0,6,16,0.375,0,0,0,0,0,1.7779642923279946,0,0.8533333333333335,0.4442074074074077,
3026,0.5,adaptive-cluster,1,500,59,66,375,0.7,0.7,0.7,Clumped-Poisson,5,3,Randomly placed,2.002,0,0,0,25,45,true,0,0,45,46,5,7,34,29,5,6,18,0.375,0,0,0,0,0,1.7554369115423545,0,0.33142857142857146,0.15103673469387743,
3027,0.5,adaptive-cluster,1,500,42,66,392,0.7,0.7,0.7,Clumped-Poisson,5,3,Randomly placed,2.078,0,0,0,25,45,true,0,0,45,32,2,6,24,25,2,6,17,0.375,0,0,0,0,0,1.7817254150248438,0,0.4553846153846154,0.18667928994082852,
3030,0.5,adaptive-cluster,1,500,50,82,368,0.7,0.7,0.7,Clumped-Poisson,5,3,Randomly placed,1.698,0,0,0,25,45,true,0,0,45,27,3,5,19,18,2,3,13,0.375,0,0,0,0,0,2.091650066335189,0,0.5866666666666668,0.24213333333333353,
3031,0.5,adaptive-cluster,1,500,56,77,367,0.7,0.7,0.7,Clumped-Poisson,5,3,Randomly placed,1.858,0,0,0,25,45,true,0,0,45,18,1,5,12,14,1,4,9,0.375,0,0,0,0,0,1.9166296949998198,0,0.8133333333333334,0.3962444444444444,
3032,0.5,adaptive-cluster,1,500,54,83,363,0.7,0.7,0.7,Clumped-Poisson,5,3,Randomly placed,2.342,0,0,0,25,45,true,0,0,45,33,1,4,28,22,1,4,17,0.375,0,0,0,0,0,1.881890045340007,0,1.088,0.6676480000000004,
3034,0.5,adaptive-cluster,1,500,42,73,385,0.7,0.7,0.7,Clumped-Poisson,5,3,Randomly placed,1.958,0,0,0,25,45,true,0,0,45,28,2,5,21,13,1,2,10,0.375,0,0,0,0,0,2.037504723326879,0,0.76,0.3542000000000001,
3017,0.5,adaptive-cluster,1,500,49,68,383,0.7,0.7,0.7,Clumped-Poisson,5,3,Randomly placed,2.398,0,0,0,25,45,true,0,0,45,46,5,6,35,35,5,4,26,0.375,0,0,0,0,0,1.6872874015739592,0,1.413333333333333,1.195466666666666,
3035,0.5,adaptive-cluster,1,500,51,71,378,0.7,0.7,0.7,Clumped-Poisson,5,3,Randomly placed,2.37,0,0,0,25,45,true,0,0,34,7,1,1,5,3,1,0,2,0.2833333333333333,0,0,0,0,0,3.2628920678540125,0,0.32,0.08746666666666662,
3023,0.5,adaptive-cluster,1,500,53,77,370,0.7,0.7,0.7,Clumped-Poisson,5,3,Randomly placed,2.134,0,0,0,25,45,true,0,0,45,21,2,3,16,18,2,2,14,0.375,0,0,0,0,0,1.7996211722571958,0,0.7714285714285714,0.4125510204081634,
3038,0.5,adaptive-cluster,1,500,48,80,372,0.7,0.7,0.7,Clumped-Poisson,5,3,Randomly placed,2.706,0,0,0,25,45,true,0,0,25,2,0,1,1,0,0,0,0,0.20833333333333334,0,0,0,0,0,NA,0,0,0,
3025,0.5,adaptive-cluster,1,500,51,60,389,0.7,0.7,0.7,Clumped-Poisson,5,3,Randomly placed,1.79,0,0,0,25,45,true,0,0,45,28,3,3,22,18,1,1,16,0.375,0,0,0,0,0,2.2233267457082904,0,0.9386666666666668,0.5501724444444447,
3037,0.5,adaptive-cluster,1,500,52,83,365,0.7,0.7,0.7,Clumped-Poisson,5,3,Randomly placed,2.83,0,0,0,25,45,true,0,0,45,37,3,8,26,24,1,4,19,0.375,0,0,0,0,0,1.5274477375377165,0,0.24,0.07919999999999999,
3042,0.5,adaptive-cluster,1,500,56,64,380,0.7,0.7,0.7,Clumped-Poisson,5,3,Randomly placed,2.266,0,0,0,25,45,true,0,0,45,21,4,1,16,16,2,1,13,0.375,0,0,0,0,0,1.9108783231564201,0,1.28,0.9728000000000002,
3043,0.5,adaptive-cluster,1,500,52,55,393,0.7,0.7,0.7,Clumped-Poisson,5,3,Randomly placed,2.47,0,0,0,25,45,true,0,0,45,21,2,1,18,16,1,1,14,0.375,0,0,0,0,0,1.9108783231564201,0,0.9493333333333334,0.5494186666666669,
3040,0.5,adaptive-cluster,1,500,53,69,378,0.7,0.7,0.7,Clumped-Poisson,5,3,Randomly placed,2.282,0,0,0,25,45,true,0,0,45,56,9,3,44,41,8,2,31,0.375,0,0,0,0,0,1.4579999606081298,0,1.2457142857142858,0.9832544217687078,
3036,0.5,adaptive-cluster,1,500,51,72,377,0.7,0.7,0.7,Clumped-Poisson,5,3,Randomly placed,2.022,0,0,0,25,45,true,0,0,45,28,3,3,22,18,1,3,14,0.375,0,0,0,0,0,1.9511069119395232,0,0.9013333333333333,0.49127466666666675,
3033,0.5,adaptive-cluster,1,500,49,83,368,0.7,0.7,0.7,Clumped-Poisson,5,3,Randomly placed,2.09,0,0,0,25,45,true,0,0,45,22,4,0,18,15,3,0,12,0.375,0,0,0,0,0,1.9188064472004933,0,0.7733333333333333,0.3600888888888888,
3046,0.5,adaptive-cluster,1,500,49,67,384,0.7,0.7,0.7,Clumped-Poisson,5,3,Randomly placed,2.118,0,0,0,25,45,true,0,0,45,36,6,4,26,25,4,2,19,0.375,0,0,0,0,0,1.6970562748477145,0,0.92,0.5237999999999997,
3044,0.5,adaptive-cluster,1,500,53,80,367,0.7,0.7,0.7,Clumped-Poisson,5,3,Randomly placed,2.422,0,0,0,25,45,true,0,0,45,54,6,10,38,36,4,10,22,0.375,0,0,0,0,0,1.5216244310245908,0,0.512,0.24311466666666667,
3041,0.5,adaptive-cluster,1,500,52,71,377,0.7,0.7,0.7,Clumped-Poisson,5,3,Randomly placed,2.27,0,0,0,25,45,true,0,0,45,23,1,3,19,19,1,3,15,0.375,0,0,0,0,0,1.7115381622641153,0,0.38153846153846155,0.12631479289940833,
3047,0.5,adaptive-cluster,1,500,51,73,376,0.7,0.7,0.7,Clumped-Poisson,5,3,Randomly placed,2.014,0,0,0,25,45,true,0,0,45,38,4,9,25,25,4,5,16,0.375,0,0,0,0,0,1.7817254150248436,0,0.8333333333333335,0.4970833333333334,
3049,0.5,adaptive-cluster,1,500,45,74,381,0.7,0.7,0.7,Clumped-Poisson,5,3,Randomly placed,2.738,0,0,0,25,45,true,0,0,45,28,2,4,22,22,2,2,18,0.375,0,0,0,0,0,1.5493388231373213,0,1.1,0.780416666666667,
3039,0.5,adaptive-cluster,1,500,51,71,378,0.7,0.7,0.7,Clumped-Poisson,5,3,Randomly placed,2.142,0,0,0,25,45,true,0,0,45,61,5,10,46,41,3,8,30,0.375,0,0,0,0,0,1.8098750267219983,0,0.5866666666666667,0.3310222222222224,
3051,0.5,adaptive-cluster,1,500,49,75,376,0.7,0.7,0.7,Clumped-Poisson,5,3,Randomly placed,2.05,0,0,0,25,45,true,0,0,45,34,2,7,25,26,2,5,19,0.375,0,0,0,0,0,1.4983853601348287,0,0.9062857142857144,0.4988852789115647,
3045,0.5,adaptive-cluster,1,500,52,75,373,0.7,0.7,0.7,Clumped-Poisson,5,3,Randomly placed,2.338,0,0,0,25,45,true,0,0,45,49,2,9,38,35,0,4,31,0.375,0,0,0,0,0,1.547935365609267,0,0.8836363636363638,0.5396787878787879,
3050,0.5,adaptive-cluster,1,500,51,73,376,0.7,0.7,0.7,Clumped-Poisson,5,3,Randomly placed,1.75,0,0,0,25,45,true,0,0,45,19,2,3,14,13,2,3,8,0.375,0,0,0,0,0,2.167042490956654,0,0.6133333333333334,0.2624296296296297,
3048,0.5,adaptive-cluster,1,500,60,59,381,0.7,0.7,0.7,Clumped-Poisson,5,3,Randomly placed,3.706,0,0,0,25,45,true,0,0,45,74,8,6,60,49,7,5,37,0.375,0,0,0,0,0,1.526990148406847,0,1.06,0.82495,
3055,0.5,adaptive-cluster,1,500,59,86,355,0.7,0.7,0.7,Clumped-Poisson,5,3,Randomly placed,3.002,0,0,0,25,45,true,0,0,45,48,8,7,33,24,5,4,15,0.375,0,0,0,0,0,2.2113151681131478,0,0.6577777777777777,0.3164049382716048,
3054,0.5,adaptive-cluster,1,500,57,71,372,0.7,0.7,0.7,Clumped-Poisson,5,3,Randomly placed,2.29,0,0,0,25,45,true,0,0,45,15,2,2,11,13,2,2,9,0.375,0,0,0,0,0,2.167042490956654,0,0.7786666666666667,0.3679146666666666,
3052,0.5,adaptive-cluster,1,500,49,79,372,0.7,0.7,0.7,Clumped-Poisson,5,3,Randomly placed,2.518,0,0,0,25,45,true,0,0,45,20,3,2,15,17,2,2,13,0.375,0,0,0,0,0,1.8961725326749588,0,0.22666666666666668,0.07064444444444443,
3060,0.5,adaptive-cluster,1,500,53,87,360,0.7,0.7,0.7,Clumped-Poisson,5,3,Randomly placed,2.402,0,0,0,25,45,true,0,0,45,65,8,10,47,50,5,9,36,0.375,0,0,0,0,0,1.4514882644438372,0,0.9657142857142857,0.6785210884353745,
3057,0.5,adaptive-cluster,1,500,36,85,379,0.7,0.7,0.7,Clumped-Poisson,5,3,Randomly placed,2.762,0,0,0,25,45,true,0,0,45,36,2,4,30,25,2,3,20,0.375,0,0,0,0,0,1.9400093720485894,0,0.48,0.2101333333333334,
3063,0.5,adaptive-cluster,1,500,49,67,384,0.7,0.7,0.7,Clumped-Poisson,5,3,Randomly placed,2.01,0,0,0,25,45,true,0,0,45,33,7,4,22,23,4,4,15,0.375,0,0,0,0,0,1.4220600138303625,0,1.1226666666666667,0.6996897777777775,
3053,0.5,adaptive-cluster,1,500,48,69,383,0.7,0.7,0.7,Clumped-Poisson,5,3,Randomly placed,1.99,0,0,0,25,45,true,0,0,45,24,2,2,20,16,1,2,13,0.375,0,0,0,0,0,1.9108783231564201,0,0.6552380952380953,0.2982748299319727,
3061,0.5,adaptive-cluster,1,500,53,80,367,0.7,0.7,0.7,Clumped-Poisson,5,3,Randomly placed,1.878,0,0,0,25,45,true,0,0,45,26,3,4,19,18,1,3,14,0.375,0,0,0,0,0,2.407375032157338,0,0.72,0.3720592592592592,
3065,0.5,adaptive-cluster,1,500,51,72,377,0.7,0.7,0.7,Clumped-Poisson,5,3,Randomly placed,2.562,0,0,0,25,45,true,0,0,45,24,3,2,19,16,3,2,11,0.375,0,0,0,0,0,1.7124108304588381,0,0.584,0.23428533333333335,
3058,0.5,adaptive-cluster,1,500,38,80,382,0.7,0.7,0.7,Clumped-Poisson,5,3,Randomly placed,2.506,0,0,0,25,45,true,0,0,45,42,3,8,31,27,2,4,21,0.375,0,0,0,0,0,1.7552230857666156,0,0.648,0.3613680000000001,
3064,0.5,adaptive-cluster,1,500,46,64,390,0.7,0.7,0.7,Clumped-Poisson,5,3,Randomly placed,3.886,0,0,0,25,45,true,0,0,45,109,14,15,80,71,12,7,52,0.375,0,0,0,0,0,1.5670614514937091,0,1.606060606060606,1.8489393939393939,
3068,0.5,adaptive-cluster,1,500,54,62,384,0.7,0.7,0.7,Clumped-Poisson,5,3,Randomly placed,2.15,0,0,0,25,45,true,0,0,45,44,4,12,28,30,4,7,19,0.375,0,0,0,0,0,1.356801050599936,0,1.1520000000000001,0.6861013333333336,
3067,0.5,adaptive-cluster,1,500,42,54,404,0.7,0.7,0.7,Clumped-Poisson,5,3,Randomly placed,1.906,0,0,0,25,45,true,0,0,45,19,0,0,19,16,0,0,16,0.375,0,0,0,0,0,2.090588692102169,0,0.42666666666666675,0.16142222222222224,
3059,0.5,adaptive-cluster,1,500,54,81,365,0.7,0.7,0.7,Clumped-Poisson,5,3,Randomly placed,2.486,0,0,0,25,45,true,0,0,43,14,2,4,8,8,0,3,5,0.35833333333333334,0,0,0,0,0,2.4196922767752325,0,0.34666666666666673,0.10302222222222221,
3070,0.5,adaptive-cluster,1,500,44,70,386,0.7,0.7,0.7,Clumped-Poisson,5,3,Randomly placed,2.922,0,0,0,25,45,true,0,0,45,68,5,7,56,49,3,3,43,0.375,0,0,0,0,0,1.488855270173644,0,1.3923809523809525,1.301619501133787,
3071,0.5,adaptive-cluster,1,500,55,73,372,0.7,0.7,0.7,Clumped-Poisson,5,3,Randomly placed,2.07,0,0,0,25,45,true,0,0,45,29,4,5,20,23,3,5,15,0.375,0,0,0,0,0,1.7006614970093863,0,1.2,0.8125925925925929,
3062,0.5,adaptive-cluster,1,500,44,75,381,0.7,0.7,0.7,Clumped-Poisson,5,3,Randomly placed,2.042,0,0,0,25,45,true,0,0,45,34,6,5,23,26,4,3,19,0.375,0,0,0,0,0,1.4045763978688526,0,0.8,0.38720000000000027,
3066,0.5,adaptive-cluster,1,500,46,74,380,0.7,0.7,0.7,Clumped-Poisson,5,3,Randomly placed,2.186,0,0,0,25,45,true,0,0,45,30,4,5,21,23,4,3,16,0.375,0,0,0,0,0,2.30829701120549,0,1.5733333333333335,1.2792000000000008,
3056,0.5,adaptive-cluster,1,500,45,92,363,0.7,0.7,0.7,Clumped-Poisson,5,3,Randomly placed,2.498,0,0,0,25,45,true,0,0,45,58,3,11,44,33,2,5,26,0.375,0,0,0,0,0,1.3449127790197208,0,0.86,0.5102833333333332,
3072,0.5,adaptive-cluster,1,500,58,75,367,0.7,0.7,0.7,Clumped-Poisson,5,3,Randomly placed,2.07,0,0,0,25,45,true,0,0,45,42,3,7,32,29,2,3,24,0.375,0,0,0,0,0,1.7239811840973855,0,0.5760000000000001,0.2919253333333332,
3069,0.5,adaptive-cluster,1,500,45,77,378,0.7,0.7,0.7,Clumped-Poisson,5,3,Randomly placed,1.662,0,0,0,25,45,true,0,0,29,4,0,1,3,1,0,0,1,0.24166666666666667,0,0,0,0,0,5.385164807134506,0,0.16,0.03520000000000002,
3078,0.5,adaptive-cluster,1,500,60,76,364,0.7,0.7,0.7,Clumped-Poisson,5,3,Randomly placed,2.022,0,0,0,25,45,true,0,0,25,1,0,0,1,0,0,0,0,0.20833333333333334,0,0,0,0,0,NA,0,0,0,
3075,0.5,adaptive-cluster,1,500,47,71,382,0.7,0.7,0.7,Clumped-Poisson,5,3,Randomly placed,2.142,0,0,0,25,45,true,0,0,45,46,2,6,38,36,2,5,29,0.375,0,0,0,0,0,1.2669307938335213,0,2.5884444444444443,3.19656138271605,
3074,0.5,adaptive-cluster,1,500,56,62,382,0.7,0.7,0.7,Clumped-Poisson,5,3,Randomly placed,1.674,0,0,0,25,45,true,0,0,45,20,0,2,18,13,0,0,13,0.375,0,0,0,0,0,1.7498943332426649,0,0.34666666666666673,0.10302222222222221,
3073,0.5,adaptive-cluster,1,500,40,75,385,0.7,0.7,0.7,Clumped-Poisson,5,3,Randomly placed,2.726,0,0,0,25,45,true,0,0,45,11,1,2,8,8,1,2,5,0.375,0,0,0,0,0,2.1748824419640793,0,0.48,0.15680000000000008,
3084,0.5,adaptive-cluster,1,500,38,69,393,0.7,0.7,0.7,Clumped-Poisson,5,3,Randomly placed,2.046,0,0,0,25,45,true,0,0,45,9,1,2,6,7,1,2,4,0.375,0,0,0,0,0,2.356257212603934,0,0.32,0.08746666666666664,
3076,0.5,adaptive-cluster,1,500,52,81,367,0.7,0.7,0.7,Clumped-Poisson,5,3,Randomly placed,2.946,0,0,0,25,45,true,0,0,45,62,7,11,44,35,3,6,26,0.375,0,0,0,0,0,1.5720187793635334,0,0.5692307692307692,0.29168639053254447,
3077,0.5,adaptive-cluster,1,500,38,73,389,0.7,0.7,0.7,Clumped-Poisson,5,3,Randomly placed,2.146,0,0,0,25,45,true,0,0,45,28,1,4,23,23,1,2,20,0.375,0,0,0,0,0,1.7510706714194055,0,0.9520000000000001,0.5555013333333333,
3080,0.5,adaptive-cluster,1,500,47,67,386,0.7,0.7,0.7,Clumped-Poisson,5,3,Randomly placed,2.326,0,0,0,25,45,true,0,0,43,14,1,3,10,10,1,2,7,0.35833333333333334,0,0,0,0,0,2.4535688292770605,0,0.2285714285714286,0.07183673469387761,
3087,0.5,adaptive-cluster,1,500,46,71,383,0.7,0.7,0.7,Clumped-Poisson,5,3,Randomly placed,1.802,0,0,0,25,45,true,0,0,33,4,0,2,2,2,0,1,1,0.275,0,0,0,0,0,3.998046397929868,0,0.32,0.08746666666666664,
3083,0.5,adaptive-cluster,1,500,49,63,388,0.7,0.7,0.7,Clumped-Poisson,5,3,Randomly placed,2.178,0,0,0,25,45,true,0,0,45,25,0,2,23,17,0,1,16,0.375,0,0,0,0,0,1.9783747511988703,0,0.42666666666666675,0.16142222222222224,
3085,0.5,adaptive-cluster,1,500,57,69,374,0.7,0.7,0.7,Clumped-Poisson,5,3,Randomly placed,2.31,0,0,0,25,45,true,0,0,45,17,2,2,13,9,2,2,5,0.375,0,0,0,0,0,2.522624895547564,0,0.56,0.21786666666666674,
3081,0.5,adaptive-cluster,1,500,54,64,382,0.7,0.7,0.7,Clumped-Poisson,5,3,Randomly placed,2.27,0,0,0,25,45,true,0,0,45,58,5,9,44,33,2,3,28,0.375,0,0,0,0,0,1.3449127790197208,0,0.8418181818181819,0.43137424242424255,
3090,0.5,adaptive-cluster,1,500,51,69,380,0.7,0.7,0.7,Clumped-Poisson,5,3,Randomly placed,2.102,0,0,0,25,45,true,0,0,45,23,2,3,18,16,1,2,13,0.375,0,0,0,0,0,1.9108783231564201,0,0.5920000000000001,0.24188800000000016,
3088,0.5,adaptive-cluster,1,500,43,79,378,0.7,0.7,0.7,Clumped-Poisson,5,3,Randomly placed,1.962,0,0,0,25,45,true,0,0,45,22,4,2,16,20,4,2,14,0.375,0,0,0,0,0,2.066370335548874,0,1.6159999999999999,1.5054186666666658,
3079,0.5,adaptive-cluster,1,500,55,75,370,0.7,0.7,0.7,Clumped-Poisson,5,3,Randomly placed,2.23,0,0,0,25,45,true,0,0,45,16,5,2,9,12,3,2,7,0.375,0,0,0,0,0,1.6770509831248421,0,0.48,0.15680000000000008,
3086,0.5,adaptive-cluster,1,500,40,60,400,0.7,0.7,0.7,Clumped-Poisson,5,3,Randomly placed,2.634,0,0,0,25,45,true,0,0,45,48,3,7,38,40,2,4,34,0.375,0,0,0,0,0,1.5768657779970314,0,0.4,0.22000000000000006,
3089,0.5,adaptive-cluster,1,500,56,77,367,0.7,0.7,0.7,Clumped-Poisson,5,3,Randomly placed,2.582,0,0,0,25,45,true,0,0,45,66,11,10,45,40,4,5,31,0.375,0,0,0,0,0,1.612935987570493,0,0.9279999999999999,0.6194613333333336,
3082,0.5,adaptive-cluster,1,500,42,69,389,0.7,0.7,0.7,Clumped-Poisson,5,3,Randomly placed,2.246,0,0,0,25,45,true,0,0,45,32,1,7,24,20,1,4,15,0.375,0,0,0,0,0,1.830145299745848,0,0.24615384615384617,0.08331360946745554,
3091,0.5,adaptive-cluster,1,500,51,73,376,0.7,0.7,0.7,Clumped-Poisson,5,3,Randomly placed,1.866,0,0,0,25,45,true,0,0,45,44,3,10,31,29,3,7,19,0.375,0,0,0,0,0,1.4479399520883207,0,0.8164102564102563,0.40638737672583825,
3095,0.5,adaptive-cluster,1,500,44,71,385,0.7,0.7,0.7,Clumped-Poisson,5,3,Randomly placed,3.142,0,0,0,25,45,true,0,0,45,41,3,5,33,28,1,5,22,0.375,0,0,0,0,0,1.9166296949998194,0,0.9440000000000001,0.6919786666666664,
3097,0.5,adaptive-cluster,1,500,48,73,379,0.7,0.7,0.7,Clumped-Poisson,5,3,Randomly placed,2.162,0,0,0,25,45,true,0,0,27,1,0,0,1,1,0,0,1,0.225,0,0,0,0,0,5.19615242270663,0,0.16,0.0352,
3092,0.5,adaptive-cluster,1,500,49,93,358,0.7,0.7,0.7,Clumped-Poisson,5,3,Randomly placed,2.594,0,0,0,25,45,true,0,0,45,57,3,8,46,43,3,4,36,0.375,0,0,0,0,0,1.8527522471783044,0,1.566060606060606,1.7189171717171714,
3099,0.5,adaptive-cluster,1,500,59,72,369,0.7,0.7,0.7,Clumped-Poisson,5,3,Randomly placed,1.834,0,0,0,25,45,true,0,0,45,34,2,4,28,28,2,4,22,0.375,0,0,0,0,0,1.617660390547586,0,0.5942857142857143,0.3027591836734695,
3096,0.5,adaptive-cluster,1,500,53,77,370,0.7,0.7,0.7,Clumped-Poisson,5,3,Randomly placed,1.866,0,0,0,25,45,true,0,0,45,22,2,1,19,15,1,1,13,0.375,0,0,0,0,0,1.692228224453298,0,0.8533333333333333,0.3967999999999999,
3100,0.5,adaptive-cluster,1,500,46,74,380,0.7,0.7,0.7,Clumped-Poisson,5,3,Randomly placed,3.034,0,0,0,25,45,true,0,0,45,39,2,5,32,28,2,2,24,0.375,0,0,0,0,0,1.7230902148995986,0,0.46857142857142864,0.19903673469387764,
3098,0.5,adaptive-cluster,1,500,44,66,390,0.7,0.7,0.7,Clumped-Poisson,5,3,Randomly placed,2.242,0,0,0,25,45,true,0,0,34,8,0,2,6,4,0,1,3,0.2833333333333333,0,0,0,0,0,3.479376467998341,0,0.21333333333333332,0.06257777777777779,
3093,0.5,adaptive-cluster,1,500,40,83,377,0.7,0.7,0.7,Clumped-Poisson,5,3,Randomly placed,2.742,0,0,0,25,45,true,0,0,45,48,6,5,37,38,5,2,31,0.375,0,0,0,0,0,1.3818352462199668,0,0.7253333333333333,0.3785102222222223,
3094,0.5,adaptive-cluster,1,500,52,76,372,0.7,0.7,0.7,Clumped-Poisson,5,3,Randomly placed,1.87,0,0,0,25,45,true,0,0,45,29,1,6,22,15,0,3,12,0.375,0,0,0,0,0,1.9188064472004933,0,0.39111111111111113,0.13329382716049387,
3106,0.5,adaptive-cluster,7,3500,354,518,2628,0.7,0.7,0.7,Clumped-Poisson,5,3,Randomly placed,8.77,0,0,0,25,45,true,0,0,45,157,12,27,118,119,11,20,88,0.375,0,0,0,0,0,1.3566466772074068,0,6.584727272727273,26.840423757575763,
3110,0.5,adaptive-cluster,7,3500,356,520,2624,0.7,0.7,0.7,Clumped-Poisson,5,3,Randomly placed,11.999714285714287,0,0,0,25,45,true,0,0,45,211,20,25,166,144,14,16,114,0.375,0,0,0,0,0,1.4174115131913079,0,5.888,20.83191466666667,
3101,0.5,adaptive-cluster,7,3500,373,546,2581,0.7,0.7,0.7,Clumped-Poisson,5,3,Randomly placed,13.764285714285714,0,0,0,25,45,true,0,0,45,75,8,19,48,57,6,14,37,0.375,0,0,0,0,0,2.3708121900933103,0,5.7733333333333325,22.308422222222223,
3102,0.5,adaptive-cluster,7,3500,368,527,2605,0.7,0.7,0.7,Clumped-Poisson,5,3,Randomly placed,7.624857142857143,0,0,0,25,45,true,0,0,45,120,10,25,85,90,8,21,61,0.375,0,0,0,0,0,1.3526069105787737,0,7.8053333333333335,30.145883555555564,
3112,0.5,adaptive-cluster,7,3500,368,538,2594,0.7,0.7,0.7,Clumped-Poisson,5,3,Randomly placed,9.208285714285713,0,0,0,25,45,true,0,0,45,102,7,16,79,77,4,11,62,0.375,0,0,0,0,0,2.3987013306622504,0,3.112727272727273,10.243684848484857,
3111,0.5,adaptive-cluster,7,3500,319,522,2659,0.7,0.7,0.7,Clumped-Poisson,5,3,Randomly placed,6.570571428571428,0,0,0,25,45,true,0,0,45,158,13,25,120,106,9,17,80,0.375,0,0,0,0,0,1.5654667375407516,0,4.290666666666667,11.248169777777779,
3108,0.5,adaptive-cluster,7,3500,336,557,2607,0.7,0.7,0.7,Clumped-Poisson,5,3,Randomly placed,10.676285714285713,0,0,0,25,45,true,0,0,45,247,25,43,179,172,16,29,127,0.375,0,0,0,0,0,1.1597376674484559,0,6.129777777777779,20.626782814814824,
3107,0.5,adaptive-cluster,7,3500,349,529,2622,0.7,0.7,0.7,Clumped-Poisson,5,3,Randomly placed,7.145428571428572,0,0,0,25,45,true,0,0,45,202,17,42,143,135,10,30,95,0.375,0,0,0,0,0,1.1763666026534347,0,8.885333333333334,37.49232355555556,
3109,0.5,adaptive-cluster,7,3500,354,516,2630,0.7,0.7,0.7,Clumped-Poisson,5,3,Randomly placed,7.012857142857143,0,0,0,25,45,true,0,0,45,259,33,30,196,186,21,23,142,0.375,0,0,0,0,0,1.0827058306013688,0,7.34488888888889,26.414702123456788,
3103,0.5,adaptive-cluster,7,3500,341,505,2654,0.7,0.7,0.7,Clumped-Poisson,5,3,Randomly placed,8.023142857142856,0,0,0,25,45,true,0,0,45,100,5,14,81,77,4,11,62,0.375,0,0,0,0,0,2.1959715503972492,0,2.968,7.1364079999999985,
3104,0.5,adaptive-cluster,7,3500,350,544,2606,0.7,0.7,0.7,Clumped-Poisson,5,3,Randomly placed,10.630571428571429,0,0,0,25,45,true,0,0,45,143,16,29,98,97,11,22,64,0.375,0,0,0,0,0,1.3559916731016244,0,4.1085714285714285,8.568589115646262,
3113,0.5,adaptive-cluster,7,3500,324,548,2628,0.7,0.7,0.7,Clumped-Poisson,5,3,Randomly placed,14.642,0,0,0,25,45,true,0,0,45,105,8,17,80,74,6,10,58,0.375,0,0,0,0,0,1.4734180965283086,0,1.0285714285714287,0.949659863945578,
3114,0.5,adaptive-cluster,7,3500,377,532,2591,0.7,0.7,0.7,Clumped-Poisson,5,3,Randomly placed,26.762571428571427,0,0,0,25,45,true,0,0,45,123,18,15,90,84,11,13,60,0.375,0,0,0,0,0,1.5891853900919273,0,4.48,13.730133333333335,
3116,0.5,adaptive-cluster,7,3500,330,531,2639,0.7,0.7,0.7,Clumped-Poisson,5,3,Randomly placed,7.961428571428571,0,0,0,25,45,true,0,0,45,96,9,18,69,66,6,11,49,0.375,0,0,0,0,0,1.4434298934309862,0,1.96,2.288866666666667,
3105,0.5,adaptive-cluster,7,3500,325,494,2681,0.7,0.7,0.7,Clumped-Poisson,5,3,Randomly placed,10.487142857142857,0,0,0,25,45,true,0,0,45,156,15,29,112,107,10,21,76,0.375,0,0,0,0,0,1.1492684695365083,0,6.112000000000001,17.58604800000001,
3120,0.5,adaptive-cluster,7,3500,349,532,2619,0.7,0.7,0.7,Clumped-Poisson,5,3,Randomly placed,8.448285714285714,0,0,0,25,45,true,0,0,45,188,11,30,147,136,6,23,107,0.375,0,0,0,0,0,1.377854032765693,0,6.992727272727272,25.602951515151506,
3122,0.5,adaptive-cluster,7,3500,340,530,2630,0.7,0.7,0.7,Clumped-Poisson,5,3,Randomly placed,9.550571428571429,0,0,0,25,45,true,0,0,45,204,23,26,155,136,16,12,108,0.375,0,0,0,0,0,1.2208227740001654,0,6.808888888888889,23.840197530864195,
3117,0.5,adaptive-cluster,7,3500,329,525,2646,0.7,0.7,0.7,Clumped-Poisson,5,3,Randomly placed,7.277428571428572,0,0,0,25,45,true,0,0,45,235,26,33,176,168,20,23,125,0.375,0,0,0,0,0,1.2594724578112684,0,4.311111111111111,9.931604938271605,
3118,0.5,adaptive-cluster,7,3500,354,509,2637,0.7,0.7,0.7,Clumped-Poisson,5,3,Randomly placed,11.299714285714286,0,0,0,25,45,true,0,0,45,240,28,44,168,171,19,34,118,0.375,0,0,0,0,0,1.3129155216389456,0,7.152000000000001,27.371701333333352,
3115,0.5,adaptive-cluster,7,3500,348,551,2601,0.7,0.7,0.7,Clumped-Poisson,5,3,Randomly placed,7.406,0,0,0,25,45,true,0,0,45,147,14,22,111,115,11,16,88,0.375,0,0,0,0,0,1.213432297751719,0,4.052,8.221717999999997,
3121,0.5,adaptive-cluster,7,3500,336,474,2690,0.7,0.7,0.7,Clumped-Poisson,5,3,Randomly placed,14.812285714285716,0,0,0,25,45,true,0,0,45,280,28,44,208,193,16,29,148,0.375,0,0,0,0,0,1.3381342557764409,0,5.627428571428571,20.666569142857153,
3126,0.5,adaptive-cluster,7,3500,344,545,2611,0.7,0.7,0.7,Clumped-Poisson,5,3,Randomly placed,9.166571428571428,0,0,0,25,45,true,0,0,45,106,5,22,79,73,4,9,60,0.375,0,0,0,0,0,1.985732301356481,0,5.853333333333333,23.20513333333333,
3127,0.5,adaptive-cluster,7,3500,376,541,2583,0.7,0.7,0.7,Clumped-Poisson,5,3,Randomly placed,9.475714285714286,0,0,0,25,45,true,0,0,45,169,16,26,127,111,13,20,78,0.375,0,0,0,0,0,1.4529955136019221,0,4.336,10.54029866666667,
3124,0.5,adaptive-cluster,7,3500,330,535,2635,0.7,0.7,0.7,Clumped-Poisson,5,3,Randomly placed,7.598571428571428,0,0,0,25,45,true,0,0,45,195,23,33,139,138,20,19,99,0.375,0,0,0,0,0,1.2109602154528116,0,5.5200000000000005,15.847633333333334,
3125,0.5,adaptive-cluster,7,3500,323,536,2641,0.7,0.7,0.7,Clumped-Poisson,5,3,Randomly placed,10.132857142857144,0,0,0,25,45,true,0,0,45,104,9,13,82,67,7,9,51,0.375,0,0,0,0,0,1.1331583625436314,0,3.1226666666666665,4.907689777777778,
3123,0.5,adaptive-cluster,7,3500,331,498,2671,0.7,0.7,0.7,Clumped-Poisson,5,3,Randomly placed,10.466571428571429,0,0,0,25,45,true,0,0,45,101,7,19,75,68,4,14,50,0.375,0,0,0,0,0,1.5938792321270299,0,5.206666666666668,14.764283333333346,
3128,0.5,adaptive-cluster,7,3500,355,538,2607,0.7,0.7,0.7,Clumped-Poisson,5,3,Randomly placed,13.135142857142856,0,0,0,25,45,true,0,0,45,124,8,9,107,82,7,3,72,0.375,0,0,0,0,0,1.3303561528309467,0,1.6400000000000001,1.8448666666666664,
3129,0.5,adaptive-cluster,7,3500,351,533,2616,0.7,0.7,0.7,Clumped-Poisson,5,3,Randomly placed,13.168857142857144,0,0,0,25,45,true,0,0,45,359,36,55,268,255,29,36,190,0.375,0,0,0,0,0,1.3392119019789261,0,8.148,41.96145133333336,
3130,0.5,adaptive-cluster,7,3500,329,548,2623,0.7,0.7,0.7,Clumped-Poisson,5,3,Randomly placed,5.814,0,0,0,25,45,true,0,0,45,50,3,13,34,33,1,8,24,0.375,0,0,0,0,0,1.7540336683461806,0,2.8000000000000003,4.166666666666669,
3119,0.5,adaptive-cluster,7,3500,362,507,2631,0.7,0.7,0.7,Clumped-Poisson,5,3,Randomly placed,6.268857142857143,0,0,0,25,45,true,0,0,45,144,18,23,103,104,16,14,74,0.375,0,0,0,0,0,1.2197368713103645,0,7.730666666666666,28.178854222222224,
3139,0.5,adaptive-cluster,7,3500,355,531,2614,0.7,0.7,0.7,Clumped-Poisson,5,3,Randomly placed,12.360285714285714,0,0,0,25,45,true,0,0,45,138,12,25,101,107,11,20,76,0.375,0,0,0,0,0,1.5666532890873148,0,4.941333333333334,16.21751022222222,
3138,0.5,adaptive-cluster,7,3500,351,526,2623,0.7,0.7,0.7,Clumped-Poisson,5,3,Randomly placed,19.62371428571429,0,0,0,25,45,true,0,0,45,75,5,7,63,58,5,7,46,0.375,0,0,0,0,0,1.2984997121833588,0,2.728888888888889,4.04976790123457,
3133,0.5,adaptive-cluster,7,3500,343,546,2611,0.7,0.7,0.7,Clumped-Poisson,5,3,Randomly placed,7.492285714285714,0,0,0,25,45,true,0,0,45,91,9,18,64,65,8,9,48,0.375,0,0,0,0,0,1.7184878950718097,0,3.96,8.162200000000002,
3136,0.5,adaptive-cluster,7,3500,361,534,2605,0.7,0.7,0.7,Clumped-Poisson,5,3,Randomly placed,8.872285714285715,0,0,0,25,45,true,0,0,45,197,20,34,143,133,13,23,97,0.375,0,0,0,0,0,1.318238127765743,0,2.571428571428571,4.368027210884354,
3135,0.5,adaptive-cluster,7,3500,344,509,2647,0.7,0.7,0.7,Clumped-Poisson,5,3,Randomly placed,6.816285714285714,0,0,0,25,45,true,0,0,45,190,18,36,136,140,13,29,98,0.375,0,0,0,0,0,1.3537209080331183,0,8.617142857142857,37.63607074829934,
3142,0.5,adaptive-cluster,7,3500,358,515,2627,0.7,0.7,0.7,Clumped-Poisson,5,3,Randomly placed,9.926,0,0,0,25,45,true,0,0,45,65,5,14,46,50,5,11,34,0.375,0,0,0,0,0,1.3998376529246006,0,1.8186666666666664,1.8112124444444442,
3131,0.5,adaptive-cluster,7,3500,368,507,2625,0.7,0.7,0.7,Clumped-Poisson,5,3,Randomly placed,7.219142857142857,0,0,0,25,45,true,0,0,45,97,7,15,75,64,6,10,48,0.375,0,0,0,0,0,1.5541859772390791,0,5.713333333333333,16.456883333333327,
3143,0.5,adaptive-cluster,7,3500,340,534,2626,0.7,0.7,0.7,Clumped-Poisson,5,3,Randomly placed,7.260285714285715,0,0,0,25,45,true,0,0,45,235,19,34,182,149,13,21,115,0.375,0,0,0,0,0,1.2631210610277155,0,8.661333333333333,37.34537244444444,
3137,0.5,adaptive-cluster,7,3500,368,504,2628,0.7,0.7,0.7,Clumped-Poisson,5,3,Randomly placed,7.155714285714287,0,0,0,25,45,true,0,0,45,134,17,14,103,86,10,8,68,0.375,0,0,0,0,0,1.3745811818291458,0,2.978823529411765,5.2565970011534064,
3134,0.5,adaptive-cluster,7,3500,321,563,2616,0.7,0.7,0.7,Clumped-Poisson,5,3,Randomly placed,6.779714285714285,0,0,0,25,45,true,0,0,45,98,15,18,65,69,7,15,47,0.375,0,0,0,0,0,1.3946045345798819,0,5.653333333333332,15.789688888888884,
3140,0.5,adaptive-cluster,7,3500,358,553,2589,0.7,0.7,0.7,Clumped-Poisson,5,3,Randomly placed,10.081428571428571,0,0,0,25,45,true,0,0,45,230,22,27,181,173,17,21,135,0.375,0,0,0,0,0,1.0809894855362603,0,7.0120000000000005,24.912197999999997,
3141,0.5,adaptive-cluster,7,3500,354,560,2586,0.7,0.7,0.7,Clumped-Poisson,5,3,Randomly placed,6.791714285714286,0,0,0,25,45,true,0,0,45,139,9,27,103,101,5,20,76,0.375,0,0,0,0,0,1.292552444451448,0,5.514666666666667,14.964323555555557,
3144,0.5,adaptive-cluster,7,3500,367,537,2596,0.7,0.7,0.7,Clumped-Poisson,5,3,Randomly placed,9.440285714285713,0,0,0,25,45,true,0,0,45,170,14,26,130,110,11,17,82,0.375,0,0,0,0,0,1.2134204469460976,0,3.0021818181818185,5.381127757575758,
3132,0.5,adaptive-cluster,7,3500,369,524,2607,0.7,0.7,0.7,Clumped-Poisson,5,3,Randomly placed,14.572857142857144,0,0,0,25,45,true,0,0,45,101,9,16,76,70,6,10,54,0.375,0,0,0,0,0,1.5839231723652103,0,1.9694545454545453,2.3611616969696962,
3147,0.5,adaptive-cluster,7,3500,370,530,2600,0.7,0.7,0.7,Clumped-Poisson,5,3,Randomly placed,8.498,0,0,0,25,45,true,0,0,45,80,7,10,63,56,3,8,45,0.375,0,0,0,0,0,1.4653345942474467,0,2.7893333333333334,3.9851342222222215,
3148,0.5,adaptive-cluster,7,3500,372,538,2590,0.7,0.7,0.7,Clumped-Poisson,5,3,Randomly placed,10.586571428571428,0,0,0,25,45,true,0,0,45,117,9,20,88,82,6,13,63,0.375,0,0,0,0,0,1.1480886105532606,0,4.338461538461539,8.815976331360948,
3145,0.5,adaptive-cluster,7,3500,328,539,2633,0.7,0.7,0.7,Clumped-Poisson,5,3,Randomly placed,6.816285714285714,0,0,0,25,45,true,0,0,45,115,11,21,83,80,10,14,56,0.375,0,0,0,0,0,1.2164532554633047,0,3.0571428571428574,5.044251700680275,
3149,0.5,adaptive-cluster,7,3500,371,500,2629,0.7,0.7,0.7,Clumped-Poisson,5,3,Randomly placed,12.138571428571428,0,0,0,25,45,true,0,0,45,60,6,9,45,38,4,4,30,0.375,0,0,0,0,0,1.7300596147129843,0,2.472,3.2983279999999997,
3146,0.5,adaptive-cluster,7,3500,356,530,2614,0.7,0.7,0.7,Clumped-Poisson,5,3,Randomly placed,14.414,0,0,0,25,45,true,0,0,45,151,12,22,117,116,9,18,89,0.375,0,0,0,0,0,1.3552092052724292,0,6.688,23.966847999999995,
3154,0.5,adaptive-cluster,7,3500,403,506,2591,0.7,0.7,0.7,Clumped-Poisson,5,3,Randomly placed,12.93742857142857,0,0,0,25,45,true,0,0,45,172,25,16,131,123,16,10,97,0.375,0,0,0,0,0,1.4433210311431148,0,8.785333333333334,42.874518,
3151,0.5,adaptive-cluster,7,3500,355,538,2607,0.7,0.7,0.7,Clumped-Poisson,5,3,Randomly placed,11.404285714285715,0,0,0,25,45,true,0,0,45,107,13,19,75,80,10,11,59,0.375,0,0,0,0,0,1.2105273315603187,0,4.448,9.83663466666667,
3152,0.5,adaptive-cluster,7,3500,350,485,2665,0.7,0.7,0.7,Clumped-Poisson,5,3,Randomly placed,6.800857142857143,0,0,0,25,45,true,0,0,45,72,12,7,53,56,8,4,44,0.375,0,0,0,0,0,1.5338396516567283,0,2.528,3.6395946666666656,
3150,0.5,adaptive-cluster,7,3500,360,542,2598,0.7,0.7,0.7,Clumped-Poisson,5,3,Randomly placed,11.219714285714286,0,0,0,25,45,true,0,0,45,299,32,39,228,205,19,27,159,0.375,0,0,0,0,0,1.852337900429154,0,4.768831168831169,19.87388991960421,
3155,0.5,adaptive-cluster,7,3500,304,519,2677,0.7,0.7,0.7,Clumped-Poisson,5,3,Randomly placed,12.812285714285716,0,0,0,25,45,true,0,0,45,165,17,22,126,112,12,14,86,0.375,0,0,0,0,0,1.4169640555569007,0,4.032307692307692,10.946050591715979,
3153,0.5,adaptive-cluster,7,3500,332,502,2666,0.7,0.7,0.7,Clumped-Poisson,5,3,Randomly placed,6.4477142857142855,0,0,0,25,45,true,0,0,45,70,4,9,57,39,4,3,32,0.375,0,0,0,0,0,1.5480470613460082,0,3.071111111111111,5.041212345679013,
3156,0.5,adaptive-cluster,7,3500,376,526,2598,0.7,0.7,0.7,Clumped-Poisson,5,3,Randomly placed,16.611714285714285,0,0,0,25,45,true,0,0,45,358,34,49,275,250,29,33,188,0.375,0,0,0,0,0,1.1192123854016107,0,3.610666666666667,11.177312000000002,
3160,0.5,adaptive-cluster,7,3500,343,511,2646,0.7,0.7,0.7,Clumped-Poisson,5,3,Randomly placed,8.392857142857142,0,0,0,25,45,true,0,0,45,206,27,25,154,146,18,15,113,0.375,0,0,0,0,0,1.2348987154864248,0,6.765079365079365,21.900830183925425,
3159,0.5,adaptive-cluster,7,3500,351,492,2657,0.7,0.7,0.7,Clumped-Poisson,5,3,Randomly placed,10.743714285714287,0,0,0,25,45,true,0,0,45,172,20,24,128,120,12,16,92,0.375,0,0,0,0,0,1.1107046289303346,0,4.976,11.74771792592593,
3157,0.5,adaptive-cluster,7,3500,355,517,2628,0.7,0.7,0.7,Clumped-Poisson,5,3,Randomly placed,8.908857142857142,0,0,0,25,45,true,0,0,45,88,6,10,72,66,5,6,55,0.375,0,0,0,0,0,1.3449127790197206,0,2.282666666666667,3.045714962962965,
3165,0.5,adaptive-cluster,7,3500,348,559,2593,0.7,0.7,0.7,Clumped-Poisson,5,3,Randomly placed,7.414571428571429,0,0,0,25,45,true,0,0,45,204,21,29,154,144,17,24,103,0.375,0,0,0,0,0,1.2739188821042802,0,3.6914285714285713,7.532827210884353,
3164,0.5,adaptive-cluster,7,3500,331,548,2621,0.7,0.7,0.7,Clumped-Poisson,5,3,Randomly placed,11.095142857142857,0,0,0,25,45,true,0,0,45,87,6,19,62,64,5,15,44,0.375,0,0,0,0,0,1.5469395647682733,0,3.5815384615384613,7.167955818540435,
3168,0.5,adaptive-cluster,7,3500,366,563,2571,0.7,0.7,0.7,Clumped-Poisson,5,3,Randomly placed,12.543142857142858,0,0,0,25,45,true,0,0,45,227,27,43,157,156,19,25,112,0.375,0,0,0,0,0,1.3991803871490902,0,7.803809523809524,33.198956462585045,
3166,0.5,adaptive-cluster,7,3500,332,477,2691,0.7,0.7,0.7,Clumped-Poisson,5,3,Randomly placed,15.339714285714285,0,0,0,25,45,true,0,0,45,88,10,19,59,67,7,16,44,0.375,0,0,0,0,0,1.7040882150662024,0,3.9680000000000004,9.419008000000002,
3172,0.5,adaptive-cluster,7,3500,366,504,2630,0.7,0.7,0.7,Clumped-Poisson,5,3,Randomly placed,8.980857142857143,0,0,0,25,45,true,0,0,45,142,18,16,108,102,16,13,73,0.375,0,0,0,0,0,1.1419569799010103,0,5.546666666666666,14.888711111111107,
3169,0.5,adaptive-cluster,7,3500,318,532,2650,0.7,0.7,0.7,Clumped-Poisson,5,3,Randomly placed,11.785428571428572,0,0,0,25,45,true,0,0,45,191,16,22,153,137,13,14,110,0.375,0,0,0,0,0,1.7052642108766551,0,6.0200000000000005,22.310550000000013,
3170,0.5,adaptive-cluster,7,3500,333,538,2629,0.7,0.7,0.7,Clumped-Poisson,5,3,Randomly placed,6.638,0,0,0,25,45,true,0,0,45,98,9,12,77,65,5,8,52,0.375,0,0,0,0,0,1.565926179064213,0,6.496,20.41160533333334,
3161,0.5,adaptive-cluster,7,3500,335,521,2644,0.7,0.7,0.7,Clumped-Poisson,5,3,Randomly placed,8.23457142857143,0,0,0,25,45,true,0,0,45,289,38,43,208,200,25,33,142,0.375,0,0,0,0,0,1.3749586770650106,0,6.032000000000001,20.754741333333342,
3171,0.5,adaptive-cluster,7,3500,352,547,2601,0.7,0.7,0.7,Clumped-Poisson,5,3,Randomly placed,17.32257142857143,0,0,0,25,45,true,0,0,45,285,26,37,222,189,18,29,142,0.375,0,0,0,0,0,1.0917977209404839,0,4.256,11.004778666666672,
3162,0.5,adaptive-cluster,7,3500,367,540,2593,0.7,0.7,0.7,Clumped-Poisson,5,3,Randomly placed,8.315142857142858,0,0,0,25,45,true,0,0,45,110,11,19,80,68,10,10,48,0.375,0,0,0,0,0,1.5105206704366196,0,3.301714285714286,5.479596897959184,
3158,0.5,adaptive-cluster,7,3500,366,528,2606,0.7,0.7,0.7,Clumped-Poisson,5,3,Randomly placed,16.720285714285716,0,0,0,25,45,true,0,0,45,42,5,9,28,29,4,6,19,0.375,0,0,0,0,0,1.6592817327249616,0,1.0255238095238095,0.6420227482993199,
3163,0.5,adaptive-cluster,7,3500,354,520,2626,0.7,0.7,0.7,Clumped-Poisson,5,3,Randomly placed,10.352857142857143,0,0,0,25,45,true,0,0,45,273,24,33,216,191,14,23,154,0.375,0,0,0,0,0,1.506208943831516,0,3.466666666666667,10.111111111111114,
3176,0.5,adaptive-cluster,7,3500,342,531,2627,0.7,0.7,0.7,Clumped-Poisson,5,3,Randomly placed,8.453999999999999,0,0,0,25,45,true,0,0,45,292,28,52,212,208,20,43,145,0.375,0,0,0,0,0,1.3939330825194685,0,8.45948717948718,35.33850677186062,
3173,0.5,adaptive-cluster,7,3500,344,546,2610,0.7,0.7,0.7,Clumped-Poisson,5,3,Randomly placed,9.949428571428571,0,0,0,25,45,true,0,0,45,148,12,24,112,101,7,18,76,0.375,0,0,0,0,0,1.7951820808803538,0,3.24,6.940866666666667,
3177,0.5,adaptive-cluster,7,3500,344,512,2644,0.7,0.7,0.7,Clumped-Poisson,5,3,Randomly placed,11.902571428571429,0,0,0,25,45,true,0,0,45,192,13,28,151,142,8,18,116,0.375,0,0,0,0,0,1.5901946576600898,0,8.072000000000001,35.414594666666666,
3167,0.5,adaptive-cluster,7,3500,338,513,2649,0.7,0.7,0.7,Clumped-Poisson,5,3,Randomly placed,8.323142857142857,0,0,0,25,45,true,0,0,45,193,9,23,161,126,7,18,101,0.375,0,0,0,0,0,1.6181083346180185,0,4.4239999999999995,11.085858666666665,
3175,0.5,adaptive-cluster,7,3500,345,528,2627,0.7,0.7,0.7,Clumped-Poisson,5,3,Randomly placed,15.047142857142857,0,0,0,25,45,true,0,0,45,233,21,29,183,153,18,19,116,0.375,0,0,0,0,0,1.368660138841166,0,4.083116883116883,10.628719851576992,
3174,0.5,adaptive-cluster,7,3500,355,547,2598,0.7,0.7,0.7,Clumped-Poisson,5,3,Randomly placed,8.843714285714286,0,0,0,25,45,true,0,0,45,193,18,29,146,141,14,25,102,0.375,0,0,0,0,0,1.3169398736807083,0,9.504000000000001,45.02173866666667,
3180,0.5,adaptive-cluster,7,3500,372,538,2590,0.7,0.7,0.7,Clumped-Poisson,5,3,Randomly placed,7.255142857142857,0,0,0,25,45,true,0,0,45,133,15,20,98,87,10,12,65,0.375,0,0,0,0,0,1.2348968675496539,0,3.3485714285714288,6.096419047619047,
3179,0.5,adaptive-cluster,7,3500,357,534,2609,0.7,0.7,0.7,Clumped-Poisson,5,3,Randomly placed,7.155142857142857,0,0,0,25,45,true,0,0,45,178,25,24,129,128,19,22,87,0.375,0,0,0,0,0,1.1266855271053395,0,7.9639999999999995,29.456448666666663,
3178,0.5,adaptive-cluster,7,3500,349,523,2628,0.7,0.7,0.7,Clumped-Poisson,5,3,Randomly placed,14.592857142857143,0,0,0,25,45,true,0,0,45,112,13,13,86,94,10,12,72,0.375,0,0,0,0,0,1.2903035799888483,0,4.201025641025641,10.047360420775806,
3184,0.5,adaptive-cluster,7,3500,346,511,2643,0.7,0.7,0.7,Clumped-Poisson,5,3,Randomly placed,10.662571428571429,0,0,0,25,45,true,0,0,45,138,15,25,98,93,11,15,67,0.375,0,0,0,0,0,1.6837799550689643,0,6.050666666666667,24.07108533333333,
3185,0.5,adaptive-cluster,7,3500,334,523,2643,0.7,0.7,0.7,Clumped-Poisson,5,3,Randomly placed,8.69,0,0,0,25,45,true,0,0,45,157,9,27,121,115,7,19,89,0.375,0,0,0,0,0,1.3099681284977949,0,5.458461538461538,15.682468639053253,
3181,0.5,adaptive-cluster,7,3500,375,466,2659,0.7,0.7,0.7,Clumped-Poisson,5,3,Randomly placed,8.564857142857143,0,0,0,25,45,true,0,0,45,213,34,29,150,146,22,22,102,0.375,0,0,0,0,0,1.4111462956967091,0,5.250666666666667,17.37413718518518,
3187,0.5,adaptive-cluster,7,3500,328,495,2677,0.7,0.7,0.7,Clumped-Poisson,5,3,Randomly placed,8.641428571428571,0,0,0,25,45,true,0,0,45,177,8,23,146,123,7,18,98,0.375,0,0,0,0,0,1.3269217882181383,0,7.28,25.49466666666666,
3183,0.5,adaptive-cluster,7,3500,358,544,2598,0.7,0.7,0.7,Clumped-Poisson,5,3,Randomly placed,8.858571428571429,0,0,0,25,45,true,0,0,45,159,20,25,114,110,14,18,78,0.375,0,0,0,0,0,1.2535074757397886,0,6.62,23.678549999999998,
3189,0.5,adaptive-cluster,7,3500,333,500,2667,0.7,0.7,0.7,Clumped-Poisson,5,3,Randomly placed,8.884857142857143,0,0,0,25,45,true,0,0,45,216,19,26,171,145,14,17,114,0.375,0,0,0,0,0,1.386150749810377,0,5.613333333333332,16.499651851851855,
3188,0.5,adaptive-cluster,7,3500,312,520,2668,0.7,0.7,0.7,Clumped-Poisson,5,3,Randomly placed,7.218000000000001,0,0,0,25,45,true,0,0,45,164,19,15,130,116,15,10,91,0.375,0,0,0,0,0,1.2391977303987456,0,5.384380952380952,15.866186231292511,
3190,0.5,adaptive-cluster,7,3500,363,543,2594,0.7,0.7,0.7,Clumped-Poisson,5,3,Randomly placed,12.851142857142857,0,0,0,25,45,true,0,0,45,197,20,39,138,141,17,26,98,0.375,0,0,0,0,0,1.133683410675561,0,3.48,7.167633333333334,
3186,0.5,adaptive-cluster,7,3500,377,533,2590,0.7,0.7,0.7,Clumped-Poisson,5,3,Randomly placed,7.496857142857143,0,0,0,25,45,true,0,0,45,138,13,21,104,92,7,16,69,0.375,0,0,0,0,0,1.5744846700697295,0,5.977142857142858,18.990242176870755,
3201,0.5,adaptive-cluster,0.01,5,1,1,3,0.3,0.3,0.3,Clumped-Poisson,5,3,Randomly placed,0.9975000000000235,0,0,0,25,45,true,0,0,25,0,0,0,0,0,0,0,0,0.20833333333333334,0,0,0,0,0,NA,0,0,0,
3202,0.5,adaptive-cluster,0.01,5,1,0,4,0.3,0.3,0.3,Clumped-Poisson,5,3,Randomly placed,0.9975000000000445,0,0,0,25,45,true,0,0,25,0,0,0,0,0,0,0,0,0.20833333333333334,0,0,0,0,0,NA,0,0,0,
3203,0.5,adaptive-cluster,0.01,5,1,0,4,0.3,0.3,0.3,Clumped-Poisson,5,3,Randomly placed,0.9975000000000561,0,0,0,25,45,true,0,0,25,0,0,0,0,0,0,0,0,0.20833333333333334,0,0,0,0,0,NA,0,0,0,
3204,0.5,adaptive-cluster,0.01,5,2,2,1,0.3,0.3,0.3,Clumped-Poisson,5,3,Randomly placed,0.9975000000000334,0,0,0,25,45,true,0,0,29,1,1,0,0,1,1,0,0,0.24166666666666667,0,0,0,0,0,5.385164807134505,0,0.16,0.035200000000000016,
3205,0.5,adaptive-cluster,0.01,5,1,0,4,0.3,0.3,0.3,Clumped-Poisson,5,3,Randomly placed,0.9975000000000261,0,0,0,25,45,true,0,0,25,0,0,0,0,0,0,0,0,0.20833333333333334,0,0,0,0,0,NA,0,0,0,
3206,0.5,adaptive-cluster,0.01,5,0,0,5,0.3,0.3,0.3,Clumped-Poisson,5,3,Randomly placed,0.9975000000000129,0,0,0,25,45,true,0,0,25,0,0,0,0,0,0,0,0,0.20833333333333334,0,0,0,0,0,NA,0,0,0,
3207,0.5,adaptive-cluster,0.01,5,0,0,5,0.3,0.3,0.3,Clumped-Poisson,5,3,Randomly placed,0.9975000000000234,0,0,0,25,45,true,0,0,25,0,0,0,0,0,0,0,0,0.20833333333333334,0,0,0,0,0,NA,0,0,0,
3208,0.5,adaptive-cluster,0.01,5,0,2,3,0.3,0.3,0.3,Clumped-Poisson,5,3,Randomly placed,0.9975000000000628,0,0,0,25,45,true,0,0,25,0,0,0,0,0,0,0,0,0.20833333333333334,0,0,0,0,0,NA,0,0,0,
3209,0.5,adaptive-cluster,0.01,5,0,0,5,0.3,0.3,0.3,Clumped-Poisson,5,3,Randomly placed,0.9975000000000434,0,0,0,25,45,true,0,0,25,0,0,0,0,0,0,0,0,0.20833333333333334,0,0,0,0,0,NA,0,0,0,
3212,0.5,adaptive-cluster,0.01,5,0,0,5,0.3,0.3,0.3,Clumped-Poisson,5,3,Randomly placed,1.3975000000000488,0,0,0,25,45,true,0,0,25,0,0,0,0,0,0,0,0,0.20833333333333334,0,0,0,0,0,NA,0,0,0,
3213,0.5,adaptive-cluster,0.01,5,0,0,5,0.3,0.3,0.3,Clumped-Poisson,5,3,Randomly placed,0.9975000000000263,0,0,0,25,45,true,0,0,25,0,0,0,0,0,0,0,0,0.20833333333333334,0,0,0,0,0,NA,0,0,0,
3211,0.5,adaptive-cluster,0.01,5,0,0,5,0.3,0.3,0.3,Clumped-Poisson,5,3,Randomly placed,0.9975000000000565,0,0,0,25,45,true,0,0,25,0,0,0,0,0,0,0,0,0.20833333333333334,0,0,0,0,0,NA,0,0,0,
3210,0.5,adaptive-cluster,0.01,5,2,1,2,0.3,0.3,0.3,Clumped-Poisson,5,3,Randomly placed,0.9975000000000588,0,0,0,25,45,true,0,0,25,0,0,0,0,0,0,0,0,0.20833333333333334,0,0,0,0,0,NA,0,0,0,
3214,0.5,adaptive-cluster,0.01,5,1,0,4,0.3,0.3,0.3,Clumped-Poisson,5,3,Randomly placed,0.9975000000000378,0,0,0,25,45,true,0,0,25,0,0,0,0,0,0,0,0,0.20833333333333334,0,0,0,0,0,NA,0,0,0,
3215,0.5,adaptive-cluster,0.01,5,0,1,4,0.3,0.3,0.3,Clumped-Poisson,5,3,Randomly placed,0.9975000000000552,0,0,0,25,45,true,0,0,25,0,0,0,0,0,0,0,0,0.20833333333333334,0,0,0,0,0,NA,0,0,0,
3216,0.5,adaptive-cluster,0.01,5,1,0,4,0.3,0.3,0.3,Clumped-Poisson,5,3,Randomly placed,0.9975000000000261,0,0,0,25,45,true,0,0,25,0,0,0,0,0,0,0,0,0.20833333333333334,0,0,0,0,0,NA,0,0,0,
3194,0.5,adaptive-cluster,7,3500,352,526,2622,0.7,0.7,0.7,Clumped-Poisson,5,3,Randomly placed,9.972857142857142,0,0,0,25,45,true,0,0,45,179,16,24,139,137,10,20,107,0.375,0,0,0,0,0,1.3722115931666257,0,5.926857142857143,20.59672751020408,
3191,0.5,adaptive-cluster,7,3500,319,519,2662,0.7,0.7,0.7,Clumped-Poisson,5,3,Randomly placed,8.214,0,0,0,25,45,true,0,0,45,185,18,24,143,132,12,19,101,0.375,0,0,0,0,0,1.1175088682527718,0,6.504,20.411138666666663,
3218,0.5,adaptive-cluster,0.01,5,0,3,2,0.3,0.3,0.3,Clumped-Poisson,5,3,Randomly placed,0.997500000000012,0,0,0,25,45,true,0,0,25,0,0,0,0,0,0,0,0,0.20833333333333334,0,0,0,0,0,NA,0,0,0,
3219,0.5,adaptive-cluster,0.01,5,0,0,5,0.3,0.3,0.3,Clumped-Poisson,5,3,Randomly placed,0.9975000000000332,0,0,0,25,45,true,0,0,25,0,0,0,0,0,0,0,0,0.20833333333333334,0,0,0,0,0,NA,0,0,0,
3217,0.5,adaptive-cluster,0.01,5,0,2,3,0.3,0.3,0.3,Clumped-Poisson,5,3,Randomly placed,0.9975000000000555,0,0,0,25,45,true,0,0,25,0,0,0,0,0,0,0,0,0.20833333333333334,0,0,0,0,0,NA,0,0,0,
3220,0.5,adaptive-cluster,0.01,5,1,0,4,0.3,0.3,0.3,Clumped-Poisson,5,3,Randomly placed,0.997500000000019,0,0,0,25,45,true,0,0,25,0,0,0,0,0,0,0,0,0.20833333333333334,0,0,0,0,0,NA,0,0,0,
3223,0.5,adaptive-cluster,0.01,5,1,1,3,0.3,0.3,0.3,Clumped-Poisson,5,3,Randomly placed,0.9975000000000357,0,0,0,25,45,true,0,0,25,0,0,0,0,0,0,0,0,0.20833333333333334,0,0,0,0,0,NA,0,0,0,
3221,0.5,adaptive-cluster,0.01,5,0,1,4,0.3,0.3,0.3,Clumped-Poisson,5,3,Randomly placed,0.9975000000000348,0,0,0,25,45,true,0,0,25,0,0,0,0,0,0,0,0,0.20833333333333334,0,0,0,0,0,NA,0,0,0,
3222,0.5,adaptive-cluster,0.01,5,1,0,4,0.3,0.3,0.3,Clumped-Poisson,5,3,Randomly placed,0.9975000000000128,0,0,0,25,45,true,0,0,25,0,0,0,0,0,0,0,0,0.20833333333333334,0,0,0,0,0,NA,0,0,0,
3226,0.5,adaptive-cluster,0.01,5,1,1,3,0.3,0.3,0.3,Clumped-Poisson,5,3,Randomly placed,0.9975000000000653,0,0,0,25,45,true,0,0,25,0,0,0,0,0,0,0,0,0.20833333333333334,0,0,0,0,0,NA,0,0,0,
3195,0.5,adaptive-cluster,7,3500,348,552,2600,0.7,0.7,0.7,Clumped-Poisson,5,3,Randomly placed,9.649428571428572,0,0,0,25,45,true,0,0,45,174,21,19,134,120,15,13,92,0.375,0,0,0,0,0,1.48930848810019,0,6.346666666666668,25.331555555555564,
3224,0.5,adaptive-cluster,0.01,5,0,1,4,0.3,0.3,0.3,Clumped-Poisson,5,3,Randomly placed,0.9975000000000139,0,0,0,25,45,true,0,0,25,0,0,0,0,0,0,0,0,0.20833333333333334,0,0,0,0,0,NA,0,0,0,
3228,0.5,adaptive-cluster,0.01,5,1,2,2,0.3,0.3,0.3,Clumped-Poisson,5,3,Randomly placed,0.9975000000000589,0,0,0,25,45,true,0,0,25,0,0,0,0,0,0,0,0,0.20833333333333334,0,0,0,0,0,NA,0,0,0,
3225,0.5,adaptive-cluster,0.01,5,0,1,4,0.3,0.3,0.3,Clumped-Poisson,5,3,Randomly placed,0.9975000000000545,0,0,0,25,45,true,0,0,25,1,0,1,0,0,0,0,0,0.20833333333333334,0,0,0,0,0,NA,0,0,0,
3229,0.5,adaptive-cluster,0.01,5,0,0,5,0.3,0.3,0.3,Clumped-Poisson,5,3,Randomly placed,0.9975000000000515,0,0,0,25,45,true,0,0,25,0,0,0,0,0,0,0,0,0.20833333333333334,0,0,0,0,0,NA,0,0,0,
3227,0.5,adaptive-cluster,0.01,5,0,1,4,0.3,0.3,0.3,Clumped-Poisson,5,3,Randomly placed,0.9975000000000426,0,0,0,25,45,true,0,0,25,0,0,0,0,0,0,0,0,0.20833333333333334,0,0,0,0,0,NA,0,0,0,
3230,0.5,adaptive-cluster,0.01,5,0,1,4,0.3,0.3,0.3,Clumped-Poisson,5,3,Randomly placed,0.9975000000000497,0,0,0,25,45,true,0,0,25,0,0,0,0,0,0,0,0,0.20833333333333334,0,0,0,0,0,NA,0,0,0,
3232,0.5,adaptive-cluster,0.01,5,0,1,4,0.3,0.3,0.3,Clumped-Poisson,5,3,Randomly placed,0.9975000000000647,0,0,0,25,45,true,0,0,25,0,0,0,0,0,0,0,0,0.20833333333333334,0,0,0,0,0,NA,0,0,0,
3197,0.5,adaptive-cluster,7,3500,381,529,2590,0.7,0.7,0.7,Clumped-Poisson,5,3,Randomly placed,9.979714285714286,0,0,0,25,45,true,0,0,45,156,14,22,120,100,10,12,78,0.375,0,0,0,0,0,1.2468141218904505,0,5.188,14.339864666666667,
3233,0.5,adaptive-cluster,0.01,5,0,0,5,0.3,0.3,0.3,Clumped-Poisson,5,3,Randomly placed,0.9975000000000203,0,0,0,25,45,true,0,0,25,0,0,0,0,0,0,0,0,0.20833333333333334,0,0,0,0,0,NA,0,0,0,
3182,0.5,adaptive-cluster,7,3500,371,515,2614,0.7,0.7,0.7,Clumped-Poisson,5,3,Randomly placed,9.85,0,0,0,25,45,true,0,0,45,176,15,34,127,126,12,25,89,0.375,0,0,0,0,0,1.1957135874875773,0,5.031428571428571,14.670405782312928,
3192,0.5,adaptive-cluster,7,3500,366,545,2589,0.7,0.7,0.7,Clumped-Poisson,5,3,Randomly placed,7.315142857142858,0,0,0,25,45,true,0,0,45,190,18,26,146,124,13,10,101,0.375,0,0,0,0,0,1.2358962161140448,0,5.133333333333334,12.482407407407408,
3235,0.5,adaptive-cluster,0.01,5,1,2,2,0.3,0.3,0.3,Clumped-Poisson,5,3,Randomly placed,0.9975000000000123,0,0,0,25,45,true,0,0,25,0,0,0,0,0,0,0,0,0.20833333333333334,0,0,0,0,0,NA,0,0,0,
3236,0.5,adaptive-cluster,0.01,5,0,1,4,0.3,0.3,0.3,Clumped-Poisson,5,3,Randomly placed,0.9975000000000497,0,0,0,25,45,true,0,0,25,0,0,0,0,0,0,0,0,0.20833333333333334,0,0,0,0,0,NA,0,0,0,
3231,0.5,adaptive-cluster,0.01,5,1,0,4,0.3,0.3,0.3,Clumped-Poisson,5,3,Randomly placed,0.9975000000000669,0,0,0,25,45,true,0,0,25,0,0,0,0,0,0,0,0,0.20833333333333334,0,0,0,0,0,NA,0,0,0,
3237,0.5,adaptive-cluster,0.01,5,0,0,5,0.3,0.3,0.3,Clumped-Poisson,5,3,Randomly placed,0.9975000000000598,0,0,0,25,45,true,0,0,25,0,0,0,0,0,0,0,0,0.20833333333333334,0,0,0,0,0,NA,0,0,0,
3239,0.5,adaptive-cluster,0.01,5,1,0,4,0.3,0.3,0.3,Clumped-Poisson,5,3,Randomly placed,0.9975000000000497,0,0,0,25,45,true,0,0,25,0,0,0,0,0,0,0,0,0.20833333333333334,0,0,0,0,0,NA,0,0,0,
3240,0.5,adaptive-cluster,0.01,5,1,0,4,0.3,0.3,0.3,Clumped-Poisson,5,3,Randomly placed,0.9975000000000465,0,0,0,25,45,true,0,0,25,0,0,0,0,0,0,0,0,0.20833333333333334,0,0,0,0,0,NA,0,0,0,
3200,0.5,adaptive-cluster,7,3500,352,537,2611,0.7,0.7,0.7,Clumped-Poisson,5,3,Randomly placed,8.324857142857143,0,0,0,25,45,true,0,0,45,77,7,12,58,58,5,8,45,0.375,0,0,0,0,0,1.6343592469503438,0,4.224,9.954325333333333,
3238,0.5,adaptive-cluster,0.01,5,1,2,2,0.3,0.3,0.3,Clumped-Poisson,5,3,Randomly placed,0.997500000000036,0,0,0,25,45,true,0,0,25,0,0,0,0,0,0,0,0,0.20833333333333334,0,0,0,0,0,NA,0,0,0,
3242,0.5,adaptive-cluster,0.01,5,0,0,5,0.3,0.3,0.3,Clumped-Poisson,5,3,Randomly placed,0.9975000000000512,0,0,0,25,45,true,0,0,25,0,0,0,0,0,0,0,0,0.20833333333333334,0,0,0,0,0,NA,0,0,0,
3243,0.5,adaptive-cluster,0.01,5,0,0,5,0.3,0.3,0.3,Clumped-Poisson,5,3,Randomly placed,0.9975000000000311,0,0,0,25,45,true,0,0,25,0,0,0,0,0,0,0,0,0.20833333333333334,0,0,0,0,0,NA,0,0,0,
3241,0.5,adaptive-cluster,0.01,5,0,0,5,0.3,0.3,0.3,Clumped-Poisson,5,3,Randomly placed,0.9975000000000216,0,0,0,25,45,true,0,0,25,0,0,0,0,0,0,0,0,0.20833333333333334,0,0,0,0,0,NA,0,0,0,
3244,0.5,adaptive-cluster,0.01,5,0,0,5,0.3,0.3,0.3,Clumped-Poisson,5,3,Randomly placed,0.9975000000000461,0,0,0,25,45,true,0,0,25,0,0,0,0,0,0,0,0,0.20833333333333334,0,0,0,0,0,NA,0,0,0,
3234,0.5,adaptive-cluster,0.01,5,1,0,4,0.3,0.3,0.3,Clumped-Poisson,5,3,Randomly placed,0.9975000000000502,0,0,0,25,45,true,0,0,25,0,0,0,0,0,0,0,0,0.20833333333333334,0,0,0,0,0,NA,0,0,0,
3245,0.5,adaptive-cluster,0.01,5,0,1,4,0.3,0.3,0.3,Clumped-Poisson,5,3,Randomly placed,1.39750000000003,0,0,0,25,45,true,0,0,25,0,0,0,0,0,0,0,0,0.20833333333333334,0,0,0,0,0,NA,0,0,0,
3246,0.5,adaptive-cluster,0.01,5,0,0,5,0.3,0.3,0.3,Clumped-Poisson,5,3,Randomly placed,0.9975000000000445,0,0,0,25,45,true,0,0,25,0,0,0,0,0,0,0,0,0.20833333333333334,0,0,0,0,0,NA,0,0,0,
3247,0.5,adaptive-cluster,0.01,5,0,2,3,0.3,0.3,0.3,Clumped-Poisson,5,3,Randomly placed,0.9975000000000305,0,0,0,25,45,true,0,0,25,0,0,0,0,0,0,0,0,0.20833333333333334,0,0,0,0,0,NA,0,0,0,
3248,0.5,adaptive-cluster,0.01,5,1,0,4,0.3,0.3,0.3,Clumped-Poisson,5,3,Randomly placed,0.9975000000000409,0,0,0,25,45,true,0,0,25,0,0,0,0,0,0,0,0,0.20833333333333334,0,0,0,0,0,NA,0,0,0,
3249,0.5,adaptive-cluster,0.01,5,1,0,4,0.3,0.3,0.3,Clumped-Poisson,5,3,Randomly placed,0.9975000000000493,0,0,0,25,45,true,0,0,25,1,0,0,1,0,0,0,0,0.20833333333333334,0,0,0,0,0,NA,0,0,0,
3251,0.5,adaptive-cluster,0.01,5,0,0,5,0.3,0.3,0.3,Clumped-Poisson,5,3,Randomly placed,0.9975000000000416,0,0,0,25,45,true,0,0,25,0,0,0,0,0,0,0,0,0.20833333333333334,0,0,0,0,0,NA,0,0,0,
3250,0.5,adaptive-cluster,0.01,5,0,1,4,0.3,0.3,0.3,Clumped-Poisson,5,3,Randomly placed,0.9975000000000426,0,0,0,25,45,true,0,0,25,0,0,0,0,0,0,0,0,0.20833333333333334,0,0,0,0,0,NA,0,0,0,
3255,0.5,adaptive-cluster,0.01,5,1,2,2,0.3,0.3,0.3,Clumped-Poisson,5,3,Randomly placed,0.9975000000000644,0,0,0,25,45,true,0,0,25,0,0,0,0,0,0,0,0,0.20833333333333334,0,0,0,0,0,NA,0,0,0,
3258,0.5,adaptive-cluster,0.01,5,1,0,4,0.3,0.3,0.3,Clumped-Poisson,5,3,Randomly placed,0.9975000000000329,0,0,0,25,45,true,0,0,25,0,0,0,0,0,0,0,0,0.20833333333333334,0,0,0,0,0,NA,0,0,0,
3256,0.5,adaptive-cluster,0.01,5,0,2,3,0.3,0.3,0.3,Clumped-Poisson,5,3,Randomly placed,0.9975000000000385,0,0,0,25,45,true,0,0,25,0,0,0,0,0,0,0,0,0.20833333333333334,0,0,0,0,0,NA,0,0,0,
3254,0.5,adaptive-cluster,0.01,5,0,1,4,0.3,0.3,0.3,Clumped-Poisson,5,3,Randomly placed,0.9975000000000401,0,0,0,25,45,true,0,0,25,0,0,0,0,0,0,0,0,0.20833333333333334,0,0,0,0,0,NA,0,0,0,
3252,0.5,adaptive-cluster,0.01,5,0,1,4,0.3,0.3,0.3,Clumped-Poisson,5,3,Randomly placed,0.9975000000000428,0,0,0,25,45,true,0,0,25,0,0,0,0,0,0,0,0,0.20833333333333334,0,0,0,0,0,NA,0,0,0,
3260,0.5,adaptive-cluster,0.01,5,0,0,5,0.3,0.3,0.3,Clumped-Poisson,5,3,Randomly placed,0.9975000000000315,0,0,0,25,45,true,0,0,25,0,0,0,0,0,0,0,0,0.20833333333333334,0,0,0,0,0,NA,0,0,0,
3196,0.5,adaptive-cluster,7,3500,363,472,2665,0.7,0.7,0.7,Clumped-Poisson,5,3,Randomly placed,8.394571428571428,0,0,0,25,45,true,0,0,45,181,16,22,143,120,9,19,92,0.375,0,0,0,0,0,1.4479609487451341,0,6.203076923076924,19.434654043392506,
3257,0.5,adaptive-cluster,0.01,5,1,3,1,0.3,0.3,0.3,Clumped-Poisson,5,3,Randomly placed,0.9975000000000459,0,0,0,25,45,true,0,0,25,0,0,0,0,0,0,0,0,0.20833333333333334,0,0,0,0,0,NA,0,0,0,
3193,0.5,adaptive-cluster,7,3500,337,561,2602,0.7,0.7,0.7,Clumped-Poisson,5,3,Randomly placed,12.308285714285715,0,0,0,25,45,true,0,0,45,128,16,21,91,90,11,15,64,0.375,0,0,0,0,0,1.3055824196677337,0,4.288,9.54871466666667,
3259,0.5,adaptive-cluster,0.01,5,0,2,3,0.3,0.3,0.3,Clumped-Poisson,5,3,Randomly placed,0.9975000000000357,0,0,0,25,45,true,0,0,25,0,0,0,0,0,0,0,0,0.20833333333333334,0,0,0,0,0,NA,0,0,0,
3253,0.5,adaptive-cluster,0.01,5,0,1,4,0.3,0.3,0.3,Clumped-Poisson,5,3,Randomly placed,0.9975000000000147,0,0,0,25,45,true,0,0,25,0,0,0,0,0,0,0,0,0.20833333333333334,0,0,0,0,0,NA,0,0,0,
3261,0.5,adaptive-cluster,0.01,5,0,0,5,0.3,0.3,0.3,Clumped-Poisson,5,3,Randomly placed,0.9975000000000298,0,0,0,25,45,true,0,0,25,1,0,0,1,0,0,0,0,0.20833333333333334,0,0,0,0,0,NA,0,0,0,
3264,0.5,adaptive-cluster,0.01,5,0,1,4,0.3,0.3,0.3,Clumped-Poisson,5,3,Randomly placed,0.9975000000000549,0,0,0,25,45,true,0,0,25,0,0,0,0,0,0,0,0,0.20833333333333334,0,0,0,0,0,NA,0,0,0,
3263,0.5,adaptive-cluster,0.01,5,1,0,4,0.3,0.3,0.3,Clumped-Poisson,5,3,Randomly placed,0.9975000000000216,0,0,0,25,45,true,0,0,25,0,0,0,0,0,0,0,0,0.20833333333333334,0,0,0,0,0,NA,0,0,0,
3262,0.5,adaptive-cluster,0.01,5,0,0,5,0.3,0.3,0.3,Clumped-Poisson,5,3,Randomly placed,0.9975000000000505,0,0,0,25,45,true,0,0,25,0,0,0,0,0,0,0,0,0.20833333333333334,0,0,0,0,0,NA,0,0,0,
3266,0.5,adaptive-cluster,0.01,5,0,0,5,0.3,0.3,0.3,Clumped-Poisson,5,3,Randomly placed,0.997500000000012,0,0,0,25,45,true,0,0,25,0,0,0,0,0,0,0,0,0.20833333333333334,0,0,0,0,0,NA,0,0,0,
3267,0.5,adaptive-cluster,0.01,5,0,0,5,0.3,0.3,0.3,Clumped-Poisson,5,3,Randomly placed,0.9975000000000589,0,0,0,25,45,true,0,0,25,0,0,0,0,0,0,0,0,0.20833333333333334,0,0,0,0,0,NA,0,0,0,
3271,0.5,adaptive-cluster,0.01,5,2,2,1,0.3,0.3,0.3,Clumped-Poisson,5,3,Randomly placed,0.9975000000000225,0,0,0,25,45,true,0,0,25,0,0,0,0,0,0,0,0,0.20833333333333334,0,0,0,0,0,NA,0,0,0,
3272,0.5,adaptive-cluster,0.01,5,0,1,4,0.3,0.3,0.3,Clumped-Poisson,5,3,Randomly placed,0.997500000000015,0,0,0,25,45,true,0,0,25,0,0,0,0,0,0,0,0,0.20833333333333334,0,0,0,0,0,NA,0,0,0,
3270,0.5,adaptive-cluster,0.01,5,2,1,2,0.3,0.3,0.3,Clumped-Poisson,5,3,Randomly placed,0.9975000000000398,0,0,0,25,45,true,0,0,25,0,0,0,0,0,0,0,0,0.20833333333333334,0,0,0,0,0,NA,0,0,0,
3273,0.5,adaptive-cluster,0.01,5,0,0,5,0.3,0.3,0.3,Clumped-Poisson,5,3,Randomly placed,0.9975000000000572,0,0,0,25,45,true,0,0,25,0,0,0,0,0,0,0,0,0.20833333333333334,0,0,0,0,0,NA,0,0,0,
3269,0.5,adaptive-cluster,0.01,5,1,0,4,0.3,0.3,0.3,Clumped-Poisson,5,3,Randomly placed,0.9975000000000211,0,0,0,25,45,true,0,0,25,0,0,0,0,0,0,0,0,0.20833333333333334,0,0,0,0,0,NA,0,0,0,
3276,0.5,adaptive-cluster,0.01,5,0,3,2,0.3,0.3,0.3,Clumped-Poisson,5,3,Randomly placed,0.9975000000000485,0,0,0,25,45,true,0,0,25,0,0,0,0,0,0,0,0,0.20833333333333334,0,0,0,0,0,NA,0,0,0,
3275,0.5,adaptive-cluster,0.01,5,1,1,3,0.3,0.3,0.3,Clumped-Poisson,5,3,Randomly placed,0.9975000000000545,0,0,0,25,45,true,0,0,25,0,0,0,0,0,0,0,0,0.20833333333333334,0,0,0,0,0,NA,0,0,0,
3274,0.5,adaptive-cluster,0.01,5,0,2,3,0.3,0.3,0.3,Clumped-Poisson,5,3,Randomly placed,0.9975000000000259,0,0,0,25,45,true,0,0,25,0,0,0,0,0,0,0,0,0.20833333333333334,0,0,0,0,0,NA,0,0,0,
3277,0.5,adaptive-cluster,0.01,5,0,2,3,0.3,0.3,0.3,Clumped-Poisson,5,3,Randomly placed,0.9975000000000142,0,0,0,25,45,true,0,0,29,2,0,1,1,1,0,1,0,0.24166666666666667,0,0,0,0,0,5.385164807134506,0,0.16,0.03520000000000002,
3279,0.5,adaptive-cluster,0.01,5,0,0,5,0.3,0.3,0.3,Clumped-Poisson,5,3,Randomly placed,0.9975000000000267,0,0,0,25,45,true,0,0,25,1,0,0,1,0,0,0,0,0.20833333333333334,0,0,0,0,0,NA,0,0,0,
3268,0.5,adaptive-cluster,0.01,5,1,2,2,0.3,0.3,0.3,Clumped-Poisson,5,3,Randomly placed,0.9975000000000244,0,0,0,25,45,true,0,0,25,0,0,0,0,0,0,0,0,0.20833333333333334,0,0,0,0,0,NA,0,0,0,
3265,0.5,adaptive-cluster,0.01,5,1,3,1,0.3,0.3,0.3,Clumped-Poisson,5,3,Randomly placed,0.99750000000005,0,0,0,25,45,true,0,0,25,0,0,0,0,0,0,0,0,0.20833333333333334,0,0,0,0,0,NA,0,0,0,
3281,0.5,adaptive-cluster,0.01,5,1,1,3,0.3,0.3,0.3,Clumped-Poisson,5,3,Randomly placed,0.9975000000000138,0,0,0,25,45,true,0,0,25,0,0,0,0,0,0,0,0,0.20833333333333334,0,0,0,0,0,NA,0,0,0,
3280,0.5,adaptive-cluster,0.01,5,0,2,3,0.3,0.3,0.3,Clumped-Poisson,5,3,Randomly placed,0.997500000000044,0,0,0,25,45,true,0,0,25,1,0,0,1,0,0,0,0,0.20833333333333334,0,0,0,0,0,NA,0,0,0,
3284,0.5,adaptive-cluster,0.01,5,0,1,4,0.3,0.3,0.3,Clumped-Poisson,5,3,Randomly placed,0.9975000000000263,0,0,0,25,45,true,0,0,25,0,0,0,0,0,0,0,0,0.20833333333333334,0,0,0,0,0,NA,0,0,0,
3286,0.5,adaptive-cluster,0.01,5,1,1,3,0.3,0.3,0.3,Clumped-Poisson,5,3,Randomly placed,0.9975000000000404,0,0,0,25,45,true,0,0,29,1,0,0,1,1,0,0,1,0.24166666666666667,0,0,0,0,0,5.3851648071345055,0,0.16,0.035200000000000016,
3282,0.5,adaptive-cluster,0.01,5,1,0,4,0.3,0.3,0.3,Clumped-Poisson,5,3,Randomly placed,0.9975000000000539,0,0,0,25,45,true,0,0,25,0,0,0,0,0,0,0,0,0.20833333333333334,0,0,0,0,0,NA,0,0,0,
3283,0.5,adaptive-cluster,0.01,5,0,1,4,0.3,0.3,0.3,Clumped-Poisson,5,3,Randomly placed,0.9975000000000278,0,0,0,25,45,true,0,0,25,0,0,0,0,0,0,0,0,0.20833333333333334,0,0,0,0,0,NA,0,0,0,
3278,0.5,adaptive-cluster,0.01,5,1,2,2,0.3,0.3,0.3,Clumped-Poisson,5,3,Randomly placed,0.9975000000000318,0,0,0,25,45,true,0,0,25,0,0,0,0,0,0,0,0,0.20833333333333334,0,0,0,0,0,NA,0,0,0,
3288,0.5,adaptive-cluster,0.01,5,0,0,5,0.3,0.3,0.3,Clumped-Poisson,5,3,Randomly placed,0.9975000000000338,0,0,0,25,45,true,0,0,25,0,0,0,0,0,0,0,0,0.20833333333333334,0,0,0,0,0,NA,0,0,0,
3289,0.5,adaptive-cluster,0.01,5,0,2,3,0.3,0.3,0.3,Clumped-Poisson,5,3,Randomly placed,0.9975000000000348,0,0,0,25,45,true,0,0,25,0,0,0,0,0,0,0,0,0.20833333333333334,0,0,0,0,0,NA,0,0,0,
3287,0.5,adaptive-cluster,0.01,5,1,1,3,0.3,0.3,0.3,Clumped-Poisson,5,3,Randomly placed,0.9975000000000329,0,0,0,25,45,true,0,0,25,0,0,0,0,0,0,0,0,0.20833333333333334,0,0,0,0,0,NA,0,0,0,
3285,0.5,adaptive-cluster,0.01,5,0,1,4,0.3,0.3,0.3,Clumped-Poisson,5,3,Randomly placed,0.9975000000000346,0,0,0,25,45,true,0,0,25,0,0,0,0,0,0,0,0,0.20833333333333334,0,0,0,0,0,NA,0,0,0,
3290,0.5,adaptive-cluster,0.01,5,2,0,3,0.3,0.3,0.3,Clumped-Poisson,5,3,Randomly placed,0.9975000000000422,0,0,0,25,45,true,0,0,25,0,0,0,0,0,0,0,0,0.20833333333333334,0,0,0,0,0,NA,0,0,0,
3292,0.5,adaptive-cluster,0.01,5,0,1,4,0.3,0.3,0.3,Clumped-Poisson,5,3,Randomly placed,0.9975000000000268,0,0,0,25,45,true,0,0,25,0,0,0,0,0,0,0,0,0.20833333333333334,0,0,0,0,0,NA,0,0,0,
3294,0.5,adaptive-cluster,0.01,5,2,0,3,0.3,0.3,0.3,Clumped-Poisson,5,3,Randomly placed,0.9975000000000636,0,0,0,25,45,true,0,0,25,0,0,0,0,0,0,0,0,0.20833333333333334,0,0,0,0,0,NA,0,0,0,
3295,0.5,adaptive-cluster,0.01,5,1,1,3,0.3,0.3,0.3,Clumped-Poisson,5,3,Randomly placed,0.9975000000000369,0,0,0,25,45,true,0,0,25,0,0,0,0,0,0,0,0,0.20833333333333334,0,0,0,0,0,NA,0,0,0,
3299,0.5,adaptive-cluster,0.01,5,0,1,4,0.3,0.3,0.3,Clumped-Poisson,5,3,Randomly placed,0.9975000000000576,0,0,0,25,45,true,0,0,25,0,0,0,0,0,0,0,0,0.20833333333333334,0,0,0,0,0,NA,0,0,0,
3297,0.5,adaptive-cluster,0.01,5,0,2,3,0.3,0.3,0.3,Clumped-Poisson,5,3,Randomly placed,0.997500000000058,0,0,0,25,45,true,0,0,25,0,0,0,0,0,0,0,0,0.20833333333333334,0,0,0,0,0,NA,0,0,0,
3298,0.5,adaptive-cluster,0.01,5,0,1,4,0.3,0.3,0.3,Clumped-Poisson,5,3,Randomly placed,0.9975000000000346,0,0,0,25,45,true,0,0,25,0,0,0,0,0,0,0,0,0.20833333333333334,0,0,0,0,0,NA,0,0,0,
3198,0.5,adaptive-cluster,7,3500,308,564,2628,0.7,0.7,0.7,Clumped-Poisson,5,3,Randomly placed,10.774000000000001,0,0,0,25,45,true,0,0,45,126,13,16,97,85,12,9,64,0.375,0,0,0,0,0,1.3270007951814042,0,5.888,16.385514666666666,
3296,0.5,adaptive-cluster,0.01,5,0,1,4,0.3,0.3,0.3,Clumped-Poisson,5,3,Randomly placed,0.9975000000000234,0,0,0,25,45,true,0,0,25,0,0,0,0,0,0,0,0,0.20833333333333334,0,0,0,0,0,NA,0,0,0,
3199,0.5,adaptive-cluster,7,3500,367,522,2611,0.7,0.7,0.7,Clumped-Poisson,5,3,Randomly placed,6.8511428571428565,0,0,0,25,45,true,0,0,45,154,19,22,113,107,15,18,74,0.375,0,0,0,0,0,1.3125541279803843,0,3.9466666666666668,8.528355555555558,
3293,0.5,adaptive-cluster,0.01,5,0,1,4,0.3,0.3,0.3,Clumped-Poisson,5,3,Randomly placed,0.9975000000000256,0,0,0,25,45,true,0,0,25,0,0,0,0,0,0,0,0,0.20833333333333334,0,0,0,0,0,NA,0,0,0,
3291,0.5,adaptive-cluster,0.01,5,1,0,4,0.3,0.3,0.3,Clumped-Poisson,5,3,Randomly placed,0.9975000000000483,0,0,0,25,45,true,0,0,25,0,0,0,0,0,0,0,0,0.20833333333333334,0,0,0,0,0,NA,0,0,0,
3300,0.5,adaptive-cluster,0.01,5,0,2,3,0.3,0.3,0.3,Clumped-Poisson,5,3,Randomly placed,0.9975000000000184,0,0,0,25,45,true,0,0,25,0,0,0,0,0,0,0,0,0.20833333333333334,0,0,0,0,0,NA,0,0,0,
3301,0.5,adaptive-cluster,0.1,50,8,8,34,0.3,0.3,0.3,Clumped-Poisson,5,3,Randomly placed,1.214999999999981,0,0,0,25,45,true,0,0,25,0,0,0,0,0,0,0,0,0.20833333333333334,0,0,0,0,0,NA,0,0,0,
3306,0.5,adaptive-cluster,0.1,50,3,11,36,0.3,0.3,0.3,Clumped-Poisson,5,3,Randomly placed,0.9749999999999815,0,0,0,25,45,true,0,0,25,1,0,1,0,0,0,0,0,0.20833333333333334,0,0,0,0,0,NA,0,0,0,
3304,0.5,adaptive-cluster,0.1,50,6,12,32,0.3,0.3,0.3,Clumped-Poisson,5,3,Randomly placed,1.0149999999999848,0,0,0,25,45,true,0,0,25,0,0,0,0,0,0,0,0,0.20833333333333334,0,0,0,0,0,NA,0,0,0,
3307,0.5,adaptive-cluster,0.1,50,3,5,42,0.3,0.3,0.3,Clumped-Poisson,5,3,Randomly placed,1.2549999999999832,0,0,0,25,45,true,0,0,25,1,0,0,1,0,0,0,0,0.20833333333333334,0,0,0,0,0,NA,0,0,0,
3308,0.5,adaptive-cluster,0.1,50,10,7,33,0.3,0.3,0.3,Clumped-Poisson,5,3,Randomly placed,0.9749999999999849,0,0,0,25,45,true,0,0,29,2,1,0,1,1,1,0,0,0.24166666666666667,0,0,0,0,0,5.385164807134506,0,0.16,0.035200000000000016,
3310,0.5,adaptive-cluster,0.1,50,5,10,35,0.3,0.3,0.3,Clumped-Poisson,5,3,Randomly placed,1.0949999999999809,0,0,0,25,45,true,0,0,25,0,0,0,0,0,0,0,0,0.20833333333333334,0,0,0,0,0,NA,0,0,0,
3305,0.5,adaptive-cluster,0.1,50,3,8,39,0.3,0.3,0.3,Clumped-Poisson,5,3,Randomly placed,1.1349999999999814,0,0,0,25,45,true,0,0,25,0,0,0,0,0,0,0,0,0.20833333333333334,0,0,0,0,0,NA,0,0,0,
3312,0.5,adaptive-cluster,0.1,50,3,6,41,0.3,0.3,0.3,Clumped-Poisson,5,3,Randomly placed,1.094999999999981,0,0,0,25,45,true,0,0,25,1,0,1,0,0,0,0,0,0.20833333333333334,0,0,0,0,0,NA,0,0,0,
3303,0.5,adaptive-cluster,0.1,50,9,9,32,0.3,0.3,0.3,Clumped-Poisson,5,3,Randomly placed,1.134999999999982,0,0,0,25,45,true,0,0,25,0,0,0,0,0,0,0,0,0.20833333333333334,0,0,0,0,0,NA,0,0,0,
3315,0.5,adaptive-cluster,0.1,50,8,10,32,0.3,0.3,0.3,Clumped-Poisson,5,3,Randomly placed,1.094999999999984,0,0,0,25,45,true,0,0,25,1,1,0,0,0,0,0,0,0.20833333333333334,0,0,0,0,0,NA,0,0,0,
3302,0.5,adaptive-cluster,0.1,50,2,5,43,0.3,0.3,0.3,Clumped-Poisson,5,3,Randomly placed,1.054999999999983,0,0,0,25,45,true,0,0,25,1,0,0,1,0,0,0,0,0.20833333333333334,0,0,0,0,0,NA,0,0,0,
3316,0.5,adaptive-cluster,0.1,50,2,11,37,0.3,0.3,0.3,Clumped-Poisson,5,3,Randomly placed,1.1749999999999816,0,0,0,25,45,true,0,0,25,0,0,0,0,0,0,0,0,0.20833333333333334,0,0,0,0,0,NA,0,0,0,
3318,0.5,adaptive-cluster,0.1,50,7,8,35,0.3,0.3,0.3,Clumped-Poisson,5,3,Randomly placed,1.1349999999999831,0,0,0,25,45,true,0,0,29,1,0,0,1,1,0,0,1,0.24166666666666667,0,0,0,0,0,5.385164807134508,0,0.16,0.035200000000000016,
3309,0.5,adaptive-cluster,0.1,50,3,11,36,0.3,0.3,0.3,Clumped-Poisson,5,3,Randomly placed,1.014999999999983,0,0,0,25,45,true,0,0,25,0,0,0,0,0,0,0,0,0.20833333333333334,0,0,0,0,0,NA,0,0,0,
3314,0.5,adaptive-cluster,0.1,50,3,10,37,0.3,0.3,0.3,Clumped-Poisson,5,3,Randomly placed,1.1349999999999834,0,0,0,25,45,true,0,0,25,0,0,0,0,0,0,0,0,0.20833333333333334,0,0,0,0,0,NA,0,0,0,
3321,0.5,adaptive-cluster,0.1,50,3,13,34,0.3,0.3,0.3,Clumped-Poisson,5,3,Randomly placed,1.1749999999999812,0,0,0,25,45,true,0,0,25,0,0,0,0,0,0,0,0,0.20833333333333334,0,0,0,0,0,NA,0,0,0,
3317,0.5,adaptive-cluster,0.1,50,7,6,37,0.3,0.3,0.3,Clumped-Poisson,5,3,Randomly placed,1.1349999999999818,0,0,0,25,45,true,0,0,29,2,0,0,2,1,0,0,1,0.24166666666666667,0,0,0,0,0,5.385164807134505,0,0.16,0.03520000000000001,
3320,0.5,adaptive-cluster,0.1,50,7,9,34,0.3,0.3,0.3,Clumped-Poisson,5,3,Randomly placed,1.0149999999999826,0,0,0,25,45,true,0,0,25,0,0,0,0,0,0,0,0,0.20833333333333334,0,0,0,0,0,NA,0,0,0,
3325,0.5,adaptive-cluster,0.1,50,6,5,39,0.3,0.3,0.3,Clumped-Poisson,5,3,Randomly placed,1.1749999999999832,0,0,0,25,45,true,0,0,25,1,0,0,1,0,0,0,0,0.20833333333333334,0,0,0,0,0,NA,0,0,0,
3324,0.5,adaptive-cluster,0.1,50,8,10,32,0.3,0.3,0.3,Clumped-Poisson,5,3,Randomly placed,1.0149999999999817,0,0,0,25,45,true,0,0,32,2,0,1,1,2,0,1,1,0.26666666666666666,0,0,0,0,0,3.934955014703718,0,0.16,0.035200000000000016,
3319,0.5,adaptive-cluster,0.1,50,6,6,38,0.3,0.3,0.3,Clumped-Poisson,5,3,Randomly placed,1.1349999999999818,0,0,0,25,45,true,0,0,29,4,1,1,2,1,0,0,1,0.24166666666666667,0,0,0,0,0,5.385164807134506,0,0.16,0.03520000000000002,
3329,0.5,adaptive-cluster,0.1,50,6,9,35,0.3,0.3,0.3,Clumped-Poisson,5,3,Randomly placed,1.0949999999999842,0,0,0,25,45,true,0,0,25,0,0,0,0,0,0,0,0,0.20833333333333334,0,0,0,0,0,NA,0,0,0,
3326,0.5,adaptive-cluster,0.1,50,7,6,37,0.3,0.3,0.3,Clumped-Poisson,5,3,Randomly placed,1.0549999999999828,0,0,0,25,45,true,0,0,25,1,0,0,1,0,0,0,0,0.20833333333333334,0,0,0,0,0,NA,0,0,0,
3330,0.5,adaptive-cluster,0.1,50,3,9,38,0.3,0.3,0.3,Clumped-Poisson,5,3,Randomly placed,1.1349999999999831,0,0,0,25,45,true,0,0,25,1,0,0,1,0,0,0,0,0.20833333333333334,0,0,0,0,0,NA,0,0,0,
3327,0.5,adaptive-cluster,0.1,50,7,7,36,0.3,0.3,0.3,Clumped-Poisson,5,3,Randomly placed,1.2549999999999788,0,0,0,25,45,true,0,0,25,0,0,0,0,0,0,0,0,0.20833333333333334,0,0,0,0,0,NA,0,0,0,
3331,0.5,adaptive-cluster,0.1,50,8,8,34,0.3,0.3,0.3,Clumped-Poisson,5,3,Randomly placed,1.2949999999999835,0,0,0,25,45,true,0,0,25,0,0,0,0,0,0,0,0,0.20833333333333334,0,0,0,0,0,NA,0,0,0,
3328,0.5,adaptive-cluster,0.1,50,4,9,37,0.3,0.3,0.3,Clumped-Poisson,5,3,Randomly placed,1.054999999999982,0,0,0,25,45,true,0,0,25,2,1,0,1,0,0,0,0,0.20833333333333334,0,0,0,0,0,NA,0,0,0,
3311,0.5,adaptive-cluster,0.1,50,7,8,35,0.3,0.3,0.3,Clumped-Poisson,5,3,Randomly placed,1.0549999999999815,0,0,0,25,45,true,0,0,25,0,0,0,0,0,0,0,0,0.20833333333333334,0,0,0,0,0,NA,0,0,0,
3323,0.5,adaptive-cluster,0.1,50,5,13,32,0.3,0.3,0.3,Clumped-Poisson,5,3,Randomly placed,1.014999999999983,0,0,0,25,45,true,0,0,25,0,0,0,0,0,0,0,0,0.20833333333333334,0,0,0,0,0,NA,0,0,0,
3322,0.5,adaptive-cluster,0.1,50,7,10,33,0.3,0.3,0.3,Clumped-Poisson,5,3,Randomly placed,1.1349999999999825,0,0,0,25,45,true,0,0,25,0,0,0,0,0,0,0,0,0.20833333333333334,0,0,0,0,0,NA,0,0,0,
3337,0.5,adaptive-cluster,0.1,50,6,9,35,0.3,0.3,0.3,Clumped-Poisson,5,3,Randomly placed,1.1349999999999816,0,0,0,25,45,true,0,0,25,0,0,0,0,0,0,0,0,0.20833333333333334,0,0,0,0,0,NA,0,0,0,
3333,0.5,adaptive-cluster,0.1,50,6,11,33,0.3,0.3,0.3,Clumped-Poisson,5,3,Randomly placed,0.9749999999999829,0,0,0,25,45,true,0,0,25,1,1,0,0,0,0,0,0,0.20833333333333334,0,0,0,0,0,NA,0,0,0,
3340,0.5,adaptive-cluster,0.1,50,7,4,39,0.3,0.3,0.3,Clumped-Poisson,5,3,Randomly placed,1.0149999999999837,0,0,0,25,45,true,0,0,25,0,0,0,0,0,0,0,0,0.20833333333333334,0,0,0,0,0,NA,0,0,0,
3334,0.5,adaptive-cluster,0.1,50,4,9,37,0.3,0.3,0.3,Clumped-Poisson,5,3,Randomly placed,1.1749999999999816,0,0,0,25,45,true,0,0,25,1,1,0,0,0,0,0,0,0.20833333333333334,0,0,0,0,0,NA,0,0,0,
3335,0.5,adaptive-cluster,0.1,50,3,15,32,0.3,0.3,0.3,Clumped-Poisson,5,3,Randomly placed,1.0149999999999844,0,0,0,25,45,true,0,0,29,2,0,2,0,1,0,1,0,0.24166666666666667,0,0,0,0,0,5.385164807134507,0,0.16,0.03520000000000002,
3313,0.5,adaptive-cluster,0.1,50,5,9,36,0.3,0.3,0.3,Clumped-Poisson,5,3,Randomly placed,1.0949999999999835,0,0,0,25,45,true,0,0,25,0,0,0,0,0,0,0,0,0.20833333333333334,0,0,0,0,0,NA,0,0,0,
3339,0.5,adaptive-cluster,0.1,50,6,6,38,0.3,0.3,0.3,Clumped-Poisson,5,3,Randomly placed,1.0949999999999809,0,0,0,25,45,true,0,0,25,1,0,1,0,0,0,0,0,0.20833333333333334,0,0,0,0,0,NA,0,0,0,
3342,0.5,adaptive-cluster,0.1,50,5,7,38,0.3,0.3,0.3,Clumped-Poisson,5,3,Randomly placed,1.0549999999999824,0,0,0,25,45,true,0,0,29,1,0,0,1,1,0,0,1,0.24166666666666667,0,0,0,0,0,5.385164807134505,0,0.16,0.03520000000000002,
3341,0.5,adaptive-cluster,0.1,50,2,8,40,0.3,0.3,0.3,Clumped-Poisson,5,3,Randomly placed,1.1349999999999845,0,0,0,25,45,true,0,0,25,1,0,0,1,0,0,0,0,0.20833333333333334,0,0,0,0,0,NA,0,0,0,
3332,0.5,adaptive-cluster,0.1,50,3,10,37,0.3,0.3,0.3,Clumped-Poisson,5,3,Randomly placed,1.1749999999999805,0,0,0,25,45,true,0,0,25,1,0,0,1,0,0,0,0,0.20833333333333334,0,0,0,0,0,NA,0,0,0,
3336,0.5,adaptive-cluster,0.1,50,3,10,37,0.3,0.3,0.3,Clumped-Poisson,5,3,Randomly placed,1.1349999999999858,0,0,0,25,45,true,0,0,25,1,0,1,0,0,0,0,0,0.20833333333333334,0,0,0,0,0,NA,0,0,0,
3346,0.5,adaptive-cluster,0.1,50,6,6,38,0.3,0.3,0.3,Clumped-Poisson,5,3,Randomly placed,1.1749999999999794,0,0,0,25,45,true,0,0,25,0,0,0,0,0,0,0,0,0.20833333333333334,0,0,0,0,0,NA,0,0,0,
3347,0.5,adaptive-cluster,0.1,50,6,4,40,0.3,0.3,0.3,Clumped-Poisson,5,3,Randomly placed,1.014999999999983,0,0,0,25,45,true,0,0,25,0,0,0,0,0,0,0,0,0.20833333333333334,0,0,0,0,0,NA,0,0,0,
3344,0.5,adaptive-cluster,0.1,50,4,4,42,0.3,0.3,0.3,Clumped-Poisson,5,3,Randomly placed,1.2149999999999812,0,0,0,25,45,true,0,0,25,0,0,0,0,0,0,0,0,0.20833333333333334,0,0,0,0,0,NA,0,0,0,
3338,0.5,adaptive-cluster,0.1,50,4,7,39,0.3,0.3,0.3,Clumped-Poisson,5,3,Randomly placed,1.134999999999981,0,0,0,25,45,true,0,0,25,1,0,0,1,0,0,0,0,0.20833333333333334,0,0,0,0,0,NA,0,0,0,
3352,0.5,adaptive-cluster,0.1,50,6,7,37,0.3,0.3,0.3,Clumped-Poisson,5,3,Randomly placed,1.0949999999999809,0,0,0,25,45,true,0,0,25,0,0,0,0,0,0,0,0,0.20833333333333334,0,0,0,0,0,NA,0,0,0,
3353,0.5,adaptive-cluster,0.1,50,4,5,41,0.3,0.3,0.3,Clumped-Poisson,5,3,Randomly placed,1.0549999999999815,0,0,0,25,45,true,0,0,25,0,0,0,0,0,0,0,0,0.20833333333333334,0,0,0,0,0,NA,0,0,0,
3343,0.5,adaptive-cluster,0.1,50,3,6,41,0.3,0.3,0.3,Clumped-Poisson,5,3,Randomly placed,0.974999999999984,0,0,0,25,45,true,0,0,36,5,0,1,4,3,0,1,2,0.3,0,0,0,0,0,3.3636714634883282,0,0.32,0.08746666666666664,
3351,0.5,adaptive-cluster,0.1,50,5,3,42,0.3,0.3,0.3,Clumped-Poisson,5,3,Randomly placed,1.2149999999999848,0,0,0,25,45,true,0,0,25,0,0,0,0,0,0,0,0,0.20833333333333334,0,0,0,0,0,NA,0,0,0,
3349,0.5,adaptive-cluster,0.1,50,6,3,41,0.3,0.3,0.3,Clumped-Poisson,5,3,Randomly placed,1.0549999999999842,0,0,0,25,45,true,0,0,25,0,0,0,0,0,0,0,0,0.20833333333333334,0,0,0,0,0,NA,0,0,0,
3355,0.5,adaptive-cluster,0.1,50,4,6,40,0.3,0.3,0.3,Clumped-Poisson,5,3,Randomly placed,1.0149999999999837,0,0,0,25,45,true,0,0,25,0,0,0,0,0,0,0,0,0.20833333333333334,0,0,0,0,0,NA,0,0,0,
3345,0.5,adaptive-cluster,0.1,50,3,4,43,0.3,0.3,0.3,Clumped-Poisson,5,3,Randomly placed,1.054999999999982,0,0,0,25,45,true,0,0,25,1,0,0,1,0,0,0,0,0.20833333333333334,0,0,0,0,0,NA,0,0,0,
3348,0.5,adaptive-cluster,0.1,50,8,4,38,0.3,0.3,0.3,Clumped-Poisson,5,3,Randomly placed,1.0949999999999833,0,0,0,25,45,true,0,0,25,0,0,0,0,0,0,0,0,0.20833333333333334,0,0,0,0,0,NA,0,0,0,
3350,0.5,adaptive-cluster,0.1,50,6,5,39,0.3,0.3,0.3,Clumped-Poisson,5,3,Randomly placed,1.0149999999999837,0,0,0,25,45,true,0,0,25,0,0,0,0,0,0,0,0,0.20833333333333334,0,0,0,0,0,NA,0,0,0,
3356,0.5,adaptive-cluster,0.1,50,2,9,39,0.3,0.3,0.3,Clumped-Poisson,5,3,Randomly placed,1.2549999999999812,0,0,0,25,45,true,0,0,25,0,0,0,0,0,0,0,0,0.20833333333333334,0,0,0,0,0,NA,0,0,0,
3354,0.5,adaptive-cluster,0.1,50,3,9,38,0.3,0.3,0.3,Clumped-Poisson,5,3,Randomly placed,1.1349999999999816,0,0,0,25,45,true,0,0,25,0,0,0,0,0,0,0,0,0.20833333333333334,0,0,0,0,0,NA,0,0,0,
3359,0.5,adaptive-cluster,0.1,50,6,3,41,0.3,0.3,0.3,Clumped-Poisson,5,3,Randomly placed,1.0549999999999853,0,0,0,25,45,true,0,0,25,0,0,0,0,0,0,0,0,0.20833333333333334,0,0,0,0,0,NA,0,0,0,
3358,0.5,adaptive-cluster,0.1,50,3,7,40,0.3,0.3,0.3,Clumped-Poisson,5,3,Randomly placed,1.2549999999999806,0,0,0,25,45,true,0,0,29,2,0,0,2,1,0,0,1,0.24166666666666667,0,0,0,0,0,5.385164807134506,0,0.16,0.03520000000000001,
3357,0.5,adaptive-cluster,0.1,50,5,8,37,0.3,0.3,0.3,Clumped-Poisson,5,3,Randomly placed,1.1349999999999816,0,0,0,25,45,true,0,0,25,1,0,0,1,0,0,0,0,0.20833333333333334,0,0,0,0,0,NA,0,0,0,
3361,0.5,adaptive-cluster,0.1,50,3,4,43,0.3,0.3,0.3,Clumped-Poisson,5,3,Randomly placed,1.0149999999999852,0,0,0,25,45,true,0,0,25,0,0,0,0,0,0,0,0,0.20833333333333334,0,0,0,0,0,NA,0,0,0,
3360,0.5,adaptive-cluster,0.1,50,3,5,42,0.3,0.3,0.3,Clumped-Poisson,5,3,Randomly placed,1.1349999999999856,0,0,0,25,45,true,0,0,25,0,0,0,0,0,0,0,0,0.20833333333333334,0,0,0,0,0,NA,0,0,0,
3363,0.5,adaptive-cluster,0.1,50,5,7,38,0.3,0.3,0.3,Clumped-Poisson,5,3,Randomly placed,1.1349999999999827,0,0,0,25,45,true,0,0,25,0,0,0,0,0,0,0,0,0.20833333333333334,0,0,0,0,0,NA,0,0,0,
3368,0.5,adaptive-cluster,0.1,50,7,12,31,0.3,0.3,0.3,Clumped-Poisson,5,3,Randomly placed,1.1349999999999845,0,0,0,25,45,true,0,0,25,1,0,0,1,0,0,0,0,0.20833333333333334,0,0,0,0,0,NA,0,0,0,
3364,0.5,adaptive-cluster,0.1,50,4,8,38,0.3,0.3,0.3,Clumped-Poisson,5,3,Randomly placed,1.0549999999999826,0,0,0,25,45,true,0,0,25,1,1,0,0,0,0,0,0,0.20833333333333334,0,0,0,0,0,NA,0,0,0,
3366,0.5,adaptive-cluster,0.1,50,3,8,39,0.3,0.3,0.3,Clumped-Poisson,5,3,Randomly placed,1.014999999999983,0,0,0,25,45,true,0,0,25,0,0,0,0,0,0,0,0,0.20833333333333334,0,0,0,0,0,NA,0,0,0,
3362,0.5,adaptive-cluster,0.1,50,6,8,36,0.3,0.3,0.3,Clumped-Poisson,5,3,Randomly placed,1.1749999999999856,0,0,0,25,45,true,0,0,25,0,0,0,0,0,0,0,0,0.20833333333333334,0,0,0,0,0,NA,0,0,0,
3365,0.5,adaptive-cluster,0.1,50,4,8,38,0.3,0.3,0.3,Clumped-Poisson,5,3,Randomly placed,1.0949999999999833,0,0,0,25,45,true,0,0,29,1,0,0,1,1,0,0,1,0.24166666666666667,0,0,0,0,0,5.385164807134506,0,0.16,0.035200000000000016,
3374,0.5,adaptive-cluster,0.1,50,5,3,42,0.3,0.3,0.3,Clumped-Poisson,5,3,Randomly placed,1.1749999999999818,0,0,0,25,45,true,0,0,29,2,1,0,1,1,1,0,0,0.24166666666666667,0,0,0,0,0,5.385164807134505,0,0.16,0.03520000000000001,
3373,0.5,adaptive-cluster,0.1,50,6,5,39,0.3,0.3,0.3,Clumped-Poisson,5,3,Randomly placed,1.09499999999998,0,0,0,25,45,true,0,0,25,0,0,0,0,0,0,0,0,0.20833333333333334,0,0,0,0,0,NA,0,0,0,
3371,0.5,adaptive-cluster,0.1,50,5,10,35,0.3,0.3,0.3,Clumped-Poisson,5,3,Randomly placed,1.0949999999999822,0,0,0,25,45,true,0,0,29,1,0,0,1,1,0,0,1,0.24166666666666667,0,0,0,0,0,5.3851648071345055,0,0.16,0.035200000000000016,
3367,0.5,adaptive-cluster,0.1,50,6,5,39,0.3,0.3,0.3,Clumped-Poisson,5,3,Randomly placed,1.0149999999999828,0,0,0,25,45,true,0,0,25,0,0,0,0,0,0,0,0,0.20833333333333334,0,0,0,0,0,NA,0,0,0,
3372,0.5,adaptive-cluster,0.1,50,6,8,36,0.3,0.3,0.3,Clumped-Poisson,5,3,Randomly placed,1.0549999999999835,0,0,0,25,45,true,0,0,25,0,0,0,0,0,0,0,0,0.20833333333333334,0,0,0,0,0,NA,0,0,0,
3369,0.5,adaptive-cluster,0.1,50,7,8,35,0.3,0.3,0.3,Clumped-Poisson,5,3,Randomly placed,1.1349999999999807,0,0,0,25,45,true,0,0,25,0,0,0,0,0,0,0,0,0.20833333333333334,0,0,0,0,0,NA,0,0,0,
3370,0.5,adaptive-cluster,0.1,50,5,12,33,0.3,0.3,0.3,Clumped-Poisson,5,3,Randomly placed,1.4149999999999845,0,0,0,25,45,true,0,0,25,0,0,0,0,0,0,0,0,0.20833333333333334,0,0,0,0,0,NA,0,0,0,
3379,0.5,adaptive-cluster,0.1,50,4,13,33,0.3,0.3,0.3,Clumped-Poisson,5,3,Randomly placed,1.0549999999999833,0,0,0,25,45,true,0,0,25,0,0,0,0,0,0,0,0,0.20833333333333334,0,0,0,0,0,NA,0,0,0,
3378,0.5,adaptive-cluster,0.1,50,5,6,39,0.3,0.3,0.3,Clumped-Poisson,5,3,Randomly placed,1.1349999999999867,0,0,0,25,45,true,0,0,25,3,0,0,3,0,0,0,0,0.20833333333333334,0,0,0,0,0,NA,0,0,0,
3380,0.5,adaptive-cluster,0.1,50,4,8,38,0.3,0.3,0.3,Clumped-Poisson,5,3,Randomly placed,1.2549999999999828,0,0,0,25,45,true,0,0,25,1,0,0,1,0,0,0,0,0.20833333333333334,0,0,0,0,0,NA,0,0,0,
3381,0.5,adaptive-cluster,0.1,50,3,8,39,0.3,0.3,0.3,Clumped-Poisson,5,3,Randomly placed,1.2549999999999797,0,0,0,25,45,true,0,0,29,4,1,0,3,1,0,0,1,0.24166666666666667,0,0,0,0,0,5.385164807134506,0,0.16,0.03520000000000001,
3375,0.5,adaptive-cluster,0.1,50,4,6,40,0.3,0.3,0.3,Clumped-Poisson,5,3,Randomly placed,1.1349999999999836,0,0,0,25,45,true,0,0,29,1,0,0,1,1,0,0,1,0.24166666666666667,0,0,0,0,0,5.385164807134505,0,0.16,0.0352,
3385,0.5,adaptive-cluster,0.1,50,3,7,40,0.3,0.3,0.3,Clumped-Poisson,5,3,Randomly placed,1.054999999999985,0,0,0,25,45,true,0,0,25,0,0,0,0,0,0,0,0,0.20833333333333334,0,0,0,0,0,NA,0,0,0,
3377,0.5,adaptive-cluster,0.1,50,2,5,43,0.3,0.3,0.3,Clumped-Poisson,5,3,Randomly placed,1.1749999999999794,0,0,0,25,45,true,0,0,25,0,0,0,0,0,0,0,0,0.20833333333333334,0,0,0,0,0,NA,0,0,0,
3376,0.5,adaptive-cluster,0.1,50,6,4,40,0.3,0.3,0.3,Clumped-Poisson,5,3,Randomly placed,1.0549999999999826,0,0,0,25,45,true,0,0,29,4,0,0,4,1,0,0,1,0.24166666666666667,0,0,0,0,0,5.385164807134506,0,0.16,0.035200000000000016,
3384,0.5,adaptive-cluster,0.1,50,9,8,33,0.3,0.3,0.3,Clumped-Poisson,5,3,Randomly placed,1.0549999999999804,0,0,0,25,45,true,0,0,29,3,0,1,2,1,0,0,1,0.24166666666666667,0,0,0,0,0,5.385164807134505,0,0.16,0.035200000000000016,
3387,0.5,adaptive-cluster,0.1,50,8,7,35,0.3,0.3,0.3,Clumped-Poisson,5,3,Randomly placed,1.1749999999999794,0,0,0,25,45,true,0,0,25,0,0,0,0,0,0,0,0,0.20833333333333334,0,0,0,0,0,NA,0,0,0,
3382,0.5,adaptive-cluster,0.1,50,3,10,37,0.3,0.3,0.3,Clumped-Poisson,5,3,Randomly placed,1.2149999999999799,0,0,0,25,45,true,0,0,29,2,0,0,2,1,0,0,1,0.24166666666666667,0,0,0,0,0,5.385164807134506,0,0.16,0.035200000000000016,
3392,0.5,adaptive-cluster,0.1,50,2,9,39,0.3,0.3,0.3,Clumped-Poisson,5,3,Randomly placed,1.094999999999983,0,0,0,25,45,true,0,0,25,0,0,0,0,0,0,0,0,0.20833333333333334,0,0,0,0,0,NA,0,0,0,
3388,0.5,adaptive-cluster,0.1,50,4,5,41,0.3,0.3,0.3,Clumped-Poisson,5,3,Randomly placed,1.2149999999999808,0,0,0,25,45,true,0,0,25,0,0,0,0,0,0,0,0,0.20833333333333334,0,0,0,0,0,NA,0,0,0,
3393,0.5,adaptive-cluster,0.1,50,4,4,42,0.3,0.3,0.3,Clumped-Poisson,5,3,Randomly placed,1.014999999999983,0,0,0,25,45,true,0,0,25,0,0,0,0,0,0,0,0,0.20833333333333334,0,0,0,0,0,NA,0,0,0,
3391,0.5,adaptive-cluster,0.1,50,7,6,37,0.3,0.3,0.3,Clumped-Poisson,5,3,Randomly placed,1.0949999999999838,0,0,0,25,45,true,0,0,25,1,0,0,1,0,0,0,0,0.20833333333333334,0,0,0,0,0,NA,0,0,0,
3396,0.5,adaptive-cluster,0.1,50,4,11,35,0.3,0.3,0.3,Clumped-Poisson,5,3,Randomly placed,1.0549999999999837,0,0,0,25,45,true,0,0,25,1,0,0,1,0,0,0,0,0.20833333333333334,0,0,0,0,0,NA,0,0,0,
3394,0.5,adaptive-cluster,0.1,50,5,8,37,0.3,0.3,0.3,Clumped-Poisson,5,3,Randomly placed,0.9749999999999814,0,0,0,25,45,true,0,0,25,1,0,0,1,0,0,0,0,0.20833333333333334,0,0,0,0,0,NA,0,0,0,
3389,0.5,adaptive-cluster,0.1,50,5,6,39,0.3,0.3,0.3,Clumped-Poisson,5,3,Randomly placed,1.134999999999981,0,0,0,25,45,true,0,0,25,1,0,0,1,0,0,0,0,0.20833333333333334,0,0,0,0,0,NA,0,0,0,
3386,0.5,adaptive-cluster,0.1,50,2,8,40,0.3,0.3,0.3,Clumped-Poisson,5,3,Randomly placed,1.1349999999999811,0,0,0,25,45,true,0,0,25,0,0,0,0,0,0,0,0,0.20833333333333334,0,0,0,0,0,NA,0,0,0,
3398,0.5,adaptive-cluster,0.1,50,3,10,37,0.3,0.3,0.3,Clumped-Poisson,5,3,Randomly placed,1.0949999999999809,0,0,0,25,45,true,0,0,25,0,0,0,0,0,0,0,0,0.20833333333333334,0,0,0,0,0,NA,0,0,0,
3390,0.5,adaptive-cluster,0.1,50,7,2,41,0.3,0.3,0.3,Clumped-Poisson,5,3,Randomly placed,1.0549999999999828,0,0,0,25,45,true,0,0,25,1,1,0,0,0,0,0,0,0.20833333333333334,0,0,0,0,0,NA,0,0,0,
3397,0.5,adaptive-cluster,0.1,50,4,4,42,0.3,0.3,0.3,Clumped-Poisson,5,3,Randomly placed,1.094999999999983,0,0,0,25,45,true,0,0,25,0,0,0,0,0,0,0,0,0.20833333333333334,0,0,0,0,0,NA,0,0,0,
3383,0.5,adaptive-cluster,0.1,50,6,8,36,0.3,0.3,0.3,Clumped-Poisson,5,3,Randomly placed,1.0149999999999824,0,0,0,25,45,true,0,0,29,2,0,1,1,1,0,1,0,0.24166666666666667,0,0,0,0,0,5.3851648071345055,0,0.16,0.035200000000000016,
3399,0.5,adaptive-cluster,0.1,50,4,5,41,0.3,0.3,0.3,Clumped-Poisson,5,3,Randomly placed,0.9749999999999825,0,0,0,25,45,true,0,0,25,0,0,0,0,0,0,0,0,0.20833333333333334,0,0,0,0,0,NA,0,0,0,
3395,0.5,adaptive-cluster,0.1,50,2,10,38,0.3,0.3,0.3,Clumped-Poisson,5,3,Randomly placed,1.0149999999999826,0,0,0,25,45,true,0,0,29,3,0,0,3,1,0,0,1,0.24166666666666667,0,0,0,0,0,5.385164807134506,0,0.16,0.03520000000000001,
3400,0.5,adaptive-cluster,0.1,50,10,8,32,0.3,0.3,0.3,Clumped-Poisson,5,3,Randomly placed,0.9749999999999805,0,0,0,25,45,true,0,0,25,0,0,0,0,0,0,0,0,0.20833333333333334,0,0,0,0,0,NA,0,0,0,
3404,0.5,adaptive-cluster,1,500,42,85,373,0.3,0.3,0.3,Clumped-Poisson,5,3,Randomly placed,1.774,0,0,0,25,45,true,0,0,45,26,2,5,19,6,0,1,5,0.375,0,0,0,0,0,2.578318691071233,0,0.48,0.15680000000000008,
3405,0.5,adaptive-cluster,1,500,60,74,366,0.3,0.3,0.3,Clumped-Poisson,5,3,Randomly placed,2.29,0,0,0,25,45,true,0,0,45,67,10,10,47,24,5,0,19,0.375,0,0,0,0,0,1.982702185035729,0,0.4430769230769231,0.17557712031558184,
3406,0.5,adaptive-cluster,1,500,47,66,387,0.3,0.3,0.3,Clumped-Poisson,5,3,Randomly placed,2.498,0,0,0,25,45,true,0,0,25,4,1,0,3,0,0,0,0,0.20833333333333334,0,0,0,0,0,NA,0,0,0,
3401,0.5,adaptive-cluster,1,500,42,71,387,0.3,0.3,0.3,Clumped-Poisson,5,3,Randomly placed,2.186,0,0,0,25,45,true,0,0,29,5,1,1,3,1,0,0,1,0.24166666666666667,0,0,0,0,0,5.385164807134508,0,0.16,0.0352,
3402,0.5,adaptive-cluster,1,500,48,53,399,0.3,0.3,0.3,Clumped-Poisson,5,3,Randomly placed,2.366,0,0,0,25,45,true,0,0,45,42,4,5,33,17,2,1,14,0.375,0,0,0,0,0,1.81024139030151,0,0.22666666666666668,0.07064444444444443,
3409,0.5,adaptive-cluster,1,500,38,79,383,0.3,0.3,0.3,Clumped-Poisson,5,3,Randomly placed,2.002,0,0,0,25,45,true,0,0,45,43,2,11,30,16,1,2,13,0.375,0,0,0,0,0,1.9108783231564201,0,0.5973333333333334,0.24527644444444455,
3407,0.5,adaptive-cluster,1,500,62,77,361,0.3,0.3,0.3,Clumped-Poisson,5,3,Randomly placed,1.718,0,0,0,25,45,true,0,0,45,20,0,5,15,7,0,2,5,0.375,0,0,0,0,0,2.356257212603934,0,0.48,0.15680000000000008,
3410,0.5,adaptive-cluster,1,500,55,91,354,0.3,0.3,0.3,Clumped-Poisson,5,3,Randomly placed,2.35,0,0,0,25,45,true,0,0,25,2,0,1,1,0,0,0,0,0.20833333333333334,0,0,0,0,0,NA,0,0,0,
3411,0.5,adaptive-cluster,1,500,49,76,375,0.3,0.3,0.3,Clumped-Poisson,5,3,Randomly placed,2.234,0,0,0,25,45,true,0,0,45,68,4,7,57,24,1,1,22,0.375,0,0,0,0,0,1.9003961907502822,0,0.32,0.1408000000000001,
3408,0.5,adaptive-cluster,1,500,53,83,364,0.3,0.3,0.3,Clumped-Poisson,5,3,Randomly placed,2.038,0,0,0,25,45,true,0,0,45,45,4,9,32,15,1,4,10,0.375,0,0,0,0,0,2.022599587389726,0,0.6285714285714287,0.2727891156462586,
3414,0.5,adaptive-cluster,1,500,55,69,376,0.3,0.3,0.3,Clumped-Poisson,5,3,Randomly placed,1.918,0,0,0,25,45,true,0,0,29,9,1,2,6,1,0,0,1,0.24166666666666667,0,0,0,0,0,5.385164807134507,0,0.16,0.035200000000000016,
3416,0.5,adaptive-cluster,1,500,52,73,375,0.3,0.3,0.3,Clumped-Poisson,5,3,Randomly placed,1.97,0,0,0,25,45,true,0,0,25,4,1,1,2,0,0,0,0,0.20833333333333334,0,0,0,0,0,NA,0,0,0,
3403,0.5,adaptive-cluster,1,500,42,84,374,0.3,0.3,0.3,Clumped-Poisson,5,3,Randomly placed,1.782,0,0,0,25,45,true,0,0,25,0,0,0,0,0,0,0,0,0.20833333333333334,0,0,0,0,0,NA,0,0,0,
3417,0.5,adaptive-cluster,1,500,68,83,349,0.3,0.3,0.3,Clumped-Poisson,5,3,Randomly placed,1.694,0,0,0,25,45,true,0,0,31,8,0,0,8,2,0,0,2,0.25833333333333336,0,0,0,0,0,3.8708310907779646,0,0.32,0.08746666666666665,
3415,0.5,adaptive-cluster,1,500,55,74,371,0.3,0.3,0.3,Clumped-Poisson,5,3,Randomly placed,2.018,0,0,0,25,45,true,0,0,32,8,0,1,7,2,0,0,2,0.26666666666666666,0,0,0,0,0,3.934955014703718,0,0.16,0.03520000000000001,
3420,0.5,adaptive-cluster,1,500,42,77,381,0.3,0.3,0.3,Clumped-Poisson,5,3,Randomly placed,1.686,0,0,0,25,45,true,0,0,25,4,0,0,4,0,0,0,0,0.20833333333333334,0,0,0,0,0,NA,0,0,0,
3422,0.5,adaptive-cluster,1,500,42,78,380,0.3,0.3,0.3,Clumped-Poisson,5,3,Randomly placed,2.53,0,0,0,25,45,true,0,0,25,3,0,0,3,0,0,0,0,0.20833333333333334,0,0,0,0,0,NA,0,0,0,
3413,0.5,adaptive-cluster,1,500,51,77,372,0.3,0.3,0.3,Clumped-Poisson,5,3,Randomly placed,2.29,0,0,0,25,45,true,0,0,25,2,1,1,0,0,0,0,0,0.20833333333333334,0,0,0,0,0,NA,0,0,0,
3412,0.5,adaptive-cluster,1,500,54,67,379,0.3,0.3,0.3,Clumped-Poisson,5,3,Randomly placed,2.146,0,0,0,25,45,true,0,0,45,48,7,7,34,16,4,1,11,0.375,0,0,0,0,0,1.8143603305547962,0,0.84,0.43020000000000014,
3423,0.5,adaptive-cluster,1,500,53,64,383,0.3,0.3,0.3,Clumped-Poisson,5,3,Randomly placed,2.294,0,0,0,25,45,true,0,0,45,73,9,7,57,28,2,3,23,0.375,0,0,0,0,0,1.5048622493804504,0,0.43733333333333335,0.17053866666666673,
3418,0.5,adaptive-cluster,1,500,55,69,376,0.3,0.3,0.3,Clumped-Poisson,5,3,Randomly placed,2.106,0,0,0,25,45,true,0,0,45,44,4,4,36,17,1,2,14,0.375,0,0,0,0,0,2.133297780714553,0,0.6666666666666666,0.3266666666666667,
3419,0.5,adaptive-cluster,1,500,50,71,379,0.3,0.3,0.3,Clumped-Poisson,5,3,Randomly placed,2.198,0,0,0,25,45,true,0,0,33,11,0,2,9,2,0,1,1,0.275,0,0,0,0,0,3.998046397929868,0,0.32,0.08746666666666662,
3424,0.5,adaptive-cluster,1,500,56,84,360,0.3,0.3,0.3,Clumped-Poisson,5,3,Randomly placed,2.098,0,0,0,25,45,true,0,0,45,24,3,5,16,7,1,1,5,0.375,0,0,0,0,0,2.356257212603933,0,0.32,0.08746666666666662,
3421,0.5,adaptive-cluster,1,500,41,72,387,0.3,0.3,0.3,Clumped-Poisson,5,3,Randomly placed,2.998,0,0,0,25,45,true,0,0,25,2,1,0,1,0,0,0,0,0.20833333333333334,0,0,0,0,0,NA,0,0,0,
3428,0.5,adaptive-cluster,1,500,66,55,379,0.3,0.3,0.3,Clumped-Poisson,5,3,Randomly placed,2.378,0,0,0,25,45,true,0,0,29,16,1,3,12,3,0,1,2,0.24166666666666667,0,0,0,0,0,5.385164807134504,0,0.48,0.31679999999999997,
3426,0.5,adaptive-cluster,1,500,48,86,366,0.3,0.3,0.3,Clumped-Poisson,5,3,Randomly placed,2.466,0,0,0,25,45,true,0,0,43,21,0,3,18,5,0,1,4,0.35833333333333334,0,0,0,0,0,2.7894358535288797,0,0.48,0.15680000000000008,
3431,0.5,adaptive-cluster,1,500,44,73,383,0.3,0.3,0.3,Clumped-Poisson,5,3,Randomly placed,1.738,0,0,0,25,45,true,0,0,28,6,0,0,6,1,0,0,1,0.23333333333333334,0,0,0,0,0,5.291502622129182,0,0.16,0.03520000000000002,
3439,0.5,adaptive-cluster,1,500,67,66,367,0.3,0.3,0.3,Clumped-Poisson,5,3,Randomly placed,1.734,0,0,0,25,45,true,0,0,25,2,0,1,1,0,0,0,0,0.20833333333333334,0,0,0,0,0,NA,0,0,0,
3438,0.5,adaptive-cluster,1,500,70,80,350,0.3,0.3,0.3,Clumped-Poisson,5,3,Randomly placed,1.994,0,0,0,25,45,true,0,0,25,8,0,1,7,0,0,0,0,0.20833333333333334,0,0,0,0,0,NA,0,0,0,
3433,0.5,adaptive-cluster,1,500,57,73,370,0.3,0.3,0.3,Clumped-Poisson,5,3,Randomly placed,1.994,0,0,0,25,45,true,0,0,45,45,6,5,34,18,3,4,11,0.375,0,0,0,0,0,2.158492740106139,0,0.512,0.23244800000000004,
3432,0.5,adaptive-cluster,1,500,46,75,379,0.3,0.3,0.3,Clumped-Poisson,5,3,Randomly placed,2.19,0,0,0,25,45,true,0,0,25,2,0,1,1,0,0,0,0,0.20833333333333334,0,0,0,0,0,NA,0,0,0,
3430,0.5,adaptive-cluster,1,500,56,71,373,0.3,0.3,0.3,Clumped-Poisson,5,3,Randomly placed,2.17,0,0,0,25,45,true,0,0,45,31,5,3,23,11,2,0,9,0.375,0,0,0,0,0,1.9803694758065322,0,0.36,0.11153333333333332,
3441,0.5,adaptive-cluster,1,500,50,85,365,0.3,0.3,0.3,Clumped-Poisson,5,3,Randomly placed,2.494,0,0,0,25,45,true,0,0,45,44,2,6,36,14,1,1,12,0.375,0,0,0,0,0,2.035457946950352,0,0.368,0.11687466666666667,
3427,0.5,adaptive-cluster,1,500,56,66,378,0.3,0.3,0.3,Clumped-Poisson,5,3,Randomly placed,2.318,0,0,0,25,45,true,0,0,33,8,1,1,6,3,0,1,2,0.275,0,0,0,0,0,4.227883631321939,0,0.48,0.2101333333333335,
3434,0.5,adaptive-cluster,1,500,63,87,350,0.3,0.3,0.3,Clumped-Poisson,5,3,Randomly placed,1.71,0,0,0,25,45,true,0,0,45,48,9,8,31,14,4,4,6,0.375,0,0,0,0,0,2.035457946950352,0,0.22399999999999998,0.068992,
3442,0.5,adaptive-cluster,1,500,62,91,347,0.3,0.3,0.3,Clumped-Poisson,5,3,Randomly placed,3.314,0,0,0,25,45,true,0,0,45,75,9,15,51,25,2,6,17,0.375,0,0,0,0,0,1.607934869780037,0,0.26666666666666666,0.09777777777777781,
3429,0.5,adaptive-cluster,1,500,41,81,378,0.3,0.3,0.3,Clumped-Poisson,5,3,Randomly placed,2.714,0,0,0,25,45,true,0,0,45,56,9,13,34,16,3,3,10,0.375,0,0,0,0,0,1.8143603305547962,0,0.42666666666666664,0.1554962962962962,
3436,0.5,adaptive-cluster,1,500,58,68,374,0.3,0.3,0.3,Clumped-Poisson,5,3,Randomly placed,1.974,0,0,0,25,45,true,0,0,45,47,4,8,35,14,2,0,12,0.375,0,0,0,0,0,2.035457946950352,0,0.5760000000000001,0.23219199999999993,
3443,0.5,adaptive-cluster,1,500,50,78,372,0.3,0.3,0.3,Clumped-Poisson,5,3,Randomly placed,2.354,0,0,0,25,45,true,0,0,45,26,2,3,21,10,0,1,9,0.375,0,0,0,0,0,1.8919686716606745,0,0.32,0.08746666666666665,
3440,0.5,adaptive-cluster,1,500,60,72,368,0.3,0.3,0.3,Clumped-Poisson,5,3,Randomly placed,2.394,0,0,0,25,45,true,0,0,25,4,0,0,4,0,0,0,0,0.20833333333333334,0,0,0,0,0,NA,0,0,0,
3425,0.5,adaptive-cluster,1,500,48,61,391,0.3,0.3,0.3,Clumped-Poisson,5,3,Randomly placed,4.614,0,0,0,25,45,true,0,0,31,2,1,1,0,2,1,1,0,0.25833333333333336,0,0,0,0,0,3.8708310907779646,0,0.16,0.035200000000000016,
3437,0.5,adaptive-cluster,1,500,51,81,368,0.3,0.3,0.3,Clumped-Poisson,5,3,Randomly placed,2.322,0,0,0,25,45,true,0,0,45,67,10,6,51,16,1,2,13,0.375,0,0,0,0,0,1.8143603305547966,0,0.3733333333333333,0.12053333333333333,
3446,0.5,adaptive-cluster,1,500,49,67,384,0.3,0.3,0.3,Clumped-Poisson,5,3,Randomly placed,2.502,0,0,0,25,45,true,0,0,25,3,1,0,2,0,0,0,0,0.20833333333333334,0,0,0,0,0,NA,0,0,0,
3450,0.5,adaptive-cluster,1,500,58,50,392,0.3,0.3,0.3,Clumped-Poisson,5,3,Randomly placed,2.438,0,0,0,25,45,true,0,0,25,3,0,0,3,0,0,0,0,0.20833333333333334,0,0,0,0,0,NA,0,0,0,
3445,0.5,adaptive-cluster,1,500,44,59,397,0.3,0.3,0.3,Clumped-Poisson,5,3,Randomly placed,1.638,0,0,0,25,45,true,0,0,36,13,0,1,12,3,0,0,3,0.3,0,0,0,0,0,3.3636714634883282,0,0.32,0.08746666666666666,
3448,0.5,adaptive-cluster,1,500,48,71,381,0.3,0.3,0.3,Clumped-Poisson,5,3,Randomly placed,2.374,0,0,0,25,45,true,0,0,25,0,0,0,0,0,0,0,0,0.20833333333333334,0,0,0,0,0,NA,0,0,0,
3447,0.5,adaptive-cluster,1,500,47,70,383,0.3,0.3,0.3,Clumped-Poisson,5,3,Randomly placed,1.97,0,0,0,25,45,true,0,0,35,11,1,2,8,3,0,1,2,0.2916666666666667,0,0,0,0,0,3.3136674783180573,0,0.16,0.0352,
3435,0.5,adaptive-cluster,1,500,46,65,389,0.3,0.3,0.3,Clumped-Poisson,5,3,Randomly placed,2.29,0,0,0,25,45,true,0,0,45,42,4,3,35,16,2,1,13,0.375,0,0,0,0,0,2.0027502397271792,0,0.6514285714285714,0.293970068027211,
3451,0.5,adaptive-cluster,1,500,46,83,371,0.3,0.3,0.3,Clumped-Poisson,5,3,Randomly placed,2.438,0,0,0,25,45,true,0,0,32,11,1,4,6,3,0,1,2,0.26666666666666666,0,0,0,0,0,4.161609834639789,0,0.24,0.07919999999999999,
3452,0.5,adaptive-cluster,1,500,57,62,381,0.3,0.3,0.3,Clumped-Poisson,5,3,Randomly placed,2.842,0,0,0,25,45,true,0,0,34,11,0,3,8,3,0,0,3,0.2833333333333333,0,0,0,0,0,3.262892067854014,0,0.16,0.0352,
3444,0.5,adaptive-cluster,1,500,48,69,383,0.3,0.3,0.3,Clumped-Poisson,5,3,Randomly placed,1.998,0,0,0,25,45,true,0,0,45,55,5,6,44,19,2,3,14,0.375,0,0,0,0,0,1.9872737894102706,0,0.2533333333333333,0.08824444444444443,
3457,0.5,adaptive-cluster,1,500,50,62,388,0.3,0.3,0.3,Clumped-Poisson,5,3,Randomly placed,2.678,0,0,0,25,45,true,0,0,32,3,2,1,0,2,2,0,0,0.26666666666666666,0,0,0,0,0,3.934955014703718,0,0.32,0.08746666666666664,
3461,0.5,adaptive-cluster,1,500,48,72,380,0.3,0.3,0.3,Clumped-Poisson,5,3,Randomly placed,2.078,0,0,0,25,45,true,0,0,25,2,1,1,0,0,0,0,0,0.20833333333333334,0,0,0,0,0,NA,0,0,0,
3460,0.5,adaptive-cluster,1,500,51,79,370,0.3,0.3,0.3,Clumped-Poisson,5,3,Randomly placed,1.81,0,0,0,25,45,true,0,0,45,47,3,5,39,13,1,2,10,0.375,0,0,0,0,0,1.8991518732179018,0,0.3657142857142857,0.11533061224489795,
3463,0.5,adaptive-cluster,1,500,46,75,379,0.3,0.3,0.3,Clumped-Poisson,5,3,Randomly placed,1.942,0,0,0,25,45,true,0,0,40,29,1,6,22,8,0,1,7,0.3333333333333333,0,0,0,0,0,3.038218101250997,0,0.256,0.09011199999999993,
3454,0.5,adaptive-cluster,1,500,49,71,380,0.3,0.3,0.3,Clumped-Poisson,5,3,Randomly placed,1.862,0,0,0,25,45,true,0,0,42,29,3,2,24,6,1,1,4,0.35,0,0,0,0,0,2.479181611624011,0,0.16,0.03520000000000002,
3456,0.5,adaptive-cluster,1,500,47,71,382,0.3,0.3,0.3,Clumped-Poisson,5,3,Randomly placed,1.734,0,0,0,25,45,true,0,0,45,28,3,6,19,11,2,3,6,0.375,0,0,0,0,0,2.3330828816250686,0,0.19555555555555557,0.05258271604938273,
3462,0.5,adaptive-cluster,1,500,45,92,363,0.3,0.3,0.3,Clumped-Poisson,5,3,Randomly placed,2.298,0,0,0,25,45,true,0,0,25,8,0,1,7,0,0,0,0,0.20833333333333334,0,0,0,0,0,NA,0,0,0,
3449,0.5,adaptive-cluster,1,500,49,73,378,0.3,0.3,0.3,Clumped-Poisson,5,3,Randomly placed,1.902,0,0,0,25,45,true,0,0,40,23,5,3,15,7,0,1,6,0.3333333333333333,0,0,0,0,0,2.551407610593626,0,0.18666666666666668,0.047911111111111127,
3465,0.5,adaptive-cluster,1,500,51,70,379,0.3,0.3,0.3,Clumped-Poisson,5,3,Randomly placed,2.218,0,0,0,25,45,true,0,0,45,35,5,4,26,14,2,0,12,0.375,0,0,0,0,0,1.9166296949998198,0,0.752,0.34023466666666674,
3458,0.5,adaptive-cluster,1,500,38,75,387,0.3,0.3,0.3,Clumped-Poisson,5,3,Randomly placed,1.722,0,0,0,25,45,true,0,0,45,42,3,6,33,17,1,3,13,0.375,0,0,0,0,0,1.5236419341925693,0,0.8320000000000001,0.42914133333333326,
3455,0.5,adaptive-cluster,1,500,54,66,380,0.3,0.3,0.3,Clumped-Poisson,5,3,Randomly placed,2.11,0,0,0,25,45,true,0,0,43,26,0,3,23,9,0,1,8,0.35833333333333334,0,0,0,0,0,2.66997149711649,0,0.384,0.12808533333333336,
3453,0.5,adaptive-cluster,1,500,55,79,366,0.3,0.3,0.3,Clumped-Poisson,5,3,Randomly placed,2.894,0,0,0,25,45,true,0,0,45,92,7,13,72,25,2,3,20,0.375,0,0,0,0,0,1.6079348697800375,0,0.4307692307692308,0.16489151873767263,
3464,0.5,adaptive-cluster,1,500,45,77,378,0.3,0.3,0.3,Clumped-Poisson,5,3,Randomly placed,2.234,0,0,0,25,45,true,0,0,45,44,5,6,33,16,3,3,10,0.375,0,0,0,0,0,1.7124108304588381,0,0.736,0.32883200000000007,
3467,0.5,adaptive-cluster,1,500,44,73,383,0.3,0.3,0.3,Clumped-Poisson,5,3,Randomly placed,1.79,0,0,0,25,45,true,0,0,25,1,0,0,1,0,0,0,0,0.20833333333333334,0,0,0,0,0,NA,0,0,0,
3459,0.5,adaptive-cluster,1,500,52,82,366,0.3,0.3,0.3,Clumped-Poisson,5,3,Randomly placed,1.698,0,0,0,25,45,true,0,0,37,12,2,2,8,5,0,1,4,0.30833333333333335,0,0,0,0,0,3.1016124838541637,0,0.2,0.055000000000000014,
3470,0.5,adaptive-cluster,1,500,52,77,371,0.3,0.3,0.3,Clumped-Poisson,5,3,Randomly placed,3.794,0,0,0,25,45,true,0,0,45,60,4,9,47,18,0,4,14,0.375,0,0,0,0,0,2.522624895547564,0,0.32,0.14080000000000004,
3472,0.5,adaptive-cluster,1,500,51,64,385,0.3,0.3,0.3,Clumped-Poisson,5,3,Randomly placed,3.246,0,0,0,25,45,true,0,0,45,41,9,6,26,14,3,1,10,0.375,0,0,0,0,0,1.9166296949998198,0,0.38,0.12521666666666673,
3469,0.5,adaptive-cluster,1,500,41,87,372,0.3,0.3,0.3,Clumped-Poisson,5,3,Randomly placed,2.806,0,0,0,25,45,true,0,0,28,6,0,2,4,1,0,0,1,0.23333333333333334,0,0,0,0,0,5.291502622129182,0,0.16,0.03520000000000002,
3471,0.5,adaptive-cluster,1,500,50,73,377,0.3,0.3,0.3,Clumped-Poisson,5,3,Randomly placed,2.19,0,0,0,25,45,true,0,0,45,55,6,5,44,24,2,3,19,0.375,0,0,0,0,0,1.7240362920668564,0,0.5114285714285713,0.22345340136054423,
3473,0.5,adaptive-cluster,1,500,57,80,363,0.3,0.3,0.3,Clumped-Poisson,5,3,Randomly placed,2.734,0,0,0,25,45,true,0,0,45,62,6,10,46,20,1,4,15,0.375,0,0,0,0,0,1.8301452997458483,0,0.7466666666666666,0.42880000000000007,
3476,0.5,adaptive-cluster,1,500,50,84,366,0.3,0.3,0.3,Clumped-Poisson,5,3,Randomly placed,2.058,0,0,0,25,45,true,0,0,25,0,0,0,0,0,0,0,0,0.20833333333333334,0,0,0,0,0,NA,0,0,0,
3474,0.5,adaptive-cluster,1,500,42,79,379,0.3,0.3,0.3,Clumped-Poisson,5,3,Randomly placed,2.218,0,0,0,25,45,true,0,0,35,7,1,2,4,3,0,1,2,0.2916666666666667,0,0,0,0,0,3.313667478318057,0,0.32,0.08746666666666664,
3479,0.5,adaptive-cluster,1,500,39,83,378,0.3,0.3,0.3,Clumped-Poisson,5,3,Randomly placed,1.91,0,0,0,25,45,true,0,0,45,34,5,5,24,14,2,3,9,0.375,0,0,0,0,0,2.2544020018399147,0,0.42,0.1558833333333334,
3478,0.5,adaptive-cluster,1,500,41,76,383,0.3,0.3,0.3,Clumped-Poisson,5,3,Randomly placed,2.19,0,0,0,25,45,true,0,0,45,23,1,5,17,8,1,1,6,0.375,0,0,0,0,0,2.1748824419640793,0,0.8,0.34666666666666685,
3475,0.5,adaptive-cluster,1,500,50,85,365,0.3,0.3,0.3,Clumped-Poisson,5,3,Randomly placed,1.838,0,0,0,25,45,true,0,0,45,24,2,5,17,10,1,2,7,0.375,0,0,0,0,0,2.328186965313256,0,0.5866666666666667,0.23620740740740745,
3466,0.5,adaptive-cluster,1,500,59,77,364,0.3,0.3,0.3,Clumped-Poisson,5,3,Randomly placed,2.59,0,0,0,25,45,true,0,0,45,33,6,3,24,11,4,0,7,0.375,0,0,0,0,0,2.4907793897583117,0,0.3885714285714286,0.13141768707482995,
3477,0.5,adaptive-cluster,1,500,60,92,348,0.3,0.3,0.3,Clumped-Poisson,5,3,Randomly placed,2.61,0,0,0,25,45,true,0,0,25,0,0,0,0,0,0,0,0,0.20833333333333334,0,0,0,0,0,NA,0,0,0,
3468,0.5,adaptive-cluster,1,500,47,79,374,0.3,0.3,0.3,Clumped-Poisson,5,3,Randomly placed,2.99,0,0,0,25,45,true,0,0,29,7,0,2,5,1,0,0,1,0.24166666666666667,0,0,0,0,0,5.385164807134507,0,0.16,0.03520000000000002,
3482,0.5,adaptive-cluster,1,500,47,79,374,0.3,0.3,0.3,Clumped-Poisson,5,3,Randomly placed,3.414,0,0,0,25,45,true,0,0,25,8,0,2,6,0,0,0,0,0.20833333333333334,0,0,0,0,0,NA,0,0,0,
3483,0.5,adaptive-cluster,1,500,42,73,385,0.3,0.3,0.3,Clumped-Poisson,5,3,Randomly placed,2.002,0,0,0,25,45,true,0,0,29,5,2,0,3,1,1,0,0,0.24166666666666667,0,0,0,0,0,5.385164807134505,0,0.16,0.0352,
3480,0.5,adaptive-cluster,1,500,56,62,382,0.3,0.3,0.3,Clumped-Poisson,5,3,Randomly placed,2.622,0,0,0,25,45,true,0,0,29,9,0,1,8,1,0,0,1,0.24166666666666667,0,0,0,0,0,5.385164807134506,0,0.16,0.03520000000000002,
3481,0.5,adaptive-cluster,1,500,49,79,372,0.3,0.3,0.3,Clumped-Poisson,5,3,Randomly placed,2.11,0,0,0,25,45,true,0,0,38,22,1,4,17,4,0,0,4,0.31666666666666665,0,0,0,0,0,2.9546116038710957,0,0.32,0.08746666666666665,
3485,0.5,adaptive-cluster,1,500,50,71,379,0.3,0.3,0.3,Clumped-Poisson,5,3,Randomly placed,2.15,0,0,0,25,45,true,0,0,36,8,0,0,8,3,0,0,3,0.3,0,0,0,0,0,3.3636714634883282,0,0.32,0.08746666666666665,
3489,0.5,adaptive-cluster,1,500,57,71,372,0.3,0.3,0.3,Clumped-Poisson,5,3,Randomly placed,2.186,0,0,0,25,45,true,0,0,29,12,1,1,10,1,1,0,0,0.24166666666666667,0,0,0,0,0,5.385164807134506,0,0.16,0.03520000000000001,
3487,0.5,adaptive-cluster,1,500,54,64,382,0.3,0.3,0.3,Clumped-Poisson,5,3,Randomly placed,2.078,0,0,0,25,45,true,0,0,32,26,2,2,22,4,0,1,3,0.26666666666666666,0,0,0,0,0,3.369694156696928,0,0.21333333333333332,0.06257777777777779,
3484,0.5,adaptive-cluster,1,500,65,71,364,0.3,0.3,0.3,Clumped-Poisson,5,3,Randomly placed,2.338,0,0,0,25,45,true,0,0,45,63,6,13,44,22,2,5,15,0.375,0,0,0,0,0,1.7236532324731604,0,0.25142857142857145,0.08692244897959177,
3488,0.5,adaptive-cluster,1,500,54,89,357,0.3,0.3,0.3,Clumped-Poisson,5,3,Randomly placed,2.258,0,0,0,25,45,true,0,0,38,14,2,2,10,7,2,1,4,0.31666666666666665,0,0,0,0,0,2.781032596998977,0,0.22399999999999998,0.068992,
3490,0.5,adaptive-cluster,1,500,52,85,363,0.3,0.3,0.3,Clumped-Poisson,5,3,Randomly placed,2.066,0,0,0,25,45,true,0,0,45,41,7,9,25,14,4,1,9,0.375,0,0,0,0,0,2.1477217510309803,0,0.22399999999999998,0.068992,
3486,0.5,adaptive-cluster,1,500,48,88,364,0.3,0.3,0.3,Clumped-Poisson,5,3,Randomly placed,1.998,0,0,0,25,45,true,0,0,45,18,1,5,12,8,1,2,5,0.375,0,0,0,0,0,2.483611053211907,0,1.12,0.6581333333333335,
3492,0.5,adaptive-cluster,1,500,47,66,387,0.3,0.3,0.3,Clumped-Poisson,5,3,Randomly placed,2.038,0,0,0,25,45,true,0,0,45,47,4,8,35,19,2,2,15,0.375,0,0,0,0,0,1.7115381622641157,0,0.23384615384615384,0.07519053254437869,
3494,0.5,adaptive-cluster,1,500,46,70,384,0.3,0.3,0.3,Clumped-Poisson,5,3,Randomly placed,2.362,0,0,0,25,45,true,0,0,35,15,0,2,13,3,0,0,3,0.2916666666666667,0,0,0,0,0,3.3136674783180573,0,0.32,0.08746666666666664,
3497,0.5,adaptive-cluster,1,500,50,69,381,0.3,0.3,0.3,Clumped-Poisson,5,3,Randomly placed,3.926,0,0,0,25,45,true,0,0,45,80,8,13,59,21,3,4,14,0.375,0,0,0,0,0,1.9166296949998194,0,0.968,0.5870746666666667,
3499,0.5,adaptive-cluster,1,500,43,92,365,0.3,0.3,0.3,Clumped-Poisson,5,3,Randomly placed,1.974,0,0,0,25,45,true,0,0,37,15,3,0,12,4,1,0,3,0.30833333333333335,0,0,0,0,0,3.637669430952854,0,0.64,0.29653333333333326,
3493,0.5,adaptive-cluster,1,500,49,87,364,0.3,0.3,0.3,Clumped-Poisson,5,3,Randomly placed,2.23,0,0,0,25,45,true,0,0,37,14,0,2,12,5,0,1,4,0.30833333333333335,0,0,0,0,0,3.1016124838541637,0,0.2,0.05500000000000003,
3495,0.5,adaptive-cluster,1,500,37,75,388,0.3,0.3,0.3,Clumped-Poisson,5,3,Randomly placed,2.23,0,0,0,25,45,true,0,0,45,43,5,9,29,9,1,1,7,0.375,0,0,0,0,0,2.5226248955475636,0,0.544,0.20424533333333342,
3498,0.5,adaptive-cluster,1,500,55,71,374,0.3,0.3,0.3,Clumped-Poisson,5,3,Randomly placed,2.118,0,0,0,25,45,true,0,0,40,30,5,3,22,9,1,2,6,0.3333333333333333,0,0,0,0,0,3.100102623672795,0,0.41600000000000004,0.15261866666666665,
3491,0.5,adaptive-cluster,1,500,39,77,384,0.3,0.3,0.3,Clumped-Poisson,5,3,Randomly placed,2.002,0,0,0,25,45,true,0,0,44,27,2,6,19,6,1,0,5,0.36666666666666664,0,0,0,0,0,2.996983841248204,0,0.72,0.3127999999999999,
3496,0.5,adaptive-cluster,1,500,58,76,366,0.3,0.3,0.3,Clumped-Poisson,5,3,Randomly placed,2.19,0,0,0,25,45,true,0,0,29,4,0,1,3,1,0,1,0,0.24166666666666667,0,0,0,0,0,5.385164807134505,0,0.16,0.035200000000000016,
3500,0.5,adaptive-cluster,1,500,41,77,382,0.3,0.3,0.3,Clumped-Poisson,5,3,Randomly placed,2.306,0,0,0,25,45,true,0,0,45,58,5,12,41,18,1,4,13,0.375,0,0,0,0,0,1.9511069119395232,0,0.26181818181818184,0.09425454545454545,
3501,0.5,adaptive-cluster,7,3500,328,530,2642,0.3,0.3,0.3,Clumped-Poisson,5,3,Randomly placed,9.388285714285715,0,0,0,25,45,true,0,0,45,178,19,23,136,67,9,9,49,0.375,0,0,0,0,0,1.5463828585835033,0,2.016,2.5056853333333335,
3503,0.5,adaptive-cluster,7,3500,338,528,2634,0.3,0.3,0.3,Clumped-Poisson,5,3,Randomly placed,26.839142857142857,0,0,0,25,45,true,0,0,45,736,70,118,548,208,17,29,162,0.375,0,0,0,0,0,1.2659560225466189,0,1.5847619047619048,3.453271655328801,
3507,0.5,adaptive-cluster,7,3500,356,559,2585,0.3,0.3,0.3,Clumped-Poisson,5,3,Randomly placed,10.927142857142856,0,0,0,25,45,true,0,0,45,121,13,20,88,33,2,5,26,0.375,0,0,0,0,0,1.8478976622361072,0,1.12,0.7648000000000001,
3509,0.5,adaptive-cluster,7,3500,338,501,2661,0.3,0.3,0.3,Clumped-Poisson,5,3,Randomly placed,9.720857142857144,0,0,0,25,45,true,0,0,45,99,10,13,76,35,6,3,26,0.375,0,0,0,0,0,1.8770165408487116,0,1.9822222222222223,2.8782123456790134,
3514,0.5,adaptive-cluster,7,3500,341,560,2599,0.3,0.3,0.3,Clumped-Poisson,5,3,Randomly placed,6.408857142857143,0,0,0,25,45,true,0,0,45,226,22,41,163,61,10,11,40,0.375,0,0,0,0,0,1.219857805202772,0,2.589090909090909,3.437769696969698,
3508,0.5,adaptive-cluster,7,3500,337,531,2632,0.3,0.3,0.3,Clumped-Poisson,5,3,Randomly placed,12.942571428571428,0,0,0,25,45,true,0,0,45,145,17,24,104,46,4,5,37,0.375,0,0,0,0,0,1.7006614970093867,0,1,0.8550000000000001,
3502,0.5,adaptive-cluster,7,3500,372,518,2610,0.3,0.3,0.3,Clumped-Poisson,5,3,Randomly placed,6.057428571428572,0,0,0,25,45,true,0,0,45,120,16,13,91,39,4,4,31,0.375,0,0,0,0,0,1.195067863101492,0,2.433333333333333,2.9681944444444457,
3506,0.5,adaptive-cluster,7,3500,352,495,2653,0.3,0.3,0.3,Clumped-Poisson,5,3,Randomly placed,7.764857142857143,0,0,0,25,45,true,0,0,45,82,5,7,70,26,2,3,21,0.375,0,0,0,0,0,1.8991518732179018,0,0.509090909090909,0.23999999999999996,
3515,0.5,adaptive-cluster,7,3500,354,492,2654,0.3,0.3,0.3,Clumped-Poisson,5,3,Randomly placed,10.619714285714284,0,0,0,25,45,true,0,0,45,270,38,40,192,66,11,10,45,0.375,0,0,0,0,0,1.4213014004510505,0,2.4266666666666667,3.5903111111111112,
3504,0.5,adaptive-cluster,7,3500,369,513,2618,0.3,0.3,0.3,Clumped-Poisson,5,3,Randomly placed,8.264285714285714,0,0,0,25,45,true,0,0,45,157,15,18,124,50,5,8,37,0.375,0,0,0,0,0,0.9246621004453465,0,2.34,2.5606166666666663,
3511,0.5,adaptive-cluster,7,3500,347,515,2638,0.3,0.3,0.3,Clumped-Poisson,5,3,Randomly placed,10.154571428571428,0,0,0,25,45,true,0,0,45,109,8,22,79,32,1,9,22,0.375,0,0,0,0,0,1.5469395647682733,0,2.017777777777778,1.93599012345679,
3505,0.5,adaptive-cluster,7,3500,377,546,2577,0.3,0.3,0.3,Clumped-Poisson,5,3,Randomly placed,11.417428571428571,0,0,0,25,45,true,0,0,45,134,12,17,105,25,2,4,19,0.375,0,0,0,0,0,1.5135749373285394,0,1.008,0.6184213333333335,
3513,0.5,adaptive-cluster,7,3500,345,509,2646,0.3,0.3,0.3,Clumped-Poisson,5,3,Randomly placed,7.798,0,0,0,25,45,true,0,0,45,70,5,8,57,21,0,4,17,0.375,0,0,0,0,0,1.8613837691830522,0,1.4240000000000002,1.1615253333333337,
3512,0.5,adaptive-cluster,7,3500,359,512,2629,0.3,0.3,0.3,Clumped-Poisson,5,3,Randomly placed,10.19057142857143,0,0,0,25,45,true,0,0,45,157,14,23,120,46,4,7,35,0.375,0,0,0,0,0,1.7134028334381723,0,0.7893333333333334,0.49046755555555577,
3510,0.5,adaptive-cluster,7,3500,353,550,2597,0.3,0.3,0.3,Clumped-Poisson,5,3,Randomly placed,7.124285714285714,0,0,0,25,45,true,0,0,45,186,22,29,135,51,5,6,40,0.375,0,0,0,0,0,1.3248656356403796,0,2.3325714285714287,2.786175401360545,
3516,0.5,adaptive-cluster,7,3500,393,496,2611,0.3,0.3,0.3,Clumped-Poisson,5,3,Randomly placed,9.466571428571429,0,0,0,25,45,true,0,0,45,180,22,34,124,54,8,11,35,0.375,0,0,0,0,0,1.4928279718491857,0,2.437333333333333,3.154272,
3518,0.5,adaptive-cluster,7,3500,354,553,2593,0.3,0.3,0.3,Clumped-Poisson,5,3,Randomly placed,6.742,0,0,0,25,45,true,0,0,45,127,9,20,98,40,2,5,33,0.375,0,0,0,0,0,1.4828565798362419,0,1.0006349206349205,0.6817201310153689,
3521,0.5,adaptive-cluster,7,3500,374,555,2571,0.3,0.3,0.3,Clumped-Poisson,5,3,Randomly placed,14.163714285714287,0,0,0,25,45,true,0,0,45,445,44,69,332,119,14,21,84,0.375,0,0,0,0,0,1.3128181654942523,0,3.351111111111111,7.533027160493826,
3520,0.5,adaptive-cluster,7,3500,361,511,2628,0.3,0.3,0.3,Clumped-Poisson,5,3,Randomly placed,11.538571428571428,0,0,0,25,45,true,0,0,45,158,19,23,116,49,6,7,36,0.375,0,0,0,0,0,1.5269901484068475,0,1.4533333333333334,1.3931333333333342,
3523,0.5,adaptive-cluster,7,3500,373,510,2617,0.3,0.3,0.3,Clumped-Poisson,5,3,Randomly placed,28.09857142857143,0,0,0,25,45,true,0,0,45,259,32,40,187,80,5,14,61,0.375,0,0,0,0,0,1.6482170118591237,0,2.063589743589744,2.9165001972386606,
3519,0.5,adaptive-cluster,7,3500,335,498,2667,0.3,0.3,0.3,Clumped-Poisson,5,3,Randomly placed,11.89,0,0,0,25,45,true,0,0,45,155,20,22,113,46,9,6,31,0.375,0,0,0,0,0,1.310632094589845,0,1.6400000000000001,1.531533333333333,
3528,0.5,adaptive-cluster,7,3500,382,538,2580,0.3,0.3,0.3,Clumped-Poisson,5,3,Randomly placed,16.93342857142857,0,0,0,25,45,true,0,0,45,198,23,30,145,68,4,12,52,0.375,0,0,0,0,0,2.34233698361816,0,5,20.881666666666668,
3524,0.5,adaptive-cluster,7,3500,327,531,2642,0.3,0.3,0.3,Clumped-Poisson,5,3,Randomly placed,15.535714285714286,0,0,0,25,45,true,0,0,45,85,4,15,66,28,1,5,22,0.375,0,0,0,0,0,1.9769368277158532,0,0.3446153846153846,0.16329467455621302,
3525,0.5,adaptive-cluster,7,3500,347,533,2620,0.3,0.3,0.3,Clumped-Poisson,5,3,Randomly placed,9.450571428571427,0,0,0,25,45,true,0,0,45,211,25,32,154,66,9,8,49,0.375,0,0,0,0,0,1.3988228925057113,0,2.56,3.281200000000001,
3527,0.5,adaptive-cluster,7,3500,350,476,2674,0.3,0.3,0.3,Clumped-Poisson,5,3,Randomly placed,9.883142857142857,0,0,0,25,45,true,0,0,45,109,13,19,77,27,6,4,17,0.375,0,0,0,0,0,1.5242153139344592,0,1.536,1.2280320000000002,
3517,0.5,adaptive-cluster,7,3500,334,531,2635,0.3,0.3,0.3,Clumped-Poisson,5,3,Randomly placed,10.578000000000001,0,0,0,25,45,true,0,0,45,230,18,35,177,69,7,13,49,0.375,0,0,0,0,0,1.1516331044891057,0,2.0593939393939396,2.389901010101011,
3526,0.5,adaptive-cluster,7,3500,364,525,2611,0.3,0.3,0.3,Clumped-Poisson,5,3,Randomly placed,8.742571428571429,0,0,0,25,45,true,0,0,45,160,22,24,114,44,5,7,32,0.375,0,0,0,0,0,1.8564541101952154,0,1.7866666666666668,2.1048000000000004,
3529,0.5,adaptive-cluster,7,3500,373,522,2605,0.3,0.3,0.3,Clumped-Poisson,5,3,Randomly placed,13.267714285714286,0,0,0,25,45,true,0,0,45,285,38,39,208,80,12,14,54,0.375,0,0,0,0,0,1.3294361843209395,0,4.909333333333333,11.920525333333332,
3522,0.5,adaptive-cluster,7,3500,367,494,2639,0.3,0.3,0.3,Clumped-Poisson,5,3,Randomly placed,7.4951428571428576,0,0,0,25,45,true,0,0,45,119,8,16,95,30,1,5,24,0.375,0,0,0,0,0,1.5337120744366353,0,1.44,1.3445333333333331,
3530,0.5,adaptive-cluster,7,3500,344,520,2636,0.3,0.3,0.3,Clumped-Poisson,5,3,Randomly placed,9.867142857142856,0,0,0,25,45,true,0,0,45,220,22,26,172,64,7,9,48,0.375,0,0,0,0,0,1.3860408674428009,0,2.5247619047619048,3.674989909297053,
3531,0.5,adaptive-cluster,7,3500,361,558,2581,0.3,0.3,0.3,Clumped-Poisson,5,3,Randomly placed,8.303142857142857,0,0,0,25,45,true,0,0,45,267,22,36,209,81,9,10,62,0.375,0,0,0,0,0,1.2679684963531657,0,2.2394285714285718,3.086156639455783,
3532,0.5,adaptive-cluster,7,3500,333,543,2624,0.3,0.3,0.3,Clumped-Poisson,5,3,Randomly placed,9.061428571428571,0,0,0,25,45,true,0,0,45,172,17,31,124,52,6,10,36,0.375,0,0,0,0,0,1.452238538415198,0,1.8906666666666667,1.9995475555555555,
3533,0.5,adaptive-cluster,7,3500,347,532,2621,0.3,0.3,0.3,Clumped-Poisson,5,3,Randomly placed,13.851714285714285,0,0,0,25,45,true,0,0,45,268,29,40,199,89,11,18,60,0.375,0,0,0,0,0,1.4994748366236619,0,2.286153846153846,2.975154635108483,
3538,0.5,adaptive-cluster,7,3500,359,533,2608,0.3,0.3,0.3,Clumped-Poisson,5,3,Randomly placed,7.256285714285714,0,0,0,25,45,true,0,0,45,67,8,13,46,21,1,3,17,0.375,0,0,0,0,0,1.4155248408767491,0,1.0333333333333332,0.5970833333333333,
3536,0.5,adaptive-cluster,7,3500,351,504,2645,0.3,0.3,0.3,Clumped-Poisson,5,3,Randomly placed,6.776857142857144,0,0,0,25,45,true,0,0,45,169,19,32,118,46,4,9,33,0.375,0,0,0,0,0,1.4819762656096118,0,2.505454545454546,3.737957575757577,
3539,0.5,adaptive-cluster,7,3500,384,535,2581,0.3,0.3,0.3,Clumped-Poisson,5,3,Randomly placed,11.521428571428572,0,0,0,25,45,true,0,0,45,173,24,24,125,62,14,10,38,0.375,0,0,0,0,0,1.8197139628090324,0,2.44,3.112866666666666,
3535,0.5,adaptive-cluster,7,3500,343,479,2678,0.3,0.3,0.3,Clumped-Poisson,5,3,Randomly placed,8.304285714285715,0,0,0,25,45,true,0,0,45,397,35,50,312,96,3,9,84,0.375,0,0,0,0,0,1.1594511889937802,0,1.775686274509804,2.2282703575547873,
3541,0.5,adaptive-cluster,7,3500,345,502,2653,0.3,0.3,0.3,Clumped-Poisson,5,3,Randomly placed,13.052285714285714,0,0,0,25,45,true,0,0,45,90,9,13,68,26,2,2,22,0.375,0,0,0,0,0,1.6290010535572363,0,2.56,2.9845333333333337,
3537,0.5,adaptive-cluster,7,3500,378,540,2582,0.3,0.3,0.3,Clumped-Poisson,5,3,Randomly placed,10.140857142857143,0,0,0,25,45,true,0,0,45,438,59,82,297,130,21,31,78,0.375,0,0,0,0,0,1.2956562511070646,0,2.2095238095238097,3.3273469387755106,
3543,0.5,adaptive-cluster,7,3500,343,547,2610,0.3,0.3,0.3,Clumped-Poisson,5,3,Randomly placed,13.265428571428572,0,0,0,25,45,true,0,0,45,280,29,48,203,92,11,15,66,0.375,0,0,0,0,0,1.6552946654982863,0,4.501818181818182,12.74409966329966,
3534,0.5,adaptive-cluster,7,3500,353,504,2643,0.3,0.3,0.3,Clumped-Poisson,5,3,Randomly placed,12.344857142857142,0,0,0,25,45,true,0,0,45,134,16,20,98,49,4,8,37,0.375,0,0,0,0,0,1.5143852264408553,0,2.5839999999999996,3.4796186666666657,
3546,0.5,adaptive-cluster,7,3500,328,555,2617,0.3,0.3,0.3,Clumped-Poisson,5,3,Randomly placed,9.526,0,0,0,25,45,true,0,0,45,169,21,21,127,52,10,6,36,0.375,0,0,0,0,0,1.4045763978688528,0,2.0266666666666664,2.2936296296296286,
3542,0.5,adaptive-cluster,7,3500,350,527,2623,0.3,0.3,0.3,Clumped-Poisson,5,3,Randomly placed,7.820857142857143,0,0,0,25,45,true,0,0,45,221,20,39,162,56,6,8,42,0.375,0,0,0,0,0,1.4950783124914808,0,2.2266666666666666,2.8506444444444434,
3540,0.5,adaptive-cluster,7,3500,346,502,2652,0.3,0.3,0.3,Clumped-Poisson,5,3,Randomly placed,7.313428571428572,0,0,0,25,45,true,0,0,45,267,26,44,197,71,10,9,52,0.375,0,0,0,0,0,1.374642246162939,0,3.72,6.748333333333336,
3544,0.5,adaptive-cluster,7,3500,373,517,2610,0.3,0.3,0.3,Clumped-Poisson,5,3,Randomly placed,8.007714285714286,0,0,0,25,45,true,0,0,45,179,17,23,139,49,7,6,36,0.375,0,0,0,0,0,1.3253884050695885,0,1.590769230769231,1.3051428007889554,
3545,0.5,adaptive-cluster,7,3500,376,540,2584,0.3,0.3,0.3,Clumped-Poisson,5,3,Randomly placed,9.294571428571428,0,0,0,25,45,true,0,0,45,141,15,19,107,41,7,4,30,0.375,0,0,0,0,0,1.6516912340761591,0,1.6,1.4592000000000007,
3548,0.5,adaptive-cluster,7,3500,317,512,2671,0.3,0.3,0.3,Clumped-Poisson,5,3,Randomly placed,9.90542857142857,0,0,0,25,45,true,0,0,45,219,24,30,165,68,8,10,50,0.375,0,0,0,0,0,1.4292656887134836,0,1.262,1.0118855,
3549,0.5,adaptive-cluster,7,3500,334,515,2651,0.3,0.3,0.3,Clumped-Poisson,5,3,Randomly placed,9.079714285714285,0,0,0,25,45,true,0,0,45,91,13,11,67,37,4,6,27,0.375,0,0,0,0,0,1.7256266599931926,0,1.936,2.0282986666666667,
3556,0.5,adaptive-cluster,7,3500,339,543,2618,0.3,0.3,0.3,Clumped-Poisson,5,3,Randomly placed,8.294571428571428,0,0,0,25,45,true,0,0,45,75,3,13,59,25,3,4,18,0.375,0,0,0,0,0,1.697056274847714,0,2.5866666666666664,3.2976888888888864,
3553,0.5,adaptive-cluster,7,3500,354,510,2636,0.3,0.3,0.3,Clumped-Poisson,5,3,Randomly placed,8.159714285714285,0,0,0,25,45,true,0,0,45,120,15,14,91,37,2,3,32,0.375,0,0,0,0,0,1.820429913707701,0,1.6666666666666665,1.675740740740741,
3547,0.5,adaptive-cluster,7,3500,325,554,2621,0.3,0.3,0.3,Clumped-Poisson,5,3,Randomly placed,10.211714285714285,0,0,0,25,45,true,0,0,45,128,13,23,92,42,7,7,28,0.375,0,0,0,0,0,1.522100638100069,0,1.716,1.6342353333333337,
3554,0.5,adaptive-cluster,7,3500,362,505,2633,0.3,0.3,0.3,Clumped-Poisson,5,3,Randomly placed,13.641428571428571,0,0,0,25,45,true,0,0,45,202,22,24,156,64,10,7,47,0.375,0,0,0,0,0,1.5469395647682733,0,2.389090909090909,3.3305878787878807,
3555,0.5,adaptive-cluster,7,3500,326,554,2620,0.3,0.3,0.3,Clumped-Poisson,5,3,Randomly placed,7.626571428571429,0,0,0,25,45,true,0,0,45,89,7,15,67,26,2,4,20,0.375,0,0,0,0,0,1.6702713394830957,0,2.08,2.162133333333334,
3550,0.5,adaptive-cluster,7,3500,338,510,2652,0.3,0.3,0.3,Clumped-Poisson,5,3,Randomly placed,13.334,0,0,0,25,45,true,0,0,45,386,35,56,295,126,10,13,103,0.375,0,0,0,0,0,1.6216874328520063,0,3.46,8.284283333333336,
3552,0.5,adaptive-cluster,7,3500,380,490,2630,0.3,0.3,0.3,Clumped-Poisson,5,3,Randomly placed,7.715714285714285,0,0,0,25,45,true,0,0,45,132,15,12,105,32,1,5,26,0.375,0,0,0,0,0,1.8143603305547966,0,0.768,0.5123413333333334,
3551,0.5,adaptive-cluster,7,3500,348,537,2615,0.3,0.3,0.3,Clumped-Poisson,5,3,Randomly placed,6.0842857142857145,0,0,0,25,45,true,0,0,45,154,10,29,115,49,5,7,37,0.375,0,0,0,0,0,1.2812671565622742,0,2.9158095238095236,4.0797619229024935,
3557,0.5,adaptive-cluster,7,3500,356,548,2596,0.3,0.3,0.3,Clumped-Poisson,5,3,Randomly placed,8.808857142857143,0,0,0,25,45,true,0,0,45,139,11,20,108,43,5,6,32,0.375,0,0,0,0,0,1.5288898920719396,0,0.6652631578947369,0.3783652816251155,
3558,0.5,adaptive-cluster,7,3500,350,502,2648,0.3,0.3,0.3,Clumped-Poisson,5,3,Randomly placed,6.960857142857143,0,0,0,25,45,true,0,0,45,170,18,25,127,55,5,8,42,0.375,0,0,0,0,0,1.4686813110366825,0,1.676,1.743675333333334,
3563,0.5,adaptive-cluster,7,3500,332,491,2677,0.3,0.3,0.3,Clumped-Poisson,5,3,Randomly placed,8.247142857142856,0,0,0,25,45,true,0,0,45,84,6,13,65,28,2,4,22,0.375,0,0,0,0,0,1.822430969397448,0,2.3280000000000003,2.9612613333333337,
3560,0.5,adaptive-cluster,7,3500,333,513,2654,0.3,0.3,0.3,Clumped-Poisson,5,3,Randomly placed,9.725428571428571,0,0,0,25,45,true,0,0,45,93,10,18,65,30,2,8,20,0.375,0,0,0,0,0,1.7221814918611484,0,0.72,0.36613333333333326,
3561,0.5,adaptive-cluster,7,3500,353,535,2612,0.3,0.3,0.3,Clumped-Poisson,5,3,Randomly placed,9.943714285714284,0,0,0,25,45,true,0,0,45,152,11,24,117,37,2,7,28,0.375,0,0,0,0,0,1.7256266599931924,0,0.912,0.5996480000000003,
3559,0.5,adaptive-cluster,7,3500,365,548,2587,0.3,0.3,0.3,Clumped-Poisson,5,3,Randomly placed,7.515142857142857,0,0,0,25,45,true,0,0,45,136,17,21,98,37,6,7,24,0.375,0,0,0,0,0,1.6862135953853048,0,0.72,0.44613333333333327,
3564,0.5,adaptive-cluster,7,3500,347,524,2629,0.3,0.3,0.3,Clumped-Poisson,5,3,Randomly placed,10.05457142857143,0,0,0,25,45,true,0,0,45,148,14,14,120,51,7,5,39,0.375,0,0,0,0,0,1.5917963642701145,0,0.9292307692307692,0.6662453648915189,
3565,0.5,adaptive-cluster,7,3500,355,515,2630,0.3,0.3,0.3,Clumped-Poisson,5,3,Randomly placed,14.737428571428572,0,0,0,25,45,true,0,0,45,243,25,33,185,71,11,10,50,0.375,0,0,0,0,0,1.5376556090819462,0,1.76,2.0240000000000005,
3562,0.5,adaptive-cluster,7,3500,333,566,2601,0.3,0.3,0.3,Clumped-Poisson,5,3,Randomly placed,9.438,0,0,0,25,45,true,0,0,45,281,25,44,212,100,8,16,76,0.375,0,0,0,0,0,1.7051726118969999,0,2.64,5.036533333333336,
3566,0.5,adaptive-cluster,7,3500,338,552,2610,0.3,0.3,0.3,Clumped-Poisson,5,3,Randomly placed,7.898571428571429,0,0,0,25,45,true,0,0,45,93,11,12,70,29,3,4,22,0.375,0,0,0,0,0,1.7863388193981837,0,1.6933333333333334,1.5515333333333334,
3568,0.5,adaptive-cluster,7,3500,342,533,2625,0.3,0.3,0.3,Clumped-Poisson,5,3,Randomly placed,7.4551428571428575,0,0,0,25,45,true,0,0,45,211,23,40,148,49,2,11,36,0.375,0,0,0,0,0,1.5641955795677518,0,1.2571428571428573,1.015812547241119,
3567,0.5,adaptive-cluster,7,3500,354,550,2596,0.3,0.3,0.3,Clumped-Poisson,5,3,Randomly placed,8.545428571428571,0,0,0,25,45,true,0,0,45,205,15,27,163,63,4,12,47,0.375,0,0,0,0,0,1.382369775660797,0,2.1051428571428574,2.590248272108844,
3570,0.5,adaptive-cluster,7,3500,364,529,2607,0.3,0.3,0.3,Clumped-Poisson,5,3,Randomly placed,9.200857142857144,0,0,0,25,45,true,0,0,45,175,18,31,126,51,2,7,42,0.375,0,0,0,0,0,1.2703208274756683,0,2.1538461538461537,2.5345956607495066,
3572,0.5,adaptive-cluster,7,3500,368,491,2641,0.3,0.3,0.3,Clumped-Poisson,5,3,Randomly placed,8.463714285714286,0,0,0,25,45,true,0,0,45,223,24,36,163,60,6,13,41,0.375,0,0,0,0,0,1.4122033075369074,0,1.6639999999999997,1.8482986666666656,
3571,0.5,adaptive-cluster,7,3500,347,539,2614,0.3,0.3,0.3,Clumped-Poisson,5,3,Randomly placed,8.222,0,0,0,25,45,true,0,0,45,135,13,26,96,49,0,10,39,0.375,0,0,0,0,0,1.5269901484068475,0,2.8906666666666667,4.3605475555555575,
3569,0.5,adaptive-cluster,7,3500,345,497,2658,0.3,0.3,0.3,Clumped-Poisson,5,3,Randomly placed,8.336857142857143,0,0,0,25,45,true,0,0,45,222,30,26,166,62,9,7,46,0.375,0,0,0,0,0,1.534128353845668,0,1.1497142857142857,0.9283911836734696,
3573,0.5,adaptive-cluster,7,3500,369,521,2610,0.3,0.3,0.3,Clumped-Poisson,5,3,Randomly placed,8.982000000000001,0,0,0,25,45,true,0,0,45,348,32,62,254,89,7,16,66,0.375,0,0,0,0,0,1.1979125317271058,0,2.4844444444444447,3.902446913580249,
3574,0.5,adaptive-cluster,7,3500,326,507,2667,0.3,0.3,0.3,Clumped-Poisson,5,3,Randomly placed,8.051714285714286,0,0,0,25,45,true,0,0,45,194,20,26,148,47,6,7,34,0.375,0,0,0,0,0,1.6451725939559847,0,1.9405714285714288,2.008475210884354,
3580,0.5,adaptive-cluster,7,3500,354,467,2679,0.3,0.3,0.3,Clumped-Poisson,5,3,Randomly placed,8.964285714285714,0,0,0,25,45,true,0,0,45,101,7,15,79,30,3,3,24,0.375,0,0,0,0,0,1.5337120744366353,0,1.232,0.8816746666666669,
3576,0.5,adaptive-cluster,7,3500,361,518,2621,0.3,0.3,0.3,Clumped-Poisson,5,3,Randomly placed,7.5282857142857145,0,0,0,25,45,true,0,0,45,172,17,29,126,51,6,9,36,0.375,0,0,0,0,0,1.488394867900764,0,1.7644444444444447,2.070367901234569,
3578,0.5,adaptive-cluster,7,3500,378,483,2639,0.3,0.3,0.3,Clumped-Poisson,5,3,Randomly placed,10.332857142857142,0,0,0,25,45,true,0,0,45,289,27,38,224,93,9,12,72,0.375,0,0,0,0,0,1.4272143100405763,0,3.9971428571428573,9.16643979591837,
3575,0.5,adaptive-cluster,7,3500,363,546,2591,0.3,0.3,0.3,Clumped-Poisson,5,3,Randomly placed,7.059142857142858,0,0,0,25,45,true,0,0,45,168,26,31,111,55,7,17,31,0.375,0,0,0,0,0,1.3156858672484228,0,2.3422222222222224,2.866219753086421,
3579,0.5,adaptive-cluster,7,3500,349,501,2650,0.3,0.3,0.3,Clumped-Poisson,5,3,Randomly placed,7.112857142857143,0,0,0,25,45,true,0,0,45,117,19,11,87,37,6,5,26,0.375,0,0,0,0,0,1.4734180965283086,0,1.632,1.629141333333333,
3577,0.5,adaptive-cluster,7,3500,337,545,2618,0.3,0.3,0.3,Clumped-Poisson,5,3,Randomly placed,8.638,0,0,0,25,45,true,0,0,45,156,20,22,114,61,9,10,42,0.375,0,0,0,0,0,1.3634897675959878,0,3.246060606060606,5.502391919191921,
3582,0.5,adaptive-cluster,7,3500,377,561,2562,0.3,0.3,0.3,Clumped-Poisson,5,3,Randomly placed,11.653428571428572,0,0,0,25,45,true,0,0,45,101,11,13,77,22,2,3,17,0.375,0,0,0,0,0,2.1195265833767865,0,0.8,0.4666666666666669,
3583,0.5,adaptive-cluster,7,3500,335,582,2583,0.3,0.3,0.3,Clumped-Poisson,5,3,Randomly placed,12.058000000000002,0,0,0,25,45,true,0,0,45,226,20,35,171,64,4,11,49,0.375,0,0,0,0,0,1.4801262459112154,0,3.0733333333333333,4.971838888888887,
3587,0.5,adaptive-cluster,7,3500,323,535,2642,0.3,0.3,0.3,Clumped-Poisson,5,3,Randomly placed,11.344285714285714,0,0,0,25,45,true,0,0,45,250,20,43,187,75,5,11,59,0.375,0,0,0,0,0,1.5925965077079742,0,0.7058823529411765,0.6851211072664363,
3581,0.5,adaptive-cluster,7,3500,355,585,2560,0.3,0.3,0.3,Clumped-Poisson,5,3,Randomly placed,13.18142857142857,0,0,0,25,45,true,0,0,45,210,22,29,159,74,4,6,64,0.375,0,0,0,0,0,1.4092775282405139,0,0.7440000000000001,0.5664453333333336,
3584,0.5,adaptive-cluster,7,3500,332,535,2633,0.3,0.3,0.3,Clumped-Poisson,5,3,Randomly placed,8.112285714285715,0,0,0,25,45,true,0,0,45,93,12,13,68,28,5,3,20,0.375,0,0,0,0,0,1.465334594247447,0,1.6373333333333335,1.5866275555555567,
3585,0.5,adaptive-cluster,7,3500,358,496,2646,0.3,0.3,0.3,Clumped-Poisson,5,3,Randomly placed,10.758,0,0,0,25,45,true,0,0,45,51,4,7,40,11,2,3,6,0.375,0,0,0,0,0,2.16392455890197,0,0.76,0.34753333333333347,
3588,0.5,adaptive-cluster,7,3500,351,516,2633,0.3,0.3,0.3,Clumped-Poisson,5,3,Randomly placed,11.546571428571427,0,0,0,25,45,true,0,0,45,348,47,52,249,106,6,15,85,0.375,0,0,0,0,0,1.5862604476688063,0,4.554285714285714,12.207206802721089,
3586,0.5,adaptive-cluster,7,3500,352,529,2619,0.3,0.3,0.3,Clumped-Poisson,5,3,Randomly placed,10.822000000000001,0,0,0,25,45,true,0,0,45,292,31,45,216,75,13,13,49,0.375,0,0,0,0,0,1.5243478486344126,0,2.293333333333333,4.1679407407407405,
3590,0.5,adaptive-cluster,7,3500,336,535,2629,0.3,0.3,0.3,Clumped-Poisson,5,3,Randomly placed,8.664285714285715,0,0,0,25,45,true,0,0,45,194,32,28,134,44,6,6,32,0.375,0,0,0,0,0,1.3874470769852851,0,0.8553846153846155,0.5465767258382646,
3591,0.5,adaptive-cluster,7,3500,324,564,2612,0.3,0.3,0.3,Clumped-Poisson,5,3,Randomly placed,8.983142857142857,0,0,0,25,45,true,0,0,45,414,33,63,318,120,14,14,92,0.375,0,0,0,0,0,1.1858541225631423,0,2.8492307692307692,4.82394792899408,
3589,0.5,adaptive-cluster,7,3500,319,573,2608,0.3,0.3,0.3,Clumped-Poisson,5,3,Randomly placed,10.063714285714285,0,0,0,25,45,true,0,0,45,192,19,34,139,58,4,9,45,0.375,0,0,0,0,0,1.5035629503877892,0,1.7780952380952382,2.0675486394557834,
3592,0.5,adaptive-cluster,7,3500,348,525,2627,0.3,0.3,0.3,Clumped-Poisson,5,3,Randomly placed,8.064857142857143,0,0,0,25,45,true,0,0,45,281,29,49,203,81,11,13,57,0.375,0,0,0,0,0,1.3944333775567925,0,1.366666666666667,1.477638888888888,
3596,0.5,adaptive-cluster,7,3500,361,526,2613,0.3,0.3,0.3,Clumped-Poisson,5,3,Randomly placed,11.975714285714286,0,0,0,25,45,true,0,0,45,267,26,43,198,86,11,16,59,0.375,0,0,0,0,0,1.869469817907963,0,1.7173333333333336,2.7547520000000003,
3594,0.5,adaptive-cluster,7,3500,356,512,2632,0.3,0.3,0.3,Clumped-Poisson,5,3,Randomly placed,7.239714285714285,0,0,0,25,45,true,0,0,45,137,7,19,111,45,2,9,34,0.375,0,0,0,0,0,1.3314380468978917,0,1.7599999999999998,1.6117925925925927,
3597,0.5,adaptive-cluster,7,3500,322,545,2633,0.3,0.3,0.3,Clumped-Poisson,5,3,Randomly placed,8.683142857142856,0,0,0,25,45,true,0,0,45,181,30,27,124,64,9,12,43,0.375,0,0,0,0,0,1.433855465180647,0,2.586666666666667,3.3362074074074095,
3600,0.5,adaptive-cluster,7,3500,345,514,2641,0.3,0.3,0.3,Clumped-Poisson,5,3,Randomly placed,11.404285714285715,0,0,0,25,45,true,0,0,45,208,18,41,149,62,4,17,41,0.375,0,0,0,0,0,1.6324330809234175,0,1.52,1.6568000000000007,
3601,0.5,timed-search,0.01,5,1,0,4,1,1,1,Clumped-Poisson,5,3,Randomly placed,0.9975000000000159,0,0,0,0,0,true,4.5,0,447,0,0,0,0,0,0,0,0,4.511249999999957,528,0,0,0,0,NA,0,0,0,
3595,0.5,adaptive-cluster,7,3500,364,518,2618,0.3,0.3,0.3,Clumped-Poisson,5,3,Randomly placed,9.435142857142859,0,0,0,25,45,true,0,0,45,116,11,20,85,34,3,7,24,0.375,0,0,0,0,0,1.7430150900890318,0,1.32,1.049133333333334,
3593,0.5,adaptive-cluster,7,3500,355,570,2575,0.3,0.3,0.3,Clumped-Poisson,5,3,Randomly placed,8.791714285714287,0,0,0,25,45,true,0,0,45,98,15,19,64,31,6,5,20,0.375,0,0,0,0,0,1.6324330809234178,0,1.3028571428571427,0.9015945578231291,
3599,0.5,adaptive-cluster,7,3500,380,492,2628,0.3,0.3,0.3,Clumped-Poisson,5,3,Randomly placed,7.299714285714286,0,0,0,25,45,true,0,0,45,76,4,10,62,24,1,5,18,0.375,0,0,0,0,0,1.6770509831248424,0,1.0346666666666666,0.6506524444444446,
3598,0.5,adaptive-cluster,7,3500,363,530,2607,0.3,0.3,0.3,Clumped-Poisson,5,3,Randomly placed,9.557428571428572,0,0,0,25,45,true,0,0,45,150,13,29,108,49,4,11,34,0.375,0,0,0,0,0,1.1217319349081307,0,2.7345454545454544,3.3824969696969673,
3603,0.5,timed-search,0.01,5,0,2,3,1,1,1,Clumped-Poisson,5,3,Randomly placed,0.9975000000000397,0,0,0,0,0,true,4.5,0,401,1,0,1,0,1,0,1,0,4.502499999999966,528,0,1,0,0,NA,0.2220988339811233,0,0,
3602,0.5,timed-search,0.01,5,1,0,4,1,1,1,Clumped-Poisson,5,3,Randomly placed,0.9975000000000181,0,0,0,0,0,true,4.5,0,451,0,0,0,0,0,0,0,0,4.511249999999957,528,0,0,0,0,NA,0,0,0,
3605,0.5,timed-search,0.01,5,0,1,4,1,1,1,Clumped-Poisson,5,3,Randomly placed,0.9975000000000466,0,0,0,0,0,true,4.5,0,453,2,0,1,1,2,0,1,1,4.517499999999954,531,2,0,0,0,NA,0.44272274488102276,0,0,
3608,0.5,timed-search,0.01,5,0,1,4,1,1,1,Clumped-Poisson,5,3,Randomly placed,0.9975000000000472,0,0,0,0,0,true,4.5,0,426,1,0,0,1,1,0,0,1,4.507499999999967,529,1,0,0,0,NA,0.22185246810870932,0,0,
3604,0.5,timed-search,0.01,5,0,0,5,1,1,1,Clumped-Poisson,5,3,Randomly placed,0.9975000000000163,0,0,0,0,0,true,4.5,0,441,1,0,0,1,1,0,0,1,4.515624999999956,530,1,0,0,0,NA,0.221453287197234,0,0,
3606,0.5,timed-search,0.01,5,0,0,5,1,1,1,Clumped-Poisson,5,3,Randomly placed,0.9975000000000449,0,0,0,0,0,true,4.5,0,438,3,0,0,3,3,0,0,3,4.511249999999971,532,1,1,1,0,NA,0.665004156275981,0,0,
3610,0.5,timed-search,0.01,5,1,1,3,1,1,1,Clumped-Poisson,5,3,Randomly placed,0.9975000000000219,0,0,0,0,0,true,4.5,0,420,2,1,0,1,2,1,0,1,4.514999999999964,532,1,1,0,0,NA,0.4429678848283535,0,0,
3611,0.5,timed-search,0.01,5,1,1,3,1,1,1,Clumped-Poisson,5,3,Randomly placed,0.9975000000000407,0,0,0,0,0,true,4.5,0,478,0,0,0,0,0,0,0,0,4.511249999999957,528,0,0,0,0,NA,0,0,0,
3607,0.5,timed-search,0.01,5,0,1,4,1,1,1,Clumped-Poisson,5,3,Randomly placed,0.9975000000000172,0,0,0,0,0,true,4.5,0,428,1,0,0,1,1,0,0,1,4.5206249999999555,530,1,0,0,0,NA,0.22120835061523791,0,0,
3613,0.5,timed-search,0.01,5,1,0,4,1,1,1,Clumped-Poisson,5,3,Randomly placed,0.9975000000000556,0,0,0,0,0,true,4.5,0,417,1,1,0,0,1,1,0,0,4.5168749999999545,530,0,0,1,0,NA,0.22139200221392225,0,0,
3612,0.5,timed-search,0.01,5,2,0,3,1,1,1,Clumped-Poisson,5,3,Randomly placed,0.9975000000000203,0,0,0,0,0,true,4.5,0,427,1,0,0,1,1,0,0,1,4.507499999999967,529,1,0,0,0,NA,0.22185246810870932,0,0,
3617,0.5,timed-search,0.01,5,0,0,5,1,1,1,Clumped-Poisson,5,3,Randomly placed,0.9975000000000306,0,0,0,0,0,true,4.5,0,419,1,0,0,1,1,0,0,1,4.516249999999956,530,0,1,0,0,NA,0.22142264046498972,0,0,
3616,0.5,timed-search,0.01,5,0,1,4,1,1,1,Clumped-Poisson,5,3,Randomly placed,0.9975000000000496,0,0,0,0,0,true,4.5,0,438,2,0,1,1,2,0,1,1,4.512499999999958,531,1,0,1,0,NA,0.44321329639889606,0,0,
3614,0.5,timed-search,0.01,5,0,1,4,1,1,1,Clumped-Poisson,5,3,Randomly placed,0.9975000000000345,0,0,0,0,0,true,4.5,0,416,2,0,0,2,2,0,0,2,4.521249999999952,532,0,1,1,0,NA,0.44235554326790627,0,0,
3609,0.5,timed-search,0.01,5,0,0,5,1,1,1,Clumped-Poisson,5,3,Randomly placed,0.9975000000000568,0,0,0,0,0,true,4.5,0,437,0,0,0,0,0,0,0,0,4.508124999999955,528,0,0,0,0,NA,0,0,0,
3619,0.5,timed-search,0.01,5,0,0,5,1,1,1,Clumped-Poisson,5,3,Randomly placed,0.997500000000037,0,0,0,0,0,true,4.5,0,440,1,0,0,1,1,0,0,1,4.5031249999999545,529,1,0,0,0,NA,0.22206800832755255,0,0,
3618,0.5,timed-search,0.01,5,1,1,3,1,1,1,Clumped-Poisson,5,3,Randomly placed,0.9975000000000295,0,0,0,0,0,true,4.5,0,443,1,1,0,0,1,1,0,0,4.512499999999961,530,1,0,0,0,NA,0.2216066481994479,0,0,
3627,0.5,timed-search,0.01,5,0,3,2,1,1,1,Clumped-Poisson,5,3,Randomly placed,0.9975000000000714,0,0,0,0,0,true,4.5,0,451,1,0,1,0,1,0,1,0,4.518749999999954,531,0,0,1,0,NA,0.2213001383125887,0,0,
3615,0.5,timed-search,0.01,5,0,1,4,1,1,1,Clumped-Poisson,5,3,Randomly placed,0.997500000000045,0,0,0,0,0,true,4.5,0,437,1,0,0,1,1,0,0,1,4.502499999999954,529,0,1,0,0,NA,0.22209883398112384,0,0,
3623,0.5,timed-search,0.01,5,1,0,4,1,1,1,Clumped-Poisson,5,3,Randomly placed,0.997500000000037,0,0,0,0,0,true,4.5,0,423,2,1,0,1,2,1,0,1,4.506249999999957,530,0,1,1,0,NA,0.44382801664355487,0,0,
3624,0.5,timed-search,0.01,5,1,1,3,1,1,1,Clumped-Poisson,5,3,Randomly placed,0.997500000000053,0,0,0,0,0,true,4.5,0,434,1,1,0,0,1,1,0,0,4.511874999999948,529,0,1,0,0,NA,0.22163734589278547,0,0,
3622,0.5,timed-search,0.01,5,0,1,4,1,1,1,Clumped-Poisson,5,3,Randomly placed,0.9975000000000629,0,0,0,0,0,true,4.5,0,440,2,0,0,2,2,0,0,2,4.511249999999979,531,1,1,0,0,NA,0.44333610418398656,0,0,
3628,0.5,timed-search,0.01,5,0,0,5,1,1,1,Clumped-Poisson,5,3,Randomly placed,0.9975000000000394,0,0,0,0,0,true,4.5,0,412,1,0,0,1,1,0,0,1,4.5249999999999675,531,0,0,1,0,NA,0.22099447513812315,0,0,
3620,0.5,timed-search,0.01,5,2,0,3,1,1,1,Clumped-Poisson,5,3,Randomly placed,0.9975000000000401,0,0,0,0,0,true,4.5,0,416,0,0,0,0,0,0,0,0,4.511249999999957,528,0,0,0,0,NA,0,0,0,
3626,0.5,timed-search,0.01,5,0,0,5,1,1,1,Clumped-Poisson,5,3,Randomly placed,0.9975000000000527,0,0,0,0,0,true,4.5,0,423,2,0,0,2,2,0,0,2,4.522499999999962,531,1,0,1,0,NA,0.44223327805417734,0,0,
3621,0.5,timed-search,0.01,5,0,1,4,1,1,1,Clumped-Poisson,5,3,Randomly placed,0.9975000000000172,0,0,0,0,0,true,4.5,0,415,1,0,0,1,1,0,0,1,4.5249999999999675,531,0,1,0,0,NA,0.22099447513812315,0,0,
3625,0.5,timed-search,0.01,5,0,1,4,1,1,1,Clumped-Poisson,5,3,Randomly placed,0.9975000000000395,0,0,0,0,0,true,4.5,0,440,1,0,0,1,1,0,0,1,4.502499999999954,529,0,0,1,0,NA,0.22209883398112384,0,0,
3629,0.5,timed-search,0.01,5,1,2,2,1,1,1,Clumped-Poisson,5,3,Randomly placed,0.9975000000000527,0,0,0,0,0,true,4.5,0,447,1,0,1,0,1,0,1,0,4.504374999999955,529,1,0,0,0,NA,0.22200638268350437,0,0,
3630,0.5,timed-search,0.01,5,1,0,4,1,1,1,Clumped-Poisson,5,3,Randomly placed,0.9975000000000657,0,0,0,0,0,true,4.5,0,422,1,0,0,1,1,0,0,1,4.503124999999968,529,0,1,0,0,NA,0.22206800832755189,0,0,
3633,0.5,timed-search,0.01,5,0,0,5,1,1,1,Clumped-Poisson,5,3,Randomly placed,0.9975000000000277,0,0,0,0,0,true,4.5,0,463,1,0,0,1,1,0,0,1,4.511249999999957,528,0,1,0,0,NA,0.22166805209199436,0,0,
3631,0.5,timed-search,0.01,5,0,1,4,1,1,1,Clumped-Poisson,5,3,Randomly placed,0.9975000000000246,0,0,0,0,0,true,4.5,0,416,0,0,0,0,0,0,0,0,4.512499999999957,528,0,0,0,0,NA,0,0,0,
3639,0.5,timed-search,0.01,5,0,0,5,1,1,1,Clumped-Poisson,5,3,Randomly placed,0.9975000000000367,0,0,0,0,0,true,4.5,0,438,2,0,0,2,2,0,0,2,4.509999999999959,531,0,1,1,0,NA,0.4434589800443499,0,0,
3638,0.5,timed-search,0.01,5,1,0,4,1,1,1,Clumped-Poisson,5,3,Randomly placed,0.9975000000000438,0,0,0,0,0,true,4.5,0,450,0,0,0,0,0,0,0,0,4.512499999999957,528,0,0,0,0,NA,0,0,0,
3634,0.5,timed-search,0.01,5,0,1,4,1,1,1,Clumped-Poisson,5,3,Randomly placed,0.9975000000000234,0,0,0,0,0,true,4.5,0,435,1,0,0,1,1,0,0,1,4.516249999999955,530,0,1,0,0,NA,0.22142264046498975,0,0,
3636,0.5,timed-search,0.01,5,0,2,3,1,1,1,Clumped-Poisson,5,3,Randomly placed,0.9975000000000487,0,0,0,0,0,true,4.5,0,454,2,0,2,0,2,0,2,0,4.503749999999968,529,1,0,1,0,NA,0.44407438245906505,0,0,
3635,0.5,timed-search,0.01,5,1,0,4,1,1,1,Clumped-Poisson,5,3,Randomly placed,1.3975000000000206,0,0,0,0,0,true,4.5,0,457,0,0,0,0,0,0,0,0,4.506249999999956,528,0,0,0,0,NA,0,0,0,
3637,0.5,timed-search,0.01,5,0,0,5,1,1,1,Clumped-Poisson,5,3,Randomly placed,0.9975000000000505,0,0,0,0,0,true,4.5,0,408,0,0,0,0,0,0,0,0,4.506249999999956,528,0,0,0,0,NA,0,0,0,
3641,0.5,timed-search,0.01,5,2,1,2,1,1,1,Clumped-Poisson,5,3,Randomly placed,0.9975000000000305,0,0,0,0,0,true,4.5,0,420,2,1,0,1,2,1,0,1,4.515624999999968,530,1,1,0,0,NA,0.4429065743944668,0,0,
3643,0.5,timed-search,0.01,5,0,0,5,1,1,1,Clumped-Poisson,5,3,Randomly placed,0.9975000000000712,0,0,0,0,0,true,4.5,0,455,0,0,0,0,0,0,0,0,4.511249999999957,528,0,0,0,0,NA,0,0,0,
3645,0.5,timed-search,0.01,5,1,1,3,1,1,1,Clumped-Poisson,5,3,Randomly placed,0.9975000000000191,0,0,0,0,0,true,4.5,0,456,0,0,0,0,0,0,0,0,4.512499999999957,528,0,0,0,0,NA,0,0,0,
3646,0.5,timed-search,0.01,5,1,1,3,1,1,1,Clumped-Poisson,5,3,Randomly placed,0.9975000000000412,0,0,0,0,0,true,4.5,0,417,3,1,1,1,3,1,1,1,4.524374999999962,532,2,0,1,0,NA,0.6630750103605526,0,0,
3651,0.5,timed-search,0.01,5,0,1,4,1,1,1,Clumped-Poisson,5,3,Randomly placed,0.9975000000000471,0,0,0,0,0,true,4.5,0,426,1,0,0,1,1,0,0,1,4.508124999999955,529,1,0,0,0,NA,0.22182171079994675,0,0,
3642,0.5,timed-search,0.01,5,0,1,4,1,1,1,Clumped-Poisson,5,3,Randomly placed,0.9975000000000386,0,0,0,0,0,true,4.5,0,450,2,0,0,2,2,0,0,2,4.501249999999962,529,2,0,0,0,NA,0.44432102193835427,0,0,
3647,0.5,timed-search,0.01,5,1,0,4,1,1,1,Clumped-Poisson,5,3,Randomly placed,0.9975000000000227,0,0,0,0,0,true,4.5,0,434,2,0,0,2,2,0,0,2,4.506249999999972,530,1,0,1,0,NA,0.44382801664355337,0,0,
3652,0.5,timed-search,0.01,5,1,3,1,1,1,1,Clumped-Poisson,5,3,Randomly placed,0.9975000000000493,0,0,0,0,0,true,4.5,0,440,0,0,0,0,0,0,0,0,4.508124999999956,528,0,0,0,0,NA,0,0,0,
3640,0.5,timed-search,0.01,5,2,0,3,1,1,1,Clumped-Poisson,5,3,Randomly placed,0.9975000000000303,0,0,0,0,0,true,4.5,0,458,2,1,0,1,2,1,0,1,4.523749999999968,531,0,2,0,0,NA,0.4421110804089559,0,0,
3644,0.5,timed-search,0.01,5,1,0,4,1,1,1,Clumped-Poisson,5,3,Randomly placed,0.9975000000000435,0,0,0,0,0,true,4.5,0,448,1,0,0,1,1,0,0,1,4.519374999999954,531,0,0,1,0,NA,0.22126953395104637,0,0,
3648,0.5,timed-search,0.01,5,1,2,2,1,1,1,Clumped-Poisson,5,3,Randomly placed,0.9975000000000517,0,0,0,0,0,true,4.5,0,437,2,0,1,1,2,0,1,1,4.523124999999955,531,0,0,2,0,NA,0.4421721707890054,0,0,
3654,0.5,timed-search,0.01,5,1,2,2,1,1,1,Clumped-Poisson,5,3,Randomly placed,0.9975000000000787,0,0,0,0,0,true,4.5,0,420,2,0,1,1,2,0,1,1,4.512499999999955,530,0,0,2,0,NA,0.4432132963988964,0,0,
3649,0.5,timed-search,0.01,5,0,3,2,1,1,1,Clumped-Poisson,5,3,Randomly placed,0.9975000000000213,0,0,0,0,0,true,4.5,0,450,1,0,0,1,1,0,0,1,4.506249999999956,528,0,0,1,0,NA,0.22191400832177746,0,0,
3655,0.5,timed-search,0.01,5,0,0,5,1,1,1,Clumped-Poisson,5,3,Randomly placed,0.9975000000000502,0,0,0,0,0,true,4.5,0,427,1,0,0,1,1,0,0,1,4.520624999999955,531,1,0,0,0,NA,0.22120835061523794,0,0,
3632,0.5,timed-search,0.01,5,1,1,3,1,1,1,Clumped-Poisson,5,3,Randomly placed,0.9975000000000441,0,0,0,0,0,true,4.5,0,456,1,0,0,1,1,0,0,1,4.507499999999954,529,1,0,0,0,NA,0.22185246810870995,0,0,
3653,0.5,timed-search,0.01,5,0,1,4,1,1,1,Clumped-Poisson,5,3,Randomly placed,0.9975000000000472,0,0,0,0,0,true,4.5,0,417,3,0,0,3,3,0,0,3,4.511249999999984,532,0,1,2,0,NA,0.665004156275979,0,0,
3650,0.5,timed-search,0.01,5,0,0,5,1,1,1,Clumped-Poisson,5,3,Randomly placed,0.9975000000000681,0,0,0,0,0,true,4.5,0,417,2,0,0,2,2,0,0,2,4.521874999999947,531,1,0,1,0,NA,0.44229440221147714,0,0,
3657,0.5,timed-search,0.01,5,0,0,5,1,1,1,Clumped-Poisson,5,3,Randomly placed,0.9975000000000472,0,0,0,0,0,true,4.5,0,437,1,0,0,1,1,0,0,1,4.5024999999999675,529,1,0,0,0,NA,0.2220988339811232,0,0,
3656,0.5,timed-search,0.01,5,1,1,3,1,1,1,Clumped-Poisson,5,3,Randomly placed,0.9975000000000199,0,0,0,0,0,true,4.5,0,433,1,0,0,1,1,0,0,1,4.507499999999954,529,1,0,0,0,NA,0.22185246810870995,0,0,
3658,0.5,timed-search,0.01,5,1,1,3,1,1,1,Clumped-Poisson,5,3,Randomly placed,0.9975000000000457,0,0,0,0,0,true,4.5,0,447,0,0,0,0,0,0,0,0,4.508124999999956,528,0,0,0,0,NA,0,0,0,
3660,0.5,timed-search,0.01,5,0,1,4,1,1,1,Clumped-Poisson,5,3,Randomly placed,0.9975000000000598,0,0,0,0,0,true,4.5,0,416,1,0,0,1,1,0,0,1,4.515624999999955,530,0,1,0,0,NA,0.22145328719723406,0,0,
3664,0.5,timed-search,0.01,5,0,1,4,1,1,1,Clumped-Poisson,5,3,Randomly placed,0.9975000000000355,0,0,0,0,0,true,4.5,0,436,2,0,1,1,2,0,1,1,4.512499999999954,531,1,0,1,0,NA,0.4432132963988965,0,0,
3659,0.5,timed-search,0.01,5,1,1,3,1,1,1,Clumped-Poisson,5,3,Randomly placed,0.9975000000000322,0,0,0,0,0,true,4.5,0,430,1,0,1,0,1,0,1,0,4.507499999999962,529,0,1,0,0,NA,0.22185246810870957,0,0,
3669,0.5,timed-search,0.01,5,1,1,3,1,1,1,Clumped-Poisson,5,3,Randomly placed,0.9975000000000657,0,0,0,0,0,true,4.5,0,416,1,1,0,0,1,1,0,0,4.516249999999955,530,0,0,1,0,NA,0.22142264046498975,0,0,
3663,0.5,timed-search,0.01,5,0,1,4,1,1,1,Clumped-Poisson,5,3,Randomly placed,0.9975000000000435,0,0,0,0,0,true,4.5,0,390,2,0,0,2,2,0,0,2,4.503749999999968,529,1,0,1,0,NA,0.44407438245906505,0,0,
3662,0.5,timed-search,0.01,5,1,1,3,1,1,1,Clumped-Poisson,5,3,Randomly placed,0.9975000000000277,0,0,0,0,0,true,4.5,0,443,1,0,1,0,1,0,1,0,4.511874999999963,529,0,1,0,0,NA,0.22163734589278472,0,0,
3668,0.5,timed-search,0.01,5,0,1,4,1,1,1,Clumped-Poisson,5,3,Randomly placed,0.9975000000000154,0,0,0,0,0,true,4.5,0,438,2,0,0,2,2,0,0,2,4.516249999999966,532,1,0,1,0,NA,0.44284528092997844,0,0,
3665,0.5,timed-search,0.01,5,1,1,3,1,1,1,Clumped-Poisson,5,3,Randomly placed,0.997500000000029,0,0,0,0,0,true,4.5,0,465,1,0,0,1,1,0,0,1,4.511249999999968,530,0,0,1,0,NA,0.22166805209199383,0,0,
3661,0.5,timed-search,0.01,5,0,2,3,1,1,1,Clumped-Poisson,5,3,Randomly placed,0.9975000000000401,0,0,0,0,0,true,4.5,0,422,0,0,0,0,0,0,0,0,4.508124999999956,528,0,0,0,0,NA,0,0,0,
3672,0.5,timed-search,0.01,5,0,3,2,1,1,1,Clumped-Poisson,5,3,Randomly placed,0.9975000000000225,0,0,0,0,0,true,4.5,0,436,3,0,1,2,3,0,1,2,4.506874999999965,531,0,1,2,0,NA,0.6656497018444095,0,0,
3675,0.5,timed-search,0.01,5,0,0,5,1,1,1,Clumped-Poisson,5,3,Randomly placed,0.9975000000000249,0,0,0,0,0,true,4.5,0,433,2,0,0,2,2,0,0,2,4.515624999999958,532,0,0,2,0,NA,0.4429065743944678,0,0,
3673,0.5,timed-search,0.01,5,0,0,5,1,1,1,Clumped-Poisson,5,3,Randomly placed,0.9975000000000511,0,0,0,0,0,true,4.5,0,400,2,0,0,2,2,0,0,2,4.521874999999949,531,1,1,0,0,NA,0.442294402211477,0,0,
3666,0.5,timed-search,0.01,5,0,1,4,1,1,1,Clumped-Poisson,5,3,Randomly placed,0.997500000000044,0,0,0,0,0,true,4.5,0,440,0,0,0,0,0,0,0,0,4.508124999999955,528,0,0,0,0,NA,0,0,0,
3679,0.5,timed-search,0.01,5,0,1,4,1,1,1,Clumped-Poisson,5,3,Randomly placed,0.9975000000000409,0,0,0,0,0,true,4.5,0,452,1,0,1,0,1,0,1,0,4.51937499999996,531,0,0,1,0,NA,0.22126953395104607,0,0,
3678,0.5,timed-search,0.01,5,1,1,3,1,1,1,Clumped-Poisson,5,3,Randomly placed,0.9975000000000445,0,0,0,0,0,true,4.5,0,377,2,0,1,1,2,0,1,1,4.506874999999955,530,0,0,2,0,NA,0.44376646789627405,0,0,
3674,0.5,timed-search,0.01,5,1,0,4,1,1,1,Clumped-Poisson,5,3,Randomly placed,0.9975000000000136,0,0,0,0,0,true,4.5,0,449,0,0,0,0,0,0,0,0,4.508124999999955,528,0,0,0,0,NA,0,0,0,
3680,0.5,timed-search,0.01,5,1,2,2,1,1,1,Clumped-Poisson,5,3,Randomly placed,0.9975000000000444,0,0,0,0,0,true,4.5,0,420,3,1,0,2,3,1,0,2,4.508124999999986,532,1,1,1,0,NA,0.6654651323998356,0,0,
3667,0.5,timed-search,0.01,5,0,0,5,1,1,1,Clumped-Poisson,5,3,Randomly placed,0.9975000000000354,0,0,0,0,0,true,4.5,0,465,1,0,0,1,1,0,0,1,4.503749999999964,528,1,0,0,0,NA,0.22203719122953272,0,0,
3671,0.5,timed-search,0.01,5,0,0,5,1,1,1,Clumped-Poisson,5,3,Randomly placed,0.997500000000049,0,0,0,0,0,true,4.5,0,433,0,0,0,0,0,0,0,0,4.508124999999956,528,0,0,0,0,NA,0,0,0,
3681,0.5,timed-search,0.01,5,0,2,3,1,1,1,Clumped-Poisson,5,3,Randomly placed,0.9975000000000299,0,0,0,0,0,true,4.5,0,434,2,0,1,1,2,0,1,1,4.511249999999979,531,0,0,2,0,NA,0.44333610418398656,0,0,
3676,0.5,timed-search,0.01,5,0,1,4,1,1,1,Clumped-Poisson,5,3,Randomly placed,0.9975000000000416,0,0,0,0,0,true,4.5,0,454,0,0,0,0,0,0,0,0,4.508124999999956,528,0,0,0,0,NA,0,0,0,
3684,0.5,timed-search,0.01,5,0,1,4,1,1,1,Clumped-Poisson,5,3,Randomly placed,0.9975000000000447,0,0,0,0,0,true,4.5,0,445,1,0,0,1,1,0,0,1,4.524999999999953,531,0,0,1,0,NA,0.22099447513812384,0,0,
3677,0.5,timed-search,0.01,5,0,0,5,1,1,1,Clumped-Poisson,5,3,Randomly placed,0.9975000000000674,0,0,0,0,0,true,4.5,0,444,3,0,0,3,3,0,0,3,4.501249999999978,530,1,2,0,0,NA,0.6664815329075289,0,0,
3683,0.5,timed-search,0.01,5,0,0,5,1,1,1,Clumped-Poisson,5,3,Randomly placed,0.9975000000000376,0,0,0,0,0,true,4.5,0,424,2,0,0,2,2,0,0,2,4.500624999999959,530,1,0,1,0,NA,0.4443827246215844,0,0,
3670,0.5,timed-search,0.01,5,0,0,5,1,1,1,Clumped-Poisson,5,3,Randomly placed,0.9975000000000249,0,0,0,0,0,true,4.5,0,421,3,0,0,3,3,0,0,3,4.511874999999977,533,1,0,2,0,NA,0.6649120376783523,0,0,
3682,0.5,timed-search,0.01,5,2,0,3,1,1,1,Clumped-Poisson,5,3,Randomly placed,0.997500000000065,0,0,0,0,0,true,4.5,0,444,0,0,0,0,0,0,0,0,4.508124999999955,528,0,0,0,0,NA,0,0,0,
3687,0.5,timed-search,0.01,5,0,2,3,1,1,1,Clumped-Poisson,5,3,Randomly placed,0.9975000000000579,0,0,0,0,0,true,4.5,0,445,0,0,0,0,0,0,0,0,4.511249999999957,528,0,0,0,0,NA,0,0,0,
3700,0.5,timed-search,0.01,5,1,0,4,1,1,1,Clumped-Poisson,5,3,Randomly placed,0.9975000000000397,0,0,0,0,0,true,4.5,0,439,0,0,0,0,0,0,0,0,4.511249999999957,528,0,0,0,0,NA,0,0,0,
3694,0.5,timed-search,0.01,5,0,2,3,1,1,1,Clumped-Poisson,5,3,Randomly placed,0.9975000000000203,0,0,0,0,0,true,4.5,0,390,0,0,0,0,0,0,0,0,4.512499999999957,528,0,0,0,0,NA,0,0,0,
3685,0.5,timed-search,0.01,5,0,1,4,1,1,1,Clumped-Poisson,5,3,Randomly placed,0.9975000000000274,0,0,0,0,0,true,4.5,0,455,0,0,0,0,0,0,0,0,4.506249999999956,528,0,0,0,0,NA,0,0,0,
3697,0.5,timed-search,0.01,5,1,2,2,1,1,1,Clumped-Poisson,5,3,Randomly placed,0.9975000000000299,0,0,0,0,0,true,4.5,0,454,0,0,0,0,0,0,0,0,4.512499999999957,528,0,0,0,0,NA,0,0,0,
3695,0.5,timed-search,0.01,5,0,0,5,1,1,1,Clumped-Poisson,5,3,Randomly placed,0.9975000000000334,0,0,0,0,0,true,4.5,0,452,1,0,0,1,1,0,0,1,4.501249999999967,528,0,1,0,0,NA,0.22216051096917686,0,0,
3689,0.5,timed-search,0.01,5,1,0,4,1,1,1,Clumped-Poisson,5,3,Randomly placed,0.9975000000000338,0,0,0,0,0,true,4.5,0,406,0,0,0,0,0,0,0,0,4.506249999999956,528,0,0,0,0,NA,0,0,0,
3691,0.5,timed-search,0.01,5,0,0,5,1,1,1,Clumped-Poisson,5,3,Randomly placed,0.9975000000000369,0,0,0,0,0,true,4.5,0,432,1,0,0,1,1,0,0,1,4.502499999999961,528,0,0,1,0,NA,0.2220988339811235,0,0,
3696,0.5,timed-search,0.01,5,1,1,3,1,1,1,Clumped-Poisson,5,3,Randomly placed,0.997500000000045,0,0,0,0,0,true,4.5,0,442,5,1,1,3,5,1,1,3,4.521249999999977,534,1,4,0,0,NA,1.1058888581697595,0,0,
3686,0.5,timed-search,0.01,5,1,1,3,1,1,1,Clumped-Poisson,5,3,Randomly placed,0.9975000000000357,0,0,0,0,0,true,4.5,0,429,2,0,1,1,2,0,1,1,4.521249999999972,532,1,0,1,0,NA,0.4423555432679043,0,0,
3690,0.5,timed-search,0.01,5,0,1,4,1,1,1,Clumped-Poisson,5,3,Randomly placed,0.9975000000000213,0,0,0,0,0,true,4.5,0,415,1,0,1,0,1,0,1,0,4.508124999999963,529,1,0,0,0,NA,0.22182171079994634,0,0,
3692,0.5,timed-search,0.01,5,2,0,3,1,1,1,Clumped-Poisson,5,3,Randomly placed,0.9975000000000339,0,0,0,0,0,true,4.5,0,437,1,0,0,1,1,0,0,1,4.520624999999971,531,0,0,1,0,NA,0.22120835061523716,0,0,
3693,0.5,timed-search,0.01,5,0,0,5,1,1,1,Clumped-Poisson,5,3,Randomly placed,0.9975000000000505,0,0,0,0,0,true,4.5,0,415,1,0,0,1,1,0,0,1,4.50437499999997,529,0,1,0,0,NA,0.22200638268350362,0,0,
3688,0.5,timed-search,0.01,5,0,1,4,1,1,1,Clumped-Poisson,5,3,Randomly placed,0.9975000000000129,0,0,0,0,0,true,4.5,0,415,1,0,0,1,1,0,0,1,4.515624999999965,530,0,1,0,0,NA,0.22145328719723353,0,0,
3698,0.5,timed-search,0.01,5,2,1,2,1,1,1,Clumped-Poisson,5,3,Randomly placed,0.9975000000000318,0,0,0,0,0,true,4.5,0,407,3,1,1,1,3,1,1,1,4.507499999999956,531,0,2,1,0,NA,0.6655574043261296,0,0,
3703,0.5,timed-search,0.1,50,5,5,40,1,1,1,Clumped-Poisson,5,3,Randomly placed,1.1749999999999827,0,0,0,0,0,true,4.5,0,410,10,0,1,9,10,0,1,9,4.521874999999958,533,1,6,3,0,NA,2.2114720110573804,0,0,
3699,0.5,timed-search,0.01,5,0,0,5,1,1,1,Clumped-Poisson,5,3,Randomly placed,0.9975000000000628,0,0,0,0,0,true,4.5,0,411,0,0,0,0,0,0,0,0,4.511249999999957,528,0,0,0,0,NA,0,0,0,
3702,0.5,timed-search,0.1,50,3,9,38,1,1,1,Clumped-Poisson,5,3,Randomly placed,1.0549999999999822,0,0,0,0,0,true,4.5,0,426,16,1,3,12,16,1,3,12,4.511874999999983,534,8,8,0,0,NA,3.5461975342845404,0,0,
3705,0.5,timed-search,0.1,50,8,8,34,1,1,1,Clumped-Poisson,5,3,Randomly placed,1.1749999999999827,0,0,0,0,0,true,4.5,0,430,16,2,3,11,16,2,3,11,4.521874999999996,538,2,4,10,0,NA,3.538355217691779,0,0,
3704,0.5,timed-search,0.1,50,1,5,44,1,1,1,Clumped-Poisson,5,3,Randomly placed,1.054999999999982,0,0,0,0,0,true,4.5,0,385,19,0,3,16,19,0,3,16,4.516874999999996,537,4,9,6,0,NA,4.206448042064484,0,0,
3706,0.5,timed-search,0.1,50,3,9,38,1,1,1,Clumped-Poisson,5,3,Randomly placed,1.1349999999999845,0,0,0,0,0,true,4.5,0,386,17,1,5,11,17,1,5,11,4.520624999999997,538,2,10,5,0,NA,3.7605419604590096,0,0,
3701,0.5,timed-search,0.1,50,4,4,42,1,1,1,Clumped-Poisson,5,3,Randomly placed,1.0549999999999826,0,0,0,0,0,true,4.5,0,436,21,1,2,18,21,1,2,18,4.51187499999997,535,8,6,7,0,NA,4.654384263748473,0,0,
3709,0.5,timed-search,0.1,50,7,4,39,1,1,1,Clumped-Poisson,5,3,Randomly placed,1.0949999999999809,0,0,0,0,0,true,4.5,0,383,12,2,1,9,12,2,1,9,4.500624999999983,535,2,4,6,0,NA,2.6662963477294923,0,0,
3710,0.5,timed-search,0.1,50,2,8,40,1,1,1,Clumped-Poisson,5,3,Randomly placed,1.1749999999999876,0,0,0,0,0,true,4.5,0,431,11,1,2,8,11,1,2,8,4.503749999999972,533,5,4,2,0,NA,2.442409103524856,0,0,
3716,0.5,timed-search,0.1,50,3,5,42,1,1,1,Clumped-Poisson,5,3,Randomly placed,1.054999999999983,0,0,0,0,0,true,4.5,0,418,10,1,3,6,10,1,3,6,4.50062499999997,532,1,2,7,0,NA,2.2219136231079166,0,0,
3707,0.5,timed-search,0.1,50,2,10,38,1,1,1,Clumped-Poisson,5,3,Randomly placed,1.0549999999999828,0,0,0,0,0,true,4.5,0,387,12,1,1,10,12,1,1,10,4.523749999999994,537,8,3,1,0,NA,2.6526664824537196,0,0,
3713,0.5,timed-search,0.1,50,2,6,42,1,1,1,Clumped-Poisson,5,3,Randomly placed,1.0149999999999797,0,0,0,0,0,true,4.5,0,404,9,0,0,9,9,0,0,9,4.510624999999956,532,5,3,1,0,NA,1.9952889012055066,0,0,
3714,0.5,timed-search,0.1,50,5,12,33,1,1,1,Clumped-Poisson,5,3,Randomly placed,1.1349999999999811,0,0,0,0,0,true,4.5,0,417,10,2,6,2,10,2,6,2,4.521249999999979,537,5,3,2,0,NA,2.211777716339518,0,0,
3708,0.5,timed-search,0.1,50,2,10,38,1,1,1,Clumped-Poisson,5,3,Randomly placed,1.0949999999999807,0,0,0,0,0,true,4.5,0,418,15,0,3,12,15,0,3,12,4.5031249999999865,533,4,6,5,0,NA,3.3310201249132647,0,0,
3720,0.5,timed-search,0.1,50,5,3,42,1,1,1,Clumped-Poisson,5,3,Randomly placed,1.0149999999999864,0,0,0,0,0,true,4.5,0,386,19,1,0,18,19,1,0,18,4.520624999999975,534,6,10,3,0,NA,4.202958661689502,0,0,
3712,0.5,timed-search,0.1,50,3,9,38,1,1,1,Clumped-Poisson,5,3,Randomly placed,1.1749999999999816,0,0,0,0,0,true,4.5,0,410,16,0,3,13,16,0,3,13,4.509999999999971,534,7,5,4,0,NA,3.5476718403547896,0,0,
3719,0.5,timed-search,0.1,50,5,4,41,1,1,1,Clumped-Poisson,5,3,Randomly placed,0.9749999999999873,0,0,0,0,0,true,4.5,0,414,11,0,1,10,11,0,1,10,4.508124999999963,533,0,6,5,0,NA,2.44003881879941,0,0,
3711,0.5,timed-search,0.1,50,9,2,39,1,1,1,Clumped-Poisson,5,3,Randomly placed,1.0549999999999833,0,0,0,0,0,true,4.5,0,436,13,4,1,8,13,4,1,8,4.5099999999999705,534,2,3,8,0,NA,2.8824833702882673,0,0,
3725,0.5,timed-search,0.1,50,5,9,36,1,1,1,Clumped-Poisson,5,3,Randomly placed,1.094999999999981,0,0,0,0,0,true,4.5,0,382,27,3,5,19,27,3,5,19,4.512499999999946,532,16,4,7,0,NA,5.983379501385113,0,0,
3730,0.5,timed-search,0.1,50,6,7,37,1,1,1,Clumped-Poisson,5,3,Randomly placed,1.2549999999999812,0,0,0,0,0,true,4.5,0,437,9,0,3,6,9,0,3,6,4.511249999999982,534,5,3,1,0,NA,1.9950124688279383,0,0,
3718,0.5,timed-search,0.1,50,5,5,40,1,1,1,Clumped-Poisson,5,3,Randomly placed,1.0949999999999829,0,0,0,0,0,true,4.5,0,435,21,3,1,17,21,3,1,17,4.519999999999992,537,12,5,4,0,NA,4.646017699115053,0,0,
3732,0.5,timed-search,0.1,50,6,9,35,1,1,1,Clumped-Poisson,5,3,Randomly placed,1.1349999999999845,0,0,0,0,0,true,4.5,0,444,16,4,4,8,16,4,4,8,4.506874999999965,534,6,3,7,0,NA,3.550131743170184,0,0,
3723,0.5,timed-search,0.1,50,4,9,37,1,1,1,Clumped-Poisson,5,3,Randomly placed,1.1349999999999805,0,0,0,0,0,true,4.5,0,395,14,0,2,12,14,0,2,12,4.502499999999975,534,2,5,7,0,NA,3.10938367573572,0,0,
3728,0.5,timed-search,0.1,50,6,5,39,1,1,1,Clumped-Poisson,5,3,Randomly placed,1.094999999999984,0,0,0,0,0,true,4.5,0,361,18,2,0,16,18,2,0,16,4.516250000000004,538,6,7,5,0,NA,3.9856075283697723,0,0,
3715,0.5,timed-search,0.1,50,1,7,42,1,1,1,Clumped-Poisson,5,3,Randomly placed,1.0949999999999842,0,0,0,0,0,true,4.5,0,383,11,0,1,10,11,0,1,10,4.5068749999999715,533,7,1,3,0,NA,2.440715573429498,0,0,
3729,0.5,timed-search,0.1,50,5,7,38,1,1,1,Clumped-Poisson,5,3,Randomly placed,1.0549999999999826,0,0,0,0,0,true,4.5,0,388,13,3,1,9,13,3,1,9,4.517499999999996,538,3,4,6,0,NA,2.8776978417266217,0,0,
3721,0.5,timed-search,0.1,50,6,9,35,1,1,1,Clumped-Poisson,5,3,Randomly placed,1.3749999999999853,0,0,0,0,0,true,4.5,0,436,15,4,2,9,15,4,2,9,4.504999999999957,532,1,10,4,0,NA,3.3296337402886,0,0,
3724,0.5,timed-search,0.1,50,6,4,40,1,1,1,Clumped-Poisson,5,3,Randomly placed,1.054999999999985,0,0,0,0,0,true,4.5,0,362,16,2,2,12,16,2,2,12,4.508124999999989,536,6,8,2,0,NA,3.5491473727991214,0,0,
3717,0.5,timed-search,0.1,50,8,10,32,1,1,1,Clumped-Poisson,5,3,Randomly placed,1.054999999999983,0,0,0,0,0,true,4.5,0,423,9,1,2,6,9,1,2,6,4.516249999999962,532,2,4,3,0,NA,1.9928037641849046,0,0,
3734,0.5,timed-search,0.1,50,4,10,36,1,1,1,Clumped-Poisson,5,3,Randomly placed,1.094999999999982,0,0,0,0,0,true,4.5,0,359,22,1,3,18,22,1,3,18,4.52249999999999,537,14,5,3,0,NA,4.86456605859592,0,0,
3731,0.5,timed-search,0.1,50,2,5,43,1,1,1,Clumped-Poisson,5,3,Randomly placed,1.014999999999983,0,0,0,0,0,true,4.5,0,407,14,0,2,12,14,0,2,12,4.51124999999997,534,4,9,1,0,NA,3.103352729287912,0,0,
3726,0.5,timed-search,0.1,50,4,6,40,1,1,1,Clumped-Poisson,5,3,Randomly placed,1.1749999999999845,0,0,0,0,0,true,4.5,0,409,12,2,0,10,12,2,0,10,4.506874999999989,533,5,1,6,0,NA,2.662598807377624,0,0,
3736,0.5,timed-search,0.1,50,4,10,36,1,1,1,Clumped-Poisson,5,3,Randomly placed,1.2149999999999872,0,0,0,0,0,true,4.5,0,412,14,0,3,11,14,0,3,11,4.509999999999979,537,5,5,4,0,NA,3.1042128603104353,0,0,
3727,0.5,timed-search,0.1,50,2,10,38,1,1,1,Clumped-Poisson,5,3,Randomly placed,1.2149999999999859,0,0,0,0,0,true,4.5,0,412,20,1,5,14,20,1,5,14,4.510624999999976,533,5,3,12,0,NA,4.4339753360122165,0,0,
3738,0.5,timed-search,0.1,50,4,3,43,1,1,1,Clumped-Poisson,5,3,Randomly placed,1.054999999999982,0,0,0,0,0,true,4.5,0,425,12,1,0,11,12,1,0,11,4.5031249999999785,535,6,3,3,0,NA,2.6648160999306163,0,0,
3722,0.5,timed-search,0.1,50,3,11,36,1,1,1,Clumped-Poisson,5,3,Randomly placed,1.0149999999999837,0,0,0,0,0,true,4.5,0,402,13,1,4,8,13,1,4,8,4.501249999999982,534,6,5,2,0,NA,2.8880866425992897,0,0,
3742,0.5,timed-search,0.1,50,5,6,39,1,1,1,Clumped-Poisson,5,3,Randomly placed,1.0549999999999828,0,0,0,0,0,true,4.5,0,407,19,2,1,16,19,2,1,16,4.502499999999992,537,4,12,3,0,NA,4.219877845641317,0,0,
3737,0.5,timed-search,0.1,50,6,5,39,1,1,1,Clumped-Poisson,5,3,Randomly placed,1.0149999999999872,0,0,0,0,0,true,4.5,0,417,20,2,0,18,20,2,0,18,4.512499999999984,536,7,10,3,0,NA,4.432132963988935,0,0,
3735,0.5,timed-search,0.1,50,5,8,37,1,1,1,Clumped-Poisson,5,3,Randomly placed,1.3349999999999802,0,0,0,0,0,true,4.5,0,381,24,0,5,19,24,0,5,19,4.514374999999976,536,12,7,5,0,NA,5.316350546864212,0,0,
3733,0.5,timed-search,0.1,50,7,9,34,1,1,1,Clumped-Poisson,5,3,Randomly placed,1.2549999999999806,0,0,0,0,0,true,4.5,0,416,10,1,2,7,10,1,2,7,4.518124999999972,534,6,2,2,0,NA,2.213307511412381,0,0,
3739,0.5,timed-search,0.1,50,9,7,34,1,1,1,Clumped-Poisson,5,3,Randomly placed,1.054999999999984,0,0,0,0,0,true,4.5,0,414,15,2,3,10,15,2,3,10,4.514374999999989,535,3,10,2,0,NA,3.3227190917901233,0,0,
3744,0.5,timed-search,0.1,50,7,8,35,1,1,1,Clumped-Poisson,5,3,Randomly placed,1.0549999999999842,0,0,0,0,0,true,4.5,0,411,19,3,4,12,19,3,4,12,4.5249999999999835,539,6,8,5,0,NA,4.198895027624324,0,0,
3740,0.5,timed-search,0.1,50,6,7,37,1,1,1,Clumped-Poisson,5,3,Randomly placed,1.134999999999982,0,0,0,0,0,true,4.5,0,402,10,1,1,8,10,1,1,8,4.516249999999979,536,4,5,1,0,NA,2.2142264046498856,0,0,
3743,0.5,timed-search,0.1,50,5,5,40,1,1,1,Clumped-Poisson,5,3,Randomly placed,1.0949999999999809,0,0,0,0,0,true,4.5,0,404,21,3,1,17,21,3,1,17,4.501249999999994,536,9,10,2,0,NA,4.665370730352685,0,0,
3746,0.5,timed-search,0.1,50,4,7,39,1,1,1,Clumped-Poisson,5,3,Randomly placed,1.1349999999999811,0,0,0,0,0,true,4.5,0,370,20,3,3,14,20,3,3,14,4.519374999999999,539,5,4,11,0,NA,4.425390679020883,0,0,
3749,0.5,timed-search,0.1,50,2,9,39,1,1,1,Clumped-Poisson,5,3,Randomly placed,1.1349999999999845,0,0,0,0,0,true,4.5,0,417,11,0,4,7,11,0,4,7,4.5024999999999515,531,4,5,2,0,NA,2.443087173792364,0,0,
3747,0.5,timed-search,0.1,50,7,9,34,1,1,1,Clumped-Poisson,5,3,Randomly placed,1.174999999999982,0,0,0,0,0,true,4.5,0,403,24,0,4,20,24,0,4,20,4.51624999999999,538,14,4,6,0,NA,5.314143371159713,0,0,
3750,0.5,timed-search,0.1,50,6,7,37,1,1,1,Clumped-Poisson,5,3,Randomly placed,1.0549999999999817,0,0,0,0,0,true,4.5,0,418,16,2,3,11,16,2,3,11,4.5249999999999755,538,6,7,3,0,NA,3.5359116022099637,0,0,
3748,0.5,timed-search,0.1,50,1,9,40,1,1,1,Clumped-Poisson,5,3,Randomly placed,1.014999999999983,0,0,0,0,0,true,4.5,0,423,9,0,2,7,9,0,2,7,4.519999999999964,535,2,4,3,0,NA,1.9911504424778919,0,0,
3755,0.5,timed-search,0.1,50,4,6,40,1,1,1,Clumped-Poisson,5,3,Randomly placed,1.0949999999999822,0,0,0,0,0,true,4.5,0,415,14,1,1,12,14,1,1,12,4.503124999999957,532,2,6,6,0,NA,3.108952116585734,0,0,
3754,0.5,timed-search,0.1,50,5,5,40,1,1,1,Clumped-Poisson,5,3,Randomly placed,1.2949999999999802,0,0,0,0,0,true,4.5,0,336,35,3,3,29,35,3,3,29,4.521875000000004,539,1,16,18,0,NA,7.740152038700753,0,0,
3756,0.5,timed-search,0.1,50,7,5,38,1,1,1,Clumped-Poisson,5,3,Randomly placed,1.0949999999999822,0,0,0,0,0,true,4.5,0,417,13,2,3,8,13,2,3,8,4.502499999999956,532,3,4,6,0,NA,2.887284841754609,0,0,
3753,0.5,timed-search,0.1,50,5,7,38,1,1,1,Clumped-Poisson,5,3,Randomly placed,1.054999999999983,0,0,0,0,0,true,4.5,0,407,11,1,1,9,11,1,1,9,4.514999999999971,533,3,3,5,0,NA,2.43632336655594,0,0,
3751,0.5,timed-search,0.1,50,4,7,39,1,1,1,Clumped-Poisson,5,3,Randomly placed,1.2149999999999803,0,0,0,0,0,true,4.5,0,460,15,0,2,13,15,0,2,13,4.500624999999965,531,7,2,6,0,NA,3.3328704346618787,0,0,
3757,0.5,timed-search,0.1,50,7,3,40,1,1,1,Clumped-Poisson,5,3,Randomly placed,1.1349999999999814,0,0,0,0,0,true,4.5,0,386,13,0,0,13,13,0,0,13,4.514374999999957,535,2,3,8,0,NA,2.8796898795514605,0,0,
3741,0.5,timed-search,0.1,50,5,8,37,1,1,1,Clumped-Poisson,5,3,Randomly placed,1.2149999999999814,0,0,0,0,0,true,4.5,0,380,21,2,4,15,21,2,4,15,4.509374999999998,538,10,3,8,0,NA,4.656964656964659,0,0,
3758,0.5,timed-search,0.1,50,10,5,35,1,1,1,Clumped-Poisson,5,3,Randomly placed,1.0549999999999837,0,0,0,0,0,true,4.5,0,378,18,4,2,12,18,4,2,12,4.503749999999984,535,6,5,7,0,NA,3.996669442131571,0,0,
3745,0.5,timed-search,0.1,50,6,5,39,1,1,1,Clumped-Poisson,5,3,Randomly placed,1.2949999999999817,0,0,0,0,0,true,4.5,0,386,20,4,2,14,20,4,2,14,4.517499999999983,537,0,14,6,0,NA,4.427227448810199,0,0,
3761,0.5,timed-search,0.1,50,2,7,41,1,1,1,Clumped-Poisson,5,3,Randomly placed,1.0149999999999852,0,0,0,0,0,true,4.5,0,423,12,1,2,9,12,1,2,9,4.519999999999994,534,6,2,4,0,NA,2.6548672566371714,0,0,
3752,0.5,timed-search,0.1,50,9,6,35,1,1,1,Clumped-Poisson,5,3,Randomly placed,1.0549999999999802,0,0,0,0,0,true,4.5,0,420,21,5,4,12,21,5,4,12,4.5012499999999696,534,1,14,6,0,NA,4.665370730352711,0,0,
3764,0.5,timed-search,0.1,50,3,8,39,1,1,1,Clumped-Poisson,5,3,Randomly placed,1.1349999999999831,0,0,0,0,0,true,4.5,0,435,8,1,0,7,8,1,0,7,4.503749999999969,532,1,4,3,0,NA,1.7762975298362598,0,0,
3767,0.5,timed-search,0.1,50,3,11,36,1,1,1,Clumped-Poisson,5,3,Randomly placed,1.0549999999999842,0,0,0,0,0,true,4.5,0,418,16,1,6,9,16,1,6,9,4.5081249999999695,534,1,8,7,0,NA,3.5491473727991365,0,0,
3766,0.5,timed-search,0.1,50,1,7,42,1,1,1,Clumped-Poisson,5,3,Randomly placed,1.0149999999999828,0,0,0,0,0,true,4.5,0,395,17,1,2,14,17,1,2,14,4.508124999999975,535,12,2,3,0,NA,3.7709690835990783,0,0,
3759,0.5,timed-search,0.1,50,4,12,34,1,1,1,Clumped-Poisson,5,3,Randomly placed,1.0149999999999808,0,0,0,0,0,true,4.5,0,426,11,1,3,7,11,1,3,7,4.500624999999963,533,3,7,1,0,NA,2.444104985418712,0,0,
3763,0.5,timed-search,0.1,50,7,10,33,1,1,1,Clumped-Poisson,5,3,Randomly placed,1.0549999999999848,0,0,0,0,0,true,4.5,0,433,18,2,3,13,18,2,3,13,4.502499999999972,531,4,5,9,0,NA,3.9977790116602137,0,0,
3765,0.5,timed-search,0.1,50,4,5,41,1,1,1,Clumped-Poisson,5,3,Randomly placed,1.174999999999981,0,0,0,0,0,true,4.5,0,410,9,2,0,7,9,2,0,7,4.513124999999977,534,1,1,7,0,NA,1.9941836310760381,0,0,
3770,0.5,timed-search,0.1,50,8,5,37,1,1,1,Clumped-Poisson,5,3,Randomly placed,1.0549999999999808,0,0,0,0,0,true,4.5,0,424,3,0,0,3,3,0,0,3,4.505624999999957,530,0,3,0,0,NA,0.6658343736995487,0,0,
3769,0.5,timed-search,0.1,50,3,6,41,1,1,1,Clumped-Poisson,5,3,Randomly placed,1.13499999999998,0,0,0,0,0,true,4.5,0,421,7,1,2,4,7,1,2,4,4.500000000000004,533,2,2,3,0,NA,1.555555555555554,0,0,
3776,0.5,timed-search,0.1,50,8,9,33,1,1,1,Clumped-Poisson,5,3,Randomly placed,1.0949999999999835,0,0,0,0,0,true,4.5,0,400,17,2,4,11,17,2,4,11,4.5043749999999765,535,1,9,7,0,NA,3.7741085056195565,0,0,
3771,0.5,timed-search,0.1,50,2,6,42,1,1,1,Clumped-Poisson,5,3,Randomly placed,1.134999999999982,0,0,0,0,0,true,4.5,0,417,16,1,3,12,16,1,3,12,4.518749999999961,533,2,10,4,0,NA,3.540802213001414,0,0,
3762,0.5,timed-search,0.1,50,6,4,40,1,1,1,Clumped-Poisson,5,3,Randomly placed,0.9749999999999844,0,0,0,0,0,true,4.5,0,406,10,0,0,10,10,0,0,10,4.503749999999958,533,4,3,3,0,NA,2.22037191229533,0,0,
3778,0.5,timed-search,0.1,50,3,3,44,1,1,1,Clumped-Poisson,5,3,Randomly placed,1.3349999999999864,0,0,0,0,0,true,4.5,0,400,19,1,3,15,19,1,3,15,4.516249999999969,535,6,4,9,0,NA,4.207030168834792,0,0,
3768,0.5,timed-search,0.1,50,5,8,37,1,1,1,Clumped-Poisson,5,3,Randomly placed,1.0549999999999815,0,0,0,0,0,true,4.5,0,365,11,0,2,9,11,0,2,9,4.513124999999999,536,2,7,2,0,NA,2.437335549092924,0,0,
3782,0.5,timed-search,0.1,50,4,9,37,1,1,1,Clumped-Poisson,5,3,Randomly placed,1.1349999999999818,0,0,0,0,0,true,4.5,0,389,17,2,4,11,17,2,4,11,4.5062499999999535,533,2,3,12,0,NA,3.7725381414702195,0,0,
3774,0.5,timed-search,0.1,50,6,8,36,1,1,1,Clumped-Poisson,5,3,Randomly placed,1.0549999999999813,0,0,0,0,0,true,4.5,0,422,17,2,1,14,17,2,1,14,4.50874999999998,537,3,7,7,0,NA,3.770446354311079,0,0,
3773,0.5,timed-search,0.1,50,6,7,37,1,1,1,Clumped-Poisson,5,3,Randomly placed,1.0549999999999802,0,0,0,0,0,true,4.5,0,417,16,1,3,12,16,1,3,12,4.510624999999956,534,11,2,3,0,NA,3.5471802688097895,0,0,
3780,0.5,timed-search,0.1,50,5,7,38,1,1,1,Clumped-Poisson,5,3,Randomly placed,1.0149999999999848,0,0,0,0,0,true,4.5,0,392,12,2,4,6,12,2,4,6,4.50062499999997,535,7,2,3,0,NA,2.6662963477295,0,0,
3777,0.5,timed-search,0.1,50,1,7,42,1,1,1,Clumped-Poisson,5,3,Randomly placed,1.0949999999999833,0,0,0,0,0,true,4.5,0,384,15,0,2,13,15,0,2,13,4.522499999999988,536,4,5,6,0,NA,3.3167495854063103,0,0,
3760,0.5,timed-search,0.1,50,8,8,34,1,1,1,Clumped-Poisson,5,3,Randomly placed,1.0149999999999821,0,0,0,0,0,true,4.5,0,402,16,3,2,11,16,3,2,11,4.519999999999986,536,7,7,2,0,NA,3.5398230088495684,0,0,
3775,0.5,timed-search,0.1,50,2,7,41,1,1,1,Clumped-Poisson,5,3,Randomly placed,1.0149999999999832,0,0,0,0,0,true,4.5,0,384,21,0,3,18,21,0,3,18,4.510624999999981,535,7,9,5,0,NA,4.6556741028128235,0,0,
3781,0.5,timed-search,0.1,50,9,13,28,1,1,1,Clumped-Poisson,5,3,Randomly placed,1.0549999999999837,0,0,0,0,0,true,4.5,0,408,15,4,5,6,15,4,5,6,4.518124999999995,538,6,6,3,0,NA,3.319961267118554,0,0,
3779,0.5,timed-search,0.1,50,5,11,34,1,1,1,Clumped-Poisson,5,3,Randomly placed,1.0549999999999824,0,0,0,0,0,true,4.5,0,399,17,2,3,12,17,2,3,12,4.500624999999997,536,7,4,6,0,NA,3.7772531592834357,0,0,
3772,0.5,timed-search,0.1,50,6,6,38,1,1,1,Clumped-Poisson,5,3,Randomly placed,1.094999999999983,0,0,0,0,0,true,4.5,0,431,16,2,0,14,16,2,0,14,4.504999999999948,532,7,8,1,0,NA,3.5516093229745134,0,0,
3787,0.5,timed-search,0.1,50,7,4,39,1,1,1,Clumped-Poisson,5,3,Randomly placed,1.0949999999999833,0,0,0,0,0,true,4.5,0,386,16,2,1,13,16,2,1,13,4.5087499999999885,536,2,10,4,0,NA,3.548655392292773,0,0,
3790,0.5,timed-search,0.1,50,11,5,34,1,1,1,Clumped-Poisson,5,3,Randomly placed,1.2149999999999825,0,0,0,0,0,true,4.5,0,422,9,2,0,7,9,2,0,7,4.519374999999963,533,3,5,1,0,NA,1.9914258055594134,0,0,
3784,0.5,timed-search,0.1,50,7,4,39,1,1,1,Clumped-Poisson,5,3,Randomly placed,1.0949999999999847,0,0,0,0,0,true,4.5,0,426,18,2,1,15,18,2,1,15,4.518749999999992,539,4,12,2,0,NA,3.983402489626563,0,0,
3788,0.5,timed-search,0.1,50,7,6,37,1,1,1,Clumped-Poisson,5,3,Randomly placed,1.1349999999999838,0,0,0,0,0,true,4.5,0,345,22,3,1,18,22,3,1,18,4.503749999999965,533,13,3,6,0,NA,4.884818207049719,0,0,
3783,0.5,timed-search,0.1,50,14,9,27,1,1,1,Clumped-Poisson,5,3,Randomly placed,1.0949999999999833,0,0,0,0,0,true,4.5,0,406,18,4,5,9,18,4,5,9,4.509999999999995,537,7,10,1,0,NA,3.991130820399117,0,0,
3789,0.5,timed-search,0.1,50,3,7,40,1,1,1,Clumped-Poisson,5,3,Randomly placed,1.0549999999999815,0,0,0,0,0,true,4.5,0,404,19,2,3,14,19,2,3,14,4.514374999999981,537,5,9,5,0,NA,4.208777516267497,0,0,
3786,0.5,timed-search,0.1,50,6,7,37,1,1,1,Clumped-Poisson,5,3,Randomly placed,1.0549999999999837,0,0,0,0,0,true,4.5,0,411,20,3,4,13,20,3,4,13,4.5012499999999624,533,3,10,7,0,NA,4.443210219383541,0,0,
3791,0.5,timed-search,0.1,50,5,8,37,1,1,1,Clumped-Poisson,5,3,Randomly placed,1.1349999999999834,0,0,0,0,0,true,4.5,0,445,21,0,5,16,21,0,5,16,4.516249999999977,536,18,1,2,0,NA,4.649875449764762,0,0,
3785,0.5,timed-search,0.1,50,8,7,35,1,1,1,Clumped-Poisson,5,3,Randomly placed,1.0949999999999822,0,0,0,0,0,true,4.5,0,440,8,0,1,7,8,0,1,7,4.52499999999999,534,4,4,0,0,NA,1.7679558011049763,0,0,
3799,0.5,timed-search,0.1,50,10,7,33,1,1,1,Clumped-Poisson,5,3,Randomly placed,1.0549999999999824,0,0,0,0,0,true,4.5,0,428,16,2,3,11,16,2,3,11,4.516874999999964,534,6,6,4,0,NA,3.5422720354227484,0,0,
3798,0.5,timed-search,0.1,50,3,5,42,1,1,1,Clumped-Poisson,5,3,Randomly placed,1.2549999999999817,0,0,0,0,0,true,4.5,0,404,19,2,1,16,19,2,1,16,4.50312499999998,535,5,6,8,0,NA,4.219292158223475,0,0,
3796,0.5,timed-search,0.1,50,9,6,35,1,1,1,Clumped-Poisson,5,3,Randomly placed,1.0949999999999853,0,0,0,0,0,true,4.5,0,375,20,4,4,12,20,4,4,12,4.511249999999989,537,7,8,5,0,NA,4.433361041839856,0,0,
3795,0.5,timed-search,0.1,50,6,2,42,1,1,1,Clumped-Poisson,5,3,Randomly placed,1.094999999999983,0,0,0,0,0,true,4.5,0,427,13,0,0,13,13,0,0,13,4.518124999999969,534,1,5,7,0,NA,2.8772997648360965,0,0,
3793,0.5,timed-search,0.1,50,7,9,34,1,1,1,Clumped-Poisson,5,3,Randomly placed,1.014999999999982,0,0,0,0,0,true,4.5,0,416,11,1,2,8,11,1,2,8,4.5131249999999765,534,3,5,3,0,NA,2.437335549092936,0,0,
3794,0.5,timed-search,0.1,50,6,8,36,1,1,1,Clumped-Poisson,5,3,Randomly placed,1.174999999999981,0,0,0,0,0,true,4.5,0,416,16,2,6,8,16,2,6,8,4.502499999999977,533,2,6,8,0,NA,3.5535813436979633,0,0,
3792,0.5,timed-search,0.1,50,4,7,39,1,1,1,Clumped-Poisson,5,3,Randomly placed,1.17499999999998,0,0,0,0,0,true,4.5,0,397,22,2,2,18,22,2,2,18,4.514999999999987,538,8,12,2,0,NA,4.872646733111863,0,0,
3797,0.5,timed-search,0.1,50,4,7,39,1,1,1,Clumped-Poisson,5,3,Randomly placed,1.054999999999983,0,0,0,0,0,true,4.5,0,390,6,0,2,4,6,0,2,4,4.500624999999983,534,2,2,2,0,NA,1.3331481738647462,0,0,
3800,0.5,timed-search,0.1,50,3,6,41,1,1,1,Clumped-Poisson,5,3,Randomly placed,1.0149999999999832,0,0,0,0,0,true,4.5,0,410,14,0,2,12,14,0,2,12,4.506249999999988,534,3,4,7,0,NA,3.1067961165048628,0,0,
3801,0.5,timed-search,1,500,52,72,376,1,1,1,Clumped-Poisson,5,3,Randomly placed,2.21,0,0,0,0,0,true,4.5,0,426,173,15,24,134,173,15,24,134,4.500624999999998,536,33,105,35,0,NA,38.43910567976672,0,0,
3804,0.5,timed-search,1,500,40,89,371,1,1,1,Clumped-Poisson,5,3,Randomly placed,1.894,0,0,0,0,0,true,4.5,0,370,145,16,25,104,145,16,25,104,4.511874999999975,536,76,48,21,0,NA,32.137415154453706,0,0,
3802,0.5,timed-search,1,500,42,68,390,1,1,1,Clumped-Poisson,5,3,Randomly placed,2.422,0,0,0,0,0,true,4.5,0,410,209,20,29,160,209,20,29,160,4.504375000000004,537,63,130,16,0,NA,46.39933398085191,0,0,
3808,0.5,timed-search,1,500,43,78,379,1,1,1,Clumped-Poisson,5,3,Randomly placed,1.938,0,0,0,0,0,true,4.5,0,403,112,6,16,90,112,6,16,90,4.514999999999976,536,44,13,55,0,NA,24.80620155038773,0,0,
3803,0.5,timed-search,1,500,50,80,370,1,1,1,Clumped-Poisson,5,3,Randomly placed,2.002,0,0,0,0,0,true,4.5,0,414,106,12,16,78,106,12,16,78,4.507499999999983,536,54,30,22,0,NA,23.516361619523103,0,0,
3805,0.5,timed-search,1,500,53,68,379,1,1,1,Clumped-Poisson,5,3,Randomly placed,1.878,0,0,0,0,0,true,4.5,0,402,139,17,12,110,139,17,12,110,4.513749999999958,535,68,28,43,0,NA,30.794793685959853,0,0,
3816,0.5,timed-search,1,500,59,64,377,1,1,1,Clumped-Poisson,5,3,Randomly placed,1.902,0,0,0,0,0,true,4.5,0,420,135,14,14,107,135,14,14,107,4.5081249999999775,536,43,33,59,0,NA,29.945930957992662,0,0,
3815,0.5,timed-search,1,500,53,79,368,1,1,1,Clumped-Poisson,5,3,Randomly placed,2.666,0,0,0,0,0,true,4.5,0,346,78,5,12,61,78,5,12,61,4.519374999999976,537,34,27,17,0,NA,17.259023648181532,0,0,
3807,0.5,timed-search,1,500,51,79,370,1,1,1,Clumped-Poisson,5,3,Randomly placed,1.93,0,0,0,0,0,true,4.5,0,382,159,18,25,116,159,18,25,116,4.513749999999978,537,57,64,38,0,NA,35.22569925228486,0,0,
3810,0.5,timed-search,1,500,47,87,366,1,1,1,Clumped-Poisson,5,3,Randomly placed,2.522,0,0,0,0,0,true,4.5,0,411,136,16,25,95,136,16,25,95,4.505624999999998,537,22,29,85,0,NA,30.18449160771259,0,0,
3809,0.5,timed-search,1,500,49,71,380,1,1,1,Clumped-Poisson,5,3,Randomly placed,3.202,0,0,0,0,0,true,4.5,0,408,104,9,12,83,104,9,12,83,4.518124999999982,537,15,79,10,0,NA,23.018398118688708,0,0,
3811,0.5,timed-search,1,500,52,71,377,1,1,1,Clumped-Poisson,5,3,Randomly placed,2.162,0,0,0,0,0,true,4.5,0,422,114,5,24,85,114,5,24,85,4.519999999999987,539,30,31,53,0,NA,25.22123893805317,0,0,
3817,0.5,timed-search,1,500,54,76,370,1,1,1,Clumped-Poisson,5,3,Randomly placed,2.102,0,0,0,0,0,true,4.5,0,419,96,10,8,78,96,10,8,78,4.509374999999997,537,47,23,26,0,NA,21.288981288981304,0,0,
3812,0.5,timed-search,1,500,45,78,377,1,1,1,Clumped-Poisson,5,3,Randomly placed,2.118,0,0,0,0,0,true,4.5,0,407,132,11,22,99,132,11,22,99,4.520624999999984,538,33,82,17,0,NA,29.19950228121122,0,0,
3819,0.5,timed-search,1,500,38,68,394,1,1,1,Clumped-Poisson,5,3,Randomly placed,1.766,0,0,0,0,0,true,4.5,0,408,112,6,16,90,112,6,16,90,4.513749999999982,537,24,13,75,0,NA,24.813071171420756,0,0,
3806,0.5,timed-search,1,500,43,79,378,1,1,1,Clumped-Poisson,5,3,Randomly placed,1.95,0,0,0,0,0,true,4.5,0,415,175,12,29,134,175,12,29,134,4.521249999999967,536,81,70,24,0,NA,38.70611003594167,0,0,
3821,0.5,timed-search,1,500,45,68,387,1,1,1,Clumped-Poisson,5,3,Randomly placed,1.922,0,0,0,0,0,true,4.5,0,393,80,12,7,61,80,12,7,61,4.51999999999997,537,42,19,19,0,NA,17.699115044247904,0,0,
3813,0.5,timed-search,1,500,54,78,368,1,1,1,Clumped-Poisson,5,3,Randomly placed,2.222,0,0,0,0,0,true,4.5,0,420,124,19,21,84,124,19,21,84,4.50062499999999,536,24,54,46,0,NA,27.551728926538043,0,0,
3820,0.5,timed-search,1,500,62,85,353,1,1,1,Clumped-Poisson,5,3,Randomly placed,2.386,0,0,0,0,0,true,4.5,0,395,235,30,40,165,235,30,40,165,4.500624999999963,533,103,51,81,0,NA,52.21497014303612,0,0,
3818,0.5,timed-search,1,500,48,83,369,1,1,1,Clumped-Poisson,5,3,Randomly placed,2.462,0,0,0,0,0,true,4.5,0,390,122,8,18,96,122,8,18,96,4.524374999999979,538,21,92,9,0,NA,26.96505042132904,0,0,
3823,0.5,timed-search,1,500,62,64,374,1,1,1,Clumped-Poisson,5,3,Randomly placed,1.578,0,0,0,0,0,true,4.5,0,410,127,18,18,91,127,18,18,91,4.521249999999979,538,36,65,26,0,NA,28.08957699751188,0,0,
3814,0.5,timed-search,1,500,46,86,368,1,1,1,Clumped-Poisson,5,3,Randomly placed,2.194,0,0,0,0,0,true,4.5,0,363,93,9,18,66,93,9,18,66,4.51624999999997,536,28,16,49,0,NA,20.59230556324398,0,0,
3828,0.5,timed-search,1,500,43,88,369,1,1,1,Clumped-Poisson,5,3,Randomly placed,2.222,0,0,0,0,0,true,4.5,0,386,150,10,22,118,150,10,22,118,4.511249999999979,537,17,70,63,0,NA,33.25020781379899,0,0,
3822,0.5,timed-search,1,500,48,75,377,1,1,1,Clumped-Poisson,5,3,Randomly placed,2.638,0,0,0,0,0,true,4.5,0,430,229,21,29,179,229,21,29,179,4.501874999999979,536,92,80,57,0,NA,50.8676940163823,0,0,
3825,0.5,timed-search,1,500,53,72,375,1,1,1,Clumped-Poisson,5,3,Randomly placed,2.106,0,0,0,0,0,true,4.5,0,434,115,8,23,84,115,8,23,84,4.522499999999998,539,23,48,44,0,NA,25.42841348811499,0,0,
3824,0.5,timed-search,1,500,46,68,386,1,1,1,Clumped-Poisson,5,3,Randomly placed,1.654,0,0,0,0,0,true,4.5,0,406,101,8,22,71,101,8,22,71,4.509374999999985,538,28,28,45,0,NA,22.39778239778247,0,0,
3827,0.5,timed-search,1,500,52,73,375,1,1,1,Clumped-Poisson,5,3,Randomly placed,2.214,0,0,0,0,0,true,4.5,0,373,121,12,16,93,121,12,16,93,4.523749999999983,537,73,20,28,0,NA,26.747720364741742,0,0,
3836,0.5,timed-search,1,500,58,80,362,1,1,1,Clumped-Poisson,5,3,Randomly placed,2.57,0,0,0,0,0,true,4.5,0,403,99,7,14,78,99,7,14,78,4.516875000000002,537,16,27,56,0,NA,21.91780821917807,0,0,
3826,0.5,timed-search,1,500,54,68,378,1,1,1,Clumped-Poisson,5,3,Randomly placed,2.106,0,0,0,0,0,true,4.5,0,382,133,16,15,102,133,16,15,102,4.500625,536,31,90,12,0,NA,29.55145118733509,0,0,
3833,0.5,timed-search,1,500,40,68,392,1,1,1,Clumped-Poisson,5,3,Randomly placed,2.09,0,0,0,0,0,true,4.5,0,385,185,12,27,146,185,12,27,146,4.509999999999993,537,106,59,20,0,NA,41.01995565410206,0,0,
3835,0.5,timed-search,1,500,46,74,380,1,1,1,Clumped-Poisson,5,3,Randomly placed,2.398,0,0,0,0,0,true,4.5,0,396,77,3,11,63,77,3,11,63,4.520624999999957,535,28,32,17,0,NA,17.03304299737331,0,0,
3830,0.5,timed-search,1,500,51,73,376,1,1,1,Clumped-Poisson,5,3,Randomly placed,1.946,0,0,0,0,0,true,4.5,0,377,95,6,14,75,95,6,14,75,4.501249999999977,535,42,32,21,0,NA,21.105248542071756,0,0,
3837,0.5,timed-search,1,500,52,77,371,1,1,1,Clumped-Poisson,5,3,Randomly placed,1.77,0,0,0,0,0,true,4.5,0,386,118,12,23,83,118,12,23,83,4.512499999999978,537,30,59,29,0,NA,26.149584487534753,0,0,
3842,0.5,timed-search,1,500,55,73,372,1,1,1,Clumped-Poisson,5,3,Randomly placed,2.042,0,0,0,0,0,true,4.5,0,400,60,3,8,49,60,3,8,49,4.514374999999991,537,37,15,8,0,NA,13.290876367160486,0,0,
3832,0.5,timed-search,1,500,54,61,385,1,1,1,Clumped-Poisson,5,3,Randomly placed,2.158,0,0,0,0,0,true,4.5,0,422,213,27,30,156,213,27,30,156,4.52124999999996,536,51,64,98,0,NA,47.11086535803193,0,0,
3840,0.5,timed-search,1,500,56,83,361,1,1,1,Clumped-Poisson,5,3,Randomly placed,2.054,0,0,0,0,0,true,4.5,0,391,98,11,15,72,98,11,15,72,4.52062499999999,538,13,33,52,0,NA,21.678418360293147,0,0,
3829,0.5,timed-search,1,500,50,77,373,1,1,1,Clumped-Poisson,5,3,Randomly placed,2.146,0,0,0,0,0,true,4.5,0,421,139,14,16,109,139,14,16,109,4.509374999999982,536,74,49,16,0,NA,30.82467082467095,0,0,
3831,0.5,timed-search,1,500,55,87,358,1,1,1,Clumped-Poisson,5,3,Randomly placed,2.002,0,0,0,0,0,true,4.5,0,422,159,15,20,124,159,15,20,124,4.51562499999998,538,37,46,76,0,NA,35.21107266436002,0,0,
3845,0.5,timed-search,1,500,56,76,368,1,1,1,Clumped-Poisson,5,3,Randomly placed,2.086,0,0,0,0,0,true,4.5,0,403,179,23,33,123,179,23,33,123,4.511874999999974,537,77,35,67,0,NA,39.67308491480837,0,0,
3838,0.5,timed-search,1,500,43,74,383,1,1,1,Clumped-Poisson,5,3,Randomly placed,1.938,0,0,0,0,0,true,4.5,0,413,142,15,23,104,142,15,23,104,4.506249999999962,534,48,55,39,0,NA,31.511789181692357,0,0,
3846,0.5,timed-search,1,500,43,80,377,1,1,1,Clumped-Poisson,5,3,Randomly placed,1.978,0,0,0,0,0,true,4.5,0,406,208,16,30,162,208,16,30,162,4.504999999999992,537,92,44,72,0,NA,46.17092119866823,0,0,
3844,0.5,timed-search,1,500,55,69,376,1,1,1,Clumped-Poisson,5,3,Randomly placed,1.73,0,0,0,0,0,true,4.5,0,442,143,9,16,118,143,9,16,118,4.516249999999982,538,45,60,38,0,NA,31.663437586493348,0,0,
3839,0.5,timed-search,1,500,40,90,370,1,1,1,Clumped-Poisson,5,3,Randomly placed,2.234,0,0,0,0,0,true,4.5,0,390,165,15,28,122,165,15,28,122,4.523124999999983,539,36,20,109,0,NA,36.479204090092715,0,0,
3843,0.5,timed-search,1,500,57,78,365,1,1,1,Clumped-Poisson,5,3,Randomly placed,2.002,0,0,0,0,0,true,4.5,0,410,122,13,24,85,122,13,24,85,4.519374999999959,535,80,23,19,0,NA,26.994883142027625,0,0,
3834,0.5,timed-search,1,500,31,86,383,1,1,1,Clumped-Poisson,5,3,Randomly placed,2.07,0,0,0,0,0,true,4.5,0,418,94,7,17,70,94,7,17,70,4.511874999999972,536,31,52,11,0,NA,20.833910513921722,0,0,
3852,0.5,timed-search,1,500,40,76,384,1,1,1,Clumped-Poisson,5,3,Randomly placed,1.974,0,0,0,0,0,true,4.5,0,388,115,9,17,89,115,9,17,89,4.502499999999996,537,40,52,23,0,NA,25.541365907829007,0,0,
3850,0.5,timed-search,1,500,47,82,371,1,1,1,Clumped-Poisson,5,3,Randomly placed,1.982,0,0,0,0,0,true,4.5,0,421,164,17,23,124,164,17,23,124,4.514999999999983,538,41,15,108,0,NA,36.323366555924835,0,0,
3860,0.5,timed-search,1,500,44,61,395,1,1,1,Clumped-Poisson,5,3,Randomly placed,1.846,0,0,0,0,0,true,4.5,0,404,165,15,21,129,165,15,21,129,4.508749999999983,536,99,42,24,0,NA,36.595508733019265,0,0,
3859,0.5,timed-search,1,500,43,83,374,1,1,1,Clumped-Poisson,5,3,Randomly placed,2.31,0,0,0,0,0,true,4.5,0,378,188,18,28,142,188,18,28,142,4.510000000000006,537,59,93,36,0,NA,41.68514412416846,0,0,
3858,0.5,timed-search,1,500,39,72,389,1,1,1,Clumped-Poisson,5,3,Randomly placed,1.682,0,0,0,0,0,true,4.5,0,393,146,12,19,115,146,12,19,115,4.50187499999998,536,61,77,8,0,NA,32.43093155629614,0,0,
3847,0.5,timed-search,1,500,42,74,384,1,1,1,Clumped-Poisson,5,3,Randomly placed,1.81,0,0,0,0,0,true,4.5,0,411,213,16,35,162,213,16,35,162,4.52187499999998,539,71,56,86,0,NA,47.10435383552198,0,0,
3857,0.5,timed-search,1,500,48,92,360,1,1,1,Clumped-Poisson,5,3,Randomly placed,1.954,0,0,0,0,0,true,4.5,0,409,142,15,25,102,142,15,25,102,4.513749999999984,538,83,17,42,0,NA,31.459429520908447,0,0,
3849,0.5,timed-search,1,500,43,76,381,1,1,1,Clumped-Poisson,5,3,Randomly placed,2.11,0,0,0,0,0,true,4.5,0,404,146,9,22,115,146,9,22,115,4.508749999999993,537,45,63,38,0,NA,32.381480454671525,0,0,
3854,0.5,timed-search,1,500,53,72,375,1,1,1,Clumped-Poisson,5,3,Randomly placed,2.282,0,0,0,0,0,true,4.5,0,378,131,14,16,101,131,14,16,101,4.5081249999999535,533,20,35,76,0,NA,29.058644114793037,0,0,
3855,0.5,timed-search,1,500,47,104,349,1,1,1,Clumped-Poisson,5,3,Randomly placed,2.03,0,0,0,0,0,true,4.5,0,401,133,11,26,96,133,11,26,96,4.510624999999988,537,38,30,65,0,NA,29.485935984481166,0,0,
3848,0.5,timed-search,1,500,40,74,386,1,1,1,Clumped-Poisson,5,3,Randomly placed,2.234,0,0,0,0,0,true,4.5,0,386,124,13,19,92,124,13,19,92,4.508749999999963,533,49,36,39,0,NA,27.502079290269148,0,0,
3841,0.5,timed-search,1,500,55,74,371,1,1,1,Clumped-Poisson,5,3,Randomly placed,2.05,0,0,0,0,0,true,4.5,0,393,102,7,16,79,102,7,16,79,4.501874999999975,535,37,52,13,0,NA,22.657226155768555,0,0,
3853,0.5,timed-search,1,500,65,70,365,1,1,1,Clumped-Poisson,5,3,Randomly placed,1.914,0,0,0,0,0,true,4.5,0,402,147,14,21,112,147,14,21,112,4.523124999999971,537,67,53,27,0,NA,32.49965455299178,0,0,
3851,0.5,timed-search,1,500,53,57,390,1,1,1,Clumped-Poisson,5,3,Randomly placed,2.69,0,0,0,0,0,true,4.5,0,406,131,15,11,105,131,15,11,105,4.501249999999957,533,5,62,64,0,NA,29.103026936962234,0,0,
3856,0.5,timed-search,1,500,50,67,383,1,1,1,Clumped-Poisson,5,3,Randomly placed,2.142,0,0,0,0,0,true,4.5,0,416,102,8,10,84,102,8,10,84,4.505624999999977,536,28,43,31,0,NA,22.63836870578455,0,0,
3863,0.5,timed-search,1,500,56,77,367,1,1,1,Clumped-Poisson,5,3,Randomly placed,1.862,0,0,0,0,0,true,4.5,0,396,117,16,23,78,117,16,23,78,4.5143749999999985,538,47,44,26,0,NA,25.917208915962906,0,0,
3865,0.5,timed-search,1,500,50,78,372,1,1,1,Clumped-Poisson,5,3,Randomly placed,2.322,0,0,0,0,0,true,4.5,0,385,186,14,29,143,186,14,29,143,4.513125000000005,538,76,78,32,0,NA,41.2131283755712,0,0,
3875,0.5,timed-search,1,500,48,80,372,1,1,1,Clumped-Poisson,5,3,Randomly placed,1.834,0,0,0,0,0,true,4.5,0,419,141,10,26,105,141,10,26,105,4.5193749999999655,536,48,23,70,0,NA,31.19900428709746,0,0,
3864,0.5,timed-search,1,500,42,75,383,1,1,1,Clumped-Poisson,5,3,Randomly placed,1.946,0,0,0,0,0,true,4.5,0,420,168,16,22,130,168,16,22,130,4.5106249999999894,538,39,38,91,0,NA,37.24539282250251,0,0,
3876,0.5,timed-search,1,500,42,67,391,1,1,1,Clumped-Poisson,5,3,Randomly placed,2.674,0,0,0,0,0,true,4.5,0,418,83,12,14,57,83,12,14,57,4.504999999999965,534,20,27,36,0,NA,18.42397336293022,0,0,
3861,0.5,timed-search,1,500,44,74,382,1,1,1,Clumped-Poisson,5,3,Randomly placed,2.134,0,0,0,0,0,true,4.5,0,389,128,10,17,101,128,10,17,101,4.520624999999993,538,55,35,38,0,NA,28.31466887875022,0,0,
3866,0.5,timed-search,1,500,46,77,377,1,1,1,Clumped-Poisson,5,3,Randomly placed,2.214,0,0,0,0,0,true,4.5,0,394,141,10,21,110,141,10,21,110,4.519999999999974,537,46,70,25,0,NA,31.194690265486905,0,0,
3872,0.5,timed-search,1,500,37,75,388,1,1,1,Clumped-Poisson,5,3,Randomly placed,2.146,0,0,0,0,0,true,4.5,0,430,153,12,17,124,153,12,17,124,4.509374999999987,537,110,17,26,0,NA,33.92931392931403,0,0,
3867,0.5,timed-search,1,500,53,83,364,1,1,1,Clumped-Poisson,5,3,Randomly placed,2.358,0,0,0,0,0,true,4.5,0,414,108,9,16,83,108,9,16,83,4.513749999999984,538,62,21,25,0,NA,23.92689005815572,0,0,
3868,0.5,timed-search,1,500,60,63,377,1,1,1,Clumped-Poisson,5,3,Randomly placed,2.354,0,0,0,0,0,true,4.5,0,422,93,12,11,70,93,12,11,70,4.524374999999961,535,34,25,34,0,NA,20.555325321177136,0,0,
3870,0.5,timed-search,1,500,51,59,390,1,1,1,Clumped-Poisson,5,3,Randomly placed,2.31,0,0,0,0,0,true,4.5,0,412,135,10,21,104,135,10,21,104,4.511249999999988,538,52,52,31,0,NA,29.925187032419032,0,0,
3873,0.5,timed-search,1,500,57,79,364,1,1,1,Clumped-Poisson,5,3,Randomly placed,2.194,0,0,0,0,0,true,4.5,0,407,178,21,25,132,178,21,25,132,4.513749999999986,538,56,64,58,0,NA,39.43505954029367,0,0,
3862,0.5,timed-search,1,500,52,78,370,1,1,1,Clumped-Poisson,5,3,Randomly placed,2.198,0,0,0,0,0,true,4.5,0,407,224,27,29,168,224,27,29,168,4.5106250000000045,537,58,88,78,0,NA,49.66052376333651,0,0,
3871,0.5,timed-search,1,500,53,76,371,1,1,1,Clumped-Poisson,5,3,Randomly placed,1.866,0,0,0,0,0,true,4.5,0,402,112,11,18,83,112,11,18,83,4.507499999999987,536,35,35,42,0,NA,24.847476428175334,0,0,
3874,0.5,timed-search,1,500,48,65,387,1,1,1,Clumped-Poisson,5,3,Randomly placed,1.826,0,0,0,0,0,true,4.5,0,409,135,8,22,105,135,8,22,105,4.519374999999993,538,40,48,47,0,NA,29.871387083391003,0,0,
3879,0.5,timed-search,1,500,55,60,385,1,1,1,Clumped-Poisson,5,3,Randomly placed,1.89,0,0,0,0,0,true,4.5,0,424,164,21,21,122,164,21,21,122,4.503124999999991,536,42,59,63,0,NA,36.41915336571832,0,0,
3883,0.5,timed-search,1,500,46,65,389,1,1,1,Clumped-Poisson,5,3,Randomly placed,2.002,0,0,0,0,0,true,4.5,0,416,176,15,21,140,176,15,21,140,4.509999999999976,537,76,79,21,0,NA,39.02439024390265,0,0,
3869,0.5,timed-search,1,500,57,72,371,1,1,1,Clumped-Poisson,5,3,Randomly placed,3.686,0,0,0,0,0,true,4.5,0,379,167,19,21,127,167,19,21,127,4.5093750000000075,537,22,62,83,0,NA,37.03395703395697,0,0,
3881,0.5,timed-search,1,500,46,70,384,1,1,1,Clumped-Poisson,5,3,Randomly placed,2.57,0,0,0,0,0,true,4.5,0,385,148,13,27,108,148,13,27,108,4.506249999999991,537,40,11,97,0,NA,32.84327323162282,0,0,
3878,0.5,timed-search,1,500,45,73,382,1,1,1,Clumped-Poisson,5,3,Randomly placed,3.238,0,0,0,0,0,true,4.5,0,413,63,4,9,50,63,4,9,50,4.521249999999993,538,8,33,22,0,NA,13.93419961293892,0,0,
3882,0.5,timed-search,1,500,44,88,368,1,1,1,Clumped-Poisson,5,3,Randomly placed,1.902,0,0,0,0,0,true,4.5,0,433,159,11,35,113,159,11,35,113,4.523124999999957,535,56,51,52,0,NA,35.152687577725914,0,0,
3885,0.5,timed-search,1,500,51,61,388,1,1,1,Clumped-Poisson,5,3,Randomly placed,2.022,0,0,0,0,0,true,4.5,0,409,92,13,12,67,92,13,12,67,4.509374999999974,536,21,50,21,0,NA,20.40194040194052,0,0,
3887,0.5,timed-search,1,500,61,80,359,1,1,1,Clumped-Poisson,5,3,Randomly placed,2.866,0,0,0,0,0,true,4.5,0,376,183,19,32,132,183,19,32,132,4.516874999999951,534,71,18,94,0,NA,40.51473640514781,0,0,
3886,0.5,timed-search,1,500,56,75,369,1,1,1,Clumped-Poisson,5,3,Randomly placed,2.386,0,0,0,0,0,true,4.5,0,417,104,10,14,80,104,10,14,80,4.519999999999983,538,31,57,16,0,NA,23.00884955752221,0,0,
3880,0.5,timed-search,1,500,47,68,385,1,1,1,Clumped-Poisson,5,3,Randomly placed,2.398,0,0,0,0,0,true,4.5,0,414,127,10,21,96,127,10,21,96,4.518124999999961,536,55,59,13,0,NA,28.1090053949373,0,0,
3889,0.5,timed-search,1,500,42,72,386,1,1,1,Clumped-Poisson,5,3,Randomly placed,2.05,0,0,0,0,0,true,4.5,0,414,133,9,25,99,133,9,25,99,4.510624999999991,537,81,22,30,0,NA,29.485935984481145,0,0,
3888,0.5,timed-search,1,500,40,68,392,1,1,1,Clumped-Poisson,5,3,Randomly placed,2.054,0,0,0,0,0,true,4.5,0,392,193,14,29,150,193,14,29,150,4.507499999999982,537,49,80,64,0,NA,42.81752634498076,0,0,
3884,0.5,timed-search,1,500,48,81,371,1,1,1,Clumped-Poisson,5,3,Randomly placed,3.066,0,0,0,0,0,true,4.5,0,382,109,5,16,88,109,5,16,88,4.504374999999977,536,13,52,44,0,NA,24.198695712501856,0,0,
3877,0.5,timed-search,1,500,46,90,364,1,1,1,Clumped-Poisson,5,3,Randomly placed,2.086,0,0,0,0,0,true,4.5,0,400,168,13,29,126,168,13,29,126,4.523749999999975,538,29,110,29,0,NA,37.137330754352234,0,0,
3891,0.5,timed-search,1,500,53,74,373,1,1,1,Clumped-Poisson,5,3,Randomly placed,2.626,0,0,0,0,0,true,4.5,0,406,145,18,19,108,145,18,19,108,4.502499999999982,535,55,49,41,0,NA,32.20433092726276,0,0,
3892,0.5,timed-search,1,500,59,74,367,1,1,1,Clumped-Poisson,5,3,Randomly placed,2.234,0,0,0,0,0,true,4.5,0,400,112,12,21,79,112,12,21,79,4.5031249999999785,535,22,61,29,0,NA,24.871616932685754,0,0,
3895,0.5,timed-search,1,500,56,71,373,1,1,1,Clumped-Poisson,5,3,Randomly placed,2.23,0,0,0,0,0,true,4.5,0,413,134,18,20,96,134,18,20,96,4.502499999999988,536,43,9,82,0,NA,29.761243753470374,0,0,
3890,0.5,timed-search,1,500,47,76,377,1,1,1,Clumped-Poisson,5,3,Randomly placed,2.658,0,0,0,0,0,true,4.5,0,420,134,10,19,105,134,10,19,105,4.5118749999999626,535,19,16,99,0,NA,29.69940434963316,0,0,
3896,0.5,timed-search,1,500,44,72,384,1,1,1,Clumped-Poisson,5,3,Randomly placed,2.082,0,0,0,0,0,true,4.5,0,384,121,12,18,91,121,12,18,91,4.5187499999999545,534,46,60,15,0,NA,26.77731673582323,0,0,
3898,0.5,timed-search,1,500,44,67,389,1,1,1,Clumped-Poisson,5,3,Randomly placed,2.39,0,0,0,0,0,true,4.5,0,384,82,5,13,64,82,5,13,64,4.518749999999996,538,30,19,33,0,NA,18.146611341632102,0,0,
3894,0.5,timed-search,1,500,57,75,368,1,1,1,Clumped-Poisson,5,3,Randomly placed,2.554,0,0,0,0,0,true,4.5,0,394,114,16,17,81,114,16,17,81,4.509999999999975,536,29,68,17,0,NA,25.27716186252786,0,0,
3893,0.5,timed-search,1,500,53,80,367,1,1,1,Clumped-Poisson,5,3,Randomly placed,2.002,0,0,0,0,0,true,4.5,0,396,180,21,23,136,180,21,23,136,4.521249999999975,538,105,42,33,0,NA,39.81199889411136,0,0,
3900,0.5,timed-search,1,500,52,78,370,1,1,1,Clumped-Poisson,5,3,Randomly placed,2.398,0,0,0,0,0,true,4.5,0,358,118,8,17,93,118,8,17,93,4.51874999999995,534,40,32,46,0,NA,26.113416320885488,0,0,
3897,0.5,timed-search,1,500,59,72,369,1,1,1,Clumped-Poisson,5,3,Randomly placed,3.086,0,0,0,0,0,true,4.5,0,414,87,15,12,60,87,15,12,60,4.523749999999989,539,8,72,7,0,NA,19.23183199778949,0,0,
3899,0.5,timed-search,1,500,52,58,390,1,1,1,Clumped-Poisson,5,3,Randomly placed,2.654,0,0,0,0,0,true,4.5,0,405,108,7,10,91,108,7,10,91,4.523124999999974,538,16,33,59,0,NA,23.87729722260619,0,0,
3901,0.5,timed-search,7,3500,350,548,2602,1,1,1,Clumped-Poisson,5,3,Randomly placed,7.260857142857143,0,0,0,0,0,true,4.5,0,428,413,36,48,329,413,36,48,329,4.520624999999977,538,220,132,61,0,NA,91.35904880409282,0,0,
3903,0.5,timed-search,7,3500,328,488,2684,1,1,1,Clumped-Poisson,5,3,Randomly placed,7.451714285714286,0,0,0,0,0,true,4.5,0,389,529,52,74,403,529,52,74,403,4.508749999999983,537,231,88,210,0,NA,117.32741890767996,0,0,
3910,0.5,timed-search,7,3500,393,494,2613,1,1,1,Clumped-Poisson,5,3,Randomly placed,10.772857142857143,0,0,0,0,0,true,4.5,0,411,626,66,85,475,626,66,85,475,4.513124999999976,537,205,59,362,0,NA,138.70655033928892,0,0,
3906,0.5,timed-search,7,3500,364,515,2621,1,1,1,Clumped-Poisson,5,3,Randomly placed,6.1499999999999995,0,0,0,0,0,true,4.5,0,400,1006,106,164,736,1006,106,164,736,4.522499999999985,539,193,404,409,0,NA,222.44333886125006,0,0,
3904,0.5,timed-search,7,3500,353,527,2620,1,1,1,Clumped-Poisson,5,3,Randomly placed,7.211714285714286,0,0,0,0,0,true,4.5,0,403,420,46,54,320,420,46,54,320,4.518124999999977,536,168,237,15,0,NA,92.95891547931987,0,0,
3902,0.5,timed-search,7,3500,351,483,2666,1,1,1,Clumped-Poisson,5,3,Randomly placed,7.412857142857143,0,0,0,0,0,true,4.5,0,396,1322,137,183,1002,1322,137,183,1002,4.519374999999982,538,588,225,509,0,NA,292.5183238832815,0,0,
3912,0.5,timed-search,7,3500,391,544,2565,1,1,1,Clumped-Poisson,5,3,Randomly placed,7.643714285714286,0,0,0,0,0,true,4.5,0,426,392,43,58,291,392,43,58,291,4.5087499999999805,536,114,126,152,0,NA,86.9420571111731,0,0,
3914,0.5,timed-search,7,3500,339,539,2622,1,1,1,Clumped-Poisson,5,3,Randomly placed,6.895142857142857,0,0,0,0,0,true,4.5,0,406,735,74,121,540,735,74,121,540,4.524999999999981,538,91,410,234,0,NA,162.43093922652002,0,0,
3908,0.5,timed-search,7,3500,336,517,2647,1,1,1,Clumped-Poisson,5,3,Randomly placed,15.105428571428572,0,0,0,0,0,true,4.5,0,401,1212,130,151,931,1212,130,151,931,4.511874999999976,535,956,153,103,0,NA,268.6244632220544,0,0,
3907,0.5,timed-search,7,3500,358,487,2655,1,1,1,Clumped-Poisson,5,3,Randomly placed,7.921428571428572,0,0,0,0,0,true,4.5,0,418,1212,121,163,928,1212,121,163,928,4.51437499999999,539,260,541,411,0,NA,268.4757026166419,0,0,
3911,0.5,timed-search,7,3500,347,550,2603,1,1,1,Clumped-Poisson,5,3,Randomly placed,11.646,0,0,0,0,0,true,4.5,0,403,972,109,136,727,972,109,136,727,4.519999999999992,538,185,618,169,0,NA,215.04424778761103,0,0,
3916,0.5,timed-search,7,3500,326,541,2633,1,1,1,Clumped-Poisson,5,3,Randomly placed,6.032857142857142,0,0,0,0,0,true,4.5,0,400,868,82,125,661,868,82,125,661,4.509374999999989,537,156,438,274,0,NA,192.48787248787298,0,0,
3913,0.5,timed-search,7,3500,341,526,2633,1,1,1,Clumped-Poisson,5,3,Randomly placed,8.928857142857144,0,0,0,0,0,true,4.5,0,388,431,48,54,329,431,48,54,329,4.5212499999999824,538,328,32,71,0,NA,95.32761957423315,0,0,
3905,0.5,timed-search,7,3500,345,519,2636,1,1,1,Clumped-Poisson,5,3,Randomly placed,15.051714285714285,0,0,0,0,0,true,4.5,0,393,1671,163,233,1275,1671,163,233,1275,4.504999999999989,536,455,420,796,0,NA,370.9211986681474,0,0,
3915,0.5,timed-search,7,3500,338,489,2673,1,1,1,Clumped-Poisson,5,3,Randomly placed,8.395714285714286,0,0,0,0,0,true,4.5,0,386,802,82,123,597,802,82,123,597,4.5174999999999805,538,237,271,294,0,NA,177.53182069728908,0,0,
3917,0.5,timed-search,7,3500,315,512,2673,1,1,1,Clumped-Poisson,5,3,Randomly placed,9.208857142857143,0,0,0,0,0,true,4.5,0,397,748,62,110,576,748,62,110,576,4.500624999999981,536,204,265,279,0,NA,166.19913900847175,0,0,
3919,0.5,timed-search,7,3500,349,499,2652,1,1,1,Clumped-Poisson,5,3,Randomly placed,15.036857142857142,0,0,0,0,0,true,4.5,0,389,1212,120,155,937,1212,120,155,937,4.514374999999995,539,253,314,645,0,NA,268.47570261664157,0,0,
3909,0.5,timed-search,7,3500,378,499,2623,1,1,1,Clumped-Poisson,5,3,Randomly placed,13.931714285714287,0,0,0,0,0,true,4.5,0,423,1746,206,250,1290,1746,206,250,1290,4.500624999999983,536,517,812,417,0,NA,387.9461185946411,0,0,
3918,0.5,timed-search,7,3500,300,524,2676,1,1,1,Clumped-Poisson,5,3,Randomly placed,6.600285714285714,0,0,0,0,0,true,4.5,0,399,803,83,124,596,803,83,124,596,4.501249999999978,535,211,219,373,0,NA,178.39489030824856,0,0,
3925,0.5,timed-search,7,3500,346,532,2622,1,1,1,Clumped-Poisson,5,3,Randomly placed,6.97,0,0,0,0,0,true,4.5,0,369,1175,141,172,862,1175,141,172,862,4.501874999999974,536,241,157,777,0,NA,261.00236012772604,0,0,
3920,0.5,timed-search,7,3500,360,510,2630,1,1,1,Clumped-Poisson,5,3,Randomly placed,10.218571428571428,0,0,0,0,0,true,4.5,0,395,299,31,49,219,299,31,49,219,4.509999999999992,537,70,168,61,0,NA,66.29711751662984,0,0,
3924,0.5,timed-search,7,3500,370,527,2603,1,1,1,Clumped-Poisson,5,3,Randomly placed,9.81857142857143,0,0,0,0,0,true,4.5,0,342,335,31,53,251,335,31,53,251,4.504374999999976,535,43,216,76,0,NA,74.37213819897363,0,0,
3922,0.5,timed-search,7,3500,350,532,2618,1,1,1,Clumped-Poisson,5,3,Randomly placed,9.481428571428571,0,0,0,0,0,true,4.5,0,407,908,89,127,692,908,89,127,692,4.521874999999977,538,133,398,377,0,NA,200.8016586040093,0,0,
3923,0.5,timed-search,7,3500,336,524,2640,1,1,1,Clumped-Poisson,5,3,Randomly placed,7.151714285714285,0,0,0,0,0,true,4.5,0,409,1252,121,207,924,1252,121,207,924,4.5081249999999615,534,644,254,354,0,NA,277.72078192153293,0,0,
3930,0.5,timed-search,7,3500,366,546,2588,1,1,1,Clumped-Poisson,5,3,Randomly placed,9.560857142857143,0,0,0,0,0,true,4.5,0,370,184,17,27,140,184,17,27,140,4.513749999999972,536,49,45,90,0,NA,40.76433121019133,0,0,
3926,0.5,timed-search,7,3500,372,517,2611,1,1,1,Clumped-Poisson,5,3,Randomly placed,9.388285714285715,0,0,0,0,0,true,4.5,0,419,902,98,121,683,902,98,121,683,4.508749999999986,536,262,259,381,0,NA,200.0554477405052,0,0,
3921,0.5,timed-search,7,3500,349,536,2615,1,1,1,Clumped-Poisson,5,3,Randomly placed,16.387142857142855,0,0,0,0,0,true,4.5,0,408,807,73,126,608,807,73,126,608,4.506249999999957,533,212,473,122,0,NA,179.08460471567437,0,0,
3928,0.5,timed-search,7,3500,348,520,2632,1,1,1,Clumped-Poisson,5,3,Randomly placed,6.922,0,0,0,0,0,true,4.5,0,408,838,85,140,613,838,85,140,613,4.519374999999979,538,482,167,189,0,NA,185.42386945097584,0,0,
3935,0.5,timed-search,7,3500,357,535,2608,1,1,1,Clumped-Poisson,5,3,Randomly placed,9.254000000000001,0,0,0,0,0,true,4.5,0,418,599,56,103,440,599,56,103,440,4.512499999999977,537,409,116,74,0,NA,132.7423822714688,0,0,
3933,0.5,timed-search,7,3500,357,527,2616,1,1,1,Clumped-Poisson,5,3,Randomly placed,8.622,0,0,0,0,0,true,4.5,0,371,399,36,67,296,399,36,67,296,4.5118749999999785,537,161,80,158,0,NA,88.4333010112208,0,0,
3932,0.5,timed-search,7,3500,391,529,2580,1,1,1,Clumped-Poisson,5,3,Randomly placed,7.1488571428571435,0,0,0,0,0,true,4.5,0,404,1120,121,175,824,1120,121,175,824,4.505624999999978,536,434,451,235,0,NA,248.57816618116365,0,0,
3931,0.5,timed-search,7,3500,344,569,2587,1,1,1,Clumped-Poisson,5,3,Randomly placed,7.083142857142858,0,0,0,0,0,true,4.5,0,402,943,106,166,671,943,106,166,671,4.503749999999985,536,431,338,174,0,NA,209.3810713294484,0,0,
3927,0.5,timed-search,7,3500,318,499,2683,1,1,1,Clumped-Poisson,5,3,Randomly placed,7.853428571428571,0,0,0,0,0,true,4.5,0,408,949,84,146,719,949,84,146,719,4.504999999999965,534,495,175,279,0,NA,210.65482796892505,0,0,
3937,0.5,timed-search,7,3500,356,530,2614,1,1,1,Clumped-Poisson,5,3,Randomly placed,8.790571428571429,0,0,0,0,0,true,4.5,0,421,1403,147,227,1029,1403,147,227,1029,4.506249999999986,537,678,401,324,0,NA,311.3453536754517,0,0,
3934,0.5,timed-search,7,3500,348,505,2647,1,1,1,Clumped-Poisson,5,3,Randomly placed,8.280285714285714,0,0,0,0,0,true,4.5,0,402,990,107,148,735,990,107,148,735,4.514374999999978,537,395,245,350,0,NA,219.29946005814864,0,0,
3929,0.5,timed-search,7,3500,376,530,2594,1,1,1,Clumped-Poisson,5,3,Randomly placed,10.519714285714286,0,0,0,0,0,true,4.5,0,391,358,38,51,269,358,38,51,269,4.523124999999983,538,181,14,163,0,NA,79.14881857123146,0,0,
3936,0.5,timed-search,7,3500,345,519,2636,1,1,1,Clumped-Poisson,5,3,Randomly placed,11.296285714285714,0,0,0,0,0,true,4.5,0,401,821,94,124,603,821,94,124,603,4.501249999999983,536,22,161,638,0,NA,182.39377950569354,0,0,
3938,0.5,timed-search,7,3500,323,537,2640,1,1,1,Clumped-Poisson,5,3,Randomly placed,7.177428571428571,0,0,0,0,0,true,4.5,0,410,502,46,77,379,502,46,77,379,4.510624999999979,537,20,373,109,0,NA,111.29278093390658,0,0,
3939,0.5,timed-search,7,3500,331,566,2603,1,1,1,Clumped-Poisson,5,3,Randomly placed,6.387142857142857,0,0,0,0,0,true,4.5,0,376,876,93,135,648,876,93,135,648,4.511249999999986,537,145,260,471,0,NA,194.1812136325858,0,0,
3946,0.5,timed-search,7,3500,291,508,2701,1,1,1,Clumped-Poisson,5,3,Randomly placed,10.525428571428572,0,0,0,0,0,true,4.5,0,422,1160,98,159,903,1160,98,159,903,4.509999999999978,537,274,372,514,0,NA,257.2062084257219,0,0,
3947,0.5,timed-search,7,3500,372,507,2621,1,1,1,Clumped-Poisson,5,3,Randomly placed,13.776857142857143,0,0,0,0,0,true,4.5,0,432,1731,194,247,1290,1731,194,247,1290,4.520624999999985,538,254,582,895,0,NA,382.91165491497435,0,0,
3943,0.5,timed-search,7,3500,367,545,2588,1,1,1,Clumped-Poisson,5,3,Randomly placed,8.554571428571428,0,0,0,0,0,true,4.5,0,399,924,109,128,687,924,109,128,687,4.523749999999988,539,302,176,446,0,NA,204.2553191489367,0,0,
3950,0.5,timed-search,7,3500,351,541,2608,1,1,1,Clumped-Poisson,5,3,Randomly placed,8.008285714285714,0,0,0,0,0,true,4.5,0,387,692,73,101,518,692,73,101,518,4.524374999999976,538,294,285,113,0,NA,152.94930238983366,0,0,
3942,0.5,timed-search,7,3500,329,529,2642,1,1,1,Clumped-Poisson,5,3,Randomly placed,9.76142857142857,0,0,0,0,0,true,4.5,0,404,618,53,94,471,618,53,94,471,4.50437499999998,536,189,10,419,0,NA,137.19994449840493,0,0,
3945,0.5,timed-search,7,3500,352,496,2652,1,1,1,Clumped-Poisson,5,3,Randomly placed,9.308285714285715,0,0,0,0,0,true,4.5,0,393,676,85,100,491,676,85,100,491,4.523124999999976,538,97,258,321,0,NA,149.45419372668312,0,0,
3949,0.5,timed-search,7,3500,358,502,2640,1,1,1,Clumped-Poisson,5,3,Randomly placed,9.85,0,0,0,0,0,true,4.5,0,400,877,89,123,665,877,89,123,665,4.506874999999982,537,162,277,438,0,NA,194.59159617251498,0,0,
3940,0.5,timed-search,7,3500,339,532,2629,1,1,1,Clumped-Poisson,5,3,Randomly placed,11.824857142857143,0,0,0,0,0,true,4.5,0,386,949,104,145,700,949,104,145,700,4.505624999999975,536,344,540,65,0,NA,210.6256068802897,0,0,
3951,0.5,timed-search,7,3500,351,509,2640,1,1,1,Clumped-Poisson,5,3,Randomly placed,10.100285714285715,0,0,0,0,0,true,4.5,0,404,828,79,133,616,828,79,133,616,4.518749999999982,538,60,469,299,0,NA,183.23651452282232,0,0,
3941,0.5,timed-search,7,3500,374,560,2566,1,1,1,Clumped-Poisson,5,3,Randomly placed,7.751714285714286,0,0,0,0,0,true,4.5,0,425,988,97,152,739,988,97,152,739,4.50875,538,583,186,219,0,NA,219.12947047407818,0,0,
3957,0.5,timed-search,7,3500,371,531,2598,1,1,1,Clumped-Poisson,5,3,Randomly placed,11.594,0,0,0,0,0,true,4.5,0,376,601,63,86,452,601,63,86,452,4.516249999999982,538,16,241,344,0,NA,133.07500691945805,0,0,
3955,0.5,timed-search,7,3500,345,549,2606,1,1,1,Clumped-Poisson,5,3,Randomly placed,7.401428571428572,0,0,0,0,0,true,4.5,0,423,1238,129,192,917,1238,129,192,917,4.520624999999982,538,210,456,572,0,NA,273.8559380616629,0,0,
3959,0.5,timed-search,7,3500,361,494,2645,1,1,1,Clumped-Poisson,5,3,Randomly placed,8.547142857142857,0,0,0,0,0,true,4.5,0,382,1119,118,160,841,1119,118,160,841,4.5087499999999645,535,404,431,284,0,NA,248.18408649847714,0,0,
3953,0.5,timed-search,7,3500,342,526,2632,1,1,1,Clumped-Poisson,5,3,Randomly placed,8.221428571428572,0,0,0,0,0,true,4.5,0,367,891,87,149,655,891,87,149,655,4.524999999999996,539,213,368,310,0,NA,196.90607734806647,0,0,
3956,0.5,timed-search,7,3500,359,534,2607,1,1,1,Clumped-Poisson,5,3,Randomly placed,8.715142857142856,0,0,0,0,0,true,4.5,0,406,970,94,153,723,970,94,153,723,4.5131249999999765,537,272,394,304,0,NA,214.92868023819528,0,0,
3954,0.5,timed-search,7,3500,327,558,2615,1,1,1,Clumped-Poisson,5,3,Randomly placed,7.928857142857143,0,0,0,0,0,true,4.5,0,402,1142,105,194,843,1142,105,194,843,4.505624999999986,537,443,476,223,0,NA,253.4609515882932,0,0,
3948,0.5,timed-search,7,3500,345,538,2617,1,1,1,Clumped-Poisson,5,3,Randomly placed,9.919714285714287,0,0,0,0,0,true,4.5,0,405,643,66,100,477,643,66,100,477,4.514374999999985,538,183,92,368,0,NA,142.43389173473673,0,0,
3952,0.5,timed-search,7,3500,382,506,2612,1,1,1,Clumped-Poisson,5,3,Randomly placed,7.658,0,0,0,0,0,true,4.5,0,404,762,101,102,559,762,101,102,559,4.506249999999971,535,353,247,162,0,NA,169.09847434119388,0,0,
3963,0.5,timed-search,7,3500,362,516,2622,1,1,1,Clumped-Poisson,5,3,Randomly placed,9.974571428571428,0,0,0,0,0,true,4.5,0,416,1025,110,153,762,1025,110,153,762,4.52187499999998,538,361,472,192,0,NA,226.67588113338041,0,0,
3960,0.5,timed-search,7,3500,379,547,2574,1,1,1,Clumped-Poisson,5,3,Randomly placed,15.306,0,0,0,0,0,true,4.5,0,396,874,91,131,652,874,91,131,652,4.512499999999984,538,96,216,562,0,NA,193.68421052631646,0,0,
3944,0.5,timed-search,7,3500,350,521,2629,1,1,1,Clumped-Poisson,5,3,Randomly placed,8.206571428571428,0,0,0,0,0,true,4.5,0,414,822,74,129,619,822,74,129,619,4.506874999999962,534,505,93,224,0,NA,182.38801830536835,0,0,
3961,0.5,timed-search,7,3500,342,532,2626,1,1,1,Clumped-Poisson,5,3,Randomly placed,10.743142857142857,0,0,0,0,0,true,4.5,0,425,846,90,114,642,846,90,114,642,4.520624999999984,538,311,195,340,0,NA,187.1422646204901,0,0,
3962,0.5,timed-search,7,3500,362,541,2597,1,1,1,Clumped-Poisson,5,3,Randomly placed,7.969428571428572,0,0,0,0,0,true,4.5,0,411,589,56,71,462,589,56,71,462,4.519999999999978,538,301,113,175,0,NA,130.30973451327498,0,0,
3966,0.5,timed-search,7,3500,367,537,2596,1,1,1,Clumped-Poisson,5,3,Randomly placed,9.387714285714285,0,0,0,0,0,true,4.5,0,423,667,75,100,492,667,75,100,492,4.523124999999997,539,106,420,141,0,NA,147.46441895813192,0,0,
3968,0.5,timed-search,7,3500,342,526,2632,1,1,1,Clumped-Poisson,5,3,Randomly placed,6.694,0,0,0,0,0,true,4.5,0,418,932,91,140,701,932,91,140,701,4.504999999999984,537,398,209,325,0,NA,206.88124306326378,0,0,
3958,0.5,timed-search,7,3500,373,516,2611,1,1,1,Clumped-Poisson,5,3,Randomly placed,10.805428571428573,0,0,0,0,0,true,4.5,0,408,1121,135,169,817,1121,135,169,817,4.515624999999982,538,796,219,106,0,NA,248.24913494809786,0,0,
3971,0.5,timed-search,7,3500,329,540,2631,1,1,1,Clumped-Poisson,5,3,Randomly placed,12.032857142857143,0,0,0,0,0,true,4.5,0,394,1330,132,188,1010,1330,132,188,1010,4.5143749999999745,537,678,399,253,0,NA,294.6144261387252,0,0,
3970,0.5,timed-search,7,3500,342,541,2617,1,1,1,Clumped-Poisson,5,3,Randomly placed,11.332285714285714,0,0,0,0,0,true,4.5,0,411,1081,111,155,815,1081,111,155,815,4.501874999999973,535,268,324,489,0,NA,240.12217131750802,0,0,
3969,0.5,timed-search,7,3500,321,558,2621,1,1,1,Clumped-Poisson,5,3,Randomly placed,9.107714285714286,0,0,0,0,0,true,4.5,0,400,921,89,134,698,921,89,134,698,4.509999999999979,537,255,227,439,0,NA,204.21286031042223,0,0,
3964,0.5,timed-search,7,3500,380,554,2566,1,1,1,Clumped-Poisson,5,3,Randomly placed,10.914,0,0,0,0,0,true,4.5,0,418,654,73,99,482,654,73,99,482,4.5081249999999775,537,396,221,37,0,NA,145.07139886316446,0,0,
3975,0.5,timed-search,7,3500,371,542,2587,1,1,1,Clumped-Poisson,5,3,Randomly placed,9.438,0,0,0,0,0,true,4.5,0,419,465,50,74,341,465,50,74,341,4.508749999999982,537,154,48,263,0,NA,103.13279733850887,0,0,
3974,0.5,timed-search,7,3500,353,548,2599,1,1,1,Clumped-Poisson,5,3,Randomly placed,9.045428571428571,0,0,0,0,0,true,4.5,0,430,1270,119,202,949,1270,119,202,949,4.521249999999978,538,614,468,188,0,NA,280.89576997511887,0,0,
3967,0.5,timed-search,7,3500,326,534,2640,1,1,1,Clumped-Poisson,5,3,Randomly placed,9.718,0,0,0,0,0,true,4.5,0,430,760,74,115,571,760,74,115,571,4.5131249999999765,537,85,312,363,0,NA,168.39772884642105,0,0,
3977,0.5,timed-search,7,3500,376,524,2600,1,1,1,Clumped-Poisson,5,3,Randomly placed,8.595714285714285,0,0,0,0,0,true,4.5,0,399,1169,138,166,865,1169,138,166,865,4.500624999999982,535,372,290,507,0,NA,259.74170254131474,0,0,
3979,0.5,timed-search,7,3500,330,500,2670,1,1,1,Clumped-Poisson,5,3,Randomly placed,7.708285714285714,0,0,0,0,0,true,4.5,0,444,621,54,85,482,621,54,85,482,4.51124999999999,539,254,233,134,0,NA,137.6558603491275,0,0,
3978,0.5,timed-search,7,3500,373,498,2629,1,1,1,Clumped-Poisson,5,3,Randomly placed,7.7700000000000005,0,0,0,0,0,true,4.5,0,413,635,77,99,459,635,77,99,459,4.508124999999987,538,65,349,221,0,NA,140.85678635796518,0,0,
3973,0.5,timed-search,7,3500,317,518,2665,1,1,1,Clumped-Poisson,5,3,Randomly placed,5.8185714285714285,0,0,0,0,0,true,4.5,0,390,889,86,119,684,889,86,119,684,4.500624999999979,535,214,291,384,0,NA,197.52812109429337,0,0,
3965,0.5,timed-search,7,3500,367,528,2605,1,1,1,Clumped-Poisson,5,3,Randomly placed,10.696857142857143,0,0,0,0,0,true,4.5,0,422,323,29,53,241,323,29,53,241,4.502499999999979,535,73,104,146,0,NA,71.73792337590261,0,0,
3972,0.5,timed-search,7,3500,369,500,2631,1,1,1,Clumped-Poisson,5,3,Randomly placed,11.747714285714284,0,0,0,0,0,true,4.5,0,385,799,70,110,619,799,70,110,619,4.512499999999995,537,548,108,143,0,NA,177.06371191135753,0,0,
3976,0.5,timed-search,7,3500,366,554,2580,1,1,1,Clumped-Poisson,5,3,Randomly placed,7.989428571428571,0,0,0,0,0,true,4.5,0,411,949,103,125,721,949,103,125,721,4.521249999999983,539,356,293,300,0,NA,209.89770528062007,0,0,
3980,0.5,timed-search,7,3500,346,510,2644,1,1,1,Clumped-Poisson,5,3,Randomly placed,11.247714285714284,0,0,0,0,0,true,4.5,0,414,1080,118,163,799,1080,118,163,799,4.523124999999976,538,244,542,294,0,NA,238.77297222606177,0,0,
3983,0.5,timed-search,7,3500,361,539,2600,1,1,1,Clumped-Poisson,5,3,Randomly placed,7.106571428571429,0,0,0,0,0,true,4.5,0,343,495,43,83,369,495,43,83,369,4.505624999999977,536,73,121,301,0,NA,109.86267166042502,0,0,
3982,0.5,timed-search,7,3500,357,541,2602,1,1,1,Clumped-Poisson,5,3,Randomly placed,7.789428571428572,0,0,0,0,0,true,4.5,0,397,1184,122,181,881,1184,122,181,881,4.505624999999961,534,576,298,310,0,NA,262.7826328200883,0,0,
3987,0.5,timed-search,7,3500,341,507,2652,1,1,1,Clumped-Poisson,5,3,Randomly placed,9.155142857142858,0,0,0,0,0,true,4.5,0,383,1026,92,143,791,1026,92,143,791,4.515624999999992,538,499,316,211,0,NA,227.21107266436027,0,0,
3981,0.5,timed-search,7,3500,353,528,2619,1,1,1,Clumped-Poisson,5,3,Randomly placed,15.964857142857143,0,0,0,0,0,true,4.5,0,397,1100,103,155,842,1100,103,155,842,4.510624999999978,536,522,449,129,0,NA,243.86864348067184,0,0,
3993,0.5,timed-search,7,3500,373,494,2633,1,1,1,Clumped-Poisson,5,3,Randomly placed,12.563714285714285,0,0,0,0,0,true,4.5,0,380,446,52,88,306,446,52,88,306,4.508749999999975,536,69,199,178,0,NA,98.91876906016134,0,0,
3991,0.5,timed-search,7,3500,359,485,2656,1,1,1,Clumped-Poisson,5,3,Randomly placed,10.715142857142856,0,0,0,0,0,true,4.5,0,413,778,82,130,566,778,82,130,566,4.508749999999964,535,582,121,75,0,NA,172.55336845023706,0,0,
3984,0.5,timed-search,7,3500,340,520,2640,1,1,1,Clumped-Poisson,5,3,Randomly placed,7.258571428571429,0,0,0,0,0,true,4.5,0,416,1288,119,189,980,1288,119,189,980,4.520624999999982,538,442,659,187,0,NA,284.91635559242474,0,0,
3989,0.5,timed-search,7,3500,343,539,2618,1,1,1,Clumped-Poisson,5,3,Randomly placed,9.962,0,0,0,0,0,true,4.5,0,356,535,50,84,401,535,50,84,401,4.507499999999976,536,366,50,119,0,NA,118.69107043815924,0,0,
3990,0.5,timed-search,7,3500,356,516,2628,1,1,1,Clumped-Poisson,5,3,Randomly placed,8.882,0,0,0,0,0,true,4.5,0,428,971,109,131,731,971,109,131,731,4.51749999999996,535,231,431,309,0,NA,214.94189263973627,0,0,
4001,0.5,timed-search,0.01,5,0,1,4,0.7,0.7,0.7,Clumped-Poisson,5,3,Randomly placed,0.9975000000000565,0,0,0,0,0,true,4.5,0,461,2,0,1,1,2,0,1,1,4.512499999999965,531,0,0,2,0,NA,0.44321329639889545,0,0,
4002,0.5,timed-search,0.01,5,0,0,5,0.7,0.7,0.7,Clumped-Poisson,5,3,Randomly placed,0.9975000000000558,0,0,0,0,0,true,4.5,0,429,0,0,0,0,0,0,0,0,4.512499999999957,528,0,0,0,0,NA,0,0,0,
4004,0.5,timed-search,0.01,5,1,0,4,0.7,0.7,0.7,Clumped-Poisson,5,3,Randomly placed,0.9975000000000345,0,0,0,0,0,true,4.5,0,433,1,1,0,0,1,1,0,0,4.524999999999958,531,1,0,0,0,NA,0.22099447513812362,0,0,
4003,0.5,timed-search,0.01,5,1,0,4,0.7,0.7,0.7,Clumped-Poisson,5,3,Randomly placed,0.997500000000033,0,0,0,0,0,true,4.5,0,433,1,0,0,1,1,0,0,1,4.5212499999999585,530,0,0,1,0,NA,0.22117777163395283,0,0,
3985,0.5,timed-search,7,3500,331,532,2637,1,1,1,Clumped-Poisson,5,3,Randomly placed,8.955714285714285,0,0,0,0,0,true,4.5,0,427,1085,97,172,816,1085,97,172,816,4.504374999999982,536,127,299,659,0,NA,240.87692521160082,0,0,
4005,0.5,timed-search,0.01,5,0,1,4,0.7,0.7,0.7,Clumped-Poisson,5,3,Randomly placed,0.9975000000000133,0,0,0,0,0,true,4.5,0,427,2,0,1,1,2,0,1,1,4.502499999999967,530,0,1,1,0,NA,0.44419766796224647,0,0,
4008,0.5,timed-search,0.01,5,1,1,3,0.7,0.7,0.7,Clumped-Poisson,5,3,Randomly placed,0.9975000000000351,0,0,0,0,0,true,4.5,0,439,1,0,0,1,1,0,0,1,4.508124999999963,529,1,0,0,0,NA,0.22182171079994634,0,0,
4006,0.5,timed-search,0.01,5,0,1,4,0.7,0.7,0.7,Clumped-Poisson,5,3,Randomly placed,0.9975000000000172,0,0,0,0,0,true,4.5,0,447,3,0,1,2,1,0,0,1,4.506874999999968,529,0,1,0,0,NA,0.22188323394813636,0,0,
4011,0.5,timed-search,0.01,5,1,2,2,0.7,0.7,0.7,Clumped-Poisson,5,3,Randomly placed,0.9975000000000452,0,0,0,0,0,true,4.5,0,446,3,1,1,1,3,1,1,1,4.507499999999953,531,0,0,3,0,NA,0.6655574043261301,0,0,
3994,0.5,timed-search,7,3500,341,504,2655,1,1,1,Clumped-Poisson,5,3,Randomly placed,18.123142857142856,0,0,0,0,0,true,4.5,0,377,918,88,138,692,918,88,138,692,4.523124999999978,538,354,336,228,0,NA,202.95702639215241,0,0,
3997,0.5,timed-search,7,3500,345,547,2608,1,1,1,Clumped-Poisson,5,3,Randomly placed,6.420285714285714,0,0,0,0,0,true,4.5,0,387,1090,107,172,811,1090,107,172,811,4.503124999999981,536,643,108,339,0,NA,242.05412907703086,0,0,
4010,0.5,timed-search,0.01,5,1,1,3,0.7,0.7,0.7,Clumped-Poisson,5,3,Randomly placed,0.9975000000000322,0,0,0,0,0,true,4.5,0,447,0,0,0,0,0,0,0,0,4.508124999999955,528,0,0,0,0,NA,0,0,0,
3986,0.5,timed-search,7,3500,369,514,2617,1,1,1,Clumped-Poisson,5,3,Randomly placed,5.488285714285714,0,0,0,0,0,true,4.5,0,417,771,111,114,546,771,111,114,546,4.513124999999979,537,313,87,371,0,NA,170.83506439551388,0,0,
4009,0.5,timed-search,0.01,5,0,0,5,0.7,0.7,0.7,Clumped-Poisson,5,3,Randomly placed,0.9975000000000465,0,0,0,0,0,true,4.5,0,420,1,0,0,1,1,0,0,1,4.5162499999999675,530,0,1,0,0,NA,0.22142264046498913,0,0,
4007,0.5,timed-search,0.01,5,0,0,5,0.7,0.7,0.7,Clumped-Poisson,5,3,Randomly placed,0.997500000000037,0,0,0,0,0,true,4.5,0,451,1,0,0,1,0,0,0,0,4.511249999999957,528,0,0,0,0,NA,0,0,0,
3999,0.5,timed-search,7,3500,347,514,2639,1,1,1,Clumped-Poisson,5,3,Randomly placed,13.68942857142857,0,0,0,0,0,true,4.5,0,398,843,86,113,644,843,86,113,644,4.501249999999995,537,706,65,72,0,NA,187.2813107470149,0,0,
4014,0.5,timed-search,0.01,5,0,0,5,0.7,0.7,0.7,Clumped-Poisson,5,3,Randomly placed,0.9975000000000505,0,0,0,0,0,true,4.5,0,443,3,0,0,3,1,0,0,1,4.512499999999955,530,0,0,1,0,NA,0.2216066481994482,0,0,
4013,0.5,timed-search,0.01,5,0,2,3,0.7,0.7,0.7,Clumped-Poisson,5,3,Randomly placed,0.9975000000000401,0,0,0,0,0,true,4.5,0,448,2,0,0,2,1,0,0,1,4.503749999999967,529,1,0,0,0,NA,0.22203719122953255,0,0,
4018,0.5,timed-search,0.01,5,0,0,5,0.7,0.7,0.7,Clumped-Poisson,5,3,Randomly placed,0.9975000000000619,0,0,0,0,0,true,4.5,0,450,0,0,0,0,0,0,0,0,4.508124999999955,528,0,0,0,0,NA,0,0,0,
4012,0.5,timed-search,0.01,5,1,0,4,0.7,0.7,0.7,Clumped-Poisson,5,3,Randomly placed,0.9975000000000487,0,0,0,0,0,true,4.5,0,434,2,0,0,2,2,0,0,2,4.516249999999966,532,1,0,1,0,NA,0.44284528092997844,0,0,
3996,0.5,timed-search,7,3500,384,513,2603,1,1,1,Clumped-Poisson,5,3,Randomly placed,13.081428571428571,0,0,0,0,0,true,4.5,0,381,454,45,86,323,454,45,86,323,4.514999999999989,538,56,91,307,0,NA,100.55370985603568,0,0,
4015,0.5,timed-search,0.01,5,0,1,4,0.7,0.7,0.7,Clumped-Poisson,5,3,Randomly placed,0.9975000000000468,0,0,0,0,0,true,4.5,0,452,0,0,0,0,0,0,0,0,4.511249999999957,528,0,0,0,0,NA,0,0,0,
3998,0.5,timed-search,7,3500,361,514,2625,1,1,1,Clumped-Poisson,5,3,Randomly placed,7.415142857142857,0,0,0,0,0,true,4.5,0,392,895,86,123,686,895,86,123,686,4.513124999999978,537,204,392,299,0,NA,198.31048331256153,0,0,
4019,0.5,timed-search,0.01,5,1,0,4,0.7,0.7,0.7,Clumped-Poisson,5,3,Randomly placed,0.9975000000000539,0,0,0,0,0,true,4.5,0,436,2,0,0,2,1,0,0,1,4.524999999999953,531,1,0,0,0,NA,0.22099447513812384,0,0,
3988,0.5,timed-search,7,3500,354,535,2611,1,1,1,Clumped-Poisson,5,3,Randomly placed,8.54657142857143,0,0,0,0,0,true,4.5,0,417,1160,121,194,845,1160,121,194,845,4.51499999999998,538,332,456,372,0,NA,256.9213732004441,0,0,
4017,0.5,timed-search,0.01,5,1,2,2,0.7,0.7,0.7,Clumped-Poisson,5,3,Randomly placed,0.9975000000000374,0,0,0,0,0,true,4.5,0,447,1,0,1,0,0,0,0,0,4.511249999999957,528,0,0,0,0,NA,0,0,0,
4024,0.5,timed-search,0.01,5,2,1,2,0.7,0.7,0.7,Clumped-Poisson,5,3,Randomly placed,0.9975000000000322,0,0,0,0,0,true,4.5,0,423,1,0,0,1,1,0,0,1,4.520624999999949,530,0,1,0,0,NA,0.22120835061523822,0,0,
4020,0.5,timed-search,0.01,5,0,1,4,0.7,0.7,0.7,Clumped-Poisson,5,3,Randomly placed,0.9975000000000385,0,0,0,0,0,true,4.5,0,453,1,0,0,1,1,0,0,1,4.502499999999969,529,0,1,0,0,NA,0.22209883398112312,0,0,
4021,0.5,timed-search,0.01,5,1,0,4,0.7,0.7,0.7,Clumped-Poisson,5,3,Randomly placed,0.9975000000000284,0,0,0,0,0,true,4.5,0,429,2,1,0,1,1,1,0,0,4.509374999999954,529,1,0,0,0,NA,0.221760221760224,0,0,
4023,0.5,timed-search,0.01,5,0,1,4,0.7,0.7,0.7,Clumped-Poisson,5,3,Randomly placed,0.9975000000000457,0,0,0,0,0,true,4.5,0,410,1,0,0,1,1,0,0,1,4.502499999999969,529,1,0,0,0,NA,0.22209883398112312,0,0,
4026,0.5,timed-search,0.01,5,2,1,2,0.7,0.7,0.7,Clumped-Poisson,5,3,Randomly placed,0.9975000000000595,0,0,0,0,0,true,4.5,0,449,1,0,1,0,0,0,0,0,4.508124999999955,528,0,0,0,0,NA,0,0,0,
4016,0.5,timed-search,0.01,5,0,2,3,0.7,0.7,0.7,Clumped-Poisson,5,3,Randomly placed,0.9975000000000604,0,0,0,0,0,true,4.5,0,452,2,0,1,1,2,0,1,1,4.5124999999999655,530,1,0,1,0,NA,0.44321329639889534,0,0,
4025,0.5,timed-search,0.01,5,1,1,3,0.7,0.7,0.7,Clumped-Poisson,5,3,Randomly placed,0.997500000000045,0,0,0,0,0,true,4.5,0,448,1,0,0,1,1,0,0,1,4.515624999999957,530,1,0,0,0,NA,0.22145328719723392,0,0,
4028,0.5,timed-search,0.01,5,0,1,4,0.7,0.7,0.7,Clumped-Poisson,5,3,Randomly placed,0.9975000000000521,0,0,0,0,0,true,4.5,0,421,1,0,0,1,1,0,0,1,4.504374999999953,529,0,0,1,0,NA,0.22200638268350445,0,0,
4022,0.5,timed-search,0.01,5,1,1,3,0.7,0.7,0.7,Clumped-Poisson,5,3,Randomly placed,0.997500000000032,0,0,0,0,0,true,4.5,0,433,1,0,0,1,1,0,0,1,4.519374999999963,530,0,0,1,0,NA,0.22126953395104593,0,0,
4027,0.5,timed-search,0.01,5,0,1,4,0.7,0.7,0.7,Clumped-Poisson,5,3,Randomly placed,0.997500000000045,0,0,0,0,0,true,4.5,0,454,1,0,0,1,1,0,0,1,4.519374999999957,529,1,0,0,0,NA,0.22126953395104623,0,0,
4030,0.5,timed-search,0.01,5,1,2,2,0.7,0.7,0.7,Clumped-Poisson,5,3,Randomly placed,0.9975000000000512,0,0,0,0,0,true,4.5,0,439,1,1,0,0,1,1,0,0,4.501874999999956,528,0,0,1,0,NA,0.22212966819381033,0,0,
4033,0.5,timed-search,0.01,5,1,0,4,0.7,0.7,0.7,Clumped-Poisson,5,3,Randomly placed,0.9975000000000341,0,0,0,0,0,true,4.5,0,443,0,0,0,0,0,0,0,0,4.511249999999957,528,0,0,0,0,NA,0,0,0,
4036,0.5,timed-search,0.01,5,0,2,3,0.7,0.7,0.7,Clumped-Poisson,5,3,Randomly placed,0.9975000000000512,0,0,0,0,0,true,4.5,0,422,1,0,1,0,1,0,1,0,4.518749999999968,531,0,0,1,0,NA,0.22130013831258802,0,0,
4031,0.5,timed-search,0.01,5,1,1,3,0.7,0.7,0.7,Clumped-Poisson,5,3,Randomly placed,0.9975000000000445,0,0,0,0,0,true,4.5,0,435,1,0,0,1,1,0,0,1,4.508749999999956,529,1,0,0,0,NA,0.22179096201829993,0,0,
4037,0.5,timed-search,0.01,5,0,1,4,0.7,0.7,0.7,Clumped-Poisson,5,3,Randomly placed,0.9975000000000619,0,0,0,0,0,true,4.5,0,424,0,0,0,0,0,0,0,0,4.511249999999957,528,0,0,0,0,NA,0,0,0,
4032,0.5,timed-search,0.01,5,1,1,3,0.7,0.7,0.7,Clumped-Poisson,5,3,Randomly placed,0.997500000000035,0,0,0,0,0,true,4.5,0,429,2,1,0,1,1,1,0,0,4.5124999999999575,530,0,0,1,0,NA,0.22160664819944806,0,0,
4035,0.5,timed-search,0.01,5,0,1,4,0.7,0.7,0.7,Clumped-Poisson,5,3,Randomly placed,0.9975000000000487,0,0,0,0,0,true,4.5,0,430,0,0,0,0,0,0,0,0,4.511249999999957,528,0,0,0,0,NA,0,0,0,
4029,0.5,timed-search,0.01,5,1,2,2,0.7,0.7,0.7,Clumped-Poisson,5,3,Randomly placed,0.9975000000000651,0,0,0,0,0,true,4.5,0,447,2,0,2,0,2,0,2,0,4.50937499999996,530,1,1,0,0,NA,0.4435204435204474,0,0,
4039,0.5,timed-search,0.01,5,0,1,4,0.7,0.7,0.7,Clumped-Poisson,5,3,Randomly placed,0.9975000000000329,0,0,0,0,0,true,4.5,0,413,0,0,0,0,0,0,0,0,4.512499999999957,528,0,0,0,0,NA,0,0,0,
4038,0.5,timed-search,0.01,5,1,1,3,0.7,0.7,0.7,Clumped-Poisson,5,3,Randomly placed,0.9975000000000138,0,0,0,0,0,true,4.5,0,438,0,0,0,0,0,0,0,0,4.508124999999955,528,0,0,0,0,NA,0,0,0,
4034,0.5,timed-search,0.01,5,1,0,4,0.7,0.7,0.7,Clumped-Poisson,5,3,Randomly placed,0.9975000000000239,0,0,0,0,0,true,4.5,0,447,0,0,0,0,0,0,0,0,4.508124999999956,528,0,0,0,0,NA,0,0,0,
4040,0.5,timed-search,0.01,5,0,0,5,0.7,0.7,0.7,Clumped-Poisson,5,3,Randomly placed,0.9975000000000227,0,0,0,0,0,true,4.5,0,448,0,0,0,0,0,0,0,0,4.511249999999957,528,0,0,0,0,NA,0,0,0,
4044,0.5,timed-search,0.01,5,0,0,5,0.7,0.7,0.7,Clumped-Poisson,5,3,Randomly placed,0.9975000000000517,0,0,0,0,0,true,4.5,0,423,1,0,0,1,0,0,0,0,4.512499999999957,528,0,0,0,0,NA,0,0,0,
4041,0.5,timed-search,0.01,5,0,0,5,0.7,0.7,0.7,Clumped-Poisson,5,3,Randomly placed,0.9975000000000145,0,0,0,0,0,true,4.5,0,439,2,0,0,2,2,0,0,2,4.513124999999969,531,2,0,0,0,NA,0.4431519180168982,0,0,
4047,0.5,timed-search,0.01,5,0,0,5,0.7,0.7,0.7,Clumped-Poisson,5,3,Randomly placed,0.9975000000000274,0,0,0,0,0,true,4.5,0,443,1,0,0,1,0,0,0,0,4.508124999999956,528,0,0,0,0,NA,0,0,0,
4046,0.5,timed-search,0.01,5,1,1,3,0.7,0.7,0.7,Clumped-Poisson,5,3,Randomly placed,0.997500000000041,0,0,0,0,0,true,4.5,0,431,0,0,0,0,0,0,0,0,4.511249999999957,528,0,0,0,0,NA,0,0,0,
4042,0.5,timed-search,0.01,5,0,2,3,0.7,0.7,0.7,Clumped-Poisson,5,3,Randomly placed,0.9975000000000487,0,0,0,0,0,true,4.5,0,453,2,0,1,1,2,0,1,1,4.50499999999997,529,0,1,1,0,NA,0.44395116537181206,0,0,
3995,0.5,timed-search,7,3500,335,535,2630,1,1,1,Clumped-Poisson,5,3,Randomly placed,34.73685714285714,0,0,0,0,0,true,4.5,0,431,1198,118,183,897,1198,118,183,897,4.524374999999973,538,5,531,662,0,NA,264.78795413731336,0,0,
4050,0.5,timed-search,0.01,5,1,0,4,0.7,0.7,0.7,Clumped-Poisson,5,3,Randomly placed,0.9975000000000147,0,0,0,0,0,true,4.5,0,437,1,0,0,1,1,0,0,1,4.507499999999955,529,0,1,0,0,NA,0.22185246810870993,0,0,
4048,0.5,timed-search,0.01,5,1,1,3,0.7,0.7,0.7,Clumped-Poisson,5,3,Randomly placed,1.3975000000000741,0,0,0,0,0,true,4.5,0,438,1,0,0,1,1,0,0,1,4.5024999999999675,529,0,0,1,0,NA,0.2220988339811232,0,0,
4051,0.5,timed-search,0.01,5,1,1,3,0.7,0.7,0.7,Clumped-Poisson,5,3,Randomly placed,0.9975000000000508,0,0,0,0,0,true,4.5,0,416,3,1,1,1,3,1,1,1,4.51874999999996,533,0,2,1,0,NA,0.6639004149377652,0,0,
4049,0.5,timed-search,0.01,5,0,0,5,0.7,0.7,0.7,Clumped-Poisson,5,3,Randomly placed,0.9975000000000142,0,0,0,0,0,true,4.5,0,448,0,0,0,0,0,0,0,0,4.508124999999955,528,0,0,0,0,NA,0,0,0,
4054,0.5,timed-search,0.01,5,1,0,4,0.7,0.7,0.7,Clumped-Poisson,5,3,Randomly placed,0.9975000000000595,0,0,0,0,0,true,4.5,0,427,1,0,0,1,1,0,0,1,4.504999999999966,529,0,1,0,0,NA,0.22197558268590623,0,0,
4045,0.5,timed-search,0.01,5,2,1,2,0.7,0.7,0.7,Clumped-Poisson,5,3,Randomly placed,0.9975000000000271,0,0,0,0,0,true,4.5,0,450,0,0,0,0,0,0,0,0,4.508124999999956,528,0,0,0,0,NA,0,0,0,
4052,0.5,timed-search,0.01,5,0,0,5,0.7,0.7,0.7,Clumped-Poisson,5,3,Randomly placed,0.9975000000000434,0,0,0,0,0,true,4.5,0,433,2,0,0,2,2,0,0,2,4.504374999999973,530,2,0,0,0,NA,0.44401276536700696,0,0,
4056,0.5,timed-search,0.01,5,1,0,4,0.7,0.7,0.7,Clumped-Poisson,5,3,Randomly placed,0.9975000000000595,0,0,0,0,0,true,4.5,0,458,0,0,0,0,0,0,0,0,4.506249999999956,528,0,0,0,0,NA,0,0,0,
4059,0.5,timed-search,0.01,5,1,0,4,0.7,0.7,0.7,Clumped-Poisson,5,3,Randomly placed,0.9975000000000243,0,0,0,0,0,true,4.5,0,449,2,1,0,1,2,1,0,1,4.506249999999954,530,0,1,1,0,NA,0.44382801664355515,0,0,
4055,0.5,timed-search,0.01,5,1,1,3,0.7,0.7,0.7,Clumped-Poisson,5,3,Randomly placed,0.9975000000000329,0,0,0,0,0,true,4.5,0,449,0,0,0,0,0,0,0,0,4.508124999999955,528,0,0,0,0,NA,0,0,0,
4061,0.5,timed-search,0.01,5,0,0,5,0.7,0.7,0.7,Clumped-Poisson,5,3,Randomly placed,0.9975000000000382,0,0,0,0,0,true,4.5,0,406,3,0,0,3,2,0,0,2,4.52312499999996,532,0,1,1,0,NA,0.44217217078900484,0,0,
4060,0.5,timed-search,0.01,5,2,1,2,0.7,0.7,0.7,Clumped-Poisson,5,3,Randomly placed,0.9975000000000154,0,0,0,0,0,true,4.5,0,416,2,0,1,1,1,0,0,1,4.503749999999954,529,0,1,0,0,NA,0.22203719122953322,0,0,
4058,0.5,timed-search,0.01,5,1,0,4,0.7,0.7,0.7,Clumped-Poisson,5,3,Randomly placed,0.9975000000000478,0,0,0,0,0,true,4.5,0,438,0,0,0,0,0,0,0,0,4.511249999999957,528,0,0,0,0,NA,0,0,0,
4057,0.5,timed-search,0.01,5,0,1,4,0.7,0.7,0.7,Clumped-Poisson,5,3,Randomly placed,0.9975000000000346,0,0,0,0,0,true,4.5,0,429,1,0,0,1,1,0,0,1,4.502499999999965,528,0,0,1,0,NA,0.22209883398112334,0,0,
4063,0.5,timed-search,0.01,5,0,1,4,0.7,0.7,0.7,Clumped-Poisson,5,3,Randomly placed,0.9975000000000563,0,0,0,0,0,true,4.5,0,450,1,0,0,1,1,0,0,1,4.507499999999955,529,0,1,0,0,NA,0.22185246810870993,0,0,
4043,0.5,timed-search,0.01,5,1,1,3,0.7,0.7,0.7,Clumped-Poisson,5,3,Randomly placed,0.9975000000000616,0,0,0,0,0,true,4.5,0,439,0,0,0,0,0,0,0,0,4.508124999999955,528,0,0,0,0,NA,0,0,0,
4053,0.5,timed-search,0.01,5,1,2,2,0.7,0.7,0.7,Clumped-Poisson,5,3,Randomly placed,0.997500000000016,0,0,0,0,0,true,4.5,0,440,1,0,0,1,0,0,0,0,4.506249999999956,528,0,0,0,0,NA,0,0,0,
4065,0.5,timed-search,0.01,5,1,1,3,0.7,0.7,0.7,Clumped-Poisson,5,3,Randomly placed,0.9975000000000341,0,0,0,0,0,true,4.5,0,446,2,0,1,1,1,0,0,1,4.515624999999964,530,0,1,0,0,NA,0.22145328719723362,0,0,
4062,0.5,timed-search,0.01,5,0,2,3,0.7,0.7,0.7,Clumped-Poisson,5,3,Randomly placed,0.9975000000000456,0,0,0,0,0,true,4.5,0,445,0,0,0,0,0,0,0,0,4.506249999999956,528,0,0,0,0,NA,0,0,0,
3992,0.5,timed-search,7,3500,335,559,2606,1,1,1,Clumped-Poisson,5,3,Randomly placed,8.387714285714285,0,0,0,0,0,true,4.5,0,406,390,35,52,303,390,35,52,303,4.511874999999981,537,19,189,182,0,NA,86.4385648981857,0,0,
4068,0.5,timed-search,0.01,5,0,2,3,0.7,0.7,0.7,Clumped-Poisson,5,3,Randomly placed,0.9975000000000647,0,0,0,0,0,true,4.5,0,446,0,0,0,0,0,0,0,0,4.511249999999957,528,0,0,0,0,NA,0,0,0,
4064,0.5,timed-search,0.01,5,0,2,3,0.7,0.7,0.7,Clumped-Poisson,5,3,Randomly placed,0.9975000000000813,0,0,0,0,0,true,4.5,0,456,0,0,0,0,0,0,0,0,4.511249999999957,528,0,0,0,0,NA,0,0,0,
4069,0.5,timed-search,0.01,5,1,0,4,0.7,0.7,0.7,Clumped-Poisson,5,3,Randomly placed,0.9975000000000592,0,0,0,0,0,true,4.5,0,447,3,1,0,2,1,0,0,1,4.511249999999968,530,0,0,1,0,NA,0.22166805209199383,0,0,
4067,0.5,timed-search,0.01,5,0,0,5,0.7,0.7,0.7,Clumped-Poisson,5,3,Randomly placed,0.9975000000000123,0,0,0,0,0,true,4.5,0,435,1,0,0,1,1,0,0,1,4.504999999999954,529,0,1,0,0,NA,0.22197558268590684,0,0,
4071,0.5,timed-search,0.01,5,0,1,4,0.7,0.7,0.7,Clumped-Poisson,5,3,Randomly placed,0.9975000000000525,0,0,0,0,0,true,4.5,0,430,1,0,0,1,1,0,0,1,4.506874999999961,528,0,0,1,0,NA,0.22188323394813672,0,0,
4073,0.5,timed-search,0.01,5,1,2,2,0.7,0.7,0.7,Clumped-Poisson,5,3,Randomly placed,0.9975000000000611,0,0,0,0,0,true,4.5,0,448,1,0,0,1,0,0,0,0,4.512499999999957,528,0,0,0,0,NA,0,0,0,
4070,0.5,timed-search,0.01,5,2,1,2,0.7,0.7,0.7,Clumped-Poisson,5,3,Randomly placed,0.9975000000000139,0,0,0,0,0,true,4.5,0,428,2,0,0,2,2,0,0,2,4.506874999999952,530,0,1,1,0,NA,0.44376646789627433,0,0,
4075,0.5,timed-search,0.01,5,1,0,4,0.7,0.7,0.7,Clumped-Poisson,5,3,Randomly placed,0.9975000000000687,0,0,0,0,0,true,4.5,0,441,2,1,0,1,1,0,0,1,4.515624999999954,530,0,0,1,0,NA,0.2214532871972341,0,0,
4072,0.5,timed-search,0.01,5,0,0,5,0.7,0.7,0.7,Clumped-Poisson,5,3,Randomly placed,0.9975000000000552,0,0,0,0,0,true,4.5,0,450,0,0,0,0,0,0,0,0,4.508124999999955,528,0,0,0,0,NA,0,0,0,
4066,0.5,timed-search,0.01,5,0,0,5,0.7,0.7,0.7,Clumped-Poisson,5,3,Randomly placed,0.997500000000035,0,0,0,0,0,true,4.5,0,424,0,0,0,0,0,0,0,0,4.508124999999956,528,0,0,0,0,NA,0,0,0,
4074,0.5,timed-search,0.01,5,0,2,3,0.7,0.7,0.7,Clumped-Poisson,5,3,Randomly placed,0.9975000000000355,0,0,0,0,0,true,4.5,0,456,1,0,0,1,0,0,0,0,4.512499999999957,528,0,0,0,0,NA,0,0,0,
4077,0.5,timed-search,0.01,5,0,1,4,0.7,0.7,0.7,Clumped-Poisson,5,3,Randomly placed,0.9975000000000225,0,0,0,0,0,true,4.5,0,449,1,0,0,1,1,0,0,1,4.518749999999966,530,0,0,1,0,NA,0.2213001383125881,0,0,
4080,0.5,timed-search,0.01,5,0,0,5,0.7,0.7,0.7,Clumped-Poisson,5,3,Randomly placed,0.9975000000000445,0,0,0,0,0,true,4.5,0,429,1,0,0,1,0,0,0,0,4.506249999999956,528,0,0,0,0,NA,0,0,0,
4079,0.5,timed-search,0.01,5,1,2,2,0.7,0.7,0.7,Clumped-Poisson,5,3,Randomly placed,0.9975000000000644,0,0,0,0,0,true,4.5,0,440,2,0,1,1,2,0,1,1,4.51499999999996,531,1,1,0,0,NA,0.4429678848283539,0,0,
4082,0.5,timed-search,0.01,5,1,1,3,0.7,0.7,0.7,Clumped-Poisson,5,3,Randomly placed,0.9975000000000461,0,0,0,0,0,true,4.5,0,396,2,1,0,1,2,1,0,1,4.524374999999966,533,0,1,1,0,NA,0.44205000690703466,0,0,
4081,0.5,timed-search,0.01,5,2,0,3,0.7,0.7,0.7,Clumped-Poisson,5,3,Randomly placed,0.9975000000000552,0,0,0,0,0,true,4.5,0,414,2,1,0,1,2,1,0,1,4.500624999999959,530,0,0,2,0,NA,0.4443827246215844,0,0,
4084,0.5,timed-search,0.01,5,0,1,4,0.7,0.7,0.7,Clumped-Poisson,5,3,Randomly placed,0.9975000000000493,0,0,0,0,0,true,4.5,0,426,3,0,1,2,2,0,1,1,4.503749999999979,530,0,0,2,0,NA,0.444074382459064,0,0,
4085,0.5,timed-search,0.01,5,0,0,5,0.7,0.7,0.7,Clumped-Poisson,5,3,Randomly placed,0.9975000000000722,0,0,0,0,0,true,4.5,0,424,1,0,0,1,0,0,0,0,4.512499999999957,528,0,0,0,0,NA,0,0,0,
4076,0.5,timed-search,0.01,5,0,1,4,0.7,0.7,0.7,Clumped-Poisson,5,3,Randomly placed,0.9975000000000603,0,0,0,0,0,true,4.5,0,431,3,0,1,2,3,0,1,2,4.501874999999967,531,2,0,1,0,NA,0.6663890045814292,0,0,
4086,0.5,timed-search,0.01,5,0,2,3,0.7,0.7,0.7,Clumped-Poisson,5,3,Randomly placed,0.9975000000000409,0,0,0,0,0,true,4.5,0,463,1,0,1,0,1,0,1,0,4.518749999999961,531,1,0,0,0,NA,0.22130013831258838,0,0,
4092,0.5,timed-search,0.01,5,0,1,4,0.7,0.7,0.7,Clumped-Poisson,5,3,Randomly placed,0.9975000000000687,0,0,0,0,0,true,4.5,0,439,1,0,1,0,0,0,0,0,4.511249999999957,528,0,0,0,0,NA,0,0,0,
4089,0.5,timed-search,0.01,5,0,1,4,0.7,0.7,0.7,Clumped-Poisson,5,3,Randomly placed,0.9975000000000447,0,0,0,0,0,true,4.5,0,423,2,0,1,1,2,0,1,1,4.504374999999965,530,0,1,1,0,NA,0.44401276536700773,0,0,
4091,0.5,timed-search,0.01,5,0,1,4,0.7,0.7,0.7,Clumped-Poisson,5,3,Randomly placed,0.9975000000000318,0,0,0,0,0,true,4.5,0,440,3,0,1,2,2,0,1,1,4.523124999999971,532,1,0,1,0,NA,0.4421721707890038,0,0,
4078,0.5,timed-search,0.01,5,1,1,3,0.7,0.7,0.7,Clumped-Poisson,5,3,Randomly placed,0.997500000000065,0,0,0,0,0,true,4.5,0,470,1,0,0,1,0,0,0,0,4.508124999999956,528,0,0,0,0,NA,0,0,0,
4000,0.5,timed-search,7,3500,359,499,2642,1,1,1,Clumped-Poisson,5,3,Randomly placed,11.974571428571428,0,0,0,0,0,true,4.5,0,400,1464,171,207,1086,1464,171,207,1086,4.516249999999979,538,485,325,654,0,NA,324.16274564074325,0,0,
4094,0.5,timed-search,0.01,5,1,1,3,0.7,0.7,0.7,Clumped-Poisson,5,3,Randomly placed,0.9975000000000644,0,0,0,0,0,true,4.5,0,430,1,0,1,0,1,0,1,0,4.503749999999957,529,1,0,0,0,NA,0.22203719122953308,0,0,
4083,0.5,timed-search,0.01,5,0,0,5,0.7,0.7,0.7,Clumped-Poisson,5,3,Randomly placed,0.9975000000000542,0,0,0,0,0,true,4.5,0,442,0,0,0,0,0,0,0,0,4.511249999999957,528,0,0,0,0,NA,0,0,0,
4093,0.5,timed-search,0.01,5,1,1,3,0.7,0.7,0.7,Clumped-Poisson,5,3,Randomly placed,0.9975000000000123,0,0,0,0,0,true,4.5,0,472,1,1,0,0,0,0,0,0,4.512499999999957,528,0,0,0,0,NA,0,0,0,
4097,0.5,timed-search,0.01,5,1,0,4,0.7,0.7,0.7,Clumped-Poisson,5,3,Randomly placed,0.9975000000000651,0,0,0,0,0,true,4.5,0,457,1,0,0,1,1,0,0,1,4.512499999999959,529,0,1,0,0,NA,0.22160664819944798,0,0,
4096,0.5,timed-search,0.01,5,1,0,4,0.7,0.7,0.7,Clumped-Poisson,5,3,Randomly placed,0.997500000000037,0,0,0,0,0,true,4.5,0,407,0,0,0,0,0,0,0,0,4.511249999999957,528,0,0,0,0,NA,0,0,0,
4098,0.5,timed-search,0.01,5,1,0,4,0.7,0.7,0.7,Clumped-Poisson,5,3,Randomly placed,0.9975000000000527,0,0,0,0,0,true,4.5,0,451,1,0,0,1,1,0,0,1,4.516874999999962,530,0,1,0,0,NA,0.2213920022139219,0,0,
4087,0.5,timed-search,0.01,5,0,2,3,0.7,0.7,0.7,Clumped-Poisson,5,3,Randomly placed,0.9975000000000429,0,0,0,0,0,true,4.5,0,425,1,0,0,1,1,0,0,1,4.511249999999969,530,1,0,0,0,NA,0.22166805209199375,0,0,
4100,0.5,timed-search,0.01,5,1,0,4,0.7,0.7,0.7,Clumped-Poisson,5,3,Randomly placed,0.9975000000000213,0,0,0,0,0,true,4.5,0,441,0,0,0,0,0,0,0,0,4.506249999999956,528,0,0,0,0,NA,0,0,0,
4095,0.5,timed-search,0.01,5,0,1,4,0.7,0.7,0.7,Clumped-Poisson,5,3,Randomly placed,0.9975000000000244,0,0,0,0,0,true,4.5,0,413,1,0,0,1,1,0,0,1,4.516874999999954,530,0,0,1,0,NA,0.2213920022139223,0,0,
4099,0.5,timed-search,0.01,5,1,2,2,0.7,0.7,0.7,Clumped-Poisson,5,3,Randomly placed,0.997500000000031,0,0,0,0,0,true,4.5,0,438,0,0,0,0,0,0,0,0,4.508124999999956,528,0,0,0,0,NA,0,0,0,
4102,0.5,timed-search,0.1,50,6,9,35,0.7,0.7,0.7,Clumped-Poisson,5,3,Randomly placed,1.0549999999999813,0,0,0,0,0,true,4.5,0,405,11,2,3,6,6,1,1,4,4.506874999999995,534,5,0,1,0,NA,1.3312994036888104,0,0,
4101,0.5,timed-search,0.1,50,0,10,40,0.7,0.7,0.7,Clumped-Poisson,5,3,Randomly placed,1.1349999999999814,0,0,0,0,0,true,4.5,0,436,25,0,3,22,21,0,3,18,4.509999999999973,534,7,9,5,0,NA,4.656319290465659,0,0,
4088,0.5,timed-search,0.01,5,0,2,3,0.7,0.7,0.7,Clumped-Poisson,5,3,Randomly placed,0.9975000000000572,0,0,0,0,0,true,4.5,0,421,1,0,1,0,1,0,1,0,4.503124999999971,529,1,0,0,0,NA,0.22206800832755172,0,0,
4105,0.5,timed-search,0.1,50,5,5,40,0.7,0.7,0.7,Clumped-Poisson,5,3,Randomly placed,1.2149999999999828,0,0,0,0,0,true,4.5,0,469,11,2,2,7,6,1,1,4,4.524374999999964,532,3,3,0,0,NA,1.3261500207211048,0,0,
4106,0.5,timed-search,0.1,50,5,11,34,0.7,0.7,0.7,Clumped-Poisson,5,3,Randomly placed,1.1749999999999843,0,0,0,0,0,true,4.5,0,410,8,1,4,3,7,1,3,3,4.51312499999995,533,1,1,5,0,NA,1.5510317130591502,0,0,
4103,0.5,timed-search,0.1,50,4,6,40,0.7,0.7,0.7,Clumped-Poisson,5,3,Randomly placed,1.134999999999984,0,0,0,0,0,true,4.5,0,422,21,4,2,15,16,3,2,11,4.507499999999985,534,9,5,2,0,NA,3.549639489739335,0,0,
4090,0.5,timed-search,0.01,5,1,0,4,0.7,0.7,0.7,Clumped-Poisson,5,3,Randomly placed,0.9975000000000555,0,0,0,0,0,true,4.5,0,454,1,1,0,0,0,0,0,0,4.508124999999955,528,0,0,0,0,NA,0,0,0,
4108,0.5,timed-search,0.1,50,3,13,34,0.7,0.7,0.7,Clumped-Poisson,5,3,Randomly placed,1.0149999999999846,0,0,0,0,0,true,4.5,0,417,11,1,3,7,10,1,3,6,4.519999999999973,537,2,3,5,0,NA,2.2123893805309867,0,0,
4110,0.5,timed-search,0.1,50,7,7,36,0.7,0.7,0.7,Clumped-Poisson,5,3,Randomly placed,1.1349999999999851,0,0,0,0,0,true,4.5,0,403,19,2,4,13,14,1,3,10,4.5068749999999795,534,4,9,1,0,NA,3.1063652752739013,0,0,
4109,0.5,timed-search,0.1,50,4,9,37,0.7,0.7,0.7,Clumped-Poisson,5,3,Randomly placed,1.174999999999982,0,0,0,0,0,true,4.5,0,421,17,2,3,12,11,2,2,7,4.50624999999995,531,4,3,4,0,NA,2.4410540915395558,0,0,
4111,0.5,timed-search,0.1,50,5,6,39,0.7,0.7,0.7,Clumped-Poisson,5,3,Randomly placed,1.1749999999999838,0,0,0,0,0,true,4.5,0,402,4,0,0,4,3,0,0,3,4.518124999999966,532,1,1,1,0,NA,0.663992253423715,0,0,
4113,0.5,timed-search,0.1,50,4,6,40,0.7,0.7,0.7,Clumped-Poisson,5,3,Randomly placed,1.2149999999999823,0,0,0,0,0,true,4.5,0,387,11,1,2,8,10,1,2,7,4.509374999999978,535,5,4,1,0,NA,2.2176022176022285,0,0,
4112,0.5,timed-search,0.1,50,3,4,43,0.7,0.7,0.7,Clumped-Poisson,5,3,Randomly placed,1.0949999999999795,0,0,0,0,0,true,4.5,0,400,24,2,3,19,23,2,3,18,4.516249999999983,538,6,7,10,0,NA,5.092720730694733,0,0,
4121,0.5,timed-search,0.1,50,5,9,36,0.7,0.7,0.7,Clumped-Poisson,5,3,Randomly placed,1.1349999999999822,0,0,0,0,0,true,4.5,0,394,14,1,3,10,9,0,2,7,4.50374999999998,534,1,2,6,0,NA,1.9983347210657876,0,0,
4117,0.5,timed-search,0.1,50,11,6,33,0.7,0.7,0.7,Clumped-Poisson,5,3,Randomly placed,1.054999999999982,0,0,0,0,0,true,4.5,0,406,14,3,1,10,9,3,1,5,4.508749999999981,534,6,3,0,0,NA,1.996118658164688,0,0,
4119,0.5,timed-search,0.1,50,4,6,40,0.7,0.7,0.7,Clumped-Poisson,5,3,Randomly placed,1.134999999999981,0,0,0,0,0,true,4.5,0,406,10,0,0,10,9,0,0,9,4.506249999999974,534,2,2,5,0,NA,1.9972260748959894,0,0,
4104,0.5,timed-search,0.1,50,5,9,36,0.7,0.7,0.7,Clumped-Poisson,5,3,Randomly placed,1.0149999999999852,0,0,0,0,0,true,4.5,0,421,13,0,2,11,10,0,2,8,4.511874999999977,533,0,3,7,0,NA,2.2163734589278405,0,0,
4125,0.5,timed-search,0.1,50,6,9,35,0.7,0.7,0.7,Clumped-Poisson,5,3,Randomly placed,1.1749999999999854,0,0,0,0,0,true,4.5,0,384,15,2,4,9,12,2,3,7,4.511249999999996,537,5,3,4,0,NA,2.6600166251039092,0,0,
4123,0.5,timed-search,0.1,50,5,5,40,0.7,0.7,0.7,Clumped-Poisson,5,3,Randomly placed,1.1349999999999822,0,0,0,0,0,true,4.5,0,421,15,2,3,10,12,2,2,8,4.50687499999998,534,5,6,1,0,NA,2.662598807377629,0,0,
4115,0.5,timed-search,0.1,50,6,6,38,0.7,0.7,0.7,Clumped-Poisson,5,3,Randomly placed,1.1349999999999854,0,0,0,0,0,true,4.5,0,395,31,4,3,24,26,3,1,22,4.5124999999999575,534,10,13,3,0,NA,5.76177285318565,0,0,
4124,0.5,timed-search,0.1,50,6,5,39,0.7,0.7,0.7,Clumped-Poisson,5,3,Randomly placed,0.9749999999999839,0,0,0,0,0,true,4.5,0,396,12,3,0,9,9,1,0,8,4.504374999999984,535,4,4,1,0,NA,1.9980574441515266,0,0,
4126,0.5,timed-search,0.1,50,9,9,32,0.7,0.7,0.7,Clumped-Poisson,5,3,Randomly placed,1.134999999999986,0,0,0,0,0,true,4.5,0,426,6,1,2,3,5,0,2,3,4.517499999999952,533,3,0,2,0,NA,1.1068068622025573,0,0,
4116,0.5,timed-search,0.1,50,6,9,35,0.7,0.7,0.7,Clumped-Poisson,5,3,Randomly placed,1.2149999999999856,0,0,0,0,0,true,4.5,0,357,17,2,2,13,16,2,2,12,4.503749999999979,534,10,4,2,0,NA,3.552595059672512,0,0,
4120,0.5,timed-search,0.1,50,3,4,43,0.7,0.7,0.7,Clumped-Poisson,5,3,Randomly placed,1.0949999999999804,0,0,0,0,0,true,4.5,0,448,10,1,2,7,8,1,2,5,4.523749999999954,532,3,0,5,0,NA,1.7684443216358288,0,0,
4128,0.5,timed-search,0.1,50,4,11,35,0.7,0.7,0.7,Clumped-Poisson,5,3,Randomly placed,1.014999999999981,0,0,0,0,0,true,4.5,0,397,17,0,5,12,11,0,3,8,4.5062499999999615,533,2,7,2,0,NA,2.441054091539549,0,0,
4114,0.5,timed-search,0.1,50,7,5,38,0.7,0.7,0.7,Clumped-Poisson,5,3,Randomly placed,1.0949999999999807,0,0,0,0,0,true,4.5,0,421,8,2,2,4,3,0,1,2,4.502499999999973,529,0,2,1,0,NA,0.6662965019433689,0,0,
4107,0.5,timed-search,0.1,50,9,5,36,0.7,0.7,0.7,Clumped-Poisson,5,3,Randomly placed,1.134999999999981,0,0,0,0,0,true,4.5,0,396,17,5,2,10,10,4,2,4,4.504374999999978,533,0,8,2,0,NA,2.220063826835032,0,0,
4130,0.5,timed-search,0.1,50,2,8,40,0.7,0.7,0.7,Clumped-Poisson,5,3,Randomly placed,1.2149999999999803,0,0,0,0,0,true,4.5,0,396,12,0,2,10,7,0,2,5,4.50062499999997,532,0,3,4,0,NA,1.5553395361755415,0,0,
4118,0.5,timed-search,0.1,50,6,9,35,0.7,0.7,0.7,Clumped-Poisson,5,3,Randomly placed,1.2149999999999823,0,0,0,0,0,true,4.5,0,424,20,3,3,14,14,2,2,10,4.501249999999971,532,1,12,1,0,NA,3.110247153568473,0,0,
4131,0.5,timed-search,0.1,50,3,8,39,0.7,0.7,0.7,Clumped-Poisson,5,3,Randomly placed,1.0549999999999815,0,0,0,0,0,true,4.5,0,396,13,2,3,8,10,1,2,7,4.50624999999997,534,1,7,2,0,NA,2.2191400832177677,0,0,
4135,0.5,timed-search,0.1,50,3,5,42,0.7,0.7,0.7,Clumped-Poisson,5,3,Randomly placed,1.0549999999999824,0,0,0,0,0,true,4.5,0,382,20,3,1,16,17,2,0,15,4.501874999999946,532,6,4,7,0,NA,3.7762043592947836,0,0,
4138,0.5,timed-search,0.1,50,3,5,42,0.7,0.7,0.7,Clumped-Poisson,5,3,Randomly placed,1.094999999999981,0,0,0,0,0,true,4.5,0,398,9,0,3,6,7,0,3,4,4.511249999999952,532,4,1,2,0,NA,1.5516763646439624,0,0,
4134,0.5,timed-search,0.1,50,5,6,39,0.7,0.7,0.7,Clumped-Poisson,5,3,Randomly placed,1.454999999999981,0,0,0,0,0,true,4.5,0,403,10,2,0,8,6,1,0,5,4.5043749999999685,532,1,4,1,0,NA,1.3320382961010222,0,0,
4129,0.5,timed-search,0.1,50,2,7,41,0.7,0.7,0.7,Clumped-Poisson,5,3,Randomly placed,0.9749999999999844,0,0,0,0,0,true,4.5,0,393,23,2,3,18,16,2,0,14,4.521874999999972,535,3,2,11,0,NA,3.538355217691798,0,0,
4141,0.5,timed-search,0.1,50,2,10,38,0.7,0.7,0.7,Clumped-Poisson,5,3,Randomly placed,1.134999999999982,0,0,0,0,0,true,4.5,0,373,21,1,6,14,16,1,6,9,4.506249999999989,535,2,8,6,0,NA,3.5506241331484136,0,0,
4137,0.5,timed-search,0.1,50,7,9,34,0.7,0.7,0.7,Clumped-Poisson,5,3,Randomly placed,1.0549999999999835,0,0,0,0,0,true,4.5,0,406,15,3,2,10,11,3,2,6,4.520624999999975,536,2,5,4,0,NA,2.4332918567676063,0,0,
4136,0.5,timed-search,0.1,50,6,7,37,0.7,0.7,0.7,Clumped-Poisson,5,3,Randomly placed,1.0549999999999815,0,0,0,0,0,true,4.5,0,446,8,2,1,5,5,2,0,3,4.516249999999966,532,3,1,1,0,NA,1.1071132023249461,0,0,
4139,0.5,timed-search,0.1,50,7,4,39,0.7,0.7,0.7,Clumped-Poisson,5,3,Randomly placed,0.9749999999999821,0,0,0,0,0,true,4.5,0,391,21,4,2,15,15,3,0,12,4.514999999999988,536,4,8,3,0,NA,3.3222591362126335,0,0,
4144,0.5,timed-search,0.1,50,11,7,32,0.7,0.7,0.7,Clumped-Poisson,5,3,Randomly placed,1.2549999999999852,0,0,0,0,0,true,4.5,0,385,25,9,4,12,18,6,2,10,4.506249999999958,534,9,7,2,0,NA,3.994452149791993,0,0,
4142,0.5,timed-search,0.1,50,5,8,37,0.7,0.7,0.7,Clumped-Poisson,5,3,Randomly placed,1.2149999999999825,0,0,0,0,0,true,4.5,0,422,25,2,4,19,20,1,4,15,4.514999999999977,535,0,11,9,0,NA,4.4296788482835225,0,0,
4147,0.5,timed-search,0.1,50,7,2,41,0.7,0.7,0.7,Clumped-Poisson,5,3,Randomly placed,1.0149999999999855,0,0,0,0,0,true,4.5,0,428,3,1,1,1,1,0,1,0,4.52124999999996,530,0,1,0,0,NA,0.22117777163395272,0,0,
4143,0.5,timed-search,0.1,50,3,7,40,0.7,0.7,0.7,Clumped-Poisson,5,3,Randomly placed,0.9749999999999829,0,0,0,0,0,true,4.5,0,414,17,1,4,12,14,1,4,9,4.517499999999962,535,3,4,7,0,NA,3.099059214167154,0,0,
4145,0.5,timed-search,0.1,50,3,6,41,0.7,0.7,0.7,Clumped-Poisson,5,3,Randomly placed,1.1749999999999865,0,0,0,0,0,true,4.5,0,377,14,1,1,12,9,0,0,9,4.510625000000006,537,4,1,4,0,NA,1.9952889012054842,0,0,
4148,0.5,timed-search,0.1,50,5,6,39,0.7,0.7,0.7,Clumped-Poisson,5,3,Randomly placed,1.0149999999999852,0,0,0,0,0,true,4.5,0,393,21,2,2,17,16,2,1,13,4.5124999999999735,536,7,4,5,0,NA,3.5457063711911565,0,0,
4140,0.5,timed-search,0.1,50,6,6,38,0.7,0.7,0.7,Clumped-Poisson,5,3,Randomly placed,1.054999999999982,0,0,0,0,0,true,4.5,0,404,19,3,2,14,11,1,1,9,4.511249999999987,537,5,2,4,0,NA,2.4383485730119214,0,0,
4127,0.5,timed-search,0.1,50,10,6,34,0.7,0.7,0.7,Clumped-Poisson,5,3,Randomly placed,1.05499999999998,0,0,0,0,0,true,4.5,0,441,6,2,0,4,4,2,0,2,4.5049999999999635,530,3,0,1,0,NA,0.8879023307436253,0,0,
4149,0.5,timed-search,0.1,50,5,7,38,0.7,0.7,0.7,Clumped-Poisson,5,3,Randomly placed,1.054999999999984,0,0,0,0,0,true,4.5,0,394,29,1,2,26,22,0,1,21,4.508750000000001,536,9,6,7,0,NA,4.87940116440255,0,0,
4151,0.5,timed-search,0.1,50,3,7,40,0.7,0.7,0.7,Clumped-Poisson,5,3,Randomly placed,1.254999999999982,0,0,0,0,0,true,4.5,0,405,17,1,2,14,13,1,2,10,4.511874999999973,535,2,1,10,0,NA,2.8812854966061954,0,0,
4132,0.5,timed-search,0.1,50,6,5,39,0.7,0.7,0.7,Clumped-Poisson,5,3,Randomly placed,1.1349999999999827,0,0,0,0,0,true,4.5,0,424,19,0,1,18,16,0,1,15,4.516249999999987,536,11,0,5,0,NA,3.542762247439811,0,0,
4150,0.5,timed-search,0.1,50,4,5,41,0.7,0.7,0.7,Clumped-Poisson,5,3,Randomly placed,1.05499999999998,0,0,0,0,0,true,4.5,0,410,12,1,1,10,8,1,1,6,4.501874999999994,533,1,5,2,0,NA,1.7770373455504676,0,0,
4146,0.5,timed-search,0.1,50,8,9,33,0.7,0.7,0.7,Clumped-Poisson,5,3,Randomly placed,1.1749999999999823,0,0,0,0,0,true,4.5,0,432,9,2,2,5,6,2,1,3,4.520624999999975,534,1,1,4,0,NA,1.3272501036914217,0,0,
4153,0.5,timed-search,0.1,50,4,5,41,0.7,0.7,0.7,Clumped-Poisson,5,3,Randomly placed,1.1749999999999854,0,0,0,0,0,true,4.5,0,435,15,1,2,12,8,1,1,6,4.501249999999956,530,1,6,1,0,NA,1.777284087753419,0,0,
4122,0.5,timed-search,0.1,50,7,9,34,0.7,0.7,0.7,Clumped-Poisson,5,3,Randomly placed,1.094999999999982,0,0,0,0,0,true,4.5,0,371,14,0,2,12,12,0,2,10,4.504374999999998,536,4,5,3,0,NA,2.664076592202027,0,0,
4152,0.5,timed-search,0.1,50,6,6,38,0.7,0.7,0.7,Clumped-Poisson,5,3,Randomly placed,1.2949999999999806,0,0,0,0,0,true,4.5,0,466,3,1,1,1,2,0,1,1,4.524374999999955,531,0,1,1,0,NA,0.4420500069070358,0,0,
4154,0.5,timed-search,0.1,50,6,7,37,0.7,0.7,0.7,Clumped-Poisson,5,3,Randomly placed,1.094999999999979,0,0,0,0,0,true,4.5,0,418,17,1,3,13,14,1,3,10,4.500624999999966,532,5,6,3,0,NA,3.110679072351086,0,0,
4156,0.5,timed-search,0.1,50,3,7,40,0.7,0.7,0.7,Clumped-Poisson,5,3,Randomly placed,1.1349999999999798,0,0,0,0,0,true,4.5,0,416,16,1,3,12,13,1,3,9,4.523749999999979,535,7,5,1,0,NA,2.873722022658206,0,0,
4133,0.5,timed-search,0.1,50,4,4,42,0.7,0.7,0.7,Clumped-Poisson,5,3,Randomly placed,0.9749999999999821,0,0,0,0,0,true,4.5,0,412,11,1,1,9,8,1,1,6,4.5249999999999835,535,2,4,2,0,NA,1.7679558011049787,0,0,
4160,0.5,timed-search,0.1,50,6,8,36,0.7,0.7,0.7,Clumped-Poisson,5,3,Randomly placed,1.094999999999982,0,0,0,0,0,true,4.5,0,410,18,2,6,10,16,2,5,9,4.522499999999991,537,1,5,10,0,NA,3.5378662244333956,0,0,
4158,0.5,timed-search,0.1,50,6,5,39,0.7,0.7,0.7,Clumped-Poisson,5,3,Randomly placed,1.0949999999999838,0,0,0,0,0,true,4.5,0,393,13,1,4,8,11,1,3,7,4.506249999999989,535,3,2,6,0,NA,2.4410540915395345,0,0,
4165,0.5,timed-search,0.1,50,3,6,41,0.7,0.7,0.7,Clumped-Poisson,5,3,Randomly placed,1.094999999999982,0,0,0,0,0,true,4.5,0,399,19,1,3,15,17,1,2,14,4.522499999999955,535,10,4,3,0,NA,3.758982863460513,0,0,
4157,0.5,timed-search,0.1,50,4,12,34,0.7,0.7,0.7,Clumped-Poisson,5,3,Randomly placed,1.0549999999999848,0,0,0,0,0,true,4.5,0,385,20,2,4,14,15,1,3,11,4.511249999999975,535,4,1,10,0,NA,3.3250207813799024,0,0,
4162,0.5,timed-search,0.1,50,7,8,35,0.7,0.7,0.7,Clumped-Poisson,5,3,Randomly placed,1.09499999999998,0,0,0,0,0,true,4.5,0,372,17,1,2,14,14,1,2,11,4.508749999999993,536,3,9,2,0,NA,3.1050734682561734,0,0,
4155,0.5,timed-search,0.1,50,7,6,37,0.7,0.7,0.7,Clumped-Poisson,5,3,Randomly placed,1.2549999999999795,0,0,0,0,0,true,4.5,0,379,24,3,4,17,19,2,4,13,4.506874999999992,535,2,10,7,0,NA,4.215781445014569,0,0,
4163,0.5,timed-search,0.1,50,5,8,37,0.7,0.7,0.7,Clumped-Poisson,5,3,Randomly placed,1.0949999999999824,0,0,0,0,0,true,4.5,0,442,17,2,4,11,13,2,2,9,4.508749999999981,534,6,4,3,0,NA,2.8832825062378826,0,0,
4159,0.5,timed-search,0.1,50,4,11,35,0.7,0.7,0.7,Clumped-Poisson,5,3,Randomly placed,1.25499999999998,0,0,0,0,0,true,4.5,0,423,18,2,5,11,13,2,2,9,4.523749999999988,536,2,9,2,0,NA,2.8737220226582005,0,0,
4168,0.5,timed-search,0.1,50,2,4,44,0.7,0.7,0.7,Clumped-Poisson,5,3,Randomly placed,1.1749999999999827,0,0,0,0,0,true,4.5,0,370,18,1,2,15,16,1,2,13,4.502499999999972,534,5,5,6,0,NA,3.5535813436979677,0,0,
4164,0.5,timed-search,0.1,50,5,7,38,0.7,0.7,0.7,Clumped-Poisson,5,3,Randomly placed,1.0549999999999817,0,0,0,0,0,true,4.5,0,420,22,2,4,16,18,1,4,13,4.524999999999997,535,11,4,3,0,NA,3.9779005524861906,0,0,
4173,0.5,timed-search,0.1,50,4,10,36,0.7,0.7,0.7,Clumped-Poisson,5,3,Randomly placed,1.0549999999999808,0,0,0,0,0,true,4.5,0,399,16,1,2,13,14,1,2,11,4.504374999999959,533,4,6,4,0,NA,3.1080893575690585,0,0,
4161,0.5,timed-search,0.1,50,3,10,37,0.7,0.7,0.7,Clumped-Poisson,5,3,Randomly placed,1.1349999999999811,0,0,0,0,0,true,4.5,0,385,22,1,4,17,17,1,3,13,4.5237499999999775,537,7,4,6,0,NA,3.757944183476117,0,0,
4166,0.5,timed-search,0.1,50,9,7,34,0.7,0.7,0.7,Clumped-Poisson,5,3,Randomly placed,1.0549999999999815,0,0,0,0,0,true,4.5,0,374,17,3,2,12,10,2,1,7,4.524374999999996,538,5,4,1,0,NA,2.210250034535159,0,0,
4170,0.5,timed-search,0.1,50,6,10,34,0.7,0.7,0.7,Clumped-Poisson,5,3,Randomly placed,1.014999999999981,0,0,0,0,0,true,4.5,0,435,13,1,5,7,11,1,4,6,4.503749999999991,533,3,5,3,0,NA,2.442409103524845,0,0,
4172,0.5,timed-search,0.1,50,4,12,34,0.7,0.7,0.7,Clumped-Poisson,5,3,Randomly placed,1.29499999999998,0,0,0,0,0,true,4.5,0,405,26,2,6,18,21,2,4,15,4.511874999999977,535,3,9,9,0,NA,4.654384263748465,0,0,
4169,0.5,timed-search,0.1,50,7,6,37,0.7,0.7,0.7,Clumped-Poisson,5,3,Randomly placed,1.2549999999999857,0,0,0,0,0,true,4.5,0,391,14,1,2,11,11,1,2,8,4.502499999999996,535,2,7,2,0,NA,2.44308717379234,0,0,
4175,0.5,timed-search,0.1,50,6,7,37,0.7,0.7,0.7,Clumped-Poisson,5,3,Randomly placed,1.054999999999983,0,0,0,0,0,true,4.5,0,347,34,4,7,23,29,3,6,20,4.514374999999998,538,12,8,9,0,NA,6.423923577460893,0,0,
4167,0.5,timed-search,0.1,50,8,3,39,0.7,0.7,0.7,Clumped-Poisson,5,3,Randomly placed,1.094999999999983,0,0,0,0,0,true,4.5,0,379,15,1,1,13,11,1,1,9,4.519999999999977,536,3,2,6,0,NA,2.433628318584083,0,0,
4174,0.5,timed-search,0.1,50,4,13,33,0.7,0.7,0.7,Clumped-Poisson,5,3,Randomly placed,1.1749999999999814,0,0,0,0,0,true,4.5,0,404,20,1,9,10,13,1,6,6,4.510624999999984,534,7,4,2,0,NA,2.882083968407936,0,0,
4171,0.5,timed-search,0.1,50,2,8,40,0.7,0.7,0.7,Clumped-Poisson,5,3,Randomly placed,1.174999999999982,0,0,0,0,0,true,4.5,0,427,14,2,3,9,8,2,1,5,4.506249999999966,532,2,3,3,0,NA,1.775312066574216,0,0,
4179,0.5,timed-search,0.1,50,2,7,41,0.7,0.7,0.7,Clumped-Poisson,5,3,Randomly placed,1.0949999999999878,0,0,0,0,0,true,4.5,0,427,13,0,2,11,10,0,2,8,4.521249999999967,536,1,5,4,0,NA,2.211777716339524,0,0,
4177,0.5,timed-search,0.1,50,2,11,37,0.7,0.7,0.7,Clumped-Poisson,5,3,Randomly placed,1.1349999999999818,0,0,0,0,0,true,4.5,0,391,10,1,3,6,7,1,2,4,4.509999999999956,531,3,1,3,0,NA,1.5521064301552256,0,0,
4178,0.5,timed-search,0.1,50,4,11,35,0.7,0.7,0.7,Clumped-Poisson,5,3,Randomly placed,1.0949999999999809,0,0,0,0,0,true,4.5,0,417,24,2,4,18,18,2,3,13,4.513124999999965,534,7,3,8,0,NA,3.9883672621520874,0,0,
4180,0.5,timed-search,0.1,50,6,9,35,0.7,0.7,0.7,Clumped-Poisson,5,3,Randomly placed,1.054999999999982,0,0,0,0,0,true,4.5,0,405,20,2,2,16,12,1,1,10,4.509999999999967,535,8,3,1,0,NA,2.660753880266095,0,0,
4184,0.5,timed-search,0.1,50,4,7,39,0.7,0.7,0.7,Clumped-Poisson,5,3,Randomly placed,0.9749999999999812,0,0,0,0,0,true,4.5,0,433,20,1,5,14,12,1,2,9,4.5131249999999685,532,6,2,4,0,NA,2.6589115081013897,0,0,
4185,0.5,timed-search,0.1,50,6,6,38,0.7,0.7,0.7,Clumped-Poisson,5,3,Randomly placed,1.1749999999999816,0,0,0,0,0,true,4.5,0,433,17,1,4,12,12,1,3,8,4.501874999999978,535,7,0,5,0,NA,2.6655560183257108,0,0,
4187,0.5,timed-search,0.1,50,4,4,42,0.7,0.7,0.7,Clumped-Poisson,5,3,Randomly placed,1.094999999999981,0,0,0,0,0,true,4.5,0,426,17,2,2,13,15,2,2,11,4.517499999999965,536,5,4,6,0,NA,3.3204205866076624,0,0,
4186,0.5,timed-search,0.1,50,7,6,37,0.7,0.7,0.7,Clumped-Poisson,5,3,Randomly placed,1.134999999999983,0,0,0,0,0,true,4.5,0,398,18,2,4,12,13,2,2,9,4.523749999999988,537,2,8,3,0,NA,2.8737220226582005,0,0,
4176,0.5,timed-search,0.1,50,3,10,37,0.7,0.7,0.7,Clumped-Poisson,5,3,Randomly placed,0.9749999999999811,0,0,0,0,0,true,4.5,0,403,23,1,6,16,16,0,5,11,4.515624999999984,538,6,3,7,0,NA,3.543252595155722,0,0,
4183,0.5,timed-search,0.1,50,6,6,38,0.7,0.7,0.7,Clumped-Poisson,5,3,Randomly placed,1.054999999999983,0,0,0,0,0,true,4.5,0,424,8,0,2,6,5,0,1,4,4.506874999999983,531,1,4,0,0,NA,1.1094161697406781,0,0,
4181,0.5,timed-search,0.1,50,4,7,39,0.7,0.7,0.7,Clumped-Poisson,5,3,Randomly placed,1.214999999999985,0,0,0,0,0,true,4.5,0,392,15,1,2,12,12,1,2,9,4.504374999999963,533,5,6,1,0,NA,2.6640765922020475,0,0,
4192,0.5,timed-search,0.1,50,6,9,35,0.7,0.7,0.7,Clumped-Poisson,5,3,Randomly placed,1.1349999999999818,0,0,0,0,0,true,4.5,0,370,30,4,4,22,19,2,3,14,4.5081250000000015,536,6,2,11,0,NA,4.214612505198945,0,0,
4193,0.5,timed-search,0.1,50,6,6,38,0.7,0.7,0.7,Clumped-Poisson,5,3,Randomly placed,1.0149999999999797,0,0,0,0,0,true,4.5,0,388,25,2,4,19,21,2,4,15,4.5100000000000025,537,5,10,6,0,NA,4.656319290465629,0,0,
4189,0.5,timed-search,0.1,50,6,7,37,0.7,0.7,0.7,Clumped-Poisson,5,3,Randomly placed,1.2149999999999834,0,0,0,0,0,true,4.5,0,381,21,2,2,17,15,2,1,12,4.503124999999974,532,5,9,1,0,NA,3.331020124913274,0,0,
4194,0.5,timed-search,0.1,50,6,8,36,0.7,0.7,0.7,Clumped-Poisson,5,3,Randomly placed,1.0549999999999844,0,0,0,0,0,true,4.5,0,405,17,2,2,13,16,2,2,12,4.514999999999991,537,4,6,6,0,NA,3.543743078626807,0,0,
4182,0.5,timed-search,0.1,50,7,10,33,0.7,0.7,0.7,Clumped-Poisson,5,3,Randomly placed,1.0149999999999828,0,0,0,0,0,true,4.5,0,415,14,2,4,8,10,1,2,7,4.501249999999967,533,4,0,6,0,NA,2.221605109691769,0,0,
4195,0.5,timed-search,0.1,50,6,4,40,0.7,0.7,0.7,Clumped-Poisson,5,3,Randomly placed,1.1349999999999822,0,0,0,0,0,true,4.5,0,414,12,2,0,10,9,2,0,7,4.519374999999966,535,2,4,3,0,NA,1.9914258055594118,0,0,
4188,0.5,timed-search,0.1,50,4,9,37,0.7,0.7,0.7,Clumped-Poisson,5,3,Randomly placed,1.254999999999982,0,0,0,0,0,true,4.5,0,435,17,3,5,9,12,2,4,6,4.504999999999976,533,5,5,2,0,NA,2.663706992230869,0,0,
4190,0.5,timed-search,0.1,50,2,9,39,0.7,0.7,0.7,Clumped-Poisson,5,3,Randomly placed,1.0949999999999822,0,0,0,0,0,true,4.5,0,419,10,1,0,9,9,1,0,8,4.516874999999981,534,2,1,6,0,NA,1.9925280199252886,0,0,
4196,0.5,timed-search,0.1,50,2,4,44,0.7,0.7,0.7,Clumped-Poisson,5,3,Randomly placed,1.1749999999999832,0,0,0,0,0,true,4.5,0,398,13,1,0,12,10,0,0,10,4.5131249999999605,535,3,1,6,0,NA,2.2157595900844953,0,0,
4191,0.5,timed-search,0.1,50,3,8,39,0.7,0.7,0.7,Clumped-Poisson,5,3,Randomly placed,1.1349999999999798,0,0,0,0,0,true,4.5,0,434,16,2,3,11,12,1,2,9,4.501874999999974,531,4,4,4,0,NA,2.665556018325713,0,0,
4199,0.5,timed-search,0.1,50,3,6,41,0.7,0.7,0.7,Clumped-Poisson,5,3,Randomly placed,1.134999999999984,0,0,0,0,0,true,4.5,0,399,11,0,1,10,6,0,0,6,4.5056249999999745,533,3,2,1,0,NA,1.331668747399092,0,0,
4198,0.5,timed-search,0.1,50,9,6,35,0.7,0.7,0.7,Clumped-Poisson,5,3,Randomly placed,1.1349999999999842,0,0,0,0,0,true,4.5,0,342,25,4,2,19,19,4,0,15,4.504374999999983,535,1,10,8,0,NA,4.218121270986557,0,0,
4197,0.5,timed-search,0.1,50,6,11,33,0.7,0.7,0.7,Clumped-Poisson,5,3,Randomly placed,1.094999999999982,0,0,0,0,0,true,4.5,0,379,14,2,4,8,11,2,3,6,4.50249999999994,531,6,3,2,0,NA,2.44308717379237,0,0,
4202,0.5,timed-search,1,500,44,68,388,0.7,0.7,0.7,Clumped-Poisson,5,3,Randomly placed,1.858,0,0,0,0,0,true,4.5,0,380,118,9,13,96,94,6,9,79,4.516249999999983,538,62,14,18,0,NA,20.81372820370891,0,0,
4207,0.5,timed-search,1,500,39,76,385,0.7,0.7,0.7,Clumped-Poisson,5,3,Randomly placed,2.518,0,0,0,0,0,true,4.5,0,364,152,13,22,117,119,11,18,90,4.513124999999975,536,41,14,64,0,NA,26.36753912200541,0,0,
4203,0.5,timed-search,1,500,55,68,377,0.7,0.7,0.7,Clumped-Poisson,5,3,Randomly placed,1.842,0,0,0,0,0,true,4.5,0,407,148,14,19,115,117,13,14,90,4.514374999999968,536,48,20,49,0,NA,25.91720891596308,0,0,
4201,0.5,timed-search,1,500,47,78,375,0.7,0.7,0.7,Clumped-Poisson,5,3,Randomly placed,2.374,0,0,0,0,0,true,4.5,0,390,161,18,23,120,132,13,22,97,4.52249999999999,539,55,27,50,0,NA,29.18739635157552,0,0,
4200,0.5,timed-search,0.1,50,1,7,42,0.7,0.7,0.7,Clumped-Poisson,5,3,Randomly placed,1.0549999999999822,0,0,0,0,0,true,4.5,0,395,18,0,2,16,13,0,2,11,4.508749999999977,534,4,6,3,0,NA,2.8832825062378857,0,0,
4211,0.5,timed-search,1,500,46,75,379,0.7,0.7,0.7,Clumped-Poisson,5,3,Randomly placed,2.342,0,0,0,0,0,true,4.5,0,418,190,18,28,144,148,14,21,113,4.514374999999961,535,22,75,51,0,NA,32.78416170566275,0,0,
4212,0.5,timed-search,1,500,53,61,386,0.7,0.7,0.7,Clumped-Poisson,5,3,Randomly placed,2.562,0,0,0,0,0,true,4.5,0,430,107,14,11,82,79,9,11,59,4.50624999999996,533,23,26,30,0,NA,17.531206657420405,0,0,
4205,0.5,timed-search,1,500,45,71,384,0.7,0.7,0.7,Clumped-Poisson,5,3,Randomly placed,2.194,0,0,0,0,0,true,4.5,0,420,116,13,15,88,86,10,9,67,4.502499999999994,537,48,19,19,0,NA,19.100499722376483,0,0,
4206,0.5,timed-search,1,500,56,70,374,0.7,0.7,0.7,Clumped-Poisson,5,3,Randomly placed,1.878,0,0,0,0,0,true,4.5,0,439,121,13,20,88,93,10,14,69,4.508124999999978,537,33,16,44,0,NA,20.62941910439494,0,0,
4215,0.5,timed-search,1,500,43,71,386,0.7,0.7,0.7,Clumped-Poisson,5,3,Randomly placed,2.246,0,0,0,0,0,true,4.5,0,392,109,8,14,87,82,7,9,66,4.509374999999983,536,11,12,59,0,NA,18.184338184338255,0,0,
4204,0.5,timed-search,1,500,56,78,366,0.7,0.7,0.7,Clumped-Poisson,5,3,Randomly placed,2.718,0,0,0,0,0,true,4.5,0,403,135,16,18,101,102,11,13,78,4.518749999999972,537,48,34,20,0,NA,22.572614107883958,0,0,
4208,0.5,timed-search,1,500,62,69,369,0.7,0.7,0.7,Clumped-Poisson,5,3,Randomly placed,2.558,0,0,0,0,0,true,4.5,0,393,78,6,9,63,56,4,7,45,4.514374999999991,537,35,11,10,0,NA,12.404817942683119,0,0,
4216,0.5,timed-search,1,500,53,62,385,0.7,0.7,0.7,Clumped-Poisson,5,3,Randomly placed,2.042,0,0,0,0,0,true,4.5,0,415,105,8,14,83,79,3,12,64,4.524999999999981,539,13,46,20,0,NA,17.458563535911676,0,0,
4209,0.5,timed-search,1,500,49,69,382,0.7,0.7,0.7,Clumped-Poisson,5,3,Randomly placed,2.026,0,0,0,0,0,true,4.5,0,388,172,15,23,134,140,14,20,106,4.513124999999986,538,23,51,66,0,NA,31.020634261182757,0,0,
4210,0.5,timed-search,1,500,50,69,381,0.7,0.7,0.7,Clumped-Poisson,5,3,Randomly placed,2.11,0,0,0,0,0,true,4.5,0,365,99,14,12,73,74,10,7,57,4.501249999999959,533,34,30,10,0,NA,16.439877811719118,0,0,
4217,0.5,timed-search,1,500,43,86,371,0.7,0.7,0.7,Clumped-Poisson,5,3,Randomly placed,2.302,0,0,0,0,0,true,4.5,0,398,138,12,29,97,104,7,23,74,4.516874999999953,534,35,35,34,0,NA,23.024768230247922,0,0,
4219,0.5,timed-search,1,500,47,63,390,0.7,0.7,0.7,Clumped-Poisson,5,3,Randomly placed,2.058,0,0,0,0,0,true,4.5,0,360,174,18,13,143,136,14,10,112,4.524374999999987,538,48,74,14,0,NA,30.05940046967822,0,0,
4223,0.5,timed-search,1,500,44,67,389,0.7,0.7,0.7,Clumped-Poisson,5,3,Randomly placed,2.282,0,0,0,0,0,true,4.5,0,368,222,22,26,174,188,21,22,145,4.502499999999978,536,75,61,52,0,NA,41.754580788451065,0,0,
4220,0.5,timed-search,1,500,48,71,381,0.7,0.7,0.7,Clumped-Poisson,5,3,Randomly placed,2.318,0,0,0,0,0,true,4.5,0,344,194,20,29,145,163,18,25,120,4.506875000000005,537,21,95,47,0,NA,36.16696713354593,0,0,
4213,0.5,timed-search,1,500,52,79,369,0.7,0.7,0.7,Clumped-Poisson,5,3,Randomly placed,2.006,0,0,0,0,0,true,4.5,0,420,167,21,25,121,127,15,22,90,4.5081249999999695,536,59,30,38,0,NA,28.17135727159315,0,0,
4218,0.5,timed-search,1,500,47,92,361,0.7,0.7,0.7,Clumped-Poisson,5,3,Randomly placed,2.778,0,0,0,0,0,true,4.5,0,370,195,26,39,130,152,15,29,108,4.508749999999994,536,21,67,64,0,NA,33.712226226781304,0,0,
4221,0.5,timed-search,1,500,57,63,380,0.7,0.7,0.7,Clumped-Poisson,5,3,Randomly placed,1.986,0,0,0,0,0,true,4.5,0,406,155,15,21,119,117,10,13,94,4.504374999999963,533,14,19,84,0,NA,25.974746773969965,0,0,
4214,0.5,timed-search,1,500,48,70,382,0.7,0.7,0.7,Clumped-Poisson,5,3,Randomly placed,2.322,0,0,0,0,0,true,4.5,0,375,242,17,33,192,176,13,25,138,4.502499999999973,535,54,44,78,0,NA,39.08939478067764,0,0,
4224,0.5,timed-search,1,500,58,71,371,0.7,0.7,0.7,Clumped-Poisson,5,3,Randomly placed,1.746,0,0,0,0,0,true,4.5,0,410,202,22,34,146,153,16,27,110,4.518124999999966,536,69,47,37,0,NA,33.86360492460947,0,0,
4227,0.5,timed-search,1,500,51,65,384,0.7,0.7,0.7,Clumped-Poisson,5,3,Randomly placed,1.91,0,0,0,0,0,true,4.5,0,383,94,13,11,70,70,9,11,50,4.503749999999996,537,19,20,31,0,NA,15.542603386067182,0,0,
4222,0.5,timed-search,1,500,40,72,388,0.7,0.7,0.7,Clumped-Poisson,5,3,Randomly placed,2.094,0,0,0,0,0,true,4.5,0,391,156,14,22,120,112,10,17,85,4.518124999999967,536,14,35,63,0,NA,24.78904412781869,0,0,
4228,0.5,timed-search,1,500,49,80,371,0.7,0.7,0.7,Clumped-Poisson,5,3,Randomly placed,2.15,0,0,0,0,0,true,4.5,0,411,209,22,35,152,159,17,27,115,4.505624999999981,536,14,77,68,0,NA,35.28922180607589,0,0,
4226,0.5,timed-search,1,500,48,82,370,0.7,0.7,0.7,Clumped-Poisson,5,3,Randomly placed,1.858,0,0,0,0,0,true,4.5,0,419,138,7,23,108,101,6,16,79,4.510624999999976,536,25,48,28,0,NA,22.391575446861694,0,0,
4225,0.5,timed-search,1,500,43,76,381,0.7,0.7,0.7,Clumped-Poisson,5,3,Randomly placed,1.942,0,0,0,0,0,true,4.5,0,404,187,15,29,143,146,10,24,112,4.524999999999998,539,51,39,56,0,NA,32.26519337016576,0,0,
4230,0.5,timed-search,1,500,57,81,362,0.7,0.7,0.7,Clumped-Poisson,5,3,Randomly placed,2.666,0,0,0,0,0,true,4.5,0,411,166,19,26,121,117,8,20,89,4.504374999999994,536,68,29,20,0,NA,25.974746773969784,0,0,
4231,0.5,timed-search,1,500,47,75,378,0.7,0.7,0.7,Clumped-Poisson,5,3,Randomly placed,1.898,0,0,0,0,0,true,4.5,0,415,180,18,28,134,136,11,21,104,4.516249999999957,534,37,44,55,0,NA,30.113479103238593,0,0,
4233,0.5,timed-search,1,500,52,68,380,0.7,0.7,0.7,Clumped-Poisson,5,3,Randomly placed,2.098,0,0,0,0,0,true,4.5,0,397,146,18,21,107,116,16,18,82,4.505624999999998,537,22,52,42,0,NA,25.745595783048977,0,0,
4232,0.5,timed-search,1,500,50,62,388,0.7,0.7,0.7,Clumped-Poisson,5,3,Randomly placed,2.722,0,0,0,0,0,true,4.5,0,355,103,13,11,79,79,12,8,59,4.514375000000003,538,21,8,50,0,NA,17.49965388342793,0,0,
4234,0.5,timed-search,1,500,39,71,390,0.7,0.7,0.7,Clumped-Poisson,5,3,Randomly placed,2.706,0,0,0,0,0,true,4.5,0,369,95,5,17,73,81,5,16,60,4.506249999999972,536,6,30,45,0,NA,17.975034674063913,0,0,
4236,0.5,timed-search,1,500,50,83,367,0.7,0.7,0.7,Clumped-Poisson,5,3,Randomly placed,1.998,0,0,0,0,0,true,4.5,0,408,169,12,28,129,120,9,22,89,4.50624999999996,533,52,42,26,0,NA,26.629680998613274,0,0,
4237,0.5,timed-search,1,500,53,73,374,0.7,0.7,0.7,Clumped-Poisson,5,3,Randomly placed,2.07,0,0,0,0,0,true,4.5,0,408,89,9,13,67,67,7,9,51,4.514999999999969,535,41,16,10,0,NA,14.839424141749827,0,0,
4235,0.5,timed-search,1,500,44,83,373,0.7,0.7,0.7,Clumped-Poisson,5,3,Randomly placed,2.178,0,0,0,0,0,true,4.5,0,428,94,5,13,76,68,4,9,55,4.509374999999981,537,20,30,18,0,NA,15.079695079695144,0,0,
4239,0.5,timed-search,1,500,44,78,378,0.7,0.7,0.7,Clumped-Poisson,5,3,Randomly placed,2.066,0,0,0,0,0,true,4.5,0,411,121,18,18,85,88,16,14,58,4.512499999999972,536,35,24,29,0,NA,19.50138504155137,0,0,
4238,0.5,timed-search,1,500,55,68,377,0.7,0.7,0.7,Clumped-Poisson,5,3,Randomly placed,2.218,0,0,0,0,0,true,4.5,0,408,155,20,28,107,126,12,26,88,4.519374999999986,539,48,52,26,0,NA,27.879961277831644,0,0,
4240,0.5,timed-search,1,500,57,85,358,0.7,0.7,0.7,Clumped-Poisson,5,3,Randomly placed,2.082,0,0,0,0,0,true,4.5,0,421,129,20,16,93,96,12,9,75,4.514999999999958,534,39,16,41,0,NA,21.262458471760997,0,0,
4229,0.5,timed-search,1,500,63,73,364,0.7,0.7,0.7,Clumped-Poisson,5,3,Randomly placed,1.926,0,0,0,0,0,true,4.5,0,386,161,20,24,117,126,13,22,91,4.520624999999952,534,34,47,45,0,NA,27.872252177519997,0,0,
4243,0.5,timed-search,1,500,42,75,383,0.7,0.7,0.7,Clumped-Poisson,5,3,Randomly placed,1.858,0,0,0,0,0,true,4.5,0,391,150,14,26,110,119,7,19,93,4.523124999999971,537,48,41,30,0,NA,26.309244161945728,0,0,
4248,0.5,timed-search,1,500,37,71,392,0.7,0.7,0.7,Clumped-Poisson,5,3,Randomly placed,1.89,0,0,0,0,0,true,4.5,0,375,101,5,15,81,75,4,12,59,4.518749999999981,537,14,20,41,0,NA,16.597510373444052,0,0,
4241,0.5,timed-search,1,500,54,65,381,0.7,0.7,0.7,Clumped-Poisson,5,3,Randomly placed,1.938,0,0,0,0,0,true,4.5,0,387,164,14,26,124,124,10,24,90,4.5249999999999835,539,50,50,24,0,NA,27.403314917127172,0,0,
4250,0.5,timed-search,1,500,49,81,370,0.7,0.7,0.7,Clumped-Poisson,5,3,Randomly placed,2.514,0,0,0,0,0,true,4.5,0,397,152,13,20,119,116,11,15,90,4.520000000000002,539,62,10,44,0,NA,25.66371681415928,0,0,
4247,0.5,timed-search,1,500,55,87,358,0.7,0.7,0.7,Clumped-Poisson,5,3,Randomly placed,1.87,0,0,0,0,0,true,4.5,0,377,116,14,21,81,92,9,18,65,4.515624999999982,538,75,8,9,0,NA,20.37370242214541,0,0,
4253,0.5,timed-search,1,500,59,66,375,0.7,0.7,0.7,Clumped-Poisson,5,3,Randomly placed,2.242,0,0,0,0,0,true,4.5,0,390,149,20,21,108,108,16,16,76,4.5137499999999955,537,19,15,74,0,NA,23.92689005815566,0,0,
4246,0.5,timed-search,1,500,41,70,389,0.7,0.7,0.7,Clumped-Poisson,5,3,Randomly placed,2.17,0,0,0,0,0,true,4.5,0,396,179,20,29,130,138,17,24,97,4.522499999999983,539,8,76,54,0,NA,30.51409618573809,0,0,
4249,0.5,timed-search,1,500,44,77,379,0.7,0.7,0.7,Clumped-Poisson,5,3,Randomly placed,2.158,0,0,0,0,0,true,4.5,0,415,155,12,23,120,120,10,16,94,4.503749999999987,535,29,14,77,0,NA,26.64446294754379,0,0,
4254,0.5,timed-search,1,500,33,97,370,0.7,0.7,0.7,Clumped-Poisson,5,3,Randomly placed,2.334,0,0,0,0,0,true,4.5,0,429,78,6,14,58,62,5,12,45,4.504999999999965,534,15,26,21,0,NA,13.762486126526188,0,0,
4242,0.5,timed-search,1,500,53,78,369,0.7,0.7,0.7,Clumped-Poisson,5,3,Randomly placed,2.466,0,0,0,0,0,true,4.5,0,382,105,16,15,74,78,14,13,51,4.508749999999982,537,19,35,24,0,NA,17.29969503742729,0,0,
4256,0.5,timed-search,1,500,44,78,378,0.7,0.7,0.7,Clumped-Poisson,5,3,Randomly placed,2.334,0,0,0,0,0,true,4.5,0,422,233,22,36,175,172,16,26,130,4.514999999999962,535,55,62,55,0,NA,38.095238095238415,0,0,
4251,0.5,timed-search,1,500,53,82,365,0.7,0.7,0.7,Clumped-Poisson,5,3,Randomly placed,2.114,0,0,0,0,0,true,4.5,0,395,140,13,29,98,101,9,17,75,4.50874999999998,536,11,57,33,0,NA,22.400887163848175,0,0,
4258,0.5,timed-search,1,500,39,67,394,0.7,0.7,0.7,Clumped-Poisson,5,3,Randomly placed,2.286,0,0,0,0,0,true,4.5,0,433,161,13,26,122,122,9,21,92,4.522499999999994,538,35,50,37,0,NA,26.976229961304625,0,0,
4259,0.5,timed-search,1,500,55,85,360,0.7,0.7,0.7,Clumped-Poisson,5,3,Randomly placed,1.742,0,0,0,0,0,true,4.5,0,397,113,12,22,79,85,9,17,59,4.513124999999983,537,14,36,35,0,NA,18.833956515718118,0,0,
4245,0.5,timed-search,1,500,42,85,373,0.7,0.7,0.7,Clumped-Poisson,5,3,Randomly placed,2.382,0,0,0,0,0,true,4.5,0,384,157,16,18,123,129,10,13,106,4.5231250000000065,539,40,8,81,0,NA,28.520105015890522,0,0,
4257,0.5,timed-search,1,500,45,78,377,0.7,0.7,0.7,Clumped-Poisson,5,3,Randomly placed,2.69,0,0,0,0,0,true,4.5,0,373,172,9,29,134,142,7,24,111,4.512499999999978,536,48,82,12,0,NA,31.468144044321484,0,0,
4244,0.5,timed-search,1,500,57,72,371,0.7,0.7,0.7,Clumped-Poisson,5,3,Randomly placed,2.258,0,0,0,0,0,true,4.5,0,427,190,18,31,141,159,14,28,117,4.52499999999996,536,30,33,96,0,NA,35.138121546961635,0,0,
4261,0.5,timed-search,1,500,43,75,382,0.7,0.7,0.7,Clumped-Poisson,5,3,Randomly placed,1.71,0,0,0,0,0,true,4.5,0,415,175,15,26,134,130,12,17,101,4.501249999999987,536,40,35,55,0,NA,28.88086642599286,0,0,
4255,0.5,timed-search,1,500,46,82,372,0.7,0.7,0.7,Clumped-Poisson,5,3,Randomly placed,1.986,0,0,0,0,0,true,4.5,0,391,109,9,19,81,83,8,14,61,4.516874999999962,535,49,23,11,0,NA,18.375536183755518,0,0,
4262,0.5,timed-search,1,500,52,92,356,0.7,0.7,0.7,Clumped-Poisson,5,3,Randomly placed,2.186,0,0,0,0,0,true,4.5,0,422,158,20,27,111,113,12,18,83,4.502499999999981,535,57,22,34,0,NA,25.097168239866846,0,0,
4266,0.5,timed-search,1,500,47,84,369,0.7,0.7,0.7,Clumped-Poisson,5,3,Randomly placed,2.754,0,0,0,0,0,true,4.5,0,362,146,14,26,106,118,10,20,88,4.509374999999995,537,38,29,51,0,NA,26.167706167706196,0,0,
4267,0.5,timed-search,1,500,46,73,381,0.7,0.7,0.7,Clumped-Poisson,5,3,Randomly placed,2.214,0,0,0,0,0,true,4.5,0,407,125,14,19,92,104,11,14,79,4.523124999999963,535,41,27,36,0,NA,22.992952881028238,0,0,
4263,0.5,timed-search,1,500,66,65,369,0.7,0.7,0.7,Clumped-Poisson,5,3,Randomly placed,2.87,0,0,0,0,0,true,4.5,0,435,113,15,11,87,85,9,7,69,4.514999999999971,536,14,39,32,0,NA,18.826135105204994,0,0,
4252,0.5,timed-search,1,500,60,72,368,0.7,0.7,0.7,Clumped-Poisson,5,3,Randomly placed,2.266,0,0,0,0,0,true,4.5,0,403,184,27,24,133,144,21,17,106,4.511249999999991,537,47,47,50,0,NA,31.920199501246948,0,0,
4260,0.5,timed-search,1,500,35,76,389,0.7,0.7,0.7,Clumped-Poisson,5,3,Randomly placed,1.922,0,0,0,0,0,true,4.5,0,390,147,9,20,118,105,7,16,82,4.518749999999987,538,39,24,42,0,NA,23.23651452282164,0,0,
4264,0.5,timed-search,1,500,47,81,372,0.7,0.7,0.7,Clumped-Poisson,5,3,Randomly placed,1.962,0,0,0,0,0,true,4.5,0,416,121,9,18,94,93,6,15,72,4.524999999999975,537,51,10,32,0,NA,20.552486187845417,0,0,
4272,0.5,timed-search,1,500,45,72,383,0.7,0.7,0.7,Clumped-Poisson,5,3,Randomly placed,2.19,0,0,0,0,0,true,4.5,0,397,147,11,24,112,117,8,20,89,4.524999999999957,535,47,50,20,0,NA,25.856353591160467,0,0,
4269,0.5,timed-search,1,500,51,77,372,0.7,0.7,0.7,Clumped-Poisson,5,3,Randomly placed,2.018,0,0,0,0,0,true,4.5,0,369,119,17,14,88,96,16,11,69,4.502499999999999,536,6,49,41,0,NA,21.32148806218768,0,0,
4274,0.5,timed-search,1,500,57,88,355,0.7,0.7,0.7,Clumped-Poisson,5,3,Randomly placed,1.854,0,0,0,0,0,true,4.5,0,403,153,14,18,121,107,10,9,88,4.509374999999986,538,31,29,47,0,NA,23.728343728343802,0,0,
4265,0.5,timed-search,1,500,44,71,385,0.7,0.7,0.7,Clumped-Poisson,5,3,Randomly placed,2.15,0,0,0,0,0,true,4.5,0,411,182,23,25,134,138,16,19,103,4.514374999999995,538,49,22,67,0,NA,30.56901564446909,0,0,
4271,0.5,timed-search,1,500,39,76,385,0.7,0.7,0.7,Clumped-Poisson,5,3,Randomly placed,1.746,0,0,0,0,0,true,4.5,0,412,123,8,17,98,88,5,13,70,4.508125000000004,538,33,19,36,0,NA,19.520310550395102,0,0,
4275,0.5,timed-search,1,500,43,77,380,0.7,0.7,0.7,Clumped-Poisson,5,3,Randomly placed,2.11,0,0,0,0,0,true,4.5,0,410,140,9,25,106,105,8,19,78,4.524374999999977,537,15,76,14,0,NA,23.207625362619265,0,0,
4268,0.5,timed-search,1,500,53,78,369,0.7,0.7,0.7,Clumped-Poisson,5,3,Randomly placed,1.706,0,0,0,0,0,true,4.5,0,422,128,11,18,99,92,9,11,72,4.5006249999999905,536,50,22,20,0,NA,20.44160533259274,0,0,
4270,0.5,timed-search,1,500,52,65,383,0.7,0.7,0.7,Clumped-Poisson,5,3,Randomly placed,2.042,0,0,0,0,0,true,4.5,0,401,110,10,17,83,91,9,14,68,4.523749999999988,539,57,27,7,0,NA,20.1160541586074,0,0,
4282,0.5,timed-search,1,500,49,76,375,0.7,0.7,0.7,Clumped-Poisson,5,3,Randomly placed,1.87,0,0,0,0,0,true,4.5,0,402,198,26,31,141,150,19,19,112,4.506874999999982,537,47,58,45,0,NA,33.28248509222035,0,0,
4280,0.5,timed-search,1,500,39,88,373,0.7,0.7,0.7,Clumped-Poisson,5,3,Randomly placed,2.502,0,0,0,0,0,true,4.5,0,409,133,8,25,100,108,8,21,79,4.511874999999987,538,71,23,14,0,NA,23.936833356420625,0,0,
4283,0.5,timed-search,1,500,47,81,372,0.7,0.7,0.7,Clumped-Poisson,5,3,Randomly placed,4.45,0,0,0,0,0,true,4.5,0,376,81,10,12,59,62,8,10,44,4.512499999999998,538,39,8,15,0,NA,13.739612188365657,0,0,
4273,0.5,timed-search,1,500,41,82,377,0.7,0.7,0.7,Clumped-Poisson,5,3,Randomly placed,2.606,0,0,0,0,0,true,4.5,0,389,268,26,40,202,226,20,35,171,4.5068749999999875,537,84,29,113,0,NA,50.1456108722786,0,0,
4278,0.5,timed-search,1,500,49,92,359,0.7,0.7,0.7,Clumped-Poisson,5,3,Randomly placed,1.798,0,0,0,0,0,true,4.5,0,408,116,6,27,83,87,5,21,61,4.500624999999962,533,55,10,22,0,NA,19.330648521038906,0,0,
4286,0.5,timed-search,1,500,46,73,381,0.7,0.7,0.7,Clumped-Poisson,5,3,Randomly placed,1.822,0,0,0,0,0,true,4.5,0,392,185,21,27,137,132,16,18,98,4.522499999999998,539,50,52,30,0,NA,29.18739635157547,0,0,
4285,0.5,timed-search,1,500,56,68,376,0.7,0.7,0.7,Clumped-Poisson,5,3,Randomly placed,1.902,0,0,0,0,0,true,4.5,0,401,125,12,18,95,89,6,12,71,4.504374999999984,536,25,8,56,0,NA,19.758568058831763,0,0,
4287,0.5,timed-search,1,500,46,75,379,0.7,0.7,0.7,Clumped-Poisson,5,3,Randomly placed,2.046,0,0,0,0,0,true,4.5,0,397,222,18,37,167,173,13,28,132,4.521874999999978,538,69,44,60,0,NA,38.258465791292515,0,0,
4284,0.5,timed-search,1,500,44,87,369,0.7,0.7,0.7,Clumped-Poisson,5,3,Randomly placed,1.782,0,0,0,0,0,true,4.5,0,425,137,16,21,100,104,13,15,76,4.522499999999983,539,34,21,49,0,NA,22.996130458817113,0,0,
4281,0.5,timed-search,1,500,47,82,371,0.7,0.7,0.7,Clumped-Poisson,5,3,Randomly placed,2.026,0,0,0,0,0,true,4.5,0,385,118,10,16,92,93,7,13,73,4.500624999999991,535,35,46,12,0,NA,20.663796694903525,0,0,
4277,0.5,timed-search,1,500,60,78,362,0.7,0.7,0.7,Clumped-Poisson,5,3,Randomly placed,2.762,0,0,0,0,0,true,4.5,0,396,88,15,17,56,71,11,12,48,4.505624999999967,535,19,40,12,0,NA,15.758080177555946,0,0,
4288,0.5,timed-search,1,500,41,69,390,0.7,0.7,0.7,Clumped-Poisson,5,3,Randomly placed,2.222,0,0,0,0,0,true,4.5,0,429,200,25,30,145,140,15,21,104,4.502499999999988,537,39,80,21,0,NA,31.093836757357106,0,0,
4293,0.5,timed-search,1,500,40,83,377,0.7,0.7,0.7,Clumped-Poisson,5,3,Randomly placed,1.706,0,0,0,0,0,true,4.5,0,417,103,6,18,79,82,6,15,61,4.511249999999969,535,34,33,15,0,NA,18.17678027154349,0,0,
4276,0.5,timed-search,1,500,54,79,367,0.7,0.7,0.7,Clumped-Poisson,5,3,Randomly placed,1.95,0,0,0,0,0,true,4.5,0,391,100,9,15,76,80,7,10,63,4.505624999999998,536,33,19,28,0,NA,17.755583298654464,0,0,
4289,0.5,timed-search,1,500,50,85,365,0.7,0.7,0.7,Clumped-Poisson,5,3,Randomly placed,3.39,0,0,0,0,0,true,4.5,0,391,88,8,15,65,69,5,12,52,4.513125000000008,537,22,17,30,0,NA,15.288741171582858,0,0,
4291,0.5,timed-search,1,500,44,65,391,0.7,0.7,0.7,Clumped-Poisson,5,3,Randomly placed,3.322,0,0,0,0,0,true,4.5,0,424,154,14,22,118,114,11,16,87,4.518124999999979,534,21,58,35,0,NA,25.2317056301011,0,0,
4295,0.5,timed-search,1,500,49,87,364,0.7,0.7,0.7,Clumped-Poisson,5,3,Randomly placed,2.006,0,0,0,0,0,true,4.5,0,427,117,9,23,85,89,6,18,65,4.503749999999967,534,32,16,41,0,NA,19.761310019428397,0,0,
4279,0.5,timed-search,1,500,58,79,363,0.7,0.7,0.7,Clumped-Poisson,5,3,Randomly placed,2.226,0,0,0,0,0,true,4.5,0,426,157,21,25,111,116,15,21,80,4.524999999999982,538,27,70,19,0,NA,25.635359116022205,0,0,
4296,0.5,timed-search,1,500,42,93,365,0.7,0.7,0.7,Clumped-Poisson,5,3,Randomly placed,1.938,0,0,0,0,0,true,4.5,0,404,150,15,26,109,113,8,20,85,4.507499999999981,536,9,49,55,0,NA,25.069328896284077,0,0,
4292,0.5,timed-search,1,500,59,75,366,0.7,0.7,0.7,Clumped-Poisson,5,3,Randomly placed,2.21,0,0,0,0,0,true,4.5,0,425,173,22,25,126,129,15,21,93,4.504999999999995,536,18,83,28,0,NA,28.634850166481723,0,0,
4300,0.5,timed-search,1,500,55,81,364,0.7,0.7,0.7,Clumped-Poisson,5,3,Randomly placed,3.082,0,0,0,0,0,true,4.5,0,390,146,10,25,111,117,7,18,92,4.507499999999981,536,78,31,8,0,NA,25.956738768718914,0,0,
4299,0.5,timed-search,1,500,45,80,375,0.7,0.7,0.7,Clumped-Poisson,5,3,Randomly placed,2.982,0,0,0,0,0,true,4.5,0,394,108,8,18,82,82,7,13,62,4.513124999999988,537,27,38,17,0,NA,18.16922863869275,0,0,
4294,0.5,timed-search,1,500,43,88,369,0.7,0.7,0.7,Clumped-Poisson,5,3,Randomly placed,2.146,0,0,0,0,0,true,4.5,0,410,106,14,15,77,83,11,13,59,4.514999999999988,538,14,33,36,0,NA,18.38316722037657,0,0,
4290,0.5,timed-search,1,500,52,76,372,0.7,0.7,0.7,Clumped-Poisson,5,3,Randomly placed,2.434,0,0,0,0,0,true,4.5,0,368,72,10,17,45,51,6,12,33,4.517499999999999,538,15,13,23,0,NA,11.289429994465968,0,0,
4298,0.5,timed-search,1,500,47,60,393,0.7,0.7,0.7,Clumped-Poisson,5,3,Randomly placed,1.93,0,0,0,0,0,true,4.5,0,369,144,16,19,109,100,11,12,77,4.516249999999994,538,45,20,35,0,NA,22.142264046498784,0,0,
4297,0.5,timed-search,1,500,53,87,360,0.7,0.7,0.7,Clumped-Poisson,5,3,Randomly placed,2.766,0,0,0,0,0,true,4.5,0,423,109,14,16,79,81,9,11,61,4.50187499999997,534,23,56,2,0,NA,17.99250312369858,0,0,
4307,0.5,timed-search,7,3500,363,524,2613,0.7,0.7,0.7,Clumped-Poisson,5,3,Randomly placed,10.647714285714287,0,0,0,0,0,true,4.5,0,380,922,95,134,693,727,73,103,551,4.50249999999999,536,42,123,562,0,NA,161.46585230427578,0,0,
4311,0.5,timed-search,7,3500,365,528,2607,0.7,0.7,0.7,Clumped-Poisson,5,3,Randomly placed,8.860285714285714,0,0,0,0,0,true,4.5,0,399,706,73,104,529,538,58,82,398,4.50499999999998,536,277,206,55,0,NA,119.42286348501717,0,0,
4308,0.5,timed-search,7,3500,338,566,2596,0.7,0.7,0.7,Clumped-Poisson,5,3,Randomly placed,15.462,0,0,0,0,0,true,4.5,0,376,567,60,92,415,454,46,76,332,4.522499999999961,536,98,279,77,0,NA,100.38695411829828,0,0,
4303,0.5,timed-search,7,3500,321,532,2647,0.7,0.7,0.7,Clumped-Poisson,5,3,Randomly placed,8.796285714285714,0,0,0,0,0,true,4.5,0,402,1111,103,167,841,847,75,132,640,4.510624999999984,538,294,469,84,0,NA,187.77885548011704,0,0,
4301,0.5,timed-search,7,3500,377,525,2598,0.7,0.7,0.7,Clumped-Poisson,5,3,Randomly placed,9.628857142857143,0,0,0,0,0,true,4.5,0,402,1066,106,153,807,813,84,129,600,4.500624999999981,536,117,261,435,0,NA,180.6415775586732,0,0,
4312,0.5,timed-search,7,3500,349,520,2631,0.7,0.7,0.7,Clumped-Poisson,5,3,Randomly placed,10.061428571428573,0,0,0,0,0,true,4.5,0,418,1267,124,192,951,944,95,138,711,4.506249999999966,534,653,215,76,0,NA,209.48682385575748,0,0,
4302,0.5,timed-search,7,3500,358,514,2628,0.7,0.7,0.7,Clumped-Poisson,5,3,Randomly placed,6.638571428571429,0,0,0,0,0,true,4.5,0,399,1051,103,173,775,801,76,118,607,4.518124999999974,537,396,127,278,0,NA,177.28593166413162,0,0,
4309,0.5,timed-search,7,3500,364,549,2587,0.7,0.7,0.7,Clumped-Poisson,5,3,Randomly placed,8.719714285714286,0,0,0,0,0,true,4.5,0,363,1039,99,150,790,806,79,116,611,4.503124999999979,536,173,444,189,0,NA,178.98681471200638,0,0,
4306,0.5,timed-search,7,3500,348,528,2624,0.7,0.7,0.7,Clumped-Poisson,5,3,Randomly placed,9.627142857142857,0,0,0,0,0,true,4.5,0,392,1193,121,183,889,939,97,147,695,4.524374999999987,539,120,316,503,0,NA,207.54247824285184,0,0,
4304,0.5,timed-search,7,3500,367,520,2613,0.7,0.7,0.7,Clumped-Poisson,5,3,Randomly placed,22.52657142857143,0,0,0,0,0,true,4.5,0,377,466,57,65,344,374,46,53,275,4.503124999999991,536,71,80,223,0,NA,83.05343511450398,0,0,
4313,0.5,timed-search,7,3500,351,528,2621,0.7,0.7,0.7,Clumped-Poisson,5,3,Randomly placed,8.881428571428572,0,0,0,0,0,true,4.5,0,430,890,88,141,661,664,68,104,492,4.518749999999965,536,188,373,103,0,NA,146.94329183955853,0,0,
4305,0.5,timed-search,7,3500,358,493,2649,0.7,0.7,0.7,Clumped-Poisson,5,3,Randomly placed,8.337428571428571,0,0,0,0,0,true,4.5,0,390,928,104,114,710,688,80,87,521,4.521249999999981,538,144,217,327,0,NA,152.1703068841588,0,0,
4316,0.5,timed-search,7,3500,370,536,2594,0.7,0.7,0.7,Clumped-Poisson,5,3,Randomly placed,9.497428571428571,0,0,0,0,0,true,4.5,0,386,1445,140,207,1098,1171,112,165,894,4.516874999999978,537,315,334,522,0,NA,259.2500345925016,0,0,
4315,0.5,timed-search,7,3500,332,514,2654,0.7,0.7,0.7,Clumped-Poisson,5,3,Randomly placed,9.938,0,0,0,0,0,true,4.5,0,450,935,98,132,705,683,71,94,518,4.516874999999965,535,51,277,355,0,NA,151.21073751210855,0,0,
4314,0.5,timed-search,7,3500,333,520,2647,0.7,0.7,0.7,Clumped-Poisson,5,3,Randomly placed,15.131714285714285,0,0,0,0,0,true,4.5,0,409,708,72,102,534,510,52,69,389,4.509999999999978,537,10,308,192,0,NA,113.08203991130877,0,0,
4321,0.5,timed-search,7,3500,347,507,2646,0.7,0.7,0.7,Clumped-Poisson,5,3,Randomly placed,9.976857142857142,0,0,0,0,0,true,4.5,0,424,950,90,137,723,711,66,98,547,4.511249999999982,538,62,327,322,0,NA,157.60598503740712,0,0,
4319,0.5,timed-search,7,3500,336,522,2642,0.7,0.7,0.7,Clumped-Poisson,5,3,Randomly placed,9.383142857142857,0,0,0,0,0,true,4.5,0,418,1051,103,145,803,804,80,105,619,4.50437499999996,534,89,387,328,0,NA,178.49313167753732,0,0,
4317,0.5,timed-search,7,3500,367,510,2623,0.7,0.7,0.7,Clumped-Poisson,5,3,Randomly placed,10.556857142857142,0,0,0,0,0,true,4.5,0,363,1181,100,182,899,932,81,138,713,4.513749999999994,538,317,66,549,0,NA,206.48019939075078,0,0,
4324,0.5,timed-search,7,3500,343,545,2612,0.7,0.7,0.7,Clumped-Poisson,5,3,Randomly placed,6.3831428571428575,0,0,0,0,0,true,4.5,0,425,735,62,126,547,561,51,88,422,4.5112499999999836,537,62,294,205,0,NA,124.3557772236081,0,0,
4318,0.5,timed-search,7,3500,351,499,2650,0.7,0.7,0.7,Clumped-Poisson,5,3,Randomly placed,11.768857142857144,0,0,0,0,0,true,4.5,0,396,719,82,98,539,543,65,74,404,4.506249999999995,537,39,380,124,0,NA,120.49930651872413,0,0,
4325,0.5,timed-search,7,3500,336,524,2640,0.7,0.7,0.7,Clumped-Poisson,5,3,Randomly placed,7.485428571428572,0,0,0,0,0,true,4.5,0,386,1036,87,174,775,762,64,133,565,4.517499999999979,537,458,218,86,0,NA,168.67736579966876,0,0,
4322,0.5,timed-search,7,3500,333,494,2673,0.7,0.7,0.7,Clumped-Poisson,5,3,Randomly placed,9.571142857142858,0,0,0,0,0,true,4.5,0,413,1050,94,158,798,802,65,123,614,4.513749999999986,538,152,274,376,0,NA,177.67931320963777,0,0,
4323,0.5,timed-search,7,3500,331,541,2628,0.7,0.7,0.7,Clumped-Poisson,5,3,Randomly placed,8.627142857142857,0,0,0,0,0,true,4.5,0,432,995,93,155,747,753,74,124,555,4.5031249999999625,534,193,264,296,0,NA,167.21721027064677,0,0,
4310,0.5,timed-search,7,3500,345,519,2636,0.7,0.7,0.7,Clumped-Poisson,5,3,Randomly placed,14.040857142857144,0,0,0,0,0,true,4.5,0,425,693,62,108,523,513,47,85,381,4.517499999999957,535,160,209,144,0,NA,113.55838406198225,0,0,
4327,0.5,timed-search,7,3500,333,488,2679,0.7,0.7,0.7,Clumped-Poisson,5,3,Randomly placed,12.263714285714286,0,0,0,0,0,true,4.5,0,403,375,32,54,289,275,26,38,211,4.516249999999954,534,133,78,64,0,NA,60.891226127872194,0,0,
4326,0.5,timed-search,7,3500,343,534,2623,0.7,0.7,0.7,Clumped-Poisson,5,3,Randomly placed,8.475714285714286,0,0,0,0,0,true,4.5,0,402,965,94,140,731,739,75,108,556,4.5062499999999694,535,208,258,273,0,NA,163.99445214979306,0,0,
4329,0.5,timed-search,7,3500,361,526,2613,0.7,0.7,0.7,Clumped-Poisson,5,3,Randomly placed,11.848857142857142,0,0,0,0,0,true,4.5,0,385,1661,165,228,1268,1322,132,181,1009,4.507500000000006,537,417,493,412,0,NA,293.28896283971125,0,0,
4331,0.5,timed-search,7,3500,383,544,2573,0.7,0.7,0.7,Clumped-Poisson,5,3,Randomly placed,9.959714285714286,0,0,0,0,0,true,4.5,0,403,993,93,148,752,727,67,102,558,4.502499999999995,537,57,355,315,0,NA,161.4658523042756,0,0,
4320,0.5,timed-search,7,3500,330,553,2617,0.7,0.7,0.7,Clumped-Poisson,5,3,Randomly placed,12.162,0,0,0,0,0,true,4.5,0,413,735,73,126,536,568,56,96,416,4.524999999999986,539,298,60,210,0,NA,125.52486187845342,0,0,
4332,0.5,timed-search,7,3500,327,540,2633,0.7,0.7,0.7,Clumped-Poisson,5,3,Randomly placed,8.387142857142857,0,0,0,0,0,true,4.5,0,416,1210,118,183,909,936,94,142,700,4.5243749999999805,538,276,164,496,0,NA,206.87940323249157,0,0,
4335,0.5,timed-search,7,3500,390,504,2606,0.7,0.7,0.7,Clumped-Poisson,5,3,Randomly placed,7.162571428571428,0,0,0,0,0,true,4.5,0,384,940,100,135,705,733,83,106,544,4.51812499999996,535,181,209,343,0,NA,162.23544058652791,0,0,
4333,0.5,timed-search,7,3500,350,519,2631,0.7,0.7,0.7,Clumped-Poisson,5,3,Randomly placed,7.000857142857143,0,0,0,0,0,true,4.5,0,407,1450,143,206,1101,1116,114,152,850,4.50812499999998,537,355,437,324,0,NA,247.5530292527392,0,0,
4334,0.5,timed-search,7,3500,386,491,2623,0.7,0.7,0.7,Clumped-Poisson,5,3,Randomly placed,8.79857142857143,0,0,0,0,0,true,4.5,0,388,918,93,135,690,705,70,106,529,4.52062499999998,538,276,110,319,0,NA,155.95188718374186,0,0,
4336,0.5,timed-search,7,3500,381,475,2644,0.7,0.7,0.7,Clumped-Poisson,5,3,Randomly placed,8.712285714285715,0,0,0,0,0,true,4.5,0,422,877,110,115,652,651,87,87,477,4.524999999999979,538,181,240,230,0,NA,143.8674033149178,0,0,
4340,0.5,timed-search,7,3500,358,554,2588,0.7,0.7,0.7,Clumped-Poisson,5,3,Randomly placed,10.544285714285715,0,0,0,0,0,true,4.5,0,406,1503,158,235,1110,1221,127,197,897,4.502500000000002,537,179,403,639,0,NA,271.18267629094936,0,0,
4346,0.5,timed-search,7,3500,356,529,2615,0.7,0.7,0.7,Clumped-Poisson,5,3,Randomly placed,9.218571428571428,0,0,0,0,0,true,4.5,0,422,680,61,101,518,501,46,76,379,4.520624999999978,538,70,280,151,0,NA,110.82538365823365,0,0,
4328,0.5,timed-search,7,3500,369,499,2632,0.7,0.7,0.7,Clumped-Poisson,5,3,Randomly placed,8.207714285714285,0,0,0,0,0,true,4.5,0,359,390,42,54,294,301,29,42,230,4.518124999999973,537,56,10,235,0,NA,66.62055609351265,0,0,
4338,0.5,timed-search,7,3500,368,490,2642,0.7,0.7,0.7,Clumped-Poisson,5,3,Randomly placed,10.77742857142857,0,0,0,0,0,true,4.5,0,372,889,110,111,668,680,86,85,509,4.517499999999981,538,304,265,111,0,NA,150.52573325954683,0,0,
4341,0.5,timed-search,7,3500,367,523,2610,0.7,0.7,0.7,Clumped-Poisson,5,3,Randomly placed,10.288857142857143,0,0,0,0,0,true,4.5,0,433,920,98,125,697,684,65,92,527,4.512499999999982,538,151,231,302,0,NA,151.57894736842164,0,0,
4330,0.5,timed-search,7,3500,350,517,2633,0.7,0.7,0.7,Clumped-Poisson,5,3,Randomly placed,14.307714285714285,0,0,0,0,0,true,4.5,0,428,770,71,113,586,579,54,87,438,4.506249999999979,537,180,127,272,0,NA,128.4882108183085,0,0,
4339,0.5,timed-search,7,3500,366,525,2609,0.7,0.7,0.7,Clumped-Poisson,5,3,Randomly placed,8.864857142857144,0,0,0,0,0,true,4.5,0,409,1063,129,151,783,797,97,111,589,4.521874999999957,535,331,258,208,0,NA,176.25431928127327,0,0,
4337,0.5,timed-search,7,3500,318,519,2663,0.7,0.7,0.7,Clumped-Poisson,5,3,Randomly placed,10.474571428571428,0,0,0,0,0,true,4.5,0,408,901,76,138,687,701,59,111,531,4.501249999999962,533,118,148,435,0,NA,155.73451818939316,0,0,
4345,0.5,timed-search,7,3500,361,520,2619,0.7,0.7,0.7,Clumped-Poisson,5,3,Randomly placed,10.638,0,0,0,0,0,true,4.5,0,413,549,55,87,407,430,43,65,322,4.517499999999974,537,104,123,203,0,NA,95.18539014941946,0,0,
4343,0.5,timed-search,7,3500,392,513,2595,0.7,0.7,0.7,Clumped-Poisson,5,3,Randomly placed,9.915142857142857,0,0,0,0,0,true,4.5,0,375,467,50,73,344,352,39,57,256,4.510624999999978,536,128,51,173,0,NA,78.03796591381499,0,0,
4342,0.5,timed-search,7,3500,360,543,2597,0.7,0.7,0.7,Clumped-Poisson,5,3,Randomly placed,10.675714285714287,0,0,0,0,0,true,4.5,0,418,1078,120,178,780,804,86,135,583,4.523749999999999,539,267,251,286,0,NA,177.72865432439906,0,0,
4344,0.5,timed-search,7,3500,347,488,2665,0.7,0.7,0.7,Clumped-Poisson,5,3,Randomly placed,8.223714285714285,0,0,0,0,0,true,4.5,0,411,748,77,103,568,560,43,83,434,4.517499999999986,538,12,415,133,0,NA,123.9623685666855,0,0,
4349,0.5,timed-search,7,3500,362,494,2644,0.7,0.7,0.7,Clumped-Poisson,5,3,Randomly placed,7.719714285714285,0,0,0,0,0,true,4.5,0,392,1009,105,137,767,791,79,105,607,4.5081249999999775,536,199,413,179,0,NA,175.460973242757,0,0,
4354,0.5,timed-search,7,3500,385,533,2582,0.7,0.7,0.7,Clumped-Poisson,5,3,Randomly placed,13.68942857142857,0,0,0,0,0,true,4.5,0,393,714,89,102,523,509,66,78,365,4.510624999999971,536,38,293,178,0,NA,112.84467230151105,0,0,
4347,0.5,timed-search,7,3500,371,480,2649,0.7,0.7,0.7,Clumped-Poisson,5,3,Randomly placed,14.483714285714285,0,0,0,0,0,true,4.5,0,433,644,67,91,486,471,50,70,351,4.506874999999967,534,229,25,217,0,NA,104.50700318957225,0,0,
4348,0.5,timed-search,7,3500,345,542,2613,0.7,0.7,0.7,Clumped-Poisson,5,3,Randomly placed,8.260857142857143,0,0,0,0,0,true,4.5,0,387,473,52,73,348,349,43,57,249,4.508749999999992,537,239,77,33,0,NA,77.40504574438606,0,0,
4353,0.5,timed-search,7,3500,333,513,2654,0.7,0.7,0.7,Clumped-Poisson,5,3,Randomly placed,7.132285714285715,0,0,0,0,0,true,4.5,0,397,586,54,101,431,431,44,68,319,4.516874999999961,535,194,126,111,0,NA,95.41995295420035,0,0,
4351,0.5,timed-search,7,3500,344,530,2626,0.7,0.7,0.7,Clumped-Poisson,5,3,Randomly placed,8.746571428571428,0,0,0,0,0,true,4.5,0,403,917,84,133,700,689,65,97,527,4.509374999999969,535,97,160,432,0,NA,152.79279279279385,0,0,
4352,0.5,timed-search,7,3500,337,512,2651,0.7,0.7,0.7,Clumped-Poisson,5,3,Randomly placed,7.723714285714286,0,0,0,0,0,true,4.5,0,415,1080,105,164,811,829,82,125,622,4.5143749999999825,538,339,359,131,0,NA,183.6356084729344,0,0,
4350,0.5,timed-search,7,3500,348,511,2641,0.7,0.7,0.7,Clumped-Poisson,5,3,Randomly placed,11.629999999999999,0,0,0,0,0,true,4.5,0,396,719,78,101,540,548,59,74,415,4.524374999999977,538,240,202,106,0,NA,121.12170189252721,0,0,
4356,0.5,timed-search,7,3500,356,568,2576,0.7,0.7,0.7,Clumped-Poisson,5,3,Randomly placed,8.864857142857144,0,0,0,0,0,true,4.5,0,381,1356,141,209,1006,1047,108,156,783,4.5018749999999885,537,377,172,498,0,NA,232.56976259891772,0,0,
4358,0.5,timed-search,7,3500,350,510,2640,0.7,0.7,0.7,Clumped-Poisson,5,3,Randomly placed,7.291142857142857,0,0,0,0,0,true,4.5,0,425,980,88,152,740,726,66,112,548,4.52499999999998,538,348,139,239,0,NA,160.44198895027696,0,0,
4365,0.5,timed-search,7,3500,349,478,2673,0.7,0.7,0.7,Clumped-Poisson,5,3,Randomly placed,10.334,0,0,0,0,0,true,4.5,0,436,1126,117,145,864,841,89,112,640,4.506874999999969,535,136,621,84,0,NA,186.60379975038265,0,0,
4364,0.5,timed-search,7,3500,379,550,2571,0.7,0.7,0.7,Clumped-Poisson,5,3,Randomly placed,7.882,0,0,0,0,0,true,4.5,0,362,837,90,140,607,650,69,117,464,4.519374999999999,538,126,260,264,0,NA,143.8251970681787,0,0,
4360,0.5,timed-search,7,3500,369,531,2600,0.7,0.7,0.7,Clumped-Poisson,5,3,Randomly placed,7.404285714285714,0,0,0,0,0,true,4.5,0,398,974,107,143,724,768,85,112,571,4.511249999999978,537,173,304,291,0,NA,170.24106400665087,0,0,
4362,0.5,timed-search,7,3500,310,523,2667,0.7,0.7,0.7,Clumped-Poisson,5,3,Randomly placed,9.928857142857142,0,0,0,0,0,true,4.5,0,383,1234,102,194,938,949,76,144,729,4.520624999999984,538,381,396,172,0,NA,209.92672473385946,0,0,
4357,0.5,timed-search,7,3500,351,530,2619,0.7,0.7,0.7,Clumped-Poisson,5,3,Randomly placed,10.011714285714286,0,0,0,0,0,true,4.5,0,377,645,85,100,460,510,71,75,364,4.50062499999996,532,260,188,62,0,NA,113.31759477850399,0,0,
4361,0.5,timed-search,7,3500,348,524,2628,0.7,0.7,0.7,Clumped-Poisson,5,3,Randomly placed,9.018571428571429,0,0,0,0,0,true,4.5,0,392,656,73,84,499,493,58,59,376,4.508749999999968,535,89,180,224,0,NA,109.34294427502157,0,0,
4355,0.5,timed-search,7,3500,342,533,2625,0.7,0.7,0.7,Clumped-Poisson,5,3,Randomly placed,7.976857142857143,0,0,0,0,0,true,4.5,0,407,1044,110,159,775,766,82,124,560,4.50812499999998,536,550,80,136,0,NA,169.91543047275826,0,0,
4359,0.5,timed-search,7,3500,350,526,2624,0.7,0.7,0.7,Clumped-Poisson,5,3,Randomly placed,16.128857142857143,0,0,0,0,0,true,4.5,0,422,439,47,64,328,323,37,50,236,4.518749999999973,537,163,77,83,0,NA,71.47994467496585,0,0,
4367,0.5,timed-search,7,3500,372,538,2590,0.7,0.7,0.7,Clumped-Poisson,5,3,Randomly placed,8.409428571428572,0,0,0,0,0,true,4.5,0,418,1038,115,136,787,782,90,103,589,4.506249999999982,536,201,362,219,0,NA,173.53675450762898,0,0,
4370,0.5,timed-search,7,3500,360,538,2602,0.7,0.7,0.7,Clumped-Poisson,5,3,Randomly placed,6.973428571428571,0,0,0,0,0,true,4.5,0,382,852,83,137,632,686,64,107,515,4.524999999999981,539,121,321,244,0,NA,151.60220994475202,0,0,
4375,0.5,timed-search,7,3500,374,531,2595,0.7,0.7,0.7,Clumped-Poisson,5,3,Randomly placed,8.394571428571428,0,0,0,0,0,true,4.5,0,409,943,77,158,708,729,58,128,543,4.524374999999994,539,186,186,357,0,NA,161.12722751761316,0,0,
4377,0.5,timed-search,7,3500,360,559,2581,0.7,0.7,0.7,Clumped-Poisson,5,3,Randomly placed,8.452285714285713,0,0,0,0,0,true,4.5,0,391,603,52,116,435,482,47,88,347,4.5249999999999835,538,168,130,184,0,NA,106.51933701657498,0,0,
4368,0.5,timed-search,7,3500,352,517,2631,0.7,0.7,0.7,Clumped-Poisson,5,3,Randomly placed,9.059714285714286,0,0,0,0,0,true,4.5,0,429,764,76,114,574,562,49,79,434,4.508124999999967,535,57,362,143,0,NA,124.66380146956975,0,0,
4369,0.5,timed-search,7,3500,328,462,2710,0.7,0.7,0.7,Clumped-Poisson,5,3,Randomly placed,8.962571428571428,0,0,0,0,0,true,4.5,0,366,1012,98,134,780,761,78,98,585,4.5081249999999775,536,294,70,397,0,NA,168.80632191875864,0,0,
4373,0.5,timed-search,7,3500,348,516,2636,0.7,0.7,0.7,Clumped-Poisson,5,3,Randomly placed,8.344857142857142,0,0,0,0,0,true,4.5,0,414,1383,143,188,1052,1075,106,153,816,4.502499999999981,536,447,285,343,0,NA,238.75624652970674,0,0,
4372,0.5,timed-search,7,3500,353,542,2605,0.7,0.7,0.7,Clumped-Poisson,5,3,Randomly placed,10.032857142857143,0,0,0,0,0,true,4.5,0,386,408,38,53,317,308,25,38,245,4.510624999999986,537,180,23,105,0,NA,68.283220174588,0,0,
4374,0.5,timed-search,7,3500,363,540,2597,0.7,0.7,0.7,Clumped-Poisson,5,3,Randomly placed,10.798,0,0,0,0,0,true,4.5,0,412,785,61,142,582,603,48,107,448,4.510624999999999,537,253,251,99,0,NA,133.68435638076767,0,0,
4363,0.5,timed-search,7,3500,337,562,2601,0.7,0.7,0.7,Clumped-Poisson,5,3,Randomly placed,7.662,0,0,0,0,0,true,4.5,0,398,755,80,134,541,570,58,107,405,4.524999999999961,536,17,312,241,0,NA,125.96685082873036,0,0,
4376,0.5,timed-search,7,3500,318,526,2656,0.7,0.7,0.7,Clumped-Poisson,5,3,Randomly placed,11.934,0,0,0,0,0,true,4.5,0,420,1054,86,153,815,769,58,110,601,4.502499999999978,535,358,255,156,0,NA,170.79400333148334,0,0,
4366,0.5,timed-search,7,3500,355,503,2642,0.7,0.7,0.7,Clumped-Poisson,5,3,Randomly placed,14.720857142857144,0,0,0,0,0,true,4.5,0,422,445,46,66,333,327,33,47,247,4.5056249999999824,536,79,53,195,0,NA,72.57594673325039,0,0,
4381,0.5,timed-search,7,3500,341,533,2626,0.7,0.7,0.7,Clumped-Poisson,5,3,Randomly placed,11.289428571428571,0,0,0,0,0,true,4.5,0,418,1768,183,267,1318,1347,146,204,997,4.513749999999967,535,367,498,482,0,NA,298.4214898919989,0,0,
4379,0.5,timed-search,7,3500,349,538,2613,0.7,0.7,0.7,Clumped-Poisson,5,3,Randomly placed,11.920285714285713,0,0,0,0,0,true,4.5,0,404,283,29,44,210,190,25,25,140,4.521249999999985,539,114,18,58,0,NA,42.02377661045079,0,0,
4378,0.5,timed-search,7,3500,358,545,2597,0.7,0.7,0.7,Clumped-Poisson,5,3,Randomly placed,6.1894285714285715,0,0,0,0,0,true,4.5,0,414,928,88,161,679,701,61,121,519,4.512499999999977,537,292,173,236,0,NA,155.34626038781244,0,0,
4380,0.5,timed-search,7,3500,349,542,2609,0.7,0.7,0.7,Clumped-Poisson,5,3,Randomly placed,8.907142857142857,0,0,0,0,0,true,4.5,0,374,794,74,114,606,603,61,89,453,4.509999999999978,536,268,81,254,0,NA,133.70288248337096,0,0,
4387,0.5,timed-search,7,3500,347,491,2662,0.7,0.7,0.7,Clumped-Poisson,5,3,Randomly placed,8.931142857142857,0,0,0,0,0,true,4.5,0,349,812,87,105,620,680,74,87,519,4.524374999999975,538,165,218,297,0,NA,150.2970023483915,0,0,
4384,0.5,timed-search,7,3500,327,559,2614,0.7,0.7,0.7,Clumped-Poisson,5,3,Randomly placed,9.691142857142856,0,0,0,0,0,true,4.5,0,367,644,60,95,489,514,45,79,390,4.518749999999979,538,114,348,52,0,NA,113.74827109266995,0,0,
4383,0.5,timed-search,7,3500,326,532,2642,0.7,0.7,0.7,Clumped-Poisson,5,3,Randomly placed,8.741428571428571,0,0,0,0,0,true,4.5,0,411,1213,110,188,915,937,84,148,705,4.507499999999984,537,480,224,233,0,NA,207.87576261785983,0,0,
4371,0.5,timed-search,7,3500,366,510,2624,0.7,0.7,0.7,Clumped-Poisson,5,3,Randomly placed,15.754000000000001,0,0,0,0,0,true,4.5,0,427,1297,125,178,994,985,86,131,768,4.501249999999983,535,38,694,253,0,NA,218.82810330463843,0,0,
4386,0.5,timed-search,7,3500,353,525,2622,0.7,0.7,0.7,Clumped-Poisson,5,3,Randomly placed,12.602571428571428,0,0,0,0,0,true,4.5,0,418,613,79,81,453,462,64,61,337,4.509374999999985,537,59,273,130,0,NA,102.45322245322279,0,0,
4395,0.5,timed-search,7,3500,362,494,2644,0.7,0.7,0.7,Clumped-Poisson,5,3,Randomly placed,7.563714285714285,0,0,0,0,0,true,4.5,0,389,1055,113,161,781,802,84,123,595,4.503749999999965,534,159,385,258,0,NA,178.07382736608523,0,0,
4389,0.5,timed-search,7,3500,356,515,2629,0.7,0.7,0.7,Clumped-Poisson,5,3,Randomly placed,12.196857142857143,0,0,0,0,0,true,4.5,0,430,1143,123,159,861,856,88,126,642,4.521874999999982,539,345,258,253,0,NA,189.30200414651077,0,0,
4390,0.5,timed-search,7,3500,379,544,2577,0.7,0.7,0.7,Clumped-Poisson,5,3,Randomly placed,6.435714285714285,0,0,0,0,0,true,4.5,0,382,921,103,129,689,708,86,97,525,4.514374999999977,537,159,168,381,0,NA,156.8323411324942,0,0,
4385,0.5,timed-search,7,3500,325,548,2627,0.7,0.7,0.7,Clumped-Poisson,5,3,Randomly placed,9.424857142857144,0,0,0,0,0,true,4.5,0,353,820,69,144,607,664,56,119,489,4.504375000000006,537,253,296,115,0,NA,147.41223810184525,0,0,
4393,0.5,timed-search,7,3500,355,539,2606,0.7,0.7,0.7,Clumped-Poisson,5,3,Randomly placed,10.958,0,0,0,0,0,true,4.5,0,389,961,85,152,724,718,64,110,544,4.503124999999992,536,298,172,248,0,NA,159.4448299791814,0,0,
4401,0.5,timed-search,0.01,5,0,1,4,0.3,0.3,0.3,Clumped-Poisson,5,3,Randomly placed,0.9975000000000144,0,0,0,0,0,true,4.5,0,453,1,0,1,0,0,0,0,0,4.508124999999956,528,0,0,0,0,NA,0,0,0,
4403,0.5,timed-search,0.01,5,0,0,5,0.3,0.3,0.3,Clumped-Poisson,5,3,Randomly placed,0.9975000000000247,0,0,0,0,0,true,4.5,0,480,1,0,0,1,0,0,0,0,4.511249999999957,528,0,0,0,0,NA,0,0,0,
4402,0.5,timed-search,0.01,5,1,0,4,0.3,0.3,0.3,Clumped-Poisson,5,3,Randomly placed,0.9975000000000126,0,0,0,0,0,true,4.5,0,439,3,0,0,3,2,0,0,2,4.5049999999999635,528,1,1,0,0,NA,0.4439511653718127,0,0,
4406,0.5,timed-search,0.01,5,1,1,3,0.3,0.3,0.3,Clumped-Poisson,5,3,Randomly placed,0.9975000000000417,0,0,0,0,0,true,4.5,0,443,2,0,1,1,0,0,0,0,4.506249999999956,528,0,0,0,0,NA,0,0,0,
4404,0.5,timed-search,0.01,5,0,1,4,0.3,0.3,0.3,Clumped-Poisson,5,3,Randomly placed,0.9975000000000425,0,0,0,0,0,true,4.5,0,413,1,0,0,1,1,0,0,1,4.504374999999954,529,0,0,1,0,NA,0.2220063826835044,0,0,
4394,0.5,timed-search,7,3500,367,519,2614,0.7,0.7,0.7,Clumped-Poisson,5,3,Randomly placed,8.254,0,0,0,0,0,true,4.5,0,398,1091,114,161,816,815,85,120,610,4.517499999999993,538,546,236,33,0,NA,180.4095185390152,0,0,
4407,0.5,timed-search,0.01,5,0,1,4,0.3,0.3,0.3,Clumped-Poisson,5,3,Randomly placed,0.9975000000000616,0,0,0,0,0,true,4.5,0,447,3,0,1,2,2,0,0,2,4.507499999999967,529,0,2,0,0,NA,0.44370493621741863,0,0,
4405,0.5,timed-search,0.01,5,0,1,4,0.3,0.3,0.3,Clumped-Poisson,5,3,Randomly placed,0.9975000000000426,0,0,0,0,0,true,4.5,0,446,3,0,0,3,1,0,0,1,4.507499999999967,529,0,1,0,0,NA,0.22185246810870932,0,0,
4398,0.5,timed-search,7,3500,357,557,2586,0.7,0.7,0.7,Clumped-Poisson,5,3,Randomly placed,7.143714285714286,0,0,0,0,0,true,4.5,0,407,1122,104,184,834,867,83,145,639,4.519374999999988,538,283,339,245,0,NA,191.84068593555577,0,0,
4409,0.5,timed-search,0.01,5,1,0,4,0.3,0.3,0.3,Clumped-Poisson,5,3,Randomly placed,0.997500000000016,0,0,0,0,0,true,4.5,0,462,1,0,0,1,1,0,0,1,4.5093749999999595,528,0,1,0,0,NA,0.22176022176022375,0,0,
4392,0.5,timed-search,7,3500,334,481,2685,0.7,0.7,0.7,Clumped-Poisson,5,3,Randomly placed,9.043142857142858,0,0,0,0,0,true,4.5,0,379,180,22,25,133,135,15,14,106,4.52249999999998,538,79,53,3,0,NA,29.850746268656845,0,0,
4408,0.5,timed-search,0.01,5,0,1,4,0.3,0.3,0.3,Clumped-Poisson,5,3,Randomly placed,0.9975000000000124,0,0,0,0,0,true,4.5,0,443,2,0,1,1,0,0,0,0,4.508124999999955,528,0,0,0,0,NA,0,0,0,
4410,0.5,timed-search,0.01,5,1,0,4,0.3,0.3,0.3,Clumped-Poisson,5,3,Randomly placed,0.9975000000000468,0,0,0,0,0,true,4.5,0,432,2,0,0,2,1,0,0,1,4.511249999999949,529,0,1,0,0,NA,0.22166805209199475,0,0,
4414,0.5,timed-search,0.01,5,0,0,5,0.3,0.3,0.3,Clumped-Poisson,5,3,Randomly placed,0.997500000000061,0,0,0,0,0,true,4.5,0,436,0,0,0,0,0,0,0,0,4.511249999999957,528,0,0,0,0,NA,0,0,0,
4413,0.5,timed-search,0.01,5,0,1,4,0.3,0.3,0.3,Clumped-Poisson,5,3,Randomly placed,0.9975000000000419,0,0,0,0,0,true,4.5,0,427,1,0,0,1,0,0,0,0,4.508124999999956,528,0,0,0,0,NA,0,0,0,
4382,0.5,timed-search,7,3500,339,495,2666,0.7,0.7,0.7,Clumped-Poisson,5,3,Randomly placed,9.855142857142857,0,0,0,0,0,true,4.5,0,431,945,91,131,723,739,67,107,565,4.513749999999996,538,448,215,76,0,NA,163.72196067571323,0,0,
4411,0.5,timed-search,0.01,5,0,0,5,0.3,0.3,0.3,Clumped-Poisson,5,3,Randomly placed,0.9975000000000462,0,0,0,0,0,true,4.5,0,443,0,0,0,0,0,0,0,0,4.508124999999956,528,0,0,0,0,NA,0,0,0,
4391,0.5,timed-search,7,3500,350,514,2636,0.7,0.7,0.7,Clumped-Poisson,5,3,Randomly placed,10.283714285714286,0,0,0,0,0,true,4.5,0,368,574,60,97,417,424,41,74,309,4.512499999999983,536,159,218,47,0,NA,93.96121883656545,0,0,
4417,0.5,timed-search,0.01,5,0,1,4,0.3,0.3,0.3,Clumped-Poisson,5,3,Randomly placed,0.9975000000000481,0,0,0,0,0,true,4.5,0,390,0,0,0,0,0,0,0,0,4.508124999999956,528,0,0,0,0,NA,0,0,0,
4418,0.5,timed-search,0.01,5,0,0,5,0.3,0.3,0.3,Clumped-Poisson,5,3,Randomly placed,0.9975000000000509,0,0,0,0,0,true,4.5,0,421,0,0,0,0,0,0,0,0,4.512499999999957,528,0,0,0,0,NA,0,0,0,
4423,0.5,timed-search,0.01,5,0,1,4,0.3,0.3,0.3,Clumped-Poisson,5,3,Randomly placed,0.9975000000000295,0,0,0,0,0,true,4.5,0,454,3,0,1,2,1,0,0,1,4.509374999999954,529,0,1,0,0,NA,0.221760221760224,0,0,
4415,0.5,timed-search,0.01,5,2,0,3,0.3,0.3,0.3,Clumped-Poisson,5,3,Randomly placed,0.997500000000054,0,0,0,0,0,true,4.5,0,455,2,1,0,1,0,0,0,0,4.508124999999955,528,0,0,0,0,NA,0,0,0,
4416,0.5,timed-search,0.01,5,1,0,4,0.3,0.3,0.3,Clumped-Poisson,5,3,Randomly placed,0.9975000000000342,0,0,0,0,0,true,4.5,0,437,2,0,0,2,0,0,0,0,4.508124999999955,528,0,0,0,0,NA,0,0,0,
4412,0.5,timed-search,0.01,5,1,1,3,0.3,0.3,0.3,Clumped-Poisson,5,3,Randomly placed,0.9975000000000709,0,0,0,0,0,true,4.5,0,458,2,1,0,1,1,0,0,1,4.503749999999967,529,1,0,0,0,NA,0.22203719122953255,0,0,
4419,0.5,timed-search,0.01,5,0,0,5,0.3,0.3,0.3,Clumped-Poisson,5,3,Randomly placed,0.99750000000005,0,0,0,0,0,true,4.5,0,451,0,0,0,0,0,0,0,0,4.508124999999955,528,0,0,0,0,NA,0,0,0,
4424,0.5,timed-search,0.01,5,2,1,2,0.3,0.3,0.3,Clumped-Poisson,5,3,Randomly placed,0.9975000000000722,0,0,0,0,0,true,4.5,0,431,1,1,0,0,0,0,0,0,4.511249999999957,528,0,0,0,0,NA,0,0,0,
4421,0.5,timed-search,0.01,5,0,1,4,0.3,0.3,0.3,Clumped-Poisson,5,3,Randomly placed,0.9975000000000551,0,0,0,0,0,true,4.5,0,445,1,0,0,1,0,0,0,0,4.512499999999957,528,0,0,0,0,NA,0,0,0,
4420,0.5,timed-search,0.01,5,1,2,2,0.3,0.3,0.3,Clumped-Poisson,5,3,Randomly placed,0.9975000000000409,0,0,0,0,0,true,4.5,0,441,3,1,1,1,0,0,0,0,4.512499999999957,528,0,0,0,0,NA,0,0,0,
4425,0.5,timed-search,0.01,5,1,0,4,0.3,0.3,0.3,Clumped-Poisson,5,3,Randomly placed,0.9975000000000172,0,0,0,0,0,true,4.5,0,436,1,0,0,1,1,0,0,1,4.507499999999967,529,1,0,0,0,NA,0.22185246810870932,0,0,
4399,0.5,timed-search,7,3500,356,538,2606,0.7,0.7,0.7,Clumped-Poisson,5,3,Randomly placed,8.481428571428571,0,0,0,0,0,true,4.5,0,394,1018,105,154,759,797,80,119,598,4.518749999999993,539,162,267,368,0,NA,176.37621023513168,0,0,
4396,0.5,timed-search,7,3500,354,520,2626,0.7,0.7,0.7,Clumped-Poisson,5,3,Randomly placed,8.052285714285714,0,0,0,0,0,true,4.5,0,425,943,107,143,693,706,76,109,521,4.522499999999981,538,152,414,140,0,NA,156.10834715312393,0,0,
4430,0.5,timed-search,0.01,5,0,2,3,0.3,0.3,0.3,Clumped-Poisson,5,3,Randomly placed,0.9975000000000299,0,0,0,0,0,true,4.5,0,405,1,0,0,1,1,0,0,1,4.508124999999967,529,0,1,0,0,NA,0.22182171079994617,0,0,
4428,0.5,timed-search,0.01,5,1,0,4,0.3,0.3,0.3,Clumped-Poisson,5,3,Randomly placed,0.997500000000052,0,0,0,0,0,true,4.5,0,467,1,1,0,0,0,0,0,0,4.511249999999957,528,0,0,0,0,NA,0,0,0,
4432,0.5,timed-search,0.01,5,0,0,5,0.3,0.3,0.3,Clumped-Poisson,5,3,Randomly placed,0.9975000000000173,0,0,0,0,0,true,4.5,0,447,1,0,0,1,1,0,0,1,4.502499999999954,529,1,0,0,0,NA,0.22209883398112384,0,0,
4436,0.5,timed-search,0.01,5,0,1,4,0.3,0.3,0.3,Clumped-Poisson,5,3,Randomly placed,0.9975000000000324,0,0,0,0,0,true,4.5,0,473,0,0,0,0,0,0,0,0,4.511249999999957,528,0,0,0,0,NA,0,0,0,
4431,0.5,timed-search,0.01,5,0,0,5,0.3,0.3,0.3,Clumped-Poisson,5,3,Randomly placed,0.997500000000036,0,0,0,0,0,true,4.5,0,448,0,0,0,0,0,0,0,0,4.506249999999956,528,0,0,0,0,NA,0,0,0,
4434,0.5,timed-search,0.01,5,1,0,4,0.3,0.3,0.3,Clumped-Poisson,5,3,Randomly placed,0.9975000000000489,0,0,0,0,0,true,4.5,0,463,1,0,0,1,1,0,0,1,4.519374999999967,531,1,0,0,0,NA,0.2212695339510457,0,0,
4427,0.5,timed-search,0.01,5,0,2,3,0.3,0.3,0.3,Clumped-Poisson,5,3,Randomly placed,0.9975000000000361,0,0,0,0,0,true,4.5,0,446,1,0,0,1,0,0,0,0,4.508124999999956,528,0,0,0,0,NA,0,0,0,
4429,0.5,timed-search,0.01,5,0,1,4,0.3,0.3,0.3,Clumped-Poisson,5,3,Randomly placed,0.9975000000000533,0,0,0,0,0,true,4.5,0,432,1,0,0,1,0,0,0,0,4.511249999999957,528,0,0,0,0,NA,0,0,0,
4433,0.5,timed-search,0.01,5,0,2,3,0.3,0.3,0.3,Clumped-Poisson,5,3,Randomly placed,0.9975000000000505,0,0,0,0,0,true,4.5,0,433,1,0,1,0,0,0,0,0,4.511249999999957,528,0,0,0,0,NA,0,0,0,
4441,0.5,timed-search,0.01,5,1,0,4,0.3,0.3,0.3,Clumped-Poisson,5,3,Randomly placed,0.9975000000000412,0,0,0,0,0,true,4.5,0,461,2,0,0,2,0,0,0,0,4.511249999999957,528,0,0,0,0,NA,0,0,0,
4438,0.5,timed-search,0.01,5,0,0,5,0.3,0.3,0.3,Clumped-Poisson,5,3,Randomly placed,0.9975000000000263,0,0,0,0,0,true,4.5,0,409,1,0,0,1,0,0,0,0,4.508124999999955,528,0,0,0,0,NA,0,0,0,
4435,0.5,timed-search,0.01,5,0,1,4,0.3,0.3,0.3,Clumped-Poisson,5,3,Randomly placed,0.9975000000000644,0,0,0,0,0,true,4.5,0,444,0,0,0,0,0,0,0,0,4.512499999999957,528,0,0,0,0,NA,0,0,0,
4426,0.5,timed-search,0.01,5,0,1,4,0.3,0.3,0.3,Clumped-Poisson,5,3,Randomly placed,0.9975000000000426,0,0,0,0,0,true,4.5,0,440,0,0,0,0,0,0,0,0,4.508124999999956,528,0,0,0,0,NA,0,0,0,
4439,0.5,timed-search,0.01,5,3,0,2,0.3,0.3,0.3,Clumped-Poisson,5,3,Randomly placed,0.9975000000000626,0,0,0,0,0,true,4.5,0,421,3,2,0,1,2,1,0,1,4.508124999999969,531,0,1,1,0,NA,0.4436434215998922,0,0,
4422,0.5,timed-search,0.01,5,0,0,5,0.3,0.3,0.3,Clumped-Poisson,5,3,Randomly placed,0.9975000000000506,0,0,0,0,0,true,4.5,0,428,2,0,0,2,1,0,0,1,4.516249999999955,530,0,0,1,0,NA,0.22142264046498975,0,0,
4440,0.5,timed-search,0.01,5,1,1,3,0.3,0.3,0.3,Clumped-Poisson,5,3,Randomly placed,0.9975000000000468,0,0,0,0,0,true,4.5,0,470,2,0,0,2,1,0,0,1,4.523124999999968,531,0,0,1,0,NA,0.22108608539450203,0,0,
4388,0.5,timed-search,7,3500,323,549,2628,0.7,0.7,0.7,Clumped-Poisson,5,3,Randomly placed,9.029428571428571,0,0,0,0,0,true,4.5,0,382,860,77,139,644,681,58,117,506,4.516874999999976,537,326,155,200,0,NA,150.76795350768035,0,0,
4397,0.5,timed-search,7,3500,362,513,2625,0.7,0.7,0.7,Clumped-Poisson,5,3,Randomly placed,8.025428571428572,0,0,0,0,0,true,4.5,0,400,1315,135,185,995,1046,109,145,792,4.514999999999972,536,362,375,309,0,NA,231.67220376522846,0,0,
4443,0.5,timed-search,0.01,5,1,1,3,0.3,0.3,0.3,Clumped-Poisson,5,3,Randomly placed,0.9975000000000386,0,0,0,0,0,true,4.5,0,476,1,1,0,0,0,0,0,0,4.508124999999955,528,0,0,0,0,NA,0,0,0,
4445,0.5,timed-search,0.01,5,0,2,3,0.3,0.3,0.3,Clumped-Poisson,5,3,Randomly placed,0.9975000000000145,0,0,0,0,0,true,4.5,0,431,1,0,0,1,1,0,0,1,4.501874999999965,528,0,0,1,0,NA,0.22212966819380983,0,0,
4437,0.5,timed-search,0.01,5,0,1,4,0.3,0.3,0.3,Clumped-Poisson,5,3,Randomly placed,0.9975000000000185,0,0,0,0,0,true,4.5,0,453,0,0,0,0,0,0,0,0,4.512499999999957,528,0,0,0,0,NA,0,0,0,
4446,0.5,timed-search,0.01,5,0,0,5,0.3,0.3,0.3,Clumped-Poisson,5,3,Randomly placed,0.9975000000000485,0,0,0,0,0,true,4.5,0,453,3,0,0,3,1,0,0,1,4.5149999999999615,529,0,1,0,0,NA,0.22148394241417685,0,0,
4442,0.5,timed-search,0.01,5,1,1,3,0.3,0.3,0.3,Clumped-Poisson,5,3,Randomly placed,0.9975000000000382,0,0,0,0,0,true,4.5,0,427,0,0,0,0,0,0,0,0,4.511249999999957,528,0,0,0,0,NA,0,0,0,
4444,0.5,timed-search,0.01,5,2,1,2,0.3,0.3,0.3,Clumped-Poisson,5,3,Randomly placed,0.9975000000000218,0,0,0,0,0,true,4.5,0,431,2,1,0,1,2,1,0,1,4.511874999999971,530,1,0,1,0,NA,0.44327469178556866,0,0,
4448,0.5,timed-search,0.01,5,0,1,4,0.3,0.3,0.3,Clumped-Poisson,5,3,Randomly placed,0.9975000000000512,0,0,0,0,0,true,4.5,0,458,2,0,0,2,0,0,0,0,4.508124999999956,528,0,0,0,0,NA,0,0,0,
4447,0.5,timed-search,0.01,5,0,2,3,0.3,0.3,0.3,Clumped-Poisson,5,3,Randomly placed,0.9975000000000173,0,0,0,0,0,true,4.5,0,432,1,0,0,1,0,0,0,0,4.511249999999957,528,0,0,0,0,NA,0,0,0,
4449,0.5,timed-search,0.01,5,0,0,5,0.3,0.3,0.3,Clumped-Poisson,5,3,Randomly placed,0.9975000000000124,0,0,0,0,0,true,4.5,0,449,1,0,0,1,0,0,0,0,4.511249999999957,528,0,0,0,0,NA,0,0,0,
4452,0.5,timed-search,0.01,5,1,1,3,0.3,0.3,0.3,Clumped-Poisson,5,3,Randomly placed,0.9975000000000676,0,0,0,0,0,true,4.5,0,451,1,0,0,1,1,0,0,1,4.516249999999955,530,1,0,0,0,NA,0.22142264046498975,0,0,
4451,0.5,timed-search,0.01,5,0,1,4,0.3,0.3,0.3,Clumped-Poisson,5,3,Randomly placed,0.9975000000000354,0,0,0,0,0,true,4.5,0,446,0,0,0,0,0,0,0,0,4.511249999999957,528,0,0,0,0,NA,0,0,0,
4450,0.5,timed-search,0.01,5,0,1,4,0.3,0.3,0.3,Clumped-Poisson,5,3,Randomly placed,0.9975000000000755,0,0,0,0,0,true,4.5,0,454,2,0,1,1,1,0,1,0,4.504999999999958,528,0,0,1,0,NA,0.22197558268590661,0,0,
4454,0.5,timed-search,0.01,5,0,0,5,0.3,0.3,0.3,Clumped-Poisson,5,3,Randomly placed,0.9975000000000461,0,0,0,0,0,true,4.5,0,457,1,0,0,1,0,0,0,0,4.511249999999957,528,0,0,0,0,NA,0,0,0,
4455,0.5,timed-search,0.01,5,1,2,2,0.3,0.3,0.3,Clumped-Poisson,5,3,Randomly placed,0.997500000000031,0,0,0,0,0,true,4.5,0,430,1,0,0,1,0,0,0,0,4.511249999999957,528,0,0,0,0,NA,0,0,0,
4458,0.5,timed-search,0.01,5,0,0,5,0.3,0.3,0.3,Clumped-Poisson,5,3,Randomly placed,0.9975000000000638,0,0,0,0,0,true,4.5,0,444,1,0,0,1,0,0,0,0,4.511249999999957,528,0,0,0,0,NA,0,0,0,
4456,0.5,timed-search,0.01,5,0,0,5,0.3,0.3,0.3,Clumped-Poisson,5,3,Randomly placed,0.9975000000000552,0,0,0,0,0,true,4.5,0,439,0,0,0,0,0,0,0,0,4.508124999999955,528,0,0,0,0,NA,0,0,0,
4457,0.5,timed-search,0.01,5,0,0,5,0.3,0.3,0.3,Clumped-Poisson,5,3,Randomly placed,0.9975000000000421,0,0,0,0,0,true,4.5,0,451,2,0,0,2,1,0,0,1,4.51937499999996,530,0,0,1,0,NA,0.22126953395104607,0,0,
4460,0.5,timed-search,0.01,5,0,1,4,0.3,0.3,0.3,Clumped-Poisson,5,3,Randomly placed,0.9975000000000545,0,0,0,0,0,true,4.5,0,408,1,0,0,1,0,0,0,0,4.508124999999956,528,0,0,0,0,NA,0,0,0,
4459,0.5,timed-search,0.01,5,1,0,4,0.3,0.3,0.3,Clumped-Poisson,5,3,Randomly placed,0.9975000000000669,0,0,0,0,0,true,4.5,0,449,0,0,0,0,0,0,0,0,4.508124999999956,528,0,0,0,0,NA,0,0,0,
4463,0.5,timed-search,0.01,5,0,1,4,0.3,0.3,0.3,Clumped-Poisson,5,3,Randomly placed,0.9975000000000318,0,0,0,0,0,true,4.5,0,428,0,0,0,0,0,0,0,0,4.511249999999957,528,0,0,0,0,NA,0,0,0,
4466,0.5,timed-search,0.01,5,0,0,5,0.3,0.3,0.3,Clumped-Poisson,5,3,Randomly placed,0.9975000000000438,0,0,0,0,0,true,4.5,0,449,0,0,0,0,0,0,0,0,4.506249999999956,528,0,0,0,0,NA,0,0,0,
4461,0.5,timed-search,0.01,5,1,0,4,0.3,0.3,0.3,Clumped-Poisson,5,3,Randomly placed,0.9975000000000638,0,0,0,0,0,true,4.5,0,407,1,0,0,1,0,0,0,0,4.508124999999956,528,0,0,0,0,NA,0,0,0,
4465,0.5,timed-search,0.01,5,1,0,4,0.3,0.3,0.3,Clumped-Poisson,5,3,Randomly placed,0.9975000000000724,0,0,0,0,0,true,4.5,0,463,0,0,0,0,0,0,0,0,4.512499999999957,528,0,0,0,0,NA,0,0,0,
4462,0.5,timed-search,0.01,5,0,2,3,0.3,0.3,0.3,Clumped-Poisson,5,3,Randomly placed,0.9975000000000579,0,0,0,0,0,true,4.5,0,464,0,0,0,0,0,0,0,0,4.511249999999957,528,0,0,0,0,NA,0,0,0,
4464,0.5,timed-search,0.01,5,1,0,4,0.3,0.3,0.3,Clumped-Poisson,5,3,Randomly placed,0.9975000000000483,0,0,0,0,0,true,4.5,0,428,1,0,0,1,0,0,0,0,4.511249999999957,528,0,0,0,0,NA,0,0,0,
4467,0.5,timed-search,0.01,5,2,0,3,0.3,0.3,0.3,Clumped-Poisson,5,3,Randomly placed,0.9975000000000583,0,0,0,0,0,true,4.5,0,444,0,0,0,0,0,0,0,0,4.508124999999956,528,0,0,0,0,NA,0,0,0,
4453,0.5,timed-search,0.01,5,0,0,5,0.3,0.3,0.3,Clumped-Poisson,5,3,Randomly placed,0.997500000000037,0,0,0,0,0,true,4.5,0,449,1,0,0,1,0,0,0,0,4.511249999999958,528,0,0,0,0,NA,0,0,0,
4468,0.5,timed-search,0.01,5,1,0,4,0.3,0.3,0.3,Clumped-Poisson,5,3,Randomly placed,0.9975000000000499,0,0,0,0,0,true,4.5,0,436,1,0,0,1,0,0,0,0,4.512499999999957,528,0,0,0,0,NA,0,0,0,
4471,0.5,timed-search,0.01,5,1,0,4,0.3,0.3,0.3,Clumped-Poisson,5,3,Randomly placed,0.9975000000000487,0,0,0,0,0,true,4.5,0,448,1,0,0,1,0,0,0,0,4.508124999999955,528,0,0,0,0,NA,0,0,0,
4470,0.5,timed-search,0.01,5,0,1,4,0.3,0.3,0.3,Clumped-Poisson,5,3,Randomly placed,0.997500000000027,0,0,0,0,0,true,4.5,0,440,0,0,0,0,0,0,0,0,4.512499999999957,528,0,0,0,0,NA,0,0,0,
4469,0.5,timed-search,0.01,5,1,0,4,0.3,0.3,0.3,Clumped-Poisson,5,3,Randomly placed,0.9975000000000404,0,0,0,0,0,true,4.5,0,432,4,0,0,4,3,0,0,3,4.5012499999999624,531,1,1,1,0,NA,0.6664815329075312,0,0,
4472,0.5,timed-search,0.01,5,1,0,4,0.3,0.3,0.3,Clumped-Poisson,5,3,Randomly placed,0.9975000000000558,0,0,0,0,0,true,4.5,0,455,2,1,0,1,0,0,0,0,4.512499999999957,528,0,0,0,0,NA,0,0,0,
4473,0.5,timed-search,0.01,5,1,0,4,0.3,0.3,0.3,Clumped-Poisson,5,3,Randomly placed,0.9975000000000372,0,0,0,0,0,true,4.5,0,419,3,1,0,2,2,1,0,1,4.5068749999999715,531,1,0,1,0,NA,0.4437664678962724,0,0,
4476,0.5,timed-search,0.01,5,0,0,5,0.3,0.3,0.3,Clumped-Poisson,5,3,Randomly placed,0.9975000000000718,0,0,0,0,0,true,4.5,0,430,2,0,0,2,0,0,0,0,4.511249999999957,528,0,0,0,0,NA,0,0,0,
4474,0.5,timed-search,0.01,5,1,3,1,0.3,0.3,0.3,Clumped-Poisson,5,3,Randomly placed,0.9975000000000175,0,0,0,0,0,true,4.5,0,443,1,0,1,0,0,0,0,0,4.508124999999956,528,0,0,0,0,NA,0,0,0,
4477,0.5,timed-search,0.01,5,1,1,3,0.3,0.3,0.3,Clumped-Poisson,5,3,Randomly placed,0.9975000000000191,0,0,0,0,0,true,4.5,0,459,1,0,0,1,0,0,0,0,4.508124999999956,528,0,0,0,0,NA,0,0,0,
4475,0.5,timed-search,0.01,5,0,0,5,0.3,0.3,0.3,Clumped-Poisson,5,3,Randomly placed,0.9975000000000332,0,0,0,0,0,true,4.5,0,449,0,0,0,0,0,0,0,0,4.511249999999957,528,0,0,0,0,NA,0,0,0,
4481,0.5,timed-search,0.01,5,0,0,5,0.3,0.3,0.3,Clumped-Poisson,5,3,Randomly placed,0.997500000000044,0,0,0,0,0,true,4.5,0,455,1,0,0,1,0,0,0,0,4.511249999999957,528,0,0,0,0,NA,0,0,0,
4482,0.5,timed-search,0.01,5,0,2,3,0.3,0.3,0.3,Clumped-Poisson,5,3,Randomly placed,0.9975000000000416,0,0,0,0,0,true,4.5,0,433,1,0,1,0,1,0,1,0,4.514374999999956,530,0,1,0,0,NA,0.22151460611934315,0,0,
4478,0.5,timed-search,0.01,5,0,1,4,0.3,0.3,0.3,Clumped-Poisson,5,3,Randomly placed,0.9975000000000398,0,0,0,0,0,true,4.5,0,453,0,0,0,0,0,0,0,0,4.512499999999957,528,0,0,0,0,NA,0,0,0,
4484,0.5,timed-search,0.01,5,1,1,3,0.3,0.3,0.3,Clumped-Poisson,5,3,Randomly placed,0.9975000000000227,0,0,0,0,0,true,4.5,0,438,1,0,0,1,0,0,0,0,4.512499999999957,528,0,0,0,0,NA,0,0,0,
4480,0.5,timed-search,0.01,5,1,0,4,0.3,0.3,0.3,Clumped-Poisson,5,3,Randomly placed,0.9975000000000684,0,0,0,0,0,true,4.5,0,418,1,0,0,1,1,0,0,1,4.520624999999955,531,1,0,0,0,NA,0.22120835061523794,0,0,
4483,0.5,timed-search,0.01,5,1,0,4,0.3,0.3,0.3,Clumped-Poisson,5,3,Randomly placed,0.9975000000000329,0,0,0,0,0,true,4.5,0,461,1,1,0,0,0,0,0,0,4.508124999999955,528,0,0,0,0,NA,0,0,0,
4485,0.5,timed-search,0.01,5,0,1,4,0.3,0.3,0.3,Clumped-Poisson,5,3,Randomly placed,0.9975000000000619,0,0,0,0,0,true,4.5,0,434,2,0,0,2,1,0,0,1,4.515624999999957,530,0,0,1,0,NA,0.22145328719723392,0,0,
4479,0.5,timed-search,0.01,5,0,2,3,0.3,0.3,0.3,Clumped-Poisson,5,3,Randomly placed,0.9975000000000265,0,0,0,0,0,true,4.5,0,436,1,0,1,0,0,0,0,0,4.508124999999955,528,0,0,0,0,NA,0,0,0,
4487,0.5,timed-search,0.01,5,0,0,5,0.3,0.3,0.3,Clumped-Poisson,5,3,Randomly placed,0.9975000000000076,0,0,0,0,0,true,4.5,0,449,1,0,0,1,0,0,0,0,4.511249999999957,528,0,0,0,0,NA,0,0,0,
4490,0.5,timed-search,0.01,5,1,0,4,0.3,0.3,0.3,Clumped-Poisson,5,3,Randomly placed,0.9975000000000493,0,0,0,0,0,true,4.5,0,404,1,0,0,1,0,0,0,0,4.508124999999955,528,0,0,0,0,NA,0,0,0,
4488,0.5,timed-search,0.01,5,0,1,4,0.3,0.3,0.3,Clumped-Poisson,5,3,Randomly placed,0.9975000000000497,0,0,0,0,0,true,4.5,0,449,2,0,0,2,1,0,0,1,4.515624999999964,530,0,1,0,0,NA,0.22145328719723362,0,0,
4489,0.5,timed-search,0.01,5,0,0,5,0.3,0.3,0.3,Clumped-Poisson,5,3,Randomly placed,0.9975000000000256,0,0,0,0,0,true,4.5,0,436,2,0,0,2,1,0,0,1,4.512499999999966,530,0,1,0,0,NA,0.22160664819944764,0,0,
4486,0.5,timed-search,0.01,5,0,0,5,0.3,0.3,0.3,Clumped-Poisson,5,3,Randomly placed,0.9975000000000287,0,0,0,0,0,true,4.5,0,448,1,0,0,1,0,0,0,0,4.508124999999956,528,0,0,0,0,NA,0,0,0,
4492,0.5,timed-search,0.01,5,0,0,5,0.3,0.3,0.3,Clumped-Poisson,5,3,Randomly placed,0.9975000000000354,0,0,0,0,0,true,4.5,0,438,2,0,0,2,1,0,0,1,4.50249999999996,528,0,0,1,0,NA,0.22209883398112354,0,0,
4493,0.5,timed-search,0.01,5,1,0,4,0.3,0.3,0.3,Clumped-Poisson,5,3,Randomly placed,0.9975000000000129,0,0,0,0,0,true,4.5,0,423,2,1,0,1,1,1,0,0,4.510624999999967,530,1,0,0,0,NA,0.2216987668006113,0,0,
4496,0.5,timed-search,0.01,5,0,2,3,0.3,0.3,0.3,Clumped-Poisson,5,3,Randomly placed,0.9975000000000591,0,0,0,0,0,true,4.5,0,454,0,0,0,0,0,0,0,0,4.512499999999957,528,0,0,0,0,NA,0,0,0,
4495,0.5,timed-search,0.01,5,1,1,3,0.3,0.3,0.3,Clumped-Poisson,5,3,Randomly placed,0.9975000000000465,0,0,0,0,0,true,4.5,0,461,2,0,1,1,1,0,1,0,4.515624999999968,530,0,1,0,0,NA,0.2214532871972334,0,0,
4494,0.5,timed-search,0.01,5,1,2,2,0.3,0.3,0.3,Clumped-Poisson,5,3,Randomly placed,0.9975000000000188,0,0,0,0,0,true,4.5,0,451,0,0,0,0,0,0,0,0,4.511249999999957,528,0,0,0,0,NA,0,0,0,
4498,0.5,timed-search,0.01,5,1,1,3,0.3,0.3,0.3,Clumped-Poisson,5,3,Randomly placed,0.9975000000000412,0,0,0,0,0,true,4.5,0,464,0,0,0,0,0,0,0,0,4.508124999999955,528,0,0,0,0,NA,0,0,0,
4497,0.5,timed-search,0.01,5,1,0,4,0.3,0.3,0.3,Clumped-Poisson,5,3,Randomly placed,0.9975000000000277,0,0,0,0,0,true,4.5,0,419,3,0,0,3,1,0,0,1,4.512499999999966,530,1,0,0,0,NA,0.22160664819944764,0,0,
4500,0.5,timed-search,0.01,5,0,0,5,0.3,0.3,0.3,Clumped-Poisson,5,3,Randomly placed,0.9975000000000249,0,0,0,0,0,true,4.5,0,468,0,0,0,0,0,0,0,0,4.511249999999957,528,0,0,0,0,NA,0,0,0,
4502,0.5,timed-search,0.1,50,4,4,42,0.3,0.3,0.3,Clumped-Poisson,5,3,Randomly placed,1.2549999999999817,0,0,0,0,0,true,4.5,0,407,29,3,3,23,13,2,1,10,4.5081249999999935,534,0,5,8,0,NA,2.8836822403992834,0,0,
4503,0.5,timed-search,0.1,50,7,6,37,0.3,0.3,0.3,Clumped-Poisson,5,3,Randomly placed,1.0949999999999849,0,0,0,0,0,true,4.5,0,432,10,2,2,6,3,1,1,1,4.511249999999971,532,1,0,2,0,NA,0.665004156275981,0,0,
4501,0.5,timed-search,0.1,50,7,5,38,0.3,0.3,0.3,Clumped-Poisson,5,3,Randomly placed,1.1349999999999791,0,0,0,0,0,true,4.5,0,387,21,3,3,15,9,2,3,4,4.514999999999969,534,0,2,7,0,NA,1.9933554817275887,0,0,
4504,0.5,timed-search,0.1,50,5,4,41,0.3,0.3,0.3,Clumped-Poisson,5,3,Randomly placed,1.0149999999999815,0,0,0,0,0,true,4.5,0,412,14,2,0,12,5,1,0,4,4.503124999999964,531,0,0,5,0,NA,1.1103400416377605,0,0,
4499,0.5,timed-search,0.01,5,1,0,4,0.3,0.3,0.3,Clumped-Poisson,5,3,Randomly placed,0.9975000000000631,0,0,0,0,0,true,4.5,0,435,1,1,0,0,0,0,0,0,4.508124999999955,528,0,0,0,0,NA,0,0,0,
4506,0.5,timed-search,0.1,50,4,6,40,0.3,0.3,0.3,Clumped-Poisson,5,3,Randomly placed,1.254999999999982,0,0,0,0,0,true,4.5,0,433,8,0,0,8,3,0,0,3,4.50749999999996,530,0,1,2,0,NA,0.665557404326129,0,0,
4505,0.5,timed-search,0.1,50,6,7,37,0.3,0.3,0.3,Clumped-Poisson,5,3,Randomly placed,1.1349999999999865,0,0,0,0,0,true,4.5,0,435,12,0,2,10,4,0,0,4,4.516874999999967,532,3,0,1,0,NA,0.8855680088556865,0,0,
4400,0.5,timed-search,7,3500,369,556,2575,0.7,0.7,0.7,Clumped-Poisson,5,3,Randomly placed,7.677428571428571,0,0,0,0,0,true,4.5,0,413,715,64,109,542,540,44,81,415,4.509999999999966,535,170,223,147,0,NA,119.73392461197429,0,0,
4491,0.5,timed-search,0.01,5,0,1,4,0.3,0.3,0.3,Clumped-Poisson,5,3,Randomly placed,0.9975000000000348,0,0,0,0,0,true,4.5,0,437,2,0,1,1,1,0,0,1,4.524999999999961,531,0,0,1,0,NA,0.22099447513812343,0,0,
4511,0.5,timed-search,0.1,50,9,6,35,0.3,0.3,0.3,Clumped-Poisson,5,3,Randomly placed,1.1349999999999856,0,0,0,0,0,true,4.5,0,442,9,4,1,4,2,1,0,1,4.513124999999955,531,0,1,1,0,NA,0.44315191801689957,0,0,
4510,0.5,timed-search,0.1,50,2,7,41,0.3,0.3,0.3,Clumped-Poisson,5,3,Randomly placed,1.014999999999983,0,0,0,0,0,true,4.5,0,397,15,0,3,12,7,0,1,6,4.501249999999961,530,1,3,3,0,NA,1.5551235767842402,0,0,
4509,0.5,timed-search,0.1,50,8,6,36,0.3,0.3,0.3,Clumped-Poisson,5,3,Randomly placed,1.054999999999983,0,0,0,0,0,true,4.5,0,426,8,0,0,8,2,0,0,2,4.504999999999973,530,0,0,2,0,NA,0.44395116537181173,0,0,
4514,0.5,timed-search,0.1,50,4,7,39,0.3,0.3,0.3,Clumped-Poisson,5,3,Randomly placed,1.2549999999999852,0,0,0,0,0,true,4.5,0,418,8,1,0,7,2,1,0,1,4.502499999999973,529,0,1,1,0,NA,0.44419766796224586,0,0,
4507,0.5,timed-search,0.1,50,4,8,38,0.3,0.3,0.3,Clumped-Poisson,5,3,Randomly placed,1.0549999999999822,0,0,0,0,0,true,4.5,0,396,24,2,2,20,12,1,0,11,4.516249999999976,534,8,3,1,0,NA,2.6570716855798646,0,0,
4508,0.5,timed-search,0.1,50,2,7,41,0.3,0.3,0.3,Clumped-Poisson,5,3,Randomly placed,1.1749999999999827,0,0,0,0,0,true,4.5,0,425,11,0,2,9,3,0,0,3,4.516874999999969,532,3,0,0,0,NA,0.6641760066417647,0,0,
4516,0.5,timed-search,0.1,50,3,9,38,0.3,0.3,0.3,Clumped-Poisson,5,3,Randomly placed,1.0549999999999824,0,0,0,0,0,true,4.5,0,369,18,1,6,11,11,1,3,7,4.513124999999998,537,2,2,7,0,NA,2.4373355490929245,0,0,
4513,0.5,timed-search,0.1,50,4,8,38,0.3,0.3,0.3,Clumped-Poisson,5,3,Randomly placed,1.0949999999999809,0,0,0,0,0,true,4.5,0,416,6,0,0,6,3,0,0,3,4.513749999999964,532,0,1,2,0,NA,0.6646358349487729,0,0,
4515,0.5,timed-search,0.1,50,4,5,41,0.3,0.3,0.3,Clumped-Poisson,5,3,Randomly placed,1.2949999999999833,0,0,0,0,0,true,4.5,0,447,17,1,3,13,4,0,1,3,4.509374999999977,531,0,1,3,0,NA,0.8870408870408916,0,0,
4520,0.5,timed-search,0.1,50,6,8,36,0.3,0.3,0.3,Clumped-Poisson,5,3,Randomly placed,1.0549999999999808,0,0,0,0,0,true,4.5,0,402,18,3,3,12,5,2,0,3,4.523124999999967,534,2,2,1,0,NA,1.1054304269725104,0,0,
4519,0.5,timed-search,0.1,50,6,3,41,0.3,0.3,0.3,Clumped-Poisson,5,3,Randomly placed,1.0549999999999833,0,0,0,0,0,true,4.5,0,445,13,4,1,8,4,1,1,2,4.509999999999959,531,0,1,3,0,NA,0.8869179600886998,0,0,
4512,0.5,timed-search,0.1,50,5,9,36,0.3,0.3,0.3,Clumped-Poisson,5,3,Randomly placed,1.0549999999999828,0,0,0,0,0,true,4.5,0,438,10,1,1,8,3,0,0,3,4.519374999999953,531,0,0,3,0,NA,0.6638086018531393,0,0,
4517,0.5,timed-search,0.1,50,5,6,39,0.3,0.3,0.3,Clumped-Poisson,5,3,Randomly placed,1.0149999999999821,0,0,0,0,0,true,4.5,0,433,12,2,1,9,2,0,0,2,4.506249999999979,531,1,1,0,0,NA,0.44382801664355265,0,0,
4518,0.5,timed-search,0.1,50,6,9,35,0.3,0.3,0.3,Clumped-Poisson,5,3,Randomly placed,1.0549999999999815,0,0,0,0,0,true,4.5,0,413,14,1,2,11,7,0,2,5,4.506874999999974,534,2,3,2,0,NA,1.5531826376369524,0,0,
4522,0.5,timed-search,0.1,50,4,11,35,0.3,0.3,0.3,Clumped-Poisson,5,3,Randomly placed,1.0949999999999809,0,0,0,0,0,true,4.5,0,423,8,0,1,7,2,0,0,2,4.5024999999999675,530,1,1,0,0,NA,0.4441976679622464,0,0,
4524,0.5,timed-search,0.1,50,4,10,36,0.3,0.3,0.3,Clumped-Poisson,5,3,Randomly placed,1.1349999999999822,0,0,0,0,0,true,4.5,0,400,13,1,3,9,8,1,3,4,4.516249999999965,535,3,2,3,0,NA,1.7713811237199142,0,0,
4525,0.5,timed-search,0.1,50,3,7,40,0.3,0.3,0.3,Clumped-Poisson,5,3,Randomly placed,1.2549999999999801,0,0,0,0,0,true,4.5,0,393,15,2,2,11,7,0,0,7,4.509374999999977,534,2,3,2,0,NA,1.55232155232156,0,0,
4527,0.5,timed-search,0.1,50,4,10,36,0.3,0.3,0.3,Clumped-Poisson,5,3,Randomly placed,1.1749999999999845,0,0,0,0,0,true,4.5,0,438,12,2,0,10,5,0,0,5,4.50374999999997,532,2,3,0,0,NA,1.1101859561476621,0,0,
4526,0.5,timed-search,0.1,50,6,7,37,0.3,0.3,0.3,Clumped-Poisson,5,3,Randomly placed,1.0549999999999822,0,0,0,0,0,true,4.5,0,419,18,2,1,15,7,1,1,5,4.518749999999982,534,4,2,1,0,NA,1.5491009681881112,0,0,
4529,0.5,timed-search,0.1,50,9,4,37,0.3,0.3,0.3,Clumped-Poisson,5,3,Randomly placed,1.174999999999983,0,0,0,0,0,true,4.5,0,433,12,1,1,10,7,1,0,6,4.524999999999972,535,1,2,4,0,NA,1.5469613259668604,0,0,
4523,0.5,timed-search,0.1,50,6,5,39,0.3,0.3,0.3,Clumped-Poisson,5,3,Randomly placed,1.0549999999999815,0,0,0,0,0,true,4.5,0,445,13,1,0,12,4,1,0,3,4.521249999999968,532,1,2,1,0,NA,0.8847110865358093,0,0,
4528,0.5,timed-search,0.1,50,6,6,38,0.3,0.3,0.3,Clumped-Poisson,5,3,Randomly placed,1.0149999999999821,0,0,0,0,0,true,4.5,0,404,20,2,2,16,7,2,0,5,4.514374999999989,535,0,7,0,0,NA,1.550602242835391,0,0,
4530,0.5,timed-search,0.1,50,6,6,38,0.3,0.3,0.3,Clumped-Poisson,5,3,Randomly placed,1.0949999999999824,0,0,0,0,0,true,4.5,0,436,20,3,3,14,6,0,1,5,4.50812499999996,533,1,3,2,0,NA,1.3309302647996792,0,0,
4531,0.5,timed-search,0.1,50,1,7,42,0.3,0.3,0.3,Clumped-Poisson,5,3,Randomly placed,1.254999999999982,0,0,0,0,0,true,4.5,0,403,12,1,2,9,4,0,0,4,4.502499999999957,531,0,0,4,0,NA,0.8883953359244949,0,0,
4534,0.5,timed-search,0.1,50,4,8,38,0.3,0.3,0.3,Clumped-Poisson,5,3,Randomly placed,0.9749999999999801,0,0,0,0,0,true,4.5,0,467,7,1,2,4,3,0,1,2,4.508749999999962,530,2,1,0,0,NA,0.6653728860548989,0,0,
4532,0.5,timed-search,0.1,50,11,7,32,0.3,0.3,0.3,Clumped-Poisson,5,3,Randomly placed,1.0149999999999808,0,0,0,0,0,true,4.5,0,443,11,3,1,7,4,1,0,3,4.503749999999979,530,1,1,2,0,NA,0.888148764918128,0,0,
4536,0.5,timed-search,0.1,50,4,6,40,0.3,0.3,0.3,Clumped-Poisson,5,3,Randomly placed,1.1349999999999822,0,0,0,0,0,true,4.5,0,444,14,1,1,12,5,1,0,4,4.505624999999977,530,0,2,3,0,NA,1.1097239561659094,0,0,
4535,0.5,timed-search,0.1,50,3,8,39,0.3,0.3,0.3,Clumped-Poisson,5,3,Randomly placed,1.0949999999999875,0,0,0,0,0,true,4.5,0,409,17,0,3,14,9,0,1,8,4.514374999999978,536,5,4,0,0,NA,1.9936314550740786,0,0,
4533,0.5,timed-search,0.1,50,8,3,39,0.3,0.3,0.3,Clumped-Poisson,5,3,Randomly placed,1.054999999999983,0,0,0,0,0,true,4.5,0,440,9,1,1,7,3,0,0,3,4.514999999999966,532,0,2,1,0,NA,0.6644518272425299,0,0,
4521,0.5,timed-search,0.1,50,5,6,39,0.3,0.3,0.3,Clumped-Poisson,5,3,Randomly placed,1.0549999999999806,0,0,0,0,0,true,4.5,0,441,16,2,0,14,5,0,0,5,4.509999999999968,533,2,1,2,0,NA,1.1086474501108727,0,0,
4538,0.5,timed-search,0.1,50,2,5,43,0.3,0.3,0.3,Clumped-Poisson,5,3,Randomly placed,1.0549999999999804,0,0,0,0,0,true,4.5,0,429,2,0,0,2,1,0,0,1,4.514999999999955,530,0,1,0,0,NA,0.22148394241417715,0,0,
4540,0.5,timed-search,0.1,50,7,8,35,0.3,0.3,0.3,Clumped-Poisson,5,3,Randomly placed,1.1349999999999834,0,0,0,0,0,true,4.5,0,422,7,1,0,6,2,1,0,1,4.524999999999953,531,0,0,2,0,NA,0.4419889502762477,0,0,
4541,0.5,timed-search,0.1,50,5,9,36,0.3,0.3,0.3,Clumped-Poisson,5,3,Randomly placed,1.254999999999983,0,0,0,0,0,true,4.5,0,403,8,0,3,5,5,0,2,3,4.514374999999958,532,5,0,0,0,NA,1.1075730305967153,0,0,
4543,0.5,timed-search,0.1,50,7,8,35,0.3,0.3,0.3,Clumped-Poisson,5,3,Randomly placed,1.0549999999999857,0,0,0,0,0,true,4.5,0,428,16,1,5,10,6,0,2,4,4.5106249999999894,533,3,2,1,0,NA,1.330192600803661,0,0,
4545,0.5,timed-search,0.1,50,5,6,39,0.3,0.3,0.3,Clumped-Poisson,5,3,Randomly placed,1.1349999999999842,0,0,0,0,0,true,4.5,0,462,4,1,0,3,0,0,0,0,4.508124999999955,528,0,0,0,0,NA,0,0,0,
4537,0.5,timed-search,0.1,50,5,9,36,0.3,0.3,0.3,Clumped-Poisson,5,3,Randomly placed,1.014999999999983,0,0,0,0,0,true,4.5,0,412,20,2,3,15,8,1,1,6,4.507499999999959,532,3,3,2,0,NA,1.7748197448696776,0,0,
4546,0.5,timed-search,0.1,50,7,4,39,0.3,0.3,0.3,Clumped-Poisson,5,3,Randomly placed,1.0149999999999837,0,0,0,0,0,true,4.5,0,435,11,0,0,11,5,0,0,5,4.519374999999968,533,2,1,2,0,NA,1.1063476697552284,0,0,
4548,0.5,timed-search,0.1,50,7,7,36,0.3,0.3,0.3,Clumped-Poisson,5,3,Randomly placed,1.1749999999999865,0,0,0,0,0,true,4.5,0,395,26,3,3,20,8,0,0,8,4.522499999999974,536,4,1,3,0,NA,1.7689331122167045,0,0,
4549,0.5,timed-search,0.1,50,4,5,41,0.3,0.3,0.3,Clumped-Poisson,5,3,Randomly placed,1.0549999999999813,0,0,0,0,0,true,4.5,0,428,12,1,3,8,6,1,2,3,4.5056249999999745,532,2,1,3,0,NA,1.331668747399092,0,0,
4550,0.5,timed-search,0.1,50,10,6,34,0.3,0.3,0.3,Clumped-Poisson,5,3,Randomly placed,1.0949999999999815,0,0,0,0,0,true,4.5,0,437,12,3,2,7,3,1,0,2,4.503749999999951,530,0,2,1,0,NA,0.6661115736886001,0,0,
4542,0.5,timed-search,0.1,50,6,8,36,0.3,0.3,0.3,Clumped-Poisson,5,3,Randomly placed,1.0949999999999804,0,0,0,0,0,true,4.5,0,464,10,1,1,8,3,1,1,1,4.519374999999972,531,1,1,1,0,NA,0.6638086018531365,0,0,
4553,0.5,timed-search,0.1,50,6,6,38,0.3,0.3,0.3,Clumped-Poisson,5,3,Randomly placed,1.0549999999999808,0,0,0,0,0,true,4.5,0,406,18,2,2,14,4,0,1,3,4.510624999999995,533,1,1,2,0,NA,0.8867950672024397,0,0,
4551,0.5,timed-search,0.1,50,6,9,35,0.3,0.3,0.3,Clumped-Poisson,5,3,Randomly placed,1.1749999999999812,0,0,0,0,0,true,4.5,0,427,5,0,2,3,1,0,0,1,4.516874999999957,530,0,0,1,0,NA,0.22139200221392213,0,0,
4555,0.5,timed-search,0.1,50,9,6,35,0.3,0.3,0.3,Clumped-Poisson,5,3,Randomly placed,1.0549999999999804,0,0,0,0,0,true,4.5,0,430,10,2,1,7,3,2,0,1,4.5012499999999624,531,1,1,1,0,NA,0.6664815329075312,0,0,
4554,0.5,timed-search,0.1,50,2,10,38,0.3,0.3,0.3,Clumped-Poisson,5,3,Randomly placed,1.0149999999999846,0,0,0,0,0,true,4.5,0,395,14,0,0,14,8,0,0,8,4.502499999999994,535,2,5,1,0,NA,1.776790671848975,0,0,
4559,0.5,timed-search,0.1,50,3,7,40,0.3,0.3,0.3,Clumped-Poisson,5,3,Randomly placed,1.2149999999999819,0,0,0,0,0,true,4.5,0,438,6,0,0,6,2,0,0,2,4.516249999999966,532,1,1,0,0,NA,0.44284528092997844,0,0,
4558,0.5,timed-search,0.1,50,1,7,42,0.3,0.3,0.3,Clumped-Poisson,5,3,Randomly placed,1.0149999999999844,0,0,0,0,0,true,4.5,0,405,21,0,3,18,7,0,0,7,4.516249999999981,536,1,4,2,0,NA,1.5499584832549194,0,0,
4552,0.5,timed-search,0.1,50,4,6,40,0.3,0.3,0.3,Clumped-Poisson,5,3,Randomly placed,1.014999999999981,0,0,0,0,0,true,4.5,0,424,14,2,2,10,5,1,1,3,4.5012499999999545,530,2,2,1,0,NA,1.1108025548458873,0,0,
4562,0.5,timed-search,0.1,50,3,10,37,0.3,0.3,0.3,Clumped-Poisson,5,3,Randomly placed,1.0549999999999804,0,0,0,0,0,true,4.5,0,413,8,0,2,6,3,0,0,3,4.5199999999999765,534,0,3,0,0,NA,0.6637168141592955,0,0,
4561,0.5,timed-search,0.1,50,3,14,33,0.3,0.3,0.3,Clumped-Poisson,5,3,Randomly placed,1.0949999999999809,0,0,0,0,0,true,4.5,0,419,12,1,3,8,3,0,1,2,4.511249999999972,531,0,2,1,0,NA,0.6650041562759809,0,0,
4544,0.5,timed-search,0.1,50,6,7,37,0.3,0.3,0.3,Clumped-Poisson,5,3,Randomly placed,1.1749999999999832,0,0,0,0,0,true,4.5,0,428,7,0,1,6,4,0,1,3,4.508749999999977,532,2,1,1,0,NA,0.8871638480731956,0,0,
4557,0.5,timed-search,0.1,50,9,13,28,0.3,0.3,0.3,Clumped-Poisson,5,3,Randomly placed,0.9749999999999799,0,0,0,0,0,true,4.5,0,400,24,6,5,13,11,3,3,5,4.50812499999999,535,5,4,2,0,NA,2.4400388187993953,0,0,
4560,0.5,timed-search,0.1,50,5,5,40,0.3,0.3,0.3,Clumped-Poisson,5,3,Randomly placed,1.1349999999999807,0,0,0,0,0,true,4.5,0,413,27,4,4,19,15,1,1,13,4.507499999999968,535,6,4,5,0,NA,3.327787021630639,0,0,
4564,0.5,timed-search,0.1,50,7,8,35,0.3,0.3,0.3,Clumped-Poisson,5,3,Randomly placed,0.9749999999999855,0,0,0,0,0,true,4.5,0,456,9,1,2,6,1,0,1,0,4.5249999999999675,531,0,1,0,0,NA,0.22099447513812315,0,0,
4547,0.5,timed-search,0.1,50,8,10,32,0.3,0.3,0.3,Clumped-Poisson,5,3,Randomly placed,1.1749999999999798,0,0,0,0,0,true,4.5,0,403,24,4,5,15,10,2,2,6,4.500624999999954,530,2,3,5,0,NA,2.221913623107924,0,0,
4566,0.5,timed-search,0.1,50,7,5,38,0.3,0.3,0.3,Clumped-Poisson,5,3,Randomly placed,1.0549999999999842,0,0,0,0,0,true,4.5,0,405,27,3,4,20,13,2,0,11,4.506249999999993,536,3,9,1,0,NA,2.884882108183083,0,0,
4565,0.5,timed-search,0.1,50,5,7,38,0.3,0.3,0.3,Clumped-Poisson,5,3,Randomly placed,1.094999999999981,0,0,0,0,0,true,4.5,0,437,21,1,3,17,7,1,1,5,4.50124999999999,532,3,2,2,0,NA,1.55512357678423,0,0,
4539,0.5,timed-search,0.1,50,4,9,37,0.3,0.3,0.3,Clumped-Poisson,5,3,Randomly placed,1.1749999999999805,0,0,0,0,0,true,4.5,0,424,15,1,3,11,7,0,1,6,4.516249999999967,533,4,1,2,0,NA,1.5499584832549242,0,0,
4568,0.5,timed-search,0.1,50,1,6,43,0.3,0.3,0.3,Clumped-Poisson,5,3,Randomly placed,1.054999999999982,0,0,0,0,0,true,4.5,0,417,15,1,3,11,5,0,1,4,4.505624999999957,532,3,0,2,0,NA,1.1097239561659145,0,0,
4570,0.5,timed-search,0.1,50,3,4,43,0.3,0.3,0.3,Clumped-Poisson,5,3,Randomly placed,0.9749999999999833,0,0,0,0,0,true,4.5,0,383,23,1,3,19,9,0,3,6,4.514374999999982,535,2,2,5,0,NA,1.993631455074077,0,0,
4563,0.5,timed-search,0.1,50,3,7,40,0.3,0.3,0.3,Clumped-Poisson,5,3,Randomly placed,1.1349999999999811,0,0,0,0,0,true,4.5,0,419,5,0,1,4,2,0,0,2,4.505624999999948,529,1,1,0,0,NA,0.4438895824663666,0,0,
4567,0.5,timed-search,0.1,50,11,8,31,0.3,0.3,0.3,Clumped-Poisson,5,3,Randomly placed,1.1349999999999827,0,0,0,0,0,true,4.5,0,407,10,1,0,9,6,0,0,6,4.506874999999979,532,1,3,2,0,NA,1.331299403688815,0,0,
4569,0.5,timed-search,0.1,50,8,8,34,0.3,0.3,0.3,Clumped-Poisson,5,3,Randomly placed,1.0549999999999826,0,0,0,0,0,true,4.5,0,430,7,1,0,6,4,1,0,3,4.508124999999952,531,3,0,1,0,NA,0.8872868431997877,0,0,
4571,0.5,timed-search,0.1,50,4,6,40,0.3,0.3,0.3,Clumped-Poisson,5,3,Randomly placed,1.014999999999982,0,0,0,0,0,true,4.5,0,426,17,2,1,14,4,1,0,3,4.501249999999972,532,2,1,1,0,NA,0.8886420438767064,0,0,
4556,0.5,timed-search,0.1,50,6,5,39,0.3,0.3,0.3,Clumped-Poisson,5,3,Randomly placed,1.014999999999983,0,0,0,0,0,true,4.5,0,435,15,0,2,13,3,0,0,3,4.504374999999956,531,0,1,2,0,NA,0.666019148050513,0,0,
4572,0.5,timed-search,0.1,50,8,6,36,0.3,0.3,0.3,Clumped-Poisson,5,3,Randomly placed,1.094999999999982,0,0,0,0,0,true,4.5,0,409,15,1,1,13,5,1,1,3,4.524999999999969,532,0,0,5,0,NA,1.1049723756906153,0,0,
4574,0.5,timed-search,0.1,50,8,4,38,0.3,0.3,0.3,Clumped-Poisson,5,3,Randomly placed,1.1749999999999814,0,0,0,0,0,true,4.5,0,402,12,2,0,10,4,0,0,4,4.509374999999958,531,1,1,2,0,NA,0.8870408870408953,0,0,
4575,0.5,timed-search,0.1,50,1,5,44,0.3,0.3,0.3,Clumped-Poisson,5,3,Randomly placed,1.0949999999999849,0,0,0,0,0,true,4.5,0,427,5,0,0,5,1,0,0,1,4.520624999999962,531,1,0,0,0,NA,0.2212083506152376,0,0,
4576,0.5,timed-search,0.1,50,6,8,36,0.3,0.3,0.3,Clumped-Poisson,5,3,Randomly placed,1.1749999999999807,0,0,0,0,0,true,4.5,0,424,8,1,1,6,2,0,1,1,4.509374999999971,530,0,1,1,0,NA,0.4435204435204464,0,0,
4577,0.5,timed-search,0.1,50,6,5,39,0.3,0.3,0.3,Clumped-Poisson,5,3,Randomly placed,1.0149999999999815,0,0,0,0,0,true,4.5,0,426,16,1,3,12,6,1,3,2,4.504374999999982,531,2,1,3,0,NA,1.3320382961010182,0,0,
4581,0.5,timed-search,0.1,50,5,11,34,0.3,0.3,0.3,Clumped-Poisson,5,3,Randomly placed,1.0949999999999838,0,0,0,0,0,true,4.5,0,392,18,2,5,11,10,2,2,6,4.507499999999971,534,5,1,4,0,NA,2.2185246810870916,0,0,
4583,0.5,timed-search,0.1,50,4,11,35,0.3,0.3,0.3,Clumped-Poisson,5,3,Randomly placed,1.1749999999999852,0,0,0,0,0,true,4.5,0,370,18,1,6,11,7,0,3,4,4.5212499999999824,536,2,2,3,0,NA,1.5482444014376615,0,0,
4573,0.5,timed-search,0.1,50,11,13,26,0.3,0.3,0.3,Clumped-Poisson,5,3,Randomly placed,1.054999999999985,0,0,0,0,0,true,4.5,0,418,12,3,3,6,4,2,1,1,4.52249999999996,534,1,1,2,0,NA,0.884466556108355,0,0,
4578,0.5,timed-search,0.1,50,3,9,38,0.3,0.3,0.3,Clumped-Poisson,5,3,Randomly placed,1.1349999999999814,0,0,0,0,0,true,4.5,0,418,16,1,2,13,6,0,1,5,4.503749999999977,533,3,1,2,0,NA,1.3322231473771924,0,0,
4582,0.5,timed-search,0.1,50,0,10,40,0.3,0.3,0.3,Clumped-Poisson,5,3,Randomly placed,1.1749999999999816,0,0,0,0,0,true,4.5,0,416,8,0,0,8,2,0,0,2,4.5074999999999585,530,1,0,1,0,NA,0.4437049362174195,0,0,
4584,0.5,timed-search,0.1,50,5,9,36,0.3,0.3,0.3,Clumped-Poisson,5,3,Randomly placed,1.0149999999999846,0,0,0,0,0,true,4.5,0,420,7,0,2,5,1,0,0,1,4.508124999999955,529,1,0,0,0,NA,0.22182171079994675,0,0,
4586,0.5,timed-search,0.1,50,3,3,44,0.3,0.3,0.3,Clumped-Poisson,5,3,Randomly placed,1.1749999999999827,0,0,0,0,0,true,4.5,0,417,11,0,1,10,7,0,1,6,4.519374999999977,535,4,1,2,0,NA,1.5488867376573168,0,0,
4580,0.5,timed-search,0.1,50,3,6,41,0.3,0.3,0.3,Clumped-Poisson,5,3,Randomly placed,1.1749999999999805,0,0,0,0,0,true,4.5,0,411,11,1,3,7,3,1,2,0,4.507499999999979,531,2,1,0,0,NA,0.6655574043261262,0,0,
4588,0.5,timed-search,0.1,50,4,6,40,0.3,0.3,0.3,Clumped-Poisson,5,3,Randomly placed,1.1349999999999854,0,0,0,0,0,true,4.5,0,433,16,1,4,11,5,1,2,2,4.516249999999979,534,3,1,1,0,NA,1.1071132023249428,0,0,
4585,0.5,timed-search,0.1,50,5,8,37,0.3,0.3,0.3,Clumped-Poisson,5,3,Randomly placed,1.0949999999999802,0,0,0,0,0,true,4.5,0,348,22,4,4,14,10,4,0,6,4.51749999999998,536,5,1,4,0,NA,2.2136137244051013,0,0,
4589,0.5,timed-search,0.1,50,2,10,38,0.3,0.3,0.3,Clumped-Poisson,5,3,Randomly placed,1.1349999999999807,0,0,0,0,0,true,4.5,0,446,13,1,5,7,7,1,1,5,4.521874999999986,534,0,1,6,0,NA,1.5480304077401568,0,0,
4579,0.5,timed-search,0.1,50,3,7,40,0.3,0.3,0.3,Clumped-Poisson,5,3,Randomly placed,1.0549999999999833,0,0,0,0,0,true,4.5,0,452,15,1,2,12,4,1,0,3,4.5231249999999585,531,0,3,1,0,NA,0.88434434157801,0,0,
4587,0.5,timed-search,0.1,50,9,8,33,0.3,0.3,0.3,Clumped-Poisson,5,3,Randomly placed,1.1349999999999814,0,0,0,0,0,true,4.5,0,429,19,4,3,12,10,3,1,6,4.5124999999999895,535,4,3,3,0,NA,2.216066481994465,0,0,
4591,0.5,timed-search,0.1,50,5,12,33,0.3,0.3,0.3,Clumped-Poisson,5,3,Randomly placed,1.1349999999999818,0,0,0,0,0,true,4.5,0,416,9,0,0,9,3,0,0,3,4.507499999999948,530,1,0,2,0,NA,0.6655574043261309,0,0,
4590,0.5,timed-search,0.1,50,4,5,41,0.3,0.3,0.3,Clumped-Poisson,5,3,Randomly placed,1.094999999999982,0,0,0,0,0,true,4.5,0,393,21,1,1,19,8,0,0,8,4.522499999999969,533,3,4,1,0,NA,1.7689331122167065,0,0,
4593,0.5,timed-search,0.1,50,3,6,41,0.3,0.3,0.3,Clumped-Poisson,5,3,Randomly placed,1.014999999999981,0,0,0,0,0,true,4.5,0,431,13,1,0,12,2,0,0,2,4.507499999999968,531,0,1,1,0,NA,0.4437049362174185,0,0,
4594,0.5,timed-search,0.1,50,8,9,33,0.3,0.3,0.3,Clumped-Poisson,5,3,Randomly placed,1.0949999999999813,0,0,0,0,0,true,4.5,0,412,22,5,4,13,9,3,2,4,4.504374999999982,533,4,1,4,0,NA,1.9980574441515275,0,0,
4595,0.5,timed-search,0.1,50,6,5,39,0.3,0.3,0.3,Clumped-Poisson,5,3,Randomly placed,1.0149999999999832,0,0,0,0,0,true,4.5,0,411,15,0,2,13,5,0,1,4,4.509999999999991,533,3,2,0,0,NA,1.108647450110867,0,0,
4592,0.5,timed-search,0.1,50,6,2,42,0.3,0.3,0.3,Clumped-Poisson,5,3,Randomly placed,1.014999999999982,0,0,0,0,0,true,4.5,0,428,12,2,1,9,5,1,1,3,4.524374999999965,533,3,1,1,0,NA,1.1051250172675868,0,0,
4596,0.5,timed-search,0.1,50,5,10,35,0.3,0.3,0.3,Clumped-Poisson,5,3,Randomly placed,1.0949999999999815,0,0,0,0,0,true,4.5,0,414,18,2,3,13,11,2,1,8,4.516874999999973,535,3,2,6,0,NA,2.4353120243531348,0,0,
4600,0.5,timed-search,0.1,50,6,4,40,0.3,0.3,0.3,Clumped-Poisson,5,3,Randomly placed,1.0549999999999842,0,0,0,0,0,true,4.5,0,434,16,1,1,14,3,0,1,2,4.51999999999998,532,1,1,1,0,NA,0.663716814159295,0,0,
4598,0.5,timed-search,0.1,50,3,6,41,0.3,0.3,0.3,Clumped-Poisson,5,3,Randomly placed,1.2149999999999805,0,0,0,0,0,true,4.5,0,419,16,1,2,13,6,0,0,6,4.518749999999967,532,0,6,0,0,NA,1.3278008298755284,0,0,
4597,0.5,timed-search,0.1,50,5,5,40,0.3,0.3,0.3,Clumped-Poisson,5,3,Randomly placed,1.2549999999999817,0,0,0,0,0,true,4.5,0,390,20,2,2,16,8,1,0,7,4.505624999999983,533,4,1,3,0,NA,1.7755583298654525,0,0,
4605,0.5,timed-search,1,500,43,77,380,0.3,0.3,0.3,Clumped-Poisson,5,3,Randomly placed,2.434,0,0,0,0,0,true,4.5,0,357,83,5,15,63,31,1,5,25,4.508124999999961,534,7,13,11,0,NA,6.876473034798341,0,0,
4604,0.5,timed-search,1,500,43,77,380,0.3,0.3,0.3,Clumped-Poisson,5,3,Randomly placed,1.946,0,0,0,0,0,true,4.5,0,421,124,12,21,91,49,7,7,35,4.510624999999978,536,27,7,15,0,NA,10.863239573229928,0,0,
4606,0.5,timed-search,1,500,58,54,388,0.3,0.3,0.3,Clumped-Poisson,5,3,Randomly placed,2.274,0,0,0,0,0,true,4.5,0,395,82,9,7,66,29,4,3,22,4.5106249999999495,533,1,15,13,0,NA,6.429264237217753,0,0,
4607,0.5,timed-search,1,500,42,86,372,0.3,0.3,0.3,Clumped-Poisson,5,3,Randomly placed,2.57,0,0,0,0,0,true,4.5,0,422,184,11,34,139,65,6,13,46,4.508749999999963,534,26,21,18,0,NA,14.416412531189474,0,0,
4609,0.5,timed-search,1,500,52,54,394,0.3,0.3,0.3,Clumped-Poisson,5,3,Randomly placed,1.986,0,0,0,0,0,true,4.5,0,390,212,21,17,174,95,6,10,79,4.504374999999985,537,25,43,27,0,NA,21.090606354932774,0,0,
4603,0.5,timed-search,1,500,55,76,369,0.3,0.3,0.3,Clumped-Poisson,5,3,Randomly placed,3.234,0,0,0,0,0,true,4.5,0,391,144,14,22,108,51,6,11,34,4.521249999999991,538,18,9,24,0,NA,11.280066353331511,0,0,
4610,0.5,timed-search,1,500,57,70,373,0.3,0.3,0.3,Clumped-Poisson,5,3,Randomly placed,2.954,0,0,0,0,0,true,4.5,0,412,160,14,27,119,65,6,9,50,4.504374999999967,535,8,51,6,0,NA,14.430414874427747,0,0,
4613,0.5,timed-search,1,500,44,76,380,0.3,0.3,0.3,Clumped-Poisson,5,3,Randomly placed,2.078,0,0,0,0,0,true,4.5,0,427,220,17,39,164,78,11,13,54,4.508124999999993,537,28,22,28,0,NA,17.3020934423957,0,0,
4608,0.5,timed-search,1,500,54,85,361,0.3,0.3,0.3,Clumped-Poisson,5,3,Randomly placed,2.07,0,0,0,0,0,true,4.5,0,414,99,10,17,72,38,1,8,29,4.524374999999962,536,7,12,19,0,NA,8.398950131233667,0,0,
4612,0.5,timed-search,1,500,41,66,393,0.3,0.3,0.3,Clumped-Poisson,5,3,Randomly placed,2.05,0,0,0,0,0,true,4.5,0,392,124,12,12,100,50,5,3,42,4.518124999999988,538,8,26,16,0,NA,11.066537557061864,0,0,
4599,0.5,timed-search,0.1,50,7,7,36,0.3,0.3,0.3,Clumped-Poisson,5,3,Randomly placed,1.2149999999999812,0,0,0,0,0,true,4.5,0,448,18,3,1,14,7,1,1,5,4.514999999999972,533,5,2,0,0,NA,1.5503875968992344,0,0,
4601,0.5,timed-search,1,500,45,76,379,0.3,0.3,0.3,Clumped-Poisson,5,3,Randomly placed,2.03,0,0,0,0,0,true,4.5,0,408,119,12,15,92,34,3,3,28,4.511249999999986,536,24,1,9,0,NA,7.53671377112776,0,0,
4611,0.5,timed-search,1,500,65,79,356,0.3,0.3,0.3,Clumped-Poisson,5,3,Randomly placed,2.682,0,0,0,0,0,true,4.5,0,403,156,21,24,111,59,8,10,41,4.516874999999961,536,6,45,8,0,NA,13.062128130621396,0,0,
4615,0.5,timed-search,1,500,60,87,353,0.3,0.3,0.3,Clumped-Poisson,5,3,Randomly placed,2.314,0,0,0,0,0,true,4.5,0,391,151,22,25,104,51,8,8,35,4.508749999999989,536,19,12,20,0,NA,11.311339062933213,0,0,
4602,0.5,timed-search,1,500,40,67,393,0.3,0.3,0.3,Clumped-Poisson,5,3,Randomly placed,2.534,0,0,0,0,0,true,4.5,0,394,181,19,26,136,70,8,10,52,4.514374999999976,536,6,24,40,0,NA,15.506022428353951,0,0,
4617,0.5,timed-search,1,500,44,72,384,0.3,0.3,0.3,Clumped-Poisson,5,3,Randomly placed,2.018,0,0,0,0,0,true,4.5,0,401,213,19,32,162,88,7,16,65,4.518749999999983,538,27,42,19,0,NA,19.47441217150768,0,0,
4614,0.5,timed-search,1,500,53,68,379,0.3,0.3,0.3,Clumped-Poisson,5,3,Randomly placed,2.258,0,0,0,0,0,true,4.5,0,365,168,18,19,131,79,5,9,65,4.516875000000002,538,30,28,21,0,NA,17.489968174899673,0,0,
4620,0.5,timed-search,1,500,42,90,368,0.3,0.3,0.3,Clumped-Poisson,5,3,Randomly placed,1.99,0,0,0,0,0,true,4.5,0,414,176,14,35,127,67,4,15,48,4.524374999999983,539,20,42,5,0,NA,14.808675231385605,0,0,
4623,0.5,timed-search,1,500,57,68,375,0.3,0.3,0.3,Clumped-Poisson,5,3,Randomly placed,2.054,0,0,0,0,0,true,4.5,0,423,155,19,24,112,61,7,12,42,4.518749999999992,539,12,23,26,0,NA,13.499308437067798,0,0,
4616,0.5,timed-search,1,500,53,80,367,0.3,0.3,0.3,Clumped-Poisson,5,3,Randomly placed,2.022,0,0,0,0,0,true,4.5,0,414,166,13,27,126,59,5,9,45,4.514374999999988,539,14,23,22,0,NA,13.069361761041154,0,0,
4625,0.5,timed-search,1,500,52,73,375,0.3,0.3,0.3,Clumped-Poisson,5,3,Randomly placed,1.614,0,0,0,0,0,true,4.5,0,447,121,11,14,96,34,4,4,26,4.521249999999987,538,7,12,15,0,NA,7.520044235554349,0,0,
4627,0.5,timed-search,1,500,55,77,368,0.3,0.3,0.3,Clumped-Poisson,5,3,Randomly placed,2.622,0,0,0,0,0,true,4.5,0,394,180,22,24,134,70,8,10,52,4.51124999999998,536,22,42,6,0,NA,15.516763646439525,0,0,
4619,0.5,timed-search,1,500,52,86,362,0.3,0.3,0.3,Clumped-Poisson,5,3,Randomly placed,2.362,0,0,0,0,0,true,4.5,0,417,113,13,21,79,34,3,9,22,4.524374999999965,536,11,16,7,0,NA,7.5148501174195905,0,0,
4624,0.5,timed-search,1,500,40,89,371,0.3,0.3,0.3,Clumped-Poisson,5,3,Randomly placed,2.178,0,0,0,0,0,true,4.5,0,407,151,12,28,111,49,3,9,37,4.5206249999999955,539,7,28,14,0,NA,10.839209180146561,0,0,
4626,0.5,timed-search,1,500,49,81,370,0.3,0.3,0.3,Clumped-Poisson,5,3,Randomly placed,1.73,0,0,0,0,0,true,4.5,0,398,108,10,16,82,38,1,6,31,4.501874999999964,533,13,13,12,0,NA,8.440927391364777,0,0,
4622,0.5,timed-search,1,500,43,82,375,0.3,0.3,0.3,Clumped-Poisson,5,3,Randomly placed,2.566,0,0,0,0,0,true,4.5,0,367,76,13,11,52,31,5,2,24,4.502499999999978,535,22,6,3,0,NA,6.8850638534148025,0,0,
4629,0.5,timed-search,1,500,45,82,373,0.3,0.3,0.3,Clumped-Poisson,5,3,Randomly placed,1.722,0,0,0,0,0,true,4.5,0,383,116,18,16,82,36,5,8,23,4.5025000000000075,536,13,7,16,0,NA,7.995558023320364,0,0,
4621,0.5,timed-search,1,500,55,82,363,0.3,0.3,0.3,Clumped-Poisson,5,3,Randomly placed,2.002,0,0,0,0,0,true,4.5,0,431,180,18,27,135,64,9,9,46,4.511874999999971,535,5,41,18,0,NA,14.184790137138197,0,0,
4628,0.5,timed-search,1,500,42,76,382,0.3,0.3,0.3,Clumped-Poisson,5,3,Randomly placed,2.03,0,0,0,0,0,true,4.5,0,413,121,9,23,89,50,4,11,35,4.50937499999998,537,13,24,13,0,NA,11.088011088011138,0,0,
4618,0.5,timed-search,1,500,49,82,369,0.3,0.3,0.3,Clumped-Poisson,5,3,Randomly placed,2.346,0,0,0,0,0,true,4.5,0,425,151,21,26,104,51,11,8,32,4.506874999999971,534,18,22,11,0,NA,11.316044931354948,0,0,
4631,0.5,timed-search,1,500,59,63,378,0.3,0.3,0.3,Clumped-Poisson,5,3,Randomly placed,2.414,0,0,0,0,0,true,4.5,0,375,54,11,5,38,19,3,1,15,4.503749999999962,533,11,7,1,0,NA,4.218706633361124,0,0,
4630,0.5,timed-search,1,500,54,80,366,0.3,0.3,0.3,Clumped-Poisson,5,3,Randomly placed,2.366,0,0,0,0,0,true,4.5,0,413,97,13,13,71,34,5,4,25,4.5243749999999645,535,18,1,15,0,NA,7.514850117419592,0,0,
4633,0.5,timed-search,1,500,50,71,379,0.3,0.3,0.3,Clumped-Poisson,5,3,Randomly placed,2.134,0,0,0,0,0,true,4.5,0,366,131,20,17,94,49,7,7,35,4.514374999999958,534,13,7,29,0,NA,10.85421569984781,0,0,
4639,0.5,timed-search,1,500,56,67,377,0.3,0.3,0.3,Clumped-Poisson,5,3,Randomly placed,2.11,0,0,0,0,0,true,4.5,0,365,190,17,28,145,82,7,12,63,4.502499999999981,536,32,26,24,0,NA,18.212104386452047,0,0,
4638,0.5,timed-search,1,500,50,66,384,0.3,0.3,0.3,Clumped-Poisson,5,3,Randomly placed,2.142,0,0,0,0,0,true,4.5,0,383,162,12,23,127,66,5,13,48,4.505624999999955,533,16,39,11,0,NA,14.648356221390076,0,0,
4635,0.5,timed-search,1,500,62,81,357,0.3,0.3,0.3,Clumped-Poisson,5,3,Randomly placed,2.83,0,0,0,0,0,true,4.5,0,435,104,14,15,75,40,4,8,28,4.521249999999965,535,12,12,16,0,NA,8.8471108653581,0,0,
4642,0.5,timed-search,1,500,52,63,385,0.3,0.3,0.3,Clumped-Poisson,5,3,Randomly placed,2.382,0,0,0,0,0,true,4.5,0,390,68,5,11,52,27,1,4,22,4.5249999999999675,536,16,6,5,0,NA,5.966850828729324,0,0,
4641,0.5,timed-search,1,500,53,75,372,0.3,0.3,0.3,Clumped-Poisson,5,3,Randomly placed,1.822,0,0,0,0,0,true,4.5,0,416,120,15,22,83,48,5,9,34,4.515624999999988,537,16,16,16,0,NA,10.629757785467158,0,0,
4640,0.5,timed-search,1,500,44,84,372,0.3,0.3,0.3,Clumped-Poisson,5,3,Randomly placed,1.774,0,0,0,0,0,true,4.5,0,382,120,13,24,83,49,5,11,33,4.500624999999991,535,12,25,12,0,NA,10.88737675322874,0,0,
4634,0.5,timed-search,1,500,49,86,365,0.3,0.3,0.3,Clumped-Poisson,5,3,Randomly placed,2.606,0,0,0,0,0,true,4.5,0,389,166,16,29,121,64,4,13,47,4.523124999999976,537,4,21,39,0,NA,14.149509465248105,0,0,
4637,0.5,timed-search,1,500,48,71,381,0.3,0.3,0.3,Clumped-Poisson,5,3,Randomly placed,3.154,0,0,0,0,0,true,4.5,0,397,188,20,30,138,85,9,16,60,4.521874999999993,538,12,19,54,0,NA,18.79751209398759,0,0,
4632,0.5,timed-search,1,500,53,65,382,0.3,0.3,0.3,Clumped-Poisson,5,3,Randomly placed,2.118,0,0,0,0,0,true,4.5,0,379,175,21,26,128,74,9,7,58,4.506250000000005,537,30,23,21,0,NA,16.421636615811355,0,0,
4636,0.5,timed-search,1,500,43,70,387,0.3,0.3,0.3,Clumped-Poisson,5,3,Randomly placed,2.222,0,0,0,0,0,true,4.5,0,421,194,17,27,150,63,3,10,50,4.507499999999982,534,19,32,12,0,NA,13.976705490848643,0,0,
4645,0.5,timed-search,1,500,44,79,377,0.3,0.3,0.3,Clumped-Poisson,5,3,Randomly placed,1.978,0,0,0,0,0,true,4.5,0,424,155,15,27,113,48,5,8,35,4.519374999999978,537,27,15,6,0,NA,10.62093762965017,0,0,
4644,0.5,timed-search,1,500,46,55,399,0.3,0.3,0.3,Clumped-Poisson,5,3,Randomly placed,1.618,0,0,0,0,0,true,4.5,0,411,165,17,24,124,62,6,6,50,4.524999999999979,539,25,34,3,0,NA,13.701657458563599,0,0,
4646,0.5,timed-search,1,500,46,84,370,0.3,0.3,0.3,Clumped-Poisson,5,3,Randomly placed,1.854,0,0,0,0,0,true,4.5,0,426,134,7,26,101,48,3,7,38,4.516249999999982,537,21,8,19,0,NA,10.628286742319446,0,0,
4643,0.5,timed-search,1,500,54,69,377,0.3,0.3,0.3,Clumped-Poisson,5,3,Randomly placed,2.122,0,0,0,0,0,true,4.5,0,415,146,18,28,100,62,9,11,42,4.501249999999968,534,36,15,11,0,NA,13.773951680088963,0,0,
4648,0.5,timed-search,1,500,48,69,383,0.3,0.3,0.3,Clumped-Poisson,5,3,Randomly placed,3.494,0,0,0,0,0,true,4.5,0,362,112,10,16,86,36,6,5,25,4.513749999999988,537,21,10,5,0,NA,7.975630019385233,0,0,
4647,0.5,timed-search,1,500,49,73,378,0.3,0.3,0.3,Clumped-Poisson,5,3,Randomly placed,2.734,0,0,0,0,0,true,4.5,0,345,128,14,22,92,47,4,10,33,4.511249999999985,537,8,16,23,0,NA,10.41839844832367,0,0,
4652,0.5,timed-search,1,500,42,66,392,0.3,0.3,0.3,Clumped-Poisson,5,3,Randomly placed,2.21,0,0,0,0,0,true,4.5,0,418,147,10,16,121,50,3,6,41,4.51187499999997,535,25,22,3,0,NA,11.08186729463922,0,0,
4653,0.5,timed-search,1,500,44,82,374,0.3,0.3,0.3,Clumped-Poisson,5,3,Randomly placed,2.306,0,0,0,0,0,true,4.5,0,401,124,14,27,83,54,5,12,37,4.522499999999986,536,16,26,12,0,NA,11.940298507462725,0,0,
4649,0.5,timed-search,1,500,47,67,386,0.3,0.3,0.3,Clumped-Poisson,5,3,Randomly placed,2.378,0,0,0,0,0,true,4.5,0,406,199,18,32,149,74,5,15,54,4.50749999999998,535,21,9,44,0,NA,16.417082640044445,0,0,
4651,0.5,timed-search,1,500,51,69,380,0.3,0.3,0.3,Clumped-Poisson,5,3,Randomly placed,2.614,0,0,0,0,0,true,4.5,0,398,47,6,4,37,14,1,2,11,4.513749999999984,536,8,4,2,0,NA,3.1016338964275936,0,0,
4650,0.5,timed-search,1,500,52,92,356,0.3,0.3,0.3,Clumped-Poisson,5,3,Randomly placed,2.25,0,0,0,0,0,true,4.5,0,374,182,20,34,128,62,7,13,42,4.50874999999998,535,14,35,13,0,NA,13.751039645134522,0,0,
4656,0.5,timed-search,1,500,39,81,380,0.3,0.3,0.3,Clumped-Poisson,5,3,Randomly placed,1.95,0,0,0,0,0,true,4.5,0,407,149,10,25,114,61,2,10,49,4.508749999999957,533,12,14,35,0,NA,13.529248683116291,0,0,
4654,0.5,timed-search,1,500,61,68,371,0.3,0.3,0.3,Clumped-Poisson,5,3,Randomly placed,1.834,0,0,0,0,0,true,4.5,0,401,168,23,28,117,63,11,11,41,4.507499999999973,536,23,9,31,0,NA,13.976705490848671,0,0,
4658,0.5,timed-search,1,500,52,76,372,0.3,0.3,0.3,Clumped-Poisson,5,3,Randomly placed,2.462,0,0,0,0,0,true,4.5,0,372,129,9,18,102,42,3,5,34,4.503749999999988,537,8,7,27,0,NA,9.325562031640326,0,0,
4659,0.5,timed-search,1,500,54,77,369,0.3,0.3,0.3,Clumped-Poisson,5,3,Randomly placed,1.698,0,0,0,0,0,true,4.5,0,399,82,9,10,63,30,3,4,23,4.503124999999971,534,15,5,10,0,NA,6.662040249826552,0,0,
4655,0.5,timed-search,1,500,51,78,371,0.3,0.3,0.3,Clumped-Poisson,5,3,Randomly placed,2.098,0,0,0,0,0,true,4.5,0,398,67,6,11,50,22,1,1,20,4.519374999999976,537,16,4,2,0,NA,4.8679297469229965,0,0,
4660,0.5,timed-search,1,500,48,62,390,0.3,0.3,0.3,Clumped-Poisson,5,3,Randomly placed,2.33,0,0,0,0,0,true,4.5,0,402,104,10,20,74,35,2,8,25,4.501874999999965,533,11,20,4,0,NA,7.774538386783345,0,0,
4657,0.5,timed-search,1,500,51,68,381,0.3,0.3,0.3,Clumped-Poisson,5,3,Randomly placed,2.062,0,0,0,0,0,true,4.5,0,409,164,16,22,126,56,6,9,41,4.513749999999975,537,23,15,18,0,NA,12.406535585710397,0,0,
4661,0.5,timed-search,1,500,41,75,384,0.3,0.3,0.3,Clumped-Poisson,5,3,Randomly placed,2.178,0,0,0,0,0,true,4.5,0,417,155,12,19,124,50,3,8,39,4.5056249999999824,536,8,25,17,0,NA,11.09723956165908,0,0,
4664,0.5,timed-search,1,500,35,93,372,0.3,0.3,0.3,Clumped-Poisson,5,3,Randomly placed,2.226,0,0,0,0,0,true,4.5,0,365,201,15,33,153,75,4,14,57,4.504999999999997,537,26,10,39,0,NA,16.648168701442852,0,0,
4663,0.5,timed-search,1,500,48,63,389,0.3,0.3,0.3,Clumped-Poisson,5,3,Randomly placed,1.77,0,0,0,0,0,true,4.5,0,395,169,16,21,132,72,7,12,53,4.508124999999995,537,21,30,21,0,NA,15.971163177596024,0,0,
4662,0.5,timed-search,1,500,40,80,380,0.3,0.3,0.3,Clumped-Poisson,5,3,Randomly placed,1.938,0,0,0,0,0,true,4.5,0,418,142,9,23,110,39,1,5,33,4.512499999999981,536,10,6,23,0,NA,8.64265927977843,0,0,
4669,0.5,timed-search,1,500,54,75,371,0.3,0.3,0.3,Clumped-Poisson,5,3,Randomly placed,2.206,0,0,0,0,0,true,4.5,0,404,147,18,20,109,46,5,6,35,4.5224999999999875,537,13,27,6,0,NA,10.17136539524602,0,0,
4668,0.5,timed-search,1,500,44,81,375,0.3,0.3,0.3,Clumped-Poisson,5,3,Randomly placed,2.294,0,0,0,0,0,true,4.5,0,370,124,7,19,98,56,4,8,44,4.518749999999977,538,11,2,43,0,NA,12.392807745504905,0,0,
4665,0.5,timed-search,1,500,61,73,366,0.3,0.3,0.3,Clumped-Poisson,5,3,Randomly placed,2.138,0,0,0,0,0,true,4.5,0,395,148,13,21,114,64,5,11,48,4.502499999999971,535,22,33,9,0,NA,14.214325374791875,0,0,
4670,0.5,timed-search,1,500,50,77,373,0.3,0.3,0.3,Clumped-Poisson,5,3,Randomly placed,2.074,0,0,0,0,0,true,4.5,0,411,102,7,19,76,43,1,10,32,4.507499999999985,536,13,12,18,0,NA,9.539656128674462,0,0,
4667,0.5,timed-search,1,500,47,81,372,0.3,0.3,0.3,Clumped-Poisson,5,3,Randomly placed,2.186,0,0,0,0,0,true,4.5,0,411,141,10,23,108,58,3,10,45,4.520624999999961,536,7,19,32,0,NA,12.830084335683784,0,0,
4671,0.5,timed-search,1,500,39,83,378,0.3,0.3,0.3,Clumped-Poisson,5,3,Randomly placed,1.834,0,0,0,0,0,true,4.5,0,409,152,7,25,120,58,2,10,46,4.511249999999995,537,16,26,16,0,NA,12.856747021335565,0,0,
4672,0.5,timed-search,1,500,61,84,355,0.3,0.3,0.3,Clumped-Poisson,5,3,Randomly placed,2.846,0,0,0,0,0,true,4.5,0,397,112,20,15,77,42,8,3,31,4.503749999999993,536,14,22,6,0,NA,9.325562031640315,0,0,
4677,0.5,timed-search,1,500,56,78,366,0.3,0.3,0.3,Clumped-Poisson,5,3,Randomly placed,2.534,0,0,0,0,0,true,4.5,0,457,115,13,21,81,41,2,4,35,4.507499999999961,534,21,5,15,0,NA,9.095951192457095,0,0,
4666,0.5,timed-search,1,500,50,69,381,0.3,0.3,0.3,Clumped-Poisson,5,3,Randomly placed,2.486,0,0,0,0,0,true,4.5,0,413,172,19,24,129,59,6,6,47,4.508124999999981,537,8,16,35,0,NA,13.087480937196784,0,0,
4673,0.5,timed-search,1,500,49,79,372,0.3,0.3,0.3,Clumped-Poisson,5,3,Randomly placed,2.082,0,0,0,0,0,true,4.5,0,377,144,14,27,103,56,8,9,39,4.518125,538,22,19,15,0,NA,12.394522063909253,0,0,
4679,0.5,timed-search,1,500,43,67,390,0.3,0.3,0.3,Clumped-Poisson,5,3,Randomly placed,2.402,0,0,0,0,0,true,4.5,0,386,141,12,19,110,54,4,7,43,4.5199999999999925,539,27,11,16,0,NA,11.946902654867277,0,0,
4678,0.5,timed-search,1,500,56,80,364,0.3,0.3,0.3,Clumped-Poisson,5,3,Randomly placed,2.698,0,0,0,0,0,true,4.5,0,415,116,11,19,86,50,4,6,40,4.524999999999955,534,36,1,13,0,NA,11.049723756906188,0,0,
4675,0.5,timed-search,1,500,52,77,371,0.3,0.3,0.3,Clumped-Poisson,5,3,Randomly placed,1.95,0,0,0,0,0,true,4.5,0,444,159,13,24,122,60,2,10,48,4.516874999999975,537,9,29,22,0,NA,13.283520132835275,0,0,
4676,0.5,timed-search,1,500,52,81,367,0.3,0.3,0.3,Clumped-Poisson,5,3,Randomly placed,2.042,0,0,0,0,0,true,4.5,0,328,89,6,13,70,41,1,6,34,4.508750000000004,536,12,7,22,0,NA,9.093429442750201,0,0,
4681,0.5,timed-search,1,500,47,79,374,0.3,0.3,0.3,Clumped-Poisson,5,3,Randomly placed,2.374,0,0,0,0,0,true,4.5,0,409,139,18,25,96,51,9,9,33,4.509375000000002,538,23,19,9,0,NA,11.309771309771305,0,0,
4685,0.5,timed-search,1,500,49,75,376,0.3,0.3,0.3,Clumped-Poisson,5,3,Randomly placed,2.35,0,0,0,0,0,true,4.5,0,406,106,13,14,79,42,6,6,30,4.519374999999965,535,1,20,21,0,NA,9.293320425943925,0,0,
4683,0.5,timed-search,1,500,46,77,377,0.3,0.3,0.3,Clumped-Poisson,5,3,Randomly placed,2.19,0,0,0,0,0,true,4.5,0,406,151,16,21,114,48,8,5,35,4.51562499999999,537,17,8,23,0,NA,10.62975778546715,0,0,
4686,0.5,timed-search,1,500,50,64,386,0.3,0.3,0.3,Clumped-Poisson,5,3,Randomly placed,2.026,0,0,0,0,0,true,4.5,0,420,139,20,14,105,45,6,6,33,4.507499999999977,535,26,13,6,0,NA,9.983361064891897,0,0,
4674,0.5,timed-search,1,500,42,71,387,0.3,0.3,0.3,Clumped-Poisson,5,3,Randomly placed,1.746,0,0,0,0,0,true,4.5,0,400,166,15,21,130,59,4,6,49,4.50249999999997,535,30,15,14,0,NA,13.10383120488626,0,0,
4682,0.5,timed-search,1,500,45,84,371,0.3,0.3,0.3,Clumped-Poisson,5,3,Randomly placed,1.722,0,0,0,0,0,true,4.5,0,377,162,14,36,112,65,8,13,44,4.501874999999979,535,18,24,23,0,NA,14.438428432597597,0,0,
4687,0.5,timed-search,1,500,47,82,371,0.3,0.3,0.3,Clumped-Poisson,5,3,Randomly placed,1.994,0,0,0,0,0,true,4.5,0,425,99,10,22,67,29,0,6,23,4.515624999999988,538,7,14,8,0,NA,6.422145328719741,0,0,
4684,0.5,timed-search,1,500,53,67,380,0.3,0.3,0.3,Clumped-Poisson,5,3,Randomly placed,2.53,0,0,0,0,0,true,4.5,0,429,176,20,23,133,64,5,9,50,4.516249999999989,537,13,37,14,0,NA,14.171048989759239,0,0,
4680,0.5,timed-search,1,500,54,81,365,0.3,0.3,0.3,Clumped-Poisson,5,3,Randomly placed,3.27,0,0,0,0,0,true,4.5,0,389,105,19,15,71,43,11,5,27,4.524999999999976,538,9,4,30,0,NA,9.502762430939276,0,0,
4689,0.5,timed-search,1,500,40,71,389,0.3,0.3,0.3,Clumped-Poisson,5,3,Randomly placed,1.894,0,0,0,0,0,true,4.5,0,368,152,13,24,115,55,4,11,40,4.5156249999999805,538,25,15,15,0,NA,12.179930795847804,0,0,
4692,0.5,timed-search,1,500,53,67,380,0.3,0.3,0.3,Clumped-Poisson,5,3,Randomly placed,2.102,0,0,0,0,0,true,4.5,0,385,170,16,19,135,55,4,7,44,4.520624999999978,538,19,11,25,0,NA,12.166459283838025,0,0,
4694,0.5,timed-search,1,500,52,71,377,0.3,0.3,0.3,Clumped-Poisson,5,3,Randomly placed,1.934,0,0,0,0,0,true,4.5,0,362,180,20,33,127,74,9,16,49,4.504374999999976,536,33,12,29,0,NA,16.42847231857925,0,0,
4695,0.5,timed-search,1,500,53,67,380,0.3,0.3,0.3,Clumped-Poisson,5,3,Randomly placed,2.41,0,0,0,0,0,true,4.5,0,393,180,19,26,135,71,6,10,55,4.523124999999993,537,44,1,26,0,NA,15.697112063009557,0,0,
4688,0.5,timed-search,1,500,46,73,381,0.3,0.3,0.3,Clumped-Poisson,5,3,Randomly placed,2.538,0,0,0,0,0,true,4.5,0,375,157,15,25,117,60,7,7,46,4.513124999999978,537,28,17,15,0,NA,13.294557540506919,0,0,
4691,0.5,timed-search,1,500,44,84,372,0.3,0.3,0.3,Clumped-Poisson,5,3,Randomly placed,2.182,0,0,0,0,0,true,4.5,0,428,163,19,22,122,53,5,3,45,4.5149999999999695,534,45,3,5,0,NA,11.738648947951352,0,0,
4693,0.5,timed-search,1,500,52,62,386,0.3,0.3,0.3,Clumped-Poisson,5,3,Randomly placed,2.45,0,0,0,0,0,true,4.5,0,408,168,19,18,131,70,7,8,55,4.52312499999999,539,56,5,9,0,NA,15.47602597761507,0,0,
4697,0.5,timed-search,1,500,55,68,377,0.3,0.3,0.3,Clumped-Poisson,5,3,Randomly placed,2.354,0,0,0,0,0,true,4.5,0,404,144,11,23,110,58,3,12,43,4.5249999999999835,538,36,13,9,0,NA,12.817679558011097,0,0,
4696,0.5,timed-search,1,500,37,67,396,0.3,0.3,0.3,Clumped-Poisson,5,3,Randomly placed,1.934,0,0,0,0,0,true,4.5,0,394,169,12,14,143,56,2,4,50,4.501874999999974,535,16,28,12,0,NA,12.439261418853327,0,0,
4698,0.5,timed-search,1,500,48,77,375,0.3,0.3,0.3,Clumped-Poisson,5,3,Randomly placed,2.11,0,0,0,0,0,true,4.5,0,415,156,12,24,120,67,5,10,52,4.513124999999968,535,5,47,15,0,NA,14.845589253566095,0,0,
4700,0.5,timed-search,1,500,54,68,378,0.3,0.3,0.3,Clumped-Poisson,5,3,Randomly placed,2.814,0,0,0,0,0,true,4.5,0,396,94,7,13,74,28,3,5,20,4.500624999999984,533,25,2,1,0,NA,6.221358144702147,0,0,
4690,0.5,timed-search,1,500,47,79,374,0.3,0.3,0.3,Clumped-Poisson,5,3,Randomly placed,2.322,0,0,0,0,0,true,4.5,0,402,192,17,36,139,71,4,10,57,4.518124999999958,535,23,3,45,0,NA,15.714483331027951,0,0,
4699,0.5,timed-search,1,500,42,74,384,0.3,0.3,0.3,Clumped-Poisson,5,3,Randomly placed,1.882,0,0,0,0,0,true,4.5,0,394,130,16,13,101,55,7,6,42,4.508124999999995,537,24,14,17,0,NA,12.200194093996963,0,0,
4706,0.5,timed-search,7,3500,329,504,2667,0.3,0.3,0.3,Clumped-Poisson,5,3,Randomly placed,7.070571428571428,0,0,0,0,0,true,4.5,0,419,853,77,118,658,280,26,46,208,4.523749999999984,539,77,153,50,0,NA,61.89555125725361,0,0,
4710,0.5,timed-search,7,3500,344,509,2647,0.3,0.3,0.3,Clumped-Poisson,5,3,Randomly placed,8.654,0,0,0,0,0,true,4.5,0,369,497,45,83,369,224,18,34,172,4.5018749999999805,536,60,122,42,0,NA,49.75704567541324,0,0,
4714,0.5,timed-search,7,3500,356,546,2598,0.3,0.3,0.3,Clumped-Poisson,5,3,Randomly placed,6.129428571428571,0,0,0,0,0,true,4.5,0,393,901,85,136,680,334,33,44,257,4.52187499999998,538,143,73,118,0,NA,73.86316516931615,0,0,
4702,0.5,timed-search,7,3500,320,562,2618,0.3,0.3,0.3,Clumped-Poisson,5,3,Randomly placed,16.263714285714286,0,0,0,0,0,true,4.5,0,417,859,70,149,640,355,26,62,267,4.51687499999999,538,38,85,232,0,NA,78.59416078594178,0,0,
4711,0.5,timed-search,7,3500,381,508,2611,0.3,0.3,0.3,Clumped-Poisson,5,3,Randomly placed,13.832285714285714,0,0,0,0,0,true,4.5,0,389,720,72,110,538,263,28,44,191,4.505624999999979,536,90,15,158,0,NA,58.37148009432681,0,0,
4701,0.5,timed-search,7,3500,333,548,2619,0.3,0.3,0.3,Clumped-Poisson,5,3,Randomly placed,8.516285714285713,0,0,0,0,0,true,4.5,0,412,985,100,162,723,347,33,54,260,4.522499999999966,537,162,59,126,0,NA,76.7274737423997,0,0,
4705,0.5,timed-search,7,3500,346,529,2625,0.3,0.3,0.3,Clumped-Poisson,5,3,Randomly placed,10.584285714285715,0,0,0,0,0,true,4.5,0,381,805,66,129,610,303,26,54,223,4.5249999999999835,537,79,162,62,0,NA,66.96132596685108,0,0,
4703,0.5,timed-search,7,3500,334,561,2605,0.3,0.3,0.3,Clumped-Poisson,5,3,Randomly placed,8.357428571428573,0,0,0,0,0,true,4.5,0,415,784,75,122,587,261,27,44,190,4.508124999999973,536,128,37,96,0,NA,57.895466518785874,0,0,
4707,0.5,timed-search,7,3500,368,539,2593,0.3,0.3,0.3,Clumped-Poisson,5,3,Randomly placed,9.764857142857142,0,0,0,0,0,true,4.5,0,428,727,73,118,536,259,28,48,183,4.504999999999994,536,138,39,82,0,NA,57.49167591564936,0,0,
4713,0.5,timed-search,7,3500,345,493,2662,0.3,0.3,0.3,Clumped-Poisson,5,3,Randomly placed,7.809428571428571,0,0,0,0,0,true,4.5,0,404,881,87,104,690,319,23,45,251,4.504999999999997,537,151,92,76,0,NA,70.8102108768036,0,0,
4715,0.5,timed-search,7,3500,350,531,2619,0.3,0.3,0.3,Clumped-Poisson,5,3,Randomly placed,8.598,0,0,0,0,0,true,4.5,0,393,900,77,145,678,324,34,51,239,4.5137499999999795,537,199,27,98,0,NA,71.78067017446723,0,0,
4709,0.5,timed-search,7,3500,387,546,2567,0.3,0.3,0.3,Clumped-Poisson,5,3,Randomly placed,7.549428571428571,0,0,0,0,0,true,4.5,0,407,950,107,145,698,369,33,54,282,4.50874999999998,537,281,29,59,0,NA,81.84086498475224,0,0,
4716,0.5,timed-search,7,3500,345,512,2643,0.3,0.3,0.3,Clumped-Poisson,5,3,Randomly placed,9.175142857142857,0,0,0,0,0,true,4.5,0,390,1438,144,208,1086,612,64,94,454,4.502499999999972,535,150,128,334,0,NA,135.92448639644726,0,0,
4712,0.5,timed-search,7,3500,349,540,2611,0.3,0.3,0.3,Clumped-Poisson,5,3,Randomly placed,8.506571428571428,0,0,0,0,0,true,4.5,0,407,780,77,129,574,278,22,43,213,4.5187499999999865,538,85,82,111,0,NA,61.52143845089922,0,0,
4708,0.5,timed-search,7,3500,340,520,2640,0.3,0.3,0.3,Clumped-Poisson,5,3,Randomly placed,10.11,0,0,0,0,0,true,4.5,0,417,862,85,137,640,284,32,50,202,4.516874999999989,539,22,192,70,0,NA,62.87532862875344,0,0,
4722,0.5,timed-search,7,3500,319,584,2597,0.3,0.3,0.3,Clumped-Poisson,5,3,Randomly placed,15.315142857142858,0,0,0,0,0,true,4.5,0,397,1407,114,233,1060,577,51,92,434,4.51499999999999,538,164,310,103,0,NA,127.79623477297925,0,0,
4719,0.5,timed-search,7,3500,357,523,2620,0.3,0.3,0.3,Clumped-Poisson,5,3,Randomly placed,10.688857142857144,0,0,0,0,0,true,4.5,0,391,910,81,126,703,348,26,46,276,4.5212499999999745,538,108,206,34,0,NA,76.9698645286153,0,0,
4717,0.5,timed-search,7,3500,347,544,2609,0.3,0.3,0.3,Clumped-Poisson,5,3,Randomly placed,10.403714285714285,0,0,0,0,0,true,4.5,0,419,1195,130,186,879,479,57,62,360,4.504375000000002,537,61,109,309,0,NA,106.34105730539748,0,0,
4725,0.5,timed-search,7,3500,376,548,2576,0.3,0.3,0.3,Clumped-Poisson,5,3,Randomly placed,15.747714285714284,0,0,0,0,0,true,4.5,0,392,1240,125,210,905,451,38,71,342,4.511874999999986,537,314,52,85,0,NA,99.95844299764542,0,0,
4704,0.5,timed-search,7,3500,343,528,2629,0.3,0.3,0.3,Clumped-Poisson,5,3,Randomly placed,8.369428571428571,0,0,0,0,0,true,4.5,0,410,1000,90,154,756,408,40,65,303,4.51062499999998,537,162,79,167,0,NA,90.45309685464915,0,0,
4720,0.5,timed-search,7,3500,337,505,2658,0.3,0.3,0.3,Clumped-Poisson,5,3,Randomly placed,8.712857142857143,0,0,0,0,0,true,4.5,0,409,1208,110,185,913,446,40,79,327,4.511874999999987,538,146,160,140,0,NA,98.85025626818147,0,0,
4726,0.5,timed-search,7,3500,342,500,2658,0.3,0.3,0.3,Clumped-Poisson,5,3,Randomly placed,13.712285714285715,0,0,0,0,0,true,4.5,0,386,358,27,37,294,118,6,10,102,4.513749999999981,536,79,31,8,0,NA,26.142342841318303,0,0,
4724,0.5,timed-search,7,3500,353,499,2648,0.3,0.3,0.3,Clumped-Poisson,5,3,Randomly placed,21.419714285714285,0,0,0,0,0,true,4.5,0,416,638,57,93,488,213,19,38,156,4.514999999999975,537,96,32,85,0,NA,47.176079734219535,0,0,
4718,0.5,timed-search,7,3500,354,534,2612,0.3,0.3,0.3,Clumped-Poisson,5,3,Randomly placed,6.470571428571428,0,0,0,0,0,true,4.5,0,390,1073,116,157,800,385,32,67,286,4.5118749999999865,537,162,39,184,0,NA,85.33037816872168,0,0,
4727,0.5,timed-search,7,3500,360,508,2632,0.3,0.3,0.3,Clumped-Poisson,5,3,Randomly placed,11.50657142857143,0,0,0,0,0,true,4.5,0,405,1045,97,144,804,431,32,58,341,4.503124999999997,537,190,181,60,0,NA,95.71131158917424,0,0,
4721,0.5,timed-search,7,3500,349,521,2630,0.3,0.3,0.3,Clumped-Poisson,5,3,Randomly placed,8.870000000000001,0,0,0,0,0,true,4.5,0,394,1115,109,163,843,434,50,63,321,4.504999999999979,536,141,88,205,0,NA,96.33740288568303,0,0,
4723,0.5,timed-search,7,3500,382,513,2605,0.3,0.3,0.3,Clumped-Poisson,5,3,Randomly placed,9.243142857142857,0,0,0,0,0,true,4.5,0,413,964,118,139,707,323,42,50,231,4.514374999999982,538,100,53,170,0,NA,71.54921777654744,0,0,
4730,0.5,timed-search,7,3500,347,541,2612,0.3,0.3,0.3,Clumped-Poisson,5,3,Randomly placed,10.028857142857143,0,0,0,0,0,true,4.5,0,400,983,104,148,731,357,25,47,285,4.502499999999981,535,12,290,55,0,NA,79.28928373126075,0,0,
4729,0.5,timed-search,7,3500,342,547,2611,0.3,0.3,0.3,Clumped-Poisson,5,3,Randomly placed,14.647714285714287,0,0,0,0,0,true,4.5,0,398,591,63,88,440,210,23,27,160,4.516249999999965,535,51,100,59,0,NA,46.498754497647745,0,0,
4731,0.5,timed-search,7,3500,332,520,2648,0.3,0.3,0.3,Clumped-Poisson,5,3,Randomly placed,8.070571428571428,0,0,0,0,0,true,4.5,0,413,1362,150,181,1031,500,51,64,385,4.501249999999981,536,267,69,164,0,NA,111.08025548458808,0,0,
4733,0.5,timed-search,7,3500,336,528,2636,0.3,0.3,0.3,Clumped-Poisson,5,3,Randomly placed,10.353428571428571,0,0,0,0,0,true,4.5,0,398,520,49,82,389,181,20,25,136,4.524374999999975,538,88,66,27,0,NA,40.005525625086555,0,0,
4732,0.5,timed-search,7,3500,331,519,2650,0.3,0.3,0.3,Clumped-Poisson,5,3,Randomly placed,9.580857142857143,0,0,0,0,0,true,4.5,0,412,776,74,100,602,271,26,32,213,4.511874999999983,537,90,97,84,0,NA,60.063720736944404,0,0,
4735,0.5,timed-search,7,3500,350,553,2597,0.3,0.3,0.3,Clumped-Poisson,5,3,Randomly placed,6.652857142857143,0,0,0,0,0,true,4.5,0,407,1008,114,161,733,373,40,60,273,4.503749999999982,536,143,71,159,0,NA,82.81987232861536,0,0,
4734,0.5,timed-search,7,3500,363,553,2584,0.3,0.3,0.3,Clumped-Poisson,5,3,Randomly placed,6.684857142857142,0,0,0,0,0,true,4.5,0,411,1100,120,172,808,397,44,55,298,4.503124999999989,537,76,207,114,0,NA,88.16099930603768,0,0,
4728,0.5,timed-search,7,3500,365,513,2622,0.3,0.3,0.3,Clumped-Poisson,5,3,Randomly placed,11.537428571428572,0,0,0,0,0,true,4.5,0,413,1002,101,146,755,352,37,61,254,4.503124999999999,537,263,68,21,0,NA,78.16793893129773,0,0,
4740,0.5,timed-search,7,3500,371,546,2583,0.3,0.3,0.3,Clumped-Poisson,5,3,Randomly placed,7.323142857142857,0,0,0,0,0,true,4.5,0,400,684,81,102,501,240,23,38,179,4.506874999999968,535,43,132,65,0,NA,53.25197614755273,0,0,
4739,0.5,timed-search,7,3500,362,536,2602,0.3,0.3,0.3,Clumped-Poisson,5,3,Randomly placed,6.630571428571429,0,0,0,0,0,true,4.5,0,392,1122,127,157,838,406,44,59,303,4.5168749999999624,535,117,187,102,0,NA,89.88515289885228,0,0,
4738,0.5,timed-search,7,3500,351,510,2639,0.3,0.3,0.3,Clumped-Poisson,5,3,Randomly placed,8.091142857142858,0,0,0,0,0,true,4.5,0,391,1110,115,157,838,424,34,57,333,4.524999999999977,538,80,126,218,0,NA,93.701657458564,0,0,
4741,0.5,timed-search,7,3500,338,527,2635,0.3,0.3,0.3,Clumped-Poisson,5,3,Randomly placed,6.735714285714286,0,0,0,0,0,true,4.5,0,398,691,68,110,513,255,24,40,191,4.516249999999991,537,57,80,118,0,NA,56.462773318571934,0,0,
4736,0.5,timed-search,7,3500,369,519,2612,0.3,0.3,0.3,Clumped-Poisson,5,3,Randomly placed,8.459142857142856,0,0,0,0,0,true,4.5,0,409,1179,123,176,880,421,47,61,313,4.5024999999999755,536,167,200,54,0,NA,93.5036091060527,0,0,
4737,0.5,timed-search,7,3500,388,521,2591,0.3,0.3,0.3,Clumped-Poisson,5,3,Randomly placed,12.875142857142858,0,0,0,0,0,true,4.5,0,382,622,50,86,486,200,10,28,162,4.509374999999973,536,138,52,10,0,NA,44.35204435204462,0,0,
4746,0.5,timed-search,7,3500,345,526,2629,0.3,0.3,0.3,Clumped-Poisson,5,3,Randomly placed,7.414571428571429,0,0,0,0,0,true,4.5,0,387,937,88,150,699,323,37,49,237,4.516874999999984,538,113,105,105,0,NA,71.50961671509643,0,0,
4744,0.5,timed-search,7,3500,339,481,2680,0.3,0.3,0.3,Clumped-Poisson,5,3,Randomly placed,9.515714285714285,0,0,0,0,0,true,4.5,0,407,1464,146,202,1116,547,58,83,406,4.510624999999962,534,141,167,239,0,NA,121.26922543993452,0,0,
4748,0.5,timed-search,7,3500,345,551,2604,0.3,0.3,0.3,Clumped-Poisson,5,3,Randomly placed,6.6654285714285715,0,0,0,0,0,true,4.5,0,409,495,51,73,371,187,14,26,147,4.50062499999998,536,84,64,39,0,NA,41.549784752117944,0,0,
4747,0.5,timed-search,7,3500,392,523,2585,0.3,0.3,0.3,Clumped-Poisson,5,3,Randomly placed,13.011142857142858,0,0,0,0,0,true,4.5,0,421,859,92,134,633,316,36,41,239,4.50374999999998,535,113,66,137,0,NA,70.16375242853209,0,0,
4754,0.5,timed-search,7,3500,343,557,2600,0.3,0.3,0.3,Clumped-Poisson,5,3,Randomly placed,7.341428571428572,0,0,0,0,0,true,4.5,0,392,1307,121,229,957,531,54,90,387,4.508124999999979,537,132,173,226,0,NA,117.7873284347711,0,0,
4742,0.5,timed-search,7,3500,345,517,2638,0.3,0.3,0.3,Clumped-Poisson,5,3,Randomly placed,9.396857142857144,0,0,0,0,0,true,4.5,0,417,1086,106,163,817,422,35,55,332,4.511249999999992,538,71,90,261,0,NA,93.54391798282089,0,0,
4750,0.5,timed-search,7,3500,357,530,2613,0.3,0.3,0.3,Clumped-Poisson,5,3,Randomly placed,8.634571428571428,0,0,0,0,0,true,4.5,0,392,444,50,81,313,144,14,24,106,4.513749999999969,536,87,33,24,0,NA,31.902520077541066,0,0,
4743,0.5,timed-search,7,3500,381,527,2592,0.3,0.3,0.3,Clumped-Poisson,5,3,Randomly placed,7.402571428571428,0,0,0,0,0,true,4.5,0,405,705,85,108,512,249,27,50,172,4.508749999999969,535,128,33,88,0,NA,55.22594954255652,0,0,
4745,0.5,timed-search,7,3500,363,506,2631,0.3,0.3,0.3,Clumped-Poisson,5,3,Randomly placed,13.766,0,0,0,0,0,true,4.5,0,390,921,96,124,701,332,31,46,255,4.51875,539,15,256,61,0,NA,73.47164591977871,0,0,
4749,0.5,timed-search,7,3500,366,561,2573,0.3,0.3,0.3,Clumped-Poisson,5,3,Randomly placed,8.791714285714287,0,0,0,0,0,true,4.5,0,403,874,93,136,645,334,36,47,251,4.52187499999998,538,91,76,167,0,NA,73.86316516931615,0,0,
4755,0.5,timed-search,7,3500,332,552,2616,0.3,0.3,0.3,Clumped-Poisson,5,3,Randomly placed,10.278571428571428,0,0,0,0,0,true,4.5,0,384,794,70,118,606,292,24,43,225,4.51812499999999,539,9,113,170,0,NA,64.62857933324126,0,0,
4753,0.5,timed-search,7,3500,358,533,2609,0.3,0.3,0.3,Clumped-Poisson,5,3,Randomly placed,9.721428571428572,0,0,0,0,0,true,4.5,0,397,931,102,130,699,338,39,39,260,4.506874999999984,536,128,57,153,0,NA,74.99653307446982,0,0,
4751,0.5,timed-search,7,3500,339,511,2650,0.3,0.3,0.3,Clumped-Poisson,5,3,Randomly placed,11.655142857142858,0,0,0,0,0,true,4.5,0,420,1201,115,162,924,434,47,55,332,4.512499999999978,537,169,138,127,0,NA,96.17728531856002,0,0,
4757,0.5,timed-search,7,3500,329,508,2663,0.3,0.3,0.3,Clumped-Poisson,5,3,Randomly placed,10.549428571428573,0,0,0,0,0,true,4.5,0,428,1428,143,194,1091,529,64,63,402,4.524999999999965,537,295,88,146,0,NA,116.90607734806721,0,0,
4759,0.5,timed-search,7,3500,327,532,2641,0.3,0.3,0.3,Clumped-Poisson,5,3,Randomly placed,13.500857142857143,0,0,0,0,0,true,4.5,0,414,1129,111,171,847,450,45,66,339,4.516249999999968,536,175,154,121,0,NA,99.6401882092451,0,0,
4752,0.5,timed-search,7,3500,345,503,2652,0.3,0.3,0.3,Clumped-Poisson,5,3,Randomly placed,10.27057142857143,0,0,0,0,0,true,4.5,0,402,753,70,116,567,281,26,40,215,4.507499999999987,537,55,139,87,0,NA,62.340543538547045,0,0,
4756,0.5,timed-search,7,3500,333,541,2626,0.3,0.3,0.3,Clumped-Poisson,5,3,Randomly placed,6.281428571428571,0,0,0,0,0,true,4.5,0,406,1098,115,193,790,420,46,72,302,4.504374999999983,536,119,236,65,0,NA,93.24268072707126,0,0,
4761,0.5,timed-search,7,3500,357,485,2658,0.3,0.3,0.3,Clumped-Poisson,5,3,Randomly placed,11.721428571428572,0,0,0,0,0,true,4.5,0,350,990,103,136,751,424,49,63,312,4.5049999999999955,536,80,158,186,0,NA,94.11764705882362,0,0,
4760,0.5,timed-search,7,3500,362,539,2599,0.3,0.3,0.3,Clumped-Poisson,5,3,Randomly placed,8.148857142857143,0,0,0,0,0,true,4.5,0,427,701,73,97,531,233,22,35,176,4.508124999999995,537,119,39,75,0,NA,51.68445861638713,0,0,
4762,0.5,timed-search,7,3500,339,560,2601,0.3,0.3,0.3,Clumped-Poisson,5,3,Randomly placed,8.018571428571429,0,0,0,0,0,true,4.5,0,403,525,55,83,387,176,20,24,132,4.523124999999977,538,32,74,70,0,NA,38.91115102943228,0,0,
4764,0.5,timed-search,7,3500,354,498,2648,0.3,0.3,0.3,Clumped-Poisson,5,3,Randomly placed,6.315714285714286,0,0,0,0,0,true,4.5,0,412,949,91,145,713,369,44,55,270,4.5074999999999665,535,186,65,118,0,NA,81.86356073211375,0,0,
4758,0.5,timed-search,7,3500,330,575,2595,0.3,0.3,0.3,Clumped-Poisson,5,3,Randomly placed,9.364285714285714,0,0,0,0,0,true,4.5,0,391,860,86,127,647,296,25,38,233,4.522499999999973,537,70,117,109,0,NA,65.45052515201807,0,0,
4769,0.5,timed-search,7,3500,346,530,2624,0.3,0.3,0.3,Clumped-Poisson,5,3,Randomly placed,16.564285714285713,0,0,0,0,0,true,4.5,0,393,1442,143,224,1075,569,63,93,413,4.524374999999979,538,262,90,217,0,NA,125.76322696505102,0,0,
4767,0.5,timed-search,7,3500,360,514,2626,0.3,0.3,0.3,Clumped-Poisson,5,3,Randomly placed,6.984857142857143,0,0,0,0,0,true,4.5,0,369,1288,142,191,955,544,58,72,414,4.514374999999968,536,145,207,192,0,NA,120.50394572892235,0,0,
4768,0.5,timed-search,7,3500,331,508,2661,0.3,0.3,0.3,Clumped-Poisson,5,3,Randomly placed,14.873999999999999,0,0,0,0,0,true,4.5,0,389,672,61,99,512,261,17,32,212,4.5174999999999965,538,152,45,64,0,NA,57.775318206972926,0,0,
4766,0.5,timed-search,7,3500,356,552,2592,0.3,0.3,0.3,Clumped-Poisson,5,3,Randomly placed,10.588857142857142,0,0,0,0,0,true,4.5,0,416,875,87,138,650,321,40,54,227,4.5187499999999785,538,81,178,62,0,NA,71.0373443983406,0,0,
4763,0.5,timed-search,7,3500,347,527,2626,0.3,0.3,0.3,Clumped-Poisson,5,3,Randomly placed,9.207714285714285,0,0,0,0,0,true,4.5,0,401,737,83,105,549,307,37,48,222,4.513749999999986,538,155,61,91,0,NA,68.01440044309078,0,0,
4772,0.5,timed-search,7,3500,340,550,2610,0.3,0.3,0.3,Clumped-Poisson,5,3,Randomly placed,7.866,0,0,0,0,0,true,4.5,0,365,1133,112,183,838,452,40,67,345,4.513749999999985,537,106,239,107,0,NA,100.13846579894799,0,0,
4771,0.5,timed-search,7,3500,334,543,2623,0.3,0.3,0.3,Clumped-Poisson,5,3,Randomly placed,15.747714285714284,0,0,0,0,0,true,4.5,0,382,709,67,109,533,271,30,42,199,4.50062499999998,535,83,57,131,0,NA,60.213859186224404,0,0,
4765,0.5,timed-search,7,3500,337,535,2628,0.3,0.3,0.3,Clumped-Poisson,5,3,Randomly placed,9.920285714285713,0,0,0,0,0,true,4.5,0,379,1420,145,210,1065,621,66,90,465,4.518124999999981,538,145,244,232,0,NA,137.44639645870856,0,0,
4773,0.5,timed-search,7,3500,339,522,2639,0.3,0.3,0.3,Clumped-Poisson,5,3,Randomly placed,17.489428571428572,0,0,0,0,0,true,4.5,0,419,1252,116,183,953,473,44,65,364,4.518124999999982,538,148,53,272,0,NA,104.68944528980538,0,0,
4775,0.5,timed-search,7,3500,330,503,2667,0.3,0.3,0.3,Clumped-Poisson,5,3,Randomly placed,9.191142857142856,0,0,0,0,0,true,4.5,0,395,1070,93,158,819,411,26,68,317,4.500624999999995,536,171,99,141,0,NA,91.32064990973485,0,0,
4770,0.5,timed-search,7,3500,329,540,2631,0.3,0.3,0.3,Clumped-Poisson,5,3,Randomly placed,6.868285714285714,0,0,0,0,0,true,4.5,0,423,757,72,112,573,278,29,41,208,4.501874999999983,537,64,57,157,0,NA,61.75204775787889,0,0,
4777,0.5,timed-search,7,3500,380,543,2577,0.3,0.3,0.3,Clumped-Poisson,5,3,Randomly placed,9.826571428571429,0,0,0,0,0,true,4.5,0,381,936,122,145,669,394,53,60,281,4.5049999999999875,536,129,199,66,0,NA,87.45837957824664,0,0,
4776,0.5,timed-search,7,3500,346,510,2644,0.3,0.3,0.3,Clumped-Poisson,5,3,Randomly placed,10.137428571428572,0,0,0,0,0,true,4.5,0,417,430,39,62,329,145,11,24,110,4.519999999999977,537,79,53,13,0,NA,32.079646017699275,0,0,
4778,0.5,timed-search,7,3500,368,528,2604,0.3,0.3,0.3,Clumped-Poisson,5,3,Randomly placed,6.852285714285714,0,0,0,0,0,true,4.5,0,409,432,39,65,328,136,10,26,100,4.519999999999978,538,47,74,15,0,NA,30.088495575221383,0,0,
4774,0.5,timed-search,7,3500,341,498,2661,0.3,0.3,0.3,Clumped-Poisson,5,3,Randomly placed,9.860857142857142,0,0,0,0,0,true,4.5,0,407,782,91,106,585,286,35,39,212,4.5162499999999755,536,103,106,77,0,NA,63.32687517298678,0,0,
4781,0.5,timed-search,7,3500,324,510,2666,0.3,0.3,0.3,Clumped-Poisson,5,3,Randomly placed,10.392285714285714,0,0,0,0,0,true,4.5,0,376,1491,151,215,1125,597,63,83,451,4.521874999999996,538,152,353,92,0,NA,132.0248790601245,0,0,
4780,0.5,timed-search,7,3500,373,494,2633,0.3,0.3,0.3,Clumped-Poisson,5,3,Randomly placed,9.955714285714285,0,0,0,0,0,true,4.5,0,393,1159,128,174,857,437,45,71,321,4.504374999999997,537,110,217,110,0,NA,97.01678923269051,0,0,
4779,0.5,timed-search,7,3500,335,502,2663,0.3,0.3,0.3,Clumped-Poisson,5,3,Randomly placed,14.956857142857142,0,0,0,0,0,true,4.5,0,378,698,64,87,547,263,20,37,206,4.512499999999981,537,153,93,17,0,NA,58.282548476454544,0,0,
4782,0.5,timed-search,7,3500,361,529,2610,0.3,0.3,0.3,Clumped-Poisson,5,3,Randomly placed,9.915714285714285,0,0,0,0,0,true,4.5,0,411,722,74,119,529,244,28,41,175,4.505624999999976,536,110,88,46,0,NA,54.15452906089639,0,0,
4786,0.5,timed-search,7,3500,349,529,2622,0.3,0.3,0.3,Clumped-Poisson,5,3,Randomly placed,6.832285714285715,0,0,0,0,0,true,4.5,0,419,933,85,129,719,322,25,43,254,4.523124999999987,539,74,121,127,0,NA,71.18971949702936,0,0,
4783,0.5,timed-search,7,3500,364,524,2612,0.3,0.3,0.3,Clumped-Poisson,5,3,Randomly placed,12.392285714285714,0,0,0,0,0,true,4.5,0,402,870,103,124,643,345,36,49,260,4.507499999999997,537,117,76,152,0,NA,76.53910149750422,0,0,
4785,0.5,timed-search,7,3500,316,527,2657,0.3,0.3,0.3,Clumped-Poisson,5,3,Randomly placed,10.591714285714286,0,0,0,0,0,true,4.5,0,400,1269,121,187,961,510,43,77,390,4.50062499999996,533,173,54,283,0,NA,113.31759477850399,0,0,
4787,0.5,timed-search,7,3500,332,499,2669,0.3,0.3,0.3,Clumped-Poisson,5,3,Randomly placed,8.221428571428572,0,0,0,0,0,true,4.5,0,393,1009,92,142,775,383,39,51,293,4.511249999999977,537,121,126,136,0,NA,84.89886395123345,0,0,
4784,0.5,timed-search,7,3500,343,538,2619,0.3,0.3,0.3,Clumped-Poisson,5,3,Randomly placed,11.501428571428573,0,0,0,0,0,true,4.5,0,440,1402,140,220,1042,540,58,88,394,4.5087499999999965,538,305,69,166,0,NA,119.76711948988088,0,0,
4791,0.5,timed-search,7,3500,382,520,2598,0.3,0.3,0.3,Clumped-Poisson,5,3,Randomly placed,9.444285714285714,0,0,0,0,0,true,4.5,0,379,1228,149,186,893,488,61,72,355,4.5087499999999645,535,98,179,211,0,NA,108.23398946493016,0,0,
4790,0.5,timed-search,7,3500,374,488,2638,0.3,0.3,0.3,Clumped-Poisson,5,3,Randomly placed,10.315714285714284,0,0,0,0,0,true,4.5,0,410,515,58,75,382,178,18,26,134,4.501249999999962,533,68,67,43,0,NA,39.54457095251353,0,0,
4789,0.5,timed-search,7,3500,350,528,2622,0.3,0.3,0.3,Clumped-Poisson,5,3,Randomly placed,11.024285714285714,0,0,0,0,0,true,4.5,0,411,624,68,83,473,239,27,33,179,4.504374999999988,537,65,167,7,0,NA,53.059525461357154,0,0,
4788,0.5,timed-search,7,3500,363,530,2607,0.3,0.3,0.3,Clumped-Poisson,5,3,Randomly placed,8.488857142857142,0,0,0,0,0,true,4.5,0,422,978,111,136,731,336,37,35,264,4.5149999999999775,537,95,137,104,0,NA,74.41860465116316,0,0,
4794,0.5,timed-search,7,3500,361,521,2618,0.3,0.3,0.3,Clumped-Poisson,5,3,Randomly placed,8.706,0,0,0,0,0,true,4.5,0,362,663,74,98,491,300,38,41,221,4.503749999999971,535,113,83,104,0,NA,66.61115736885972,0,0,
4795,0.5,timed-search,7,3500,334,535,2631,0.3,0.3,0.3,Clumped-Poisson,5,3,Randomly placed,13.569999999999999,0,0,0,0,0,true,4.5,0,423,1261,124,203,934,421,39,68,314,4.51249999999996,534,80,155,186,0,NA,93.29639889196758,0,0,
4793,0.5,timed-search,7,3500,353,500,2647,0.3,0.3,0.3,Clumped-Poisson,5,3,Randomly placed,9.019142857142857,0,0,0,0,0,true,4.5,0,400,171,20,23,128,64,7,10,47,4.5137499999999715,535,1,33,30,0,NA,14.178897812240466,0,0,
4798,0.5,timed-search,7,3500,389,525,2586,0.3,0.3,0.3,Clumped-Poisson,5,3,Randomly placed,5.924857142857142,0,0,0,0,0,true,4.5,0,386,635,71,86,478,261,22,40,199,4.517499999999992,537,62,92,107,0,NA,57.77531820697298,0,0,
4796,0.5,timed-search,7,3500,377,494,2629,0.3,0.3,0.3,Clumped-Poisson,5,3,Randomly placed,10.232857142857142,0,0,0,0,0,true,4.5,0,400,581,75,83,423,206,27,34,145,4.501249999999981,536,81,27,98,0,NA,45.76506525965029,0,0,
4792,0.5,timed-search,7,3500,347,496,2657,0.3,0.3,0.3,Clumped-Poisson,5,3,Randomly placed,18.627714285714287,0,0,0,0,0,true,4.5,0,364,806,102,118,586,267,29,45,193,4.523749999999988,539,14,55,198,0,NA,59.021829234595344,0,0,
4800,0.5,timed-search,7,3500,338,481,2681,0.3,0.3,0.3,Clumped-Poisson,5,3,Randomly placed,8.449428571428571,0,0,0,0,0,true,4.5,0,404,688,53,86,549,242,14,36,192,4.518749999999972,537,36,89,117,0,NA,53.55463347164625,0,0,
4799,0.5,timed-search,7,3500,342,544,2614,0.3,0.3,0.3,Clumped-Poisson,5,3,Randomly placed,7.642,0,0,0,0,0,true,4.5,0,398,590,52,99,439,206,19,35,152,4.5199999999999845,538,66,73,67,0,NA,45.57522123893821,0,0,
4797,0.5,timed-search,7,3500,360,543,2597,0.3,0.3,0.3,Clumped-Poisson,5,3,Randomly placed,13.214,0,0,0,0,0,true,4.5,0,412,1385,149,224,1012,521,52,79,390,4.516874999999959,535,147,181,193,0,NA,115.34523315345338,0,0,
