Rep,Quadrat Edge Length,Sampling Method,True Mussel Density,Total Mussels,Total Rare Mussels,Total Medium Mussels,Total Common Mussels,Detectability of Rare Mussels,Detectability of Medium-Rare Mussels,Detectability of Common Mussels,Spatial Distribution,Number of clumps,Poisson mean,Matern Clump Placement,Variance to Mean Ratio,SRS Num Quadrats,Number Transects,Number Quadrats Per Transect,ACS Num Quadrats,ACS Max Clusters,Timed Search variable Search mode,Timed Search max PH,Timed Search detect reduction,Total Quadrats Sampled,Total Mussels in Quadrats,Rare Mussels in Quadrats,Medium Rare Mussels in Quadrats,Common Mussels in Quadrats,Total Mussels Detected,Rare Mussels Detected,Medium Mussels Detected,Common Mussels Detected,Person Hours Searched,Sum of Quadrats per Surveyor,Mussels detected by Surveyor 1,Mussels detected by Surveyor 2,Mussels detected by Surveyor 3,Estimated Density,Sample CV,Mussels Per Person Hour,HH metric,HH Variance,
1,0.5,simple-random-sample,0.01,5,0,2,3,1,1,1,random,0,0,Randomly placed,0.9975000000000369,45,0,0,0,0,true,0,0,45,0,0,0,0,0,0,0,0,0.375,0,0,0,0,0,NA,0,0,0,
11,0.5,simple-random-sample,0.01,5,0,3,2,1,1,1,random,0,0,Randomly placed,0.9975000000000632,45,0,0,0,0,true,0,0,45,1,0,1,0,1,0,1,0,0.375,0,0,0,0,0.08888888888888889,6.70820393249937,0,0,0,
7,0.5,simple-random-sample,0.01,5,1,0,4,1,1,1,random,0,0,Randomly placed,0.997500000000058,45,0,0,0,0,true,0,0,45,0,0,0,0,0,0,0,0,0.375,0,0,0,0,0,NA,0,0,0,
10,0.5,simple-random-sample,0.01,5,0,0,5,1,1,1,random,0,0,Randomly placed,0.997500000000032,45,0,0,0,0,true,0,0,45,0,0,0,0,0,0,0,0,0.375,0,0,0,0,0,NA,0,0,0,
13,0.5,simple-random-sample,0.01,5,0,2,3,1,1,1,random,0,0,Randomly placed,0.9975000000000556,45,0,0,0,0,true,0,0,45,0,0,0,0,0,0,0,0,0.375,0,0,0,0,0,NA,0,0,0,
4,0.5,simple-random-sample,0.01,5,0,1,4,1,1,1,random,0,0,Randomly placed,0.9975000000000583,45,0,0,0,0,true,0,0,45,0,0,0,0,0,0,0,0,0.375,0,0,0,0,0,NA,0,0,0,
16,0.5,simple-random-sample,0.01,5,0,2,3,1,1,1,random,0,0,Randomly placed,0.9975000000000419,45,0,0,0,0,true,0,0,45,0,0,0,0,0,0,0,0,0.375,0,0,0,0,0,NA,0,0,0,
3,0.5,simple-random-sample,0.01,5,0,0,5,1,1,1,random,0,0,Randomly placed,0.9975000000000123,45,0,0,0,0,true,0,0,45,0,0,0,0,0,0,0,0,0.375,0,0,0,0,0,NA,0,0,0,
8,0.5,simple-random-sample,0.01,5,1,2,2,1,1,1,random,0,0,Randomly placed,0.9975000000000247,45,0,0,0,0,true,0,0,45,0,0,0,0,0,0,0,0,0.375,0,0,0,0,0,NA,0,0,0,
2,0.5,simple-random-sample,0.01,5,1,0,4,1,1,1,random,0,0,Randomly placed,0.997500000000061,45,0,0,0,0,true,0,0,45,0,0,0,0,0,0,0,0,0.375,0,0,0,0,0,NA,0,0,0,
14,0.5,simple-random-sample,0.01,5,0,1,4,1,1,1,random,0,0,Randomly placed,0.9975000000000382,45,0,0,0,0,true,0,0,45,0,0,0,0,0,0,0,0,0.375,0,0,0,0,0,NA,0,0,0,
9,0.5,simple-random-sample,0.01,5,0,0,5,1,1,1,random,0,0,Randomly placed,0.9975000000000152,45,0,0,0,0,true,0,0,45,1,0,0,1,1,0,0,1,0.375,0,0,0,0,0.08888888888888889,6.708203932499369,0,0,0,
15,0.5,simple-random-sample,0.01,5,1,0,4,1,1,1,random,0,0,Randomly placed,0.9975000000000237,45,0,0,0,0,true,0,0,45,0,0,0,0,0,0,0,0,0.375,0,0,0,0,0,NA,0,0,0,
6,0.5,simple-random-sample,0.01,5,0,1,4,1,1,1,random,0,0,Randomly placed,0.997500000000058,45,0,0,0,0,true,0,0,45,0,0,0,0,0,0,0,0,0.375,0,0,0,0,0,NA,0,0,0,
5,0.5,simple-random-sample,0.01,5,1,0,4,1,1,1,random,0,0,Randomly placed,0.9975000000000221,45,0,0,0,0,true,0,0,45,0,0,0,0,0,0,0,0,0.375,0,0,0,0,0,NA,0,0,0,
12,0.5,simple-random-sample,0.01,5,1,0,4,1,1,1,random,0,0,Randomly placed,0.9975000000000144,45,0,0,0,0,true,0,0,45,0,0,0,0,0,0,0,0,0.375,0,0,0,0,0,NA,0,0,0,
18,0.5,simple-random-sample,0.01,5,0,2,3,1,1,1,random,0,0,Randomly placed,0.9975000000000414,45,0,0,0,0,true,0,0,45,0,0,0,0,0,0,0,0,0.375,0,0,0,0,0,NA,0,0,0,
22,0.5,simple-random-sample,0.01,5,0,1,4,1,1,1,random,0,0,Randomly placed,0.9975000000000332,45,0,0,0,0,true,0,0,45,0,0,0,0,0,0,0,0,0.375,0,0,0,0,0,NA,0,0,0,
25,0.5,simple-random-sample,0.01,5,0,1,4,1,1,1,random,0,0,Randomly placed,0.9975000000000447,45,0,0,0,0,true,0,0,45,0,0,0,0,0,0,0,0,0.375,0,0,0,0,0,NA,0,0,0,
19,0.5,simple-random-sample,0.01,5,1,1,3,1,1,1,random,0,0,Randomly placed,0.9975000000000358,45,0,0,0,0,true,0,0,45,0,0,0,0,0,0,0,0,0.375,0,0,0,0,0,NA,0,0,0,
31,0.5,simple-random-sample,0.01,5,0,0,5,1,1,1,random,0,0,Randomly placed,0.99750000000002,45,0,0,0,0,true,0,0,45,0,0,0,0,0,0,0,0,0.375,0,0,0,0,0,NA,0,0,0,
20,0.5,simple-random-sample,0.01,5,0,0,5,1,1,1,random,0,0,Randomly placed,0.9975000000000533,45,0,0,0,0,true,0,0,45,0,0,0,0,0,0,0,0,0.375,0,0,0,0,0,NA,0,0,0,
24,0.5,simple-random-sample,0.01,5,0,0,5,1,1,1,random,0,0,Randomly placed,0.9975000000000459,45,0,0,0,0,true,0,0,45,0,0,0,0,0,0,0,0,0.375,0,0,0,0,0,NA,0,0,0,
27,0.5,simple-random-sample,0.01,5,0,2,3,1,1,1,random,0,0,Randomly placed,0.9975000000000358,45,0,0,0,0,true,0,0,45,0,0,0,0,0,0,0,0,0.375,0,0,0,0,0,NA,0,0,0,
29,0.5,simple-random-sample,0.01,5,0,1,4,1,1,1,random,0,0,Randomly placed,0.9975000000000601,45,0,0,0,0,true,0,0,45,0,0,0,0,0,0,0,0,0.375,0,0,0,0,0,NA,0,0,0,
23,0.5,simple-random-sample,0.01,5,0,1,4,1,1,1,random,0,0,Randomly placed,0.99750000000002,45,0,0,0,0,true,0,0,45,0,0,0,0,0,0,0,0,0.375,0,0,0,0,0,NA,0,0,0,
26,0.5,simple-random-sample,0.01,5,0,0,5,1,1,1,random,0,0,Randomly placed,0.9975000000000619,45,0,0,0,0,true,0,0,45,1,0,0,1,1,0,0,1,0.375,0,0,0,0,0.08888888888888889,6.70820393249937,0,0,0,
32,0.5,simple-random-sample,0.01,5,1,0,4,1,1,1,random,0,0,Randomly placed,0.997500000000019,45,0,0,0,0,true,0,0,45,0,0,0,0,0,0,0,0,0.375,0,0,0,0,0,NA,0,0,0,
30,0.5,simple-random-sample,0.01,5,0,0,5,1,1,1,random,0,0,Randomly placed,0.9975000000000235,45,0,0,0,0,true,0,0,45,0,0,0,0,0,0,0,0,0.375,0,0,0,0,0,NA,0,0,0,
28,0.5,simple-random-sample,0.01,5,0,0,5,1,1,1,random,0,0,Randomly placed,0.997500000000037,45,0,0,0,0,true,0,0,45,0,0,0,0,0,0,0,0,0.375,0,0,0,0,0,NA,0,0,0,
17,0.5,simple-random-sample,0.01,5,1,0,4,1,1,1,random,0,0,Randomly placed,0.9975000000000163,45,0,0,0,0,true,0,0,45,0,0,0,0,0,0,0,0,0.375,0,0,0,0,0,NA,0,0,0,
33,0.5,simple-random-sample,0.01,5,1,0,4,1,1,1,random,0,0,Randomly placed,0.9975000000000527,45,0,0,0,0,true,0,0,45,0,0,0,0,0,0,0,0,0.375,0,0,0,0,0,NA,0,0,0,
35,0.5,simple-random-sample,0.01,5,3,0,2,1,1,1,random,0,0,Randomly placed,0.9975000000000278,45,0,0,0,0,true,0,0,45,0,0,0,0,0,0,0,0,0.375,0,0,0,0,0,NA,0,0,0,
21,0.5,simple-random-sample,0.01,5,1,1,3,1,1,1,random,0,0,Randomly placed,0.9975000000000145,45,0,0,0,0,true,0,0,45,0,0,0,0,0,0,0,0,0.375,0,0,0,0,0,NA,0,0,0,
34,0.5,simple-random-sample,0.01,5,0,1,4,1,1,1,random,0,0,Randomly placed,0.9975000000000289,45,0,0,0,0,true,0,0,45,0,0,0,0,0,0,0,0,0.375,0,0,0,0,0,NA,0,0,0,
37,0.5,simple-random-sample,0.01,5,1,0,4,1,1,1,random,0,0,Randomly placed,0.9975000000000438,45,0,0,0,0,true,0,0,45,0,0,0,0,0,0,0,0,0.375,0,0,0,0,0,NA,0,0,0,
39,0.5,simple-random-sample,0.01,5,0,2,3,1,1,1,random,0,0,Randomly placed,0.997500000000058,45,0,0,0,0,true,0,0,45,0,0,0,0,0,0,0,0,0.375,0,0,0,0,0,NA,0,0,0,
38,0.5,simple-random-sample,0.01,5,0,1,4,1,1,1,random,0,0,Randomly placed,0.9975000000000169,45,0,0,0,0,true,0,0,45,0,0,0,0,0,0,0,0,0.375,0,0,0,0,0,NA,0,0,0,
36,0.5,simple-random-sample,0.01,5,0,1,4,1,1,1,random,0,0,Randomly placed,0.9975000000000369,45,0,0,0,0,true,0,0,45,0,0,0,0,0,0,0,0,0.375,0,0,0,0,0,NA,0,0,0,
40,0.5,simple-random-sample,0.01,5,0,0,5,1,1,1,random,0,0,Randomly placed,0.9975000000000258,45,0,0,0,0,true,0,0,45,0,0,0,0,0,0,0,0,0.375,0,0,0,0,0,NA,0,0,0,
43,0.5,simple-random-sample,0.01,5,2,1,2,1,1,1,random,0,0,Randomly placed,0.9975000000000215,45,0,0,0,0,true,0,0,45,0,0,0,0,0,0,0,0,0.375,0,0,0,0,0,NA,0,0,0,
42,0.5,simple-random-sample,0.01,5,0,1,4,1,1,1,random,0,0,Randomly placed,0.9975000000000457,45,0,0,0,0,true,0,0,45,0,0,0,0,0,0,0,0,0.375,0,0,0,0,0,NA,0,0,0,
41,0.5,simple-random-sample,0.01,5,1,1,3,1,1,1,random,0,0,Randomly placed,0.997500000000012,45,0,0,0,0,true,0,0,45,0,0,0,0,0,0,0,0,0.375,0,0,0,0,0,NA,0,0,0,
44,0.5,simple-random-sample,0.01,5,0,3,2,1,1,1,random,0,0,Randomly placed,0.997500000000023,45,0,0,0,0,true,0,0,45,0,0,0,0,0,0,0,0,0.375,0,0,0,0,0,NA,0,0,0,
45,0.5,simple-random-sample,0.01,5,0,1,4,1,1,1,random,0,0,Randomly placed,0.9975000000000187,45,0,0,0,0,true,0,0,45,0,0,0,0,0,0,0,0,0.375,0,0,0,0,0,NA,0,0,0,
48,0.5,simple-random-sample,0.01,5,0,1,4,1,1,1,random,0,0,Randomly placed,0.9975000000000124,45,0,0,0,0,true,0,0,45,0,0,0,0,0,0,0,0,0.375,0,0,0,0,0,NA,0,0,0,
52,0.5,simple-random-sample,0.01,5,0,1,4,1,1,1,random,0,0,Randomly placed,0.9975000000000338,45,0,0,0,0,true,0,0,45,0,0,0,0,0,0,0,0,0.375,0,0,0,0,0,NA,0,0,0,
51,0.5,simple-random-sample,0.01,5,1,0,4,1,1,1,random,0,0,Randomly placed,0.997500000000041,45,0,0,0,0,true,0,0,45,0,0,0,0,0,0,0,0,0.375,0,0,0,0,0,NA,0,0,0,
58,0.5,simple-random-sample,0.01,5,0,0,5,1,1,1,random,0,0,Randomly placed,0.99750000000002,45,0,0,0,0,true,0,0,45,0,0,0,0,0,0,0,0,0.375,0,0,0,0,0,NA,0,0,0,
54,0.5,simple-random-sample,0.01,5,0,1,4,1,1,1,random,0,0,Randomly placed,0.9975000000000147,45,0,0,0,0,true,0,0,45,0,0,0,0,0,0,0,0,0.375,0,0,0,0,0,NA,0,0,0,
49,0.5,simple-random-sample,0.01,5,0,2,3,1,1,1,random,0,0,Randomly placed,0.9975000000000438,45,0,0,0,0,true,0,0,45,1,0,0,1,1,0,0,1,0.375,0,0,0,0,0.08888888888888889,6.708203932499369,0,0,0,
60,0.5,simple-random-sample,0.01,5,1,1,3,1,1,1,random,0,0,Randomly placed,0.9975000000000445,45,0,0,0,0,true,0,0,45,0,0,0,0,0,0,0,0,0.375,0,0,0,0,0,NA,0,0,0,
57,0.5,simple-random-sample,0.01,5,0,1,4,1,1,1,random,0,0,Randomly placed,0.9975000000000539,45,0,0,0,0,true,0,0,45,1,0,0,1,1,0,0,1,0.375,0,0,0,0,0.08888888888888889,6.70820393249937,0,0,0,
46,0.5,simple-random-sample,0.01,5,1,1,3,1,1,1,random,0,0,Randomly placed,0.9975000000000727,45,0,0,0,0,true,0,0,45,0,0,0,0,0,0,0,0,0.375,0,0,0,0,0,NA,0,0,0,
63,0.5,simple-random-sample,0.01,5,2,2,1,1,1,1,random,0,0,Randomly placed,0.9975000000000391,45,0,0,0,0,true,0,0,45,0,0,0,0,0,0,0,0,0.375,0,0,0,0,0,NA,0,0,0,
53,0.5,simple-random-sample,0.01,5,0,1,4,1,1,1,random,0,0,Randomly placed,0.9975000000000305,45,0,0,0,0,true,0,0,45,0,0,0,0,0,0,0,0,0.375,0,0,0,0,0,NA,0,0,0,
56,0.5,simple-random-sample,0.01,5,0,0,5,1,1,1,random,0,0,Randomly placed,0.9975000000000364,45,0,0,0,0,true,0,0,45,0,0,0,0,0,0,0,0,0.375,0,0,0,0,0,NA,0,0,0,
47,0.5,simple-random-sample,0.01,5,0,1,4,1,1,1,random,0,0,Randomly placed,0.9975000000000219,45,0,0,0,0,true,0,0,45,0,0,0,0,0,0,0,0,0.375,0,0,0,0,0,NA,0,0,0,
59,0.5,simple-random-sample,0.01,5,1,1,3,1,1,1,random,0,0,Randomly placed,0.9975000000000381,45,0,0,0,0,true,0,0,45,0,0,0,0,0,0,0,0,0.375,0,0,0,0,0,NA,0,0,0,
66,0.5,simple-random-sample,0.01,5,1,0,4,1,1,1,random,0,0,Randomly placed,0.9975000000000497,45,0,0,0,0,true,0,0,45,0,0,0,0,0,0,0,0,0.375,0,0,0,0,0,NA,0,0,0,
64,0.5,simple-random-sample,0.01,5,0,0,5,1,1,1,random,0,0,Randomly placed,0.9975000000000539,45,0,0,0,0,true,0,0,45,0,0,0,0,0,0,0,0,0.375,0,0,0,0,0,NA,0,0,0,
65,0.5,simple-random-sample,0.01,5,0,1,4,1,1,1,random,0,0,Randomly placed,0.9975000000000367,45,0,0,0,0,true,0,0,45,0,0,0,0,0,0,0,0,0.375,0,0,0,0,0,NA,0,0,0,
68,0.5,simple-random-sample,0.01,5,0,0,5,1,1,1,random,0,0,Randomly placed,0.997500000000066,45,0,0,0,0,true,0,0,45,0,0,0,0,0,0,0,0,0.375,0,0,0,0,0,NA,0,0,0,
50,0.5,simple-random-sample,0.01,5,1,1,3,1,1,1,random,0,0,Randomly placed,0.9975000000000502,45,0,0,0,0,true,0,0,45,0,0,0,0,0,0,0,0,0.375,0,0,0,0,0,NA,0,0,0,
61,0.5,simple-random-sample,0.01,5,0,0,5,1,1,1,random,0,0,Randomly placed,0.997500000000029,45,0,0,0,0,true,0,0,45,0,0,0,0,0,0,0,0,0.375,0,0,0,0,0,NA,0,0,0,
67,0.5,simple-random-sample,0.01,5,2,0,3,1,1,1,random,0,0,Randomly placed,0.9975000000000489,45,0,0,0,0,true,0,0,45,0,0,0,0,0,0,0,0,0.375,0,0,0,0,0,NA,0,0,0,
69,0.5,simple-random-sample,0.01,5,0,2,3,1,1,1,random,0,0,Randomly placed,0.9975000000000441,45,0,0,0,0,true,0,0,45,0,0,0,0,0,0,0,0,0.375,0,0,0,0,0,NA,0,0,0,
70,0.5,simple-random-sample,0.01,5,1,0,4,1,1,1,random,0,0,Randomly placed,0.9975000000000653,45,0,0,0,0,true,0,0,45,0,0,0,0,0,0,0,0,0.375,0,0,0,0,0,NA,0,0,0,
71,0.5,simple-random-sample,0.01,5,2,0,3,1,1,1,random,0,0,Randomly placed,0.997500000000024,45,0,0,0,0,true,0,0,45,0,0,0,0,0,0,0,0,0.375,0,0,0,0,0,NA,0,0,0,
79,0.5,simple-random-sample,0.01,5,0,0,5,1,1,1,random,0,0,Randomly placed,0.9975000000000719,45,0,0,0,0,true,0,0,45,0,0,0,0,0,0,0,0,0.375,0,0,0,0,0,NA,0,0,0,
72,0.5,simple-random-sample,0.01,5,1,0,4,1,1,1,random,0,0,Randomly placed,0.9975000000000341,45,0,0,0,0,true,0,0,45,0,0,0,0,0,0,0,0,0.375,0,0,0,0,0,NA,0,0,0,
76,0.5,simple-random-sample,0.01,5,0,0,5,1,1,1,random,0,0,Randomly placed,0.9975000000000435,45,0,0,0,0,true,0,0,45,0,0,0,0,0,0,0,0,0.375,0,0,0,0,0,NA,0,0,0,
77,0.5,simple-random-sample,0.01,5,0,1,4,1,1,1,random,0,0,Randomly placed,0.9975000000000395,45,0,0,0,0,true,0,0,45,0,0,0,0,0,0,0,0,0.375,0,0,0,0,0,NA,0,0,0,
80,0.5,simple-random-sample,0.01,5,0,0,5,1,1,1,random,0,0,Randomly placed,0.9975000000000379,45,0,0,0,0,true,0,0,45,0,0,0,0,0,0,0,0,0.375,0,0,0,0,0,NA,0,0,0,
73,0.5,simple-random-sample,0.01,5,0,3,2,1,1,1,random,0,0,Randomly placed,0.997500000000052,45,0,0,0,0,true,0,0,45,0,0,0,0,0,0,0,0,0.375,0,0,0,0,0,NA,0,0,0,
62,0.5,simple-random-sample,0.01,5,1,0,4,1,1,1,random,0,0,Randomly placed,0.9975000000000293,45,0,0,0,0,true,0,0,45,0,0,0,0,0,0,0,0,0.375,0,0,0,0,0,NA,0,0,0,
81,0.5,simple-random-sample,0.01,5,1,1,3,1,1,1,random,0,0,Randomly placed,0.9975000000000471,45,0,0,0,0,true,0,0,45,1,0,0,1,1,0,0,1,0.375,0,0,0,0,0.08888888888888889,6.708203932499369,0,0,0,
78,0.5,simple-random-sample,0.01,5,0,1,4,1,1,1,random,0,0,Randomly placed,0.9975000000000525,45,0,0,0,0,true,0,0,45,0,0,0,0,0,0,0,0,0.375,0,0,0,0,0,NA,0,0,0,
82,0.5,simple-random-sample,0.01,5,1,0,4,1,1,1,random,0,0,Randomly placed,0.9975000000000244,45,0,0,0,0,true,0,0,45,0,0,0,0,0,0,0,0,0.375,0,0,0,0,0,NA,0,0,0,
55,0.5,simple-random-sample,0.01,5,2,0,3,1,1,1,random,0,0,Randomly placed,0.9975000000000366,45,0,0,0,0,true,0,0,45,0,0,0,0,0,0,0,0,0.375,0,0,0,0,0,NA,0,0,0,
83,0.5,simple-random-sample,0.01,5,0,2,3,1,1,1,random,0,0,Randomly placed,0.9975000000000471,45,0,0,0,0,true,0,0,45,0,0,0,0,0,0,0,0,0.375,0,0,0,0,0,NA,0,0,0,
74,0.5,simple-random-sample,0.01,5,0,0,5,1,1,1,random,0,0,Randomly placed,0.9975000000000119,45,0,0,0,0,true,0,0,45,0,0,0,0,0,0,0,0,0.375,0,0,0,0,0,NA,0,0,0,
85,0.5,simple-random-sample,0.01,5,0,0,5,1,1,1,random,0,0,Randomly placed,0.9975000000000391,45,0,0,0,0,true,0,0,45,0,0,0,0,0,0,0,0,0.375,0,0,0,0,0,NA,0,0,0,
84,0.5,simple-random-sample,0.01,5,2,0,3,1,1,1,random,0,0,Randomly placed,0.9975000000000472,45,0,0,0,0,true,0,0,45,0,0,0,0,0,0,0,0,0.375,0,0,0,0,0,NA,0,0,0,
86,0.5,simple-random-sample,0.01,5,1,1,3,1,1,1,random,0,0,Randomly placed,0.9975000000000301,45,0,0,0,0,true,0,0,45,0,0,0,0,0,0,0,0,0.375,0,0,0,0,0,NA,0,0,0,
75,0.5,simple-random-sample,0.01,5,0,0,5,1,1,1,random,0,0,Randomly placed,0.9975000000000617,45,0,0,0,0,true,0,0,45,0,0,0,0,0,0,0,0,0.375,0,0,0,0,0,NA,0,0,0,
87,0.5,simple-random-sample,0.01,5,1,0,4,1,1,1,random,0,0,Randomly placed,0.9975000000000329,45,0,0,0,0,true,0,0,45,0,0,0,0,0,0,0,0,0.375,0,0,0,0,0,NA,0,0,0,
93,0.5,simple-random-sample,0.01,5,0,1,4,1,1,1,random,0,0,Randomly placed,0.9975000000000203,45,0,0,0,0,true,0,0,45,0,0,0,0,0,0,0,0,0.375,0,0,0,0,0,NA,0,0,0,
92,0.5,simple-random-sample,0.01,5,1,0,4,1,1,1,random,0,0,Randomly placed,0.9975000000000425,45,0,0,0,0,true,0,0,45,0,0,0,0,0,0,0,0,0.375,0,0,0,0,0,NA,0,0,0,
88,0.5,simple-random-sample,0.01,5,2,1,2,1,1,1,random,0,0,Randomly placed,0.9975000000000419,45,0,0,0,0,true,0,0,45,1,0,0,1,1,0,0,1,0.375,0,0,0,0,0.08888888888888889,6.708203932499369,0,0,0,
100,0.5,simple-random-sample,0.01,5,0,2,3,1,1,1,random,0,0,Randomly placed,0.9975000000000303,45,0,0,0,0,true,0,0,45,0,0,0,0,0,0,0,0,0.375,0,0,0,0,0,NA,0,0,0,
90,0.5,simple-random-sample,0.01,5,0,2,3,1,1,1,random,0,0,Randomly placed,0.9975000000000286,45,0,0,0,0,true,0,0,45,0,0,0,0,0,0,0,0,0.375,0,0,0,0,0,NA,0,0,0,
99,0.5,simple-random-sample,0.01,5,0,0,5,1,1,1,random,0,0,Randomly placed,0.9975000000000385,45,0,0,0,0,true,0,0,45,1,0,0,1,1,0,0,1,0.375,0,0,0,0,0.08888888888888889,6.70820393249937,0,0,0,
95,0.5,simple-random-sample,0.01,5,0,0,5,1,1,1,random,0,0,Randomly placed,0.9975000000000138,45,0,0,0,0,true,0,0,45,0,0,0,0,0,0,0,0,0.375,0,0,0,0,0,NA,0,0,0,
89,0.5,simple-random-sample,0.01,5,2,1,2,1,1,1,random,0,0,Randomly placed,0.9975000000000452,45,0,0,0,0,true,0,0,45,0,0,0,0,0,0,0,0,0.375,0,0,0,0,0,NA,0,0,0,
98,0.5,simple-random-sample,0.01,5,0,2,3,1,1,1,random,0,0,Randomly placed,0.997500000000054,45,0,0,0,0,true,0,0,45,0,0,0,0,0,0,0,0,0.375,0,0,0,0,0,NA,0,0,0,
103,0.5,simple-random-sample,0.1,50,6,10,34,1,1,1,random,0,0,Randomly placed,0.9749999999999871,45,0,0,0,0,true,0,0,45,1,0,0,1,1,0,0,1,0.375,0,0,0,0,0.08888888888888889,6.70820393249937,0,0,0,
94,0.5,simple-random-sample,0.01,5,0,0,5,1,1,1,random,0,0,Randomly placed,0.9975000000000449,45,0,0,0,0,true,0,0,45,0,0,0,0,0,0,0,0,0.375,0,0,0,0,0,NA,0,0,0,
105,0.5,simple-random-sample,0.1,50,4,8,38,1,1,1,random,0,0,Randomly placed,1.014999999999983,45,0,0,0,0,true,0,0,45,2,0,0,2,2,0,0,2,0.375,0,0,0,0,0.17777777777777778,4.689204235649835,0,0,0,
109,0.5,simple-random-sample,0.1,50,1,7,42,1,1,1,random,0,0,Randomly placed,0.9749999999999849,45,0,0,0,0,true,0,0,45,1,0,0,1,1,0,0,1,0.375,0,0,0,0,0.08888888888888889,6.708203932499369,0,0,0,
107,0.5,simple-random-sample,0.1,50,4,7,39,1,1,1,random,0,0,Randomly placed,1.014999999999981,45,0,0,0,0,true,0,0,45,1,0,0,1,1,0,0,1,0.375,0,0,0,0,0.08888888888888889,6.70820393249937,0,0,0,
101,0.5,simple-random-sample,0.1,50,9,7,34,1,1,1,random,0,0,Randomly placed,0.9749999999999849,45,0,0,0,0,true,0,0,45,4,0,2,2,4,0,2,2,0.375,0,0,0,0,0.35555555555555557,3.237739110159209,0,0,0,
106,0.5,simple-random-sample,0.1,50,6,6,38,1,1,1,random,0,0,Randomly placed,0.9749999999999817,45,0,0,0,0,true,0,0,45,1,1,0,0,1,1,0,0,0.375,0,0,0,0,0.08888888888888889,6.708203932499369,0,0,0,
96,0.5,simple-random-sample,0.01,5,0,1,4,1,1,1,random,0,0,Randomly placed,0.9975000000000163,45,0,0,0,0,true,0,0,45,0,0,0,0,0,0,0,0,0.375,0,0,0,0,0,NA,0,0,0,
91,0.5,simple-random-sample,0.01,5,0,1,4,1,1,1,random,0,0,Randomly placed,0.9975000000000461,45,0,0,0,0,true,0,0,45,0,0,0,0,0,0,0,0,0.375,0,0,0,0,0,NA,0,0,0,
97,0.5,simple-random-sample,0.01,5,0,0,5,1,1,1,random,0,0,Randomly placed,0.9975000000000556,45,0,0,0,0,true,0,0,45,0,0,0,0,0,0,0,0,0.375,0,0,0,0,0,NA,0,0,0,
104,0.5,simple-random-sample,0.1,50,5,14,31,1,1,1,random,0,0,Randomly placed,1.0149999999999837,45,0,0,0,0,true,0,0,45,2,0,0,2,2,0,0,2,0.375,0,0,0,0,0.17777777777777778,4.689204235649836,0,0,0,
108,0.5,simple-random-sample,0.1,50,5,5,40,1,1,1,random,0,0,Randomly placed,1.0149999999999801,45,0,0,0,0,true,0,0,45,2,0,0,2,2,0,0,2,0.375,0,0,0,0,0.17777777777777778,4.689204235649837,0,0,0,
116,0.5,simple-random-sample,0.1,50,3,7,40,1,1,1,random,0,0,Randomly placed,0.9749999999999814,45,0,0,0,0,true,0,0,45,0,0,0,0,0,0,0,0,0.375,0,0,0,0,0,NA,0,0,0,
110,0.5,simple-random-sample,0.1,50,8,5,37,1,1,1,random,0,0,Randomly placed,1.014999999999984,45,0,0,0,0,true,0,0,45,1,0,0,1,1,0,0,1,0.375,0,0,0,0,0.08888888888888889,6.708203932499369,0,0,0,
102,0.5,simple-random-sample,0.1,50,5,10,35,1,1,1,random,0,0,Randomly placed,1.014999999999984,45,0,0,0,0,true,0,0,45,1,0,0,1,1,0,0,1,0.375,0,0,0,0,0.08888888888888889,6.70820393249937,0,0,0,
115,0.5,simple-random-sample,0.1,50,3,8,39,1,1,1,random,0,0,Randomly placed,1.014999999999984,45,0,0,0,0,true,0,0,45,1,0,0,1,1,0,0,1,0.375,0,0,0,0,0.08888888888888889,6.70820393249937,0,0,0,
111,0.5,simple-random-sample,0.1,50,4,5,41,1,1,1,random,0,0,Randomly placed,1.014999999999982,45,0,0,0,0,true,0,0,45,1,0,0,1,1,0,0,1,0.375,0,0,0,0,0.08888888888888889,6.70820393249937,0,0,0,
117,0.5,simple-random-sample,0.1,50,4,11,35,1,1,1,random,0,0,Randomly placed,0.9749999999999855,45,0,0,0,0,true,0,0,45,1,0,0,1,1,0,0,1,0.375,0,0,0,0,0.08888888888888889,6.708203932499369,0,0,0,
125,0.5,simple-random-sample,0.1,50,4,10,36,1,1,1,random,0,0,Randomly placed,1.0149999999999815,45,0,0,0,0,true,0,0,45,1,1,0,0,1,1,0,0,0.375,0,0,0,0,0.08888888888888889,6.70820393249937,0,0,0,
122,0.5,simple-random-sample,0.1,50,7,10,33,1,1,1,random,0,0,Randomly placed,1.0149999999999841,45,0,0,0,0,true,0,0,45,1,1,0,0,1,1,0,0,0.375,0,0,0,0,0.08888888888888889,6.708203932499369,0,0,0,
112,0.5,simple-random-sample,0.1,50,4,6,40,1,1,1,random,0,0,Randomly placed,0.9749999999999839,45,0,0,0,0,true,0,0,45,1,0,0,1,1,0,0,1,0.375,0,0,0,0,0.08888888888888889,6.708203932499369,0,0,0,
121,0.5,simple-random-sample,0.1,50,3,3,44,1,1,1,random,0,0,Randomly placed,0.9749999999999825,45,0,0,0,0,true,0,0,45,0,0,0,0,0,0,0,0,0.375,0,0,0,0,0,NA,0,0,0,
118,0.5,simple-random-sample,0.1,50,2,4,44,1,1,1,random,0,0,Randomly placed,1.0149999999999815,45,0,0,0,0,true,0,0,45,1,0,0,1,1,0,0,1,0.375,0,0,0,0,0.08888888888888889,6.70820393249937,0,0,0,
123,0.5,simple-random-sample,0.1,50,8,10,32,1,1,1,random,0,0,Randomly placed,0.9749999999999845,45,0,0,0,0,true,0,0,45,1,0,0,1,1,0,0,1,0.375,0,0,0,0,0.08888888888888889,6.70820393249937,0,0,0,
114,0.5,simple-random-sample,0.1,50,1,12,37,1,1,1,random,0,0,Randomly placed,0.9749999999999848,45,0,0,0,0,true,0,0,45,1,0,0,1,1,0,0,1,0.375,0,0,0,0,0.08888888888888889,6.70820393249937,0,0,0,
113,0.5,simple-random-sample,0.1,50,7,13,30,1,1,1,random,0,0,Randomly placed,1.0149999999999815,45,0,0,0,0,true,0,0,45,1,0,0,1,1,0,0,1,0.375,0,0,0,0,0.08888888888888889,6.70820393249937,0,0,0,
130,0.5,simple-random-sample,0.1,50,8,2,40,1,1,1,random,0,0,Randomly placed,0.9749999999999821,45,0,0,0,0,true,0,0,45,1,0,0,1,1,0,0,1,0.375,0,0,0,0,0.08888888888888889,6.70820393249937,0,0,0,
127,0.5,simple-random-sample,0.1,50,3,7,40,1,1,1,random,0,0,Randomly placed,0.9749999999999815,45,0,0,0,0,true,0,0,45,1,0,0,1,1,0,0,1,0.375,0,0,0,0,0.08888888888888889,6.70820393249937,0,0,0,
126,0.5,simple-random-sample,0.1,50,7,5,38,1,1,1,random,0,0,Randomly placed,0.974999999999986,45,0,0,0,0,true,0,0,45,0,0,0,0,0,0,0,0,0.375,0,0,0,0,0,NA,0,0,0,
120,0.5,simple-random-sample,0.1,50,4,3,43,1,1,1,random,0,0,Randomly placed,0.9749999999999805,45,0,0,0,0,true,0,0,45,1,0,0,1,1,0,0,1,0.375,0,0,0,0,0.08888888888888889,6.708203932499369,0,0,0,
124,0.5,simple-random-sample,0.1,50,7,8,35,1,1,1,random,0,0,Randomly placed,0.9749999999999839,45,0,0,0,0,true,0,0,45,1,0,1,0,1,0,1,0,0.375,0,0,0,0,0.08888888888888889,6.70820393249937,0,0,0,
131,0.5,simple-random-sample,0.1,50,5,7,38,1,1,1,random,0,0,Randomly placed,0.9749999999999804,45,0,0,0,0,true,0,0,45,2,0,0,2,2,0,0,2,0.375,0,0,0,0,0.17777777777777778,4.689204235649839,0,0,0,
119,0.5,simple-random-sample,0.1,50,7,5,38,1,1,1,random,0,0,Randomly placed,0.9749999999999845,45,0,0,0,0,true,0,0,45,1,0,0,1,1,0,0,1,0.375,0,0,0,0,0.08888888888888889,6.70820393249937,0,0,0,
129,0.5,simple-random-sample,0.1,50,4,9,37,1,1,1,random,0,0,Randomly placed,0.9749999999999815,45,0,0,0,0,true,0,0,45,6,1,1,4,6,1,1,4,0.375,0,0,0,0,0.5333333333333333,2.5783186910712326,0,0,0,
136,0.5,simple-random-sample,0.1,50,10,9,31,1,1,1,random,0,0,Randomly placed,0.974999999999981,45,0,0,0,0,true,0,0,45,2,1,0,1,2,1,0,1,0.375,0,0,0,0,0.17777777777777778,4.689204235649838,0,0,0,
135,0.5,simple-random-sample,0.1,50,2,14,34,1,1,1,random,0,0,Randomly placed,0.9749999999999827,45,0,0,0,0,true,0,0,45,3,0,1,2,3,0,1,2,0.375,0,0,0,0,0.26666666666666666,3.7839373433213477,0,0,0,
139,0.5,simple-random-sample,0.1,50,8,9,33,1,1,1,random,0,0,Randomly placed,0.9749999999999832,45,0,0,0,0,true,0,0,45,2,0,0,2,2,0,0,2,0.375,0,0,0,0,0.17777777777777778,4.689204235649835,0,0,0,
134,0.5,simple-random-sample,0.1,50,4,8,38,1,1,1,random,0,0,Randomly placed,0.9749999999999857,45,0,0,0,0,true,0,0,45,2,0,0,2,2,0,0,2,0.375,0,0,0,0,0.17777777777777778,4.689204235649837,0,0,0,
133,0.5,simple-random-sample,0.1,50,3,11,36,1,1,1,random,0,0,Randomly placed,1.0149999999999841,45,0,0,0,0,true,0,0,45,2,0,0,2,2,0,0,2,0.375,0,0,0,0,0.17777777777777778,4.689204235649835,0,0,0,
132,0.5,simple-random-sample,0.1,50,5,8,37,1,1,1,random,0,0,Randomly placed,1.014999999999982,45,0,0,0,0,true,0,0,45,2,0,0,2,2,0,0,2,0.375,0,0,0,0,0.17777777777777778,4.689204235649835,0,0,0,
138,0.5,simple-random-sample,0.1,50,8,10,32,1,1,1,random,0,0,Randomly placed,0.9749999999999812,45,0,0,0,0,true,0,0,45,1,0,0,1,1,0,0,1,0.375,0,0,0,0,0.08888888888888889,6.70820393249937,0,0,0,
137,0.5,simple-random-sample,0.1,50,2,4,44,1,1,1,random,0,0,Randomly placed,1.0149999999999832,45,0,0,0,0,true,0,0,45,1,0,1,0,1,0,1,0,0.375,0,0,0,0,0.08888888888888889,6.708203932499369,0,0,0,
128,0.5,simple-random-sample,0.1,50,5,6,39,1,1,1,random,0,0,Randomly placed,1.054999999999985,45,0,0,0,0,true,0,0,45,1,0,0,1,1,0,0,1,0.375,0,0,0,0,0.08888888888888889,6.708203932499369,0,0,0,
144,0.5,simple-random-sample,0.1,50,8,5,37,1,1,1,random,0,0,Randomly placed,1.054999999999982,45,0,0,0,0,true,0,0,45,1,0,0,1,1,0,0,1,0.375,0,0,0,0,0.08888888888888889,6.70820393249937,0,0,0,
141,0.5,simple-random-sample,0.1,50,5,6,39,1,1,1,random,0,0,Randomly placed,1.014999999999983,45,0,0,0,0,true,0,0,45,0,0,0,0,0,0,0,0,0.375,0,0,0,0,0,NA,0,0,0,
143,0.5,simple-random-sample,0.1,50,2,7,41,1,1,1,random,0,0,Randomly placed,0.9749999999999827,45,0,0,0,0,true,0,0,45,3,1,0,2,3,1,0,2,0.375,0,0,0,0,0.26666666666666666,3.7839373433213477,0,0,0,
142,0.5,simple-random-sample,0.1,50,8,11,31,1,1,1,random,0,0,Randomly placed,1.0149999999999844,45,0,0,0,0,true,0,0,45,1,0,0,1,1,0,0,1,0.375,0,0,0,0,0.08888888888888889,6.708203932499371,0,0,0,
148,0.5,simple-random-sample,0.1,50,5,7,38,1,1,1,random,0,0,Randomly placed,0.9749999999999832,45,0,0,0,0,true,0,0,45,0,0,0,0,0,0,0,0,0.375,0,0,0,0,0,NA,0,0,0,
145,0.5,simple-random-sample,0.1,50,3,13,34,1,1,1,random,0,0,Randomly placed,0.9749999999999832,45,0,0,0,0,true,0,0,45,3,0,1,2,3,0,1,2,0.375,0,0,0,0,0.26666666666666666,3.783937343321347,0,0,0,
149,0.5,simple-random-sample,0.1,50,3,10,37,1,1,1,random,0,0,Randomly placed,0.9749999999999827,45,0,0,0,0,true,0,0,45,2,0,0,2,2,0,0,2,0.375,0,0,0,0,0.17777777777777778,4.689204235649837,0,0,0,
147,0.5,simple-random-sample,0.1,50,4,7,39,1,1,1,random,0,0,Randomly placed,0.9749999999999842,45,0,0,0,0,true,0,0,45,1,0,0,1,1,0,0,1,0.375,0,0,0,0,0.08888888888888889,6.708203932499369,0,0,0,
154,0.5,simple-random-sample,0.1,50,5,7,38,1,1,1,random,0,0,Randomly placed,1.0149999999999841,45,0,0,0,0,true,0,0,45,1,0,0,1,1,0,0,1,0.375,0,0,0,0,0.08888888888888889,6.708203932499369,0,0,0,
151,0.5,simple-random-sample,0.1,50,3,3,44,1,1,1,random,0,0,Randomly placed,1.014999999999982,45,0,0,0,0,true,0,0,45,2,0,0,2,2,0,0,2,0.375,0,0,0,0,0.17777777777777778,4.689204235649837,0,0,0,
155,0.5,simple-random-sample,0.1,50,1,12,37,1,1,1,random,0,0,Randomly placed,0.9749999999999828,45,0,0,0,0,true,0,0,45,1,0,0,1,1,0,0,1,0.375,0,0,0,0,0.08888888888888889,6.70820393249937,0,0,0,
156,0.5,simple-random-sample,0.1,50,6,5,39,1,1,1,random,0,0,Randomly placed,1.0149999999999826,45,0,0,0,0,true,0,0,45,2,0,0,2,2,0,0,2,0.375,0,0,0,0,0.17777777777777778,4.689204235649835,0,0,0,
140,0.5,simple-random-sample,0.1,50,4,9,37,1,1,1,random,0,0,Randomly placed,0.9749999999999812,45,0,0,0,0,true,0,0,45,2,0,0,2,2,0,0,2,0.375,0,0,0,0,0.17777777777777778,4.689204235649837,0,0,0,
146,0.5,simple-random-sample,0.1,50,8,6,36,1,1,1,random,0,0,Randomly placed,1.0149999999999841,45,0,0,0,0,true,0,0,45,0,0,0,0,0,0,0,0,0.375,0,0,0,0,0,NA,0,0,0,
150,0.5,simple-random-sample,0.1,50,4,9,37,1,1,1,random,0,0,Randomly placed,0.9749999999999843,45,0,0,0,0,true,0,0,45,1,0,0,1,1,0,0,1,0.375,0,0,0,0,0.08888888888888889,6.70820393249937,0,0,0,
163,0.5,simple-random-sample,0.1,50,3,9,38,1,1,1,random,0,0,Randomly placed,0.9749999999999844,45,0,0,0,0,true,0,0,45,3,0,0,3,3,0,0,3,0.375,0,0,0,0,0.26666666666666666,3.783937343321348,0,0,0,
162,0.5,simple-random-sample,0.1,50,3,10,37,1,1,1,random,0,0,Randomly placed,1.0549999999999804,45,0,0,0,0,true,0,0,45,2,0,0,2,2,0,0,2,0.375,0,0,0,0,0.17777777777777778,4.689204235649835,0,0,0,
158,0.5,simple-random-sample,0.1,50,4,6,40,1,1,1,random,0,0,Randomly placed,1.0149999999999852,45,0,0,0,0,true,0,0,45,2,0,0,2,2,0,0,2,0.375,0,0,0,0,0.17777777777777778,4.689204235649837,0,0,0,
160,0.5,simple-random-sample,0.1,50,5,5,40,1,1,1,random,0,0,Randomly placed,0.9749999999999837,45,0,0,0,0,true,0,0,45,1,0,0,1,1,0,0,1,0.375,0,0,0,0,0.08888888888888889,6.708203932499369,0,0,0,
153,0.5,simple-random-sample,0.1,50,1,8,41,1,1,1,random,0,0,Randomly placed,1.0149999999999824,45,0,0,0,0,true,0,0,45,1,0,0,1,1,0,0,1,0.375,0,0,0,0,0.08888888888888889,6.708203932499369,0,0,0,
164,0.5,simple-random-sample,0.1,50,4,4,42,1,1,1,random,0,0,Randomly placed,0.9749999999999868,45,0,0,0,0,true,0,0,45,0,0,0,0,0,0,0,0,0.375,0,0,0,0,0,NA,0,0,0,
165,0.5,simple-random-sample,0.1,50,4,6,40,1,1,1,random,0,0,Randomly placed,1.0149999999999835,45,0,0,0,0,true,0,0,45,1,1,0,0,1,1,0,0,0.375,0,0,0,0,0.08888888888888889,6.70820393249937,0,0,0,
161,0.5,simple-random-sample,0.1,50,3,7,40,1,1,1,random,0,0,Randomly placed,0.9749999999999843,45,0,0,0,0,true,0,0,45,0,0,0,0,0,0,0,0,0.375,0,0,0,0,0,NA,0,0,0,
152,0.5,simple-random-sample,0.1,50,7,11,32,1,1,1,random,0,0,Randomly placed,0.974999999999982,45,0,0,0,0,true,0,0,45,3,0,0,3,3,0,0,3,0.375,0,0,0,0,0.26666666666666666,3.783937343321346,0,0,0,
167,0.5,simple-random-sample,0.1,50,5,11,34,1,1,1,random,0,0,Randomly placed,1.0149999999999821,45,0,0,0,0,true,0,0,45,0,0,0,0,0,0,0,0,0.375,0,0,0,0,0,NA,0,0,0,
157,0.5,simple-random-sample,0.1,50,6,7,37,1,1,1,random,0,0,Randomly placed,0.9749999999999832,45,0,0,0,0,true,0,0,45,1,0,1,0,1,0,1,0,0.375,0,0,0,0,0.08888888888888889,6.70820393249937,0,0,0,
159,0.5,simple-random-sample,0.1,50,4,8,38,1,1,1,random,0,0,Randomly placed,1.0149999999999841,45,0,0,0,0,true,0,0,45,0,0,0,0,0,0,0,0,0.375,0,0,0,0,0,NA,0,0,0,
172,0.5,simple-random-sample,0.1,50,4,2,44,1,1,1,random,0,0,Randomly placed,1.0149999999999815,45,0,0,0,0,true,0,0,45,0,0,0,0,0,0,0,0,0.375,0,0,0,0,0,NA,0,0,0,
166,0.5,simple-random-sample,0.1,50,8,9,33,1,1,1,random,0,0,Randomly placed,1.014999999999983,45,0,0,0,0,true,0,0,45,0,0,0,0,0,0,0,0,0.375,0,0,0,0,0,NA,0,0,0,
171,0.5,simple-random-sample,0.1,50,3,5,42,1,1,1,random,0,0,Randomly placed,0.9749999999999821,45,0,0,0,0,true,0,0,45,0,0,0,0,0,0,0,0,0.375,0,0,0,0,0,NA,0,0,0,
170,0.5,simple-random-sample,0.1,50,3,10,37,1,1,1,random,0,0,Randomly placed,0.9749999999999825,45,0,0,0,0,true,0,0,45,3,0,0,3,3,0,0,3,0.375,0,0,0,0,0.26666666666666666,3.7839373433213477,0,0,0,
168,0.5,simple-random-sample,0.1,50,8,5,37,1,1,1,random,0,0,Randomly placed,1.0149999999999835,45,0,0,0,0,true,0,0,45,1,0,0,1,1,0,0,1,0.375,0,0,0,0,0.08888888888888889,6.708203932499369,0,0,0,
178,0.5,simple-random-sample,0.1,50,6,10,34,1,1,1,random,0,0,Randomly placed,0.974999999999984,45,0,0,0,0,true,0,0,45,1,0,0,1,1,0,0,1,0.375,0,0,0,0,0.08888888888888889,6.708203932499371,0,0,0,
173,0.5,simple-random-sample,0.1,50,4,4,42,1,1,1,random,0,0,Randomly placed,1.0149999999999844,45,0,0,0,0,true,0,0,45,1,0,1,0,1,0,1,0,0.375,0,0,0,0,0.08888888888888889,6.70820393249937,0,0,0,
175,0.5,simple-random-sample,0.1,50,5,8,37,1,1,1,random,0,0,Randomly placed,1.0149999999999813,45,0,0,0,0,true,0,0,45,3,0,1,2,3,0,1,2,0.375,0,0,0,0,0.26666666666666666,3.7839373433213477,0,0,0,
176,0.5,simple-random-sample,0.1,50,4,6,40,1,1,1,random,0,0,Randomly placed,1.0149999999999817,45,0,0,0,0,true,0,0,45,1,0,0,1,1,0,0,1,0.375,0,0,0,0,0.08888888888888889,6.70820393249937,0,0,0,
174,0.5,simple-random-sample,0.1,50,4,9,37,1,1,1,random,0,0,Randomly placed,1.054999999999982,45,0,0,0,0,true,0,0,45,1,0,0,1,1,0,0,1,0.375,0,0,0,0,0.08888888888888889,6.708203932499369,0,0,0,
179,0.5,simple-random-sample,0.1,50,2,7,41,1,1,1,random,0,0,Randomly placed,0.9749999999999842,45,0,0,0,0,true,0,0,45,0,0,0,0,0,0,0,0,0.375,0,0,0,0,0,NA,0,0,0,
183,0.5,simple-random-sample,0.1,50,4,8,38,1,1,1,random,0,0,Randomly placed,0.9749999999999842,45,0,0,0,0,true,0,0,45,1,0,0,1,1,0,0,1,0.375,0,0,0,0,0.08888888888888889,6.708203932499371,0,0,0,
169,0.5,simple-random-sample,0.1,50,3,9,38,1,1,1,random,0,0,Randomly placed,0.9749999999999837,45,0,0,0,0,true,0,0,45,0,0,0,0,0,0,0,0,0.375,0,0,0,0,0,NA,0,0,0,
177,0.5,simple-random-sample,0.1,50,2,7,41,1,1,1,random,0,0,Randomly placed,0.9749999999999832,45,0,0,0,0,true,0,0,45,5,0,1,4,5,0,1,4,0.375,0,0,0,0,0.4444444444444444,2.8603877677367775,0,0,0,
181,0.5,simple-random-sample,0.1,50,5,12,33,1,1,1,random,0,0,Randomly placed,0.9749999999999853,45,0,0,0,0,true,0,0,45,3,0,1,2,3,0,1,2,0.375,0,0,0,0,0.26666666666666666,3.783937343321345,0,0,0,
188,0.5,simple-random-sample,0.1,50,7,7,36,1,1,1,random,0,0,Randomly placed,1.0149999999999844,45,0,0,0,0,true,0,0,45,1,0,0,1,1,0,0,1,0.375,0,0,0,0,0.08888888888888889,6.70820393249937,0,0,0,
186,0.5,simple-random-sample,0.1,50,9,9,32,1,1,1,random,0,0,Randomly placed,1.0149999999999824,45,0,0,0,0,true,0,0,45,0,0,0,0,0,0,0,0,0.375,0,0,0,0,0,NA,0,0,0,
180,0.5,simple-random-sample,0.1,50,7,9,34,1,1,1,random,0,0,Randomly placed,0.9749999999999857,45,0,0,0,0,true,0,0,45,2,0,0,2,2,0,0,2,0.375,0,0,0,0,0.17777777777777778,4.689204235649837,0,0,0,
182,0.5,simple-random-sample,0.1,50,7,3,40,1,1,1,random,0,0,Randomly placed,0.9749999999999831,45,0,0,0,0,true,0,0,45,0,0,0,0,0,0,0,0,0.375,0,0,0,0,0,NA,0,0,0,
185,0.5,simple-random-sample,0.1,50,2,4,44,1,1,1,random,0,0,Randomly placed,0.9749999999999829,45,0,0,0,0,true,0,0,45,3,0,0,3,3,0,0,3,0.375,0,0,0,0,0.26666666666666666,3.783937343321347,0,0,0,
187,0.5,simple-random-sample,0.1,50,4,7,39,1,1,1,random,0,0,Randomly placed,1.0149999999999821,45,0,0,0,0,true,0,0,45,0,0,0,0,0,0,0,0,0.375,0,0,0,0,0,NA,0,0,0,
184,0.5,simple-random-sample,0.1,50,4,7,39,1,1,1,random,0,0,Randomly placed,1.0149999999999815,45,0,0,0,0,true,0,0,45,1,0,0,1,1,0,0,1,0.375,0,0,0,0,0.08888888888888889,6.70820393249937,0,0,0,
192,0.5,simple-random-sample,0.1,50,9,7,34,1,1,1,random,0,0,Randomly placed,0.974999999999982,45,0,0,0,0,true,0,0,45,1,0,0,1,1,0,0,1,0.375,0,0,0,0,0.08888888888888889,6.708203932499369,0,0,0,
191,0.5,simple-random-sample,0.1,50,4,8,38,1,1,1,random,0,0,Randomly placed,1.0149999999999832,45,0,0,0,0,true,0,0,45,0,0,0,0,0,0,0,0,0.375,0,0,0,0,0,NA,0,0,0,
194,0.5,simple-random-sample,0.1,50,5,8,37,1,1,1,random,0,0,Randomly placed,1.0149999999999801,45,0,0,0,0,true,0,0,45,2,0,0,2,2,0,0,2,0.375,0,0,0,0,0.17777777777777778,4.689204235649834,0,0,0,
193,0.5,simple-random-sample,0.1,50,5,10,35,1,1,1,random,0,0,Randomly placed,1.0149999999999832,45,0,0,0,0,true,0,0,45,2,0,0,2,2,0,0,2,0.375,0,0,0,0,0.17777777777777778,4.689204235649836,0,0,0,
196,0.5,simple-random-sample,0.1,50,5,3,42,1,1,1,random,0,0,Randomly placed,1.014999999999983,45,0,0,0,0,true,0,0,45,0,0,0,0,0,0,0,0,0.375,0,0,0,0,0,NA,0,0,0,
198,0.5,simple-random-sample,0.1,50,6,6,38,1,1,1,random,0,0,Randomly placed,0.9749999999999818,45,0,0,0,0,true,0,0,45,1,0,0,1,1,0,0,1,0.375,0,0,0,0,0.08888888888888889,6.70820393249937,0,0,0,
190,0.5,simple-random-sample,0.1,50,3,4,43,1,1,1,random,0,0,Randomly placed,0.9749999999999853,45,0,0,0,0,true,0,0,45,0,0,0,0,0,0,0,0,0.375,0,0,0,0,0,NA,0,0,0,
200,0.5,simple-random-sample,0.1,50,6,13,31,1,1,1,random,0,0,Randomly placed,1.0149999999999841,45,0,0,0,0,true,0,0,45,1,0,1,0,1,0,1,0,0.375,0,0,0,0,0.08888888888888889,6.708203932499369,0,0,0,
189,0.5,simple-random-sample,0.1,50,7,6,37,1,1,1,random,0,0,Randomly placed,1.0149999999999813,45,0,0,0,0,true,0,0,45,1,0,0,1,1,0,0,1,0.375,0,0,0,0,0.08888888888888889,6.708203932499369,0,0,0,
197,0.5,simple-random-sample,0.1,50,8,5,37,1,1,1,random,0,0,Randomly placed,0.9749999999999831,45,0,0,0,0,true,0,0,45,3,0,0,3,3,0,0,3,0.375,0,0,0,0,0.26666666666666666,3.783937343321346,0,0,0,
199,0.5,simple-random-sample,0.1,50,4,13,33,1,1,1,random,0,0,Randomly placed,0.9749999999999853,45,0,0,0,0,true,0,0,45,1,0,0,1,1,0,0,1,0.375,0,0,0,0,0.08888888888888889,6.70820393249937,0,0,0,
201,0.5,simple-random-sample,1,500,46,71,383,1,1,1,random,0,0,Randomly placed,0.962,45,0,0,0,0,true,0,0,45,12,2,3,7,12,2,3,7,0.375,0,0,0,0,1.0666666666666667,2.3171789274499677,0,0,0,
195,0.5,simple-random-sample,0.1,50,4,4,42,1,1,1,random,0,0,Randomly placed,1.0149999999999808,45,0,0,0,0,true,0,0,45,1,0,0,1,1,0,0,1,0.375,0,0,0,0,0.08888888888888889,6.708203932499369,0,0,0,
206,0.5,simple-random-sample,1,500,43,91,366,1,1,1,random,0,0,Randomly placed,0.998,45,0,0,0,0,true,0,0,45,17,2,4,11,17,2,4,11,0.375,0,0,0,0,1.511111111111111,1.6248018728879827,0,0,0,
204,0.5,simple-random-sample,1,500,63,74,363,1,1,1,random,0,0,Randomly placed,1.034,45,0,0,0,0,true,0,0,45,11,1,2,8,11,1,2,8,0.375,0,0,0,0,0.9777777777777777,1.9803694758065322,0,0,0,
205,0.5,simple-random-sample,1,500,48,72,380,1,1,1,random,0,0,Randomly placed,0.986,45,0,0,0,0,true,0,0,45,10,1,4,5,10,1,4,5,0.375,0,0,0,0,0.8888888888888888,2.1213203435596433,0,0,0,
203,0.5,simple-random-sample,1,500,46,75,379,1,1,1,random,0,0,Randomly placed,1.018,45,0,0,0,0,true,0,0,45,12,1,1,10,12,1,1,10,0.375,0,0,0,0,1.0666666666666667,1.8578763536507343,0,0,0,
202,0.5,simple-random-sample,1,500,54,72,374,1,1,1,random,0,0,Randomly placed,1.026,45,0,0,0,0,true,0,0,45,12,3,4,5,12,3,4,5,0.375,0,0,0,0,1.0666666666666667,1.6770509831248424,0,0,0,
208,0.5,simple-random-sample,1,500,43,77,380,1,1,1,random,0,0,Randomly placed,0.982,45,0,0,0,0,true,0,0,45,12,1,3,8,12,1,3,8,0.375,0,0,0,0,1.0666666666666667,1.8578763536507341,0,0,0,
210,0.5,simple-random-sample,1,500,40,83,377,1,1,1,random,0,0,Randomly placed,1.014,45,0,0,0,0,true,0,0,45,10,1,0,9,10,1,0,9,0.375,0,0,0,0,0.8888888888888888,2.694691751641297,0,0,0,
216,0.5,simple-random-sample,1,500,58,62,380,1,1,1,random,0,0,Randomly placed,1.006,45,0,0,0,0,true,0,0,45,17,0,2,15,17,0,2,15,0.375,0,0,0,0,1.511111111111111,1.415269713206585,0,0,0,
223,0.5,simple-random-sample,1,500,53,74,373,1,1,1,random,0,0,Randomly placed,1.05,45,0,0,0,0,true,0,0,45,19,3,4,12,19,3,4,12,0.375,0,0,0,0,1.6888888888888889,1.6353560231915159,0,0,0,
211,0.5,simple-random-sample,1,500,44,71,385,1,1,1,random,0,0,Randomly placed,0.986,45,0,0,0,0,true,0,0,45,13,2,1,10,13,2,1,10,0.375,0,0,0,0,1.1555555555555554,2.037504723326879,0,0,0,
212,0.5,simple-random-sample,1,500,55,70,375,1,1,1,random,0,0,Randomly placed,1.018,45,0,0,0,0,true,0,0,45,12,1,2,9,12,1,2,9,0.375,0,0,0,0,1.0666666666666667,2.0225995873897262,0,0,0,
218,0.5,simple-random-sample,1,500,45,95,360,1,1,1,random,0,0,Randomly placed,1.006,45,0,0,0,0,true,0,0,45,16,1,4,11,16,1,4,11,0.375,0,0,0,0,1.4222222222222223,1.6039944811172344,0,0,0,
217,0.5,simple-random-sample,1,500,51,82,367,1,1,1,random,0,0,Randomly placed,0.934,45,0,0,0,0,true,0,0,45,14,2,2,10,14,2,2,10,0.375,0,0,0,0,1.2444444444444445,1.653550741785273,0,0,0,
209,0.5,simple-random-sample,1,500,46,64,390,1,1,1,random,0,0,Randomly placed,0.974,45,0,0,0,0,true,0,0,45,9,2,3,4,9,2,3,4,0.375,0,0,0,0,0.8,2.286322970901689,0,0,0,
214,0.5,simple-random-sample,1,500,45,75,380,1,1,1,random,0,0,Randomly placed,1.018,45,0,0,0,0,true,0,0,45,12,1,4,7,12,1,4,7,0.375,0,0,0,0,1.0666666666666667,1.8578763536507341,0,0,0,
222,0.5,simple-random-sample,1,500,47,80,373,1,1,1,random,0,0,Randomly placed,0.97,45,0,0,0,0,true,0,0,45,13,3,1,9,13,3,1,9,0.375,0,0,0,0,1.1555555555555554,2.0375047233268795,0,0,0,
221,0.5,simple-random-sample,1,500,40,69,391,1,1,1,random,0,0,Randomly placed,0.974,45,0,0,0,0,true,0,0,45,6,1,0,5,6,1,0,5,0.375,0,0,0,0,0.5333333333333333,2.578318691071233,0,0,0,
225,0.5,simple-random-sample,1,500,35,75,390,1,1,1,random,0,0,Randomly placed,0.95,45,0,0,0,0,true,0,0,45,6,0,0,6,6,0,0,6,0.375,0,0,0,0,0.5333333333333333,2.5783186910712335,0,0,0,
224,0.5,simple-random-sample,1,500,47,81,372,1,1,1,random,0,0,Randomly placed,1.03,45,0,0,0,0,true,0,0,45,16,1,4,11,16,1,4,11,0.375,0,0,0,0,1.4222222222222223,1.8143603305547962,0,0,0,
226,0.5,simple-random-sample,1,500,54,82,364,1,1,1,random,0,0,Randomly placed,0.99,45,0,0,0,0,true,0,0,45,13,0,1,12,13,0,1,12,0.375,0,0,0,0,1.1555555555555554,1.5866576560438348,0,0,0,
220,0.5,simple-random-sample,1,500,62,73,365,1,1,1,random,0,0,Randomly placed,0.986,45,0,0,0,0,true,0,0,45,14,0,2,12,14,0,2,12,0.375,0,0,0,0,1.2444444444444445,1.789930088496996,0,0,0,
230,0.5,simple-random-sample,1,500,46,72,382,1,1,1,random,0,0,Randomly placed,1.002,45,0,0,0,0,true,0,0,45,9,0,1,8,9,0,1,8,0.375,0,0,0,0,0.8,2.0225995873897262,0,0,0,
228,0.5,simple-random-sample,1,500,51,72,377,1,1,1,random,0,0,Randomly placed,0.99,45,0,0,0,0,true,0,0,45,11,0,1,10,11,0,1,10,0.375,0,0,0,0,0.9777777777777777,1.9803694758065318,0,0,0,
219,0.5,simple-random-sample,1,500,49,68,383,1,1,1,random,0,0,Randomly placed,0.982,45,0,0,0,0,true,0,0,45,13,0,2,11,13,0,2,11,0.375,0,0,0,0,1.1555555555555554,1.8991518732179018,0,0,0,
215,0.5,simple-random-sample,1,500,55,79,366,1,1,1,random,0,0,Randomly placed,0.954,45,0,0,0,0,true,0,0,45,15,0,2,13,15,0,2,13,0.375,0,0,0,0,1.3333333333333333,1.9188064472004938,0,0,0,
213,0.5,simple-random-sample,1,500,49,74,377,1,1,1,random,0,0,Randomly placed,0.982,45,0,0,0,0,true,0,0,45,12,2,1,9,12,2,1,9,0.375,0,0,0,0,1.0666666666666667,2.0225995873897267,0,0,0,
227,0.5,simple-random-sample,1,500,53,96,351,1,1,1,random,0,0,Randomly placed,1.038,45,0,0,0,0,true,0,0,45,10,1,2,7,10,1,2,7,0.375,0,0,0,0,0.8888888888888888,2.328186965313256,0,0,0,
207,0.5,simple-random-sample,1,500,64,76,360,1,1,1,random,0,0,Randomly placed,1.022,45,0,0,0,0,true,0,0,45,8,0,0,8,8,0,0,8,0.375,0,0,0,0,0.7111111111111111,2.4836110532119084,0,0,0,
237,0.5,simple-random-sample,1,500,47,67,386,1,1,1,random,0,0,Randomly placed,0.994,45,0,0,0,0,true,0,0,45,7,0,0,7,7,0,0,7,0.375,0,0,0,0,0.6222222222222222,2.725880906448593,0,0,0,
234,0.5,simple-random-sample,1,500,45,87,368,1,1,1,random,0,0,Randomly placed,0.986,45,0,0,0,0,true,0,0,45,11,2,0,9,11,2,0,9,0.375,0,0,0,0,0.9777777777777777,1.9803694758065322,0,0,0,
229,0.5,simple-random-sample,1,500,51,59,390,1,1,1,random,0,0,Randomly placed,1.058,45,0,0,0,0,true,0,0,45,15,2,2,11,15,2,2,11,0.375,0,0,0,0,1.3333333333333333,1.692228224453298,0,0,0,
232,0.5,simple-random-sample,1,500,46,76,378,1,1,1,random,0,0,Randomly placed,0.942,45,0,0,0,0,true,0,0,45,11,1,0,10,11,1,0,10,0.375,0,0,0,0,0.9777777777777777,1.9803694758065318,0,0,0,
233,0.5,simple-random-sample,1,500,58,64,378,1,1,1,random,0,0,Randomly placed,1.022,45,0,0,0,0,true,0,0,45,12,2,1,9,12,2,1,9,0.375,0,0,0,0,1.0666666666666667,1.8578763536507341,0,0,0,
236,0.5,simple-random-sample,1,500,46,75,379,1,1,1,random,0,0,Randomly placed,0.998,45,0,0,0,0,true,0,0,45,8,0,1,7,8,0,1,7,0.375,0,0,0,0,0.7111111111111111,2.4836110532119076,0,0,0,
241,0.5,simple-random-sample,1,500,60,63,377,1,1,1,random,0,0,Randomly placed,1.046,45,0,0,0,0,true,0,0,45,8,0,1,7,8,0,1,7,0.375,0,0,0,0,0.7111111111111111,2.4836110532119084,0,0,0,
239,0.5,simple-random-sample,1,500,43,72,385,1,1,1,random,0,0,Randomly placed,0.966,45,0,0,0,0,true,0,0,45,9,1,2,6,9,1,2,6,0.375,0,0,0,0,0.8,2.0225995873897262,0,0,0,
235,0.5,simple-random-sample,1,500,40,62,398,1,1,1,random,0,0,Randomly placed,1.014,45,0,0,0,0,true,0,0,45,11,0,0,11,11,0,0,11,0.375,0,0,0,0,0.9777777777777777,1.980369475806532,0,0,0,
231,0.5,simple-random-sample,1,500,49,89,362,1,1,1,random,0,0,Randomly placed,0.998,45,0,0,0,0,true,0,0,45,9,0,2,7,9,0,2,7,0.375,0,0,0,0,0.8,2.2863229709016886,0,0,0,
238,0.5,simple-random-sample,1,500,55,83,362,1,1,1,random,0,0,Randomly placed,1.03,45,0,0,0,0,true,0,0,45,12,1,1,10,12,1,1,10,0.375,0,0,0,0,1.0666666666666667,1.8578763536507337,0,0,0,
240,0.5,simple-random-sample,1,500,51,77,372,1,1,1,random,0,0,Randomly placed,1.058,45,0,0,0,0,true,0,0,45,14,1,0,13,14,1,0,13,0.375,0,0,0,0,1.2444444444444445,1.9166296949998198,0,0,0,
246,0.5,simple-random-sample,1,500,48,75,377,1,1,1,random,0,0,Randomly placed,0.974,45,0,0,0,0,true,0,0,45,12,1,0,11,12,1,0,11,0.375,0,0,0,0,1.0666666666666667,1.8578763536507341,0,0,0,
244,0.5,simple-random-sample,1,500,44,86,370,1,1,1,random,0,0,Randomly placed,0.922,45,0,0,0,0,true,0,0,45,12,1,3,8,12,1,3,8,0.375,0,0,0,0,1.0666666666666667,2.0225995873897262,0,0,0,
253,0.5,simple-random-sample,1,500,48,80,372,1,1,1,random,0,0,Randomly placed,1.022,45,0,0,0,0,true,0,0,45,5,0,1,4,5,0,1,4,0.375,0,0,0,0,0.4444444444444444,3.4443629837222973,0,0,0,
248,0.5,simple-random-sample,1,500,53,82,365,1,1,1,random,0,0,Randomly placed,0.982,45,0,0,0,0,true,0,0,45,16,4,2,10,16,4,2,10,0.375,0,0,0,0,1.4222222222222223,1.6039944811172342,0,0,0,
254,0.5,simple-random-sample,1,500,53,77,370,1,1,1,random,0,0,Randomly placed,1.034,45,0,0,0,0,true,0,0,45,17,0,1,16,17,0,1,16,0.375,0,0,0,0,1.511111111111111,1.81024139030151,0,0,0,
252,0.5,simple-random-sample,1,500,50,75,375,1,1,1,random,0,0,Randomly placed,0.982,45,0,0,0,0,true,0,0,45,12,0,0,12,12,0,0,12,0.375,0,0,0,0,1.0666666666666667,1.6770509831248424,0,0,0,
243,0.5,simple-random-sample,1,500,48,78,374,1,1,1,random,0,0,Randomly placed,0.97,45,0,0,0,0,true,0,0,45,8,1,2,5,8,1,2,5,0.375,0,0,0,0,0.7111111111111111,2.7579945777519352,0,0,0,
242,0.5,simple-random-sample,1,500,53,78,369,1,1,1,random,0,0,Randomly placed,0.95,45,0,0,0,0,true,0,0,45,11,0,3,8,11,0,3,8,0.375,0,0,0,0,0.9777777777777777,1.7779642923279955,0,0,0,
250,0.5,simple-random-sample,1,500,52,67,381,1,1,1,random,0,0,Randomly placed,0.994,45,0,0,0,0,true,0,0,45,5,0,1,4,5,0,1,4,0.375,0,0,0,0,0.4444444444444444,2.8603877677367775,0,0,0,
247,0.5,simple-random-sample,1,500,57,84,359,1,1,1,random,0,0,Randomly placed,1.042,45,0,0,0,0,true,0,0,45,9,1,2,6,9,1,2,6,0.375,0,0,0,0,0.8,2.0225995873897262,0,0,0,
255,0.5,simple-random-sample,1,500,47,65,388,1,1,1,random,0,0,Randomly placed,1.002,45,0,0,0,0,true,0,0,45,12,2,1,9,12,2,1,9,0.375,0,0,0,0,1.0666666666666667,2.022599587389727,0,0,0,
245,0.5,simple-random-sample,1,500,53,84,363,1,1,1,random,0,0,Randomly placed,0.99,45,0,0,0,0,true,0,0,45,12,1,1,10,12,1,1,10,0.375,0,0,0,0,1.0666666666666667,1.677050983124842,0,0,0,
251,0.5,simple-random-sample,1,500,62,71,367,1,1,1,random,0,0,Randomly placed,0.97,45,0,0,0,0,true,0,0,45,13,2,1,10,13,2,1,10,0.375,0,0,0,0,1.1555555555555554,1.586657656043835,0,0,0,
249,0.5,simple-random-sample,1,500,49,62,389,1,1,1,random,0,0,Randomly placed,0.962,45,0,0,0,0,true,0,0,45,5,0,1,4,5,0,1,4,0.375,0,0,0,0,0.4444444444444444,2.860387767736778,0,0,0,
256,0.5,simple-random-sample,1,500,53,66,381,1,1,1,random,0,0,Randomly placed,0.986,45,0,0,0,0,true,0,0,45,9,1,0,8,9,1,0,8,0.375,0,0,0,0,0.8,2.0225995873897262,0,0,0,
258,0.5,simple-random-sample,1,500,45,75,380,1,1,1,random,0,0,Randomly placed,1.038,45,0,0,0,0,true,0,0,45,7,0,1,6,7,0,1,6,0.375,0,0,0,0,0.6222222222222222,2.356257212603933,0,0,0,
257,0.5,simple-random-sample,1,500,57,77,366,1,1,1,random,0,0,Randomly placed,0.986,45,0,0,0,0,true,0,0,45,18,2,4,12,18,2,4,12,0.375,0,0,0,0,1.6,1.4499216279760525,0,0,0,
261,0.5,simple-random-sample,1,500,59,60,381,1,1,1,random,0,0,Randomly placed,0.994,45,0,0,0,0,true,0,0,45,8,0,2,6,8,0,2,6,0.375,0,0,0,0,0.7111111111111111,2.4836110532119084,0,0,0,
260,0.5,simple-random-sample,1,500,53,69,378,1,1,1,random,0,0,Randomly placed,0.946,45,0,0,0,0,true,0,0,45,6,0,0,6,6,0,0,6,0.375,0,0,0,0,0.5333333333333333,2.5783186910712326,0,0,0,
263,0.5,simple-random-sample,1,500,42,69,389,1,1,1,random,0,0,Randomly placed,0.974,45,0,0,0,0,true,0,0,45,9,0,4,5,9,0,4,5,0.375,0,0,0,0,0.8,2.0225995873897262,0,0,0,
262,0.5,simple-random-sample,1,500,55,75,370,1,1,1,random,0,0,Randomly placed,0.994,45,0,0,0,0,true,0,0,45,12,0,1,11,12,0,1,11,0.375,0,0,0,0,1.0666666666666667,2.0225995873897262,0,0,0,
264,0.5,simple-random-sample,1,500,49,70,381,1,1,1,random,0,0,Randomly placed,0.922,45,0,0,0,0,true,0,0,45,7,0,4,3,7,0,4,3,0.375,0,0,0,0,0.6222222222222222,2.7258809064485936,0,0,0,
270,0.5,simple-random-sample,1,500,52,73,375,1,1,1,random,0,0,Randomly placed,1.014,45,0,0,0,0,true,0,0,45,12,3,3,6,12,3,3,6,0.375,0,0,0,0,1.0666666666666667,2.0225995873897267,0,0,0,
273,0.5,simple-random-sample,1,500,50,74,376,1,1,1,random,0,0,Randomly placed,0.986,45,0,0,0,0,true,0,0,45,12,0,1,11,12,0,1,11,0.375,0,0,0,0,1.0666666666666667,1.6770509831248417,0,0,0,
265,0.5,simple-random-sample,1,500,43,77,380,1,1,1,random,0,0,Randomly placed,1.034,45,0,0,0,0,true,0,0,45,8,1,2,5,8,1,2,5,0.375,0,0,0,0,0.7111111111111111,2.1748824419640793,0,0,0,
266,0.5,simple-random-sample,1,500,58,75,367,1,1,1,random,0,0,Randomly placed,0.934,45,0,0,0,0,true,0,0,45,6,1,0,5,6,1,0,5,0.375,0,0,0,0,0.5333333333333333,2.5783186910712326,0,0,0,
259,0.5,simple-random-sample,1,500,44,71,385,1,1,1,random,0,0,Randomly placed,1.014,45,0,0,0,0,true,0,0,45,12,0,1,11,12,0,1,11,0.375,0,0,0,0,1.0666666666666667,1.6770509831248426,0,0,0,
271,0.5,simple-random-sample,1,500,51,66,383,1,1,1,random,0,0,Randomly placed,0.974,45,0,0,0,0,true,0,0,45,8,0,1,7,8,0,1,7,0.375,0,0,0,0,0.7111111111111111,2.1748824419640793,0,0,0,
269,0.5,simple-random-sample,1,500,47,70,383,1,1,1,random,0,0,Randomly placed,1.022,45,0,0,0,0,true,0,0,45,12,0,1,11,12,0,1,11,0.375,0,0,0,0,1.0666666666666667,2.022599587389727,0,0,0,
268,0.5,simple-random-sample,1,500,54,75,371,1,1,1,random,0,0,Randomly placed,0.982,45,0,0,0,0,true,0,0,45,11,1,2,8,11,1,2,8,0.375,0,0,0,0,0.9777777777777777,1.7779642923279946,0,0,0,
277,0.5,simple-random-sample,1,500,46,63,391,1,1,1,random,0,0,Randomly placed,0.974,45,0,0,0,0,true,0,0,45,12,0,1,11,12,0,1,11,0.375,0,0,0,0,1.0666666666666667,2.0225995873897267,0,0,0,
272,0.5,simple-random-sample,1,500,41,67,392,1,1,1,random,0,0,Randomly placed,1.002,45,0,0,0,0,true,0,0,45,11,0,1,10,11,0,1,10,0.375,0,0,0,0,0.9777777777777777,1.777964292327995,0,0,0,
276,0.5,simple-random-sample,1,500,41,74,385,1,1,1,random,0,0,Randomly placed,1.078,45,0,0,0,0,true,0,0,45,3,0,0,3,3,0,0,3,0.375,0,0,0,0,0.26666666666666666,3.783937343321348,0,0,0,
267,0.5,simple-random-sample,1,500,53,74,373,1,1,1,random,0,0,Randomly placed,0.986,45,0,0,0,0,true,0,0,45,14,2,2,10,14,2,2,10,0.375,0,0,0,0,1.2444444444444445,1.5048622493804504,0,0,0,
278,0.5,simple-random-sample,1,500,49,72,379,1,1,1,random,0,0,Randomly placed,0.962,45,0,0,0,0,true,0,0,45,16,1,3,12,16,1,3,12,0.375,0,0,0,0,1.4222222222222223,1.7124108304588381,0,0,0,
280,0.5,simple-random-sample,1,500,34,83,383,1,1,1,random,0,0,Randomly placed,1.026,45,0,0,0,0,true,0,0,45,13,0,2,11,13,0,2,11,0.375,0,0,0,0,1.1555555555555554,1.7498943332426649,0,0,0,
279,0.5,simple-random-sample,1,500,50,84,366,1,1,1,random,0,0,Randomly placed,0.95,45,0,0,0,0,true,0,0,45,13,0,1,12,13,0,1,12,0.375,0,0,0,0,1.1555555555555554,1.7498943332426649,0,0,0,
275,0.5,simple-random-sample,1,500,49,77,374,1,1,1,random,0,0,Randomly placed,1.022,45,0,0,0,0,true,0,0,45,18,4,1,13,18,4,1,13,0.375,0,0,0,0,1.6,1.5447859516333118,0,0,0,
281,0.5,simple-random-sample,1,500,48,71,381,1,1,1,random,0,0,Randomly placed,0.982,45,0,0,0,0,true,0,0,45,14,3,3,8,14,3,3,8,0.375,0,0,0,0,1.2444444444444445,1.9166296949998198,0,0,0,
284,0.5,simple-random-sample,1,500,57,76,367,1,1,1,random,0,0,Randomly placed,0.99,45,0,0,0,0,true,0,0,45,10,2,3,5,10,2,3,5,0.375,0,0,0,0,0.8888888888888888,1.8919686716606745,0,0,0,
282,0.5,simple-random-sample,1,500,50,74,376,1,1,1,random,0,0,Randomly placed,0.986,45,0,0,0,0,true,0,0,45,6,1,0,5,6,1,0,5,0.375,0,0,0,0,0.5333333333333333,2.5783186910712326,0,0,0,
290,0.5,simple-random-sample,1,500,47,73,380,1,1,1,random,0,0,Randomly placed,0.99,45,0,0,0,0,true,0,0,45,13,3,0,10,13,3,0,10,0.375,0,0,0,0,1.1555555555555554,1.8991518732179022,0,0,0,
287,0.5,simple-random-sample,1,500,52,80,368,1,1,1,random,0,0,Randomly placed,0.97,45,0,0,0,0,true,0,0,45,15,2,2,11,15,2,2,11,0.375,0,0,0,0,1.3333333333333333,1.6922282244532985,0,0,0,
288,0.5,simple-random-sample,1,500,48,65,387,1,1,1,random,0,0,Randomly placed,1.018,45,0,0,0,0,true,0,0,45,12,0,4,8,12,0,4,8,0.375,0,0,0,0,1.0666666666666667,2.022599587389726,0,0,0,
274,0.5,simple-random-sample,1,500,41,63,396,1,1,1,random,0,0,Randomly placed,0.934,45,0,0,0,0,true,0,0,45,15,1,4,10,15,1,4,10,0.375,0,0,0,0,1.3333333333333333,1.5666989036012802,0,0,0,
291,0.5,simple-random-sample,1,500,46,65,389,1,1,1,random,0,0,Randomly placed,0.966,45,0,0,0,0,true,0,0,45,13,4,0,9,13,4,0,9,0.375,0,0,0,0,1.1555555555555554,2.167042490956654,0,0,0,
283,0.5,simple-random-sample,1,500,42,74,384,1,1,1,random,0,0,Randomly placed,0.986,45,0,0,0,0,true,0,0,45,19,2,4,13,19,2,4,13,0.375,0,0,0,0,1.6888888888888889,1.2862717789791305,0,0,0,
294,0.5,simple-random-sample,1,500,46,91,363,1,1,1,random,0,0,Randomly placed,0.994,45,0,0,0,0,true,0,0,45,12,2,2,8,12,2,2,8,0.375,0,0,0,0,1.0666666666666667,1.8578763536507341,0,0,0,
293,0.5,simple-random-sample,1,500,58,84,358,1,1,1,random,0,0,Randomly placed,0.99,45,0,0,0,0,true,0,0,45,16,3,5,8,16,3,5,8,0.375,0,0,0,0,1.4222222222222223,1.6039944811172344,0,0,0,
285,0.5,simple-random-sample,1,500,51,67,382,1,1,1,random,0,0,Randomly placed,0.946,45,0,0,0,0,true,0,0,45,15,2,2,11,15,2,2,11,0.375,0,0,0,0,1.3333333333333333,1.5666989036012802,0,0,0,
286,0.5,simple-random-sample,1,500,47,68,385,1,1,1,random,0,0,Randomly placed,0.974,45,0,0,0,0,true,0,0,45,12,4,3,5,12,4,3,5,0.375,0,0,0,0,1.0666666666666667,1.8578763536507332,0,0,0,
289,0.5,simple-random-sample,1,500,58,65,377,1,1,1,random,0,0,Randomly placed,1.034,45,0,0,0,0,true,0,0,45,7,0,1,6,7,0,1,6,0.375,0,0,0,0,0.6222222222222222,2.725880906448595,0,0,0,
296,0.5,simple-random-sample,1,500,57,74,369,1,1,1,random,0,0,Randomly placed,1.014,45,0,0,0,0,true,0,0,45,20,3,2,15,20,3,2,15,0.375,0,0,0,0,1.7777777777777777,1.7661591609529943,0,0,0,
300,0.5,simple-random-sample,1,500,52,63,385,1,1,1,random,0,0,Randomly placed,0.986,45,0,0,0,0,true,0,0,45,7,0,1,6,7,0,1,6,0.375,0,0,0,0,0.6222222222222222,2.3562572126039334,0,0,0,
299,0.5,simple-random-sample,1,500,48,79,373,1,1,1,random,0,0,Randomly placed,0.99,45,0,0,0,0,true,0,0,45,12,1,1,10,12,1,1,10,0.375,0,0,0,0,1.0666666666666667,1.857876353650734,0,0,0,
298,0.5,simple-random-sample,1,500,52,74,374,1,1,1,random,0,0,Randomly placed,0.99,45,0,0,0,0,true,0,0,45,8,0,1,7,8,0,1,7,0.375,0,0,0,0,0.7111111111111111,2.1748824419640793,0,0,0,
295,0.5,simple-random-sample,1,500,51,83,366,1,1,1,random,0,0,Randomly placed,1.018,45,0,0,0,0,true,0,0,45,9,0,2,7,9,0,2,7,0.375,0,0,0,0,0.8,2.2863229709016895,0,0,0,
297,0.5,simple-random-sample,1,500,58,71,371,1,1,1,random,0,0,Randomly placed,1.01,45,0,0,0,0,true,0,0,45,18,2,3,13,18,2,3,13,0.375,0,0,0,0,1.6,1.449921627976053,0,0,0,
292,0.5,simple-random-sample,1,500,40,81,379,1,1,1,random,0,0,Randomly placed,0.986,45,0,0,0,0,true,0,0,45,12,2,2,8,12,2,2,8,0.375,0,0,0,0,1.0666666666666667,2.022599587389727,0,0,0,
311,0.5,simple-random-sample,7,3500,358,524,2618,1,1,1,random,0,0,Randomly placed,1.004857142857143,45,0,0,0,0,true,0,0,45,87,9,13,65,87,9,13,65,0.375,0,0,0,0,7.733333333333333,0.7671929469409304,0,0,0,
309,0.5,simple-random-sample,7,3500,365,516,2619,1,1,1,random,0,0,Randomly placed,1.0117142857142858,45,0,0,0,0,true,0,0,45,74,8,13,53,74,8,13,53,0.375,0,0,0,0,6.5777777777777775,0.9887011927149653,0,0,0,
302,0.5,simple-random-sample,7,3500,347,502,2651,1,1,1,random,0,0,Randomly placed,0.948857142857143,45,0,0,0,0,true,0,0,45,98,9,24,65,98,9,24,65,0.375,0,0,0,0,8.71111111111111,0.701110938730712,0,0,0,
303,0.5,simple-random-sample,7,3500,339,547,2614,1,1,1,random,0,0,Randomly placed,1.0002857142857142,45,0,0,0,0,true,0,0,45,75,8,9,58,75,8,9,58,0.375,0,0,0,0,6.666666666666667,0.8485281374238568,0,0,0,
304,0.5,simple-random-sample,7,3500,371,530,2599,1,1,1,random,0,0,Randomly placed,1.0145714285714287,45,0,0,0,0,true,0,0,45,75,11,12,52,75,11,12,52,0.375,0,0,0,0,6.666666666666667,0.8090398349558904,0,0,0,
308,0.5,simple-random-sample,7,3500,324,542,2634,1,1,1,random,0,0,Randomly placed,0.9882857142857143,45,0,0,0,0,true,0,0,45,79,5,10,64,79,5,10,64,0.375,0,0,0,0,7.022222222222222,0.8250610277748007,0,0,0,
313,0.5,simple-random-sample,7,3500,344,525,2631,1,1,1,random,0,0,Randomly placed,1.0082857142857142,45,0,0,0,0,true,0,0,45,71,7,13,51,71,7,13,51,0.375,0,0,0,0,6.311111111111111,0.7702119527656063,0,0,0,
305,0.5,simple-random-sample,7,3500,341,535,2624,1,1,1,random,0,0,Randomly placed,0.962,45,0,0,0,0,true,0,0,45,74,7,12,55,74,7,12,55,0.375,0,0,0,0,6.5777777777777775,0.7795733303090686,0,0,0,
301,0.5,simple-random-sample,7,3500,380,546,2574,1,1,1,random,0,0,Randomly placed,0.9362857142857143,45,0,0,0,0,true,0,0,45,76,11,8,57,76,11,8,57,0.375,0,0,0,0,6.7555555555555555,0.7341565036461111,0,0,0,
312,0.5,simple-random-sample,7,3500,369,525,2606,1,1,1,random,0,0,Randomly placed,0.9808571428571428,45,0,0,0,0,true,0,0,45,92,11,9,72,92,11,9,72,0.375,0,0,0,0,8.177777777777777,0.714589840859711,0,0,0,
317,0.5,simple-random-sample,7,3500,363,505,2632,1,1,1,random,0,0,Randomly placed,0.9494285714285714,45,0,0,0,0,true,0,0,45,71,13,6,52,71,13,6,52,0.375,0,0,0,0,6.311111111111111,0.7819755854924684,0,0,0,
318,0.5,simple-random-sample,7,3500,384,530,2586,1,1,1,random,0,0,Randomly placed,0.9802857142857143,45,0,0,0,0,true,0,0,45,72,10,14,48,72,10,14,48,0.375,0,0,0,0,6.4,0.7928121696616647,0,0,0,
315,0.5,simple-random-sample,7,3500,360,517,2623,1,1,1,random,0,0,Randomly placed,1.05,45,0,0,0,0,true,0,0,45,89,11,19,59,89,11,19,59,0.375,0,0,0,0,7.911111111111111,0.7190133373382545,0,0,0,
316,0.5,simple-random-sample,7,3500,324,542,2634,1,1,1,random,0,0,Randomly placed,1.0522857142857143,45,0,0,0,0,true,0,0,45,68,5,5,58,68,5,5,58,0.375,0,0,0,0,6.044444444444444,0.818098257765098,0,0,0,
319,0.5,simple-random-sample,7,3500,331,519,2650,1,1,1,random,0,0,Randomly placed,0.9517142857142857,45,0,0,0,0,true,0,0,45,93,9,14,70,93,9,14,70,0.375,0,0,0,0,8.266666666666667,0.6223990436067095,0,0,0,
310,0.5,simple-random-sample,7,3500,332,539,2629,1,1,1,random,0,0,Randomly placed,0.97,45,0,0,0,0,true,0,0,45,77,9,11,57,77,9,11,57,0.375,0,0,0,0,6.844444444444444,0.6548468693755174,0,0,0,
307,0.5,simple-random-sample,7,3500,313,558,2629,1,1,1,random,0,0,Randomly placed,0.9722857142857143,45,0,0,0,0,true,0,0,45,77,3,17,57,77,3,17,57,0.375,0,0,0,0,6.844444444444444,0.618264159686277,0,0,0,
314,0.5,simple-random-sample,7,3500,349,549,2602,1,1,1,random,0,0,Randomly placed,0.9574285714285714,45,0,0,0,0,true,0,0,45,84,8,14,62,84,8,14,62,0.375,0,0,0,0,7.466666666666667,0.7003510913862682,0,0,0,
306,0.5,simple-random-sample,7,3500,347,541,2612,1,1,1,random,0,0,Randomly placed,1.036857142857143,45,0,0,0,0,true,0,0,45,69,4,13,52,69,4,13,52,0.375,0,0,0,0,6.133333333333334,0.7691531019523988,0,0,0,
321,0.5,simple-random-sample,7,3500,333,543,2624,1,1,1,random,0,0,Randomly placed,1.0002857142857142,45,0,0,0,0,true,0,0,45,80,15,12,53,80,15,12,53,0.375,0,0,0,0,7.111111111111111,0.7668560372183175,0,0,0,
328,0.5,simple-random-sample,7,3500,333,531,2636,1,1,1,random,0,0,Randomly placed,0.9797142857142856,45,0,0,0,0,true,0,0,45,77,10,10,57,77,10,10,57,0.375,0,0,0,0,6.844444444444444,0.9208632270516368,0,0,0,
320,0.5,simple-random-sample,7,3500,341,523,2636,1,1,1,random,0,0,Randomly placed,1.0271428571428571,45,0,0,0,0,true,0,0,45,75,8,13,54,75,8,13,54,0.375,0,0,0,0,6.666666666666667,0.7348469228349533,0,0,0,
326,0.5,simple-random-sample,7,3500,379,532,2589,1,1,1,random,0,0,Randomly placed,1.0351428571428571,45,0,0,0,0,true,0,0,45,80,8,15,57,80,8,15,57,0.375,0,0,0,0,7.111111111111111,0.7283816120189144,0,0,0,
322,0.5,simple-random-sample,7,3500,343,521,2636,1,1,1,random,0,0,Randomly placed,0.9625714285714286,45,0,0,0,0,true,0,0,45,90,8,10,72,90,8,10,72,0.375,0,0,0,0,8,0.648424664440323,0,0,0,
325,0.5,simple-random-sample,7,3500,348,509,2643,1,1,1,random,0,0,Randomly placed,1.018,45,0,0,0,0,true,0,0,45,88,12,10,66,88,12,10,66,0.375,0,0,0,0,7.822222222222222,0.7145426747469743,0,0,0,
327,0.5,simple-random-sample,7,3500,366,502,2632,1,1,1,random,0,0,Randomly placed,1.0482857142857143,45,0,0,0,0,true,0,0,45,59,6,7,46,59,6,7,46,0.375,0,0,0,0,5.2444444444444445,0.6669462646996881,0,0,0,
324,0.5,simple-random-sample,7,3500,354,514,2632,1,1,1,random,0,0,Randomly placed,1.0345714285714285,45,0,0,0,0,true,0,0,45,69,5,10,54,69,5,10,54,0.375,0,0,0,0,6.133333333333334,0.8296159280495717,0,0,0,
333,0.5,simple-random-sample,7,3500,358,488,2654,1,1,1,random,0,0,Randomly placed,1.0442857142857143,45,0,0,0,0,true,0,0,45,83,9,14,60,83,9,14,60,0.375,0,0,0,0,7.377777777777778,0.7397406621548387,0,0,0,
336,0.5,simple-random-sample,7,3500,365,519,2616,1,1,1,random,0,0,Randomly placed,1.022,45,0,0,0,0,true,0,0,45,90,8,20,62,90,8,20,62,0.375,0,0,0,0,8,0.7833494518006403,0,0,0,
323,0.5,simple-random-sample,7,3500,329,541,2630,1,1,1,random,0,0,Randomly placed,0.9957142857142857,45,0,0,0,0,true,0,0,45,88,7,14,67,88,7,14,67,0.375,0,0,0,0,7.822222222222222,0.5866572635948735,0,0,0,
337,0.5,simple-random-sample,7,3500,347,494,2659,1,1,1,random,0,0,Randomly placed,1.0465714285714285,45,0,0,0,0,true,0,0,45,89,11,14,64,89,11,14,64,0.375,0,0,0,0,7.911111111111111,0.6774053522599198,0,0,0,
335,0.5,simple-random-sample,7,3500,374,556,2570,1,1,1,random,0,0,Randomly placed,0.978,45,0,0,0,0,true,0,0,45,87,19,19,49,87,19,19,49,0.375,0,0,0,0,7.733333333333333,0.7592260337738431,0,0,0,
330,0.5,simple-random-sample,7,3500,330,527,2643,1,1,1,random,0,0,Randomly placed,0.9682857142857142,45,0,0,0,0,true,0,0,45,71,5,11,55,71,5,11,55,0.375,0,0,0,0,6.311111111111111,0.8273592163017274,0,0,0,
329,0.5,simple-random-sample,7,3500,331,538,2631,1,1,1,random,0,0,Randomly placed,0.9882857142857143,45,0,0,0,0,true,0,0,45,98,8,16,74,98,8,16,74,0.375,0,0,0,0,8.71111111111111,0.7213243187774785,0,0,0,
341,0.5,simple-random-sample,7,3500,363,544,2593,1,1,1,random,0,0,Randomly placed,0.9808571428571428,45,0,0,0,0,true,0,0,45,69,5,12,52,69,5,12,52,0.375,0,0,0,0,6.133333333333334,0.896806501242168,0,0,0,
338,0.5,simple-random-sample,7,3500,323,503,2674,1,1,1,random,0,0,Randomly placed,1.0002857142857142,45,0,0,0,0,true,0,0,45,77,11,10,56,77,11,10,56,0.375,0,0,0,0,6.844444444444444,0.7941312511818888,0,0,0,
342,0.5,simple-random-sample,7,3500,310,540,2650,1,1,1,random,0,0,Randomly placed,0.9791428571428572,45,0,0,0,0,true,0,0,45,73,2,13,58,73,2,13,58,0.375,0,0,0,0,6.488888888888889,0.802542489125469,0,0,0,
345,0.5,simple-random-sample,7,3500,338,522,2640,1,1,1,random,0,0,Randomly placed,1.0031428571428571,45,0,0,0,0,true,0,0,45,88,11,13,64,88,11,13,64,0.375,0,0,0,0,7.822222222222222,0.6065796030208248,0,0,0,
347,0.5,simple-random-sample,7,3500,324,577,2599,1,1,1,random,0,0,Randomly placed,1.0374285714285714,45,0,0,0,0,true,0,0,45,67,6,12,49,67,6,12,49,0.375,0,0,0,0,5.955555555555556,0.8425658260736296,0,0,0,
332,0.5,simple-random-sample,7,3500,354,520,2626,1,1,1,random,0,0,Randomly placed,0.9968571428571428,45,0,0,0,0,true,0,0,45,76,10,10,56,76,10,10,56,0.375,0,0,0,0,6.7555555555555555,0.6414818724617661,0,0,0,
339,0.5,simple-random-sample,7,3500,391,546,2563,1,1,1,random,0,0,Randomly placed,0.9877142857142857,45,0,0,0,0,true,0,0,45,75,8,10,57,75,8,10,57,0.375,0,0,0,0,6.666666666666667,0.6768912897813193,0,0,0,
346,0.5,simple-random-sample,7,3500,330,522,2648,1,1,1,random,0,0,Randomly placed,0.9465714285714286,45,0,0,0,0,true,0,0,45,78,6,18,54,78,6,18,54,0.375,0,0,0,0,6.933333333333334,0.6669299731053914,0,0,0,
334,0.5,simple-random-sample,7,3500,341,503,2656,1,1,1,random,0,0,Randomly placed,0.9299999999999999,45,0,0,0,0,true,0,0,45,72,2,15,55,72,2,15,55,0.375,0,0,0,0,6.4,0.8676640531282304,0,0,0,
351,0.5,simple-random-sample,7,3500,319,542,2639,1,1,1,random,0,0,Randomly placed,1.0111428571428571,45,0,0,0,0,true,0,0,45,78,7,15,56,78,7,15,56,0.375,0,0,0,0,6.933333333333334,0.7622056835490186,0,0,0,
353,0.5,simple-random-sample,7,3500,337,517,2646,1,1,1,random,0,0,Randomly placed,0.9934285714285714,45,0,0,0,0,true,0,0,45,91,9,17,65,91,9,17,65,0.375,0,0,0,0,8.088888888888889,0.6872226551631454,0,0,0,
352,0.5,simple-random-sample,7,3500,304,486,2710,1,1,1,random,0,0,Randomly placed,0.9654285714285714,45,0,0,0,0,true,0,0,45,78,3,8,67,78,3,8,67,0.375,0,0,0,0,6.933333333333334,0.9399678384847489,0,0,0,
350,0.5,simple-random-sample,7,3500,348,554,2598,1,1,1,random,0,0,Randomly placed,1.0162857142857142,45,0,0,0,0,true,0,0,45,95,13,11,71,95,13,11,71,0.375,0,0,0,0,8.444444444444445,0.6404874119805675,0,0,0,
355,0.5,simple-random-sample,7,3500,332,502,2666,1,1,1,random,0,0,Randomly placed,0.9934285714285714,45,0,0,0,0,true,0,0,45,73,10,8,55,73,10,8,55,0.375,0,0,0,0,6.488888888888889,0.8237836853269511,0,0,0,
340,0.5,simple-random-sample,7,3500,377,563,2560,1,1,1,random,0,0,Randomly placed,0.9871428571428572,45,0,0,0,0,true,0,0,45,88,9,16,63,88,9,16,63,0.375,0,0,0,0,7.822222222222222,0.8371067990482289,0,0,0,
343,0.5,simple-random-sample,7,3500,359,547,2594,1,1,1,random,0,0,Randomly placed,1.0408571428571427,45,0,0,0,0,true,0,0,45,64,9,10,45,64,9,10,45,0.375,0,0,0,0,5.688888888888889,0.9178516305847287,0,0,0,
348,0.5,simple-random-sample,7,3500,366,515,2619,1,1,1,random,0,0,Randomly placed,0.9842857142857142,45,0,0,0,0,true,0,0,45,76,8,15,53,76,8,15,53,0.375,0,0,0,0,6.7555555555555555,0.7232219054012944,0,0,0,
354,0.5,simple-random-sample,7,3500,343,521,2636,1,1,1,random,0,0,Randomly placed,0.97,45,0,0,0,0,true,0,0,45,81,5,14,62,81,5,14,62,0.375,0,0,0,0,7.2,0.8085541542942483,0,0,0,
349,0.5,simple-random-sample,7,3500,336,563,2601,1,1,1,random,0,0,Randomly placed,0.9905714285714285,45,0,0,0,0,true,0,0,45,89,12,14,63,89,12,14,63,0.375,0,0,0,0,7.911111111111111,0.6943478079970796,0,0,0,
357,0.5,simple-random-sample,7,3500,319,527,2654,1,1,1,random,0,0,Randomly placed,0.9814285714285714,45,0,0,0,0,true,0,0,45,75,7,8,60,75,7,8,60,0.375,0,0,0,0,6.666666666666667,0.6646940512883968,0,0,0,
358,0.5,simple-random-sample,7,3500,331,528,2641,1,1,1,random,0,0,Randomly placed,1.032857142857143,45,0,0,0,0,true,0,0,45,84,8,7,69,84,8,7,69,0.375,0,0,0,0,7.466666666666667,0.7366624831632093,0,0,0,
356,0.5,simple-random-sample,7,3500,368,508,2624,1,1,1,random,0,0,Randomly placed,1.0391428571428571,45,0,0,0,0,true,0,0,45,81,13,8,60,81,13,8,60,0.375,0,0,0,0,7.2,0.7730737983162395,0,0,0,
362,0.5,simple-random-sample,7,3500,376,532,2592,1,1,1,random,0,0,Randomly placed,1.0351428571428571,45,0,0,0,0,true,0,0,45,79,10,8,61,79,10,8,61,0.375,0,0,0,0,7.022222222222222,0.6444008915788392,0,0,0,
359,0.5,simple-random-sample,7,3500,359,542,2599,1,1,1,random,0,0,Randomly placed,0.9797142857142856,45,0,0,0,0,true,0,0,45,70,8,11,51,70,8,11,51,0.375,0,0,0,0,6.222222222222222,0.8056790542172811,0,0,0,
361,0.5,simple-random-sample,7,3500,339,538,2623,1,1,1,random,0,0,Randomly placed,1.038,45,0,0,0,0,true,0,0,45,76,10,19,47,76,10,19,47,0.375,0,0,0,0,6.7555555555555555,0.7008410873122891,0,0,0,
363,0.5,simple-random-sample,7,3500,339,500,2661,1,1,1,random,0,0,Randomly placed,0.9654285714285714,45,0,0,0,0,true,0,0,45,97,8,13,76,97,8,13,76,0.375,0,0,0,0,8.622222222222222,0.7398625502103747,0,0,0,
360,0.5,simple-random-sample,7,3500,380,480,2640,1,1,1,random,0,0,Randomly placed,1.0134285714285716,45,0,0,0,0,true,0,0,45,82,9,16,57,82,9,16,57,0.375,0,0,0,0,7.288888888888889,0.7518027654868771,0,0,0,
344,0.5,simple-random-sample,7,3500,347,533,2620,1,1,1,random,0,0,Randomly placed,0.9522857142857143,45,0,0,0,0,true,0,0,45,94,7,9,78,94,7,9,78,0.375,0,0,0,0,8.355555555555556,0.6359361530312055,0,0,0,
366,0.5,simple-random-sample,7,3500,345,542,2613,1,1,1,random,0,0,Randomly placed,0.9431428571428572,45,0,0,0,0,true,0,0,45,74,4,8,62,74,4,8,62,0.375,0,0,0,0,6.5777777777777775,0.8112713679685466,0,0,0,
365,0.5,simple-random-sample,7,3500,361,546,2593,1,1,1,random,0,0,Randomly placed,1.0391428571428571,45,0,0,0,0,true,0,0,45,84,7,13,64,84,7,13,64,0.375,0,0,0,0,7.466666666666667,0.7187361356249325,0,0,0,
364,0.5,simple-random-sample,7,3500,351,509,2640,1,1,1,random,0,0,Randomly placed,1.020857142857143,45,0,0,0,0,true,0,0,45,73,11,7,55,73,11,7,55,0.375,0,0,0,0,6.488888888888889,0.8844517512494973,0,0,0,
369,0.5,simple-random-sample,7,3500,369,544,2587,1,1,1,random,0,0,Randomly placed,1.0294285714285716,45,0,0,0,0,true,0,0,45,74,12,7,55,74,12,7,55,0.375,0,0,0,0,6.5777777777777775,0.8008447711219877,0,0,0,
331,0.5,simple-random-sample,7,3500,389,540,2571,1,1,1,random,0,0,Randomly placed,1.01,45,0,0,0,0,true,0,0,45,74,9,13,52,74,9,13,52,0.375,0,0,0,0,6.5777777777777775,0.7902806225520784,0,0,0,
367,0.5,simple-random-sample,7,3500,353,548,2599,1,1,1,random,0,0,Randomly placed,0.9528571428571428,45,0,0,0,0,true,0,0,45,62,2,15,45,62,2,15,45,0.375,0,0,0,0,5.511111111111111,0.8655747009676605,0,0,0,
376,0.5,simple-random-sample,7,3500,383,512,2605,1,1,1,random,0,0,Randomly placed,0.9831428571428571,45,0,0,0,0,true,0,0,45,82,8,12,62,82,8,12,62,0.375,0,0,0,0,7.288888888888889,0.7426427850609051,0,0,0,
373,0.5,simple-random-sample,7,3500,328,543,2629,1,1,1,random,0,0,Randomly placed,0.99,45,0,0,0,0,true,0,0,45,67,3,13,51,67,3,13,51,0.375,0,0,0,0,5.955555555555556,0.8899077722844086,0,0,0,
377,0.5,simple-random-sample,7,3500,338,509,2653,1,1,1,random,0,0,Randomly placed,1.0197142857142858,45,0,0,0,0,true,0,0,45,85,9,4,72,85,9,4,72,0.375,0,0,0,0,7.555555555555555,0.8234339134850591,0,0,0,
382,0.5,simple-random-sample,7,3500,362,537,2601,1,1,1,random,0,0,Randomly placed,0.9511428571428572,45,0,0,0,0,true,0,0,45,76,11,13,52,76,11,13,52,0.375,0,0,0,0,6.7555555555555555,0.6414818724617661,0,0,0,
378,0.5,simple-random-sample,7,3500,367,547,2586,1,1,1,random,0,0,Randomly placed,0.9728571428571428,45,0,0,0,0,true,0,0,45,102,10,14,78,102,10,14,78,0.375,0,0,0,0,9.066666666666666,0.6337659874372693,0,0,0,
380,0.5,simple-random-sample,7,3500,376,525,2599,1,1,1,random,0,0,Randomly placed,1.0568571428571427,45,0,0,0,0,true,0,0,45,76,9,5,62,76,9,5,62,0.375,0,0,0,0,6.7555555555555555,0.6289381092790053,0,0,0,
385,0.5,simple-random-sample,7,3500,336,529,2635,1,1,1,random,0,0,Randomly placed,1.0357142857142858,45,0,0,0,0,true,0,0,45,75,9,9,57,75,9,9,57,0.375,0,0,0,0,6.666666666666667,0.8388303545034378,0,0,0,
383,0.5,simple-random-sample,7,3500,352,513,2635,1,1,1,random,0,0,Randomly placed,0.9997142857142858,45,0,0,0,0,true,0,0,45,73,5,8,60,73,5,8,60,0.375,0,0,0,0,6.488888888888889,0.7582771393978615,0,0,0,
372,0.5,simple-random-sample,7,3500,353,508,2639,1,1,1,random,0,0,Randomly placed,0.9814285714285714,45,0,0,0,0,true,0,0,45,94,5,20,69,94,5,20,69,0.375,0,0,0,0,8.355555555555556,0.5847326043670041,0,0,0,
368,0.5,simple-random-sample,7,3500,343,553,2604,1,1,1,random,0,0,Randomly placed,1.0877142857142856,45,0,0,0,0,true,0,0,45,89,10,13,66,89,10,13,66,0.375,0,0,0,0,7.911111111111111,0.7659652608768781,0,0,0,
387,0.5,simple-random-sample,7,3500,336,551,2613,1,1,1,random,0,0,Randomly placed,0.9802857142857143,45,0,0,0,0,true,0,0,45,73,6,16,51,73,6,16,51,0.375,0,0,0,0,6.488888888888889,0.7695822092622586,0,0,0,
381,0.5,simple-random-sample,7,3500,344,550,2606,1,1,1,random,0,0,Randomly placed,0.9734285714285714,45,0,0,0,0,true,0,0,45,77,6,15,56,77,6,15,56,0.375,0,0,0,0,6.844444444444444,0.8323117879385679,0,0,0,
386,0.5,simple-random-sample,7,3500,301,544,2655,1,1,1,random,0,0,Randomly placed,0.9951428571428572,45,0,0,0,0,true,0,0,45,83,10,16,57,83,10,16,57,0.375,0,0,0,0,7.377777777777778,0.7306538344515164,0,0,0,
375,0.5,simple-random-sample,7,3500,333,547,2620,1,1,1,random,0,0,Randomly placed,0.9665714285714285,45,0,0,0,0,true,0,0,45,70,7,10,53,70,7,10,53,0.375,0,0,0,0,6.222222222222222,0.757614408414158,0,0,0,
379,0.5,simple-random-sample,7,3500,354,530,2616,1,1,1,random,0,0,Randomly placed,1.046,45,0,0,0,0,true,0,0,45,79,7,11,61,79,7,11,61,0.375,0,0,0,0,7.022222222222222,0.7695678242089784,0,0,0,
388,0.5,simple-random-sample,7,3500,333,573,2594,1,1,1,random,0,0,Randomly placed,1.0145714285714287,45,0,0,0,0,true,0,0,45,76,5,13,58,76,5,13,58,0.375,0,0,0,0,6.7555555555555555,0.7865526103280699,0,0,0,
371,0.5,simple-random-sample,7,3500,325,524,2651,1,1,1,random,0,0,Randomly placed,1.0391428571428571,45,0,0,0,0,true,0,0,45,88,8,17,63,88,8,17,63,0.375,0,0,0,0,7.822222222222222,0.7228120564646792,0,0,0,
384,0.5,simple-random-sample,7,3500,333,505,2662,1,1,1,random,0,0,Randomly placed,1.008857142857143,45,0,0,0,0,true,0,0,45,88,10,15,63,88,10,15,63,0.375,0,0,0,0,7.822222222222222,0.6537346476068042,0,0,0,
389,0.5,simple-random-sample,7,3500,368,535,2597,1,1,1,random,0,0,Randomly placed,1.0854285714285714,45,0,0,0,0,true,0,0,45,83,6,15,62,83,6,15,62,0.375,0,0,0,0,7.377777777777778,0.816986683039848,0,0,0,
395,0.5,simple-random-sample,7,3500,339,542,2619,1,1,1,random,0,0,Randomly placed,0.9848571428571429,45,0,0,0,0,true,0,0,45,68,14,10,44,68,14,10,44,0.375,0,0,0,0,6.044444444444444,0.7548209322904632,0,0,0,
401,0.5,simple-random-sample,0.01,5,0,0,5,0.7,0.7,0.7,random,0,0,Randomly placed,0.9975000000000355,45,0,0,0,0,true,0,0,45,0,0,0,0,0,0,0,0,0.375,0,0,0,0,0,NA,0,0,0,
402,0.5,simple-random-sample,0.01,5,1,1,3,0.7,0.7,0.7,random,0,0,Randomly placed,0.9975000000000388,45,0,0,0,0,true,0,0,45,0,0,0,0,0,0,0,0,0.375,0,0,0,0,0,NA,0,0,0,
397,0.5,simple-random-sample,7,3500,344,531,2625,1,1,1,random,0,0,Randomly placed,0.9722857142857143,45,0,0,0,0,true,0,0,45,80,8,10,62,80,8,10,62,0.375,0,0,0,0,7.111111111111111,0.6445796727678078,0,0,0,
390,0.5,simple-random-sample,7,3500,388,522,2590,1,1,1,random,0,0,Randomly placed,0.9945714285714286,45,0,0,0,0,true,0,0,45,91,11,12,68,91,11,12,68,0.375,0,0,0,0,8.088888888888889,0.6952627101588931,0,0,0,
398,0.5,simple-random-sample,7,3500,354,519,2627,1,1,1,random,0,0,Randomly placed,0.9648571428571427,45,0,0,0,0,true,0,0,45,56,6,10,40,56,6,10,40,0.375,0,0,0,0,4.977777777777778,0.9250683171883454,0,0,0,
405,0.5,simple-random-sample,0.01,5,1,1,3,0.7,0.7,0.7,random,0,0,Randomly placed,0.9975000000000489,45,0,0,0,0,true,0,0,45,0,0,0,0,0,0,0,0,0.375,0,0,0,0,0,NA,0,0,0,
394,0.5,simple-random-sample,7,3500,336,565,2599,1,1,1,random,0,0,Randomly placed,0.9974285714285714,45,0,0,0,0,true,0,0,45,87,5,16,66,87,5,16,66,0.375,0,0,0,0,7.733333333333333,0.6833568197336031,0,0,0,
409,0.5,simple-random-sample,0.01,5,1,0,4,0.7,0.7,0.7,random,0,0,Randomly placed,0.9975000000000394,45,0,0,0,0,true,0,0,45,0,0,0,0,0,0,0,0,0.375,0,0,0,0,0,NA,0,0,0,
391,0.5,simple-random-sample,7,3500,337,519,2644,1,1,1,random,0,0,Randomly placed,0.9785714285714285,45,0,0,0,0,true,0,0,45,81,4,10,67,81,4,10,67,0.375,0,0,0,0,7.2,0.7358847565072322,0,0,0,
406,0.5,simple-random-sample,0.01,5,1,0,4,0.7,0.7,0.7,random,0,0,Randomly placed,0.9975000000000457,45,0,0,0,0,true,0,0,45,0,0,0,0,0,0,0,0,0.375,0,0,0,0,0,NA,0,0,0,
404,0.5,simple-random-sample,0.01,5,0,0,5,0.7,0.7,0.7,random,0,0,Randomly placed,0.9975000000000556,45,0,0,0,0,true,0,0,45,0,0,0,0,0,0,0,0,0.375,0,0,0,0,0,NA,0,0,0,
403,0.5,simple-random-sample,0.01,5,1,1,3,0.7,0.7,0.7,random,0,0,Randomly placed,0.9975000000000409,45,0,0,0,0,true,0,0,45,0,0,0,0,0,0,0,0,0.375,0,0,0,0,0,NA,0,0,0,
410,0.5,simple-random-sample,0.01,5,0,1,4,0.7,0.7,0.7,random,0,0,Randomly placed,0.9975000000000152,45,0,0,0,0,true,0,0,45,0,0,0,0,0,0,0,0,0.375,0,0,0,0,0,NA,0,0,0,
370,0.5,simple-random-sample,7,3500,358,542,2600,1,1,1,random,0,0,Randomly placed,1.0334285714285714,45,0,0,0,0,true,0,0,45,82,5,13,64,82,5,13,64,0.375,0,0,0,0,7.288888888888889,0.8045756335720741,0,0,0,
399,0.5,simple-random-sample,7,3500,363,499,2638,1,1,1,random,0,0,Randomly placed,0.9511428571428572,45,0,0,0,0,true,0,0,45,68,5,11,52,68,5,11,52,0.375,0,0,0,0,6.044444444444444,0.9211074717535893,0,0,0,
412,0.5,simple-random-sample,0.01,5,0,1,4,0.7,0.7,0.7,random,0,0,Randomly placed,0.9975000000000259,45,0,0,0,0,true,0,0,45,1,0,0,1,1,0,0,1,0.375,0,0,0,0,0.08888888888888889,6.708203932499369,0,0,0,
413,0.5,simple-random-sample,0.01,5,0,1,4,0.7,0.7,0.7,random,0,0,Randomly placed,0.9975000000000591,45,0,0,0,0,true,0,0,45,0,0,0,0,0,0,0,0,0.375,0,0,0,0,0,NA,0,0,0,
408,0.5,simple-random-sample,0.01,5,0,3,2,0.7,0.7,0.7,random,0,0,Randomly placed,0.9975000000000583,45,0,0,0,0,true,0,0,45,0,0,0,0,0,0,0,0,0.375,0,0,0,0,0,NA,0,0,0,
400,0.5,simple-random-sample,7,3500,346,531,2623,1,1,1,random,0,0,Randomly placed,0.9500000000000001,45,0,0,0,0,true,0,0,45,85,7,17,61,85,7,17,61,0.375,0,0,0,0,7.555555555555555,0.660292480018931,0,0,0,
416,0.5,simple-random-sample,0.01,5,0,1,4,0.7,0.7,0.7,random,0,0,Randomly placed,0.9975000000000563,45,0,0,0,0,true,0,0,45,1,0,0,1,1,0,0,1,0.375,0,0,0,0,0.08888888888888889,6.70820393249937,0,0,0,
417,0.5,simple-random-sample,0.01,5,1,0,4,0.7,0.7,0.7,random,0,0,Randomly placed,0.9975000000000181,45,0,0,0,0,true,0,0,45,0,0,0,0,0,0,0,0,0.375,0,0,0,0,0,NA,0,0,0,
414,0.5,simple-random-sample,0.01,5,0,1,4,0.7,0.7,0.7,random,0,0,Randomly placed,0.9975000000000314,45,0,0,0,0,true,0,0,45,0,0,0,0,0,0,0,0,0.375,0,0,0,0,0,NA,0,0,0,
411,0.5,simple-random-sample,0.01,5,0,0,5,0.7,0.7,0.7,random,0,0,Randomly placed,0.9975000000000671,45,0,0,0,0,true,0,0,45,0,0,0,0,0,0,0,0,0.375,0,0,0,0,0,NA,0,0,0,
393,0.5,simple-random-sample,7,3500,334,515,2651,1,1,1,random,0,0,Randomly placed,0.9505714285714285,45,0,0,0,0,true,0,0,45,72,4,8,60,72,4,8,60,0.375,0,0,0,0,6.4,0.7466782500454322,0,0,0,
421,0.5,simple-random-sample,0.01,5,1,1,3,0.7,0.7,0.7,random,0,0,Randomly placed,0.9975000000000611,45,0,0,0,0,true,0,0,45,0,0,0,0,0,0,0,0,0.375,0,0,0,0,0,NA,0,0,0,
415,0.5,simple-random-sample,0.01,5,0,0,5,0.7,0.7,0.7,random,0,0,Randomly placed,0.9975000000000227,45,0,0,0,0,true,0,0,45,0,0,0,0,0,0,0,0,0.375,0,0,0,0,0,NA,0,0,0,
420,0.5,simple-random-sample,0.01,5,2,0,3,0.7,0.7,0.7,random,0,0,Randomly placed,0.9975000000000603,45,0,0,0,0,true,0,0,45,0,0,0,0,0,0,0,0,0.375,0,0,0,0,0,NA,0,0,0,
374,0.5,simple-random-sample,7,3500,368,515,2617,1,1,1,random,0,0,Randomly placed,0.9745714285714285,45,0,0,0,0,true,0,0,45,65,5,10,50,65,5,10,50,0.375,0,0,0,0,5.777777777777778,0.9164975311385781,0,0,0,
423,0.5,simple-random-sample,0.01,5,0,1,4,0.7,0.7,0.7,random,0,0,Randomly placed,0.9975000000000462,45,0,0,0,0,true,0,0,45,0,0,0,0,0,0,0,0,0.375,0,0,0,0,0,NA,0,0,0,
418,0.5,simple-random-sample,0.01,5,1,1,3,0.7,0.7,0.7,random,0,0,Randomly placed,0.9975000000000314,45,0,0,0,0,true,0,0,45,0,0,0,0,0,0,0,0,0.375,0,0,0,0,0,NA,0,0,0,
424,0.5,simple-random-sample,0.01,5,2,1,2,0.7,0.7,0.7,random,0,0,Randomly placed,0.9975000000000468,45,0,0,0,0,true,0,0,45,0,0,0,0,0,0,0,0,0.375,0,0,0,0,0,NA,0,0,0,
426,0.5,simple-random-sample,0.01,5,0,0,5,0.7,0.7,0.7,random,0,0,Randomly placed,0.9975000000000608,45,0,0,0,0,true,0,0,45,0,0,0,0,0,0,0,0,0.375,0,0,0,0,0,NA,0,0,0,
425,0.5,simple-random-sample,0.01,5,0,1,4,0.7,0.7,0.7,random,0,0,Randomly placed,0.9975000000000461,45,0,0,0,0,true,0,0,45,0,0,0,0,0,0,0,0,0.375,0,0,0,0,0,NA,0,0,0,
407,0.5,simple-random-sample,0.01,5,1,0,4,0.7,0.7,0.7,random,0,0,Randomly placed,0.9975000000000521,45,0,0,0,0,true,0,0,45,0,0,0,0,0,0,0,0,0.375,0,0,0,0,0,NA,0,0,0,
419,0.5,simple-random-sample,0.01,5,1,2,2,0.7,0.7,0.7,random,0,0,Randomly placed,0.9975000000000244,45,0,0,0,0,true,0,0,45,0,0,0,0,0,0,0,0,0.375,0,0,0,0,0,NA,0,0,0,
427,0.5,simple-random-sample,0.01,5,0,1,4,0.7,0.7,0.7,random,0,0,Randomly placed,0.9975000000000366,45,0,0,0,0,true,0,0,45,0,0,0,0,0,0,0,0,0.375,0,0,0,0,0,NA,0,0,0,
429,0.5,simple-random-sample,0.01,5,2,0,3,0.7,0.7,0.7,random,0,0,Randomly placed,0.9975000000000156,45,0,0,0,0,true,0,0,45,0,0,0,0,0,0,0,0,0.375,0,0,0,0,0,NA,0,0,0,
431,0.5,simple-random-sample,0.01,5,0,2,3,0.7,0.7,0.7,random,0,0,Randomly placed,0.9975000000000525,45,0,0,0,0,true,0,0,45,0,0,0,0,0,0,0,0,0.375,0,0,0,0,0,NA,0,0,0,
396,0.5,simple-random-sample,7,3500,341,514,2645,1,1,1,random,0,0,Randomly placed,0.9877142857142857,45,0,0,0,0,true,0,0,45,76,5,16,55,76,5,16,55,0.375,0,0,0,0,6.7555555555555555,0.6414818724617661,0,0,0,
434,0.5,simple-random-sample,0.01,5,1,0,4,0.7,0.7,0.7,random,0,0,Randomly placed,0.9975000000000289,45,0,0,0,0,true,0,0,45,0,0,0,0,0,0,0,0,0.375,0,0,0,0,0,NA,0,0,0,
428,0.5,simple-random-sample,0.01,5,2,0,3,0.7,0.7,0.7,random,0,0,Randomly placed,0.997500000000049,45,0,0,0,0,true,0,0,45,0,0,0,0,0,0,0,0,0.375,0,0,0,0,0,NA,0,0,0,
435,0.5,simple-random-sample,0.01,5,0,0,5,0.7,0.7,0.7,random,0,0,Randomly placed,0.997500000000045,45,0,0,0,0,true,0,0,45,0,0,0,0,0,0,0,0,0.375,0,0,0,0,0,NA,0,0,0,
422,0.5,simple-random-sample,0.01,5,0,1,4,0.7,0.7,0.7,random,0,0,Randomly placed,0.9975000000000317,45,0,0,0,0,true,0,0,45,0,0,0,0,0,0,0,0,0.375,0,0,0,0,0,NA,0,0,0,
430,0.5,simple-random-sample,0.01,5,1,2,2,0.7,0.7,0.7,random,0,0,Randomly placed,0.9975000000000419,45,0,0,0,0,true,0,0,45,0,0,0,0,0,0,0,0,0.375,0,0,0,0,0,NA,0,0,0,
433,0.5,simple-random-sample,0.01,5,0,2,3,0.7,0.7,0.7,random,0,0,Randomly placed,0.9975000000000659,45,0,0,0,0,true,0,0,45,0,0,0,0,0,0,0,0,0.375,0,0,0,0,0,NA,0,0,0,
432,0.5,simple-random-sample,0.01,5,0,1,4,0.7,0.7,0.7,random,0,0,Randomly placed,0.9975000000000157,45,0,0,0,0,true,0,0,45,0,0,0,0,0,0,0,0,0.375,0,0,0,0,0,NA,0,0,0,
437,0.5,simple-random-sample,0.01,5,0,3,2,0.7,0.7,0.7,random,0,0,Randomly placed,0.997500000000058,45,0,0,0,0,true,0,0,45,0,0,0,0,0,0,0,0,0.375,0,0,0,0,0,NA,0,0,0,
436,0.5,simple-random-sample,0.01,5,0,1,4,0.7,0.7,0.7,random,0,0,Randomly placed,0.997500000000044,45,0,0,0,0,true,0,0,45,0,0,0,0,0,0,0,0,0.375,0,0,0,0,0,NA,0,0,0,
441,0.5,simple-random-sample,0.01,5,1,1,3,0.7,0.7,0.7,random,0,0,Randomly placed,0.9975000000000395,45,0,0,0,0,true,0,0,45,0,0,0,0,0,0,0,0,0.375,0,0,0,0,0,NA,0,0,0,
438,0.5,simple-random-sample,0.01,5,0,0,5,0.7,0.7,0.7,random,0,0,Randomly placed,0.9975000000000533,45,0,0,0,0,true,0,0,45,0,0,0,0,0,0,0,0,0.375,0,0,0,0,0,NA,0,0,0,
440,0.5,simple-random-sample,0.01,5,0,1,4,0.7,0.7,0.7,random,0,0,Randomly placed,0.9975000000000438,45,0,0,0,0,true,0,0,45,1,0,0,1,0,0,0,0,0.375,0,0,0,0,0,NA,0,0,0,
446,0.5,simple-random-sample,0.01,5,0,0,5,0.7,0.7,0.7,random,0,0,Randomly placed,0.9975000000000299,45,0,0,0,0,true,0,0,45,0,0,0,0,0,0,0,0,0.375,0,0,0,0,0,NA,0,0,0,
444,0.5,simple-random-sample,0.01,5,1,1,3,0.7,0.7,0.7,random,0,0,Randomly placed,0.9975000000000651,45,0,0,0,0,true,0,0,45,0,0,0,0,0,0,0,0,0.375,0,0,0,0,0,NA,0,0,0,
442,0.5,simple-random-sample,0.01,5,0,1,4,0.7,0.7,0.7,random,0,0,Randomly placed,0.9975000000000114,45,0,0,0,0,true,0,0,45,0,0,0,0,0,0,0,0,0.375,0,0,0,0,0,NA,0,0,0,
439,0.5,simple-random-sample,0.01,5,0,2,3,0.7,0.7,0.7,random,0,0,Randomly placed,0.9975000000000259,45,0,0,0,0,true,0,0,45,0,0,0,0,0,0,0,0,0.375,0,0,0,0,0,NA,0,0,0,
450,0.5,simple-random-sample,0.01,5,1,0,4,0.7,0.7,0.7,random,0,0,Randomly placed,0.9975000000000407,45,0,0,0,0,true,0,0,45,0,0,0,0,0,0,0,0,0.375,0,0,0,0,0,NA,0,0,0,
447,0.5,simple-random-sample,0.01,5,1,1,3,0.7,0.7,0.7,random,0,0,Randomly placed,0.9975000000000123,45,0,0,0,0,true,0,0,45,0,0,0,0,0,0,0,0,0.375,0,0,0,0,0,NA,0,0,0,
451,0.5,simple-random-sample,0.01,5,1,1,3,0.7,0.7,0.7,random,0,0,Randomly placed,0.9975000000000364,45,0,0,0,0,true,0,0,45,1,0,0,1,1,0,0,1,0.375,0,0,0,0,0.08888888888888889,6.70820393249937,0,0,0,
392,0.5,simple-random-sample,7,3500,349,542,2609,1,1,1,random,0,0,Randomly placed,1.0631428571428572,45,0,0,0,0,true,0,0,45,74,8,13,53,74,8,13,53,0.375,0,0,0,0,6.5777777777777775,0.8112713679685466,0,0,0,
445,0.5,simple-random-sample,0.01,5,0,0,5,0.7,0.7,0.7,random,0,0,Randomly placed,0.9975000000000493,45,0,0,0,0,true,0,0,45,0,0,0,0,0,0,0,0,0.375,0,0,0,0,0,NA,0,0,0,
448,0.5,simple-random-sample,0.01,5,1,0,4,0.7,0.7,0.7,random,0,0,Randomly placed,0.997500000000023,45,0,0,0,0,true,0,0,45,0,0,0,0,0,0,0,0,0.375,0,0,0,0,0,NA,0,0,0,
453,0.5,simple-random-sample,0.01,5,0,1,4,0.7,0.7,0.7,random,0,0,Randomly placed,0.9975000000000515,45,0,0,0,0,true,0,0,45,0,0,0,0,0,0,0,0,0.375,0,0,0,0,0,NA,0,0,0,
443,0.5,simple-random-sample,0.01,5,0,1,4,0.7,0.7,0.7,random,0,0,Randomly placed,0.9975000000000628,45,0,0,0,0,true,0,0,45,0,0,0,0,0,0,0,0,0.375,0,0,0,0,0,NA,0,0,0,
449,0.5,simple-random-sample,0.01,5,0,0,5,0.7,0.7,0.7,random,0,0,Randomly placed,0.9975000000000169,45,0,0,0,0,true,0,0,45,0,0,0,0,0,0,0,0,0.375,0,0,0,0,0,NA,0,0,0,
452,0.5,simple-random-sample,0.01,5,0,1,4,0.7,0.7,0.7,random,0,0,Randomly placed,0.9975000000000369,45,0,0,0,0,true,0,0,45,0,0,0,0,0,0,0,0,0.375,0,0,0,0,0,NA,0,0,0,
454,0.5,simple-random-sample,0.01,5,0,0,5,0.7,0.7,0.7,random,0,0,Randomly placed,0.9975000000000485,45,0,0,0,0,true,0,0,45,0,0,0,0,0,0,0,0,0.375,0,0,0,0,0,NA,0,0,0,
457,0.5,simple-random-sample,0.01,5,0,1,4,0.7,0.7,0.7,random,0,0,Randomly placed,0.9975000000000144,45,0,0,0,0,true,0,0,45,0,0,0,0,0,0,0,0,0.375,0,0,0,0,0,NA,0,0,0,
456,0.5,simple-random-sample,0.01,5,0,0,5,0.7,0.7,0.7,random,0,0,Randomly placed,0.997500000000027,45,0,0,0,0,true,0,0,45,0,0,0,0,0,0,0,0,0.375,0,0,0,0,0,NA,0,0,0,
455,0.5,simple-random-sample,0.01,5,0,1,4,0.7,0.7,0.7,random,0,0,Randomly placed,0.9975000000000322,45,0,0,0,0,true,0,0,45,0,0,0,0,0,0,0,0,0.375,0,0,0,0,0,NA,0,0,0,
460,0.5,simple-random-sample,0.01,5,1,0,4,0.7,0.7,0.7,random,0,0,Randomly placed,0.9975000000000471,45,0,0,0,0,true,0,0,45,1,0,0,1,0,0,0,0,0.375,0,0,0,0,0,NA,0,0,0,
461,0.5,simple-random-sample,0.01,5,0,0,5,0.7,0.7,0.7,random,0,0,Randomly placed,0.9975000000000506,45,0,0,0,0,true,0,0,45,0,0,0,0,0,0,0,0,0.375,0,0,0,0,0,NA,0,0,0,
466,0.5,simple-random-sample,0.01,5,0,2,3,0.7,0.7,0.7,random,0,0,Randomly placed,0.9975000000000295,45,0,0,0,0,true,0,0,45,0,0,0,0,0,0,0,0,0.375,0,0,0,0,0,NA,0,0,0,
458,0.5,simple-random-sample,0.01,5,0,3,2,0.7,0.7,0.7,random,0,0,Randomly placed,0.9975000000000128,45,0,0,0,0,true,0,0,45,0,0,0,0,0,0,0,0,0.375,0,0,0,0,0,NA,0,0,0,
464,0.5,simple-random-sample,0.01,5,1,1,3,0.7,0.7,0.7,random,0,0,Randomly placed,0.9975000000000441,45,0,0,0,0,true,0,0,45,0,0,0,0,0,0,0,0,0.375,0,0,0,0,0,NA,0,0,0,
462,0.5,simple-random-sample,0.01,5,0,1,4,0.7,0.7,0.7,random,0,0,Randomly placed,0.9975000000000296,45,0,0,0,0,true,0,0,45,0,0,0,0,0,0,0,0,0.375,0,0,0,0,0,NA,0,0,0,
467,0.5,simple-random-sample,0.01,5,0,0,5,0.7,0.7,0.7,random,0,0,Randomly placed,0.9975000000000167,45,0,0,0,0,true,0,0,45,0,0,0,0,0,0,0,0,0.375,0,0,0,0,0,NA,0,0,0,
463,0.5,simple-random-sample,0.01,5,0,1,4,0.7,0.7,0.7,random,0,0,Randomly placed,0.9975000000000438,45,0,0,0,0,true,0,0,45,0,0,0,0,0,0,0,0,0.375,0,0,0,0,0,NA,0,0,0,
469,0.5,simple-random-sample,0.01,5,1,0,4,0.7,0.7,0.7,random,0,0,Randomly placed,0.9975000000000536,45,0,0,0,0,true,0,0,45,0,0,0,0,0,0,0,0,0.375,0,0,0,0,0,NA,0,0,0,
459,0.5,simple-random-sample,0.01,5,0,0,5,0.7,0.7,0.7,random,0,0,Randomly placed,0.9975000000000634,45,0,0,0,0,true,0,0,45,0,0,0,0,0,0,0,0,0.375,0,0,0,0,0,NA,0,0,0,
468,0.5,simple-random-sample,0.01,5,0,1,4,0.7,0.7,0.7,random,0,0,Randomly placed,0.9975000000000428,45,0,0,0,0,true,0,0,45,0,0,0,0,0,0,0,0,0.375,0,0,0,0,0,NA,0,0,0,
470,0.5,simple-random-sample,0.01,5,0,0,5,0.7,0.7,0.7,random,0,0,Randomly placed,0.9975000000000417,45,0,0,0,0,true,0,0,45,0,0,0,0,0,0,0,0,0.375,0,0,0,0,0,NA,0,0,0,
471,0.5,simple-random-sample,0.01,5,0,1,4,0.7,0.7,0.7,random,0,0,Randomly placed,0.9975000000000604,45,0,0,0,0,true,0,0,45,0,0,0,0,0,0,0,0,0.375,0,0,0,0,0,NA,0,0,0,
472,0.5,simple-random-sample,0.01,5,0,1,4,0.7,0.7,0.7,random,0,0,Randomly placed,0.9975000000000382,45,0,0,0,0,true,0,0,45,0,0,0,0,0,0,0,0,0.375,0,0,0,0,0,NA,0,0,0,
465,0.5,simple-random-sample,0.01,5,0,0,5,0.7,0.7,0.7,random,0,0,Randomly placed,0.9975000000000163,45,0,0,0,0,true,0,0,45,0,0,0,0,0,0,0,0,0.375,0,0,0,0,0,NA,0,0,0,
474,0.5,simple-random-sample,0.01,5,0,1,4,0.7,0.7,0.7,random,0,0,Randomly placed,0.9975000000000305,45,0,0,0,0,true,0,0,45,0,0,0,0,0,0,0,0,0.375,0,0,0,0,0,NA,0,0,0,
476,0.5,simple-random-sample,0.01,5,0,1,4,0.7,0.7,0.7,random,0,0,Randomly placed,0.9975000000000623,45,0,0,0,0,true,0,0,45,0,0,0,0,0,0,0,0,0.375,0,0,0,0,0,NA,0,0,0,
473,0.5,simple-random-sample,0.01,5,1,0,4,0.7,0.7,0.7,random,0,0,Randomly placed,0.9975000000000456,45,0,0,0,0,true,0,0,45,0,0,0,0,0,0,0,0,0.375,0,0,0,0,0,NA,0,0,0,
477,0.5,simple-random-sample,0.01,5,1,2,2,0.7,0.7,0.7,random,0,0,Randomly placed,0.9975000000000275,45,0,0,0,0,true,0,0,45,0,0,0,0,0,0,0,0,0.375,0,0,0,0,0,NA,0,0,0,
478,0.5,simple-random-sample,0.01,5,1,1,3,0.7,0.7,0.7,random,0,0,Randomly placed,0.9975000000000727,45,0,0,0,0,true,0,0,45,0,0,0,0,0,0,0,0,0.375,0,0,0,0,0,NA,0,0,0,
480,0.5,simple-random-sample,0.01,5,1,1,3,0.7,0.7,0.7,random,0,0,Randomly placed,0.9975000000000237,45,0,0,0,0,true,0,0,45,0,0,0,0,0,0,0,0,0.375,0,0,0,0,0,NA,0,0,0,
482,0.5,simple-random-sample,0.01,5,0,1,4,0.7,0.7,0.7,random,0,0,Randomly placed,0.9975000000000628,45,0,0,0,0,true,0,0,45,1,0,1,0,1,0,1,0,0.375,0,0,0,0,0.08888888888888889,6.708203932499369,0,0,0,
479,0.5,simple-random-sample,0.01,5,0,0,5,0.7,0.7,0.7,random,0,0,Randomly placed,0.9975000000000422,45,0,0,0,0,true,0,0,45,1,0,0,1,1,0,0,1,0.375,0,0,0,0,0.08888888888888889,6.708203932499369,0,0,0,
481,0.5,simple-random-sample,0.01,5,0,1,4,0.7,0.7,0.7,random,0,0,Randomly placed,0.9975000000000191,45,0,0,0,0,true,0,0,45,0,0,0,0,0,0,0,0,0.375,0,0,0,0,0,NA,0,0,0,
485,0.5,simple-random-sample,0.01,5,0,1,4,0.7,0.7,0.7,random,0,0,Randomly placed,0.9975000000000568,45,0,0,0,0,true,0,0,45,0,0,0,0,0,0,0,0,0.375,0,0,0,0,0,NA,0,0,0,
489,0.5,simple-random-sample,0.01,5,0,0,5,0.7,0.7,0.7,random,0,0,Randomly placed,0.9975000000000293,45,0,0,0,0,true,0,0,45,0,0,0,0,0,0,0,0,0.375,0,0,0,0,0,NA,0,0,0,
487,0.5,simple-random-sample,0.01,5,1,1,3,0.7,0.7,0.7,random,0,0,Randomly placed,0.9975000000000619,45,0,0,0,0,true,0,0,45,0,0,0,0,0,0,0,0,0.375,0,0,0,0,0,NA,0,0,0,
475,0.5,simple-random-sample,0.01,5,1,0,4,0.7,0.7,0.7,random,0,0,Randomly placed,0.9975000000000144,45,0,0,0,0,true,0,0,45,1,1,0,0,1,1,0,0,0.375,0,0,0,0,0.08888888888888889,6.708203932499369,0,0,0,
484,0.5,simple-random-sample,0.01,5,0,0,5,0.7,0.7,0.7,random,0,0,Randomly placed,0.9975000000000351,45,0,0,0,0,true,0,0,45,0,0,0,0,0,0,0,0,0.375,0,0,0,0,0,NA,0,0,0,
483,0.5,simple-random-sample,0.01,5,1,0,4,0.7,0.7,0.7,random,0,0,Randomly placed,0.9975000000000603,45,0,0,0,0,true,0,0,45,0,0,0,0,0,0,0,0,0.375,0,0,0,0,0,NA,0,0,0,
486,0.5,simple-random-sample,0.01,5,0,1,4,0.7,0.7,0.7,random,0,0,Randomly placed,0.9975000000000551,45,0,0,0,0,true,0,0,45,0,0,0,0,0,0,0,0,0.375,0,0,0,0,0,NA,0,0,0,
490,0.5,simple-random-sample,0.01,5,1,0,4,0.7,0.7,0.7,random,0,0,Randomly placed,0.9975000000000401,45,0,0,0,0,true,0,0,45,0,0,0,0,0,0,0,0,0.375,0,0,0,0,0,NA,0,0,0,
492,0.5,simple-random-sample,0.01,5,1,1,3,0.7,0.7,0.7,random,0,0,Randomly placed,0.9975000000000546,45,0,0,0,0,true,0,0,45,1,0,0,1,1,0,0,1,0.375,0,0,0,0,0.08888888888888889,6.70820393249937,0,0,0,
491,0.5,simple-random-sample,0.01,5,0,0,5,0.7,0.7,0.7,random,0,0,Randomly placed,0.9975000000000521,45,0,0,0,0,true,0,0,45,0,0,0,0,0,0,0,0,0.375,0,0,0,0,0,NA,0,0,0,
488,0.5,simple-random-sample,0.01,5,2,1,2,0.7,0.7,0.7,random,0,0,Randomly placed,0.9975000000000506,45,0,0,0,0,true,0,0,45,0,0,0,0,0,0,0,0,0.375,0,0,0,0,0,NA,0,0,0,
495,0.5,simple-random-sample,0.01,5,0,0,5,0.7,0.7,0.7,random,0,0,Randomly placed,0.9975000000000299,45,0,0,0,0,true,0,0,45,0,0,0,0,0,0,0,0,0.375,0,0,0,0,0,NA,0,0,0,
498,0.5,simple-random-sample,0.01,5,1,1,3,0.7,0.7,0.7,random,0,0,Randomly placed,0.9975000000000295,45,0,0,0,0,true,0,0,45,0,0,0,0,0,0,0,0,0.375,0,0,0,0,0,NA,0,0,0,
494,0.5,simple-random-sample,0.01,5,0,0,5,0.7,0.7,0.7,random,0,0,Randomly placed,0.9975000000000357,45,0,0,0,0,true,0,0,45,0,0,0,0,0,0,0,0,0.375,0,0,0,0,0,NA,0,0,0,
499,0.5,simple-random-sample,0.01,5,1,0,4,0.7,0.7,0.7,random,0,0,Randomly placed,0.9975000000000431,45,0,0,0,0,true,0,0,45,0,0,0,0,0,0,0,0,0.375,0,0,0,0,0,NA,0,0,0,
497,0.5,simple-random-sample,0.01,5,0,2,3,0.7,0.7,0.7,random,0,0,Randomly placed,0.9975000000000539,45,0,0,0,0,true,0,0,45,0,0,0,0,0,0,0,0,0.375,0,0,0,0,0,NA,0,0,0,
496,0.5,simple-random-sample,0.01,5,0,0,5,0.7,0.7,0.7,random,0,0,Randomly placed,0.9975000000000358,45,0,0,0,0,true,0,0,45,0,0,0,0,0,0,0,0,0.375,0,0,0,0,0,NA,0,0,0,
493,0.5,simple-random-sample,0.01,5,1,0,4,0.7,0.7,0.7,random,0,0,Randomly placed,0.997500000000015,45,0,0,0,0,true,0,0,45,0,0,0,0,0,0,0,0,0.375,0,0,0,0,0,NA,0,0,0,
507,0.5,simple-random-sample,0.1,50,8,8,34,0.7,0.7,0.7,random,0,0,Randomly placed,1.014999999999981,45,0,0,0,0,true,0,0,45,0,0,0,0,0,0,0,0,0.375,0,0,0,0,0,NA,0,0,0,
509,0.5,simple-random-sample,0.1,50,9,7,34,0.7,0.7,0.7,random,0,0,Randomly placed,0.9749999999999828,45,0,0,0,0,true,0,0,45,2,0,0,2,1,0,0,1,0.375,0,0,0,0,0.08888888888888889,6.708203932499371,0,0,0,
503,0.5,simple-random-sample,0.1,50,6,12,32,0.7,0.7,0.7,random,0,0,Randomly placed,1.054999999999981,45,0,0,0,0,true,0,0,45,0,0,0,0,0,0,0,0,0.375,0,0,0,0,0,NA,0,0,0,
505,0.5,simple-random-sample,0.1,50,8,11,31,0.7,0.7,0.7,random,0,0,Randomly placed,0.9749999999999825,45,0,0,0,0,true,0,0,45,2,0,0,2,2,0,0,2,0.375,0,0,0,0,0.17777777777777778,4.689204235649835,0,0,0,
506,0.5,simple-random-sample,0.1,50,8,10,32,0.7,0.7,0.7,random,0,0,Randomly placed,0.9749999999999823,45,0,0,0,0,true,0,0,45,0,0,0,0,0,0,0,0,0.375,0,0,0,0,0,NA,0,0,0,
502,0.5,simple-random-sample,0.1,50,4,8,38,0.7,0.7,0.7,random,0,0,Randomly placed,0.974999999999984,45,0,0,0,0,true,0,0,45,2,0,0,2,1,0,0,1,0.375,0,0,0,0,0.08888888888888889,6.70820393249937,0,0,0,
504,0.5,simple-random-sample,0.1,50,7,9,34,0.7,0.7,0.7,random,0,0,Randomly placed,1.014999999999983,45,0,0,0,0,true,0,0,45,0,0,0,0,0,0,0,0,0.375,0,0,0,0,0,NA,0,0,0,
500,0.5,simple-random-sample,0.01,5,1,1,3,0.7,0.7,0.7,random,0,0,Randomly placed,0.9975000000000366,45,0,0,0,0,true,0,0,45,0,0,0,0,0,0,0,0,0.375,0,0,0,0,0,NA,0,0,0,
501,0.5,simple-random-sample,0.1,50,0,10,40,0.7,0.7,0.7,random,0,0,Randomly placed,0.9749999999999822,45,0,0,0,0,true,0,0,45,2,0,0,2,2,0,0,2,0.375,0,0,0,0,0.17777777777777778,4.689204235649835,0,0,0,
510,0.5,simple-random-sample,0.1,50,4,7,39,0.7,0.7,0.7,random,0,0,Randomly placed,0.9749999999999825,45,0,0,0,0,true,0,0,45,1,0,0,1,1,0,0,1,0.375,0,0,0,0,0.08888888888888889,6.70820393249937,0,0,0,
511,0.5,simple-random-sample,0.1,50,3,8,39,0.7,0.7,0.7,random,0,0,Randomly placed,1.0949999999999824,45,0,0,0,0,true,0,0,45,2,0,0,2,1,0,0,1,0.375,0,0,0,0,0.08888888888888889,6.708203932499369,0,0,0,
512,0.5,simple-random-sample,0.1,50,5,3,42,0.7,0.7,0.7,random,0,0,Randomly placed,0.9749999999999831,45,0,0,0,0,true,0,0,45,1,0,0,1,1,0,0,1,0.375,0,0,0,0,0.08888888888888889,6.70820393249937,0,0,0,
513,0.5,simple-random-sample,0.1,50,6,7,37,0.7,0.7,0.7,random,0,0,Randomly placed,0.9749999999999849,45,0,0,0,0,true,0,0,45,1,0,0,1,1,0,0,1,0.375,0,0,0,0,0.08888888888888889,6.708203932499369,0,0,0,
516,0.5,simple-random-sample,0.1,50,7,8,35,0.7,0.7,0.7,random,0,0,Randomly placed,0.9749999999999828,45,0,0,0,0,true,0,0,45,2,0,0,2,2,0,0,2,0.375,0,0,0,0,0.17777777777777778,4.689204235649838,0,0,0,
514,0.5,simple-random-sample,0.1,50,4,7,39,0.7,0.7,0.7,random,0,0,Randomly placed,0.9749999999999823,45,0,0,0,0,true,0,0,45,0,0,0,0,0,0,0,0,0.375,0,0,0,0,0,NA,0,0,0,
517,0.5,simple-random-sample,0.1,50,2,10,38,0.7,0.7,0.7,random,0,0,Randomly placed,0.9749999999999829,45,0,0,0,0,true,0,0,45,1,0,0,1,1,0,0,1,0.375,0,0,0,0,0.08888888888888889,6.70820393249937,0,0,0,
515,0.5,simple-random-sample,0.1,50,4,12,34,0.7,0.7,0.7,random,0,0,Randomly placed,1.014999999999982,45,0,0,0,0,true,0,0,45,0,0,0,0,0,0,0,0,0.375,0,0,0,0,0,NA,0,0,0,
508,0.5,simple-random-sample,0.1,50,8,8,34,0.7,0.7,0.7,random,0,0,Randomly placed,1.0549999999999822,45,0,0,0,0,true,0,0,45,0,0,0,0,0,0,0,0,0.375,0,0,0,0,0,NA,0,0,0,
518,0.5,simple-random-sample,0.1,50,4,5,41,0.7,0.7,0.7,random,0,0,Randomly placed,0.974999999999982,45,0,0,0,0,true,0,0,45,2,0,0,2,1,0,0,1,0.375,0,0,0,0,0.08888888888888889,6.70820393249937,0,0,0,
522,0.5,simple-random-sample,0.1,50,2,6,42,0.7,0.7,0.7,random,0,0,Randomly placed,0.9749999999999803,45,0,0,0,0,true,0,0,45,2,0,0,2,1,0,0,1,0.375,0,0,0,0,0.08888888888888889,6.70820393249937,0,0,0,
527,0.5,simple-random-sample,0.1,50,6,8,36,0.7,0.7,0.7,random,0,0,Randomly placed,0.9749999999999822,45,0,0,0,0,true,0,0,45,2,2,0,0,0,0,0,0,0.375,0,0,0,0,0,NA,0,0,0,
528,0.5,simple-random-sample,0.1,50,9,9,32,0.7,0.7,0.7,random,0,0,Randomly placed,1.014999999999983,45,0,0,0,0,true,0,0,45,1,0,0,1,0,0,0,0,0.375,0,0,0,0,0,NA,0,0,0,
529,0.5,simple-random-sample,0.1,50,4,7,39,0.7,0.7,0.7,random,0,0,Randomly placed,0.9749999999999831,45,0,0,0,0,true,0,0,45,3,1,0,2,2,1,0,1,0.375,0,0,0,0,0.17777777777777778,4.689204235649837,0,0,0,
520,0.5,simple-random-sample,0.1,50,5,8,37,0.7,0.7,0.7,random,0,0,Randomly placed,0.9749999999999848,45,0,0,0,0,true,0,0,45,4,0,1,3,4,0,1,3,0.375,0,0,0,0,0.35555555555555557,3.237739110159207,0,0,0,
524,0.5,simple-random-sample,0.1,50,7,1,42,0.7,0.7,0.7,random,0,0,Randomly placed,1.014999999999985,45,0,0,0,0,true,0,0,45,0,0,0,0,0,0,0,0,0.375,0,0,0,0,0,NA,0,0,0,
521,0.5,simple-random-sample,0.1,50,6,5,39,0.7,0.7,0.7,random,0,0,Randomly placed,1.0149999999999828,45,0,0,0,0,true,0,0,45,3,0,1,2,2,0,1,1,0.375,0,0,0,0,0.17777777777777778,4.689204235649837,0,0,0,
530,0.5,simple-random-sample,0.1,50,3,10,37,0.7,0.7,0.7,random,0,0,Randomly placed,1.0149999999999835,45,0,0,0,0,true,0,0,45,0,0,0,0,0,0,0,0,0.375,0,0,0,0,0,NA,0,0,0,
519,0.5,simple-random-sample,0.1,50,5,8,37,0.7,0.7,0.7,random,0,0,Randomly placed,0.9749999999999829,45,0,0,0,0,true,0,0,45,2,0,0,2,1,0,0,1,0.375,0,0,0,0,0.08888888888888889,6.708203932499371,0,0,0,
525,0.5,simple-random-sample,0.1,50,3,10,37,0.7,0.7,0.7,random,0,0,Randomly placed,0.9749999999999857,45,0,0,0,0,true,0,0,45,0,0,0,0,0,0,0,0,0.375,0,0,0,0,0,NA,0,0,0,
526,0.5,simple-random-sample,0.1,50,4,8,38,0.7,0.7,0.7,random,0,0,Randomly placed,1.0149999999999815,45,0,0,0,0,true,0,0,45,3,0,1,2,2,0,0,2,0.375,0,0,0,0,0.17777777777777778,4.689204235649838,0,0,0,
531,0.5,simple-random-sample,0.1,50,7,6,37,0.7,0.7,0.7,random,0,0,Randomly placed,1.0549999999999822,45,0,0,0,0,true,0,0,45,1,0,1,0,0,0,0,0,0.375,0,0,0,0,0,NA,0,0,0,
532,0.5,simple-random-sample,0.1,50,5,6,39,0.7,0.7,0.7,random,0,0,Randomly placed,0.9749999999999833,45,0,0,0,0,true,0,0,45,1,0,0,1,1,0,0,1,0.375,0,0,0,0,0.08888888888888889,6.708203932499369,0,0,0,
523,0.5,simple-random-sample,0.1,50,8,4,38,0.7,0.7,0.7,random,0,0,Randomly placed,1.0149999999999824,45,0,0,0,0,true,0,0,45,3,1,0,2,1,0,0,1,0.375,0,0,0,0,0.08888888888888889,6.708203932499369,0,0,0,
534,0.5,simple-random-sample,0.1,50,7,8,35,0.7,0.7,0.7,random,0,0,Randomly placed,1.014999999999983,45,0,0,0,0,true,0,0,45,1,0,0,1,1,0,0,1,0.375,0,0,0,0,0.08888888888888889,6.708203932499369,0,0,0,
537,0.5,simple-random-sample,0.1,50,7,7,36,0.7,0.7,0.7,random,0,0,Randomly placed,0.9749999999999814,45,0,0,0,0,true,0,0,45,0,0,0,0,0,0,0,0,0.375,0,0,0,0,0,NA,0,0,0,
539,0.5,simple-random-sample,0.1,50,2,5,43,0.7,0.7,0.7,random,0,0,Randomly placed,0.9749999999999821,45,0,0,0,0,true,0,0,45,0,0,0,0,0,0,0,0,0.375,0,0,0,0,0,NA,0,0,0,
540,0.5,simple-random-sample,0.1,50,3,5,42,0.7,0.7,0.7,random,0,0,Randomly placed,1.0149999999999826,45,0,0,0,0,true,0,0,45,1,0,0,1,1,0,0,1,0.375,0,0,0,0,0.08888888888888889,6.70820393249937,0,0,0,
535,0.5,simple-random-sample,0.1,50,9,7,34,0.7,0.7,0.7,random,0,0,Randomly placed,1.0549999999999817,45,0,0,0,0,true,0,0,45,1,0,0,1,1,0,0,1,0.375,0,0,0,0,0.08888888888888889,6.70820393249937,0,0,0,
538,0.5,simple-random-sample,0.1,50,4,8,38,0.7,0.7,0.7,random,0,0,Randomly placed,1.0149999999999837,45,0,0,0,0,true,0,0,45,0,0,0,0,0,0,0,0,0.375,0,0,0,0,0,NA,0,0,0,
536,0.5,simple-random-sample,0.1,50,8,8,34,0.7,0.7,0.7,random,0,0,Randomly placed,1.0149999999999817,45,0,0,0,0,true,0,0,45,0,0,0,0,0,0,0,0,0.375,0,0,0,0,0,NA,0,0,0,
541,0.5,simple-random-sample,0.1,50,1,4,45,0.7,0.7,0.7,random,0,0,Randomly placed,1.054999999999983,45,0,0,0,0,true,0,0,45,2,0,0,2,2,0,0,2,0.375,0,0,0,0,0.17777777777777778,4.689204235649835,0,0,0,
542,0.5,simple-random-sample,0.1,50,5,2,43,0.7,0.7,0.7,random,0,0,Randomly placed,0.9749999999999864,45,0,0,0,0,true,0,0,45,1,0,0,1,0,0,0,0,0.375,0,0,0,0,0,NA,0,0,0,
543,0.5,simple-random-sample,0.1,50,6,9,35,0.7,0.7,0.7,random,0,0,Randomly placed,1.0149999999999855,45,0,0,0,0,true,0,0,45,1,0,1,0,1,0,1,0,0.375,0,0,0,0,0.08888888888888889,6.70820393249937,0,0,0,
544,0.5,simple-random-sample,0.1,50,8,7,35,0.7,0.7,0.7,random,0,0,Randomly placed,1.0149999999999841,45,0,0,0,0,true,0,0,45,2,0,1,1,2,0,1,1,0.375,0,0,0,0,0.17777777777777778,4.689204235649835,0,0,0,
533,0.5,simple-random-sample,0.1,50,7,9,34,0.7,0.7,0.7,random,0,0,Randomly placed,0.9749999999999811,45,0,0,0,0,true,0,0,45,2,0,0,2,1,0,0,1,0.375,0,0,0,0,0.08888888888888889,6.708203932499369,0,0,0,
546,0.5,simple-random-sample,0.1,50,5,5,40,0.7,0.7,0.7,random,0,0,Randomly placed,1.0549999999999853,45,0,0,0,0,true,0,0,45,1,0,0,1,1,0,0,1,0.375,0,0,0,0,0.08888888888888889,6.708203932499371,0,0,0,
547,0.5,simple-random-sample,0.1,50,5,9,36,0.7,0.7,0.7,random,0,0,Randomly placed,0.9749999999999831,45,0,0,0,0,true,0,0,45,1,0,0,1,1,0,0,1,0.375,0,0,0,0,0.08888888888888889,6.70820393249937,0,0,0,
545,0.5,simple-random-sample,0.1,50,6,13,31,0.7,0.7,0.7,random,0,0,Randomly placed,0.9749999999999828,45,0,0,0,0,true,0,0,45,1,1,0,0,0,0,0,0,0.375,0,0,0,0,0,NA,0,0,0,
550,0.5,simple-random-sample,0.1,50,7,12,31,0.7,0.7,0.7,random,0,0,Randomly placed,1.0149999999999832,45,0,0,0,0,true,0,0,45,2,0,1,1,1,0,1,0,0.375,0,0,0,0,0.08888888888888889,6.70820393249937,0,0,0,
549,0.5,simple-random-sample,0.1,50,8,2,40,0.7,0.7,0.7,random,0,0,Randomly placed,1.0549999999999842,45,0,0,0,0,true,0,0,45,1,0,1,0,0,0,0,0,0.375,0,0,0,0,0,NA,0,0,0,
548,0.5,simple-random-sample,0.1,50,4,5,41,0.7,0.7,0.7,random,0,0,Randomly placed,1.0149999999999841,45,0,0,0,0,true,0,0,45,0,0,0,0,0,0,0,0,0.375,0,0,0,0,0,NA,0,0,0,
552,0.5,simple-random-sample,0.1,50,3,5,42,0.7,0.7,0.7,random,0,0,Randomly placed,1.0149999999999852,45,0,0,0,0,true,0,0,45,1,0,0,1,0,0,0,0,0.375,0,0,0,0,0,NA,0,0,0,
555,0.5,simple-random-sample,0.1,50,6,8,36,0.7,0.7,0.7,random,0,0,Randomly placed,1.0149999999999797,45,0,0,0,0,true,0,0,45,0,0,0,0,0,0,0,0,0.375,0,0,0,0,0,NA,0,0,0,
551,0.5,simple-random-sample,0.1,50,4,3,43,0.7,0.7,0.7,random,0,0,Randomly placed,0.974999999999982,45,0,0,0,0,true,0,0,45,0,0,0,0,0,0,0,0,0.375,0,0,0,0,0,NA,0,0,0,
556,0.5,simple-random-sample,0.1,50,7,7,36,0.7,0.7,0.7,random,0,0,Randomly placed,1.0149999999999828,45,0,0,0,0,true,0,0,45,1,1,0,0,0,0,0,0,0.375,0,0,0,0,0,NA,0,0,0,
554,0.5,simple-random-sample,0.1,50,1,10,39,0.7,0.7,0.7,random,0,0,Randomly placed,0.9749999999999818,45,0,0,0,0,true,0,0,45,0,0,0,0,0,0,0,0,0.375,0,0,0,0,0,NA,0,0,0,
553,0.5,simple-random-sample,0.1,50,5,7,38,0.7,0.7,0.7,random,0,0,Randomly placed,0.9749999999999805,45,0,0,0,0,true,0,0,45,1,0,1,0,1,0,1,0,0.375,0,0,0,0,0.08888888888888889,6.708203932499369,0,0,0,
557,0.5,simple-random-sample,0.1,50,8,8,34,0.7,0.7,0.7,random,0,0,Randomly placed,1.0149999999999817,45,0,0,0,0,true,0,0,45,1,0,0,1,0,0,0,0,0.375,0,0,0,0,0,NA,0,0,0,
558,0.5,simple-random-sample,0.1,50,4,7,39,0.7,0.7,0.7,random,0,0,Randomly placed,0.9749999999999843,45,0,0,0,0,true,0,0,45,1,0,0,1,1,0,0,1,0.375,0,0,0,0,0.08888888888888889,6.70820393249937,0,0,0,
560,0.5,simple-random-sample,0.1,50,4,6,40,0.7,0.7,0.7,random,0,0,Randomly placed,1.0549999999999822,45,0,0,0,0,true,0,0,45,2,0,0,2,2,0,0,2,0.375,0,0,0,0,0.17777777777777778,4.689204235649836,0,0,0,
559,0.5,simple-random-sample,0.1,50,8,9,33,0.7,0.7,0.7,random,0,0,Randomly placed,1.014999999999981,45,0,0,0,0,true,0,0,45,2,1,0,1,2,1,0,1,0.375,0,0,0,0,0.17777777777777778,4.689204235649836,0,0,0,
562,0.5,simple-random-sample,0.1,50,4,8,38,0.7,0.7,0.7,random,0,0,Randomly placed,1.014999999999987,45,0,0,0,0,true,0,0,45,1,0,0,1,1,0,0,1,0.375,0,0,0,0,0.08888888888888889,6.708203932499369,0,0,0,
563,0.5,simple-random-sample,0.1,50,2,14,34,0.7,0.7,0.7,random,0,0,Randomly placed,0.9749999999999849,45,0,0,0,0,true,0,0,45,0,0,0,0,0,0,0,0,0.375,0,0,0,0,0,NA,0,0,0,
564,0.5,simple-random-sample,0.1,50,8,8,34,0.7,0.7,0.7,random,0,0,Randomly placed,0.9749999999999845,45,0,0,0,0,true,0,0,45,2,0,0,2,2,0,0,2,0.375,0,0,0,0,0.17777777777777778,4.689204235649834,0,0,0,
568,0.5,simple-random-sample,0.1,50,6,5,39,0.7,0.7,0.7,random,0,0,Randomly placed,0.9749999999999801,45,0,0,0,0,true,0,0,45,1,1,0,0,1,1,0,0,0.375,0,0,0,0,0.08888888888888889,6.70820393249937,0,0,0,
566,0.5,simple-random-sample,0.1,50,4,10,36,0.7,0.7,0.7,random,0,0,Randomly placed,1.0149999999999835,45,0,0,0,0,true,0,0,45,1,0,1,0,0,0,0,0,0.375,0,0,0,0,0,NA,0,0,0,
565,0.5,simple-random-sample,0.1,50,7,9,34,0.7,0.7,0.7,random,0,0,Randomly placed,0.9749999999999844,45,0,0,0,0,true,0,0,45,1,0,0,1,1,0,0,1,0.375,0,0,0,0,0.08888888888888889,6.708203932499369,0,0,0,
567,0.5,simple-random-sample,0.1,50,3,6,41,0.7,0.7,0.7,random,0,0,Randomly placed,1.0149999999999826,45,0,0,0,0,true,0,0,45,1,0,0,1,1,0,0,1,0.375,0,0,0,0,0.08888888888888889,6.708203932499369,0,0,0,
561,0.5,simple-random-sample,0.1,50,4,5,41,0.7,0.7,0.7,random,0,0,Randomly placed,0.9749999999999821,45,0,0,0,0,true,0,0,45,2,0,0,2,2,0,0,2,0.375,0,0,0,0,0.17777777777777778,4.689204235649837,0,0,0,
570,0.5,simple-random-sample,0.1,50,7,5,38,0.7,0.7,0.7,random,0,0,Randomly placed,1.014999999999981,45,0,0,0,0,true,0,0,45,2,1,0,1,1,1,0,0,0.375,0,0,0,0,0.08888888888888889,6.70820393249937,0,0,0,
571,0.5,simple-random-sample,0.1,50,3,8,39,0.7,0.7,0.7,random,0,0,Randomly placed,0.9749999999999828,45,0,0,0,0,true,0,0,45,3,1,0,2,1,0,0,1,0.375,0,0,0,0,0.08888888888888889,6.708203932499369,0,0,0,
569,0.5,simple-random-sample,0.1,50,3,8,39,0.7,0.7,0.7,random,0,0,Randomly placed,0.9749999999999842,45,0,0,0,0,true,0,0,45,1,0,0,1,1,0,0,1,0.375,0,0,0,0,0.08888888888888889,6.70820393249937,0,0,0,
573,0.5,simple-random-sample,0.1,50,9,8,33,0.7,0.7,0.7,random,0,0,Randomly placed,1.0149999999999832,45,0,0,0,0,true,0,0,45,0,0,0,0,0,0,0,0,0.375,0,0,0,0,0,NA,0,0,0,
574,0.5,simple-random-sample,0.1,50,11,10,29,0.7,0.7,0.7,random,0,0,Randomly placed,0.9749999999999849,45,0,0,0,0,true,0,0,45,1,0,0,1,1,0,0,1,0.375,0,0,0,0,0.08888888888888889,6.708203932499369,0,0,0,
579,0.5,simple-random-sample,0.1,50,1,7,42,0.7,0.7,0.7,random,0,0,Randomly placed,0.974999999999982,45,0,0,0,0,true,0,0,45,3,0,2,1,2,0,1,1,0.375,0,0,0,0,0.17777777777777778,4.689204235649835,0,0,0,
572,0.5,simple-random-sample,0.1,50,8,9,33,0.7,0.7,0.7,random,0,0,Randomly placed,0.9749999999999844,45,0,0,0,0,true,0,0,45,1,0,1,0,0,0,0,0,0.375,0,0,0,0,0,NA,0,0,0,
578,0.5,simple-random-sample,0.1,50,5,9,36,0.7,0.7,0.7,random,0,0,Randomly placed,1.0549999999999815,45,0,0,0,0,true,0,0,45,1,0,0,1,1,0,0,1,0.375,0,0,0,0,0.08888888888888889,6.708203932499369,0,0,0,
576,0.5,simple-random-sample,0.1,50,3,4,43,0.7,0.7,0.7,random,0,0,Randomly placed,0.9749999999999854,45,0,0,0,0,true,0,0,45,2,0,0,2,2,0,0,2,0.375,0,0,0,0,0.17777777777777778,4.689204235649838,0,0,0,
580,0.5,simple-random-sample,0.1,50,7,4,39,0.7,0.7,0.7,random,0,0,Randomly placed,0.9749999999999853,45,0,0,0,0,true,0,0,45,1,0,1,0,1,0,1,0,0.375,0,0,0,0,0.08888888888888889,6.70820393249937,0,0,0,
582,0.5,simple-random-sample,0.1,50,6,8,36,0.7,0.7,0.7,random,0,0,Randomly placed,1.0549999999999826,45,0,0,0,0,true,0,0,45,1,1,0,0,1,1,0,0,0.375,0,0,0,0,0.08888888888888889,6.70820393249937,0,0,0,
586,0.5,simple-random-sample,0.1,50,6,2,42,0.7,0.7,0.7,random,0,0,Randomly placed,1.0149999999999828,45,0,0,0,0,true,0,0,45,2,0,1,1,2,0,1,1,0.375,0,0,0,0,0.17777777777777778,4.689204235649835,0,0,0,
575,0.5,simple-random-sample,0.1,50,7,6,37,0.7,0.7,0.7,random,0,0,Randomly placed,0.9749999999999811,45,0,0,0,0,true,0,0,45,2,0,1,1,2,0,1,1,0.375,0,0,0,0,0.17777777777777778,4.689204235649834,0,0,0,
585,0.5,simple-random-sample,0.1,50,1,6,43,0.7,0.7,0.7,random,0,0,Randomly placed,0.974999999999982,45,0,0,0,0,true,0,0,45,0,0,0,0,0,0,0,0,0.375,0,0,0,0,0,NA,0,0,0,
590,0.5,simple-random-sample,0.1,50,4,7,39,0.7,0.7,0.7,random,0,0,Randomly placed,0.9749999999999828,45,0,0,0,0,true,0,0,45,1,0,1,0,0,0,0,0,0.375,0,0,0,0,0,NA,0,0,0,
587,0.5,simple-random-sample,0.1,50,6,5,39,0.7,0.7,0.7,random,0,0,Randomly placed,1.014999999999985,45,0,0,0,0,true,0,0,45,0,0,0,0,0,0,0,0,0.375,0,0,0,0,0,NA,0,0,0,
581,0.5,simple-random-sample,0.1,50,3,8,39,0.7,0.7,0.7,random,0,0,Randomly placed,0.9749999999999833,45,0,0,0,0,true,0,0,45,0,0,0,0,0,0,0,0,0.375,0,0,0,0,0,NA,0,0,0,
577,0.5,simple-random-sample,0.1,50,4,6,40,0.7,0.7,0.7,random,0,0,Randomly placed,0.9749999999999812,45,0,0,0,0,true,0,0,45,2,0,0,2,1,0,0,1,0.375,0,0,0,0,0.08888888888888889,6.708203932499371,0,0,0,
589,0.5,simple-random-sample,0.1,50,5,7,38,0.7,0.7,0.7,random,0,0,Randomly placed,0.9749999999999854,45,0,0,0,0,true,0,0,45,2,0,0,2,0,0,0,0,0.375,0,0,0,0,0,NA,0,0,0,
583,0.5,simple-random-sample,0.1,50,6,4,40,0.7,0.7,0.7,random,0,0,Randomly placed,0.9749999999999827,45,0,0,0,0,true,0,0,45,1,0,0,1,0,0,0,0,0.375,0,0,0,0,0,NA,0,0,0,
588,0.5,simple-random-sample,0.1,50,4,9,37,0.7,0.7,0.7,random,0,0,Randomly placed,0.9749999999999818,45,0,0,0,0,true,0,0,45,1,0,1,0,1,0,1,0,0.375,0,0,0,0,0.08888888888888889,6.70820393249937,0,0,0,
593,0.5,simple-random-sample,0.1,50,5,6,39,0.7,0.7,0.7,random,0,0,Randomly placed,0.9749999999999829,45,0,0,0,0,true,0,0,45,0,0,0,0,0,0,0,0,0.375,0,0,0,0,0,NA,0,0,0,
592,0.5,simple-random-sample,0.1,50,5,7,38,0.7,0.7,0.7,random,0,0,Randomly placed,0.9749999999999834,45,0,0,0,0,true,0,0,45,1,0,0,1,1,0,0,1,0.375,0,0,0,0,0.08888888888888889,6.708203932499369,0,0,0,
594,0.5,simple-random-sample,0.1,50,5,5,40,0.7,0.7,0.7,random,0,0,Randomly placed,1.0149999999999808,45,0,0,0,0,true,0,0,45,1,0,0,1,1,0,0,1,0.375,0,0,0,0,0.08888888888888889,6.70820393249937,0,0,0,
584,0.5,simple-random-sample,0.1,50,3,9,38,0.7,0.7,0.7,random,0,0,Randomly placed,0.9749999999999833,45,0,0,0,0,true,0,0,45,1,0,1,0,1,0,1,0,0.375,0,0,0,0,0.08888888888888889,6.708203932499371,0,0,0,
596,0.5,simple-random-sample,0.1,50,6,7,37,0.7,0.7,0.7,random,0,0,Randomly placed,1.0949999999999838,45,0,0,0,0,true,0,0,45,0,0,0,0,0,0,0,0,0.375,0,0,0,0,0,NA,0,0,0,
597,0.5,simple-random-sample,0.1,50,4,6,40,0.7,0.7,0.7,random,0,0,Randomly placed,0.9749999999999837,45,0,0,0,0,true,0,0,45,1,0,0,1,1,0,0,1,0.375,0,0,0,0,0.08888888888888889,6.70820393249937,0,0,0,
595,0.5,simple-random-sample,0.1,50,5,7,38,0.7,0.7,0.7,random,0,0,Randomly placed,0.9749999999999877,45,0,0,0,0,true,0,0,45,1,0,0,1,0,0,0,0,0.375,0,0,0,0,0,NA,0,0,0,
599,0.5,simple-random-sample,0.1,50,6,4,40,0.7,0.7,0.7,random,0,0,Randomly placed,1.0149999999999817,45,0,0,0,0,true,0,0,45,2,1,0,1,1,0,0,1,0.375,0,0,0,0,0.08888888888888889,6.708203932499369,0,0,0,
591,0.5,simple-random-sample,0.1,50,7,12,31,0.7,0.7,0.7,random,0,0,Randomly placed,1.0549999999999797,45,0,0,0,0,true,0,0,45,1,0,0,1,0,0,0,0,0.375,0,0,0,0,0,NA,0,0,0,
598,0.5,simple-random-sample,0.1,50,7,8,35,0.7,0.7,0.7,random,0,0,Randomly placed,0.9749999999999839,45,0,0,0,0,true,0,0,45,1,0,0,1,1,0,0,1,0.375,0,0,0,0,0.08888888888888889,6.70820393249937,0,0,0,
602,0.5,simple-random-sample,1,500,45,80,375,0.7,0.7,0.7,random,0,0,Randomly placed,0.982,45,0,0,0,0,true,0,0,45,6,0,0,6,4,0,0,4,0.375,0,0,0,0,0.35555555555555557,4.029366631934287,0,0,0,
600,0.5,simple-random-sample,0.1,50,5,8,37,0.7,0.7,0.7,random,0,0,Randomly placed,1.0149999999999841,45,0,0,0,0,true,0,0,45,0,0,0,0,0,0,0,0,0.375,0,0,0,0,0,NA,0,0,0,
604,0.5,simple-random-sample,1,500,50,71,379,0.7,0.7,0.7,random,0,0,Randomly placed,0.934,45,0,0,0,0,true,0,0,45,17,2,1,14,7,1,0,6,0.375,0,0,0,0,0.6222222222222222,2.356257212603933,0,0,0,
605,0.5,simple-random-sample,1,500,37,82,381,0.7,0.7,0.7,random,0,0,Randomly placed,0.986,45,0,0,0,0,true,0,0,45,9,0,2,7,8,0,2,6,0.375,0,0,0,0,0.7111111111111111,2.4836110532119076,0,0,0,
606,0.5,simple-random-sample,1,500,56,73,371,0.7,0.7,0.7,random,0,0,Randomly placed,1.002,45,0,0,0,0,true,0,0,45,11,1,2,8,8,1,2,5,0.375,0,0,0,0,0.7111111111111111,2.483611053211908,0,0,0,
603,0.5,simple-random-sample,1,500,55,71,374,0.7,0.7,0.7,random,0,0,Randomly placed,1.034,45,0,0,0,0,true,0,0,45,17,4,5,8,13,3,4,6,0.375,0,0,0,0,1.1555555555555554,2.2892620683626186,0,0,0,
608,0.5,simple-random-sample,1,500,40,70,390,0.7,0.7,0.7,random,0,0,Randomly placed,1.014,45,0,0,0,0,true,0,0,45,8,0,0,8,6,0,0,6,0.375,0,0,0,0,0.5333333333333333,2.5783186910712326,0,0,0,
613,0.5,simple-random-sample,1,500,40,74,386,0.7,0.7,0.7,random,0,0,Randomly placed,1.022,45,0,0,0,0,true,0,0,45,11,0,3,8,9,0,2,7,0.375,0,0,0,0,0.8,2.2863229709016895,0,0,0,
601,0.5,simple-random-sample,1,500,53,69,378,0.7,0.7,0.7,random,0,0,Randomly placed,1.042,45,0,0,0,0,true,0,0,45,15,0,4,11,10,0,3,7,0.375,0,0,0,0,0.8888888888888888,2.1213203435596433,0,0,0,
607,0.5,simple-random-sample,1,500,47,69,384,0.7,0.7,0.7,random,0,0,Randomly placed,1.006,45,0,0,0,0,true,0,0,45,13,2,4,7,8,1,3,4,0.375,0,0,0,0,0.7111111111111111,2.483611053211908,0,0,0,
612,0.5,simple-random-sample,1,500,56,62,382,0.7,0.7,0.7,random,0,0,Randomly placed,0.99,45,0,0,0,0,true,0,0,45,9,1,2,6,4,1,1,2,0.375,0,0,0,0,0.35555555555555557,3.237739110159207,0,0,0,
610,0.5,simple-random-sample,1,500,43,91,366,0.7,0.7,0.7,random,0,0,Randomly placed,0.978,45,0,0,0,0,true,0,0,45,8,0,1,7,5,0,1,4,0.375,0,0,0,0,0.4444444444444444,2.860387767736778,0,0,0,
615,0.5,simple-random-sample,1,500,47,67,386,0.7,0.7,0.7,random,0,0,Randomly placed,1.002,45,0,0,0,0,true,0,0,45,15,3,2,10,10,2,1,7,0.375,0,0,0,0,0.8888888888888888,2.1213203435596437,0,0,0,
614,0.5,simple-random-sample,1,500,34,72,394,0.7,0.7,0.7,random,0,0,Randomly placed,1.01,45,0,0,0,0,true,0,0,45,5,0,1,4,4,0,1,3,0.375,0,0,0,0,0.35555555555555557,3.2377391101592083,0,0,0,
616,0.5,simple-random-sample,1,500,51,63,386,0.7,0.7,0.7,random,0,0,Randomly placed,1.014,45,0,0,0,0,true,0,0,45,7,1,1,5,5,1,1,3,0.375,0,0,0,0,0.4444444444444444,2.860387767736778,0,0,0,
619,0.5,simple-random-sample,1,500,56,86,358,0.7,0.7,0.7,random,0,0,Randomly placed,1.054,45,0,0,0,0,true,0,0,45,9,1,0,8,5,1,0,4,0.375,0,0,0,0,0.4444444444444444,2.860387767736778,0,0,0,
623,0.5,simple-random-sample,1,500,47,78,375,0.7,0.7,0.7,random,0,0,Randomly placed,1.058,45,0,0,0,0,true,0,0,45,12,1,2,9,9,1,1,7,0.375,0,0,0,0,0.8,2.0225995873897262,0,0,0,
617,0.5,simple-random-sample,1,500,53,70,377,0.7,0.7,0.7,random,0,0,Randomly placed,0.938,45,0,0,0,0,true,0,0,45,14,0,4,10,12,0,3,9,0.375,0,0,0,0,1.0666666666666667,1.857876353650734,0,0,0,
622,0.5,simple-random-sample,1,500,57,69,374,0.7,0.7,0.7,random,0,0,Randomly placed,1.022,45,0,0,0,0,true,0,0,45,9,0,2,7,8,0,1,7,0.375,0,0,0,0,0.7111111111111111,2.1748824419640793,0,0,0,
620,0.5,simple-random-sample,1,500,43,81,376,0.7,0.7,0.7,random,0,0,Randomly placed,0.914,45,0,0,0,0,true,0,0,45,12,3,3,6,7,3,2,2,0.375,0,0,0,0,0.6222222222222222,2.356257212603933,0,0,0,
618,0.5,simple-random-sample,1,500,53,64,383,0.7,0.7,0.7,random,0,0,Randomly placed,1.01,45,0,0,0,0,true,0,0,45,15,1,4,10,8,0,3,5,0.375,0,0,0,0,0.7111111111111111,2.4836110532119084,0,0,0,
609,0.5,simple-random-sample,1,500,44,83,373,0.7,0.7,0.7,random,0,0,Randomly placed,1.014,45,0,0,0,0,true,0,0,45,13,2,1,10,7,1,0,6,0.375,0,0,0,0,0.6222222222222222,3.3447547061820395,0,0,0,
611,0.5,simple-random-sample,1,500,35,86,379,0.7,0.7,0.7,random,0,0,Randomly placed,0.998,45,0,0,0,0,true,0,0,45,10,0,3,7,7,0,1,6,0.375,0,0,0,0,0.6222222222222222,2.356257212603933,0,0,0,
624,0.5,simple-random-sample,1,500,50,76,374,0.7,0.7,0.7,random,0,0,Randomly placed,0.962,45,0,0,0,0,true,0,0,45,12,2,2,8,10,1,2,7,0.375,0,0,0,0,0.8888888888888888,2.328186965313256,0,0,0,
626,0.5,simple-random-sample,1,500,48,72,380,0.7,0.7,0.7,random,0,0,Randomly placed,0.99,45,0,0,0,0,true,0,0,45,12,1,1,10,9,0,1,8,0.375,0,0,0,0,0.8,2.2863229709016895,0,0,0,
621,0.5,simple-random-sample,1,500,50,75,375,0.7,0.7,0.7,random,0,0,Randomly placed,0.978,45,0,0,0,0,true,0,0,45,7,0,3,4,4,0,3,1,0.375,0,0,0,0,0.35555555555555557,3.2377391101592075,0,0,0,
625,0.5,simple-random-sample,1,500,50,65,385,0.7,0.7,0.7,random,0,0,Randomly placed,0.986,45,0,0,0,0,true,0,0,45,8,0,0,8,4,0,0,4,0.375,0,0,0,0,0.35555555555555557,3.2377391101592066,0,0,0,
633,0.5,simple-random-sample,1,500,37,76,387,0.7,0.7,0.7,random,0,0,Randomly placed,1.05,45,0,0,0,0,true,0,0,45,16,0,2,14,12,0,1,11,0.375,0,0,0,0,1.0666666666666667,2.0225995873897262,0,0,0,
630,0.5,simple-random-sample,1,500,47,66,387,0.7,0.7,0.7,random,0,0,Randomly placed,0.982,45,0,0,0,0,true,0,0,45,12,1,1,10,10,0,1,9,0.375,0,0,0,0,0.8888888888888888,2.1213203435596433,0,0,0,
631,0.5,simple-random-sample,1,500,42,81,377,0.7,0.7,0.7,random,0,0,Randomly placed,0.962,45,0,0,0,0,true,0,0,45,11,0,0,11,5,0,0,5,0.375,0,0,0,0,0.4444444444444444,2.860387767736778,0,0,0,
627,0.5,simple-random-sample,1,500,63,80,357,0.7,0.7,0.7,random,0,0,Randomly placed,1.002,45,0,0,0,0,true,0,0,45,11,1,2,8,9,1,2,6,0.375,0,0,0,0,0.8,2.522624895547564,0,0,0,
642,0.5,simple-random-sample,1,500,45,82,373,0.7,0.7,0.7,random,0,0,Randomly placed,0.914,45,0,0,0,0,true,0,0,45,9,0,1,8,5,0,1,4,0.375,0,0,0,0,0.4444444444444444,2.860387767736777,0,0,0,
635,0.5,simple-random-sample,1,500,48,79,373,0.7,0.7,0.7,random,0,0,Randomly placed,1.034,45,0,0,0,0,true,0,0,45,13,1,2,10,9,1,2,6,0.375,0,0,0,0,0.8,2.286322970901688,0,0,0,
634,0.5,simple-random-sample,1,500,43,84,373,0.7,0.7,0.7,random,0,0,Randomly placed,1.062,45,0,0,0,0,true,0,0,45,18,1,3,14,12,1,1,10,0.375,0,0,0,0,1.0666666666666667,1.6770509831248417,0,0,0,
638,0.5,simple-random-sample,1,500,51,74,375,0.7,0.7,0.7,random,0,0,Randomly placed,0.97,45,0,0,0,0,true,0,0,45,14,3,2,9,9,3,1,5,0.375,0,0,0,0,0.8,2.286322970901688,0,0,0,
643,0.5,simple-random-sample,1,500,54,64,382,0.7,0.7,0.7,random,0,0,Randomly placed,1.038,45,0,0,0,0,true,0,0,45,11,0,2,9,7,0,1,6,0.375,0,0,0,0,0.6222222222222222,2.356257212603933,0,0,0,
640,0.5,simple-random-sample,1,500,55,65,380,0.7,0.7,0.7,random,0,0,Randomly placed,0.974,45,0,0,0,0,true,0,0,45,9,2,1,6,6,1,1,4,0.375,0,0,0,0,0.5333333333333333,2.5783186910712326,0,0,0,
628,0.5,simple-random-sample,1,500,49,63,388,0.7,0.7,0.7,random,0,0,Randomly placed,0.966,45,0,0,0,0,true,0,0,45,7,1,0,6,6,1,0,5,0.375,0,0,0,0,0.5333333333333333,2.5783186910712326,0,0,0,
637,0.5,simple-random-sample,1,500,60,81,359,0.7,0.7,0.7,random,0,0,Randomly placed,0.95,45,0,0,0,0,true,0,0,45,15,1,4,10,13,1,3,9,0.375,0,0,0,0,1.1555555555555554,1.8991518732179018,0,0,0,
646,0.5,simple-random-sample,1,500,39,70,391,0.7,0.7,0.7,random,0,0,Randomly placed,1.002,45,0,0,0,0,true,0,0,45,14,1,2,11,9,1,1,7,0.375,0,0,0,0,0.8,2.286322970901688,0,0,0,
644,0.5,simple-random-sample,1,500,57,69,374,0.7,0.7,0.7,random,0,0,Randomly placed,0.978,45,0,0,0,0,true,0,0,45,11,2,2,7,9,1,1,7,0.375,0,0,0,0,0.8,2.522624895547564,0,0,0,
639,0.5,simple-random-sample,1,500,49,81,370,0.7,0.7,0.7,random,0,0,Randomly placed,0.942,45,0,0,0,0,true,0,0,45,8,2,0,6,6,2,0,4,0.375,0,0,0,0,0.5333333333333333,2.578318691071233,0,0,0,
645,0.5,simple-random-sample,1,500,51,77,372,0.7,0.7,0.7,random,0,0,Randomly placed,1.03,45,0,0,0,0,true,0,0,45,15,1,4,10,11,1,3,7,0.375,0,0,0,0,0.9777777777777777,2.1639245589019707,0,0,0,
632,0.5,simple-random-sample,1,500,54,57,389,0.7,0.7,0.7,random,0,0,Randomly placed,1.018,45,0,0,0,0,true,0,0,45,5,0,1,4,2,0,1,1,0.375,0,0,0,0,0.17777777777777778,4.689204235649837,0,0,0,
641,0.5,simple-random-sample,1,500,51,85,364,0.7,0.7,0.7,random,0,0,Randomly placed,1.01,45,0,0,0,0,true,0,0,45,15,1,2,12,12,1,2,9,0.375,0,0,0,0,1.0666666666666667,1.6770509831248421,0,0,0,
647,0.5,simple-random-sample,1,500,65,70,365,0.7,0.7,0.7,random,0,0,Randomly placed,1.006,45,0,0,0,0,true,0,0,45,11,3,0,8,5,1,0,4,0.375,0,0,0,0,0.4444444444444444,2.860387767736778,0,0,0,
650,0.5,simple-random-sample,1,500,48,68,384,0.7,0.7,0.7,random,0,0,Randomly placed,1.042,45,0,0,0,0,true,0,0,45,15,1,1,13,12,1,1,10,0.375,0,0,0,0,1.0666666666666667,2.3171789274499672,0,0,0,
648,0.5,simple-random-sample,1,500,50,75,375,0.7,0.7,0.7,random,0,0,Randomly placed,1.01,45,0,0,0,0,true,0,0,45,12,1,3,8,8,1,2,5,0.375,0,0,0,0,0.7111111111111111,2.757994577751938,0,0,0,
649,0.5,simple-random-sample,1,500,49,84,367,0.7,0.7,0.7,random,0,0,Randomly placed,0.998,45,0,0,0,0,true,0,0,45,6,2,0,4,2,0,0,2,0.375,0,0,0,0,0.17777777777777778,4.689204235649836,0,0,0,
636,0.5,simple-random-sample,1,500,45,87,368,0.7,0.7,0.7,random,0,0,Randomly placed,1.042,45,0,0,0,0,true,0,0,45,11,0,4,7,9,0,3,6,0.375,0,0,0,0,0.8,2.0225995873897262,0,0,0,
651,0.5,simple-random-sample,1,500,58,73,369,0.7,0.7,0.7,random,0,0,Randomly placed,1.018,45,0,0,0,0,true,0,0,45,12,1,3,8,9,1,3,5,0.375,0,0,0,0,0.8,2.286322970901688,0,0,0,
629,0.5,simple-random-sample,1,500,54,65,381,0.7,0.7,0.7,random,0,0,Randomly placed,1.002,45,0,0,0,0,true,0,0,45,8,1,1,6,5,1,1,3,0.375,0,0,0,0,0.4444444444444444,2.860387767736778,0,0,0,
653,0.5,simple-random-sample,1,500,55,70,375,0.7,0.7,0.7,random,0,0,Randomly placed,0.97,45,0,0,0,0,true,0,0,45,9,1,1,7,7,0,1,6,0.375,0,0,0,0,0.6222222222222222,2.725880906448594,0,0,0,
655,0.5,simple-random-sample,1,500,55,72,373,0.7,0.7,0.7,random,0,0,Randomly placed,0.978,45,0,0,0,0,true,0,0,45,8,0,0,8,7,0,0,7,0.375,0,0,0,0,0.6222222222222222,2.356257212603933,0,0,0,
657,0.5,simple-random-sample,1,500,50,72,378,0.7,0.7,0.7,random,0,0,Randomly placed,0.966,45,0,0,0,0,true,0,0,45,10,0,1,9,5,0,0,5,0.375,0,0,0,0,0.4444444444444444,2.860387767736778,0,0,0,
661,0.5,simple-random-sample,1,500,50,69,381,0.7,0.7,0.7,random,0,0,Randomly placed,0.958,45,0,0,0,0,true,0,0,45,9,1,0,8,8,1,0,7,0.375,0,0,0,0,0.7111111111111111,2.757994577751936,0,0,0,
652,0.5,simple-random-sample,1,500,45,65,390,0.7,0.7,0.7,random,0,0,Randomly placed,0.986,45,0,0,0,0,true,0,0,45,11,3,3,5,9,2,3,4,0.375,0,0,0,0,0.8,2.2863229709016886,0,0,0,
659,0.5,simple-random-sample,1,500,53,80,367,0.7,0.7,0.7,random,0,0,Randomly placed,1.054,45,0,0,0,0,true,0,0,45,11,0,0,11,7,0,0,7,0.375,0,0,0,0,0.6222222222222222,2.725880906448595,0,0,0,
658,0.5,simple-random-sample,1,500,56,70,374,0.7,0.7,0.7,random,0,0,Randomly placed,1.014,45,0,0,0,0,true,0,0,45,12,1,2,9,11,1,2,8,0.375,0,0,0,0,0.9777777777777777,2.16392455890197,0,0,0,
662,0.5,simple-random-sample,1,500,50,72,378,0.7,0.7,0.7,random,0,0,Randomly placed,1.03,45,0,0,0,0,true,0,0,45,7,1,0,6,6,1,0,5,0.375,0,0,0,0,0.5333333333333333,2.5783186910712326,0,0,0,
660,0.5,simple-random-sample,1,500,53,81,366,0.7,0.7,0.7,random,0,0,Randomly placed,1.018,45,0,0,0,0,true,0,0,45,7,1,0,6,5,1,0,4,0.375,0,0,0,0,0.4444444444444444,2.8603877677367775,0,0,0,
656,0.5,simple-random-sample,1,500,43,70,387,0.7,0.7,0.7,random,0,0,Randomly placed,0.966,45,0,0,0,0,true,0,0,45,7,0,2,5,6,0,2,4,0.375,0,0,0,0,0.5333333333333333,2.578318691071233,0,0,0,
664,0.5,simple-random-sample,1,500,59,65,376,0.7,0.7,0.7,random,0,0,Randomly placed,0.982,45,0,0,0,0,true,0,0,45,12,0,0,12,7,0,0,7,0.375,0,0,0,0,0.6222222222222222,2.356257212603933,0,0,0,
668,0.5,simple-random-sample,1,500,51,73,376,0.7,0.7,0.7,random,0,0,Randomly placed,1.03,45,0,0,0,0,true,0,0,45,11,0,1,10,9,0,1,8,0.375,0,0,0,0,0.8,2.2863229709016886,0,0,0,
669,0.5,simple-random-sample,1,500,52,81,367,0.7,0.7,0.7,random,0,0,Randomly placed,0.994,45,0,0,0,0,true,0,0,45,16,1,2,13,11,1,1,9,0.375,0,0,0,0,0.9777777777777777,2.33308288162507,0,0,0,
665,0.5,simple-random-sample,1,500,36,73,391,0.7,0.7,0.7,random,0,0,Randomly placed,0.942,45,0,0,0,0,true,0,0,45,7,1,1,5,7,1,1,5,0.375,0,0,0,0,0.6222222222222222,2.3562572126039325,0,0,0,
667,0.5,simple-random-sample,1,500,50,87,363,0.7,0.7,0.7,random,0,0,Randomly placed,0.994,45,0,0,0,0,true,0,0,45,14,1,0,13,9,1,0,8,0.375,0,0,0,0,0.8,2.0225995873897262,0,0,0,
671,0.5,simple-random-sample,1,500,48,84,368,0.7,0.7,0.7,random,0,0,Randomly placed,0.998,45,0,0,0,0,true,0,0,45,9,3,2,4,3,0,1,2,0.375,0,0,0,0,0.26666666666666666,3.783937343321347,0,0,0,
670,0.5,simple-random-sample,1,500,52,87,361,0.7,0.7,0.7,random,0,0,Randomly placed,0.99,45,0,0,0,0,true,0,0,45,12,0,2,10,7,0,0,7,0.375,0,0,0,0,0.6222222222222222,2.356257212603933,0,0,0,
666,0.5,simple-random-sample,1,500,51,73,376,0.7,0.7,0.7,random,0,0,Randomly placed,1.054,45,0,0,0,0,true,0,0,45,9,0,0,9,8,0,0,8,0.375,0,0,0,0,0.7111111111111111,2.4836110532119062,0,0,0,
654,0.5,simple-random-sample,1,500,47,76,377,0.7,0.7,0.7,random,0,0,Randomly placed,1.014,45,0,0,0,0,true,0,0,45,13,2,2,9,10,2,2,6,0.375,0,0,0,0,0.8888888888888888,2.1213203435596433,0,0,0,
663,0.5,simple-random-sample,1,500,43,75,382,0.7,0.7,0.7,random,0,0,Randomly placed,1.038,45,0,0,0,0,true,0,0,45,11,0,2,9,6,0,2,4,0.375,0,0,0,0,0.5333333333333333,4.689204235649835,0,0,0,
674,0.5,simple-random-sample,1,500,36,79,385,0.7,0.7,0.7,random,0,0,Randomly placed,1.01,45,0,0,0,0,true,0,0,45,10,0,3,7,7,0,2,5,0.375,0,0,0,0,0.6222222222222222,3.0510498816528657,0,0,0,
672,0.5,simple-random-sample,1,500,49,69,382,0.7,0.7,0.7,random,0,0,Randomly placed,0.97,45,0,0,0,0,true,0,0,45,9,1,1,7,7,1,0,6,0.375,0,0,0,0,0.6222222222222222,2.3562572126039325,0,0,0,
677,0.5,simple-random-sample,1,500,53,90,357,0.7,0.7,0.7,random,0,0,Randomly placed,0.994,45,0,0,0,0,true,0,0,45,12,3,2,7,11,3,2,6,0.375,0,0,0,0,0.9777777777777777,1.980369475806532,0,0,0,
676,0.5,simple-random-sample,1,500,60,69,371,0.7,0.7,0.7,random,0,0,Randomly placed,1.038,45,0,0,0,0,true,0,0,45,5,1,0,4,1,0,0,1,0.375,0,0,0,0,0.08888888888888889,6.708203932499369,0,0,0,
678,0.5,simple-random-sample,1,500,54,73,373,0.7,0.7,0.7,random,0,0,Randomly placed,0.946,45,0,0,0,0,true,0,0,45,10,2,2,6,8,1,2,5,0.375,0,0,0,0,0.7111111111111111,2.483611053211907,0,0,0,
673,0.5,simple-random-sample,1,500,42,80,378,0.7,0.7,0.7,random,0,0,Randomly placed,1.05,45,0,0,0,0,true,0,0,45,11,0,3,8,8,0,2,6,0.375,0,0,0,0,0.7111111111111111,2.4836110532119084,0,0,0,
675,0.5,simple-random-sample,1,500,41,90,369,0.7,0.7,0.7,random,0,0,Randomly placed,0.994,45,0,0,0,0,true,0,0,45,15,1,4,10,13,1,4,8,0.375,0,0,0,0,1.1555555555555554,1.7498943332426653,0,0,0,
680,0.5,simple-random-sample,1,500,60,81,359,0.7,0.7,0.7,random,0,0,Randomly placed,0.998,45,0,0,0,0,true,0,0,45,10,0,0,10,6,0,0,6,0.375,0,0,0,0,0.5333333333333333,2.5783186910712326,0,0,0,
684,0.5,simple-random-sample,1,500,41,74,385,0.7,0.7,0.7,random,0,0,Randomly placed,1.014,45,0,0,0,0,true,0,0,45,12,1,3,8,8,0,2,6,0.375,0,0,0,0,0.7111111111111111,2.4836110532119084,0,0,0,
683,0.5,simple-random-sample,1,500,56,73,371,0.7,0.7,0.7,random,0,0,Randomly placed,0.966,45,0,0,0,0,true,0,0,45,7,0,3,4,6,0,2,4,0.375,0,0,0,0,0.5333333333333333,3.03389938108459,0,0,0,
682,0.5,simple-random-sample,1,500,55,77,368,0.7,0.7,0.7,random,0,0,Randomly placed,0.962,45,0,0,0,0,true,0,0,45,10,1,1,8,9,1,1,7,0.375,0,0,0,0,0.8,2.0225995873897262,0,0,0,
679,0.5,simple-random-sample,1,500,46,72,382,0.7,0.7,0.7,random,0,0,Randomly placed,1.018,45,0,0,0,0,true,0,0,45,11,0,2,9,9,0,1,8,0.375,0,0,0,0,0.8,2.0225995873897262,0,0,0,
687,0.5,simple-random-sample,1,500,52,70,378,0.7,0.7,0.7,random,0,0,Randomly placed,1.05,45,0,0,0,0,true,0,0,45,17,1,3,13,11,0,2,9,0.375,0,0,0,0,0.9777777777777777,1.980369475806532,0,0,0,
685,0.5,simple-random-sample,1,500,43,89,368,0.7,0.7,0.7,random,0,0,Randomly placed,0.994,45,0,0,0,0,true,0,0,45,13,1,2,10,7,0,2,5,0.375,0,0,0,0,0.6222222222222222,2.725880906448593,0,0,0,
681,0.5,simple-random-sample,1,500,63,67,370,0.7,0.7,0.7,random,0,0,Randomly placed,1.002,45,0,0,0,0,true,0,0,45,11,1,0,10,8,0,0,8,0.375,0,0,0,0,0.7111111111111111,2.4836110532119084,0,0,0,
688,0.5,simple-random-sample,1,500,53,76,371,0.7,0.7,0.7,random,0,0,Randomly placed,0.994,45,0,0,0,0,true,0,0,45,12,1,3,8,8,1,2,5,0.375,0,0,0,0,0.7111111111111111,2.4836110532119076,0,0,0,
690,0.5,simple-random-sample,1,500,55,77,368,0.7,0.7,0.7,random,0,0,Randomly placed,0.974,45,0,0,0,0,true,0,0,45,9,1,3,5,6,0,3,3,0.375,0,0,0,0,0.5333333333333333,2.5783186910712326,0,0,0,
692,0.5,simple-random-sample,1,500,46,74,380,0.7,0.7,0.7,random,0,0,Randomly placed,1.022,45,0,0,0,0,true,0,0,45,12,2,4,6,9,2,1,6,0.375,0,0,0,0,0.8,2.2863229709016895,0,0,0,
689,0.5,simple-random-sample,1,500,48,79,373,0.7,0.7,0.7,random,0,0,Randomly placed,0.95,45,0,0,0,0,true,0,0,45,11,1,1,9,8,0,1,7,0.375,0,0,0,0,0.7111111111111111,2.4836110532119076,0,0,0,
691,0.5,simple-random-sample,1,500,55,79,366,0.7,0.7,0.7,random,0,0,Randomly placed,0.97,45,0,0,0,0,true,0,0,45,14,2,2,10,9,0,1,8,0.375,0,0,0,0,0.8,2.0225995873897262,0,0,0,
693,0.5,simple-random-sample,1,500,40,66,394,0.7,0.7,0.7,random,0,0,Randomly placed,0.998,45,0,0,0,0,true,0,0,45,11,1,1,9,6,0,1,5,0.375,0,0,0,0,0.5333333333333333,2.5783186910712326,0,0,0,
695,0.5,simple-random-sample,1,500,52,72,376,0.7,0.7,0.7,random,0,0,Randomly placed,1.018,45,0,0,0,0,true,0,0,45,16,0,2,14,14,0,2,12,0.375,0,0,0,0,1.2444444444444445,1.7899300884969964,0,0,0,
697,0.5,simple-random-sample,1,500,50,81,369,0.7,0.7,0.7,random,0,0,Randomly placed,1.01,45,0,0,0,0,true,0,0,45,15,1,6,8,10,1,5,4,0.375,0,0,0,0,0.8888888888888888,1.8919686716606745,0,0,0,
700,0.5,simple-random-sample,1,500,58,66,376,0.7,0.7,0.7,random,0,0,Randomly placed,1.018,45,0,0,0,0,true,0,0,45,17,2,3,12,8,0,2,6,0.375,0,0,0,0,0.7111111111111111,2.1748824419640793,0,0,0,
699,0.5,simple-random-sample,1,500,50,88,362,0.7,0.7,0.7,random,0,0,Randomly placed,1.018,45,0,0,0,0,true,0,0,45,8,0,3,5,4,0,2,2,0.375,0,0,0,0,0.35555555555555557,4.029366631934286,0,0,0,
696,0.5,simple-random-sample,1,500,47,74,379,0.7,0.7,0.7,random,0,0,Randomly placed,1.002,45,0,0,0,0,true,0,0,45,14,2,0,12,8,1,0,7,0.375,0,0,0,0,0.7111111111111111,2.1748824419640793,0,0,0,
686,0.5,simple-random-sample,1,500,53,77,370,0.7,0.7,0.7,random,0,0,Randomly placed,0.946,45,0,0,0,0,true,0,0,45,11,0,0,11,8,0,0,8,0.375,0,0,0,0,0.7111111111111111,3.007448140563993,0,0,0,
694,0.5,simple-random-sample,1,500,56,63,381,0.7,0.7,0.7,random,0,0,Randomly placed,0.994,45,0,0,0,0,true,0,0,45,8,1,0,7,6,1,0,5,0.375,0,0,0,0,0.5333333333333333,2.5783186910712326,0,0,0,
698,0.5,simple-random-sample,1,500,47,72,381,0.7,0.7,0.7,random,0,0,Randomly placed,0.978,45,0,0,0,0,true,0,0,45,11,1,0,10,8,1,0,7,0.375,0,0,0,0,0.7111111111111111,2.483611053211908,0,0,0,
701,0.5,simple-random-sample,7,3500,375,488,2637,0.7,0.7,0.7,random,0,0,Randomly placed,1.0408571428571427,45,0,0,0,0,true,0,0,45,77,3,10,64,54,2,7,45,0.375,0,0,0,0,4.8,0.9163222493459735,0,0,0,
704,0.5,simple-random-sample,7,3500,347,510,2643,0.7,0.7,0.7,random,0,0,Randomly placed,1.0442857142857143,45,0,0,0,0,true,0,0,45,83,6,13,64,55,4,9,42,0.375,0,0,0,0,4.888888888888889,1.0154701198151597,0,0,0,
708,0.5,simple-random-sample,7,3500,353,530,2617,0.7,0.7,0.7,random,0,0,Randomly placed,1.0242857142857142,45,0,0,0,0,true,0,0,45,86,5,9,72,60,4,6,50,0.375,0,0,0,0,5.333333333333333,0.9045340337332911,0,0,0,
702,0.5,simple-random-sample,7,3500,353,510,2637,0.7,0.7,0.7,random,0,0,Randomly placed,0.9671428571428571,45,0,0,0,0,true,0,0,45,78,13,8,57,51,11,6,34,0.375,0,0,0,0,4.533333333333333,0.8538166261434336,0,0,0,
706,0.5,simple-random-sample,7,3500,361,523,2616,0.7,0.7,0.7,random,0,0,Randomly placed,0.9871428571428572,45,0,0,0,0,true,0,0,45,93,8,17,68,60,4,11,45,0.375,0,0,0,0,5.333333333333333,0.830867564110496,0,0,0,
705,0.5,simple-random-sample,7,3500,346,562,2592,0.7,0.7,0.7,random,0,0,Randomly placed,1.0225714285714287,45,0,0,0,0,true,0,0,45,86,2,22,62,60,1,16,43,0.375,0,0,0,0,5.333333333333333,0.9856931110091566,0,0,0,
707,0.5,simple-random-sample,7,3500,341,534,2625,0.7,0.7,0.7,random,0,0,Randomly placed,0.9842857142857142,45,0,0,0,0,true,0,0,45,88,6,18,64,65,3,12,50,0.375,0,0,0,0,5.777777777777778,0.892410170146288,0,0,0,
715,0.5,simple-random-sample,7,3500,304,524,2672,0.7,0.7,0.7,random,0,0,Randomly placed,0.9682857142857142,45,0,0,0,0,true,0,0,45,77,7,11,59,55,6,5,44,0.375,0,0,0,0,4.888888888888889,0.9850497781149884,0,0,0,
718,0.5,simple-random-sample,7,3500,364,475,2661,0.7,0.7,0.7,random,0,0,Randomly placed,0.9945714285714286,45,0,0,0,0,true,0,0,45,77,8,12,57,56,8,10,38,0.375,0,0,0,0,4.977777777777778,0.8064073335291373,0,0,0,
703,0.5,simple-random-sample,7,3500,368,534,2598,0.7,0.7,0.7,random,0,0,Randomly placed,1.060857142857143,45,0,0,0,0,true,0,0,45,84,7,13,64,65,5,11,49,0.375,0,0,0,0,5.777777777777778,0.6527139518645055,0,0,0,
720,0.5,simple-random-sample,7,3500,359,545,2596,0.7,0.7,0.7,random,0,0,Randomly placed,1.0071428571428571,45,0,0,0,0,true,0,0,45,76,11,6,59,54,10,5,39,0.375,0,0,0,0,4.8,0.9987365756167875,0,0,0,
714,0.5,simple-random-sample,7,3500,347,514,2639,0.7,0.7,0.7,random,0,0,Randomly placed,1.0882857142857143,45,0,0,0,0,true,0,0,45,83,8,14,61,57,6,7,44,0.375,0,0,0,0,5.066666666666666,0.8142059024435467,0,0,0,
709,0.5,simple-random-sample,7,3500,364,498,2638,0.7,0.7,0.7,random,0,0,Randomly placed,0.9922857142857142,45,0,0,0,0,true,0,0,45,87,9,10,68,56,6,7,43,0.375,0,0,0,0,4.977777777777778,0.8420185543238362,0,0,0,
716,0.5,simple-random-sample,7,3500,357,561,2582,0.7,0.7,0.7,random,0,0,Randomly placed,1.0174285714285713,45,0,0,0,0,true,0,0,45,90,4,19,67,60,3,11,46,0.375,0,0,0,0,5.333333333333333,0.7668560372183177,0,0,0,
721,0.5,simple-random-sample,7,3500,351,551,2598,0.7,0.7,0.7,random,0,0,Randomly placed,0.9974285714285714,45,0,0,0,0,true,0,0,45,66,9,8,49,44,3,4,37,0.375,0,0,0,0,3.911111111111111,1.2618242402264834,0,0,0,
719,0.5,simple-random-sample,7,3500,319,549,2632,0.7,0.7,0.7,random,0,0,Randomly placed,0.978,45,0,0,0,0,true,0,0,45,70,2,11,57,48,0,8,40,0.375,0,0,0,0,4.266666666666667,0.945984335830337,0,0,0,
724,0.5,simple-random-sample,7,3500,383,533,2584,0.7,0.7,0.7,random,0,0,Randomly placed,1.026,45,0,0,0,0,true,0,0,45,79,8,15,56,58,7,11,40,0.375,0,0,0,0,5.155555555555556,0.7867573555587395,0,0,0,
722,0.5,simple-random-sample,7,3500,350,515,2635,0.7,0.7,0.7,random,0,0,Randomly placed,0.9214285714285715,45,0,0,0,0,true,0,0,45,66,9,9,48,45,6,5,34,0.375,0,0,0,0,4,0.9534625892455924,0,0,0,
727,0.5,simple-random-sample,7,3500,379,550,2571,0.7,0.7,0.7,random,0,0,Randomly placed,0.9562857142857143,45,0,0,0,0,true,0,0,45,76,3,16,57,58,3,11,44,0.375,0,0,0,0,5.155555555555556,0.8534838978031851,0,0,0,
713,0.5,simple-random-sample,7,3500,347,497,2656,0.7,0.7,0.7,random,0,0,Randomly placed,1.0071428571428571,45,0,0,0,0,true,0,0,45,76,9,17,50,55,6,14,35,0.375,0,0,0,0,4.888888888888889,0.8702444020554169,0,0,0,
723,0.5,simple-random-sample,7,3500,366,505,2629,0.7,0.7,0.7,random,0,0,Randomly placed,1.0591428571428572,45,0,0,0,0,true,0,0,45,84,12,15,57,56,10,9,37,0.375,0,0,0,0,4.977777777777778,0.909065543477291,0,0,0,
710,0.5,simple-random-sample,7,3500,338,519,2643,0.7,0.7,0.7,random,0,0,Randomly placed,1.0277142857142858,45,0,0,0,0,true,0,0,45,63,5,13,45,48,4,11,33,0.375,0,0,0,0,4.266666666666667,1.065170440906909,0,0,0,
728,0.5,simple-random-sample,7,3500,364,546,2590,0.7,0.7,0.7,random,0,0,Randomly placed,0.9682857142857142,45,0,0,0,0,true,0,0,45,105,13,12,80,73,9,8,56,0.375,0,0,0,0,6.488888888888889,0.8132324412683488,0,0,0,
712,0.5,simple-random-sample,7,3500,343,529,2628,0.7,0.7,0.7,random,0,0,Randomly placed,1.016857142857143,45,0,0,0,0,true,0,0,45,77,7,14,56,53,5,10,38,0.375,0,0,0,0,4.711111111111111,0.815369450427619,0,0,0,
732,0.5,simple-random-sample,7,3500,343,502,2655,0.7,0.7,0.7,random,0,0,Randomly placed,0.9968571428571428,45,0,0,0,0,true,0,0,45,98,12,13,73,74,9,10,55,0.375,0,0,0,0,6.5777777777777775,0.7236643918754952,0,0,0,
736,0.5,simple-random-sample,7,3500,327,541,2632,0.7,0.7,0.7,random,0,0,Randomly placed,0.954,45,0,0,0,0,true,0,0,45,82,14,17,51,52,9,10,33,0.375,0,0,0,0,4.622222222222222,1.0098026799299757,0,0,0,
725,0.5,simple-random-sample,7,3500,344,501,2655,0.7,0.7,0.7,random,0,0,Randomly placed,1.0671428571428572,45,0,0,0,0,true,0,0,45,89,7,22,60,66,4,16,46,0.375,0,0,0,0,5.866666666666666,0.7908663425323926,0,0,0,
731,0.5,simple-random-sample,7,3500,360,528,2612,0.7,0.7,0.7,random,0,0,Randomly placed,0.9322857142857143,45,0,0,0,0,true,0,0,45,86,8,12,66,66,7,10,49,0.375,0,0,0,0,5.866666666666666,0.749718204010342,0,0,0,
711,0.5,simple-random-sample,7,3500,368,537,2595,0.7,0.7,0.7,random,0,0,Randomly placed,1.0094285714285713,45,0,0,0,0,true,0,0,45,80,8,12,60,57,5,9,43,0.375,0,0,0,0,5.066666666666666,0.8482877119861656,0,0,0,
734,0.5,simple-random-sample,7,3500,335,525,2640,0.7,0.7,0.7,random,0,0,Randomly placed,0.9637142857142857,45,0,0,0,0,true,0,0,45,68,12,10,46,49,10,6,33,0.375,0,0,0,0,4.355555555555555,0.9146492452470816,0,0,0,
726,0.5,simple-random-sample,7,3500,344,512,2644,0.7,0.7,0.7,random,0,0,Randomly placed,0.978,45,0,0,0,0,true,0,0,45,80,10,9,61,61,8,8,45,0.375,0,0,0,0,5.4222222222222225,0.8345519743398079,0,0,0,
733,0.5,simple-random-sample,7,3500,385,529,2586,0.7,0.7,0.7,random,0,0,Randomly placed,0.9888571428571428,45,0,0,0,0,true,0,0,45,81,5,13,63,48,3,8,37,0.375,0,0,0,0,4.266666666666667,1.0462493890516302,0,0,0,
738,0.5,simple-random-sample,7,3500,347,552,2601,0.7,0.7,0.7,random,0,0,Randomly placed,1.0117142857142858,45,0,0,0,0,true,0,0,45,66,7,8,51,47,3,7,37,0.375,0,0,0,0,4.177777777777778,1.0984221105606142,0,0,0,
729,0.5,simple-random-sample,7,3500,343,526,2631,0.7,0.7,0.7,random,0,0,Randomly placed,1.0042857142857142,45,0,0,0,0,true,0,0,45,78,8,13,57,49,6,9,34,0.375,0,0,0,0,4.355555555555555,1.087018829300694,0,0,0,
730,0.5,simple-random-sample,7,3500,372,505,2623,0.7,0.7,0.7,random,0,0,Randomly placed,1.0231428571428571,45,0,0,0,0,true,0,0,45,86,6,10,70,59,2,8,49,0.375,0,0,0,0,5.2444444444444445,0.9732522660450816,0,0,0,
737,0.5,simple-random-sample,7,3500,337,538,2625,0.7,0.7,0.7,random,0,0,Randomly placed,1.0071428571428571,45,0,0,0,0,true,0,0,45,75,5,6,64,55,5,5,45,0.375,0,0,0,0,4.888888888888889,0.8875548257686979,0,0,0,
740,0.5,simple-random-sample,7,3500,339,540,2621,0.7,0.7,0.7,random,0,0,Randomly placed,1.0671428571428572,45,0,0,0,0,true,0,0,45,78,12,11,55,50,8,6,36,0.375,0,0,0,0,4.444444444444445,0.9636578042211684,0,0,0,
739,0.5,simple-random-sample,7,3500,355,535,2610,0.7,0.7,0.7,random,0,0,Randomly placed,0.9985714285714286,45,0,0,0,0,true,0,0,45,70,4,8,58,49,2,4,43,0.375,0,0,0,0,4.355555555555555,0.7788231161281693,0,0,0,
745,0.5,simple-random-sample,7,3500,351,507,2642,0.7,0.7,0.7,random,0,0,Randomly placed,1.0185714285714285,45,0,0,0,0,true,0,0,45,74,7,13,54,55,5,11,39,0.375,0,0,0,0,4.888888888888889,0.9212003406525269,0,0,0,
747,0.5,simple-random-sample,7,3500,351,524,2625,0.7,0.7,0.7,random,0,0,Randomly placed,0.962,45,0,0,0,0,true,0,0,45,76,8,9,59,51,7,5,39,0.375,0,0,0,0,4.533333333333333,0.7892004626469844,0,0,0,
742,0.5,simple-random-sample,7,3500,341,544,2615,0.7,0.7,0.7,random,0,0,Randomly placed,1.01,45,0,0,0,0,true,0,0,45,92,8,12,72,64,5,9,50,0.375,0,0,0,0,5.688888888888889,0.7108945728798327,0,0,0,
749,0.5,simple-random-sample,7,3500,362,514,2624,0.7,0.7,0.7,random,0,0,Randomly placed,0.9517142857142857,45,0,0,0,0,true,0,0,45,79,8,14,57,55,5,10,40,0.375,0,0,0,0,4.888888888888889,0.9850497781149878,0,0,0,
717,0.5,simple-random-sample,7,3500,348,576,2576,0.7,0.7,0.7,random,0,0,Randomly placed,1.012857142857143,45,0,0,0,0,true,0,0,45,85,14,16,55,60,9,14,37,0.375,0,0,0,0,5.333333333333333,0.7150969419341944,0,0,0,
753,0.5,simple-random-sample,7,3500,367,480,2653,0.7,0.7,0.7,random,0,0,Randomly placed,1.026,45,0,0,0,0,true,0,0,45,71,8,10,53,43,4,5,34,0.375,0,0,0,0,3.8222222222222224,0.9187317598787802,0,0,0,
741,0.5,simple-random-sample,7,3500,361,529,2610,0.7,0.7,0.7,random,0,0,Randomly placed,1.042,45,0,0,0,0,true,0,0,45,80,11,15,54,61,8,13,40,0.375,0,0,0,0,5.4222222222222225,0.7568310494420308,0,0,0,
755,0.5,simple-random-sample,7,3500,338,532,2630,0.7,0.7,0.7,random,0,0,Randomly placed,1.03,45,0,0,0,0,true,0,0,45,77,9,16,52,60,7,12,41,0.375,0,0,0,0,5.333333333333333,0.8758113121817135,0,0,0,
743,0.5,simple-random-sample,7,3500,330,501,2669,0.7,0.7,0.7,random,0,0,Randomly placed,1.0311428571428571,45,0,0,0,0,true,0,0,45,71,9,8,54,48,8,7,33,0.375,0,0,0,0,4.266666666666667,1.1020384005848602,0,0,0,
744,0.5,simple-random-sample,7,3500,349,542,2609,0.7,0.7,0.7,random,0,0,Randomly placed,0.9642857142857143,45,0,0,0,0,true,0,0,45,74,5,13,56,52,4,10,38,0.375,0,0,0,0,4.622222222222222,1.0265193281890888,0,0,0,
751,0.5,simple-random-sample,7,3500,336,480,2684,0.7,0.7,0.7,random,0,0,Randomly placed,0.9625714285714286,45,0,0,0,0,true,0,0,45,81,5,14,62,61,4,10,47,0.375,0,0,0,0,5.4222222222222225,0.8043652737932518,0,0,0,
735,0.5,simple-random-sample,7,3500,344,541,2615,0.7,0.7,0.7,random,0,0,Randomly placed,0.9562857142857143,45,0,0,0,0,true,0,0,45,74,5,15,54,45,3,7,35,0.375,0,0,0,0,4,0.8257228238447705,0,0,0,
748,0.5,simple-random-sample,7,3500,350,529,2621,0.7,0.7,0.7,random,0,0,Randomly placed,0.9991428571428571,45,0,0,0,0,true,0,0,45,82,8,13,61,53,5,7,41,0.375,0,0,0,0,4.711111111111111,0.9281355747769344,0,0,0,
750,0.5,simple-random-sample,7,3500,375,510,2615,0.7,0.7,0.7,random,0,0,Randomly placed,1.0705714285714285,45,0,0,0,0,true,0,0,45,67,5,7,55,43,3,2,38,0.375,0,0,0,0,3.8222222222222224,0.9967003923732243,0,0,0,
758,0.5,simple-random-sample,7,3500,352,486,2662,0.7,0.7,0.7,random,0,0,Randomly placed,0.994,45,0,0,0,0,true,0,0,45,90,7,11,72,67,4,8,55,0.375,0,0,0,0,5.955555555555556,0.7660869163545,0,0,0,
763,0.5,simple-random-sample,7,3500,394,547,2559,0.7,0.7,0.7,random,0,0,Randomly placed,0.9768571428571429,45,0,0,0,0,true,0,0,45,78,9,11,58,61,5,10,46,0.375,0,0,0,0,5.4222222222222225,0.9457119088995257,0,0,0,
762,0.5,simple-random-sample,7,3500,360,518,2622,0.7,0.7,0.7,random,0,0,Randomly placed,1.0174285714285713,45,0,0,0,0,true,0,0,45,78,5,11,62,53,3,8,42,0.375,0,0,0,0,4.711111111111111,1.059990590115941,0,0,0,
746,0.5,simple-random-sample,7,3500,317,520,2663,0.7,0.7,0.7,random,0,0,Randomly placed,1.0202857142857142,45,0,0,0,0,true,0,0,45,86,7,11,68,68,5,8,55,0.375,0,0,0,0,6.044444444444444,0.9211074717535898,0,0,0,
759,0.5,simple-random-sample,7,3500,355,506,2639,0.7,0.7,0.7,random,0,0,Randomly placed,1.004857142857143,45,0,0,0,0,true,0,0,45,57,3,10,44,40,2,8,30,0.375,0,0,0,0,3.5555555555555554,1.07858809224248,0,0,0,
766,0.5,simple-random-sample,7,3500,352,534,2614,0.7,0.7,0.7,random,0,0,Randomly placed,0.9991428571428571,45,0,0,0,0,true,0,0,45,79,3,12,64,57,2,9,46,0.375,0,0,0,0,5.066666666666666,0.9727462183108064,0,0,0,
764,0.5,simple-random-sample,7,3500,379,546,2575,0.7,0.7,0.7,random,0,0,Randomly placed,0.926,45,0,0,0,0,true,0,0,45,81,6,10,65,52,4,5,43,0.375,0,0,0,0,4.622222222222222,0.8445928863219283,0,0,0,
768,0.5,simple-random-sample,7,3500,316,531,2653,0.7,0.7,0.7,random,0,0,Randomly placed,0.9648571428571427,45,0,0,0,0,true,0,0,45,64,7,11,46,44,4,9,31,0.375,0,0,0,0,3.911111111111111,0.937570433116812,0,0,0,
761,0.5,simple-random-sample,7,3500,346,512,2642,0.7,0.7,0.7,random,0,0,Randomly placed,1.038,45,0,0,0,0,true,0,0,45,82,7,11,64,56,7,7,42,0.375,0,0,0,0,4.977777777777778,0.8592708973039979,0,0,0,
765,0.5,simple-random-sample,7,3500,356,500,2644,0.7,0.7,0.7,random,0,0,Randomly placed,0.9928571428571429,45,0,0,0,0,true,0,0,45,91,10,12,69,61,6,9,46,0.375,0,0,0,0,5.4222222222222225,0.7730006400349969,0,0,0,
769,0.5,simple-random-sample,7,3500,340,551,2609,0.7,0.7,0.7,random,0,0,Randomly placed,0.9871428571428572,45,0,0,0,0,true,0,0,45,81,7,15,59,52,4,9,39,0.375,0,0,0,0,4.622222222222222,0.9030274524518385,0,0,0,
770,0.5,simple-random-sample,7,3500,344,548,2608,0.7,0.7,0.7,random,0,0,Randomly placed,0.9882857142857143,45,0,0,0,0,true,0,0,45,95,6,16,73,68,4,9,55,0.375,0,0,0,0,6.044444444444444,0.7415177785575712,0,0,0,
771,0.5,simple-random-sample,7,3500,330,518,2652,0.7,0.7,0.7,random,0,0,Randomly placed,1.0202857142857142,45,0,0,0,0,true,0,0,45,87,7,11,69,58,4,8,46,0.375,0,0,0,0,5.155555555555556,1.0925141554068531,0,0,0,
773,0.5,simple-random-sample,7,3500,365,500,2635,0.7,0.7,0.7,random,0,0,Randomly placed,0.9974285714285714,45,0,0,0,0,true,0,0,45,82,8,12,62,57,6,9,42,0.375,0,0,0,0,5.066666666666666,1.015493176410947,0,0,0,
767,0.5,simple-random-sample,7,3500,302,538,2660,0.7,0.7,0.7,random,0,0,Randomly placed,0.9837142857142858,45,0,0,0,0,true,0,0,45,68,7,8,53,53,5,6,42,0.375,0,0,0,0,4.711111111111111,0.9627937196816709,0,0,0,
756,0.5,simple-random-sample,7,3500,358,572,2570,0.7,0.7,0.7,random,0,0,Randomly placed,0.9877142857142857,45,0,0,0,0,true,0,0,45,70,7,10,53,47,4,6,37,0.375,0,0,0,0,4.177777777777778,0.9990942027126716,0,0,0,
781,0.5,simple-random-sample,7,3500,352,521,2627,0.7,0.7,0.7,random,0,0,Randomly placed,0.9694285714285714,45,0,0,0,0,true,0,0,45,73,5,19,49,53,4,13,36,0.375,0,0,0,0,4.711111111111111,0.9281355747769345,0,0,0,
774,0.5,simple-random-sample,7,3500,330,503,2667,0.7,0.7,0.7,random,0,0,Randomly placed,0.9597142857142857,45,0,0,0,0,true,0,0,45,81,3,15,63,52,2,10,40,0.375,0,0,0,0,4.622222222222222,0.883978563727447,0,0,0,
778,0.5,simple-random-sample,7,3500,317,529,2654,0.7,0.7,0.7,random,0,0,Randomly placed,0.9574285714285714,45,0,0,0,0,true,0,0,45,84,6,11,67,56,2,8,46,0.375,0,0,0,0,4.977777777777778,0.9407989267604911,0,0,0,
775,0.5,simple-random-sample,7,3500,363,549,2588,0.7,0.7,0.7,random,0,0,Randomly placed,1.0557142857142856,45,0,0,0,0,true,0,0,45,75,9,13,53,56,7,11,38,0.375,0,0,0,0,4.977777777777778,0.9714963092311374,0,0,0,
757,0.5,simple-random-sample,7,3500,355,558,2587,0.7,0.7,0.7,random,0,0,Randomly placed,0.994,45,0,0,0,0,true,0,0,45,72,4,12,56,55,2,12,41,0.375,0,0,0,0,4.888888888888889,0.8161130871388157,0,0,0,
754,0.5,simple-random-sample,7,3500,352,548,2600,0.7,0.7,0.7,random,0,0,Randomly placed,1.0037142857142858,45,0,0,0,0,true,0,0,45,87,4,21,62,58,3,14,41,0.375,0,0,0,0,5.155555555555556,0.8534838978031851,0,0,0,
780,0.5,simple-random-sample,7,3500,332,538,2630,0.7,0.7,0.7,random,0,0,Randomly placed,1.0568571428571427,45,0,0,0,0,true,0,0,45,74,7,14,53,58,6,10,42,0.375,0,0,0,0,5.155555555555556,0.7867573555587395,0,0,0,
772,0.5,simple-random-sample,7,3500,376,546,2578,0.7,0.7,0.7,random,0,0,Randomly placed,0.9745714285714285,45,0,0,0,0,true,0,0,45,88,15,10,63,61,10,6,45,0.375,0,0,0,0,5.4222222222222225,0.7403083717644537,0,0,0,
782,0.5,simple-random-sample,7,3500,340,506,2654,0.7,0.7,0.7,random,0,0,Randomly placed,1.0488571428571427,45,0,0,0,0,true,0,0,45,69,7,5,57,47,6,4,37,0.375,0,0,0,0,4.177777777777778,1.0399644170469557,0,0,0,
776,0.5,simple-random-sample,7,3500,324,551,2625,0.7,0.7,0.7,random,0,0,Randomly placed,1.0054285714285716,45,0,0,0,0,true,0,0,45,78,8,10,60,63,8,5,50,0.375,0,0,0,0,5.6,0.7522384653285497,0,0,0,
788,0.5,simple-random-sample,7,3500,403,522,2575,0.7,0.7,0.7,random,0,0,Randomly placed,0.9917142857142858,45,0,0,0,0,true,0,0,45,59,4,15,40,44,4,10,30,0.375,0,0,0,0,3.911111111111111,1.0567681939657403,0,0,0,
760,0.5,simple-random-sample,7,3500,342,531,2627,0.7,0.7,0.7,random,0,0,Randomly placed,0.9591428571428572,45,0,0,0,0,true,0,0,45,70,9,14,47,50,7,8,35,0.375,0,0,0,0,4.444444444444445,0.9443612559916793,0,0,0,
777,0.5,simple-random-sample,7,3500,342,486,2672,0.7,0.7,0.7,random,0,0,Randomly placed,1.0397142857142856,45,0,0,0,0,true,0,0,45,100,18,11,71,73,12,9,52,0.375,0,0,0,0,6.488888888888889,0.7112622536133238,0,0,0,
783,0.5,simple-random-sample,7,3500,379,503,2618,0.7,0.7,0.7,random,0,0,Randomly placed,0.966,45,0,0,0,0,true,0,0,45,73,13,10,50,55,10,7,38,0.375,0,0,0,0,4.888888888888889,0.9694817254223377,0,0,0,
785,0.5,simple-random-sample,7,3500,357,517,2626,0.7,0.7,0.7,random,0,0,Randomly placed,1.0105714285714285,45,0,0,0,0,true,0,0,45,78,7,12,59,58,7,10,41,0.375,0,0,0,0,5.155555555555556,0.8373009357384199,0,0,0,
779,0.5,simple-random-sample,7,3500,351,511,2638,0.7,0.7,0.7,random,0,0,Randomly placed,1.004857142857143,45,0,0,0,0,true,0,0,45,68,9,10,49,43,2,5,36,0.375,0,0,0,0,3.8222222222222224,1.0920331983138503,0,0,0,
789,0.5,simple-random-sample,7,3500,357,554,2589,0.7,0.7,0.7,random,0,0,Randomly placed,1.0294285714285716,45,0,0,0,0,true,0,0,45,77,6,17,54,57,4,14,39,0.375,0,0,0,0,5.066666666666666,0.814205902443547,0,0,0,
752,0.5,simple-random-sample,7,3500,366,520,2614,0.7,0.7,0.7,random,0,0,Randomly placed,0.9591428571428572,45,0,0,0,0,true,0,0,45,84,12,11,61,53,7,6,40,0.375,0,0,0,0,4.711111111111111,0.9281355747769345,0,0,0,
792,0.5,simple-random-sample,7,3500,340,553,2607,0.7,0.7,0.7,random,0,0,Randomly placed,1.026,45,0,0,0,0,true,0,0,45,83,9,15,59,53,5,9,39,0.375,0,0,0,0,4.711111111111111,0.9281355747769344,0,0,0,
795,0.5,simple-random-sample,7,3500,336,546,2618,0.7,0.7,0.7,random,0,0,Randomly placed,0.9814285714285714,45,0,0,0,0,true,0,0,45,82,9,11,62,50,7,7,36,0.375,0,0,0,0,4.444444444444445,0.8628704737939842,0,0,0,
801,0.5,simple-random-sample,0.01,5,0,2,3,0.3,0.3,0.3,random,0,0,Randomly placed,0.9975000000000324,45,0,0,0,0,true,0,0,45,0,0,0,0,0,0,0,0,0.375,0,0,0,0,0,NA,0,0,0,
804,0.5,simple-random-sample,0.01,5,1,0,4,0.3,0.3,0.3,random,0,0,Randomly placed,0.9975000000000185,45,0,0,0,0,true,0,0,45,0,0,0,0,0,0,0,0,0.375,0,0,0,0,0,NA,0,0,0,
790,0.5,simple-random-sample,7,3500,361,487,2652,0.7,0.7,0.7,random,0,0,Randomly placed,0.9734285714285714,45,0,0,0,0,true,0,0,45,78,11,15,52,60,7,13,40,0.375,0,0,0,0,5.333333333333333,0.7833494518006403,0,0,0,
803,0.5,simple-random-sample,0.01,5,0,0,5,0.3,0.3,0.3,random,0,0,Randomly placed,0.9975000000000386,45,0,0,0,0,true,0,0,45,0,0,0,0,0,0,0,0,0.375,0,0,0,0,0,NA,0,0,0,
802,0.5,simple-random-sample,0.01,5,2,0,3,0.3,0.3,0.3,random,0,0,Randomly placed,0.9975000000000421,45,0,0,0,0,true,0,0,45,0,0,0,0,0,0,0,0,0.375,0,0,0,0,0,NA,0,0,0,
791,0.5,simple-random-sample,7,3500,334,558,2608,0.7,0.7,0.7,random,0,0,Randomly placed,0.9934285714285714,45,0,0,0,0,true,0,0,45,92,12,12,68,61,11,9,41,0.375,0,0,0,0,5.4222222222222225,0.7234084138365737,0,0,0,
805,0.5,simple-random-sample,0.01,5,1,0,4,0.3,0.3,0.3,random,0,0,Randomly placed,0.9975000000000447,45,0,0,0,0,true,0,0,45,1,0,0,1,0,0,0,0,0.375,0,0,0,0,0,NA,0,0,0,
800,0.5,simple-random-sample,7,3500,362,543,2595,0.7,0.7,0.7,random,0,0,Randomly placed,0.966,45,0,0,0,0,true,0,0,45,85,8,12,65,62,6,10,46,0.375,0,0,0,0,5.511111111111111,0.7781697744707866,0,0,0,
808,0.5,simple-random-sample,0.01,5,0,1,4,0.3,0.3,0.3,random,0,0,Randomly placed,0.9975000000000719,45,0,0,0,0,true,0,0,45,1,0,0,1,0,0,0,0,0.375,0,0,0,0,0,NA,0,0,0,
798,0.5,simple-random-sample,7,3500,335,522,2643,0.7,0.7,0.7,random,0,0,Randomly placed,1.0585714285714285,45,0,0,0,0,true,0,0,45,80,5,10,65,58,4,9,45,0.375,0,0,0,0,5.155555555555556,0.8373009357384197,0,0,0,
784,0.5,simple-random-sample,7,3500,339,528,2633,0.7,0.7,0.7,random,0,0,Randomly placed,0.9985714285714286,45,0,0,0,0,true,0,0,45,88,10,15,63,61,6,9,46,0.375,0,0,0,0,5.4222222222222225,0.8636842606325819,0,0,0,
794,0.5,simple-random-sample,7,3500,354,537,2609,0.7,0.7,0.7,random,0,0,Randomly placed,0.9905714285714285,45,0,0,0,0,true,0,0,45,67,5,6,56,47,3,3,41,0.375,0,0,0,0,4.177777777777778,0.7625650213229943,0,0,0,
810,0.5,simple-random-sample,0.01,5,0,1,4,0.3,0.3,0.3,random,0,0,Randomly placed,0.9975000000000651,45,0,0,0,0,true,0,0,45,0,0,0,0,0,0,0,0,0.375,0,0,0,0,0,NA,0,0,0,
797,0.5,simple-random-sample,7,3500,369,525,2606,0.7,0.7,0.7,random,0,0,Randomly placed,0.9328571428571429,45,0,0,0,0,true,0,0,45,81,10,13,58,58,8,8,42,0.375,0,0,0,0,5.155555555555556,0.9153591596159697,0,0,0,
812,0.5,simple-random-sample,0.01,5,1,2,2,0.3,0.3,0.3,random,0,0,Randomly placed,0.9975000000000336,45,0,0,0,0,true,0,0,45,0,0,0,0,0,0,0,0,0.375,0,0,0,0,0,NA,0,0,0,
799,0.5,simple-random-sample,7,3500,339,523,2638,0.7,0.7,0.7,random,0,0,Randomly placed,1.0231428571428571,45,0,0,0,0,true,0,0,45,82,2,15,65,65,2,11,52,0.375,0,0,0,0,5.777777777777778,0.7887386516268862,0,0,0,
815,0.5,simple-random-sample,0.01,5,0,1,4,0.3,0.3,0.3,random,0,0,Randomly placed,0.9975000000000499,45,0,0,0,0,true,0,0,45,0,0,0,0,0,0,0,0,0.375,0,0,0,0,0,NA,0,0,0,
796,0.5,simple-random-sample,7,3500,338,547,2615,0.7,0.7,0.7,random,0,0,Randomly placed,1.0054285714285716,45,0,0,0,0,true,0,0,45,77,6,13,58,59,6,9,44,0.375,0,0,0,0,5.2444444444444445,0.8263156323236309,0,0,0,
813,0.5,simple-random-sample,0.01,5,0,0,5,0.3,0.3,0.3,random,0,0,Randomly placed,0.9975000000000452,45,0,0,0,0,true,0,0,45,0,0,0,0,0,0,0,0,0.375,0,0,0,0,0,NA,0,0,0,
817,0.5,simple-random-sample,0.01,5,0,1,4,0.3,0.3,0.3,random,0,0,Randomly placed,0.9975000000000434,45,0,0,0,0,true,0,0,45,1,0,0,1,0,0,0,0,0.375,0,0,0,0,0,NA,0,0,0,
818,0.5,simple-random-sample,0.01,5,1,2,2,0.3,0.3,0.3,random,0,0,Randomly placed,0.9975000000000656,45,0,0,0,0,true,0,0,45,1,0,0,1,1,0,0,1,0.375,0,0,0,0,0.08888888888888889,6.70820393249937,0,0,0,
806,0.5,simple-random-sample,0.01,5,1,1,3,0.3,0.3,0.3,random,0,0,Randomly placed,0.9975000000000493,45,0,0,0,0,true,0,0,45,0,0,0,0,0,0,0,0,0.375,0,0,0,0,0,NA,0,0,0,
811,0.5,simple-random-sample,0.01,5,0,0,5,0.3,0.3,0.3,random,0,0,Randomly placed,0.9975000000000552,45,0,0,0,0,true,0,0,45,0,0,0,0,0,0,0,0,0.375,0,0,0,0,0,NA,0,0,0,
819,0.5,simple-random-sample,0.01,5,1,1,3,0.3,0.3,0.3,random,0,0,Randomly placed,0.9975000000000355,45,0,0,0,0,true,0,0,45,0,0,0,0,0,0,0,0,0.375,0,0,0,0,0,NA,0,0,0,
809,0.5,simple-random-sample,0.01,5,1,0,4,0.3,0.3,0.3,random,0,0,Randomly placed,0.9975000000000123,45,0,0,0,0,true,0,0,45,0,0,0,0,0,0,0,0,0.375,0,0,0,0,0,NA,0,0,0,
816,0.5,simple-random-sample,0.01,5,0,2,3,0.3,0.3,0.3,random,0,0,Randomly placed,0.9975000000000422,45,0,0,0,0,true,0,0,45,0,0,0,0,0,0,0,0,0.375,0,0,0,0,0,NA,0,0,0,
786,0.5,simple-random-sample,7,3500,343,534,2623,0.7,0.7,0.7,random,0,0,Randomly placed,0.9248571428571429,45,0,0,0,0,true,0,0,45,73,7,11,55,54,5,7,42,0.375,0,0,0,0,4.8,0.8257228238447705,0,0,0,
824,0.5,simple-random-sample,0.01,5,0,1,4,0.3,0.3,0.3,random,0,0,Randomly placed,0.9975000000000517,45,0,0,0,0,true,0,0,45,0,0,0,0,0,0,0,0,0.375,0,0,0,0,0,NA,0,0,0,
793,0.5,simple-random-sample,7,3500,362,548,2590,0.7,0.7,0.7,random,0,0,Randomly placed,0.998,45,0,0,0,0,true,0,0,45,82,4,10,68,57,4,6,47,0.375,0,0,0,0,5.066666666666666,0.8482877119861654,0,0,0,
822,0.5,simple-random-sample,0.01,5,1,0,4,0.3,0.3,0.3,random,0,0,Randomly placed,0.9975000000000595,45,0,0,0,0,true,0,0,45,0,0,0,0,0,0,0,0,0.375,0,0,0,0,0,NA,0,0,0,
821,0.5,simple-random-sample,0.01,5,0,0,5,0.3,0.3,0.3,random,0,0,Randomly placed,0.9975000000000246,45,0,0,0,0,true,0,0,45,0,0,0,0,0,0,0,0,0.375,0,0,0,0,0,NA,0,0,0,
825,0.5,simple-random-sample,0.01,5,0,0,5,0.3,0.3,0.3,random,0,0,Randomly placed,0.9975000000000265,45,0,0,0,0,true,0,0,45,0,0,0,0,0,0,0,0,0.375,0,0,0,0,0,NA,0,0,0,
830,0.5,simple-random-sample,0.01,5,0,0,5,0.3,0.3,0.3,random,0,0,Randomly placed,0.9975000000000454,45,0,0,0,0,true,0,0,45,0,0,0,0,0,0,0,0,0.375,0,0,0,0,0,NA,0,0,0,
827,0.5,simple-random-sample,0.01,5,1,1,3,0.3,0.3,0.3,random,0,0,Randomly placed,0.9975000000000561,45,0,0,0,0,true,0,0,45,0,0,0,0,0,0,0,0,0.375,0,0,0,0,0,NA,0,0,0,
832,0.5,simple-random-sample,0.01,5,0,0,5,0.3,0.3,0.3,random,0,0,Randomly placed,0.9975000000000667,45,0,0,0,0,true,0,0,45,0,0,0,0,0,0,0,0,0.375,0,0,0,0,0,NA,0,0,0,
831,0.5,simple-random-sample,0.01,5,0,0,5,0.3,0.3,0.3,random,0,0,Randomly placed,0.9975000000000651,45,0,0,0,0,true,0,0,45,0,0,0,0,0,0,0,0,0.375,0,0,0,0,0,NA,0,0,0,
833,0.5,simple-random-sample,0.01,5,0,1,4,0.3,0.3,0.3,random,0,0,Randomly placed,0.997500000000032,45,0,0,0,0,true,0,0,45,0,0,0,0,0,0,0,0,0.375,0,0,0,0,0,NA,0,0,0,
834,0.5,simple-random-sample,0.01,5,0,1,4,0.3,0.3,0.3,random,0,0,Randomly placed,0.9975000000000286,45,0,0,0,0,true,0,0,45,0,0,0,0,0,0,0,0,0.375,0,0,0,0,0,NA,0,0,0,
836,0.5,simple-random-sample,0.01,5,0,1,4,0.3,0.3,0.3,random,0,0,Randomly placed,0.9975000000000284,45,0,0,0,0,true,0,0,45,0,0,0,0,0,0,0,0,0.375,0,0,0,0,0,NA,0,0,0,
837,0.5,simple-random-sample,0.01,5,0,0,5,0.3,0.3,0.3,random,0,0,Randomly placed,0.997500000000012,45,0,0,0,0,true,0,0,45,0,0,0,0,0,0,0,0,0.375,0,0,0,0,0,NA,0,0,0,
839,0.5,simple-random-sample,0.01,5,0,0,5,0.3,0.3,0.3,random,0,0,Randomly placed,0.9975000000000361,45,0,0,0,0,true,0,0,45,0,0,0,0,0,0,0,0,0.375,0,0,0,0,0,NA,0,0,0,
838,0.5,simple-random-sample,0.01,5,0,0,5,0.3,0.3,0.3,random,0,0,Randomly placed,0.9975000000000441,45,0,0,0,0,true,0,0,45,0,0,0,0,0,0,0,0,0.375,0,0,0,0,0,NA,0,0,0,
840,0.5,simple-random-sample,0.01,5,0,1,4,0.3,0.3,0.3,random,0,0,Randomly placed,0.9975000000000573,45,0,0,0,0,true,0,0,45,0,0,0,0,0,0,0,0,0.375,0,0,0,0,0,NA,0,0,0,
841,0.5,simple-random-sample,0.01,5,0,0,5,0.3,0.3,0.3,random,0,0,Randomly placed,0.9975000000000278,45,0,0,0,0,true,0,0,45,0,0,0,0,0,0,0,0,0.375,0,0,0,0,0,NA,0,0,0,
842,0.5,simple-random-sample,0.01,5,0,1,4,0.3,0.3,0.3,random,0,0,Randomly placed,0.9975000000000157,45,0,0,0,0,true,0,0,45,0,0,0,0,0,0,0,0,0.375,0,0,0,0,0,NA,0,0,0,
843,0.5,simple-random-sample,0.01,5,1,2,2,0.3,0.3,0.3,random,0,0,Randomly placed,0.9975000000000678,45,0,0,0,0,true,0,0,45,0,0,0,0,0,0,0,0,0.375,0,0,0,0,0,NA,0,0,0,
820,0.5,simple-random-sample,0.01,5,1,1,3,0.3,0.3,0.3,random,0,0,Randomly placed,0.9975000000000489,45,0,0,0,0,true,0,0,45,0,0,0,0,0,0,0,0,0.375,0,0,0,0,0,NA,0,0,0,
845,0.5,simple-random-sample,0.01,5,1,2,2,0.3,0.3,0.3,random,0,0,Randomly placed,0.9975000000000129,45,0,0,0,0,true,0,0,45,0,0,0,0,0,0,0,0,0.375,0,0,0,0,0,NA,0,0,0,
844,0.5,simple-random-sample,0.01,5,1,0,4,0.3,0.3,0.3,random,0,0,Randomly placed,0.9975000000000595,45,0,0,0,0,true,0,0,45,0,0,0,0,0,0,0,0,0.375,0,0,0,0,0,NA,0,0,0,
846,0.5,simple-random-sample,0.01,5,2,0,3,0.3,0.3,0.3,random,0,0,Randomly placed,0.9975000000000517,45,0,0,0,0,true,0,0,45,0,0,0,0,0,0,0,0,0.375,0,0,0,0,0,NA,0,0,0,
847,0.5,simple-random-sample,0.01,5,0,0,5,0.3,0.3,0.3,random,0,0,Randomly placed,0.9975000000000199,45,0,0,0,0,true,0,0,45,0,0,0,0,0,0,0,0,0.375,0,0,0,0,0,NA,0,0,0,
848,0.5,simple-random-sample,0.01,5,1,2,2,0.3,0.3,0.3,random,0,0,Randomly placed,0.9975000000000388,45,0,0,0,0,true,0,0,45,0,0,0,0,0,0,0,0,0.375,0,0,0,0,0,NA,0,0,0,
823,0.5,simple-random-sample,0.01,5,0,2,3,0.3,0.3,0.3,random,0,0,Randomly placed,0.9975000000000586,45,0,0,0,0,true,0,0,45,0,0,0,0,0,0,0,0,0.375,0,0,0,0,0,NA,0,0,0,
814,0.5,simple-random-sample,0.01,5,0,1,4,0.3,0.3,0.3,random,0,0,Randomly placed,0.9975000000000509,45,0,0,0,0,true,0,0,45,0,0,0,0,0,0,0,0,0.375,0,0,0,0,0,NA,0,0,0,
849,0.5,simple-random-sample,0.01,5,0,2,3,0.3,0.3,0.3,random,0,0,Randomly placed,0.9975000000000261,45,0,0,0,0,true,0,0,45,0,0,0,0,0,0,0,0,0.375,0,0,0,0,0,NA,0,0,0,
850,0.5,simple-random-sample,0.01,5,1,0,4,0.3,0.3,0.3,random,0,0,Randomly placed,0.9975000000000324,45,0,0,0,0,true,0,0,45,0,0,0,0,0,0,0,0,0.375,0,0,0,0,0,NA,0,0,0,
807,0.5,simple-random-sample,0.01,5,1,0,4,0.3,0.3,0.3,random,0,0,Randomly placed,0.9975000000000124,45,0,0,0,0,true,0,0,45,0,0,0,0,0,0,0,0,0.375,0,0,0,0,0,NA,0,0,0,
835,0.5,simple-random-sample,0.01,5,0,0,5,0.3,0.3,0.3,random,0,0,Randomly placed,0.9975000000000435,45,0,0,0,0,true,0,0,45,0,0,0,0,0,0,0,0,0.375,0,0,0,0,0,NA,0,0,0,
828,0.5,simple-random-sample,0.01,5,0,0,5,0.3,0.3,0.3,random,0,0,Randomly placed,0.9975000000000357,45,0,0,0,0,true,0,0,45,0,0,0,0,0,0,0,0,0.375,0,0,0,0,0,NA,0,0,0,
853,0.5,simple-random-sample,0.01,5,0,1,4,0.3,0.3,0.3,random,0,0,Randomly placed,0.9975000000000454,45,0,0,0,0,true,0,0,45,1,0,0,1,1,0,0,1,0.375,0,0,0,0,0.08888888888888889,6.70820393249937,0,0,0,
826,0.5,simple-random-sample,0.01,5,0,2,3,0.3,0.3,0.3,random,0,0,Randomly placed,0.9975000000000223,45,0,0,0,0,true,0,0,45,0,0,0,0,0,0,0,0,0.375,0,0,0,0,0,NA,0,0,0,
851,0.5,simple-random-sample,0.01,5,0,1,4,0.3,0.3,0.3,random,0,0,Randomly placed,0.9975000000000133,45,0,0,0,0,true,0,0,45,1,0,0,1,0,0,0,0,0.375,0,0,0,0,0,NA,0,0,0,
829,0.5,simple-random-sample,0.01,5,0,2,3,0.3,0.3,0.3,random,0,0,Randomly placed,0.9975000000000376,45,0,0,0,0,true,0,0,45,0,0,0,0,0,0,0,0,0.375,0,0,0,0,0,NA,0,0,0,
852,0.5,simple-random-sample,0.01,5,0,1,4,0.3,0.3,0.3,random,0,0,Randomly placed,0.9975000000000485,45,0,0,0,0,true,0,0,45,0,0,0,0,0,0,0,0,0.375,0,0,0,0,0,NA,0,0,0,
854,0.5,simple-random-sample,0.01,5,0,2,3,0.3,0.3,0.3,random,0,0,Randomly placed,0.9975000000000674,45,0,0,0,0,true,0,0,45,0,0,0,0,0,0,0,0,0.375,0,0,0,0,0,NA,0,0,0,
856,0.5,simple-random-sample,0.01,5,0,1,4,0.3,0.3,0.3,random,0,0,Randomly placed,0.997500000000056,45,0,0,0,0,true,0,0,45,0,0,0,0,0,0,0,0,0.375,0,0,0,0,0,NA,0,0,0,
858,0.5,simple-random-sample,0.01,5,1,0,4,0.3,0.3,0.3,random,0,0,Randomly placed,0.9975000000000454,45,0,0,0,0,true,0,0,45,0,0,0,0,0,0,0,0,0.375,0,0,0,0,0,NA,0,0,0,
855,0.5,simple-random-sample,0.01,5,0,1,4,0.3,0.3,0.3,random,0,0,Randomly placed,0.9975000000000727,45,0,0,0,0,true,0,0,45,0,0,0,0,0,0,0,0,0.375,0,0,0,0,0,NA,0,0,0,
859,0.5,simple-random-sample,0.01,5,1,1,3,0.3,0.3,0.3,random,0,0,Randomly placed,0.9975000000000549,45,0,0,0,0,true,0,0,45,0,0,0,0,0,0,0,0,0.375,0,0,0,0,0,NA,0,0,0,
857,0.5,simple-random-sample,0.01,5,0,0,5,0.3,0.3,0.3,random,0,0,Randomly placed,0.9975000000000461,45,0,0,0,0,true,0,0,45,0,0,0,0,0,0,0,0,0.375,0,0,0,0,0,NA,0,0,0,
863,0.5,simple-random-sample,0.01,5,0,0,5,0.3,0.3,0.3,random,0,0,Randomly placed,0.9975000000000589,45,0,0,0,0,true,0,0,45,0,0,0,0,0,0,0,0,0.375,0,0,0,0,0,NA,0,0,0,
862,0.5,simple-random-sample,0.01,5,1,1,3,0.3,0.3,0.3,random,0,0,Randomly placed,0.9975000000000315,45,0,0,0,0,true,0,0,45,0,0,0,0,0,0,0,0,0.375,0,0,0,0,0,NA,0,0,0,
787,0.5,simple-random-sample,7,3500,358,500,2642,0.7,0.7,0.7,random,0,0,Randomly placed,0.9688571428571429,45,0,0,0,0,true,0,0,45,75,6,9,60,50,5,7,38,0.375,0,0,0,0,4.444444444444445,0.904534033733291,0,0,0,
869,0.5,simple-random-sample,0.01,5,1,2,2,0.3,0.3,0.3,random,0,0,Randomly placed,0.9975000000000139,45,0,0,0,0,true,0,0,45,0,0,0,0,0,0,0,0,0.375,0,0,0,0,0,NA,0,0,0,
860,0.5,simple-random-sample,0.01,5,0,0,5,0.3,0.3,0.3,random,0,0,Randomly placed,0.9975000000000672,45,0,0,0,0,true,0,0,45,0,0,0,0,0,0,0,0,0.375,0,0,0,0,0,NA,0,0,0,
866,0.5,simple-random-sample,0.01,5,0,1,4,0.3,0.3,0.3,random,0,0,Randomly placed,0.9975000000000339,45,0,0,0,0,true,0,0,45,0,0,0,0,0,0,0,0,0.375,0,0,0,0,0,NA,0,0,0,
871,0.5,simple-random-sample,0.01,5,0,1,4,0.3,0.3,0.3,random,0,0,Randomly placed,0.9975000000000406,45,0,0,0,0,true,0,0,45,0,0,0,0,0,0,0,0,0.375,0,0,0,0,0,NA,0,0,0,
868,0.5,simple-random-sample,0.01,5,0,0,5,0.3,0.3,0.3,random,0,0,Randomly placed,0.9975000000000487,45,0,0,0,0,true,0,0,45,0,0,0,0,0,0,0,0,0.375,0,0,0,0,0,NA,0,0,0,
867,0.5,simple-random-sample,0.01,5,1,1,3,0.3,0.3,0.3,random,0,0,Randomly placed,0.9975000000000271,45,0,0,0,0,true,0,0,45,0,0,0,0,0,0,0,0,0.375,0,0,0,0,0,NA,0,0,0,
872,0.5,simple-random-sample,0.01,5,0,0,5,0.3,0.3,0.3,random,0,0,Randomly placed,0.9975000000000586,45,0,0,0,0,true,0,0,45,1,0,0,1,0,0,0,0,0.375,0,0,0,0,0,NA,0,0,0,
861,0.5,simple-random-sample,0.01,5,1,2,2,0.3,0.3,0.3,random,0,0,Randomly placed,0.9975000000000231,45,0,0,0,0,true,0,0,45,0,0,0,0,0,0,0,0,0.375,0,0,0,0,0,NA,0,0,0,
864,0.5,simple-random-sample,0.01,5,0,1,4,0.3,0.3,0.3,random,0,0,Randomly placed,0.9975000000000199,45,0,0,0,0,true,0,0,45,0,0,0,0,0,0,0,0,0.375,0,0,0,0,0,NA,0,0,0,
870,0.5,simple-random-sample,0.01,5,0,1,4,0.3,0.3,0.3,random,0,0,Randomly placed,0.9975000000000509,45,0,0,0,0,true,0,0,45,0,0,0,0,0,0,0,0,0.375,0,0,0,0,0,NA,0,0,0,
873,0.5,simple-random-sample,0.01,5,1,0,4,0.3,0.3,0.3,random,0,0,Randomly placed,0.9975000000000639,45,0,0,0,0,true,0,0,45,0,0,0,0,0,0,0,0,0.375,0,0,0,0,0,NA,0,0,0,
865,0.5,simple-random-sample,0.01,5,1,0,4,0.3,0.3,0.3,random,0,0,Randomly placed,0.9975000000000518,45,0,0,0,0,true,0,0,45,0,0,0,0,0,0,0,0,0.375,0,0,0,0,0,NA,0,0,0,
875,0.5,simple-random-sample,0.01,5,0,2,3,0.3,0.3,0.3,random,0,0,Randomly placed,0.9975000000000565,45,0,0,0,0,true,0,0,45,0,0,0,0,0,0,0,0,0.375,0,0,0,0,0,NA,0,0,0,
880,0.5,simple-random-sample,0.01,5,1,0,4,0.3,0.3,0.3,random,0,0,Randomly placed,0.9975000000000351,45,0,0,0,0,true,0,0,45,0,0,0,0,0,0,0,0,0.375,0,0,0,0,0,NA,0,0,0,
881,0.5,simple-random-sample,0.01,5,1,0,4,0.3,0.3,0.3,random,0,0,Randomly placed,0.997500000000041,45,0,0,0,0,true,0,0,45,0,0,0,0,0,0,0,0,0.375,0,0,0,0,0,NA,0,0,0,
877,0.5,simple-random-sample,0.01,5,1,1,3,0.3,0.3,0.3,random,0,0,Randomly placed,0.9975000000000551,45,0,0,0,0,true,0,0,45,0,0,0,0,0,0,0,0,0.375,0,0,0,0,0,NA,0,0,0,
876,0.5,simple-random-sample,0.01,5,1,1,3,0.3,0.3,0.3,random,0,0,Randomly placed,0.9975000000000345,45,0,0,0,0,true,0,0,45,0,0,0,0,0,0,0,0,0.375,0,0,0,0,0,NA,0,0,0,
879,0.5,simple-random-sample,0.01,5,0,2,3,0.3,0.3,0.3,random,0,0,Randomly placed,0.9975000000000156,45,0,0,0,0,true,0,0,45,0,0,0,0,0,0,0,0,0.375,0,0,0,0,0,NA,0,0,0,
886,0.5,simple-random-sample,0.01,5,1,0,4,0.3,0.3,0.3,random,0,0,Randomly placed,0.9975000000000324,45,0,0,0,0,true,0,0,45,0,0,0,0,0,0,0,0,0.375,0,0,0,0,0,NA,0,0,0,
883,0.5,simple-random-sample,0.01,5,0,2,3,0.3,0.3,0.3,random,0,0,Randomly placed,0.9975000000000278,45,0,0,0,0,true,0,0,45,0,0,0,0,0,0,0,0,0.375,0,0,0,0,0,NA,0,0,0,
878,0.5,simple-random-sample,0.01,5,2,2,1,0.3,0.3,0.3,random,0,0,Randomly placed,0.9975000000000228,45,0,0,0,0,true,0,0,45,0,0,0,0,0,0,0,0,0.375,0,0,0,0,0,NA,0,0,0,
874,0.5,simple-random-sample,0.01,5,1,1,3,0.3,0.3,0.3,random,0,0,Randomly placed,0.997500000000019,45,0,0,0,0,true,0,0,45,0,0,0,0,0,0,0,0,0.375,0,0,0,0,0,NA,0,0,0,
889,0.5,simple-random-sample,0.01,5,0,0,5,0.3,0.3,0.3,random,0,0,Randomly placed,0.9975000000000558,45,0,0,0,0,true,0,0,45,0,0,0,0,0,0,0,0,0.375,0,0,0,0,0,NA,0,0,0,
882,0.5,simple-random-sample,0.01,5,0,0,5,0.3,0.3,0.3,random,0,0,Randomly placed,0.9975000000000461,45,0,0,0,0,true,0,0,45,0,0,0,0,0,0,0,0,0.375,0,0,0,0,0,NA,0,0,0,
888,0.5,simple-random-sample,0.01,5,0,0,5,0.3,0.3,0.3,random,0,0,Randomly placed,0.997500000000008,45,0,0,0,0,true,0,0,45,0,0,0,0,0,0,0,0,0.375,0,0,0,0,0,NA,0,0,0,
885,0.5,simple-random-sample,0.01,5,1,0,4,0.3,0.3,0.3,random,0,0,Randomly placed,0.9975000000000406,45,0,0,0,0,true,0,0,45,1,0,0,1,0,0,0,0,0.375,0,0,0,0,0,NA,0,0,0,
892,0.5,simple-random-sample,0.01,5,1,0,4,0.3,0.3,0.3,random,0,0,Randomly placed,0.9975000000000342,45,0,0,0,0,true,0,0,45,0,0,0,0,0,0,0,0,0.375,0,0,0,0,0,NA,0,0,0,
891,0.5,simple-random-sample,0.01,5,0,2,3,0.3,0.3,0.3,random,0,0,Randomly placed,0.9975000000000745,45,0,0,0,0,true,0,0,45,0,0,0,0,0,0,0,0,0.375,0,0,0,0,0,NA,0,0,0,
893,0.5,simple-random-sample,0.01,5,1,1,3,0.3,0.3,0.3,random,0,0,Randomly placed,0.9975000000000485,45,0,0,0,0,true,0,0,45,0,0,0,0,0,0,0,0,0.375,0,0,0,0,0,NA,0,0,0,
890,0.5,simple-random-sample,0.01,5,0,1,4,0.3,0.3,0.3,random,0,0,Randomly placed,0.9975000000000445,45,0,0,0,0,true,0,0,45,0,0,0,0,0,0,0,0,0.375,0,0,0,0,0,NA,0,0,0,
894,0.5,simple-random-sample,0.01,5,2,0,3,0.3,0.3,0.3,random,0,0,Randomly placed,0.9975000000000397,45,0,0,0,0,true,0,0,45,0,0,0,0,0,0,0,0,0.375,0,0,0,0,0,NA,0,0,0,
895,0.5,simple-random-sample,0.01,5,1,1,3,0.3,0.3,0.3,random,0,0,Randomly placed,0.9975000000000613,45,0,0,0,0,true,0,0,45,0,0,0,0,0,0,0,0,0.375,0,0,0,0,0,NA,0,0,0,
887,0.5,simple-random-sample,0.01,5,0,1,4,0.3,0.3,0.3,random,0,0,Randomly placed,0.9975000000000441,45,0,0,0,0,true,0,0,45,0,0,0,0,0,0,0,0,0.375,0,0,0,0,0,NA,0,0,0,
897,0.5,simple-random-sample,0.01,5,0,3,2,0.3,0.3,0.3,random,0,0,Randomly placed,0.9975000000000398,45,0,0,0,0,true,0,0,45,0,0,0,0,0,0,0,0,0.375,0,0,0,0,0,NA,0,0,0,
898,0.5,simple-random-sample,0.01,5,0,0,5,0.3,0.3,0.3,random,0,0,Randomly placed,0.9975000000000389,45,0,0,0,0,true,0,0,45,0,0,0,0,0,0,0,0,0.375,0,0,0,0,0,NA,0,0,0,
900,0.5,simple-random-sample,0.01,5,1,0,4,0.3,0.3,0.3,random,0,0,Randomly placed,0.9975000000000234,45,0,0,0,0,true,0,0,45,0,0,0,0,0,0,0,0,0.375,0,0,0,0,0,NA,0,0,0,
884,0.5,simple-random-sample,0.01,5,1,0,4,0.3,0.3,0.3,random,0,0,Randomly placed,0.9975000000000187,45,0,0,0,0,true,0,0,45,0,0,0,0,0,0,0,0,0.375,0,0,0,0,0,NA,0,0,0,
903,0.5,simple-random-sample,0.1,50,5,7,38,0.3,0.3,0.3,random,0,0,Randomly placed,1.0149999999999824,45,0,0,0,0,true,0,0,45,0,0,0,0,0,0,0,0,0.375,0,0,0,0,0,NA,0,0,0,
896,0.5,simple-random-sample,0.01,5,0,1,4,0.3,0.3,0.3,random,0,0,Randomly placed,0.9975000000000342,45,0,0,0,0,true,0,0,45,0,0,0,0,0,0,0,0,0.375,0,0,0,0,0,NA,0,0,0,
899,0.5,simple-random-sample,0.01,5,1,0,4,0.3,0.3,0.3,random,0,0,Randomly placed,0.9975000000000244,45,0,0,0,0,true,0,0,45,0,0,0,0,0,0,0,0,0.375,0,0,0,0,0,NA,0,0,0,
901,0.5,simple-random-sample,0.1,50,6,7,37,0.3,0.3,0.3,random,0,0,Randomly placed,1.0149999999999813,45,0,0,0,0,true,0,0,45,0,0,0,0,0,0,0,0,0.375,0,0,0,0,0,NA,0,0,0,
908,0.5,simple-random-sample,0.1,50,6,9,35,0.3,0.3,0.3,random,0,0,Randomly placed,1.0549999999999808,45,0,0,0,0,true,0,0,45,0,0,0,0,0,0,0,0,0.375,0,0,0,0,0,NA,0,0,0,
902,0.5,simple-random-sample,0.1,50,6,6,38,0.3,0.3,0.3,random,0,0,Randomly placed,1.0149999999999801,45,0,0,0,0,true,0,0,45,0,0,0,0,0,0,0,0,0.375,0,0,0,0,0,NA,0,0,0,
906,0.5,simple-random-sample,0.1,50,9,8,33,0.3,0.3,0.3,random,0,0,Randomly placed,0.9749999999999828,45,0,0,0,0,true,0,0,45,0,0,0,0,0,0,0,0,0.375,0,0,0,0,0,NA,0,0,0,
907,0.5,simple-random-sample,0.1,50,9,5,36,0.3,0.3,0.3,random,0,0,Randomly placed,0.9749999999999823,45,0,0,0,0,true,0,0,45,0,0,0,0,0,0,0,0,0.375,0,0,0,0,0,NA,0,0,0,
909,0.5,simple-random-sample,0.1,50,9,5,36,0.3,0.3,0.3,random,0,0,Randomly placed,1.0149999999999826,45,0,0,0,0,true,0,0,45,0,0,0,0,0,0,0,0,0.375,0,0,0,0,0,NA,0,0,0,
912,0.5,simple-random-sample,0.1,50,2,7,41,0.3,0.3,0.3,random,0,0,Randomly placed,0.9749999999999828,45,0,0,0,0,true,0,0,45,1,0,0,1,1,0,0,1,0.375,0,0,0,0,0.08888888888888889,6.708203932499369,0,0,0,
911,0.5,simple-random-sample,0.1,50,9,3,38,0.3,0.3,0.3,random,0,0,Randomly placed,0.9749999999999828,45,0,0,0,0,true,0,0,45,1,1,0,0,0,0,0,0,0.375,0,0,0,0,0,NA,0,0,0,
915,0.5,simple-random-sample,0.1,50,4,10,36,0.3,0.3,0.3,random,0,0,Randomly placed,0.9749999999999854,45,0,0,0,0,true,0,0,45,3,0,0,3,2,0,0,2,0.375,0,0,0,0,0.17777777777777778,4.689204235649836,0,0,0,
917,0.5,simple-random-sample,0.1,50,5,12,33,0.3,0.3,0.3,random,0,0,Randomly placed,0.9749999999999842,45,0,0,0,0,true,0,0,45,2,1,1,0,1,1,0,0,0.375,0,0,0,0,0.08888888888888889,6.70820393249937,0,0,0,
913,0.5,simple-random-sample,0.1,50,5,9,36,0.3,0.3,0.3,random,0,0,Randomly placed,1.0149999999999835,45,0,0,0,0,true,0,0,45,0,0,0,0,0,0,0,0,0.375,0,0,0,0,0,NA,0,0,0,
905,0.5,simple-random-sample,0.1,50,3,2,45,0.3,0.3,0.3,random,0,0,Randomly placed,0.974999999999982,45,0,0,0,0,true,0,0,45,1,0,0,1,0,0,0,0,0.375,0,0,0,0,0,NA,0,0,0,
910,0.5,simple-random-sample,0.1,50,6,8,36,0.3,0.3,0.3,random,0,0,Randomly placed,1.0149999999999848,45,0,0,0,0,true,0,0,45,1,0,0,1,1,0,0,1,0.375,0,0,0,0,0.08888888888888889,6.70820393249937,0,0,0,
904,0.5,simple-random-sample,0.1,50,6,7,37,0.3,0.3,0.3,random,0,0,Randomly placed,1.014999999999982,45,0,0,0,0,true,0,0,45,3,0,1,2,1,0,0,1,0.375,0,0,0,0,0.08888888888888889,6.708203932499369,0,0,0,
918,0.5,simple-random-sample,0.1,50,0,13,37,0.3,0.3,0.3,random,0,0,Randomly placed,1.0149999999999817,45,0,0,0,0,true,0,0,45,2,0,0,2,1,0,0,1,0.375,0,0,0,0,0.08888888888888889,6.708203932499369,0,0,0,
916,0.5,simple-random-sample,0.1,50,5,9,36,0.3,0.3,0.3,random,0,0,Randomly placed,1.0549999999999817,45,0,0,0,0,true,0,0,45,3,1,0,2,1,0,0,1,0.375,0,0,0,0,0.08888888888888889,6.70820393249937,0,0,0,
920,0.5,simple-random-sample,0.1,50,6,9,35,0.3,0.3,0.3,random,0,0,Randomly placed,1.014999999999983,45,0,0,0,0,true,0,0,45,0,0,0,0,0,0,0,0,0.375,0,0,0,0,0,NA,0,0,0,
919,0.5,simple-random-sample,0.1,50,6,6,38,0.3,0.3,0.3,random,0,0,Randomly placed,1.0149999999999826,45,0,0,0,0,true,0,0,45,2,0,0,2,1,0,0,1,0.375,0,0,0,0,0.08888888888888889,6.708203932499371,0,0,0,
921,0.5,simple-random-sample,0.1,50,6,8,36,0.3,0.3,0.3,random,0,0,Randomly placed,0.9749999999999848,45,0,0,0,0,true,0,0,45,0,0,0,0,0,0,0,0,0.375,0,0,0,0,0,NA,0,0,0,
923,0.5,simple-random-sample,0.1,50,3,6,41,0.3,0.3,0.3,random,0,0,Randomly placed,0.9749999999999821,45,0,0,0,0,true,0,0,45,1,0,0,1,0,0,0,0,0.375,0,0,0,0,0,NA,0,0,0,
924,0.5,simple-random-sample,0.1,50,5,8,37,0.3,0.3,0.3,random,0,0,Randomly placed,0.9749999999999839,45,0,0,0,0,true,0,0,45,0,0,0,0,0,0,0,0,0.375,0,0,0,0,0,NA,0,0,0,
914,0.5,simple-random-sample,0.1,50,6,7,37,0.3,0.3,0.3,random,0,0,Randomly placed,0.9749999999999851,45,0,0,0,0,true,0,0,45,4,0,1,3,1,0,0,1,0.375,0,0,0,0,0.08888888888888889,6.708203932499369,0,0,0,
926,0.5,simple-random-sample,0.1,50,2,8,40,0.3,0.3,0.3,random,0,0,Randomly placed,1.014999999999982,45,0,0,0,0,true,0,0,45,0,0,0,0,0,0,0,0,0.375,0,0,0,0,0,NA,0,0,0,
927,0.5,simple-random-sample,0.1,50,3,3,44,0.3,0.3,0.3,random,0,0,Randomly placed,1.0149999999999832,45,0,0,0,0,true,0,0,45,2,0,0,2,0,0,0,0,0.375,0,0,0,0,0,NA,0,0,0,
929,0.5,simple-random-sample,0.1,50,4,10,36,0.3,0.3,0.3,random,0,0,Randomly placed,1.054999999999981,45,0,0,0,0,true,0,0,45,1,0,0,1,0,0,0,0,0.375,0,0,0,0,0,NA,0,0,0,
931,0.5,simple-random-sample,0.1,50,5,5,40,0.3,0.3,0.3,random,0,0,Randomly placed,0.9749999999999799,45,0,0,0,0,true,0,0,45,0,0,0,0,0,0,0,0,0.375,0,0,0,0,0,NA,0,0,0,
933,0.5,simple-random-sample,0.1,50,6,7,37,0.3,0.3,0.3,random,0,0,Randomly placed,0.9749999999999815,45,0,0,0,0,true,0,0,45,6,0,1,5,2,0,1,1,0.375,0,0,0,0,0.17777777777777778,4.689204235649836,0,0,0,
925,0.5,simple-random-sample,0.1,50,5,9,36,0.3,0.3,0.3,random,0,0,Randomly placed,1.0149999999999861,45,0,0,0,0,true,0,0,45,1,1,0,0,0,0,0,0,0.375,0,0,0,0,0,NA,0,0,0,
932,0.5,simple-random-sample,0.1,50,8,7,35,0.3,0.3,0.3,random,0,0,Randomly placed,1.0149999999999837,45,0,0,0,0,true,0,0,45,2,1,0,1,0,0,0,0,0.375,0,0,0,0,0,NA,0,0,0,
935,0.5,simple-random-sample,0.1,50,5,7,38,0.3,0.3,0.3,random,0,0,Randomly placed,0.9749999999999811,45,0,0,0,0,true,0,0,45,0,0,0,0,0,0,0,0,0.375,0,0,0,0,0,NA,0,0,0,
930,0.5,simple-random-sample,0.1,50,5,7,38,0.3,0.3,0.3,random,0,0,Randomly placed,1.054999999999983,45,0,0,0,0,true,0,0,45,0,0,0,0,0,0,0,0,0.375,0,0,0,0,0,NA,0,0,0,
928,0.5,simple-random-sample,0.1,50,5,5,40,0.3,0.3,0.3,random,0,0,Randomly placed,0.9749999999999884,45,0,0,0,0,true,0,0,45,0,0,0,0,0,0,0,0,0.375,0,0,0,0,0,NA,0,0,0,
934,0.5,simple-random-sample,0.1,50,1,8,41,0.3,0.3,0.3,random,0,0,Randomly placed,1.0549999999999844,45,0,0,0,0,true,0,0,45,4,0,1,3,1,0,0,1,0.375,0,0,0,0,0.08888888888888889,6.708203932499371,0,0,0,
937,0.5,simple-random-sample,0.1,50,3,7,40,0.3,0.3,0.3,random,0,0,Randomly placed,0.9749999999999815,45,0,0,0,0,true,0,0,45,0,0,0,0,0,0,0,0,0.375,0,0,0,0,0,NA,0,0,0,
939,0.5,simple-random-sample,0.1,50,8,4,38,0.3,0.3,0.3,random,0,0,Randomly placed,1.0149999999999844,45,0,0,0,0,true,0,0,45,0,0,0,0,0,0,0,0,0.375,0,0,0,0,0,NA,0,0,0,
936,0.5,simple-random-sample,0.1,50,8,7,35,0.3,0.3,0.3,random,0,0,Randomly placed,0.9749999999999828,45,0,0,0,0,true,0,0,45,1,0,0,1,0,0,0,0,0.375,0,0,0,0,0,NA,0,0,0,
941,0.5,simple-random-sample,0.1,50,5,9,36,0.3,0.3,0.3,random,0,0,Randomly placed,1.0549999999999824,45,0,0,0,0,true,0,0,45,1,0,0,1,1,0,0,1,0.375,0,0,0,0,0.08888888888888889,6.70820393249937,0,0,0,
942,0.5,simple-random-sample,0.1,50,3,9,38,0.3,0.3,0.3,random,0,0,Randomly placed,1.0149999999999828,45,0,0,0,0,true,0,0,45,2,0,0,2,0,0,0,0,0.375,0,0,0,0,0,NA,0,0,0,
943,0.5,simple-random-sample,0.1,50,3,6,41,0.3,0.3,0.3,random,0,0,Randomly placed,1.054999999999982,45,0,0,0,0,true,0,0,45,1,0,0,1,0,0,0,0,0.375,0,0,0,0,0,NA,0,0,0,
945,0.5,simple-random-sample,0.1,50,8,5,37,0.3,0.3,0.3,random,0,0,Randomly placed,0.9749999999999827,45,0,0,0,0,true,0,0,45,2,0,0,2,0,0,0,0,0.375,0,0,0,0,0,NA,0,0,0,
946,0.5,simple-random-sample,0.1,50,5,8,37,0.3,0.3,0.3,random,0,0,Randomly placed,1.0149999999999841,45,0,0,0,0,true,0,0,45,2,0,0,2,0,0,0,0,0.375,0,0,0,0,0,NA,0,0,0,
938,0.5,simple-random-sample,0.1,50,6,8,36,0.3,0.3,0.3,random,0,0,Randomly placed,1.0949999999999838,45,0,0,0,0,true,0,0,45,3,0,1,2,1,0,0,1,0.375,0,0,0,0,0.08888888888888889,6.708203932499369,0,0,0,
944,0.5,simple-random-sample,0.1,50,3,7,40,0.3,0.3,0.3,random,0,0,Randomly placed,0.9749999999999814,45,0,0,0,0,true,0,0,45,3,1,0,2,1,0,0,1,0.375,0,0,0,0,0.08888888888888889,6.70820393249937,0,0,0,
949,0.5,simple-random-sample,0.1,50,7,8,35,0.3,0.3,0.3,random,0,0,Randomly placed,0.9749999999999811,45,0,0,0,0,true,0,0,45,1,0,0,1,0,0,0,0,0.375,0,0,0,0,0,NA,0,0,0,
947,0.5,simple-random-sample,0.1,50,9,5,36,0.3,0.3,0.3,random,0,0,Randomly placed,0.9749999999999811,45,0,0,0,0,true,0,0,45,0,0,0,0,0,0,0,0,0.375,0,0,0,0,0,NA,0,0,0,
953,0.5,simple-random-sample,0.1,50,9,11,30,0.3,0.3,0.3,random,0,0,Randomly placed,0.9749999999999827,45,0,0,0,0,true,0,0,45,1,0,0,1,1,0,0,1,0.375,0,0,0,0,0.08888888888888889,6.70820393249937,0,0,0,
954,0.5,simple-random-sample,0.1,50,4,8,38,0.3,0.3,0.3,random,0,0,Randomly placed,1.014999999999981,45,0,0,0,0,true,0,0,45,1,0,0,1,0,0,0,0,0.375,0,0,0,0,0,NA,0,0,0,
952,0.5,simple-random-sample,0.1,50,2,7,41,0.3,0.3,0.3,random,0,0,Randomly placed,0.9749999999999843,45,0,0,0,0,true,0,0,45,1,0,0,1,1,0,0,1,0.375,0,0,0,0,0.08888888888888889,6.708203932499369,0,0,0,
940,0.5,simple-random-sample,0.1,50,5,6,39,0.3,0.3,0.3,random,0,0,Randomly placed,1.094999999999981,45,0,0,0,0,true,0,0,45,2,0,2,0,0,0,0,0,0.375,0,0,0,0,0,NA,0,0,0,
948,0.5,simple-random-sample,0.1,50,4,10,36,0.3,0.3,0.3,random,0,0,Randomly placed,1.0149999999999804,45,0,0,0,0,true,0,0,45,0,0,0,0,0,0,0,0,0.375,0,0,0,0,0,NA,0,0,0,
951,0.5,simple-random-sample,0.1,50,5,6,39,0.3,0.3,0.3,random,0,0,Randomly placed,1.014999999999981,45,0,0,0,0,true,0,0,45,1,0,0,1,0,0,0,0,0.375,0,0,0,0,0,NA,0,0,0,
955,0.5,simple-random-sample,0.1,50,6,7,37,0.3,0.3,0.3,random,0,0,Randomly placed,0.9749999999999825,45,0,0,0,0,true,0,0,45,0,0,0,0,0,0,0,0,0.375,0,0,0,0,0,NA,0,0,0,
950,0.5,simple-random-sample,0.1,50,6,7,37,0.3,0.3,0.3,random,0,0,Randomly placed,0.974999999999982,45,0,0,0,0,true,0,0,45,1,0,0,1,0,0,0,0,0.375,0,0,0,0,0,NA,0,0,0,
956,0.5,simple-random-sample,0.1,50,6,9,35,0.3,0.3,0.3,random,0,0,Randomly placed,1.0149999999999852,45,0,0,0,0,true,0,0,45,3,1,1,1,1,1,0,0,0.375,0,0,0,0,0.08888888888888889,6.708203932499369,0,0,0,
958,0.5,simple-random-sample,0.1,50,7,8,35,0.3,0.3,0.3,random,0,0,Randomly placed,1.0549999999999813,45,0,0,0,0,true,0,0,45,2,0,0,2,1,0,0,1,0.375,0,0,0,0,0.08888888888888889,6.708203932499369,0,0,0,
959,0.5,simple-random-sample,0.1,50,4,7,39,0.3,0.3,0.3,random,0,0,Randomly placed,1.0549999999999826,45,0,0,0,0,true,0,0,45,2,1,0,1,0,0,0,0,0.375,0,0,0,0,0,NA,0,0,0,
957,0.5,simple-random-sample,0.1,50,8,8,34,0.3,0.3,0.3,random,0,0,Randomly placed,1.0149999999999864,45,0,0,0,0,true,0,0,45,1,1,0,0,0,0,0,0,0.375,0,0,0,0,0,NA,0,0,0,
960,0.5,simple-random-sample,0.1,50,1,8,41,0.3,0.3,0.3,random,0,0,Randomly placed,1.0149999999999832,45,0,0,0,0,true,0,0,45,0,0,0,0,0,0,0,0,0.375,0,0,0,0,0,NA,0,0,0,
961,0.5,simple-random-sample,0.1,50,2,8,40,0.3,0.3,0.3,random,0,0,Randomly placed,0.9749999999999814,45,0,0,0,0,true,0,0,45,1,0,0,1,0,0,0,0,0.375,0,0,0,0,0,NA,0,0,0,
922,0.5,simple-random-sample,0.1,50,6,6,38,0.3,0.3,0.3,random,0,0,Randomly placed,0.97499999999998,45,0,0,0,0,true,0,0,45,0,0,0,0,0,0,0,0,0.375,0,0,0,0,0,NA,0,0,0,
962,0.5,simple-random-sample,0.1,50,4,5,41,0.3,0.3,0.3,random,0,0,Randomly placed,1.0149999999999846,45,0,0,0,0,true,0,0,45,2,0,0,2,0,0,0,0,0.375,0,0,0,0,0,NA,0,0,0,
963,0.5,simple-random-sample,0.1,50,4,12,34,0.3,0.3,0.3,random,0,0,Randomly placed,0.974999999999981,45,0,0,0,0,true,0,0,45,0,0,0,0,0,0,0,0,0.375,0,0,0,0,0,NA,0,0,0,
964,0.5,simple-random-sample,0.1,50,6,12,32,0.3,0.3,0.3,random,0,0,Randomly placed,1.014999999999983,45,0,0,0,0,true,0,0,45,1,0,0,1,1,0,0,1,0.375,0,0,0,0,0.08888888888888889,6.70820393249937,0,0,0,
966,0.5,simple-random-sample,0.1,50,4,5,41,0.3,0.3,0.3,random,0,0,Randomly placed,1.0949999999999789,45,0,0,0,0,true,0,0,45,2,0,1,1,2,0,1,1,0.375,0,0,0,0,0.17777777777777778,4.689204235649837,0,0,0,
965,0.5,simple-random-sample,0.1,50,2,12,36,0.3,0.3,0.3,random,0,0,Randomly placed,0.9749999999999833,45,0,0,0,0,true,0,0,45,1,0,1,0,1,0,1,0,0.375,0,0,0,0,0.08888888888888889,6.70820393249937,0,0,0,
967,0.5,simple-random-sample,0.1,50,1,7,42,0.3,0.3,0.3,random,0,0,Randomly placed,1.0549999999999828,45,0,0,0,0,true,0,0,45,3,0,0,3,1,0,0,1,0.375,0,0,0,0,0.08888888888888889,6.70820393249937,0,0,0,
968,0.5,simple-random-sample,0.1,50,1,8,41,0.3,0.3,0.3,random,0,0,Randomly placed,1.0149999999999848,45,0,0,0,0,true,0,0,45,2,0,0,2,0,0,0,0,0.375,0,0,0,0,0,NA,0,0,0,
969,0.5,simple-random-sample,0.1,50,5,4,41,0.3,0.3,0.3,random,0,0,Randomly placed,0.974999999999982,45,0,0,0,0,true,0,0,45,0,0,0,0,0,0,0,0,0.375,0,0,0,0,0,NA,0,0,0,
970,0.5,simple-random-sample,0.1,50,5,3,42,0.3,0.3,0.3,random,0,0,Randomly placed,0.9749999999999834,45,0,0,0,0,true,0,0,45,1,0,0,1,0,0,0,0,0.375,0,0,0,0,0,NA,0,0,0,
971,0.5,simple-random-sample,0.1,50,4,7,39,0.3,0.3,0.3,random,0,0,Randomly placed,1.014999999999981,45,0,0,0,0,true,0,0,45,0,0,0,0,0,0,0,0,0.375,0,0,0,0,0,NA,0,0,0,
973,0.5,simple-random-sample,0.1,50,4,9,37,0.3,0.3,0.3,random,0,0,Randomly placed,1.0149999999999846,45,0,0,0,0,true,0,0,45,1,0,0,1,1,0,0,1,0.375,0,0,0,0,0.08888888888888889,6.70820393249937,0,0,0,
972,0.5,simple-random-sample,0.1,50,1,10,39,0.3,0.3,0.3,random,0,0,Randomly placed,1.014999999999982,45,0,0,0,0,true,0,0,45,2,0,1,1,0,0,0,0,0.375,0,0,0,0,0,NA,0,0,0,
977,0.5,simple-random-sample,0.1,50,6,6,38,0.3,0.3,0.3,random,0,0,Randomly placed,0.9749999999999843,45,0,0,0,0,true,0,0,45,2,1,1,0,1,0,1,0,0.375,0,0,0,0,0.08888888888888889,6.708203932499369,0,0,0,
976,0.5,simple-random-sample,0.1,50,3,7,40,0.3,0.3,0.3,random,0,0,Randomly placed,0.974999999999982,45,0,0,0,0,true,0,0,45,0,0,0,0,0,0,0,0,0.375,0,0,0,0,0,NA,0,0,0,
979,0.5,simple-random-sample,0.1,50,8,6,36,0.3,0.3,0.3,random,0,0,Randomly placed,1.0549999999999822,45,0,0,0,0,true,0,0,45,1,0,0,1,0,0,0,0,0.375,0,0,0,0,0,NA,0,0,0,
983,0.5,simple-random-sample,0.1,50,4,6,40,0.3,0.3,0.3,random,0,0,Randomly placed,0.974999999999982,45,0,0,0,0,true,0,0,45,2,0,0,2,0,0,0,0,0.375,0,0,0,0,0,NA,0,0,0,
978,0.5,simple-random-sample,0.1,50,11,7,32,0.3,0.3,0.3,random,0,0,Randomly placed,1.0549999999999817,45,0,0,0,0,true,0,0,45,0,0,0,0,0,0,0,0,0.375,0,0,0,0,0,NA,0,0,0,
975,0.5,simple-random-sample,0.1,50,5,5,40,0.3,0.3,0.3,random,0,0,Randomly placed,0.9749999999999862,45,0,0,0,0,true,0,0,45,1,0,0,1,0,0,0,0,0.375,0,0,0,0,0,NA,0,0,0,
981,0.5,simple-random-sample,0.1,50,6,8,36,0.3,0.3,0.3,random,0,0,Randomly placed,0.9749999999999823,45,0,0,0,0,true,0,0,45,2,0,0,2,0,0,0,0,0.375,0,0,0,0,0,NA,0,0,0,
984,0.5,simple-random-sample,0.1,50,5,5,40,0.3,0.3,0.3,random,0,0,Randomly placed,1.0949999999999815,45,0,0,0,0,true,0,0,45,2,0,0,2,1,0,0,1,0.375,0,0,0,0,0.08888888888888889,6.70820393249937,0,0,0,
980,0.5,simple-random-sample,0.1,50,4,5,41,0.3,0.3,0.3,random,0,0,Randomly placed,0.9749999999999828,45,0,0,0,0,true,0,0,45,1,0,0,1,1,0,0,1,0.375,0,0,0,0,0.08888888888888889,6.708203932499371,0,0,0,
987,0.5,simple-random-sample,0.1,50,3,8,39,0.3,0.3,0.3,random,0,0,Randomly placed,1.0549999999999828,45,0,0,0,0,true,0,0,45,1,0,0,1,0,0,0,0,0.375,0,0,0,0,0,NA,0,0,0,
985,0.5,simple-random-sample,0.1,50,5,11,34,0.3,0.3,0.3,random,0,0,Randomly placed,0.9749999999999803,45,0,0,0,0,true,0,0,45,1,0,1,0,1,0,1,0,0.375,0,0,0,0,0.08888888888888889,6.708203932499369,0,0,0,
974,0.5,simple-random-sample,0.1,50,5,10,35,0.3,0.3,0.3,random,0,0,Randomly placed,1.014999999999982,45,0,0,0,0,true,0,0,45,2,0,1,1,0,0,0,0,0.375,0,0,0,0,0,NA,0,0,0,
986,0.5,simple-random-sample,0.1,50,7,4,39,0.3,0.3,0.3,random,0,0,Randomly placed,1.0149999999999804,45,0,0,0,0,true,0,0,45,1,0,0,1,0,0,0,0,0.375,0,0,0,0,0,NA,0,0,0,
982,0.5,simple-random-sample,0.1,50,7,8,35,0.3,0.3,0.3,random,0,0,Randomly placed,0.9749999999999834,45,0,0,0,0,true,0,0,45,2,1,0,1,1,1,0,0,0.375,0,0,0,0,0.08888888888888889,6.708203932499371,0,0,0,
988,0.5,simple-random-sample,0.1,50,5,7,38,0.3,0.3,0.3,random,0,0,Randomly placed,0.974999999999982,45,0,0,0,0,true,0,0,45,1,0,1,0,0,0,0,0,0.375,0,0,0,0,0,NA,0,0,0,
990,0.5,simple-random-sample,0.1,50,8,8,34,0.3,0.3,0.3,random,0,0,Randomly placed,0.9749999999999837,45,0,0,0,0,true,0,0,45,1,0,0,1,1,0,0,1,0.375,0,0,0,0,0.08888888888888889,6.708203932499369,0,0,0,
993,0.5,simple-random-sample,0.1,50,5,12,33,0.3,0.3,0.3,random,0,0,Randomly placed,0.9749999999999814,45,0,0,0,0,true,0,0,45,4,0,1,3,2,0,0,2,0.375,0,0,0,0,0.17777777777777778,4.689204235649836,0,0,0,
992,0.5,simple-random-sample,0.1,50,9,3,38,0.3,0.3,0.3,random,0,0,Randomly placed,1.014999999999984,45,0,0,0,0,true,0,0,45,3,0,0,3,1,0,0,1,0.375,0,0,0,0,0.08888888888888889,6.70820393249937,0,0,0,
995,0.5,simple-random-sample,0.1,50,7,4,39,0.3,0.3,0.3,random,0,0,Randomly placed,0.9749999999999859,45,0,0,0,0,true,0,0,45,1,0,0,1,0,0,0,0,0.375,0,0,0,0,0,NA,0,0,0,
994,0.5,simple-random-sample,0.1,50,11,6,33,0.3,0.3,0.3,random,0,0,Randomly placed,1.054999999999983,45,0,0,0,0,true,0,0,45,1,1,0,0,1,1,0,0,0.375,0,0,0,0,0.08888888888888889,6.708203932499369,0,0,0,
999,0.5,simple-random-sample,0.1,50,1,10,39,0.3,0.3,0.3,random,0,0,Randomly placed,0.9749999999999861,45,0,0,0,0,true,0,0,45,1,0,0,1,0,0,0,0,0.375,0,0,0,0,0,NA,0,0,0,
996,0.5,simple-random-sample,0.1,50,10,6,34,0.3,0.3,0.3,random,0,0,Randomly placed,0.9749999999999854,45,0,0,0,0,true,0,0,45,0,0,0,0,0,0,0,0,0.375,0,0,0,0,0,NA,0,0,0,
989,0.5,simple-random-sample,0.1,50,3,6,41,0.3,0.3,0.3,random,0,0,Randomly placed,0.9749999999999829,45,0,0,0,0,true,0,0,45,3,1,0,2,1,0,0,1,0.375,0,0,0,0,0.08888888888888889,6.70820393249937,0,0,0,
991,0.5,simple-random-sample,0.1,50,4,10,36,0.3,0.3,0.3,random,0,0,Randomly placed,1.0149999999999837,45,0,0,0,0,true,0,0,45,1,0,0,1,0,0,0,0,0.375,0,0,0,0,0,NA,0,0,0,
997,0.5,simple-random-sample,0.1,50,0,5,45,0.3,0.3,0.3,random,0,0,Randomly placed,0.9749999999999822,45,0,0,0,0,true,0,0,45,1,0,0,1,0,0,0,0,0.375,0,0,0,0,0,NA,0,0,0,
998,0.5,simple-random-sample,0.1,50,5,6,39,0.3,0.3,0.3,random,0,0,Randomly placed,0.974999999999984,45,0,0,0,0,true,0,0,45,0,0,0,0,0,0,0,0,0.375,0,0,0,0,0,NA,0,0,0,
1001,0.5,simple-random-sample,1,500,50,61,389,0.3,0.3,0.3,random,0,0,Randomly placed,0.978,45,0,0,0,0,true,0,0,45,12,1,3,8,2,1,0,1,0.375,0,0,0,0,0.17777777777777778,4.689204235649835,0,0,0,
1005,0.5,simple-random-sample,1,500,42,61,397,0.3,0.3,0.3,random,0,0,Randomly placed,0.99,45,0,0,0,0,true,0,0,45,15,1,2,12,4,0,0,4,0.375,0,0,0,0,0.35555555555555557,3.237739110159207,0,0,0,
1006,0.5,simple-random-sample,1,500,49,84,367,0.3,0.3,0.3,random,0,0,Randomly placed,0.97,45,0,0,0,0,true,0,0,45,7,1,1,5,1,0,0,1,0.375,0,0,0,0,0.08888888888888889,6.708203932499369,0,0,0,
1004,0.5,simple-random-sample,1,500,37,77,386,0.3,0.3,0.3,random,0,0,Randomly placed,0.986,45,0,0,0,0,true,0,0,45,10,1,0,9,2,0,0,2,0.375,0,0,0,0,0.17777777777777778,4.689204235649838,0,0,0,
1000,0.5,simple-random-sample,0.1,50,5,7,38,0.3,0.3,0.3,random,0,0,Randomly placed,1.014999999999982,45,0,0,0,0,true,0,0,45,0,0,0,0,0,0,0,0,0.375,0,0,0,0,0,NA,0,0,0,
1008,0.5,simple-random-sample,1,500,46,79,375,0.3,0.3,0.3,random,0,0,Randomly placed,0.946,45,0,0,0,0,true,0,0,45,12,0,4,8,1,0,0,1,0.375,0,0,0,0,0.08888888888888889,6.708203932499369,0,0,0,
1009,0.5,simple-random-sample,1,500,57,76,367,0.3,0.3,0.3,random,0,0,Randomly placed,0.998,45,0,0,0,0,true,0,0,45,9,1,0,8,4,1,0,3,0.375,0,0,0,0,0.35555555555555557,3.2377391101592075,0,0,0,
1007,0.5,simple-random-sample,1,500,50,69,381,0.3,0.3,0.3,random,0,0,Randomly placed,0.966,45,0,0,0,0,true,0,0,45,15,2,1,12,2,0,0,2,0.375,0,0,0,0,0.17777777777777778,4.689204235649836,0,0,0,
1012,0.5,simple-random-sample,1,500,44,66,390,0.3,0.3,0.3,random,0,0,Randomly placed,1.014,45,0,0,0,0,true,0,0,45,11,1,1,9,4,1,0,3,0.375,0,0,0,0,0.35555555555555557,3.2377391101592083,0,0,0,
1003,0.5,simple-random-sample,1,500,42,64,394,0.3,0.3,0.3,random,0,0,Randomly placed,1.042,45,0,0,0,0,true,0,0,45,10,0,1,9,1,0,0,1,0.375,0,0,0,0,0.08888888888888889,6.708203932499369,0,0,0,
1011,0.5,simple-random-sample,1,500,65,82,353,0.3,0.3,0.3,random,0,0,Randomly placed,1.042,45,0,0,0,0,true,0,0,45,14,1,3,10,4,0,0,4,0.375,0,0,0,0,0.35555555555555557,3.237739110159207,0,0,0,
1010,0.5,simple-random-sample,1,500,44,69,387,0.3,0.3,0.3,random,0,0,Randomly placed,0.962,45,0,0,0,0,true,0,0,45,11,1,2,8,2,0,0,2,0.375,0,0,0,0,0.17777777777777778,4.689204235649836,0,0,0,
1013,0.5,simple-random-sample,1,500,57,63,380,0.3,0.3,0.3,random,0,0,Randomly placed,1.006,45,0,0,0,0,true,0,0,45,9,2,1,6,4,0,1,3,0.375,0,0,0,0,0.35555555555555557,3.2377391101592083,0,0,0,
1014,0.5,simple-random-sample,1,500,47,85,368,0.3,0.3,0.3,random,0,0,Randomly placed,0.99,45,0,0,0,0,true,0,0,45,6,1,2,3,1,0,1,0,0.375,0,0,0,0,0.08888888888888889,6.708203932499369,0,0,0,
1015,0.5,simple-random-sample,1,500,38,62,400,0.3,0.3,0.3,random,0,0,Randomly placed,1.014,45,0,0,0,0,true,0,0,45,9,1,0,8,4,1,0,3,0.375,0,0,0,0,0.35555555555555557,4.029366631934288,0,0,0,
1018,0.5,simple-random-sample,1,500,42,80,378,0.3,0.3,0.3,random,0,0,Randomly placed,1.014,45,0,0,0,0,true,0,0,45,10,0,0,10,2,0,0,2,0.375,0,0,0,0,0.17777777777777778,4.689204235649836,0,0,0,
1016,0.5,simple-random-sample,1,500,53,62,385,0.3,0.3,0.3,random,0,0,Randomly placed,0.906,45,0,0,0,0,true,0,0,45,11,2,2,7,3,0,1,2,0.375,0,0,0,0,0.26666666666666666,3.7839373433213477,0,0,0,
1020,0.5,simple-random-sample,1,500,54,82,364,0.3,0.3,0.3,random,0,0,Randomly placed,1.01,45,0,0,0,0,true,0,0,45,11,1,2,8,4,1,0,3,0.375,0,0,0,0,0.35555555555555557,3.2377391101592075,0,0,0,
1019,0.5,simple-random-sample,1,500,49,76,375,0.3,0.3,0.3,random,0,0,Randomly placed,1.034,45,0,0,0,0,true,0,0,45,9,2,2,5,2,1,0,1,0.375,0,0,0,0,0.17777777777777778,4.689204235649837,0,0,0,
1021,0.5,simple-random-sample,1,500,33,65,402,0.3,0.3,0.3,random,0,0,Randomly placed,1.002,45,0,0,0,0,true,0,0,45,15,0,3,12,3,0,1,2,0.375,0,0,0,0,0.26666666666666666,3.783937343321347,0,0,0,
1017,0.5,simple-random-sample,1,500,54,85,361,0.3,0.3,0.3,random,0,0,Randomly placed,1.078,45,0,0,0,0,true,0,0,45,14,0,4,10,2,0,1,1,0.375,0,0,0,0,0.17777777777777778,4.689204235649837,0,0,0,
1022,0.5,simple-random-sample,1,500,34,84,382,0.3,0.3,0.3,random,0,0,Randomly placed,1.034,45,0,0,0,0,true,0,0,45,13,0,5,8,5,0,2,3,0.375,0,0,0,0,0.4444444444444444,2.860387767736778,0,0,0,
1023,0.5,simple-random-sample,1,500,55,75,370,0.3,0.3,0.3,random,0,0,Randomly placed,1.022,45,0,0,0,0,true,0,0,45,10,2,2,6,4,0,1,3,0.375,0,0,0,0,0.35555555555555557,4.029366631934288,0,0,0,
1024,0.5,simple-random-sample,1,500,58,73,369,0.3,0.3,0.3,random,0,0,Randomly placed,1.006,45,0,0,0,0,true,0,0,45,10,0,0,10,3,0,0,3,0.375,0,0,0,0,0.26666666666666666,3.7839373433213477,0,0,0,
1025,0.5,simple-random-sample,1,500,51,79,370,0.3,0.3,0.3,random,0,0,Randomly placed,0.978,45,0,0,0,0,true,0,0,45,18,1,2,15,2,0,0,2,0.375,0,0,0,0,0.17777777777777778,4.689204235649836,0,0,0,
1026,0.5,simple-random-sample,1,500,51,71,378,0.3,0.3,0.3,random,0,0,Randomly placed,1.006,45,0,0,0,0,true,0,0,45,13,0,2,11,2,0,0,2,0.375,0,0,0,0,0.17777777777777778,4.689204235649837,0,0,0,
1002,0.5,simple-random-sample,1,500,47,82,371,0.3,0.3,0.3,random,0,0,Randomly placed,1.014,45,0,0,0,0,true,0,0,45,8,0,1,7,1,0,1,0,0.375,0,0,0,0,0.08888888888888889,6.708203932499369,0,0,0,
1027,0.5,simple-random-sample,1,500,58,78,364,0.3,0.3,0.3,random,0,0,Randomly placed,1.01,45,0,0,0,0,true,0,0,45,11,2,3,6,4,1,1,2,0.375,0,0,0,0,0.35555555555555557,3.2377391101592066,0,0,0,
1028,0.5,simple-random-sample,1,500,58,74,368,0.3,0.3,0.3,random,0,0,Randomly placed,1.022,45,0,0,0,0,true,0,0,45,17,3,0,14,7,0,0,7,0.375,0,0,0,0,0.6222222222222222,2.7258809064485945,0,0,0,
1029,0.5,simple-random-sample,1,500,43,73,384,0.3,0.3,0.3,random,0,0,Randomly placed,0.998,45,0,0,0,0,true,0,0,45,14,1,1,12,3,1,0,2,0.375,0,0,0,0,0.26666666666666666,3.7839373433213477,0,0,0,
1030,0.5,simple-random-sample,1,500,58,81,361,0.3,0.3,0.3,random,0,0,Randomly placed,0.982,45,0,0,0,0,true,0,0,45,9,2,2,5,2,1,1,0,0.375,0,0,0,0,0.17777777777777778,4.689204235649836,0,0,0,
1031,0.5,simple-random-sample,1,500,54,78,368,0.3,0.3,0.3,random,0,0,Randomly placed,1.022,45,0,0,0,0,true,0,0,45,8,1,1,6,3,0,0,3,0.375,0,0,0,0,0.26666666666666666,3.783937343321347,0,0,0,
1032,0.5,simple-random-sample,1,500,48,66,386,0.3,0.3,0.3,random,0,0,Randomly placed,0.962,45,0,0,0,0,true,0,0,45,12,0,2,10,3,0,1,2,0.375,0,0,0,0,0.26666666666666666,3.783937343321347,0,0,0,
1033,0.5,simple-random-sample,1,500,44,72,384,0.3,0.3,0.3,random,0,0,Randomly placed,1.018,45,0,0,0,0,true,0,0,45,11,1,1,9,5,1,0,4,0.375,0,0,0,0,0.4444444444444444,2.860387767736778,0,0,0,
1034,0.5,simple-random-sample,1,500,42,84,374,0.3,0.3,0.3,random,0,0,Randomly placed,0.998,45,0,0,0,0,true,0,0,45,10,1,1,8,3,0,0,3,0.375,0,0,0,0,0.26666666666666666,3.783937343321344,0,0,0,
1035,0.5,simple-random-sample,1,500,63,76,361,0.3,0.3,0.3,random,0,0,Randomly placed,1.022,45,0,0,0,0,true,0,0,45,13,2,3,8,4,1,0,3,0.375,0,0,0,0,0.35555555555555557,3.2377391101592083,0,0,0,
1036,0.5,simple-random-sample,1,500,53,62,385,0.3,0.3,0.3,random,0,0,Randomly placed,1.07,45,0,0,0,0,true,0,0,45,10,0,1,9,4,0,0,4,0.375,0,0,0,0,0.35555555555555557,3.2377391101592066,0,0,0,
1037,0.5,simple-random-sample,1,500,53,79,368,0.3,0.3,0.3,random,0,0,Randomly placed,1.018,45,0,0,0,0,true,0,0,45,10,0,0,10,4,0,0,4,0.375,0,0,0,0,0.35555555555555557,3.237739110159207,0,0,0,
1038,0.5,simple-random-sample,1,500,40,83,377,0.3,0.3,0.3,random,0,0,Randomly placed,0.99,45,0,0,0,0,true,0,0,45,11,3,2,6,5,1,2,2,0.375,0,0,0,0,0.4444444444444444,3.4443629837222973,0,0,0,
1039,0.5,simple-random-sample,1,500,60,74,366,0.3,0.3,0.3,random,0,0,Randomly placed,0.926,45,0,0,0,0,true,0,0,45,15,3,0,12,9,1,0,8,0.375,0,0,0,0,0.8,2.286322970901688,0,0,0,
1040,0.5,simple-random-sample,1,500,52,81,367,0.3,0.3,0.3,random,0,0,Randomly placed,1.026,45,0,0,0,0,true,0,0,45,7,0,3,4,1,0,1,0,0.375,0,0,0,0,0.08888888888888889,6.70820393249937,0,0,0,
1041,0.5,simple-random-sample,1,500,44,71,385,0.3,0.3,0.3,random,0,0,Randomly placed,1.074,45,0,0,0,0,true,0,0,45,16,2,0,14,4,1,0,3,0.375,0,0,0,0,0.35555555555555557,3.2377391101592057,0,0,0,
1042,0.5,simple-random-sample,1,500,42,74,384,0.3,0.3,0.3,random,0,0,Randomly placed,0.994,45,0,0,0,0,true,0,0,45,14,2,2,10,1,0,0,1,0.375,0,0,0,0,0.08888888888888889,6.70820393249937,0,0,0,
1043,0.5,simple-random-sample,1,500,66,63,371,0.3,0.3,0.3,random,0,0,Randomly placed,1.014,45,0,0,0,0,true,0,0,45,10,1,0,9,6,0,0,6,0.375,0,0,0,0,0.5333333333333333,2.578318691071233,0,0,0,
1044,0.5,simple-random-sample,1,500,62,78,360,0.3,0.3,0.3,random,0,0,Randomly placed,0.978,45,0,0,0,0,true,0,0,45,11,1,1,9,3,0,0,3,0.375,0,0,0,0,0.26666666666666666,4.95433694306862,0,0,0,
1045,0.5,simple-random-sample,1,500,47,87,366,0.3,0.3,0.3,random,0,0,Randomly placed,1.062,45,0,0,0,0,true,0,0,45,15,1,1,13,7,1,0,6,0.375,0,0,0,0,0.6222222222222222,2.356257212603933,0,0,0,
1046,0.5,simple-random-sample,1,500,44,80,376,0.3,0.3,0.3,random,0,0,Randomly placed,1.018,45,0,0,0,0,true,0,0,45,15,1,1,13,1,0,0,1,0.375,0,0,0,0,0.08888888888888889,6.708203932499369,0,0,0,
1049,0.5,simple-random-sample,1,500,55,71,374,0.3,0.3,0.3,random,0,0,Randomly placed,1.014,45,0,0,0,0,true,0,0,45,6,0,1,5,3,0,1,2,0.375,0,0,0,0,0.26666666666666666,4.95433694306862,0,0,0,
1047,0.5,simple-random-sample,1,500,63,61,376,0.3,0.3,0.3,random,0,0,Randomly placed,1.018,45,0,0,0,0,true,0,0,45,16,2,2,12,6,1,0,5,0.375,0,0,0,0,0.5333333333333333,2.5783186910712326,0,0,0,
1048,0.5,simple-random-sample,1,500,61,66,373,0.3,0.3,0.3,random,0,0,Randomly placed,0.99,45,0,0,0,0,true,0,0,45,13,2,0,11,5,1,0,4,0.375,0,0,0,0,0.4444444444444444,2.860387767736778,0,0,0,
1050,0.5,simple-random-sample,1,500,45,76,379,0.3,0.3,0.3,random,0,0,Randomly placed,1.106,45,0,0,0,0,true,0,0,45,11,0,4,7,3,0,1,2,0.375,0,0,0,0,0.26666666666666666,3.783937343321344,0,0,0,
1051,0.5,simple-random-sample,1,500,75,60,365,0.3,0.3,0.3,random,0,0,Randomly placed,1.03,45,0,0,0,0,true,0,0,45,13,1,0,12,6,0,0,6,0.375,0,0,0,0,0.5333333333333333,2.5783186910712326,0,0,0,
1052,0.5,simple-random-sample,1,500,52,64,384,0.3,0.3,0.3,random,0,0,Randomly placed,1.078,45,0,0,0,0,true,0,0,45,10,1,2,7,2,0,0,2,0.375,0,0,0,0,0.17777777777777778,4.689204235649834,0,0,0,
1054,0.5,simple-random-sample,1,500,38,76,386,0.3,0.3,0.3,random,0,0,Randomly placed,1.042,45,0,0,0,0,true,0,0,45,11,0,3,8,4,0,1,3,0.375,0,0,0,0,0.35555555555555557,3.237739110159207,0,0,0,
1053,0.5,simple-random-sample,1,500,38,65,397,0.3,0.3,0.3,random,0,0,Randomly placed,1.018,45,0,0,0,0,true,0,0,45,15,0,5,10,3,0,1,2,0.375,0,0,0,0,0.26666666666666666,3.783937343321348,0,0,0,
1055,0.5,simple-random-sample,1,500,51,78,371,0.3,0.3,0.3,random,0,0,Randomly placed,1.002,45,0,0,0,0,true,0,0,45,10,2,3,5,5,2,1,2,0.375,0,0,0,0,0.4444444444444444,3.4443629837222978,0,0,0,
1056,0.5,simple-random-sample,1,500,40,82,378,0.3,0.3,0.3,random,0,0,Randomly placed,0.986,45,0,0,0,0,true,0,0,45,10,1,2,7,4,0,2,2,0.375,0,0,0,0,0.35555555555555557,3.237739110159207,0,0,0,
1059,0.5,simple-random-sample,1,500,53,71,376,0.3,0.3,0.3,random,0,0,Randomly placed,0.994,45,0,0,0,0,true,0,0,45,20,2,2,16,7,1,1,5,0.375,0,0,0,0,0.6222222222222222,2.356257212603934,0,0,0,
1057,0.5,simple-random-sample,1,500,58,64,378,0.3,0.3,0.3,random,0,0,Randomly placed,1.03,45,0,0,0,0,true,0,0,45,14,2,2,10,6,0,1,5,0.375,0,0,0,0,0.5333333333333333,2.578318691071233,0,0,0,
1058,0.5,simple-random-sample,1,500,39,75,386,0.3,0.3,0.3,random,0,0,Randomly placed,0.966,45,0,0,0,0,true,0,0,45,13,0,3,10,3,0,0,3,0.375,0,0,0,0,0.26666666666666666,3.783937343321347,0,0,0,
1060,0.5,simple-random-sample,1,500,46,76,378,0.3,0.3,0.3,random,0,0,Randomly placed,1.03,45,0,0,0,0,true,0,0,45,11,1,1,9,4,1,1,2,0.375,0,0,0,0,0.35555555555555557,3.237739110159207,0,0,0,
1063,0.5,simple-random-sample,1,500,66,83,351,0.3,0.3,0.3,random,0,0,Randomly placed,0.998,45,0,0,0,0,true,0,0,45,13,2,1,10,2,0,0,2,0.375,0,0,0,0,0.17777777777777778,4.689204235649838,0,0,0,
1062,0.5,simple-random-sample,1,500,33,70,397,0.3,0.3,0.3,random,0,0,Randomly placed,0.982,45,0,0,0,0,true,0,0,45,11,1,2,8,4,0,1,3,0.375,0,0,0,0,0.35555555555555557,3.2377391101592083,0,0,0,
1064,0.5,simple-random-sample,1,500,52,72,376,0.3,0.3,0.3,random,0,0,Randomly placed,0.926,45,0,0,0,0,true,0,0,45,8,1,0,7,2,0,0,2,0.375,0,0,0,0,0.17777777777777778,4.689204235649837,0,0,0,
1065,0.5,simple-random-sample,1,500,59,82,359,0.3,0.3,0.3,random,0,0,Randomly placed,1.01,45,0,0,0,0,true,0,0,45,11,0,1,10,7,0,0,7,0.375,0,0,0,0,0.6222222222222222,2.356257212603933,0,0,0,
1061,0.5,simple-random-sample,1,500,49,73,378,0.3,0.3,0.3,random,0,0,Randomly placed,0.95,45,0,0,0,0,true,0,0,45,15,2,3,10,3,0,1,2,0.375,0,0,0,0,0.26666666666666666,3.783937343321344,0,0,0,
1066,0.5,simple-random-sample,1,500,47,74,379,0.3,0.3,0.3,random,0,0,Randomly placed,0.966,45,0,0,0,0,true,0,0,45,7,0,0,7,3,0,0,3,0.375,0,0,0,0,0.26666666666666666,3.7839373433213477,0,0,0,
1067,0.5,simple-random-sample,1,500,52,69,379,0.3,0.3,0.3,random,0,0,Randomly placed,0.966,45,0,0,0,0,true,0,0,45,5,0,1,4,2,0,1,1,0.375,0,0,0,0,0.17777777777777778,4.689204235649837,0,0,0,
1069,0.5,simple-random-sample,1,500,51,72,377,0.3,0.3,0.3,random,0,0,Randomly placed,1.018,45,0,0,0,0,true,0,0,45,11,1,3,7,4,0,2,2,0.375,0,0,0,0,0.35555555555555557,3.2377391101592075,0,0,0,
1068,0.5,simple-random-sample,1,500,44,62,394,0.3,0.3,0.3,random,0,0,Randomly placed,0.99,45,0,0,0,0,true,0,0,45,11,0,0,11,1,0,0,1,0.375,0,0,0,0,0.08888888888888889,6.708203932499369,0,0,0,
1072,0.5,simple-random-sample,1,500,50,75,375,0.3,0.3,0.3,random,0,0,Randomly placed,0.97,45,0,0,0,0,true,0,0,45,10,1,1,8,3,1,0,2,0.375,0,0,0,0,0.26666666666666666,3.783937343321348,0,0,0,
1071,0.5,simple-random-sample,1,500,52,73,375,0.3,0.3,0.3,random,0,0,Randomly placed,0.998,45,0,0,0,0,true,0,0,45,9,0,2,7,2,0,1,1,0.375,0,0,0,0,0.17777777777777778,4.689204235649836,0,0,0,
1070,0.5,simple-random-sample,1,500,52,81,367,0.3,0.3,0.3,random,0,0,Randomly placed,0.962,45,0,0,0,0,true,0,0,45,10,0,3,7,3,0,0,3,0.375,0,0,0,0,0.26666666666666666,3.783937343321346,0,0,0,
1073,0.5,simple-random-sample,1,500,46,67,387,0.3,0.3,0.3,random,0,0,Randomly placed,0.99,45,0,0,0,0,true,0,0,45,7,1,1,5,3,0,0,3,0.375,0,0,0,0,0.26666666666666666,3.783937343321346,0,0,0,
1074,0.5,simple-random-sample,1,500,69,87,344,0.3,0.3,0.3,random,0,0,Randomly placed,1.002,45,0,0,0,0,true,0,0,45,8,0,0,8,3,0,0,3,0.375,0,0,0,0,0.26666666666666666,3.7839373433213477,0,0,0,
1075,0.5,simple-random-sample,1,500,56,65,379,0.3,0.3,0.3,random,0,0,Randomly placed,0.994,45,0,0,0,0,true,0,0,45,8,2,0,6,4,1,0,3,0.375,0,0,0,0,0.35555555555555557,3.2377391101592066,0,0,0,
1076,0.5,simple-random-sample,1,500,50,80,370,0.3,0.3,0.3,random,0,0,Randomly placed,1.102,45,0,0,0,0,true,0,0,45,9,0,2,7,4,0,0,4,0.375,0,0,0,0,0.35555555555555557,3.237739110159207,0,0,0,
1077,0.5,simple-random-sample,1,500,45,80,375,0.3,0.3,0.3,random,0,0,Randomly placed,1.018,45,0,0,0,0,true,0,0,45,15,1,0,14,9,1,0,8,0.375,0,0,0,0,0.8,2.2863229709016886,0,0,0,
1078,0.5,simple-random-sample,1,500,62,73,365,0.3,0.3,0.3,random,0,0,Randomly placed,0.978,45,0,0,0,0,true,0,0,45,9,2,1,6,4,1,0,3,0.375,0,0,0,0,0.35555555555555557,3.2377391101592075,0,0,0,
1079,0.5,simple-random-sample,1,500,47,61,392,0.3,0.3,0.3,random,0,0,Randomly placed,0.97,45,0,0,0,0,true,0,0,45,8,1,2,5,2,1,0,1,0.375,0,0,0,0,0.17777777777777778,4.689204235649835,0,0,0,
1081,0.5,simple-random-sample,1,500,48,80,372,0.3,0.3,0.3,random,0,0,Randomly placed,0.998,45,0,0,0,0,true,0,0,45,15,3,1,11,5,2,0,3,0.375,0,0,0,0,0.4444444444444444,2.860387767736778,0,0,0,
1080,0.5,simple-random-sample,1,500,49,69,382,0.3,0.3,0.3,random,0,0,Randomly placed,0.978,45,0,0,0,0,true,0,0,45,13,0,1,12,5,0,0,5,0.375,0,0,0,0,0.4444444444444444,3.4443629837222973,0,0,0,
1083,0.5,simple-random-sample,1,500,43,75,382,0.3,0.3,0.3,random,0,0,Randomly placed,0.994,45,0,0,0,0,true,0,0,45,10,1,1,8,2,0,0,2,0.375,0,0,0,0,0.17777777777777778,4.689204235649835,0,0,0,
1084,0.5,simple-random-sample,1,500,47,59,394,0.3,0.3,0.3,random,0,0,Randomly placed,1.002,45,0,0,0,0,true,0,0,45,10,1,1,8,2,0,0,2,0.375,0,0,0,0,0.17777777777777778,4.689204235649837,0,0,0,
1082,0.5,simple-random-sample,1,500,52,70,378,0.3,0.3,0.3,random,0,0,Randomly placed,0.994,45,0,0,0,0,true,0,0,45,10,1,2,7,1,0,0,1,0.375,0,0,0,0,0.08888888888888889,6.70820393249937,0,0,0,
1085,0.5,simple-random-sample,1,500,46,81,373,0.3,0.3,0.3,random,0,0,Randomly placed,0.946,45,0,0,0,0,true,0,0,45,8,0,2,6,0,0,0,0,0.375,0,0,0,0,0,NA,0,0,0,
1088,0.5,simple-random-sample,1,500,55,83,362,0.3,0.3,0.3,random,0,0,Randomly placed,1.062,45,0,0,0,0,true,0,0,45,8,1,1,6,1,0,1,0,0.375,0,0,0,0,0.08888888888888889,6.708203932499369,0,0,0,
1087,0.5,simple-random-sample,1,500,43,74,383,0.3,0.3,0.3,random,0,0,Randomly placed,0.99,45,0,0,0,0,true,0,0,45,10,0,1,9,4,0,0,4,0.375,0,0,0,0,0.35555555555555557,3.2377391101592083,0,0,0,
1098,0.5,simple-random-sample,1,500,58,73,369,0.3,0.3,0.3,random,0,0,Randomly placed,0.994,45,0,0,0,0,true,0,0,45,8,0,2,6,3,0,0,3,0.375,0,0,0,0,0.26666666666666666,3.783937343321347,0,0,0,
1093,0.5,simple-random-sample,1,500,51,77,372,0.3,0.3,0.3,random,0,0,Randomly placed,0.974,45,0,0,0,0,true,0,0,45,8,2,3,3,1,0,0,1,0.375,0,0,0,0,0.08888888888888889,6.708203932499369,0,0,0,
1099,0.5,simple-random-sample,1,500,49,70,381,0.3,0.3,0.3,random,0,0,Randomly placed,0.978,45,0,0,0,0,true,0,0,45,7,0,1,6,0,0,0,0,0.375,0,0,0,0,0,NA,0,0,0,
1096,0.5,simple-random-sample,1,500,56,73,371,0.3,0.3,0.3,random,0,0,Randomly placed,0.926,45,0,0,0,0,true,0,0,45,15,2,3,10,6,1,0,5,0.375,0,0,0,0,0.5333333333333333,2.578318691071233,0,0,0,
1092,0.5,simple-random-sample,1,500,46,70,384,0.3,0.3,0.3,random,0,0,Randomly placed,0.99,45,0,0,0,0,true,0,0,45,13,1,0,12,3,0,0,3,0.375,0,0,0,0,0.26666666666666666,4.954336943068618,0,0,0,
1094,0.5,simple-random-sample,1,500,48,77,375,0.3,0.3,0.3,random,0,0,Randomly placed,1.042,45,0,0,0,0,true,0,0,45,5,1,0,4,1,1,0,0,0.375,0,0,0,0,0.08888888888888889,6.708203932499369,0,0,0,
1091,0.5,simple-random-sample,1,500,59,73,368,0.3,0.3,0.3,random,0,0,Randomly placed,0.982,45,0,0,0,0,true,0,0,45,12,3,0,9,3,1,0,2,0.375,0,0,0,0,0.26666666666666666,3.783937343321347,0,0,0,
1097,0.5,simple-random-sample,1,500,49,71,380,0.3,0.3,0.3,random,0,0,Randomly placed,1.066,45,0,0,0,0,true,0,0,45,11,0,0,11,2,0,0,2,0.375,0,0,0,0,0.17777777777777778,4.689204235649836,0,0,0,
1095,0.5,simple-random-sample,1,500,48,71,381,0.3,0.3,0.3,random,0,0,Randomly placed,0.986,45,0,0,0,0,true,0,0,45,12,1,1,10,2,0,1,1,0.375,0,0,0,0,0.17777777777777778,6.708203932499369,0,0,0,
1086,0.5,simple-random-sample,1,500,59,76,365,0.3,0.3,0.3,random,0,0,Randomly placed,0.998,45,0,0,0,0,true,0,0,45,9,2,2,5,2,0,1,1,0.375,0,0,0,0,0.17777777777777778,4.689204235649837,0,0,0,
1090,0.5,simple-random-sample,1,500,58,63,379,0.3,0.3,0.3,random,0,0,Randomly placed,1.026,45,0,0,0,0,true,0,0,45,9,3,2,4,2,0,1,1,0.375,0,0,0,0,0.17777777777777778,4.689204235649838,0,0,0,
1102,0.5,simple-random-sample,7,3500,334,562,2604,0.3,0.3,0.3,random,0,0,Randomly placed,1.0488571428571427,45,0,0,0,0,true,0,0,45,72,7,12,53,24,2,5,17,0.375,0,0,0,0,2.1333333333333333,1.3615040146169897,0,0,0,
1089,0.5,simple-random-sample,1,500,54,81,365,0.3,0.3,0.3,random,0,0,Randomly placed,0.998,45,0,0,0,0,true,0,0,45,15,0,1,14,5,0,0,5,0.375,0,0,0,0,0.4444444444444444,2.860387767736778,0,0,0,
1107,0.5,simple-random-sample,7,3500,372,517,2611,0.3,0.3,0.3,random,0,0,Randomly placed,1.0305714285714287,45,0,0,0,0,true,0,0,45,81,4,10,67,23,1,3,19,0.375,0,0,0,0,2.0444444444444443,1.2248501035841963,0,0,0,
1105,0.5,simple-random-sample,7,3500,369,572,2559,0.3,0.3,0.3,random,0,0,Randomly placed,1.0391428571428571,45,0,0,0,0,true,0,0,45,92,9,11,72,25,1,6,18,0.375,0,0,0,0,2.2222222222222223,1.1224972160321829,0,0,0,
1103,0.5,simple-random-sample,7,3500,369,524,2607,0.3,0.3,0.3,random,0,0,Randomly placed,1.0522857142857143,45,0,0,0,0,true,0,0,45,91,9,12,70,23,2,2,19,0.375,0,0,0,0,2.0444444444444443,1.4220600138303632,0,0,0,
1108,0.5,simple-random-sample,7,3500,342,541,2617,0.3,0.3,0.3,random,0,0,Randomly placed,1.0454285714285714,45,0,0,0,0,true,0,0,45,60,4,7,49,12,1,1,10,0.375,0,0,0,0,1.0666666666666667,2.174882441964079,0,0,0,
1104,0.5,simple-random-sample,7,3500,400,537,2563,0.3,0.3,0.3,random,0,0,Randomly placed,1.0414285714285714,45,0,0,0,0,true,0,0,45,70,7,19,44,28,1,9,18,0.375,0,0,0,0,2.488888888888889,1.29521650971955,0,0,0,
1115,0.5,simple-random-sample,7,3500,362,504,2634,0.3,0.3,0.3,random,0,0,Randomly placed,0.9317142857142857,45,0,0,0,0,true,0,0,45,92,10,11,71,18,2,2,14,0.375,0,0,0,0,1.6,1.5447859516333118,0,0,0,
1106,0.5,simple-random-sample,7,3500,326,517,2657,0.3,0.3,0.3,random,0,0,Randomly placed,0.9722857142857143,45,0,0,0,0,true,0,0,45,81,6,17,58,32,3,7,22,0.375,0,0,0,0,2.8444444444444446,1.1850115973252984,0,0,0,
1116,0.5,simple-random-sample,7,3500,380,545,2575,0.3,0.3,0.3,random,0,0,Randomly placed,0.9305714285714286,45,0,0,0,0,true,0,0,45,83,14,9,60,25,5,1,19,0.375,0,0,0,0,2.2222222222222223,1.3598128213437726,0,0,0,
1101,0.5,simple-random-sample,7,3500,349,519,2632,0.3,0.3,0.3,random,0,0,Randomly placed,0.9677142857142857,45,0,0,0,0,true,0,0,45,94,13,15,66,27,4,4,19,0.375,0,0,0,0,2.4,1.0894350310453058,0,0,0,
1110,0.5,simple-random-sample,7,3500,372,528,2600,0.3,0.3,0.3,random,0,0,Randomly placed,0.982,45,0,0,0,0,true,0,0,45,94,14,17,63,29,6,4,19,0.375,0,0,0,0,2.577777777777778,1.0542776955345763,0,0,0,
1124,0.5,simple-random-sample,7,3500,352,512,2636,0.3,0.3,0.3,random,0,0,Randomly placed,0.9894285714285714,45,0,0,0,0,true,0,0,45,75,12,11,52,20,4,2,14,0.375,0,0,0,0,1.7777777777777777,1.403121520040229,0,0,0,
1122,0.5,simple-random-sample,7,3500,328,506,2666,0.3,0.3,0.3,random,0,0,Randomly placed,0.9671428571428571,45,0,0,0,0,true,0,0,45,98,10,11,77,25,1,5,19,0.375,0,0,0,0,2.2222222222222223,1.304537535611062,0,0,0,
1117,0.5,simple-random-sample,7,3500,363,566,2571,0.3,0.3,0.3,random,0,0,Randomly placed,0.994,45,0,0,0,0,true,0,0,45,74,11,13,50,30,4,4,22,0.375,0,0,0,0,2.6666666666666665,1.1078234188139946,0,0,0,
1113,0.5,simple-random-sample,7,3500,362,536,2602,0.3,0.3,0.3,random,0,0,Randomly placed,0.982,45,0,0,0,0,true,0,0,45,75,7,17,51,25,0,7,18,0.375,0,0,0,0,2.2222222222222223,1.4129273287623951,0,0,0,
1121,0.5,simple-random-sample,7,3500,354,523,2623,0.3,0.3,0.3,random,0,0,Randomly placed,0.9808571428571428,45,0,0,0,0,true,0,0,45,85,7,12,66,23,1,4,18,0.375,0,0,0,0,2.0444444444444443,1.5395624770450893,0,0,0,
1100,0.5,simple-random-sample,1,500,53,85,362,0.3,0.3,0.3,random,0,0,Randomly placed,1.026,45,0,0,0,0,true,0,0,45,12,5,1,6,3,0,0,3,0.375,0,0,0,0,0.26666666666666666,3.7839373433213477,0,0,0,
1112,0.5,simple-random-sample,7,3500,319,517,2664,0.3,0.3,0.3,random,0,0,Randomly placed,1.0414285714285714,45,0,0,0,0,true,0,0,45,75,9,14,52,20,1,2,17,0.375,0,0,0,0,1.7777777777777777,1.4828565798362427,0,0,0,
1114,0.5,simple-random-sample,7,3500,374,490,2636,0.3,0.3,0.3,random,0,0,Randomly placed,1.0477142857142856,45,0,0,0,0,true,0,0,45,86,9,15,62,25,3,5,17,0.375,0,0,0,0,2.2222222222222223,1.3598128213437726,0,0,0,
1119,0.5,simple-random-sample,7,3500,350,518,2632,0.3,0.3,0.3,random,0,0,Randomly placed,1.0534285714285714,45,0,0,0,0,true,0,0,45,63,7,10,46,19,2,2,15,0.375,0,0,0,0,1.6888888888888889,1.6353560231915159,0,0,0,
1123,0.5,simple-random-sample,7,3500,345,519,2636,0.3,0.3,0.3,random,0,0,Randomly placed,0.9597142857142857,45,0,0,0,0,true,0,0,45,79,8,14,57,31,2,1,28,0.375,0,0,0,0,2.7555555555555555,1.1915057419977084,0,0,0,
1118,0.5,simple-random-sample,7,3500,357,530,2613,0.3,0.3,0.3,random,0,0,Randomly placed,1.0191428571428571,45,0,0,0,0,true,0,0,45,70,14,13,43,20,3,5,12,0.375,0,0,0,0,1.7777777777777777,1.699766026679716,0,0,0,
1120,0.5,simple-random-sample,7,3500,377,532,2591,0.3,0.3,0.3,random,0,0,Randomly placed,0.99,45,0,0,0,0,true,0,0,45,76,7,12,57,19,0,5,14,0.375,0,0,0,0,1.6888888888888889,1.3818352462199666,0,0,0,
1111,0.5,simple-random-sample,7,3500,358,492,2650,0.3,0.3,0.3,random,0,0,Randomly placed,0.9882857142857143,45,0,0,0,0,true,0,0,45,75,8,14,53,19,1,3,15,0.375,0,0,0,0,1.6888888888888889,1.5554471268066659,0,0,0,
1109,0.5,simple-random-sample,7,3500,340,532,2628,0.3,0.3,0.3,random,0,0,Randomly placed,0.9785714285714285,45,0,0,0,0,true,0,0,45,91,10,16,65,27,2,3,22,0.375,0,0,0,0,2.4,1.825741858350553,0,0,0,
1126,0.5,simple-random-sample,7,3500,362,508,2630,0.3,0.3,0.3,random,0,0,Randomly placed,1.0157142857142858,45,0,0,0,0,true,0,0,45,77,6,21,50,25,2,6,17,0.375,0,0,0,0,2.2222222222222223,1.1862852638689936,0,0,0,
1125,0.5,simple-random-sample,7,3500,363,511,2626,0.3,0.3,0.3,random,0,0,Randomly placed,1.0831428571428572,45,0,0,0,0,true,0,0,45,70,8,6,56,26,3,1,22,0.375,0,0,0,0,2.311111111111111,1.3040364363905268,0,0,0,
1127,0.5,simple-random-sample,7,3500,362,503,2635,0.3,0.3,0.3,random,0,0,Randomly placed,0.97,45,0,0,0,0,true,0,0,45,67,10,5,52,20,3,2,15,0.375,0,0,0,0,1.7777777777777777,1.5585176523630635,0,0,0,
1128,0.5,simple-random-sample,7,3500,333,528,2639,0.3,0.3,0.3,random,0,0,Randomly placed,1.0282857142857142,45,0,0,0,0,true,0,0,45,89,9,15,65,22,1,3,18,0.375,0,0,0,0,1.9555555555555555,1.2805251082925688,0,0,0,
1131,0.5,simple-random-sample,7,3500,360,522,2618,0.3,0.3,0.3,random,0,0,Randomly placed,0.9317142857142857,45,0,0,0,0,true,0,0,45,81,10,14,57,21,3,3,15,0.375,0,0,0,0,1.8666666666666667,1.487424091076966,0,0,0,
1132,0.5,simple-random-sample,7,3500,327,511,2662,0.3,0.3,0.3,random,0,0,Randomly placed,0.9905714285714285,45,0,0,0,0,true,0,0,45,87,6,11,70,25,4,3,18,0.375,0,0,0,0,2.2222222222222223,1.2468141218904507,0,0,0,
1137,0.5,simple-random-sample,7,3500,358,550,2592,0.3,0.3,0.3,random,0,0,Randomly placed,0.978,45,0,0,0,0,true,0,0,45,84,9,20,55,20,1,7,12,0.375,0,0,0,0,1.7777777777777777,1.5585176523630633,0,0,0,
1129,0.5,simple-random-sample,7,3500,370,495,2635,0.3,0.3,0.3,random,0,0,Randomly placed,1.0631428571428572,45,0,0,0,0,true,0,0,45,79,12,8,59,22,2,1,19,0.375,0,0,0,0,1.9555555555555555,1.4213014004510505,0,0,0,
1139,0.5,simple-random-sample,7,3500,374,561,2565,0.3,0.3,0.3,random,0,0,Randomly placed,0.9991428571428571,45,0,0,0,0,true,0,0,45,85,15,12,58,26,5,5,16,0.375,0,0,0,0,2.311111111111111,1.0098026799299757,0,0,0,
1144,0.5,simple-random-sample,7,3500,355,503,2642,0.3,0.3,0.3,random,0,0,Randomly placed,1.066,45,0,0,0,0,true,0,0,45,72,6,11,55,25,4,5,16,0.375,0,0,0,0,2.2222222222222223,0.9825754655264636,0,0,0,
1142,0.5,simple-random-sample,7,3500,342,523,2635,0.3,0.3,0.3,random,0,0,Randomly placed,0.9991428571428571,45,0,0,0,0,true,0,0,45,73,9,13,51,15,1,2,12,0.375,0,0,0,0,1.3333333333333333,1.8090680674665816,0,0,0,
1135,0.5,simple-random-sample,7,3500,308,531,2661,0.3,0.3,0.3,random,0,0,Randomly placed,0.9711428571428572,45,0,0,0,0,true,0,0,45,83,9,11,63,33,3,5,25,0.375,0,0,0,0,2.933333333333333,1.1773596764215302,0,0,0,
1133,0.5,simple-random-sample,7,3500,364,510,2626,0.3,0.3,0.3,random,0,0,Randomly placed,1.0374285714285714,45,0,0,0,0,true,0,0,45,76,6,16,54,21,0,6,15,0.375,0,0,0,0,1.8666666666666667,1.7456545571859614,0,0,0,
1138,0.5,simple-random-sample,7,3500,356,518,2626,0.3,0.3,0.3,random,0,0,Randomly placed,1.0185714285714285,45,0,0,0,0,true,0,0,45,88,3,14,71,26,3,4,19,0.375,0,0,0,0,2.311111111111111,1.1950678631014924,0,0,0,
1141,0.5,simple-random-sample,7,3500,349,517,2634,0.3,0.3,0.3,random,0,0,Randomly placed,0.978,45,0,0,0,0,true,0,0,45,78,8,8,62,29,1,3,25,0.375,0,0,0,0,2.577777777777778,1.3702681672893284,0,0,0,
1130,0.5,simple-random-sample,7,3500,360,497,2643,0.3,0.3,0.3,random,0,0,Randomly placed,0.9894285714285714,45,0,0,0,0,true,0,0,45,77,5,15,57,18,3,5,10,0.375,0,0,0,0,1.6,1.634152546567959,0,0,0,
1143,0.5,simple-random-sample,7,3500,346,519,2635,0.3,0.3,0.3,random,0,0,Randomly placed,0.9871428571428572,45,0,0,0,0,true,0,0,45,105,15,14,76,29,5,2,22,0.375,0,0,0,0,2.577777777777778,1.1999351403939746,0,0,0,
1149,0.5,simple-random-sample,7,3500,310,540,2650,0.3,0.3,0.3,random,0,0,Randomly placed,1.0214285714285716,45,0,0,0,0,true,0,0,45,71,4,12,55,25,0,8,17,0.375,0,0,0,0,2.2222222222222223,1.0548588875898393,0,0,0,
1146,0.5,simple-random-sample,7,3500,363,545,2592,0.3,0.3,0.3,random,0,0,Randomly placed,1.0317142857142858,45,0,0,0,0,true,0,0,45,95,5,15,75,22,2,3,17,0.375,0,0,0,0,1.9555555555555555,1.7779642923279957,0,0,0,
1140,0.5,simple-random-sample,7,3500,366,528,2606,0.3,0.3,0.3,random,0,0,Randomly placed,1.0122857142857142,45,0,0,0,0,true,0,0,45,83,6,13,64,18,2,1,15,0.375,0,0,0,0,1.6,1.7996211722571958,0,0,0,
1134,0.5,simple-random-sample,7,3500,369,511,2620,0.3,0.3,0.3,random,0,0,Randomly placed,1.0117142857142858,45,0,0,0,0,true,0,0,45,76,10,8,58,18,1,1,16,0.375,0,0,0,0,1.6,1.7188791273808217,0,0,0,
1150,0.5,simple-random-sample,7,3500,356,544,2600,0.3,0.3,0.3,random,0,0,Randomly placed,0.9842857142857142,45,0,0,0,0,true,0,0,45,73,7,11,55,19,3,3,13,0.375,0,0,0,0,1.6888888888888889,1.635356023191515,0,0,0,
1151,0.5,simple-random-sample,7,3500,350,509,2641,0.3,0.3,0.3,random,0,0,Randomly placed,0.9945714285714286,45,0,0,0,0,true,0,0,45,71,8,8,55,21,4,3,14,0.375,0,0,0,0,1.8666666666666667,1.6216874328520061,0,0,0,
1152,0.5,simple-random-sample,7,3500,346,513,2641,0.3,0.3,0.3,random,0,0,Randomly placed,0.9745714285714285,45,0,0,0,0,true,0,0,45,84,7,11,66,27,0,5,22,0.375,0,0,0,0,2.4,1.348399724926484,0,0,0,
1153,0.5,simple-random-sample,7,3500,343,505,2652,0.3,0.3,0.3,random,0,0,Randomly placed,1.0117142857142858,45,0,0,0,0,true,0,0,45,88,5,16,67,24,1,6,17,0.375,0,0,0,0,2.1333333333333333,1.3615040146169894,0,0,0,
1158,0.5,simple-random-sample,7,3500,355,525,2620,0.3,0.3,0.3,random,0,0,Randomly placed,0.9894285714285714,45,0,0,0,0,true,0,0,45,82,7,15,60,20,1,6,13,0.375,0,0,0,0,1.7777777777777777,1.482856579836243,0,0,0,
1160,0.5,simple-random-sample,7,3500,331,502,2667,0.3,0.3,0.3,random,0,0,Randomly placed,0.9677142857142857,45,0,0,0,0,true,0,0,45,81,8,12,61,23,1,4,18,0.375,0,0,0,0,2.0444444444444443,1.2939307342919153,0,0,0,
1156,0.5,simple-random-sample,7,3500,354,526,2620,0.3,0.3,0.3,random,0,0,Randomly placed,1.0271428571428571,45,0,0,0,0,true,0,0,45,90,4,11,75,26,0,1,25,0.375,0,0,0,0,2.311111111111111,1.4045763978688526,0,0,0,
1159,0.5,simple-random-sample,7,3500,345,505,2650,0.3,0.3,0.3,random,0,0,Randomly placed,0.9871428571428572,45,0,0,0,0,true,0,0,45,74,7,9,58,25,4,2,19,0.375,0,0,0,0,2.2222222222222223,1.1862852638689936,0,0,0,
1136,0.5,simple-random-sample,7,3500,341,524,2635,0.3,0.3,0.3,random,0,0,Randomly placed,1.014,45,0,0,0,0,true,0,0,45,80,11,15,54,32,4,6,22,0.375,0,0,0,0,2.8444444444444446,1.1850115973252981,0,0,0,
1154,0.5,simple-random-sample,7,3500,367,510,2623,0.3,0.3,0.3,random,0,0,Randomly placed,0.9842857142857142,45,0,0,0,0,true,0,0,45,78,13,12,53,22,3,5,14,0.375,0,0,0,0,1.9555555555555555,1.486699105368107,0,0,0,
1164,0.5,simple-random-sample,7,3500,316,545,2639,0.3,0.3,0.3,random,0,0,Randomly placed,1.014,45,0,0,0,0,true,0,0,45,62,4,10,48,17,1,1,15,0.375,0,0,0,0,1.511111111111111,1.720022531436876,0,0,0,
1161,0.5,simple-random-sample,7,3500,345,505,2650,0.3,0.3,0.3,random,0,0,Randomly placed,0.9294285714285715,45,0,0,0,0,true,0,0,45,76,7,9,60,25,2,2,21,0.375,0,0,0,0,2.2222222222222223,1.1862852638689938,0,0,0,
1165,0.5,simple-random-sample,7,3500,337,514,2649,0.3,0.3,0.3,random,0,0,Randomly placed,1.0077142857142858,45,0,0,0,0,true,0,0,45,101,7,15,79,32,0,7,25,0.375,0,0,0,0,2.8444444444444446,1.1850115973252981,0,0,0,
1155,0.5,simple-random-sample,7,3500,345,527,2628,0.3,0.3,0.3,random,0,0,Randomly placed,1.0482857142857143,45,0,0,0,0,true,0,0,45,79,7,10,62,24,2,5,17,0.375,0,0,0,0,2.1333333333333333,1.0269797953221866,0,0,0,
1166,0.5,simple-random-sample,7,3500,337,522,2641,0.3,0.3,0.3,random,0,0,Randomly placed,0.9991428571428571,45,0,0,0,0,true,0,0,45,88,8,15,65,26,0,1,25,0.375,0,0,0,0,2.311111111111111,1.1366729003587173,0,0,0,
1163,0.5,simple-random-sample,7,3500,340,501,2659,0.3,0.3,0.3,random,0,0,Randomly placed,1.0071428571428571,45,0,0,0,0,true,0,0,45,85,6,15,64,22,1,7,14,0.375,0,0,0,0,1.9555555555555555,1.609542589638047,0,0,0,
1167,0.5,simple-random-sample,7,3500,338,509,2653,0.3,0.3,0.3,random,0,0,Randomly placed,1.046,45,0,0,0,0,true,0,0,45,100,9,12,79,34,2,1,31,0.375,0,0,0,0,3.022222222222222,1.2023392581659131,0,0,0,
1145,0.5,simple-random-sample,7,3500,341,518,2641,0.3,0.3,0.3,random,0,0,Randomly placed,1.034,45,0,0,0,0,true,0,0,45,64,12,8,44,23,5,2,16,0.375,0,0,0,0,2.0444444444444443,1.2939307342919149,0,0,0,
1169,0.5,simple-random-sample,7,3500,348,554,2598,0.3,0.3,0.3,random,0,0,Randomly placed,0.9722857142857143,45,0,0,0,0,true,0,0,45,74,8,11,55,30,1,6,23,0.375,0,0,0,0,2.6666666666666665,1.1530591721787111,0,0,0,
1174,0.5,simple-random-sample,7,3500,355,504,2641,0.3,0.3,0.3,random,0,0,Randomly placed,1.004857142857143,45,0,0,0,0,true,0,0,45,67,6,8,53,23,2,5,16,0.375,0,0,0,0,2.0444444444444443,1.2939307342919146,0,0,0,
1177,0.5,simple-random-sample,7,3500,330,510,2660,0.3,0.3,0.3,random,0,0,Randomly placed,0.9688571428571429,45,0,0,0,0,true,0,0,45,79,8,13,58,26,6,4,16,0.375,0,0,0,0,2.311111111111111,1.5431528124182807,0,0,0,
1178,0.5,simple-random-sample,7,3500,348,555,2597,0.3,0.3,0.3,random,0,0,Randomly placed,0.9894285714285714,45,0,0,0,0,true,0,0,45,69,5,8,56,18,3,2,13,0.375,0,0,0,0,1.6,1.348399724926484,0,0,0,
1148,0.5,simple-random-sample,7,3500,355,517,2628,0.3,0.3,0.3,random,0,0,Randomly placed,1.0134285714285716,45,0,0,0,0,true,0,0,45,80,8,7,65,28,4,2,22,0.375,0,0,0,0,2.488888888888889,1.2011560989421708,0,0,0,
1168,0.5,simple-random-sample,7,3500,356,543,2601,0.3,0.3,0.3,random,0,0,Randomly placed,0.9888571428571428,45,0,0,0,0,true,0,0,45,73,9,10,54,17,2,1,14,0.375,0,0,0,0,1.511111111111111,1.720022531436876,0,0,0,
1170,0.5,simple-random-sample,7,3500,356,520,2624,0.3,0.3,0.3,random,0,0,Randomly placed,0.9517142857142857,45,0,0,0,0,true,0,0,45,75,12,8,55,23,2,3,18,0.375,0,0,0,0,2.0444444444444443,1.5395624770450893,0,0,0,
1147,0.5,simple-random-sample,7,3500,333,514,2653,0.3,0.3,0.3,random,0,0,Randomly placed,1.0945714285714285,45,0,0,0,0,true,0,0,45,83,7,10,66,30,2,4,24,0.375,0,0,0,0,2.6666666666666665,1.5337120744366353,0,0,0,
1181,0.5,simple-random-sample,7,3500,340,527,2633,0.3,0.3,0.3,random,0,0,Randomly placed,1.0557142857142856,45,0,0,0,0,true,0,0,45,81,8,15,58,23,1,5,17,0.375,0,0,0,0,2.0444444444444443,1.5395624770450893,0,0,0,
1182,0.5,simple-random-sample,7,3500,376,490,2634,0.3,0.3,0.3,random,0,0,Randomly placed,1.008857142857143,45,0,0,0,0,true,0,0,45,73,12,8,53,25,4,4,17,0.375,0,0,0,0,2.2222222222222223,1.3598128213437726,0,0,0,
1175,0.5,simple-random-sample,7,3500,376,514,2610,0.3,0.3,0.3,random,0,0,Randomly placed,1.0254285714285714,45,0,0,0,0,true,0,0,45,88,8,15,65,21,3,4,14,0.375,0,0,0,0,1.8666666666666667,1.2594724578112688,0,0,0,
1173,0.5,simple-random-sample,7,3500,351,527,2622,0.3,0.3,0.3,random,0,0,Randomly placed,1.0065714285714287,45,0,0,0,0,true,0,0,45,90,4,14,72,31,0,8,23,0.375,0,0,0,0,2.7555555555555555,1.2310429900090423,0,0,0,
1184,0.5,simple-random-sample,7,3500,339,505,2656,0.3,0.3,0.3,random,0,0,Randomly placed,0.9917142857142858,45,0,0,0,0,true,0,0,45,65,10,6,49,25,2,4,19,0.375,0,0,0,0,2.2222222222222223,1.2468141218904507,0,0,0,
1183,0.5,simple-random-sample,7,3500,349,488,2663,0.3,0.3,0.3,random,0,0,Randomly placed,0.9477142857142857,45,0,0,0,0,true,0,0,45,76,4,14,58,21,0,3,18,0.375,0,0,0,0,1.8666666666666667,1.4874240910769663,0,0,0,
1187,0.5,simple-random-sample,7,3500,347,536,2617,0.3,0.3,0.3,random,0,0,Randomly placed,1.0077142857142858,45,0,0,0,0,true,0,0,45,78,6,12,60,25,4,7,14,0.375,0,0,0,0,2.2222222222222223,1.3598128213437726,0,0,0,
1188,0.5,simple-random-sample,7,3500,335,510,2655,0.3,0.3,0.3,random,0,0,Randomly placed,0.9825714285714285,45,0,0,0,0,true,0,0,45,86,5,8,73,21,0,3,18,0.375,0,0,0,0,1.8666666666666667,1.339772638757096,0,0,0,
1171,0.5,simple-random-sample,7,3500,351,528,2621,0.3,0.3,0.3,random,0,0,Randomly placed,1.0454285714285714,45,0,0,0,0,true,0,0,45,73,8,12,53,26,3,7,16,0.375,0,0,0,0,2.311111111111111,1.250739426269931,0,0,0,
1157,0.5,simple-random-sample,7,3500,341,517,2642,0.3,0.3,0.3,random,0,0,Randomly placed,0.994,45,0,0,0,0,true,0,0,45,84,5,9,70,26,1,3,22,0.375,0,0,0,0,2.311111111111111,1.3040364363905264,0,0,0,
1186,0.5,simple-random-sample,7,3500,354,511,2635,0.3,0.3,0.3,random,0,0,Randomly placed,1.0505714285714285,45,0,0,0,0,true,0,0,45,91,8,16,67,29,3,5,21,0.375,0,0,0,0,2.577777777777778,1.2879206480677998,0,0,0,
1189,0.5,simple-random-sample,7,3500,339,510,2651,0.3,0.3,0.3,random,0,0,Randomly placed,1.0122857142857142,45,0,0,0,0,true,0,0,45,77,5,11,61,21,1,3,17,0.375,0,0,0,0,1.8666666666666667,1.4874240910769665,0,0,0,
1162,0.5,simple-random-sample,7,3500,358,530,2612,0.3,0.3,0.3,random,0,0,Randomly placed,0.9917142857142858,45,0,0,0,0,true,0,0,45,86,11,12,63,23,3,3,17,0.375,0,0,0,0,2.0444444444444443,1.3595056873879616,0,0,0,
1172,0.5,simple-random-sample,7,3500,342,508,2650,0.3,0.3,0.3,random,0,0,Randomly placed,0.9614285714285715,45,0,0,0,0,true,0,0,45,94,4,15,75,26,0,6,20,0.375,0,0,0,0,2.311111111111111,1.195067863101492,0,0,0,
1179,0.5,simple-random-sample,7,3500,329,540,2631,0.3,0.3,0.3,random,0,0,Randomly placed,1.006,45,0,0,0,0,true,0,0,45,83,10,14,59,24,3,4,17,0.375,0,0,0,0,2.1333333333333333,1.3014960796923463,0,0,0,
1195,0.5,simple-random-sample,7,3500,311,513,2676,0.3,0.3,0.3,random,0,0,Randomly placed,0.9945714285714286,45,0,0,0,0,true,0,0,45,91,7,12,72,25,2,3,20,0.375,0,0,0,0,2.2222222222222223,1.3598128213437726,0,0,0,
1190,0.5,simple-random-sample,7,3500,338,519,2643,0.3,0.3,0.3,random,0,0,Randomly placed,0.9717142857142856,45,0,0,0,0,true,0,0,45,60,6,8,46,14,1,0,13,0.375,0,0,0,0,1.2444444444444445,1.7899300884969964,0,0,0,
1194,0.5,simple-random-sample,7,3500,346,546,2608,0.3,0.3,0.3,random,0,0,Randomly placed,1.0094285714285713,45,0,0,0,0,true,0,0,45,83,11,14,58,19,3,1,15,0.375,0,0,0,0,1.6888888888888889,1.5554471268066654,0,0,0,
1199,0.5,simple-random-sample,7,3500,346,518,2636,0.3,0.3,0.3,random,0,0,Randomly placed,0.9968571428571428,45,0,0,0,0,true,0,0,45,77,12,12,53,26,4,5,17,0.375,0,0,0,0,2.311111111111111,1.3552390720615208,0,0,0,
1192,0.5,simple-random-sample,7,3500,333,523,2644,0.3,0.3,0.3,random,0,0,Randomly placed,0.9962857142857143,45,0,0,0,0,true,0,0,45,79,7,9,63,21,1,1,19,0.375,0,0,0,0,1.8666666666666667,1.2594724578112688,0,0,0,
1176,0.5,simple-random-sample,7,3500,314,529,2657,0.3,0.3,0.3,random,0,0,Randomly placed,0.9522857142857143,45,0,0,0,0,true,0,0,45,92,10,13,69,27,0,4,23,0.375,0,0,0,0,2.4,1.565086243468694,0,0,0,
1196,0.5,simple-random-sample,7,3500,335,538,2627,0.3,0.3,0.3,random,0,0,Randomly placed,1.0145714285714287,45,0,0,0,0,true,0,0,45,61,5,7,49,14,2,1,11,0.375,0,0,0,0,1.2444444444444445,1.9166296949998198,0,0,0,
1193,0.5,simple-random-sample,7,3500,343,525,2632,0.3,0.3,0.3,random,0,0,Randomly placed,0.9848571428571429,45,0,0,0,0,true,0,0,45,84,7,17,60,31,3,4,24,0.375,0,0,0,0,2.7555555555555555,1.1915057419977084,0,0,0,
1203,0.5,transect,0.01,5,0,3,2,1,1,1,random,0,0,Randomly placed,0.9975000000000234,0,9,5,0,0,true,0,0,45,0,0,0,0,0,0,0,0,0.375,0,0,0,0,0,NA,0,0,0,
1185,0.5,simple-random-sample,7,3500,354,501,2645,0.3,0.3,0.3,random,0,0,Randomly placed,1.0231428571428571,45,0,0,0,0,true,0,0,45,73,6,7,60,22,2,1,19,0.375,0,0,0,0,1.9555555555555555,1.4213014004510502,0,0,0,
1206,0.5,transect,0.01,5,0,2,3,1,1,1,random,0,0,Randomly placed,0.9975000000000567,0,9,5,0,0,true,0,0,45,0,0,0,0,0,0,0,0,0.375,0,0,0,0,0,NA,0,0,0,
1180,0.5,simple-random-sample,7,3500,353,494,2653,0.3,0.3,0.3,random,0,0,Randomly placed,1.0385714285714285,45,0,0,0,0,true,0,0,45,75,5,13,57,28,3,8,17,0.375,0,0,0,0,2.488888888888889,1.339772638757096,0,0,0,
1202,0.5,transect,0.01,5,0,1,4,1,1,1,random,0,0,Randomly placed,0.9975000000000039,0,9,5,0,0,true,0,0,45,0,0,0,0,0,0,0,0,0.375,0,0,0,0,0,NA,0,0,0,
1197,0.5,simple-random-sample,7,3500,303,566,2631,0.3,0.3,0.3,random,0,0,Randomly placed,0.97,45,0,0,0,0,true,0,0,45,77,5,15,57,34,2,4,28,0.375,0,0,0,0,3.022222222222222,1.168758142687957,0,0,0,
1191,0.5,simple-random-sample,7,3500,368,526,2606,0.3,0.3,0.3,random,0,0,Randomly placed,0.9385714285714286,45,0,0,0,0,true,0,0,45,78,7,15,56,22,1,5,16,0.375,0,0,0,0,1.9555555555555555,1.2805251082925686,0,0,0,
1201,0.5,transect,0.01,5,0,1,4,1,1,1,random,0,0,Randomly placed,0.9975000000000286,0,9,5,0,0,true,0,0,45,0,0,0,0,0,0,0,0,0.375,0,0,0,0,0,NA,0,0,0,
1209,0.5,transect,0.01,5,2,0,3,1,1,1,random,0,0,Randomly placed,0.9975000000000496,0,9,5,0,0,true,0,0,45,0,0,0,0,0,0,0,0,0.375,0,0,0,0,0,NA,0,0,0,
1200,0.5,simple-random-sample,7,3500,356,513,2631,0.3,0.3,0.3,random,0,0,Randomly placed,1.0185714285714285,45,0,0,0,0,true,0,0,45,83,7,12,64,25,2,6,17,0.375,0,0,0,0,2.2222222222222223,1.2468141218904503,0,0,0,
1210,0.5,transect,0.01,5,1,0,4,1,1,1,random,0,0,Randomly placed,0.9975000000000505,0,9,5,0,0,true,0,0,45,0,0,0,0,0,0,0,0,0.375,0,0,0,0,0,NA,0,0,0,
1214,0.5,transect,0.01,5,2,1,2,1,1,1,random,0,0,Randomly placed,0.9975000000000663,0,9,5,0,0,true,0,0,45,0,0,0,0,0,0,0,0,0.375,0,0,0,0,0,NA,0,0,0,
1208,0.5,transect,0.01,5,1,1,3,1,1,1,random,0,0,Randomly placed,0.9975000000000497,0,9,5,0,0,true,0,0,45,0,0,0,0,0,0,0,0,0.375,0,0,0,0,0,NA,0,0,0,
1207,0.5,transect,0.01,5,0,2,3,1,1,1,random,0,0,Randomly placed,0.9975000000000523,0,9,5,0,0,true,0,0,45,0,0,0,0,0,0,0,0,0.375,0,0,0,0,0,NA,0,0,0,
1213,0.5,transect,0.01,5,0,0,5,1,1,1,random,0,0,Randomly placed,0.9975000000000469,0,9,5,0,0,true,0,0,45,0,0,0,0,0,0,0,0,0.375,0,0,0,0,0,NA,0,0,0,
1212,0.5,transect,0.01,5,0,0,5,1,1,1,random,0,0,Randomly placed,0.9975000000000348,0,9,5,0,0,true,0,0,45,0,0,0,0,0,0,0,0,0.375,0,0,0,0,0,NA,0,0,0,
1205,0.5,transect,0.01,5,1,0,4,1,1,1,random,0,0,Randomly placed,0.997500000000031,0,9,5,0,0,true,0,0,45,0,0,0,0,0,0,0,0,0.375,0,0,0,0,0,NA,0,0,0,
1219,0.5,transect,0.01,5,3,0,2,1,1,1,random,0,0,Randomly placed,0.9975000000000683,0,9,5,0,0,true,0,0,45,0,0,0,0,0,0,0,0,0.375,0,0,0,0,0,NA,0,0,0,
1204,0.5,transect,0.01,5,1,1,3,1,1,1,random,0,0,Randomly placed,0.9975000000000454,0,9,5,0,0,true,0,0,45,0,0,0,0,0,0,0,0,0.375,0,0,0,0,0,NA,0,0,0,
1218,0.5,transect,0.01,5,1,1,3,1,1,1,random,0,0,Randomly placed,0.9975000000000641,0,9,5,0,0,true,0,0,45,0,0,0,0,0,0,0,0,0.375,0,0,0,0,0,NA,0,0,0,
1216,0.5,transect,0.01,5,1,1,3,1,1,1,random,0,0,Randomly placed,0.9975000000000595,0,9,5,0,0,true,0,0,45,0,0,0,0,0,0,0,0,0.375,0,0,0,0,0,NA,0,0,0,
1215,0.5,transect,0.01,5,1,1,3,1,1,1,random,0,0,Randomly placed,0.9975000000000414,0,9,5,0,0,true,0,0,45,0,0,0,0,0,0,0,0,0.375,0,0,0,0,0,NA,0,0,0,
1217,0.5,transect,0.01,5,0,1,4,1,1,1,random,0,0,Randomly placed,0.9975000000000305,0,9,5,0,0,true,0,0,45,0,0,0,0,0,0,0,0,0.375,0,0,0,0,0,NA,0,0,0,
1211,0.5,transect,0.01,5,0,1,4,1,1,1,random,0,0,Randomly placed,0.9975000000000287,0,9,5,0,0,true,0,0,45,0,0,0,0,0,0,0,0,0.375,0,0,0,0,0,NA,0,0,0,
1223,0.5,transect,0.01,5,0,1,4,1,1,1,random,0,0,Randomly placed,0.997500000000048,0,9,5,0,0,true,0,0,45,0,0,0,0,0,0,0,0,0.375,0,0,0,0,0,NA,0,0,0,
1221,0.5,transect,0.01,5,0,0,5,1,1,1,random,0,0,Randomly placed,0.997500000000029,0,9,5,0,0,true,0,0,45,0,0,0,0,0,0,0,0,0.375,0,0,0,0,0,NA,0,0,0,
1198,0.5,simple-random-sample,7,3500,331,533,2636,0.3,0.3,0.3,random,0,0,Randomly placed,0.9831428571428571,45,0,0,0,0,true,0,0,45,78,11,18,49,36,3,5,28,0.375,0,0,0,0,3.2,0.9828067413836206,0,0,0,
1226,0.5,transect,0.01,5,1,0,4,1,1,1,random,0,0,Randomly placed,0.9975000000000533,0,9,5,0,0,true,0,0,45,0,0,0,0,0,0,0,0,0.375,0,0,0,0,0,NA,0,0,0,
1222,0.5,transect,0.01,5,1,0,4,1,1,1,random,0,0,Randomly placed,0.9975000000000381,0,9,5,0,0,true,0,0,45,0,0,0,0,0,0,0,0,0.375,0,0,0,0,0,NA,0,0,0,
1225,0.5,transect,0.01,5,0,1,4,1,1,1,random,0,0,Randomly placed,0.9975000000000227,0,9,5,0,0,true,0,0,45,0,0,0,0,0,0,0,0,0.375,0,0,0,0,0,NA,0,0,0,
1224,0.5,transect,0.01,5,1,1,3,1,1,1,random,0,0,Randomly placed,0.9975000000000286,0,9,5,0,0,true,0,0,45,0,0,0,0,0,0,0,0,0.375,0,0,0,0,0,NA,0,0,0,
1220,0.5,transect,0.01,5,0,1,4,1,1,1,random,0,0,Randomly placed,0.99750000000002,0,9,5,0,0,true,0,0,45,0,0,0,0,0,0,0,0,0.375,0,0,0,0,0,NA,0,0,0,
1227,0.5,transect,0.01,5,2,1,2,1,1,1,random,0,0,Randomly placed,0.9975000000000426,0,9,5,0,0,true,0,0,45,0,0,0,0,0,0,0,0,0.375,0,0,0,0,0,NA,0,0,0,
1231,0.5,transect,0.01,5,0,1,4,1,1,1,random,0,0,Randomly placed,0.9975000000000303,0,9,5,0,0,true,0,0,45,0,0,0,0,0,0,0,0,0.375,0,0,0,0,0,NA,0,0,0,
1229,0.5,transect,0.01,5,1,0,4,1,1,1,random,0,0,Randomly placed,0.9975000000000404,0,9,5,0,0,true,0,0,45,0,0,0,0,0,0,0,0,0.375,0,0,0,0,0,NA,0,0,0,
1230,0.5,transect,0.01,5,0,0,5,1,1,1,random,0,0,Randomly placed,0.9975000000000437,0,9,5,0,0,true,0,0,45,0,0,0,0,0,0,0,0,0.375,0,0,0,0,0,NA,0,0,0,
1236,0.5,transect,0.01,5,1,1,3,1,1,1,random,0,0,Randomly placed,0.9975000000000466,0,9,5,0,0,true,0,0,45,0,0,0,0,0,0,0,0,0.375,0,0,0,0,0,NA,0,0,0,
1232,0.5,transect,0.01,5,0,2,3,1,1,1,random,0,0,Randomly placed,0.9975000000000626,0,9,5,0,0,true,0,0,45,0,0,0,0,0,0,0,0,0.375,0,0,0,0,0,NA,0,0,0,
1235,0.5,transect,0.01,5,0,0,5,1,1,1,random,0,0,Randomly placed,0.9975000000000663,0,9,5,0,0,true,0,0,45,0,0,0,0,0,0,0,0,0.375,0,0,0,0,0,NA,0,0,0,
1233,0.5,transect,0.01,5,0,0,5,1,1,1,random,0,0,Randomly placed,0.9975000000000172,0,9,5,0,0,true,0,0,45,1,0,0,1,1,0,0,1,0.375,0,0,0,0,0.08888888888888889,6.70820393249937,0,0,0,
1234,0.5,transect,0.01,5,0,0,5,1,1,1,random,0,0,Randomly placed,0.9975000000000573,0,9,5,0,0,true,0,0,45,0,0,0,0,0,0,0,0,0.375,0,0,0,0,0,NA,0,0,0,
1228,0.5,transect,0.01,5,1,2,2,1,1,1,random,0,0,Randomly placed,0.9975000000000485,0,9,5,0,0,true,0,0,45,0,0,0,0,0,0,0,0,0.375,0,0,0,0,0,NA,0,0,0,
1237,0.5,transect,0.01,5,0,1,4,1,1,1,random,0,0,Randomly placed,0.9975000000000395,0,9,5,0,0,true,0,0,45,0,0,0,0,0,0,0,0,0.375,0,0,0,0,0,NA,0,0,0,
1240,0.5,transect,0.01,5,0,2,3,1,1,1,random,0,0,Randomly placed,0.9975000000000188,0,9,5,0,0,true,0,0,45,0,0,0,0,0,0,0,0,0.375,0,0,0,0,0,NA,0,0,0,
1238,0.5,transect,0.01,5,2,1,2,1,1,1,random,0,0,Randomly placed,0.9975000000000379,0,9,5,0,0,true,0,0,45,0,0,0,0,0,0,0,0,0.375,0,0,0,0,0,NA,0,0,0,
1241,0.5,transect,0.01,5,0,0,5,1,1,1,random,0,0,Randomly placed,0.9975000000000286,0,9,5,0,0,true,0,0,45,0,0,0,0,0,0,0,0,0.375,0,0,0,0,0,NA,0,0,0,
1243,0.5,transect,0.01,5,0,1,4,1,1,1,random,0,0,Randomly placed,0.9975000000000419,0,9,5,0,0,true,0,0,45,0,0,0,0,0,0,0,0,0.375,0,0,0,0,0,NA,0,0,0,
1242,0.5,transect,0.01,5,1,0,4,1,1,1,random,0,0,Randomly placed,0.9975000000000179,0,9,5,0,0,true,0,0,45,0,0,0,0,0,0,0,0,0.375,0,0,0,0,0,NA,0,0,0,
1239,0.5,transect,0.01,5,0,0,5,1,1,1,random,0,0,Randomly placed,0.9975000000000255,0,9,5,0,0,true,0,0,45,0,0,0,0,0,0,0,0,0.375,0,0,0,0,0,NA,0,0,0,
1247,0.5,transect,0.01,5,0,0,5,1,1,1,random,0,0,Randomly placed,0.9975000000000234,0,9,5,0,0,true,0,0,45,0,0,0,0,0,0,0,0,0.375,0,0,0,0,0,NA,0,0,0,
1250,0.5,transect,0.01,5,0,0,5,1,1,1,random,0,0,Randomly placed,0.9975000000000306,0,9,5,0,0,true,0,0,45,0,0,0,0,0,0,0,0,0.375,0,0,0,0,0,NA,0,0,0,
1245,0.5,transect,0.01,5,2,0,3,1,1,1,random,0,0,Randomly placed,0.9975000000000234,0,9,5,0,0,true,0,0,45,0,0,0,0,0,0,0,0,0.375,0,0,0,0,0,NA,0,0,0,
1248,0.5,transect,0.01,5,0,1,4,1,1,1,random,0,0,Randomly placed,0.9975000000000199,0,9,5,0,0,true,0,0,45,0,0,0,0,0,0,0,0,0.375,0,0,0,0,0,NA,0,0,0,
1244,0.5,transect,0.01,5,2,0,3,1,1,1,random,0,0,Randomly placed,0.9975000000000435,0,9,5,0,0,true,0,0,45,0,0,0,0,0,0,0,0,0.375,0,0,0,0,0,NA,0,0,0,
1252,0.5,transect,0.01,5,0,1,4,1,1,1,random,0,0,Randomly placed,0.9975000000000462,0,9,5,0,0,true,0,0,45,0,0,0,0,0,0,0,0,0.375,0,0,0,0,0,NA,0,0,0,
1256,0.5,transect,0.01,5,0,1,4,1,1,1,random,0,0,Randomly placed,0.9975000000000449,0,9,5,0,0,true,0,0,45,0,0,0,0,0,0,0,0,0.375,0,0,0,0,0,NA,0,0,0,
1251,0.5,transect,0.01,5,1,1,3,1,1,1,random,0,0,Randomly placed,0.9975000000000394,0,9,5,0,0,true,0,0,45,0,0,0,0,0,0,0,0,0.375,0,0,0,0,0,NA,0,0,0,
1246,0.5,transect,0.01,5,0,1,4,1,1,1,random,0,0,Randomly placed,0.9975000000000255,0,9,5,0,0,true,0,0,45,0,0,0,0,0,0,0,0,0.375,0,0,0,0,0,NA,0,0,0,
1254,0.5,transect,0.01,5,0,1,4,1,1,1,random,0,0,Randomly placed,0.997500000000045,0,9,5,0,0,true,0,0,45,1,0,0,1,1,0,0,1,0.375,0,0,0,0,0.08888888888888889,6.708203932499371,0,0,0,
1253,0.5,transect,0.01,5,1,0,4,1,1,1,random,0,0,Randomly placed,0.9975000000000357,0,9,5,0,0,true,0,0,45,1,1,0,0,1,1,0,0,0.375,0,0,0,0,0.08888888888888889,6.708203932499369,0,0,0,
1255,0.5,transect,0.01,5,2,1,2,1,1,1,random,0,0,Randomly placed,0.997500000000019,0,9,5,0,0,true,0,0,45,1,0,0,1,1,0,0,1,0.375,0,0,0,0,0.08888888888888889,6.708203932499369,0,0,0,
1249,0.5,transect,0.01,5,0,1,4,1,1,1,random,0,0,Randomly placed,0.997500000000015,0,9,5,0,0,true,0,0,45,0,0,0,0,0,0,0,0,0.375,0,0,0,0,0,NA,0,0,0,
1257,0.5,transect,0.01,5,0,3,2,1,1,1,random,0,0,Randomly placed,0.997500000000053,0,9,5,0,0,true,0,0,45,0,0,0,0,0,0,0,0,0.375,0,0,0,0,0,NA,0,0,0,
1258,0.5,transect,0.01,5,0,1,4,1,1,1,random,0,0,Randomly placed,0.9975000000000676,0,9,5,0,0,true,0,0,45,0,0,0,0,0,0,0,0,0.375,0,0,0,0,0,NA,0,0,0,
1259,0.5,transect,0.01,5,0,0,5,1,1,1,random,0,0,Randomly placed,0.9975000000000549,0,9,5,0,0,true,0,0,45,0,0,0,0,0,0,0,0,0.375,0,0,0,0,0,NA,0,0,0,
1260,0.5,transect,0.01,5,1,2,2,1,1,1,random,0,0,Randomly placed,0.9975000000000317,0,9,5,0,0,true,0,0,45,1,0,0,1,1,0,0,1,0.375,0,0,0,0,0.08888888888888889,6.708203932499369,0,0,0,
1261,0.5,transect,0.01,5,1,1,3,1,1,1,random,0,0,Randomly placed,0.9975000000000465,0,9,5,0,0,true,0,0,45,0,0,0,0,0,0,0,0,0.375,0,0,0,0,0,NA,0,0,0,
1262,0.5,transect,0.01,5,0,2,3,1,1,1,random,0,0,Randomly placed,0.9975000000000412,0,9,5,0,0,true,0,0,45,0,0,0,0,0,0,0,0,0.375,0,0,0,0,0,NA,0,0,0,
1266,0.5,transect,0.01,5,0,2,3,1,1,1,random,0,0,Randomly placed,1.3975000000000486,0,9,5,0,0,true,0,0,45,0,0,0,0,0,0,0,0,0.375,0,0,0,0,0,NA,0,0,0,
1264,0.5,transect,0.01,5,0,2,3,1,1,1,random,0,0,Randomly placed,0.9975000000000126,0,9,5,0,0,true,0,0,45,0,0,0,0,0,0,0,0,0.375,0,0,0,0,0,NA,0,0,0,
1271,0.5,transect,0.01,5,0,1,4,1,1,1,random,0,0,Randomly placed,0.9975000000000341,0,9,5,0,0,true,0,0,45,0,0,0,0,0,0,0,0,0.375,0,0,0,0,0,NA,0,0,0,
1265,0.5,transect,0.01,5,1,1,3,1,1,1,random,0,0,Randomly placed,0.9975000000000169,0,9,5,0,0,true,0,0,45,0,0,0,0,0,0,0,0,0.375,0,0,0,0,0,NA,0,0,0,
1267,0.5,transect,0.01,5,0,0,5,1,1,1,random,0,0,Randomly placed,0.9975000000000389,0,9,5,0,0,true,0,0,45,0,0,0,0,0,0,0,0,0.375,0,0,0,0,0,NA,0,0,0,
1273,0.5,transect,0.01,5,1,1,3,1,1,1,random,0,0,Randomly placed,0.9975000000000556,0,9,5,0,0,true,0,0,45,0,0,0,0,0,0,0,0,0.375,0,0,0,0,0,NA,0,0,0,
1268,0.5,transect,0.01,5,0,0,5,1,1,1,random,0,0,Randomly placed,0.9975000000000626,0,9,5,0,0,true,0,0,45,0,0,0,0,0,0,0,0,0.375,0,0,0,0,0,NA,0,0,0,
1275,0.5,transect,0.01,5,1,0,4,1,1,1,random,0,0,Randomly placed,0.9975000000000601,0,9,5,0,0,true,0,0,45,0,0,0,0,0,0,0,0,0.375,0,0,0,0,0,NA,0,0,0,
1277,0.5,transect,0.01,5,1,0,4,1,1,1,random,0,0,Randomly placed,0.9975000000000459,0,9,5,0,0,true,0,0,45,0,0,0,0,0,0,0,0,0.375,0,0,0,0,0,NA,0,0,0,
1276,0.5,transect,0.01,5,0,0,5,1,1,1,random,0,0,Randomly placed,0.9975000000000382,0,9,5,0,0,true,0,0,45,0,0,0,0,0,0,0,0,0.375,0,0,0,0,0,NA,0,0,0,
1269,0.5,transect,0.01,5,1,0,4,1,1,1,random,0,0,Randomly placed,0.997500000000054,0,9,5,0,0,true,0,0,45,0,0,0,0,0,0,0,0,0.375,0,0,0,0,0,NA,0,0,0,
1278,0.5,transect,0.01,5,1,0,4,1,1,1,random,0,0,Randomly placed,0.9975000000000556,0,9,5,0,0,true,0,0,45,0,0,0,0,0,0,0,0,0.375,0,0,0,0,0,NA,0,0,0,
1272,0.5,transect,0.01,5,1,0,4,1,1,1,random,0,0,Randomly placed,0.9975000000000588,0,9,5,0,0,true,0,0,45,0,0,0,0,0,0,0,0,0.375,0,0,0,0,0,NA,0,0,0,
1274,0.5,transect,0.01,5,0,1,4,1,1,1,random,0,0,Randomly placed,0.997500000000031,0,9,5,0,0,true,0,0,45,0,0,0,0,0,0,0,0,0.375,0,0,0,0,0,NA,0,0,0,
1263,0.5,transect,0.01,5,0,1,4,1,1,1,random,0,0,Randomly placed,0.9975000000000381,0,9,5,0,0,true,0,0,45,0,0,0,0,0,0,0,0,0.375,0,0,0,0,0,NA,0,0,0,
1280,0.5,transect,0.01,5,0,0,5,1,1,1,random,0,0,Randomly placed,0.9975000000000537,0,9,5,0,0,true,0,0,45,1,0,0,1,1,0,0,1,0.375,0,0,0,0,0.08888888888888889,6.708203932499369,0,0,0,
1281,0.5,transect,0.01,5,1,2,2,1,1,1,random,0,0,Randomly placed,0.9975000000000207,0,9,5,0,0,true,0,0,45,0,0,0,0,0,0,0,0,0.375,0,0,0,0,0,NA,0,0,0,
1283,0.5,transect,0.01,5,1,0,4,1,1,1,random,0,0,Randomly placed,0.997500000000062,0,9,5,0,0,true,0,0,45,0,0,0,0,0,0,0,0,0.375,0,0,0,0,0,NA,0,0,0,
1282,0.5,transect,0.01,5,0,1,4,1,1,1,random,0,0,Randomly placed,0.9975000000000506,0,9,5,0,0,true,0,0,45,0,0,0,0,0,0,0,0,0.375,0,0,0,0,0,NA,0,0,0,
1287,0.5,transect,0.01,5,0,0,5,1,1,1,random,0,0,Randomly placed,0.99750000000005,0,9,5,0,0,true,0,0,45,0,0,0,0,0,0,0,0,0.375,0,0,0,0,0,NA,0,0,0,
1288,0.5,transect,0.01,5,2,0,3,1,1,1,random,0,0,Randomly placed,0.9975000000000468,0,9,5,0,0,true,0,0,45,0,0,0,0,0,0,0,0,0.375,0,0,0,0,0,NA,0,0,0,
1286,0.5,transect,0.01,5,0,2,3,1,1,1,random,0,0,Randomly placed,0.9975000000000129,0,9,5,0,0,true,0,0,45,0,0,0,0,0,0,0,0,0.375,0,0,0,0,0,NA,0,0,0,
1285,0.5,transect,0.01,5,0,1,4,1,1,1,random,0,0,Randomly placed,0.997500000000036,0,9,5,0,0,true,0,0,45,1,0,0,1,1,0,0,1,0.375,0,0,0,0,0.08888888888888889,6.708203932499369,0,0,0,
1284,0.5,transect,0.01,5,0,0,5,1,1,1,random,0,0,Randomly placed,0.9975000000000653,0,9,5,0,0,true,0,0,45,1,0,0,1,1,0,0,1,0.375,0,0,0,0,0.08888888888888889,6.70820393249937,0,0,0,
1290,0.5,transect,0.01,5,1,2,2,1,1,1,random,0,0,Randomly placed,0.9975000000000231,0,9,5,0,0,true,0,0,45,0,0,0,0,0,0,0,0,0.375,0,0,0,0,0,NA,0,0,0,
1279,0.5,transect,0.01,5,1,0,4,1,1,1,random,0,0,Randomly placed,0.9975000000000591,0,9,5,0,0,true,0,0,45,1,0,0,1,1,0,0,1,0.375,0,0,0,0,0.08888888888888889,6.70820393249937,0,0,0,
1291,0.5,transect,0.01,5,0,1,4,1,1,1,random,0,0,Randomly placed,0.9975000000000126,0,9,5,0,0,true,0,0,45,0,0,0,0,0,0,0,0,0.375,0,0,0,0,0,NA,0,0,0,
1294,0.5,transect,0.01,5,0,1,4,1,1,1,random,0,0,Randomly placed,0.9975000000000511,0,9,5,0,0,true,0,0,45,0,0,0,0,0,0,0,0,0.375,0,0,0,0,0,NA,0,0,0,
1293,0.5,transect,0.01,5,0,0,5,1,1,1,random,0,0,Randomly placed,0.9975000000000133,0,9,5,0,0,true,0,0,45,0,0,0,0,0,0,0,0,0.375,0,0,0,0,0,NA,0,0,0,
1298,0.5,transect,0.01,5,0,2,3,1,1,1,random,0,0,Randomly placed,0.9975000000000346,0,9,5,0,0,true,0,0,45,0,0,0,0,0,0,0,0,0.375,0,0,0,0,0,NA,0,0,0,
1297,0.5,transect,0.01,5,0,0,5,1,1,1,random,0,0,Randomly placed,0.9975000000000369,0,9,5,0,0,true,0,0,45,0,0,0,0,0,0,0,0,0.375,0,0,0,0,0,NA,0,0,0,
1299,0.5,transect,0.01,5,0,1,4,1,1,1,random,0,0,Randomly placed,0.9975000000000346,0,9,5,0,0,true,0,0,45,0,0,0,0,0,0,0,0,0.375,0,0,0,0,0,NA,0,0,0,
1295,0.5,transect,0.01,5,0,0,5,1,1,1,random,0,0,Randomly placed,0.9975000000000366,0,9,5,0,0,true,0,0,45,0,0,0,0,0,0,0,0,0.375,0,0,0,0,0,NA,0,0,0,
1300,0.5,transect,0.01,5,1,1,3,1,1,1,random,0,0,Randomly placed,0.9975000000000406,0,9,5,0,0,true,0,0,45,0,0,0,0,0,0,0,0,0.375,0,0,0,0,0,NA,0,0,0,
1292,0.5,transect,0.01,5,1,1,3,1,1,1,random,0,0,Randomly placed,0.997500000000037,0,9,5,0,0,true,0,0,45,0,0,0,0,0,0,0,0,0.375,0,0,0,0,0,NA,0,0,0,
1289,0.5,transect,0.01,5,0,0,5,1,1,1,random,0,0,Randomly placed,0.9975000000000364,0,9,5,0,0,true,0,0,45,0,0,0,0,0,0,0,0,0.375,0,0,0,0,0,NA,0,0,0,
1270,0.5,transect,0.01,5,2,1,2,1,1,1,random,0,0,Randomly placed,0.9975000000000216,0,9,5,0,0,true,0,0,45,0,0,0,0,0,0,0,0,0.375,0,0,0,0,0,NA,0,0,0,
1301,0.5,transect,0.1,50,10,2,38,1,1,1,random,0,0,Randomly placed,0.9749999999999831,0,9,5,0,0,true,0,0,45,0,0,0,0,0,0,0,0,0.375,0,0,0,0,0,NA,0,0,0,
1302,0.5,transect,0.1,50,4,12,34,1,1,1,random,0,0,Randomly placed,1.0149999999999808,0,9,5,0,0,true,0,0,45,0,0,0,0,0,0,0,0,0.375,0,0,0,0,0,NA,0,0,0,
1296,0.5,transect,0.01,5,1,0,4,1,1,1,random,0,0,Randomly placed,0.9975000000000567,0,9,5,0,0,true,0,0,45,0,0,0,0,0,0,0,0,0.375,0,0,0,0,0,NA,0,0,0,
1304,0.5,transect,0.1,50,4,4,42,1,1,1,random,0,0,Randomly placed,1.0149999999999861,0,9,5,0,0,true,0,0,45,3,1,0,2,3,1,0,2,0.375,0,0,0,0,0.26666666666666666,3.7839373433213477,0,0,0,
1307,0.5,transect,0.1,50,7,5,38,1,1,1,random,0,0,Randomly placed,0.9749999999999839,0,9,5,0,0,true,0,0,45,1,0,0,1,1,0,0,1,0.375,0,0,0,0,0.08888888888888889,6.708203932499371,0,0,0,
1303,0.5,transect,0.1,50,6,10,34,1,1,1,random,0,0,Randomly placed,0.974999999999982,0,9,5,0,0,true,0,0,45,3,0,1,2,3,0,1,2,0.375,0,0,0,0,0.26666666666666666,3.783937343321346,0,0,0,
1305,0.5,transect,0.1,50,6,7,37,1,1,1,random,0,0,Randomly placed,1.014999999999983,0,9,5,0,0,true,0,0,45,0,0,0,0,0,0,0,0,0.375,0,0,0,0,0,NA,0,0,0,
1309,0.5,transect,0.1,50,4,8,38,1,1,1,random,0,0,Randomly placed,1.0149999999999832,0,9,5,0,0,true,0,0,45,1,0,0,1,1,0,0,1,0.375,0,0,0,0,0.08888888888888889,6.70820393249937,0,0,0,
1310,0.5,transect,0.1,50,6,9,35,1,1,1,random,0,0,Randomly placed,0.9749999999999829,0,9,5,0,0,true,0,0,45,0,0,0,0,0,0,0,0,0.375,0,0,0,0,0,NA,0,0,0,
1306,0.5,transect,0.1,50,2,8,40,1,1,1,random,0,0,Randomly placed,0.9749999999999837,0,9,5,0,0,true,0,0,45,0,0,0,0,0,0,0,0,0.375,0,0,0,0,0,NA,0,0,0,
1312,0.5,transect,0.1,50,6,6,38,1,1,1,random,0,0,Randomly placed,0.974999999999985,0,9,5,0,0,true,0,0,45,0,0,0,0,0,0,0,0,0.375,0,0,0,0,0,NA,0,0,0,
1311,0.5,transect,0.1,50,8,8,34,1,1,1,random,0,0,Randomly placed,1.0149999999999813,0,9,5,0,0,true,0,0,45,1,0,0,1,1,0,0,1,0.375,0,0,0,0,0.08888888888888889,6.708203932499369,0,0,0,
1308,0.5,transect,0.1,50,5,4,41,1,1,1,random,0,0,Randomly placed,0.9749999999999831,0,9,5,0,0,true,0,0,45,2,0,0,2,2,0,0,2,0.375,0,0,0,0,0.17777777777777778,4.689204235649837,0,0,0,
1314,0.5,transect,0.1,50,3,12,35,1,1,1,random,0,0,Randomly placed,0.9749999999999818,0,9,5,0,0,true,0,0,45,1,0,0,1,1,0,0,1,0.375,0,0,0,0,0.08888888888888889,6.708203932499369,0,0,0,
1313,0.5,transect,0.1,50,3,7,40,1,1,1,random,0,0,Randomly placed,1.0149999999999835,0,9,5,0,0,true,0,0,45,2,0,0,2,2,0,0,2,0.375,0,0,0,0,0.17777777777777778,4.689204235649838,0,0,0,
1315,0.5,transect,0.1,50,4,11,35,1,1,1,random,0,0,Randomly placed,1.0149999999999852,0,9,5,0,0,true,0,0,45,0,0,0,0,0,0,0,0,0.375,0,0,0,0,0,NA,0,0,0,
1318,0.5,transect,0.1,50,8,9,33,1,1,1,random,0,0,Randomly placed,1.054999999999981,0,9,5,0,0,true,0,0,45,1,0,1,0,1,0,1,0,0.375,0,0,0,0,0.08888888888888889,6.708203932499369,0,0,0,
1317,0.5,transect,0.1,50,4,10,36,1,1,1,random,0,0,Randomly placed,1.0549999999999855,0,9,5,0,0,true,0,0,45,0,0,0,0,0,0,0,0,0.375,0,0,0,0,0,NA,0,0,0,
1320,0.5,transect,0.1,50,4,7,39,1,1,1,random,0,0,Randomly placed,0.9749999999999831,0,9,5,0,0,true,0,0,45,2,0,1,1,2,0,1,1,0.375,0,0,0,0,0.17777777777777778,4.689204235649835,0,0,0,
1321,0.5,transect,0.1,50,3,12,35,1,1,1,random,0,0,Randomly placed,1.0549999999999833,0,9,5,0,0,true,0,0,45,3,0,0,3,3,0,0,3,0.375,0,0,0,0,0.26666666666666666,3.7839373433213477,0,0,0,
1316,0.5,transect,0.1,50,5,5,40,1,1,1,random,0,0,Randomly placed,0.974999999999986,0,9,5,0,0,true,0,0,45,2,0,0,2,2,0,0,2,0.375,0,0,0,0,0.17777777777777778,4.689204235649836,0,0,0,
1319,0.5,transect,0.1,50,6,8,36,1,1,1,random,0,0,Randomly placed,1.0149999999999837,0,9,5,0,0,true,0,0,45,2,0,0,2,2,0,0,2,0.375,0,0,0,0,0.17777777777777778,4.689204235649837,0,0,0,
1322,0.5,transect,0.1,50,5,10,35,1,1,1,random,0,0,Randomly placed,1.0149999999999817,0,9,5,0,0,true,0,0,45,2,0,0,2,2,0,0,2,0.375,0,0,0,0,0.17777777777777778,4.689204235649835,0,0,0,
1325,0.5,transect,0.1,50,7,7,36,1,1,1,random,0,0,Randomly placed,0.9749999999999827,0,9,5,0,0,true,0,0,45,0,0,0,0,0,0,0,0,0.375,0,0,0,0,0,NA,0,0,0,
1326,0.5,transect,0.1,50,3,8,39,1,1,1,random,0,0,Randomly placed,1.0149999999999824,0,9,5,0,0,true,0,0,45,2,0,1,1,2,0,1,1,0.375,0,0,0,0,0.17777777777777778,4.689204235649835,0,0,0,
1324,0.5,transect,0.1,50,5,9,36,1,1,1,random,0,0,Randomly placed,1.0149999999999835,0,9,5,0,0,true,0,0,45,0,0,0,0,0,0,0,0,0.375,0,0,0,0,0,NA,0,0,0,
1327,0.5,transect,0.1,50,6,5,39,1,1,1,random,0,0,Randomly placed,0.9749999999999815,0,9,5,0,0,true,0,0,45,0,0,0,0,0,0,0,0,0.375,0,0,0,0,0,NA,0,0,0,
1328,0.5,transect,0.1,50,4,11,35,1,1,1,random,0,0,Randomly placed,1.0149999999999835,0,9,5,0,0,true,0,0,45,1,0,0,1,1,0,0,1,0.375,0,0,0,0,0.08888888888888889,6.70820393249937,0,0,0,
1330,0.5,transect,0.1,50,4,3,43,1,1,1,random,0,0,Randomly placed,1.0149999999999817,0,9,5,0,0,true,0,0,45,0,0,0,0,0,0,0,0,0.375,0,0,0,0,0,NA,0,0,0,
1331,0.5,transect,0.1,50,8,9,33,1,1,1,random,0,0,Randomly placed,1.01499999999998,0,9,5,0,0,true,0,0,45,1,0,0,1,1,0,0,1,0.375,0,0,0,0,0.08888888888888889,6.708203932499369,0,0,0,
1329,0.5,transect,0.1,50,7,11,32,1,1,1,random,0,0,Randomly placed,0.974999999999982,0,9,5,0,0,true,0,0,45,0,0,0,0,0,0,0,0,0.375,0,0,0,0,0,NA,0,0,0,
1333,0.5,transect,0.1,50,5,10,35,1,1,1,random,0,0,Randomly placed,0.9749999999999823,0,9,5,0,0,true,0,0,45,3,1,0,2,3,1,0,2,0.375,0,0,0,0,0.26666666666666666,3.7839373433213477,0,0,0,
1332,0.5,transect,0.1,50,2,12,36,1,1,1,random,0,0,Randomly placed,1.0149999999999815,0,9,5,0,0,true,0,0,45,0,0,0,0,0,0,0,0,0.375,0,0,0,0,0,NA,0,0,0,
1335,0.5,transect,0.1,50,4,7,39,1,1,1,random,0,0,Randomly placed,0.9749999999999832,0,9,5,0,0,true,0,0,45,1,0,0,1,1,0,0,1,0.375,0,0,0,0,0.08888888888888889,6.70820393249937,0,0,0,
1337,0.5,transect,0.1,50,8,7,35,1,1,1,random,0,0,Randomly placed,1.0549999999999822,0,9,5,0,0,true,0,0,45,2,0,1,1,2,0,1,1,0.375,0,0,0,0,0.17777777777777778,4.689204235649838,0,0,0,
1339,0.5,transect,0.1,50,5,6,39,1,1,1,random,0,0,Randomly placed,1.0149999999999855,0,9,5,0,0,true,0,0,45,0,0,0,0,0,0,0,0,0.375,0,0,0,0,0,NA,0,0,0,
1336,0.5,transect,0.1,50,4,9,37,1,1,1,random,0,0,Randomly placed,0.9749999999999849,0,9,5,0,0,true,0,0,45,3,2,0,1,3,2,0,1,0.375,0,0,0,0,0.26666666666666666,3.783937343321346,0,0,0,
1338,0.5,transect,0.1,50,3,6,41,1,1,1,random,0,0,Randomly placed,0.9749999999999803,0,9,5,0,0,true,0,0,45,3,0,1,2,3,0,1,2,0.375,0,0,0,0,0.26666666666666666,3.783937343321347,0,0,0,
1341,0.5,transect,0.1,50,1,6,43,1,1,1,random,0,0,Randomly placed,0.9749999999999827,0,9,5,0,0,true,0,0,45,1,0,0,1,1,0,0,1,0.375,0,0,0,0,0.08888888888888889,6.70820393249937,0,0,0,
1342,0.5,transect,0.1,50,5,7,38,1,1,1,random,0,0,Randomly placed,1.0549999999999808,0,9,5,0,0,true,0,0,45,0,0,0,0,0,0,0,0,0.375,0,0,0,0,0,NA,0,0,0,
1334,0.5,transect,0.1,50,7,9,34,1,1,1,random,0,0,Randomly placed,0.9749999999999842,0,9,5,0,0,true,0,0,45,0,0,0,0,0,0,0,0,0.375,0,0,0,0,0,NA,0,0,0,
1343,0.5,transect,0.1,50,4,4,42,1,1,1,random,0,0,Randomly placed,1.0549999999999835,0,9,5,0,0,true,0,0,45,1,1,0,0,1,1,0,0,0.375,0,0,0,0,0.08888888888888889,6.708203932499369,0,0,0,
1340,0.5,transect,0.1,50,8,9,33,1,1,1,random,0,0,Randomly placed,0.9749999999999815,0,9,5,0,0,true,0,0,45,0,0,0,0,0,0,0,0,0.375,0,0,0,0,0,NA,0,0,0,
1323,0.5,transect,0.1,50,8,8,34,1,1,1,random,0,0,Randomly placed,0.9749999999999833,0,9,5,0,0,true,0,0,45,0,0,0,0,0,0,0,0,0.375,0,0,0,0,0,NA,0,0,0,
1344,0.5,transect,0.1,50,2,6,42,1,1,1,random,0,0,Randomly placed,1.0549999999999826,0,9,5,0,0,true,0,0,45,0,0,0,0,0,0,0,0,0.375,0,0,0,0,0,NA,0,0,0,
1345,0.5,transect,0.1,50,5,6,39,1,1,1,random,0,0,Randomly placed,0.9749999999999848,0,9,5,0,0,true,0,0,45,2,0,0,2,2,0,0,2,0.375,0,0,0,0,0.17777777777777778,4.689204235649837,0,0,0,
1346,0.5,transect,0.1,50,7,7,36,1,1,1,random,0,0,Randomly placed,0.9749999999999843,0,9,5,0,0,true,0,0,45,0,0,0,0,0,0,0,0,0.375,0,0,0,0,0,NA,0,0,0,
1347,0.5,transect,0.1,50,5,9,36,1,1,1,random,0,0,Randomly placed,0.9749999999999832,0,9,5,0,0,true,0,0,45,1,0,0,1,1,0,0,1,0.375,0,0,0,0,0.08888888888888889,6.70820393249937,0,0,0,
1353,0.5,transect,0.1,50,1,9,40,1,1,1,random,0,0,Randomly placed,0.9749999999999872,0,9,5,0,0,true,0,0,45,2,0,0,2,2,0,0,2,0.375,0,0,0,0,0.17777777777777778,4.689204235649837,0,0,0,
1352,0.5,transect,0.1,50,8,7,35,1,1,1,random,0,0,Randomly placed,0.9749999999999823,0,9,5,0,0,true,0,0,45,1,0,0,1,1,0,0,1,0.375,0,0,0,0,0.08888888888888889,6.708203932499369,0,0,0,
1349,0.5,transect,0.1,50,6,10,34,1,1,1,random,0,0,Randomly placed,1.0149999999999826,0,9,5,0,0,true,0,0,45,2,0,0,2,2,0,0,2,0.375,0,0,0,0,0.17777777777777778,4.6892042356498385,0,0,0,
1356,0.5,transect,0.1,50,5,6,39,1,1,1,random,0,0,Randomly placed,1.0149999999999817,0,9,5,0,0,true,0,0,45,2,0,0,2,2,0,0,2,0.375,0,0,0,0,0.17777777777777778,4.689204235649838,0,0,0,
1350,0.5,transect,0.1,50,5,11,34,1,1,1,random,0,0,Randomly placed,1.1349999999999822,0,9,5,0,0,true,0,0,45,1,0,0,1,1,0,0,1,0.375,0,0,0,0,0.08888888888888889,6.708203932499371,0,0,0,
1348,0.5,transect,0.1,50,2,8,40,1,1,1,random,0,0,Randomly placed,1.0149999999999868,0,9,5,0,0,true,0,0,45,0,0,0,0,0,0,0,0,0.375,0,0,0,0,0,NA,0,0,0,
1360,0.5,transect,0.1,50,2,7,41,1,1,1,random,0,0,Randomly placed,1.0149999999999826,0,9,5,0,0,true,0,0,45,3,0,0,3,3,0,0,3,0.375,0,0,0,0,0.26666666666666666,3.7839373433213477,0,0,0,
1351,0.5,transect,0.1,50,3,9,38,1,1,1,random,0,0,Randomly placed,0.9749999999999857,0,9,5,0,0,true,0,0,45,2,0,0,2,2,0,0,2,0.375,0,0,0,0,0.17777777777777778,4.689204235649838,0,0,0,
1355,0.5,transect,0.1,50,6,5,39,1,1,1,random,0,0,Randomly placed,1.0149999999999824,0,9,5,0,0,true,0,0,45,2,0,0,2,2,0,0,2,0.375,0,0,0,0,0.17777777777777778,4.689204235649835,0,0,0,
1354,0.5,transect,0.1,50,10,6,34,1,1,1,random,0,0,Randomly placed,1.0149999999999824,0,9,5,0,0,true,0,0,45,1,0,0,1,1,0,0,1,0.375,0,0,0,0,0.08888888888888889,6.70820393249937,0,0,0,
1362,0.5,transect,0.1,50,7,6,37,1,1,1,random,0,0,Randomly placed,0.9749999999999818,0,9,5,0,0,true,0,0,45,2,1,0,1,2,1,0,1,0.375,0,0,0,0,0.17777777777777778,4.689204235649837,0,0,0,
1363,0.5,transect,0.1,50,3,6,41,1,1,1,random,0,0,Randomly placed,0.9749999999999823,0,9,5,0,0,true,0,0,45,0,0,0,0,0,0,0,0,0.375,0,0,0,0,0,NA,0,0,0,
1357,0.5,transect,0.1,50,4,8,38,1,1,1,random,0,0,Randomly placed,1.094999999999983,0,9,5,0,0,true,0,0,45,2,0,0,2,2,0,0,2,0.375,0,0,0,0,0.17777777777777778,4.689204235649836,0,0,0,
1358,0.5,transect,0.1,50,4,9,37,1,1,1,random,0,0,Randomly placed,1.0549999999999822,0,9,5,0,0,true,0,0,45,2,0,1,1,2,0,1,1,0.375,0,0,0,0,0.17777777777777778,4.689204235649837,0,0,0,
1364,0.5,transect,0.1,50,5,9,36,1,1,1,random,0,0,Randomly placed,1.01499999999998,0,9,5,0,0,true,0,0,45,1,1,0,0,1,1,0,0,0.375,0,0,0,0,0.08888888888888889,6.70820393249937,0,0,0,
1361,0.5,transect,0.1,50,5,7,38,1,1,1,random,0,0,Randomly placed,0.9749999999999851,0,9,5,0,0,true,0,0,45,2,2,0,0,2,2,0,0,0.375,0,0,0,0,0.17777777777777778,4.689204235649837,0,0,0,
1359,0.5,transect,0.1,50,8,6,36,1,1,1,random,0,0,Randomly placed,0.9749999999999821,0,9,5,0,0,true,0,0,45,2,0,1,1,2,0,1,1,0.375,0,0,0,0,0.17777777777777778,4.689204235649836,0,0,0,
1365,0.5,transect,0.1,50,8,9,33,1,1,1,random,0,0,Randomly placed,0.9749999999999838,0,9,5,0,0,true,0,0,45,1,0,0,1,1,0,0,1,0.375,0,0,0,0,0.08888888888888889,6.708203932499369,0,0,0,
1366,0.5,transect,0.1,50,2,8,40,1,1,1,random,0,0,Randomly placed,1.0149999999999841,0,9,5,0,0,true,0,0,45,3,0,2,1,3,0,2,1,0.375,0,0,0,0,0.26666666666666666,3.783937343321346,0,0,0,
1368,0.5,transect,0.1,50,3,8,39,1,1,1,random,0,0,Randomly placed,1.0149999999999837,0,9,5,0,0,true,0,0,45,1,0,0,1,1,0,0,1,0.375,0,0,0,0,0.08888888888888889,6.708203932499369,0,0,0,
1367,0.5,transect,0.1,50,9,8,33,1,1,1,random,0,0,Randomly placed,1.0149999999999848,0,9,5,0,0,true,0,0,45,0,0,0,0,0,0,0,0,0.375,0,0,0,0,0,NA,0,0,0,
1370,0.5,transect,0.1,50,7,8,35,1,1,1,random,0,0,Randomly placed,0.9749999999999834,0,9,5,0,0,true,0,0,45,1,0,0,1,1,0,0,1,0.375,0,0,0,0,0.08888888888888889,6.708203932499369,0,0,0,
1369,0.5,transect,0.1,50,2,11,37,1,1,1,random,0,0,Randomly placed,0.9749999999999814,0,9,5,0,0,true,0,0,45,2,1,0,1,2,1,0,1,0.375,0,0,0,0,0.17777777777777778,4.689204235649838,0,0,0,
1372,0.5,transect,0.1,50,5,9,36,1,1,1,random,0,0,Randomly placed,1.0549999999999822,0,9,5,0,0,true,0,0,45,3,0,0,3,3,0,0,3,0.375,0,0,0,0,0.26666666666666666,3.783937343321345,0,0,0,
1371,0.5,transect,0.1,50,1,6,43,1,1,1,random,0,0,Randomly placed,0.9749999999999817,0,9,5,0,0,true,0,0,45,1,0,0,1,1,0,0,1,0.375,0,0,0,0,0.08888888888888889,6.708203932499371,0,0,0,
1373,0.5,transect,0.1,50,4,6,40,1,1,1,random,0,0,Randomly placed,1.014999999999982,0,9,5,0,0,true,0,0,45,2,0,0,2,2,0,0,2,0.375,0,0,0,0,0.17777777777777778,4.689204235649838,0,0,0,
1381,0.5,transect,0.1,50,5,15,30,1,1,1,random,0,0,Randomly placed,0.9749999999999837,0,9,5,0,0,true,0,0,45,2,0,1,1,2,0,1,1,0.375,0,0,0,0,0.17777777777777778,4.689204235649835,0,0,0,
1375,0.5,transect,0.1,50,5,8,37,1,1,1,random,0,0,Randomly placed,1.0149999999999857,0,9,5,0,0,true,0,0,45,0,0,0,0,0,0,0,0,0.375,0,0,0,0,0,NA,0,0,0,
1382,0.5,transect,0.1,50,6,13,31,1,1,1,random,0,0,Randomly placed,1.0149999999999828,0,9,5,0,0,true,0,0,45,1,0,1,0,1,0,1,0,0.375,0,0,0,0,0.08888888888888889,6.708203932499369,0,0,0,
1374,0.5,transect,0.1,50,4,5,41,1,1,1,random,0,0,Randomly placed,1.0549999999999853,0,9,5,0,0,true,0,0,45,0,0,0,0,0,0,0,0,0.375,0,0,0,0,0,NA,0,0,0,
1377,0.5,transect,0.1,50,6,5,39,1,1,1,random,0,0,Randomly placed,0.9749999999999814,0,9,5,0,0,true,0,0,45,1,0,0,1,1,0,0,1,0.375,0,0,0,0,0.08888888888888889,6.708203932499369,0,0,0,
1378,0.5,transect,0.1,50,6,8,36,1,1,1,random,0,0,Randomly placed,0.9749999999999811,0,9,5,0,0,true,0,0,45,0,0,0,0,0,0,0,0,0.375,0,0,0,0,0,NA,0,0,0,
1379,0.5,transect,0.1,50,5,13,32,1,1,1,random,0,0,Randomly placed,1.014999999999983,0,9,5,0,0,true,0,0,45,2,2,0,0,2,2,0,0,0.375,0,0,0,0,0.17777777777777778,4.689204235649837,0,0,0,
1383,0.5,transect,0.1,50,3,9,38,1,1,1,random,0,0,Randomly placed,0.9749999999999825,0,9,5,0,0,true,0,0,45,2,1,1,0,2,1,1,0,0.375,0,0,0,0,0.17777777777777778,4.689204235649835,0,0,0,
1384,0.5,transect,0.1,50,6,6,38,1,1,1,random,0,0,Randomly placed,0.9749999999999822,0,9,5,0,0,true,0,0,45,1,1,0,0,1,1,0,0,0.375,0,0,0,0,0.08888888888888889,6.708203932499371,0,0,0,
1380,0.5,transect,0.1,50,5,9,36,1,1,1,random,0,0,Randomly placed,0.9749999999999833,0,9,5,0,0,true,0,0,45,3,0,0,3,3,0,0,3,0.375,0,0,0,0,0.26666666666666666,3.783937343321346,0,0,0,
1376,0.5,transect,0.1,50,1,11,38,1,1,1,random,0,0,Randomly placed,1.0149999999999841,0,9,5,0,0,true,0,0,45,2,0,1,1,2,0,1,1,0.375,0,0,0,0,0.17777777777777778,4.689204235649838,0,0,0,
1385,0.5,transect,0.1,50,7,7,36,1,1,1,random,0,0,Randomly placed,0.9749999999999804,0,9,5,0,0,true,0,0,45,2,0,0,2,2,0,0,2,0.375,0,0,0,0,0.17777777777777778,4.689204235649836,0,0,0,
1386,0.5,transect,0.1,50,5,9,36,1,1,1,random,0,0,Randomly placed,1.0149999999999841,0,9,5,0,0,true,0,0,45,0,0,0,0,0,0,0,0,0.375,0,0,0,0,0,NA,0,0,0,
1389,0.5,transect,0.1,50,4,12,34,1,1,1,random,0,0,Randomly placed,1.0549999999999853,0,9,5,0,0,true,0,0,45,2,0,0,2,2,0,0,2,0.375,0,0,0,0,0.17777777777777778,4.689204235649837,0,0,0,
1388,0.5,transect,0.1,50,9,8,33,1,1,1,random,0,0,Randomly placed,0.974999999999984,0,9,5,0,0,true,0,0,45,2,0,0,2,2,0,0,2,0.375,0,0,0,0,0.17777777777777778,4.689204235649835,0,0,0,
1391,0.5,transect,0.1,50,4,9,37,1,1,1,random,0,0,Randomly placed,1.0149999999999828,0,9,5,0,0,true,0,0,45,2,0,0,2,2,0,0,2,0.375,0,0,0,0,0.17777777777777778,4.689204235649837,0,0,0,
1387,0.5,transect,0.1,50,7,7,36,1,1,1,random,0,0,Randomly placed,1.0549999999999802,0,9,5,0,0,true,0,0,45,2,0,0,2,2,0,0,2,0.375,0,0,0,0,0.17777777777777778,4.6892042356498385,0,0,0,
1392,0.5,transect,0.1,50,5,8,37,1,1,1,random,0,0,Randomly placed,0.9749999999999814,0,9,5,0,0,true,0,0,45,1,0,0,1,1,0,0,1,0.375,0,0,0,0,0.08888888888888889,6.70820393249937,0,0,0,
1395,0.5,transect,0.1,50,4,9,37,1,1,1,random,0,0,Randomly placed,1.0149999999999828,0,9,5,0,0,true,0,0,45,0,0,0,0,0,0,0,0,0.375,0,0,0,0,0,NA,0,0,0,
1398,0.5,transect,0.1,50,4,12,34,1,1,1,random,0,0,Randomly placed,1.0149999999999837,0,9,5,0,0,true,0,0,45,0,0,0,0,0,0,0,0,0.375,0,0,0,0,0,NA,0,0,0,
1394,0.5,transect,0.1,50,5,6,39,1,1,1,random,0,0,Randomly placed,0.9749999999999838,0,9,5,0,0,true,0,0,45,0,0,0,0,0,0,0,0,0.375,0,0,0,0,0,NA,0,0,0,
1390,0.5,transect,0.1,50,4,11,35,1,1,1,random,0,0,Randomly placed,1.054999999999982,0,9,5,0,0,true,0,0,45,2,0,0,2,2,0,0,2,0.375,0,0,0,0,0.17777777777777778,6.708203932499369,0,0,0,
1402,0.5,transect,1,500,51,69,380,1,1,1,random,0,0,Randomly placed,0.986,0,9,5,0,0,true,0,0,45,12,2,3,7,12,2,3,7,0.375,0,0,0,0,1.0666666666666667,1.6770509831248424,0,0,0,
1396,0.5,transect,0.1,50,3,5,42,1,1,1,random,0,0,Randomly placed,1.014999999999981,0,9,5,0,0,true,0,0,45,3,0,0,3,3,0,0,3,0.375,0,0,0,0,0.26666666666666666,3.7839373433213477,0,0,0,
1393,0.5,transect,0.1,50,3,8,39,1,1,1,random,0,0,Randomly placed,1.0149999999999832,0,9,5,0,0,true,0,0,45,1,0,1,0,1,0,1,0,0.375,0,0,0,0,0.08888888888888889,6.708203932499369,0,0,0,
1401,0.5,transect,1,500,50,68,382,1,1,1,random,0,0,Randomly placed,1.038,0,9,5,0,0,true,0,0,45,11,1,1,9,11,1,1,9,0.375,0,0,0,0,0.9777777777777777,1.9803694758065318,0,0,0,
1403,0.5,transect,1,500,56,85,359,1,1,1,random,0,0,Randomly placed,0.962,0,9,5,0,0,true,0,0,45,13,2,2,9,13,2,2,9,0.375,0,0,0,0,1.1555555555555554,1.8991518732179022,0,0,0,
1400,0.5,transect,0.1,50,7,3,40,1,1,1,random,0,0,Randomly placed,0.9749999999999849,0,9,5,0,0,true,0,0,45,1,0,0,1,1,0,0,1,0.375,0,0,0,0,0.08888888888888889,6.708203932499369,0,0,0,
1397,0.5,transect,0.1,50,7,7,36,1,1,1,random,0,0,Randomly placed,0.9749999999999815,0,9,5,0,0,true,0,0,45,0,0,0,0,0,0,0,0,0.375,0,0,0,0,0,NA,0,0,0,
1407,0.5,transect,1,500,50,64,386,1,1,1,random,0,0,Randomly placed,0.99,0,9,5,0,0,true,0,0,45,14,3,2,9,14,3,2,9,0.375,0,0,0,0,1.2444444444444445,1.5048622493804504,0,0,0,
1405,0.5,transect,1,500,41,74,385,1,1,1,random,0,0,Randomly placed,0.994,0,9,5,0,0,true,0,0,45,15,1,0,14,15,1,0,14,0.375,0,0,0,0,1.3333333333333333,1.8090680674665816,0,0,0,
1404,0.5,transect,1,500,65,88,347,1,1,1,random,0,0,Randomly placed,0.978,0,9,5,0,0,true,0,0,45,13,1,1,11,13,1,1,11,0.375,0,0,0,0,1.1555555555555554,1.7498943332426649,0,0,0,
1399,0.5,transect,0.1,50,5,7,38,1,1,1,random,0,0,Randomly placed,0.9749999999999832,0,9,5,0,0,true,0,0,45,0,0,0,0,0,0,0,0,0.375,0,0,0,0,0,NA,0,0,0,
1408,0.5,transect,1,500,45,81,374,1,1,1,random,0,0,Randomly placed,1.014,0,9,5,0,0,true,0,0,45,9,0,2,7,9,0,2,7,0.375,0,0,0,0,0.8,2.2863229709016886,0,0,0,
1406,0.5,transect,1,500,43,81,376,1,1,1,random,0,0,Randomly placed,1.046,0,9,5,0,0,true,0,0,45,11,0,3,8,11,0,3,8,0.375,0,0,0,0,0.9777777777777777,1.777964292327995,0,0,0,
1410,0.5,transect,1,500,48,74,378,1,1,1,random,0,0,Randomly placed,1.002,0,9,5,0,0,true,0,0,45,12,0,1,11,12,0,1,11,0.375,0,0,0,0,1.0666666666666667,1.8578763536507337,0,0,0,
1409,0.5,transect,1,500,61,90,349,1,1,1,random,0,0,Randomly placed,1.062,0,9,5,0,0,true,0,0,45,12,3,1,8,12,3,1,8,0.375,0,0,0,0,1.0666666666666667,2.1748824419640798,0,0,0,
1413,0.5,transect,1,500,63,56,381,1,1,1,random,0,0,Randomly placed,0.958,0,9,5,0,0,true,0,0,45,16,1,4,11,16,1,4,11,0.375,0,0,0,0,1.4222222222222223,1.6039944811172342,0,0,0,
1411,0.5,transect,1,500,47,66,387,1,1,1,random,0,0,Randomly placed,0.982,0,9,5,0,0,true,0,0,45,14,0,0,14,14,0,0,14,0.375,0,0,0,0,1.2444444444444445,1.9166296949998198,0,0,0,
1414,0.5,transect,1,500,58,70,372,1,1,1,random,0,0,Randomly placed,1.046,0,9,5,0,0,true,0,0,45,8,0,1,7,8,0,1,7,0.375,0,0,0,0,0.7111111111111111,2.1748824419640793,0,0,0,
1412,0.5,transect,1,500,57,76,367,1,1,1,random,0,0,Randomly placed,1.002,0,9,5,0,0,true,0,0,45,15,3,3,9,15,3,3,9,0.375,0,0,0,0,1.3333333333333333,1.692228224453298,0,0,0,
1416,0.5,transect,1,500,45,83,372,1,1,1,random,0,0,Randomly placed,1.006,0,9,5,0,0,true,0,0,45,11,1,1,9,11,1,1,9,0.375,0,0,0,0,0.9777777777777777,2.16392455890197,0,0,0,
1419,0.5,transect,1,500,54,86,360,1,1,1,random,0,0,Randomly placed,1.002,0,9,5,0,0,true,0,0,45,8,0,1,7,8,0,1,7,0.375,0,0,0,0,0.7111111111111111,2.4836110532119076,0,0,0,
1418,0.5,transect,1,500,51,68,381,1,1,1,random,0,0,Randomly placed,1.006,0,9,5,0,0,true,0,0,45,7,3,1,3,7,3,1,3,0.375,0,0,0,0,0.6222222222222222,2.3562572126039325,0,0,0,
1417,0.5,transect,1,500,49,74,377,1,1,1,random,0,0,Randomly placed,0.982,0,9,5,0,0,true,0,0,45,13,1,3,9,13,1,3,9,0.375,0,0,0,0,1.1555555555555554,1.8991518732179022,0,0,0,
1420,0.5,transect,1,500,65,73,362,1,1,1,random,0,0,Randomly placed,0.99,0,9,5,0,0,true,0,0,45,11,1,3,7,11,1,3,7,0.375,0,0,0,0,0.9777777777777777,2.1639245589019707,0,0,0,
1415,0.5,transect,1,500,52,56,392,1,1,1,random,0,0,Randomly placed,1.086,0,9,5,0,0,true,0,0,45,10,2,0,8,10,2,0,8,0.375,0,0,0,0,0.8888888888888888,2.5181161789935538,0,0,0,
1422,0.5,transect,1,500,39,76,385,1,1,1,random,0,0,Randomly placed,1.01,0,9,5,0,0,true,0,0,45,10,1,1,8,10,1,1,8,0.375,0,0,0,0,0.8888888888888888,2.1213203435596433,0,0,0,
1423,0.5,transect,1,500,52,72,376,1,1,1,random,0,0,Randomly placed,0.95,0,9,5,0,0,true,0,0,45,10,1,2,7,10,1,2,7,0.375,0,0,0,0,0.8888888888888888,3.016997303159671,0,0,0,
1424,0.5,transect,1,500,44,80,376,1,1,1,random,0,0,Randomly placed,0.982,0,9,5,0,0,true,0,0,45,12,2,1,9,12,2,1,9,0.375,0,0,0,0,1.0666666666666667,2.17488244196408,0,0,0,
1425,0.5,transect,1,500,48,75,377,1,1,1,random,0,0,Randomly placed,1.074,0,9,5,0,0,true,0,0,45,13,0,5,8,13,0,5,8,0.375,0,0,0,0,1.1555555555555554,1.8991518732179018,0,0,0,
1426,0.5,transect,1,500,49,80,371,1,1,1,random,0,0,Randomly placed,0.974,0,9,5,0,0,true,0,0,45,11,1,5,5,11,1,5,5,0.375,0,0,0,0,0.9777777777777777,1.777964292327995,0,0,0,
1427,0.5,transect,1,500,60,76,364,1,1,1,random,0,0,Randomly placed,0.966,0,9,5,0,0,true,0,0,45,11,3,1,7,11,3,1,7,0.375,0,0,0,0,0.9777777777777777,1.7779642923279946,0,0,0,
1429,0.5,transect,1,500,55,57,388,1,1,1,random,0,0,Randomly placed,1.026,0,9,5,0,0,true,0,0,45,13,0,2,11,13,0,2,11,0.375,0,0,0,0,1.1555555555555554,1.8991518732179022,0,0,0,
1428,0.5,transect,1,500,56,72,372,1,1,1,random,0,0,Randomly placed,0.966,0,9,5,0,0,true,0,0,45,8,0,1,7,8,0,1,7,0.375,0,0,0,0,0.7111111111111111,2.4836110532119084,0,0,0,
1430,0.5,transect,1,500,40,78,382,1,1,1,random,0,0,Randomly placed,0.962,0,9,5,0,0,true,0,0,45,11,1,1,9,11,1,1,9,0.375,0,0,0,0,0.9777777777777777,1.7779642923279948,0,0,0,
1431,0.5,transect,1,500,54,82,364,1,1,1,random,0,0,Randomly placed,1.018,0,9,5,0,0,true,0,0,45,8,1,2,5,8,1,2,5,0.375,0,0,0,0,0.7111111111111111,2.1748824419640793,0,0,0,
1432,0.5,transect,1,500,50,50,400,1,1,1,random,0,0,Randomly placed,1.006,0,9,5,0,0,true,0,0,45,9,2,1,6,9,2,1,6,0.375,0,0,0,0,0.8,2.0225995873897262,0,0,0,
1433,0.5,transect,1,500,40,76,384,1,1,1,random,0,0,Randomly placed,0.954,0,9,5,0,0,true,0,0,45,14,0,0,14,14,0,0,14,0.375,0,0,0,0,1.2444444444444445,1.9166296949998194,0,0,0,
1434,0.5,transect,1,500,43,77,380,1,1,1,random,0,0,Randomly placed,0.978,0,9,5,0,0,true,0,0,45,11,0,0,11,11,0,0,11,0.375,0,0,0,0,0.9777777777777777,1.7779642923279948,0,0,0,
1435,0.5,transect,1,500,48,74,378,1,1,1,random,0,0,Randomly placed,0.982,0,9,5,0,0,true,0,0,45,6,1,0,5,6,1,0,5,0.375,0,0,0,0,0.5333333333333333,2.578318691071233,0,0,0,
1436,0.5,transect,1,500,58,77,365,1,1,1,random,0,0,Randomly placed,0.982,0,9,5,0,0,true,0,0,45,12,2,4,6,12,2,4,6,0.375,0,0,0,0,1.0666666666666667,1.6770509831248421,0,0,0,
1437,0.5,transect,1,500,49,74,377,1,1,1,random,0,0,Randomly placed,0.994,0,9,5,0,0,true,0,0,45,12,2,2,8,12,2,2,8,0.375,0,0,0,0,1.0666666666666667,1.857876353650734,0,0,0,
1421,0.5,transect,1,500,56,74,370,1,1,1,random,0,0,Randomly placed,0.926,0,9,5,0,0,true,0,0,45,14,3,1,10,14,3,1,10,0.375,0,0,0,0,1.2444444444444445,1.653550741785273,0,0,0,
1438,0.5,transect,1,500,61,72,367,1,1,1,random,0,0,Randomly placed,1.002,0,9,5,0,0,true,0,0,45,10,1,1,8,10,1,1,8,0.375,0,0,0,0,0.8888888888888888,1.891968671660675,0,0,0,
1439,0.5,transect,1,500,35,82,383,1,1,1,random,0,0,Randomly placed,0.982,0,9,5,0,0,true,0,0,45,9,2,1,6,9,2,1,6,0.375,0,0,0,0,0.8,2.0225995873897262,0,0,0,
1440,0.5,transect,1,500,55,83,362,1,1,1,random,0,0,Randomly placed,1.022,0,9,5,0,0,true,0,0,45,9,0,2,7,9,0,2,7,0.375,0,0,0,0,0.8,2.2863229709016886,0,0,0,
1441,0.5,transect,1,500,50,71,379,1,1,1,random,0,0,Randomly placed,1.002,0,9,5,0,0,true,0,0,45,13,0,2,11,13,0,2,11,0.375,0,0,0,0,1.1555555555555554,1.7498943332426649,0,0,0,
1442,0.5,transect,1,500,62,75,363,1,1,1,random,0,0,Randomly placed,1.026,0,9,5,0,0,true,0,0,45,13,0,3,10,13,0,3,10,0.375,0,0,0,0,1.1555555555555554,2.1670424909566535,0,0,0,
1443,0.5,transect,1,500,68,86,346,1,1,1,random,0,0,Randomly placed,1.01,0,9,5,0,0,true,0,0,45,7,0,0,7,7,0,0,7,0.375,0,0,0,0,0.6222222222222222,2.3562572126039325,0,0,0,
1444,0.5,transect,1,500,42,73,385,1,1,1,random,0,0,Randomly placed,1.03,0,9,5,0,0,true,0,0,45,13,1,0,12,13,1,0,12,0.375,0,0,0,0,1.1555555555555554,1.7498943332426653,0,0,0,
1445,0.5,transect,1,500,49,83,368,1,1,1,random,0,0,Randomly placed,1.014,0,9,5,0,0,true,0,0,45,11,0,1,10,11,0,1,10,0.375,0,0,0,0,0.9777777777777777,2.1639245589019698,0,0,0,
1446,0.5,transect,1,500,44,78,378,1,1,1,random,0,0,Randomly placed,1.01,0,9,5,0,0,true,0,0,45,13,2,1,10,13,2,1,10,0.375,0,0,0,0,1.1555555555555554,2.1670424909566535,0,0,0,
1448,0.5,transect,1,500,49,80,371,1,1,1,random,0,0,Randomly placed,1.026,0,9,5,0,0,true,0,0,45,9,1,1,7,9,1,1,7,0.375,0,0,0,0,0.8,2.5226248955475628,0,0,0,
1449,0.5,transect,1,500,44,80,376,1,1,1,random,0,0,Randomly placed,0.986,0,9,5,0,0,true,0,0,45,6,0,0,6,6,0,0,6,0.375,0,0,0,0,0.5333333333333333,2.5783186910712326,0,0,0,
1447,0.5,transect,1,500,58,71,371,1,1,1,random,0,0,Randomly placed,1.026,0,9,5,0,0,true,0,0,45,11,2,2,7,11,2,2,7,0.375,0,0,0,0,0.9777777777777777,1.7779642923279952,0,0,0,
1450,0.5,transect,1,500,49,55,396,1,1,1,random,0,0,Randomly placed,0.978,0,9,5,0,0,true,0,0,45,17,1,2,14,17,1,2,14,0.375,0,0,0,0,1.511111111111111,1.4152697132065848,0,0,0,
1451,0.5,transect,1,500,42,85,373,1,1,1,random,0,0,Randomly placed,0.998,0,9,5,0,0,true,0,0,45,8,1,0,7,8,1,0,7,0.375,0,0,0,0,0.7111111111111111,2.1748824419640793,0,0,0,
1453,0.5,transect,1,500,46,81,373,1,1,1,random,0,0,Randomly placed,1.054,0,9,5,0,0,true,0,0,45,10,0,1,9,10,0,1,9,0.375,0,0,0,0,0.8888888888888888,2.1213203435596433,0,0,0,
1455,0.5,transect,1,500,42,64,394,1,1,1,random,0,0,Randomly placed,1.046,0,9,5,0,0,true,0,0,45,9,1,1,7,9,1,1,7,0.375,0,0,0,0,0.8,2.0225995873897267,0,0,0,
1454,0.5,transect,1,500,51,76,373,1,1,1,random,0,0,Randomly placed,1.006,0,9,5,0,0,true,0,0,45,17,3,2,12,17,3,2,12,0.375,0,0,0,0,1.511111111111111,1.5236419341925687,0,0,0,
1458,0.5,transect,1,500,55,81,364,1,1,1,random,0,0,Randomly placed,1.014,0,9,5,0,0,true,0,0,45,15,2,2,11,15,2,2,11,0.375,0,0,0,0,1.3333333333333333,1.8090680674665816,0,0,0,
1456,0.5,transect,1,500,42,81,377,1,1,1,random,0,0,Randomly placed,1.014,0,9,5,0,0,true,0,0,45,11,3,1,7,11,3,1,7,0.375,0,0,0,0,0.9777777777777777,1.9803694758065313,0,0,0,
1460,0.5,transect,1,500,51,70,379,1,1,1,random,0,0,Randomly placed,1.042,0,9,5,0,0,true,0,0,45,8,1,0,7,8,1,0,7,0.375,0,0,0,0,0.7111111111111111,2.4836110532119084,0,0,0,
1461,0.5,transect,1,500,50,64,386,1,1,1,random,0,0,Randomly placed,0.982,0,9,5,0,0,true,0,0,45,11,0,1,10,11,0,1,10,0.375,0,0,0,0,0.9777777777777777,1.7779642923279952,0,0,0,
1457,0.5,transect,1,500,38,75,387,1,1,1,random,0,0,Randomly placed,0.97,0,9,5,0,0,true,0,0,45,12,0,2,10,12,0,2,10,0.375,0,0,0,0,1.0666666666666667,1.857876353650733,0,0,0,
1459,0.5,transect,1,500,48,90,362,1,1,1,random,0,0,Randomly placed,1.01,0,9,5,0,0,true,0,0,45,6,0,3,3,6,0,3,3,0.375,0,0,0,0,0.5333333333333333,2.578318691071233,0,0,0,
1462,0.5,transect,1,500,47,77,376,1,1,1,random,0,0,Randomly placed,0.942,0,9,5,0,0,true,0,0,45,10,1,1,8,10,1,1,8,0.375,0,0,0,0,0.8888888888888888,2.121320343559643,0,0,0,
1452,0.5,transect,1,500,33,72,395,1,1,1,random,0,0,Randomly placed,1.034,0,9,5,0,0,true,0,0,45,11,0,0,11,11,0,0,11,0.375,0,0,0,0,0.9777777777777777,2.163924558901971,0,0,0,
1463,0.5,transect,1,500,49,82,369,1,1,1,random,0,0,Randomly placed,0.978,0,9,5,0,0,true,0,0,45,14,1,1,12,14,1,1,12,0.375,0,0,0,0,1.2444444444444445,1.7899300884969964,0,0,0,
1465,0.5,transect,1,500,45,61,394,1,1,1,random,0,0,Randomly placed,0.958,0,9,5,0,0,true,0,0,45,13,3,3,7,13,3,3,7,0.375,0,0,0,0,1.1555555555555554,1.7498943332426649,0,0,0,
1464,0.5,transect,1,500,49,75,376,1,1,1,random,0,0,Randomly placed,1.038,0,9,5,0,0,true,0,0,45,10,1,0,9,10,1,0,9,0.375,0,0,0,0,0.8888888888888888,2.1213203435596433,0,0,0,
1466,0.5,transect,1,500,49,77,374,1,1,1,random,0,0,Randomly placed,0.978,0,9,5,0,0,true,0,0,45,14,2,2,10,14,2,2,10,0.375,0,0,0,0,1.2444444444444445,1.653550741785273,0,0,0,
1467,0.5,transect,1,500,50,76,374,1,1,1,random,0,0,Randomly placed,0.998,0,9,5,0,0,true,0,0,45,8,2,1,5,8,2,1,5,0.375,0,0,0,0,0.7111111111111111,2.757994577751938,0,0,0,
1468,0.5,transect,1,500,46,55,399,1,1,1,random,0,0,Randomly placed,0.99,0,9,5,0,0,true,0,0,45,8,2,2,4,8,2,2,4,0.375,0,0,0,0,0.7111111111111111,2.1748824419640793,0,0,0,
1469,0.5,transect,1,500,57,77,366,1,1,1,random,0,0,Randomly placed,1.002,0,9,5,0,0,true,0,0,45,14,1,2,11,14,1,2,11,0.375,0,0,0,0,1.2444444444444445,1.653550741785273,0,0,0,
1471,0.5,transect,1,500,54,64,382,1,1,1,random,0,0,Randomly placed,1.002,0,9,5,0,0,true,0,0,45,13,2,2,9,13,2,2,9,0.375,0,0,0,0,1.1555555555555554,2.0375047233268795,0,0,0,
1470,0.5,transect,1,500,53,65,382,1,1,1,random,0,0,Randomly placed,1.034,0,9,5,0,0,true,0,0,45,12,0,2,10,12,0,2,10,0.375,0,0,0,0,1.0666666666666667,2.0225995873897267,0,0,0,
1472,0.5,transect,1,500,49,82,369,1,1,1,random,0,0,Randomly placed,1.01,0,9,5,0,0,true,0,0,45,14,1,4,9,14,1,4,9,0.375,0,0,0,0,1.2444444444444445,1.7899300884969964,0,0,0,
1474,0.5,transect,1,500,42,74,384,1,1,1,random,0,0,Randomly placed,0.994,0,9,5,0,0,true,0,0,45,12,0,4,8,12,0,4,8,0.375,0,0,0,0,1.0666666666666667,1.6770509831248426,0,0,0,
1473,0.5,transect,1,500,52,78,370,1,1,1,random,0,0,Randomly placed,1.022,0,9,5,0,0,true,0,0,45,10,0,0,10,10,0,0,10,0.375,0,0,0,0,0.8888888888888888,2.1213203435596433,0,0,0,
1475,0.5,transect,1,500,43,70,387,1,1,1,random,0,0,Randomly placed,1.022,0,9,5,0,0,true,0,0,45,7,1,1,5,7,1,1,5,0.375,0,0,0,0,0.6222222222222222,2.3562572126039343,0,0,0,
1476,0.5,transect,1,500,43,77,380,1,1,1,random,0,0,Randomly placed,0.978,0,9,5,0,0,true,0,0,45,12,1,1,10,12,1,1,10,0.375,0,0,0,0,1.0666666666666667,2.022599587389727,0,0,0,
1477,0.5,transect,1,500,54,69,377,1,1,1,random,0,0,Randomly placed,0.982,0,9,5,0,0,true,0,0,45,13,0,2,11,13,0,2,11,0.375,0,0,0,0,1.1555555555555554,1.7498943332426649,0,0,0,
1479,0.5,transect,1,500,44,79,377,1,1,1,random,0,0,Randomly placed,0.998,0,9,5,0,0,true,0,0,45,9,0,1,8,9,0,1,8,0.375,0,0,0,0,0.8,2.2863229709016877,0,0,0,
1478,0.5,transect,1,500,51,73,376,1,1,1,random,0,0,Randomly placed,0.982,0,9,5,0,0,true,0,0,45,12,0,5,7,12,0,5,7,0.375,0,0,0,0,1.0666666666666667,1.8578763536507343,0,0,0,
1480,0.5,transect,1,500,44,81,375,1,1,1,random,0,0,Randomly placed,0.97,0,9,5,0,0,true,0,0,45,15,0,2,13,15,0,2,13,0.375,0,0,0,0,1.3333333333333333,1.5666989036012806,0,0,0,
1481,0.5,transect,1,500,48,86,366,1,1,1,random,0,0,Randomly placed,0.97,0,9,5,0,0,true,0,0,45,11,0,2,9,11,0,2,9,0.375,0,0,0,0,0.9777777777777777,1.9803694758065322,0,0,0,
1482,0.5,transect,1,500,53,76,371,1,1,1,random,0,0,Randomly placed,0.982,0,9,5,0,0,true,0,0,45,10,1,1,8,10,1,1,8,0.375,0,0,0,0,0.8888888888888888,2.1213203435596433,0,0,0,
1483,0.5,transect,1,500,53,87,360,1,1,1,random,0,0,Randomly placed,0.994,0,9,5,0,0,true,0,0,45,12,2,2,8,12,2,2,8,0.375,0,0,0,0,1.0666666666666667,2.1748824419640793,0,0,0,
1485,0.5,transect,1,500,70,83,347,1,1,1,random,0,0,Randomly placed,0.934,0,9,5,0,0,true,0,0,45,10,1,1,8,10,1,1,8,0.375,0,0,0,0,0.8888888888888888,1.8919686716606747,0,0,0,
1484,0.5,transect,1,500,54,73,373,1,1,1,random,0,0,Randomly placed,1.01,0,9,5,0,0,true,0,0,45,10,0,2,8,10,0,2,8,0.375,0,0,0,0,0.8888888888888888,2.1213203435596433,0,0,0,
1486,0.5,transect,1,500,65,83,352,1,1,1,random,0,0,Randomly placed,0.97,0,9,5,0,0,true,0,0,45,17,1,3,13,17,1,3,13,0.375,0,0,0,0,1.511111111111111,1.5236419341925689,0,0,0,
1487,0.5,transect,1,500,54,69,377,1,1,1,random,0,0,Randomly placed,0.998,0,9,5,0,0,true,0,0,45,12,0,2,10,12,0,2,10,0.375,0,0,0,0,1.0666666666666667,1.6770509831248424,0,0,0,
1489,0.5,transect,1,500,42,77,381,1,1,1,random,0,0,Randomly placed,1.03,0,9,5,0,0,true,0,0,45,7,1,1,5,7,1,1,5,0.375,0,0,0,0,0.6222222222222222,2.725880906448594,0,0,0,
1488,0.5,transect,1,500,44,87,369,1,1,1,random,0,0,Randomly placed,0.982,0,9,5,0,0,true,0,0,45,11,0,0,11,11,0,0,11,0.375,0,0,0,0,0.9777777777777777,1.7779642923279952,0,0,0,
1490,0.5,transect,1,500,47,76,377,1,1,1,random,0,0,Randomly placed,0.998,0,9,5,0,0,true,0,0,45,16,1,2,13,16,1,2,13,0.375,0,0,0,0,1.4222222222222223,1.3615040146169908,0,0,0,
1491,0.5,transect,1,500,45,66,389,1,1,1,random,0,0,Randomly placed,0.994,0,9,5,0,0,true,0,0,45,11,1,5,5,11,1,5,5,0.375,0,0,0,0,0.9777777777777777,1.7779642923279948,0,0,0,
1492,0.5,transect,1,500,41,83,376,1,1,1,random,0,0,Randomly placed,0.97,0,9,5,0,0,true,0,0,45,13,1,1,11,13,1,1,11,0.375,0,0,0,0,1.1555555555555554,1.7498943332426649,0,0,0,
1493,0.5,transect,1,500,50,75,375,1,1,1,random,0,0,Randomly placed,0.97,0,9,5,0,0,true,0,0,45,9,0,1,8,9,0,1,8,0.375,0,0,0,0,0.8,2.0225995873897267,0,0,0,
1499,0.5,transect,1,500,59,81,360,1,1,1,random,0,0,Randomly placed,0.97,0,9,5,0,0,true,0,0,45,14,0,1,13,14,0,1,13,0.375,0,0,0,0,1.2444444444444445,1.653550741785273,0,0,0,
1500,0.5,transect,1,500,59,82,359,1,1,1,random,0,0,Randomly placed,1.058,0,9,5,0,0,true,0,0,45,13,3,0,10,13,3,0,10,0.375,0,0,0,0,1.1555555555555554,1.7498943332426653,0,0,0,
1494,0.5,transect,1,500,51,91,358,1,1,1,random,0,0,Randomly placed,0.974,0,9,5,0,0,true,0,0,45,15,3,4,8,15,3,4,8,0.375,0,0,0,0,1.3333333333333333,1.692228224453298,0,0,0,
1497,0.5,transect,1,500,55,75,370,1,1,1,random,0,0,Randomly placed,1.058,0,9,5,0,0,true,0,0,45,7,1,1,5,7,1,1,5,0.375,0,0,0,0,0.6222222222222222,2.3562572126039325,0,0,0,
1495,0.5,transect,1,500,47,76,377,1,1,1,random,0,0,Randomly placed,0.978,0,9,5,0,0,true,0,0,45,10,0,1,9,10,0,1,9,0.375,0,0,0,0,0.8888888888888888,2.1213203435596437,0,0,0,
1496,0.5,transect,1,500,53,75,372,1,1,1,random,0,0,Randomly placed,0.982,0,9,5,0,0,true,0,0,45,12,0,4,8,12,0,4,8,0.375,0,0,0,0,1.0666666666666667,2.0225995873897262,0,0,0,
1498,0.5,transect,1,500,53,68,379,1,1,1,random,0,0,Randomly placed,0.966,0,9,5,0,0,true,0,0,45,7,1,1,5,7,1,1,5,0.375,0,0,0,0,0.6222222222222222,2.356257212603933,0,0,0,
1502,0.5,transect,7,3500,389,510,2601,1,1,1,random,0,0,Randomly placed,0.9219999999999999,0,9,5,0,0,true,0,0,45,77,11,13,53,77,11,13,53,0.375,0,0,0,0,6.844444444444444,0.6665951090357337,0,0,0,
1504,0.5,transect,7,3500,366,520,2614,1,1,1,random,0,0,Randomly placed,1.0511428571428572,0,9,5,0,0,true,0,0,45,60,6,13,41,60,6,13,41,0.375,0,0,0,0,5.333333333333333,0.9323723407620919,0,0,0,
1501,0.5,transect,7,3500,356,502,2642,1,1,1,random,0,0,Randomly placed,1.0065714285714287,0,9,5,0,0,true,0,0,45,82,10,10,62,82,10,10,62,0.375,0,0,0,0,7.288888888888889,0.6331968843143007,0,0,0,
1507,0.5,transect,7,3500,368,527,2605,1,1,1,random,0,0,Randomly placed,0.9734285714285714,0,9,5,0,0,true,0,0,45,95,10,17,68,95,10,17,68,0.375,0,0,0,0,8.444444444444445,0.6161390248230073,0,0,0,
1505,0.5,transect,7,3500,365,527,2608,1,1,1,random,0,0,Randomly placed,1.008857142857143,0,9,5,0,0,true,0,0,45,71,5,9,57,71,5,9,57,0.375,0,0,0,0,6.311111111111111,0.8273592163017274,0,0,0,
1512,0.5,transect,7,3500,379,512,2609,1,1,1,random,0,0,Randomly placed,1.0254285714285714,0,9,5,0,0,true,0,0,45,83,11,12,60,83,11,12,60,0.375,0,0,0,0,7.377777777777778,0.8950304211199763,0,0,0,
1503,0.5,transect,7,3500,328,564,2608,1,1,1,random,0,0,Randomly placed,0.9728571428571428,0,9,5,0,0,true,0,0,45,81,10,11,60,81,10,11,60,0.375,0,0,0,0,7.2,0.6444096124338013,0,0,0,
1516,0.5,transect,7,3500,303,546,2651,1,1,1,random,0,0,Randomly placed,1.0271428571428571,0,9,5,0,0,true,0,0,45,73,8,12,53,73,8,12,53,0.375,0,0,0,0,6.488888888888889,0.7468009530348958,0,0,0,
1517,0.5,transect,7,3500,346,468,2686,1,1,1,random,0,0,Randomly placed,1.0482857142857143,0,9,5,0,0,true,0,0,45,61,5,5,51,61,5,5,51,0.375,0,0,0,0,5.4222222222222225,0.9191830668829827,0,0,0,
1513,0.5,transect,7,3500,332,497,2671,1,1,1,random,0,0,Randomly placed,1.0157142857142858,0,9,5,0,0,true,0,0,45,74,6,11,57,74,6,11,57,0.375,0,0,0,0,6.5777777777777775,0.7687169129640923,0,0,0,
1508,0.5,transect,7,3500,335,523,2642,1,1,1,random,0,0,Randomly placed,0.9185714285714285,0,9,5,0,0,true,0,0,45,86,12,13,61,86,12,13,61,0.375,0,0,0,0,7.644444444444445,0.6293148416881849,0,0,0,
1506,0.5,transect,7,3500,369,534,2597,1,1,1,random,0,0,Randomly placed,1.000857142857143,0,9,5,0,0,true,0,0,45,88,13,9,66,88,13,9,66,0.375,0,0,0,0,7.822222222222222,0.6352927825887179,0,0,0,
1514,0.5,transect,7,3500,351,527,2622,1,1,1,random,0,0,Randomly placed,1.03,0,9,5,0,0,true,0,0,45,84,4,13,67,84,4,13,67,0.375,0,0,0,0,7.466666666666667,0.866828394595597,0,0,0,
1511,0.5,transect,7,3500,363,529,2608,1,1,1,random,0,0,Randomly placed,1.0545714285714285,0,9,5,0,0,true,0,0,45,75,3,9,63,75,3,9,63,0.375,0,0,0,0,6.666666666666667,0.7122308103927598,0,0,0,
1510,0.5,transect,7,3500,362,509,2629,1,1,1,random,0,0,Randomly placed,1.0082857142857142,0,9,5,0,0,true,0,0,45,80,10,20,50,80,10,20,50,0.375,0,0,0,0,7.111111111111111,0.7283816120189145,0,0,0,
1518,0.5,transect,7,3500,365,509,2626,1,1,1,random,0,0,Randomly placed,1.022,0,9,5,0,0,true,0,0,45,84,7,12,65,84,7,12,65,0.375,0,0,0,0,7.466666666666667,0.652124756153396,0,0,0,
1519,0.5,transect,7,3500,341,523,2636,1,1,1,random,0,0,Randomly placed,0.9842857142857142,0,9,5,0,0,true,0,0,45,88,2,11,75,88,2,11,75,0.375,0,0,0,0,7.822222222222222,0.7390732973413225,0,0,0,
1521,0.5,transect,7,3500,333,507,2660,1,1,1,random,0,0,Randomly placed,1.0122857142857142,0,9,5,0,0,true,0,0,45,78,10,12,56,78,10,12,56,0.375,0,0,0,0,6.933333333333334,0.8195926512846525,0,0,0,
1509,0.5,transect,7,3500,362,519,2619,1,1,1,random,0,0,Randomly placed,0.9797142857142856,0,9,5,0,0,true,0,0,45,81,8,11,62,81,8,11,62,0.375,0,0,0,0,7.2,0.6967134648306424,0,0,0,
1524,0.5,transect,7,3500,325,542,2633,1,1,1,random,0,0,Randomly placed,0.9442857142857143,0,9,5,0,0,true,0,0,45,78,6,10,62,78,6,10,62,0.375,0,0,0,0,6.933333333333334,0.8195926512846525,0,0,0,
1525,0.5,transect,7,3500,338,504,2658,1,1,1,random,0,0,Randomly placed,0.982,0,9,5,0,0,true,0,0,45,74,13,14,47,74,13,14,47,0.375,0,0,0,0,6.5777777777777775,0.7465305902458299,0,0,0,
1520,0.5,transect,7,3500,333,547,2620,1,1,1,random,0,0,Randomly placed,1.0037142857142858,0,9,5,0,0,true,0,0,45,90,3,8,79,90,3,8,79,0.375,0,0,0,0,8,0.8660254037844386,0,0,0,
1522,0.5,transect,7,3500,344,576,2580,1,1,1,random,0,0,Randomly placed,0.9825714285714285,0,9,5,0,0,true,0,0,45,91,13,19,59,91,13,19,59,0.375,0,0,0,0,8.088888888888889,0.6280670101139242,0,0,0,
1515,0.5,transect,7,3500,335,489,2676,1,1,1,random,0,0,Randomly placed,0.9791428571428572,0,9,5,0,0,true,0,0,45,84,7,10,67,84,7,10,67,0.375,0,0,0,0,7.466666666666667,0.7277545076305769,0,0,0,
1528,0.5,transect,7,3500,361,506,2633,1,1,1,random,0,0,Randomly placed,1.0151428571428571,0,9,5,0,0,true,0,0,45,112,9,18,85,112,9,18,85,0.375,0,0,0,0,9.955555555555556,0.6502466930538428,0,0,0,
1531,0.5,transect,7,3500,337,525,2638,1,1,1,random,0,0,Randomly placed,0.9911428571428571,0,9,5,0,0,true,0,0,45,75,6,8,61,75,6,8,61,0.375,0,0,0,0,6.666666666666667,0.876978283135283,0,0,0,
1523,0.5,transect,7,3500,354,503,2643,1,1,1,random,0,0,Randomly placed,1.008857142857143,0,9,5,0,0,true,0,0,45,90,11,10,69,90,11,10,69,0.375,0,0,0,0,8,0.6908492797077574,0,0,0,
1532,0.5,transect,7,3500,324,516,2660,1,1,1,random,0,0,Randomly placed,0.99,0,9,5,0,0,true,0,0,45,71,3,14,54,71,3,14,54,0.375,0,0,0,0,6.311111111111111,0.6686939054580715,0,0,0,
1526,0.5,transect,7,3500,349,502,2649,1,1,1,random,0,0,Randomly placed,1.020857142857143,0,9,5,0,0,true,0,0,45,81,9,17,55,81,9,17,55,0.375,0,0,0,0,7.2,0.8508264945955338,0,0,0,
1530,0.5,transect,7,3500,361,510,2629,1,1,1,random,0,0,Randomly placed,1.0077142857142858,0,9,5,0,0,true,0,0,45,92,14,15,63,92,14,15,63,0.375,0,0,0,0,8.177777777777777,0.7069396757177868,0,0,0,
1527,0.5,transect,7,3500,336,531,2633,1,1,1,random,0,0,Randomly placed,0.9705714285714285,0,9,5,0,0,true,0,0,45,86,9,12,65,86,9,12,65,0.375,0,0,0,0,7.644444444444445,0.6676963220541839,0,0,0,
1536,0.5,transect,7,3500,344,565,2591,1,1,1,random,0,0,Randomly placed,0.978,0,9,5,0,0,true,0,0,45,83,8,12,63,83,8,12,63,0.375,0,0,0,0,7.377777777777778,0.8331804625395408,0,0,0,
1529,0.5,transect,7,3500,351,536,2613,1,1,1,random,0,0,Randomly placed,0.9477142857142857,0,9,5,0,0,true,0,0,45,84,11,17,56,84,11,17,56,0.375,0,0,0,0,7.466666666666667,0.5778855963970645,0,0,0,
1534,0.5,transect,7,3500,345,522,2633,1,1,1,random,0,0,Randomly placed,1.0014285714285713,0,9,5,0,0,true,0,0,45,71,3,8,60,71,3,8,60,0.375,0,0,0,0,6.311111111111111,0.8049872946530576,0,0,0,
1537,0.5,transect,7,3500,308,534,2658,1,1,1,random,0,0,Randomly placed,1.0511428571428572,0,9,5,0,0,true,0,0,45,86,16,14,56,86,16,14,56,0.375,0,0,0,0,7.644444444444445,0.6860823439956127,0,0,0,
1535,0.5,transect,7,3500,384,501,2615,1,1,1,random,0,0,Randomly placed,1.0185714285714285,0,9,5,0,0,true,0,0,45,59,5,7,47,59,5,7,47,0.375,0,0,0,0,5.2444444444444445,0.9027783497582028,0,0,0,
1533,0.5,transect,7,3500,384,517,2599,1,1,1,random,0,0,Randomly placed,0.9511428571428572,0,9,5,0,0,true,0,0,45,68,8,15,45,68,8,15,45,0.375,0,0,0,0,6.044444444444444,0.9102378538675485,0,0,0,
1538,0.5,transect,7,3500,359,527,2614,1,1,1,random,0,0,Randomly placed,1.054,0,9,5,0,0,true,0,0,45,74,6,12,56,74,6,12,56,0.375,0,0,0,0,6.5777777777777775,0.9971654494255822,0,0,0,
1540,0.5,transect,7,3500,344,505,2651,1,1,1,random,0,0,Randomly placed,0.978,0,9,5,0,0,true,0,0,45,78,14,6,58,78,14,6,58,0.375,0,0,0,0,6.933333333333334,0.8009206644260589,0,0,0,
1539,0.5,transect,7,3500,355,526,2619,1,1,1,random,0,0,Randomly placed,0.9637142857142857,0,9,5,0,0,true,0,0,45,88,8,12,68,88,8,12,68,0.375,0,0,0,0,7.822222222222222,0.7228120564646792,0,0,0,
1546,0.5,transect,7,3500,391,490,2619,1,1,1,random,0,0,Randomly placed,1.006,0,9,5,0,0,true,0,0,45,92,8,17,67,92,8,17,67,0.375,0,0,0,0,8.177777777777777,0.6253114020586823,0,0,0,
1541,0.5,transect,7,3500,354,496,2650,1,1,1,random,0,0,Randomly placed,0.962,0,9,5,0,0,true,0,0,45,80,8,8,64,80,8,8,64,0.375,0,0,0,0,7.111111111111111,0.687758215971546,0,0,0,
1543,0.5,transect,7,3500,335,544,2621,1,1,1,random,0,0,Randomly placed,0.986,0,9,5,0,0,true,0,0,45,75,10,10,55,75,10,10,55,0.375,0,0,0,0,6.666666666666667,0.7122308103927599,0,0,0,
1544,0.5,transect,7,3500,340,528,2632,1,1,1,random,0,0,Randomly placed,0.9648571428571427,0,9,5,0,0,true,0,0,45,73,10,13,50,73,10,13,50,0.375,0,0,0,0,6.488888888888889,0.6063938818775344,0,0,0,
1549,0.5,transect,7,3500,340,537,2623,1,1,1,random,0,0,Randomly placed,0.9802857142857143,0,9,5,0,0,true,0,0,45,77,13,10,54,77,13,10,54,0.375,0,0,0,0,6.844444444444444,0.6894913150354061,0,0,0,
1545,0.5,transect,7,3500,344,529,2627,1,1,1,random,0,0,Randomly placed,1.0334285714285714,0,9,5,0,0,true,0,0,45,81,5,15,61,81,5,15,61,0.375,0,0,0,0,7.2,0.8257228238447705,0,0,0,
1550,0.5,transect,7,3500,329,526,2645,1,1,1,random,0,0,Randomly placed,0.9534285714285715,0,9,5,0,0,true,0,0,45,70,10,7,53,70,10,7,53,0.375,0,0,0,0,6.222222222222222,0.9250683171883456,0,0,0,
1557,0.5,transect,7,3500,366,536,2598,1,1,1,random,0,0,Randomly placed,0.9945714285714286,0,9,5,0,0,true,0,0,45,81,7,12,62,81,7,12,62,0.375,0,0,0,0,7.2,0.6658243837445251,0,0,0,
1548,0.5,transect,7,3500,375,522,2603,1,1,1,random,0,0,Randomly placed,1.0265714285714285,0,9,5,0,0,true,0,0,45,82,15,13,54,82,15,13,54,0.375,0,0,0,0,7.288888888888889,0.8379130731171923,0,0,0,
1554,0.5,transect,7,3500,332,570,2598,1,1,1,random,0,0,Randomly placed,1.0162857142857142,0,9,5,0,0,true,0,0,45,75,6,16,53,75,6,16,53,0.375,0,0,0,0,6.666666666666667,0.6768912897813196,0,0,0,
1552,0.5,transect,7,3500,328,524,2648,1,1,1,random,0,0,Randomly placed,1.052857142857143,0,9,5,0,0,true,0,0,45,66,2,8,56,66,2,8,56,0.375,0,0,0,0,5.866666666666666,0.9031312920770577,0,0,0,
1542,0.5,transect,7,3500,350,530,2620,1,1,1,random,0,0,Randomly placed,1.0151428571428571,0,9,5,0,0,true,0,0,45,79,7,10,62,79,7,10,62,0.375,0,0,0,0,7.022222222222222,0.6886556116068823,0,0,0,
1555,0.5,transect,7,3500,349,523,2628,1,1,1,random,0,0,Randomly placed,0.946,0,9,5,0,0,true,0,0,45,76,5,16,55,76,5,16,55,0.375,0,0,0,0,6.7555555555555555,0.7008410873122892,0,0,0,
1558,0.5,transect,7,3500,377,513,2610,1,1,1,random,0,0,Randomly placed,0.9968571428571428,0,9,5,0,0,true,0,0,45,85,16,13,56,85,16,13,56,0.375,0,0,0,0,7.555555555555555,0.7334200717002648,0,0,0,
1561,0.5,transect,7,3500,399,518,2583,1,1,1,random,0,0,Randomly placed,1.014,0,9,5,0,0,true,0,0,45,87,12,12,63,87,12,12,63,0.375,0,0,0,0,7.733333333333333,0.7671929469409304,0,0,0,
1551,0.5,transect,7,3500,319,516,2665,1,1,1,random,0,0,Randomly placed,0.9951428571428572,0,9,5,0,0,true,0,0,45,81,2,15,64,81,2,15,64,0.375,0,0,0,0,7.2,0.8341746594772761,0,0,0,
1564,0.5,transect,7,3500,362,502,2636,1,1,1,random,0,0,Randomly placed,1.0214285714285716,0,9,5,0,0,true,0,0,45,70,9,8,53,70,9,8,53,0.375,0,0,0,0,6.222222222222222,0.679169251354298,0,0,0,
1559,0.5,transect,7,3500,376,493,2631,1,1,1,random,0,0,Randomly placed,1.0077142857142858,0,9,5,0,0,true,0,0,45,75,10,13,52,75,10,13,52,0.375,0,0,0,0,6.666666666666667,0.7348469228349535,0,0,0,
1553,0.5,transect,7,3500,343,530,2627,1,1,1,random,0,0,Randomly placed,1.0317142857142858,0,9,5,0,0,true,0,0,45,92,6,15,71,92,6,15,71,0.375,0,0,0,0,8.177777777777777,0.7870120686617719,0,0,0,
1571,0.5,transect,7,3500,351,523,2626,1,1,1,random,0,0,Randomly placed,0.9482857142857143,0,9,5,0,0,true,0,0,45,76,6,13,57,76,6,13,57,0.375,0,0,0,0,6.7555555555555555,0.7555511012718398,0,0,0,
1562,0.5,transect,7,3500,354,518,2628,1,1,1,random,0,0,Randomly placed,0.9808571428571428,0,9,5,0,0,true,0,0,45,73,9,7,57,73,9,7,57,0.375,0,0,0,0,6.488888888888889,0.746800953034896,0,0,0,
1563,0.5,transect,7,3500,332,503,2665,1,1,1,random,0,0,Randomly placed,0.9768571428571429,0,9,5,0,0,true,0,0,45,75,7,10,58,75,7,10,58,0.375,0,0,0,0,6.666666666666667,0.8090398349558904,0,0,0,
1567,0.5,transect,7,3500,366,522,2612,1,1,1,random,0,0,Randomly placed,0.9534285714285715,0,9,5,0,0,true,0,0,45,77,7,12,58,77,7,12,58,0.375,0,0,0,0,6.844444444444444,0.754019877633162,0,0,0,
1565,0.5,transect,7,3500,363,550,2587,1,1,1,random,0,0,Randomly placed,0.986,0,9,5,0,0,true,0,0,45,81,11,12,58,81,11,12,58,0.375,0,0,0,0,7.2,0.8171835785931668,0,0,0,
1566,0.5,transect,7,3500,345,519,2636,1,1,1,random,0,0,Randomly placed,0.9968571428571428,0,9,5,0,0,true,0,0,45,107,3,14,90,107,3,14,90,0.375,0,0,0,0,9.511111111111111,0.6667090138661038,0,0,0,
1573,0.5,transect,7,3500,335,551,2614,1,1,1,random,0,0,Randomly placed,0.9934285714285714,0,9,5,0,0,true,0,0,45,70,7,13,50,70,7,13,50,0.375,0,0,0,0,6.222222222222222,0.8172536479247935,0,0,0,
1568,0.5,transect,7,3500,324,518,2658,1,1,1,random,0,0,Randomly placed,1.0054285714285716,0,9,5,0,0,true,0,0,45,77,10,11,56,77,10,11,56,0.375,0,0,0,0,6.844444444444444,0.6665951090357337,0,0,0,
1560,0.5,transect,7,3500,347,519,2634,1,1,1,random,0,0,Randomly placed,0.9888571428571428,0,9,5,0,0,true,0,0,45,87,12,12,63,87,12,12,63,0.375,0,0,0,0,7.733333333333333,0.5219223921822549,0,0,0,
1572,0.5,transect,7,3500,354,531,2615,1,1,1,random,0,0,Randomly placed,1.0305714285714287,0,9,5,0,0,true,0,0,45,83,7,11,65,83,7,11,65,0.375,0,0,0,0,7.377777777777778,0.611163127519818,0,0,0,
1547,0.5,transect,7,3500,375,523,2602,1,1,1,random,0,0,Randomly placed,0.9437142857142857,0,9,5,0,0,true,0,0,45,83,5,8,70,83,5,8,70,0.375,0,0,0,0,7.377777777777778,0.6931162528843228,0,0,0,
1577,0.5,transect,7,3500,338,519,2643,1,1,1,random,0,0,Randomly placed,1.0185714285714285,0,9,5,0,0,true,0,0,45,98,5,16,77,98,5,16,77,0.375,0,0,0,0,8.71111111111111,0.6515121063239604,0,0,0,
1569,0.5,transect,7,3500,345,531,2624,1,1,1,random,0,0,Randomly placed,1.0637142857142856,0,9,5,0,0,true,0,0,45,66,11,8,47,66,11,8,47,0.375,0,0,0,0,5.866666666666666,0.9487723888426575,0,0,0,
1574,0.5,transect,7,3500,379,522,2599,1,1,1,random,0,0,Randomly placed,1.0351428571428571,0,9,5,0,0,true,0,0,45,74,9,10,55,74,9,10,55,0.375,0,0,0,0,6.5777777777777775,0.8517022793758805,0,0,0,
1576,0.5,transect,7,3500,340,541,2619,1,1,1,random,0,0,Randomly placed,0.9665714285714285,0,9,5,0,0,true,0,0,45,76,6,15,55,76,6,15,55,0.375,0,0,0,0,6.7555555555555555,0.8260801404151505,0,0,0,
1556,0.5,transect,7,3500,339,530,2631,1,1,1,random,0,0,Randomly placed,0.998,0,9,5,0,0,true,0,0,45,72,7,7,58,72,7,7,58,0.375,0,0,0,0,6.4,0.7815340392749723,0,0,0,
1575,0.5,transect,7,3500,351,518,2631,1,1,1,random,0,0,Randomly placed,0.9745714285714285,0,9,5,0,0,true,0,0,45,78,12,11,55,78,12,11,55,0.375,0,0,0,0,6.933333333333334,0.7622056835490187,0,0,0,
1582,0.5,transect,7,3500,333,552,2615,1,1,1,random,0,0,Randomly placed,0.9219999999999999,0,9,5,0,0,true,0,0,45,68,4,14,50,68,4,14,50,0.375,0,0,0,0,6.044444444444444,0.7415177785575713,0,0,0,
1578,0.5,transect,7,3500,369,548,2583,1,1,1,random,0,0,Randomly placed,1.0197142857142858,0,9,5,0,0,true,0,0,45,108,15,18,75,108,15,18,75,0.375,0,0,0,0,9.6,0.761071480203928,0,0,0,
1570,0.5,transect,7,3500,342,525,2633,1,1,1,random,0,0,Randomly placed,1.0345714285714285,0,9,5,0,0,true,0,0,45,64,7,9,48,64,7,9,48,0.375,0,0,0,0,5.688888888888889,0.8675041651557069,0,0,0,
1580,0.5,transect,7,3500,344,537,2619,1,1,1,random,0,0,Randomly placed,0.9757142857142858,0,9,5,0,0,true,0,0,45,70,9,11,50,70,9,11,50,0.375,0,0,0,0,6.222222222222222,0.7939357352849934,0,0,0,
1583,0.5,transect,7,3500,348,510,2642,1,1,1,random,0,0,Randomly placed,1.006,0,9,5,0,0,true,0,0,45,84,10,10,64,84,10,10,64,0.375,0,0,0,0,7.466666666666667,0.7096031580605453,0,0,0,
1579,0.5,transect,7,3500,380,501,2619,1,1,1,random,0,0,Randomly placed,1.0362857142857143,0,9,5,0,0,true,0,0,45,77,9,11,57,77,9,11,57,0.375,0,0,0,0,6.844444444444444,0.689491315035406,0,0,0,
1581,0.5,transect,7,3500,348,542,2610,1,1,1,random,0,0,Randomly placed,0.974,0,9,5,0,0,true,0,0,45,90,6,20,64,90,6,20,64,0.375,0,0,0,0,8,0.6571287406727709,0,0,0,
1584,0.5,transect,7,3500,346,525,2629,1,1,1,random,0,0,Randomly placed,1.0391428571428571,0,9,5,0,0,true,0,0,45,83,8,9,66,83,8,9,66,0.375,0,0,0,0,7.377777777777778,0.8251233009138866,0,0,0,
1585,0.5,transect,7,3500,364,522,2614,1,1,1,random,0,0,Randomly placed,0.9962857142857143,0,9,5,0,0,true,0,0,45,88,8,10,70,88,8,10,70,0.375,0,0,0,0,7.822222222222222,0.7549843764709647,0,0,0,
1588,0.5,transect,7,3500,370,527,2603,1,1,1,random,0,0,Randomly placed,1.0728571428571427,0,9,5,0,0,true,0,0,45,69,10,10,49,69,10,10,49,0.375,0,0,0,0,6.133333333333334,0.75648084937881,0,0,0,
1589,0.5,transect,7,3500,352,513,2635,1,1,1,random,0,0,Randomly placed,1.0362857142857143,0,9,5,0,0,true,0,0,45,70,7,10,53,70,7,10,53,0.375,0,0,0,0,6.222222222222222,0.8172536479247934,0,0,0,
1591,0.5,transect,7,3500,353,560,2587,1,1,1,random,0,0,Randomly placed,0.9694285714285714,0,9,5,0,0,true,0,0,45,75,5,9,61,75,5,9,61,0.375,0,0,0,0,6.666666666666667,0.6768912897813197,0,0,0,
1602,0.5,transect,0.01,5,1,1,3,0.7,0.7,0.7,random,0,0,Randomly placed,0.9975000000000694,0,9,5,0,0,true,0,0,45,0,0,0,0,0,0,0,0,0.375,0,0,0,0,0,NA,0,0,0,
1593,0.5,transect,7,3500,351,528,2621,1,1,1,random,0,0,Randomly placed,1.0505714285714285,0,9,5,0,0,true,0,0,45,70,8,9,53,70,8,9,53,0.375,0,0,0,0,6.222222222222222,0.7939357352849933,0,0,0,
1601,0.5,transect,0.01,5,1,0,4,0.7,0.7,0.7,random,0,0,Randomly placed,0.9975000000000551,0,9,5,0,0,true,0,0,45,0,0,0,0,0,0,0,0,0.375,0,0,0,0,0,NA,0,0,0,
1604,0.5,transect,0.01,5,0,1,4,0.7,0.7,0.7,random,0,0,Randomly placed,0.9975000000000395,0,9,5,0,0,true,0,0,45,1,0,0,1,1,0,0,1,0.375,0,0,0,0,0.08888888888888889,6.708203932499371,0,0,0,
1594,0.5,transect,7,3500,377,495,2628,1,1,1,random,0,0,Randomly placed,1.0271428571428571,0,9,5,0,0,true,0,0,45,67,7,13,47,67,7,13,47,0.375,0,0,0,0,5.955555555555556,1.008705700841983,0,0,0,
1603,0.5,transect,0.01,5,0,0,5,0.7,0.7,0.7,random,0,0,Randomly placed,0.9975000000000745,0,9,5,0,0,true,0,0,45,0,0,0,0,0,0,0,0,0.375,0,0,0,0,0,NA,0,0,0,
1606,0.5,transect,0.01,5,0,1,4,0.7,0.7,0.7,random,0,0,Randomly placed,0.9975000000000628,0,9,5,0,0,true,0,0,45,0,0,0,0,0,0,0,0,0.375,0,0,0,0,0,NA,0,0,0,
1605,0.5,transect,0.01,5,0,1,4,0.7,0.7,0.7,random,0,0,Randomly placed,0.9975000000000431,0,9,5,0,0,true,0,0,45,0,0,0,0,0,0,0,0,0.375,0,0,0,0,0,NA,0,0,0,
1590,0.5,transect,7,3500,372,518,2610,1,1,1,random,0,0,Randomly placed,1.016857142857143,0,9,5,0,0,true,0,0,45,76,8,16,52,76,8,16,52,0.375,0,0,0,0,6.7555555555555555,0.7121194261208403,0,0,0,
1592,0.5,transect,7,3500,335,524,2641,1,1,1,random,0,0,Randomly placed,1.0145714285714287,0,9,5,0,0,true,0,0,45,97,7,17,73,97,7,17,73,0.375,0,0,0,0,8.622222222222222,0.6920387783225246,0,0,0,
1607,0.5,transect,0.01,5,0,2,3,0.7,0.7,0.7,random,0,0,Randomly placed,0.9975000000000187,0,9,5,0,0,true,0,0,45,0,0,0,0,0,0,0,0,0.375,0,0,0,0,0,NA,0,0,0,
1608,0.5,transect,0.01,5,0,0,5,0.7,0.7,0.7,random,0,0,Randomly placed,0.9975000000000666,0,9,5,0,0,true,0,0,45,0,0,0,0,0,0,0,0,0.375,0,0,0,0,0,NA,0,0,0,
1587,0.5,transect,7,3500,348,507,2645,1,1,1,random,0,0,Randomly placed,1.0254285714285714,0,9,5,0,0,true,0,0,45,97,7,15,75,97,7,15,75,0.375,0,0,0,0,8.622222222222222,0.7265199149195786,0,0,0,
1611,0.5,transect,0.01,5,0,0,5,0.7,0.7,0.7,random,0,0,Randomly placed,0.9975000000000389,0,9,5,0,0,true,0,0,45,0,0,0,0,0,0,0,0,0.375,0,0,0,0,0,NA,0,0,0,
1609,0.5,transect,0.01,5,1,0,4,0.7,0.7,0.7,random,0,0,Randomly placed,0.9975000000000329,0,9,5,0,0,true,0,0,45,0,0,0,0,0,0,0,0,0.375,0,0,0,0,0,NA,0,0,0,
1613,0.5,transect,0.01,5,1,0,4,0.7,0.7,0.7,random,0,0,Randomly placed,0.9975000000000062,0,9,5,0,0,true,0,0,45,1,0,0,1,1,0,0,1,0.375,0,0,0,0,0.08888888888888889,6.708203932499371,0,0,0,
1586,0.5,transect,7,3500,335,534,2631,1,1,1,random,0,0,Randomly placed,0.9802857142857143,0,9,5,0,0,true,0,0,45,84,10,12,62,84,10,12,62,0.375,0,0,0,0,7.466666666666667,0.779677220212311,0,0,0,
1615,0.5,transect,0.01,5,0,0,5,0.7,0.7,0.7,random,0,0,Randomly placed,0.9975000000000459,0,9,5,0,0,true,0,0,45,0,0,0,0,0,0,0,0,0.375,0,0,0,0,0,NA,0,0,0,
1612,0.5,transect,0.01,5,0,2,3,0.7,0.7,0.7,random,0,0,Randomly placed,0.9975000000000263,0,9,5,0,0,true,0,0,45,0,0,0,0,0,0,0,0,0.375,0,0,0,0,0,NA,0,0,0,
1610,0.5,transect,0.01,5,0,0,5,0.7,0.7,0.7,random,0,0,Randomly placed,0.9975000000000449,0,9,5,0,0,true,0,0,45,0,0,0,0,0,0,0,0,0.375,0,0,0,0,0,NA,0,0,0,
1617,0.5,transect,0.01,5,0,1,4,0.7,0.7,0.7,random,0,0,Randomly placed,0.997500000000029,0,9,5,0,0,true,0,0,45,0,0,0,0,0,0,0,0,0.375,0,0,0,0,0,NA,0,0,0,
1596,0.5,transect,7,3500,362,520,2618,1,1,1,random,0,0,Randomly placed,1.0317142857142858,0,9,5,0,0,true,0,0,45,78,11,9,58,78,11,9,58,0.375,0,0,0,0,6.933333333333334,0.655489502096559,0,0,0,
1597,0.5,transect,7,3500,345,499,2656,1,1,1,random,0,0,Randomly placed,0.9882857142857143,0,9,5,0,0,true,0,0,45,69,8,5,56,69,8,5,56,0.375,0,0,0,0,6.133333333333334,0.7035128999616439,0,0,0,
1616,0.5,transect,0.01,5,0,0,5,0.7,0.7,0.7,random,0,0,Randomly placed,0.9975000000000386,0,9,5,0,0,true,0,0,45,0,0,0,0,0,0,0,0,0.375,0,0,0,0,0,NA,0,0,0,
1614,0.5,transect,0.01,5,0,1,4,0.7,0.7,0.7,random,0,0,Randomly placed,0.9975000000000277,0,9,5,0,0,true,0,0,45,0,0,0,0,0,0,0,0,0.375,0,0,0,0,0,NA,0,0,0,
1618,0.5,transect,0.01,5,1,0,4,0.7,0.7,0.7,random,0,0,Randomly placed,0.9975000000000287,0,9,5,0,0,true,0,0,45,1,0,0,1,1,0,0,1,0.375,0,0,0,0,0.08888888888888889,6.70820393249937,0,0,0,
1619,0.5,transect,0.01,5,0,0,5,0.7,0.7,0.7,random,0,0,Randomly placed,0.9975000000000237,0,9,5,0,0,true,0,0,45,0,0,0,0,0,0,0,0,0.375,0,0,0,0,0,NA,0,0,0,
1595,0.5,transect,7,3500,366,514,2620,1,1,1,random,0,0,Randomly placed,0.9825714285714285,0,9,5,0,0,true,0,0,45,69,5,12,52,69,5,12,52,0.375,0,0,0,0,6.133333333333334,0.8178810239316238,0,0,0,
1622,0.5,transect,0.01,5,0,1,4,0.7,0.7,0.7,random,0,0,Randomly placed,0.9975000000000724,0,9,5,0,0,true,0,0,45,0,0,0,0,0,0,0,0,0.375,0,0,0,0,0,NA,0,0,0,
1620,0.5,transect,0.01,5,0,0,5,0.7,0.7,0.7,random,0,0,Randomly placed,0.997500000000056,0,9,5,0,0,true,0,0,45,0,0,0,0,0,0,0,0,0.375,0,0,0,0,0,NA,0,0,0,
1599,0.5,transect,7,3500,346,546,2608,1,1,1,random,0,0,Randomly placed,1.0454285714285714,0,9,5,0,0,true,0,0,45,101,9,12,80,101,9,12,80,0.375,0,0,0,0,8.977777777777778,0.6990388409621324,0,0,0,
1621,0.5,transect,0.01,5,0,1,4,0.7,0.7,0.7,random,0,0,Randomly placed,0.9975000000000327,0,9,5,0,0,true,0,0,45,0,0,0,0,0,0,0,0,0.375,0,0,0,0,0,NA,0,0,0,
1600,0.5,transect,7,3500,370,517,2613,1,1,1,random,0,0,Randomly placed,1.002,0,9,5,0,0,true,0,0,45,79,9,12,58,79,9,12,58,0.375,0,0,0,0,7.022222222222222,0.5315222608931812,0,0,0,
1598,0.5,transect,7,3500,356,460,2684,1,1,1,random,0,0,Randomly placed,1.0677142857142858,0,9,5,0,0,true,0,0,45,86,11,16,59,86,11,16,59,0.375,0,0,0,0,7.644444444444445,0.6860823439956127,0,0,0,
1624,0.5,transect,0.01,5,0,1,4,0.7,0.7,0.7,random,0,0,Randomly placed,0.9975000000000431,0,9,5,0,0,true,0,0,45,0,0,0,0,0,0,0,0,0.375,0,0,0,0,0,NA,0,0,0,
1630,0.5,transect,0.01,5,1,0,4,0.7,0.7,0.7,random,0,0,Randomly placed,0.9975000000000653,0,9,5,0,0,true,0,0,45,0,0,0,0,0,0,0,0,0.375,0,0,0,0,0,NA,0,0,0,
1623,0.5,transect,0.01,5,0,1,4,0.7,0.7,0.7,random,0,0,Randomly placed,0.9975000000000468,0,9,5,0,0,true,0,0,45,0,0,0,0,0,0,0,0,0.375,0,0,0,0,0,NA,0,0,0,
1626,0.5,transect,0.01,5,1,2,2,0.7,0.7,0.7,random,0,0,Randomly placed,0.9975000000000639,0,9,5,0,0,true,0,0,45,0,0,0,0,0,0,0,0,0.375,0,0,0,0,0,NA,0,0,0,
1634,0.5,transect,0.01,5,0,0,5,0.7,0.7,0.7,random,0,0,Randomly placed,0.9975000000000206,0,9,5,0,0,true,0,0,45,0,0,0,0,0,0,0,0,0.375,0,0,0,0,0,NA,0,0,0,
1628,0.5,transect,0.01,5,0,1,4,0.7,0.7,0.7,random,0,0,Randomly placed,0.9975000000000207,0,9,5,0,0,true,0,0,45,0,0,0,0,0,0,0,0,0.375,0,0,0,0,0,NA,0,0,0,
1627,0.5,transect,0.01,5,0,1,4,0.7,0.7,0.7,random,0,0,Randomly placed,0.9975000000000329,0,9,5,0,0,true,0,0,45,0,0,0,0,0,0,0,0,0.375,0,0,0,0,0,NA,0,0,0,
1631,0.5,transect,0.01,5,1,1,3,0.7,0.7,0.7,random,0,0,Randomly placed,0.9975000000000156,0,9,5,0,0,true,0,0,45,0,0,0,0,0,0,0,0,0.375,0,0,0,0,0,NA,0,0,0,
1635,0.5,transect,0.01,5,0,0,5,0.7,0.7,0.7,random,0,0,Randomly placed,0.9975000000000539,0,9,5,0,0,true,0,0,45,1,0,0,1,1,0,0,1,0.375,0,0,0,0,0.08888888888888889,6.708203932499369,0,0,0,
1633,0.5,transect,0.01,5,0,0,5,0.7,0.7,0.7,random,0,0,Randomly placed,0.9975000000000487,0,9,5,0,0,true,0,0,45,0,0,0,0,0,0,0,0,0.375,0,0,0,0,0,NA,0,0,0,
1625,0.5,transect,0.01,5,0,1,4,0.7,0.7,0.7,random,0,0,Randomly placed,0.9975000000000558,0,9,5,0,0,true,0,0,45,0,0,0,0,0,0,0,0,0.375,0,0,0,0,0,NA,0,0,0,
1632,0.5,transect,0.01,5,0,2,3,0.7,0.7,0.7,random,0,0,Randomly placed,0.997500000000056,0,9,5,0,0,true,0,0,45,0,0,0,0,0,0,0,0,0.375,0,0,0,0,0,NA,0,0,0,
1636,0.5,transect,0.01,5,0,0,5,0.7,0.7,0.7,random,0,0,Randomly placed,0.9975000000000299,0,9,5,0,0,true,0,0,45,0,0,0,0,0,0,0,0,0.375,0,0,0,0,0,NA,0,0,0,
1629,0.5,transect,0.01,5,0,1,4,0.7,0.7,0.7,random,0,0,Randomly placed,0.9975000000000157,0,9,5,0,0,true,0,0,45,0,0,0,0,0,0,0,0,0.375,0,0,0,0,0,NA,0,0,0,
1637,0.5,transect,0.01,5,0,2,3,0.7,0.7,0.7,random,0,0,Randomly placed,0.9975000000000132,0,9,5,0,0,true,0,0,45,0,0,0,0,0,0,0,0,0.375,0,0,0,0,0,NA,0,0,0,
1643,0.5,transect,0.01,5,0,1,4,0.7,0.7,0.7,random,0,0,Randomly placed,0.9975000000000631,0,9,5,0,0,true,0,0,45,0,0,0,0,0,0,0,0,0.375,0,0,0,0,0,NA,0,0,0,
1640,0.5,transect,0.01,5,1,2,2,0.7,0.7,0.7,random,0,0,Randomly placed,0.9975000000000247,0,9,5,0,0,true,0,0,45,1,0,1,0,1,0,1,0,0.375,0,0,0,0,0.08888888888888889,6.708203932499369,0,0,0,
1638,0.5,transect,0.01,5,0,2,3,0.7,0.7,0.7,random,0,0,Randomly placed,0.9975000000000394,0,9,5,0,0,true,0,0,45,0,0,0,0,0,0,0,0,0.375,0,0,0,0,0,NA,0,0,0,
1644,0.5,transect,0.01,5,0,0,5,0.7,0.7,0.7,random,0,0,Randomly placed,0.9975000000000275,0,9,5,0,0,true,0,0,45,0,0,0,0,0,0,0,0,0.375,0,0,0,0,0,NA,0,0,0,
1642,0.5,transect,0.01,5,1,1,3,0.7,0.7,0.7,random,0,0,Randomly placed,0.9975000000000132,0,9,5,0,0,true,0,0,45,0,0,0,0,0,0,0,0,0.375,0,0,0,0,0,NA,0,0,0,
1639,0.5,transect,0.01,5,1,1,3,0.7,0.7,0.7,random,0,0,Randomly placed,0.997500000000035,0,9,5,0,0,true,0,0,45,0,0,0,0,0,0,0,0,0.375,0,0,0,0,0,NA,0,0,0,
1648,0.5,transect,0.01,5,1,0,4,0.7,0.7,0.7,random,0,0,Randomly placed,0.997500000000036,0,9,5,0,0,true,0,0,45,0,0,0,0,0,0,0,0,0.375,0,0,0,0,0,NA,0,0,0,
1645,0.5,transect,0.01,5,2,0,3,0.7,0.7,0.7,random,0,0,Randomly placed,0.9975000000000247,0,9,5,0,0,true,0,0,45,0,0,0,0,0,0,0,0,0.375,0,0,0,0,0,NA,0,0,0,
1641,0.5,transect,0.01,5,0,1,4,0.7,0.7,0.7,random,0,0,Randomly placed,0.9975000000000445,0,9,5,0,0,true,0,0,45,1,0,0,1,1,0,0,1,0.375,0,0,0,0,0.08888888888888889,6.708203932499369,0,0,0,
1649,0.5,transect,0.01,5,1,1,3,0.7,0.7,0.7,random,0,0,Randomly placed,0.9975000000000148,0,9,5,0,0,true,0,0,45,0,0,0,0,0,0,0,0,0.375,0,0,0,0,0,NA,0,0,0,
1646,0.5,transect,0.01,5,0,0,5,0.7,0.7,0.7,random,0,0,Randomly placed,0.9975000000000324,0,9,5,0,0,true,0,0,45,0,0,0,0,0,0,0,0,0.375,0,0,0,0,0,NA,0,0,0,
1650,0.5,transect,0.01,5,0,1,4,0.7,0.7,0.7,random,0,0,Randomly placed,0.9975000000000461,0,9,5,0,0,true,0,0,45,0,0,0,0,0,0,0,0,0.375,0,0,0,0,0,NA,0,0,0,
1647,0.5,transect,0.01,5,2,0,3,0.7,0.7,0.7,random,0,0,Randomly placed,0.9975000000000277,0,9,5,0,0,true,0,0,45,1,0,0,1,0,0,0,0,0.375,0,0,0,0,0,NA,0,0,0,
1651,0.5,transect,0.01,5,1,1,3,0.7,0.7,0.7,random,0,0,Randomly placed,0.9975000000000674,0,9,5,0,0,true,0,0,45,0,0,0,0,0,0,0,0,0.375,0,0,0,0,0,NA,0,0,0,
1655,0.5,transect,0.01,5,0,0,5,0.7,0.7,0.7,random,0,0,Randomly placed,0.9975000000000211,0,9,5,0,0,true,0,0,45,0,0,0,0,0,0,0,0,0.375,0,0,0,0,0,NA,0,0,0,
1653,0.5,transect,0.01,5,0,0,5,0.7,0.7,0.7,random,0,0,Randomly placed,0.9975000000000301,0,9,5,0,0,true,0,0,45,0,0,0,0,0,0,0,0,0.375,0,0,0,0,0,NA,0,0,0,
1654,0.5,transect,0.01,5,0,0,5,0.7,0.7,0.7,random,0,0,Randomly placed,0.9975000000000601,0,9,5,0,0,true,0,0,45,1,0,0,1,1,0,0,1,0.375,0,0,0,0,0.08888888888888889,6.70820393249937,0,0,0,
1656,0.5,transect,0.01,5,2,1,2,0.7,0.7,0.7,random,0,0,Randomly placed,0.9975000000000454,0,9,5,0,0,true,0,0,45,0,0,0,0,0,0,0,0,0.375,0,0,0,0,0,NA,0,0,0,
1658,0.5,transect,0.01,5,0,1,4,0.7,0.7,0.7,random,0,0,Randomly placed,0.9975000000000372,0,9,5,0,0,true,0,0,45,0,0,0,0,0,0,0,0,0.375,0,0,0,0,0,NA,0,0,0,
1657,0.5,transect,0.01,5,0,1,4,0.7,0.7,0.7,random,0,0,Randomly placed,0.9975000000000641,0,9,5,0,0,true,0,0,45,0,0,0,0,0,0,0,0,0.375,0,0,0,0,0,NA,0,0,0,
1659,0.5,transect,0.01,5,0,1,4,0.7,0.7,0.7,random,0,0,Randomly placed,0.9975000000000421,0,9,5,0,0,true,0,0,45,0,0,0,0,0,0,0,0,0.375,0,0,0,0,0,NA,0,0,0,
1652,0.5,transect,0.01,5,0,1,4,0.7,0.7,0.7,random,0,0,Randomly placed,0.997500000000032,0,9,5,0,0,true,0,0,45,0,0,0,0,0,0,0,0,0.375,0,0,0,0,0,NA,0,0,0,
1660,0.5,transect,0.01,5,1,1,3,0.7,0.7,0.7,random,0,0,Randomly placed,0.9975000000000278,0,9,5,0,0,true,0,0,45,0,0,0,0,0,0,0,0,0.375,0,0,0,0,0,NA,0,0,0,
1665,0.5,transect,0.01,5,3,0,2,0.7,0.7,0.7,random,0,0,Randomly placed,0.997500000000044,0,9,5,0,0,true,0,0,45,0,0,0,0,0,0,0,0,0.375,0,0,0,0,0,NA,0,0,0,
1663,0.5,transect,0.01,5,0,2,3,0.7,0.7,0.7,random,0,0,Randomly placed,0.9975000000000388,0,9,5,0,0,true,0,0,45,0,0,0,0,0,0,0,0,0.375,0,0,0,0,0,NA,0,0,0,
1662,0.5,transect,0.01,5,1,0,4,0.7,0.7,0.7,random,0,0,Randomly placed,0.9975000000000601,0,9,5,0,0,true,0,0,45,0,0,0,0,0,0,0,0,0.375,0,0,0,0,0,NA,0,0,0,
1664,0.5,transect,0.01,5,2,0,3,0.7,0.7,0.7,random,0,0,Randomly placed,0.9975000000000576,0,9,5,0,0,true,0,0,45,0,0,0,0,0,0,0,0,0.375,0,0,0,0,0,NA,0,0,0,
1666,0.5,transect,0.01,5,1,0,4,0.7,0.7,0.7,random,0,0,Randomly placed,0.9975000000000518,0,9,5,0,0,true,0,0,45,0,0,0,0,0,0,0,0,0.375,0,0,0,0,0,NA,0,0,0,
1661,0.5,transect,0.01,5,1,2,2,0.7,0.7,0.7,random,0,0,Randomly placed,0.9975000000000366,0,9,5,0,0,true,0,0,45,1,0,0,1,1,0,0,1,0.375,0,0,0,0,0.08888888888888889,6.70820393249937,0,0,0,
1668,0.5,transect,0.01,5,1,1,3,0.7,0.7,0.7,random,0,0,Randomly placed,0.9975000000000311,0,9,5,0,0,true,0,0,45,0,0,0,0,0,0,0,0,0.375,0,0,0,0,0,NA,0,0,0,
1670,0.5,transect,0.01,5,0,0,5,0.7,0.7,0.7,random,0,0,Randomly placed,0.997500000000028,0,9,5,0,0,true,0,0,45,0,0,0,0,0,0,0,0,0.375,0,0,0,0,0,NA,0,0,0,
1667,0.5,transect,0.01,5,0,1,4,0.7,0.7,0.7,random,0,0,Randomly placed,0.9975000000000603,0,9,5,0,0,true,0,0,45,0,0,0,0,0,0,0,0,0.375,0,0,0,0,0,NA,0,0,0,
1671,0.5,transect,0.01,5,1,0,4,0.7,0.7,0.7,random,0,0,Randomly placed,0.9975000000000508,0,9,5,0,0,true,0,0,45,0,0,0,0,0,0,0,0,0.375,0,0,0,0,0,NA,0,0,0,
1673,0.5,transect,0.01,5,0,1,4,0.7,0.7,0.7,random,0,0,Randomly placed,0.9975000000000394,0,9,5,0,0,true,0,0,45,0,0,0,0,0,0,0,0,0.375,0,0,0,0,0,NA,0,0,0,
1669,0.5,transect,0.01,5,1,0,4,0.7,0.7,0.7,random,0,0,Randomly placed,0.9975000000000447,0,9,5,0,0,true,0,0,45,0,0,0,0,0,0,0,0,0.375,0,0,0,0,0,NA,0,0,0,
1672,0.5,transect,0.01,5,0,1,4,0.7,0.7,0.7,random,0,0,Randomly placed,0.997500000000073,0,9,5,0,0,true,0,0,45,0,0,0,0,0,0,0,0,0.375,0,0,0,0,0,NA,0,0,0,
1676,0.5,transect,0.01,5,0,1,4,0.7,0.7,0.7,random,0,0,Randomly placed,0.9975000000000271,0,9,5,0,0,true,0,0,45,0,0,0,0,0,0,0,0,0.375,0,0,0,0,0,NA,0,0,0,
1677,0.5,transect,0.01,5,1,3,1,0.7,0.7,0.7,random,0,0,Randomly placed,0.9975000000000631,0,9,5,0,0,true,0,0,45,0,0,0,0,0,0,0,0,0.375,0,0,0,0,0,NA,0,0,0,
1674,0.5,transect,0.01,5,1,1,3,0.7,0.7,0.7,random,0,0,Randomly placed,0.9975000000000644,0,9,5,0,0,true,0,0,45,2,0,1,1,1,0,0,1,0.375,0,0,0,0,0.08888888888888889,6.70820393249937,0,0,0,
1678,0.5,transect,0.01,5,1,0,4,0.7,0.7,0.7,random,0,0,Randomly placed,0.9975000000000369,0,9,5,0,0,true,0,0,45,0,0,0,0,0,0,0,0,0.375,0,0,0,0,0,NA,0,0,0,
1680,0.5,transect,0.01,5,1,1,3,0.7,0.7,0.7,random,0,0,Randomly placed,0.9975000000000421,0,9,5,0,0,true,0,0,45,0,0,0,0,0,0,0,0,0.375,0,0,0,0,0,NA,0,0,0,
1683,0.5,transect,0.01,5,0,2,3,0.7,0.7,0.7,random,0,0,Randomly placed,0.9975000000000444,0,9,5,0,0,true,0,0,45,0,0,0,0,0,0,0,0,0.375,0,0,0,0,0,NA,0,0,0,
1681,0.5,transect,0.01,5,0,0,5,0.7,0.7,0.7,random,0,0,Randomly placed,0.9975000000000167,0,9,5,0,0,true,0,0,45,0,0,0,0,0,0,0,0,0.375,0,0,0,0,0,NA,0,0,0,
1682,0.5,transect,0.01,5,1,1,3,0.7,0.7,0.7,random,0,0,Randomly placed,0.9975000000000401,0,9,5,0,0,true,0,0,45,0,0,0,0,0,0,0,0,0.375,0,0,0,0,0,NA,0,0,0,
1679,0.5,transect,0.01,5,0,0,5,0.7,0.7,0.7,random,0,0,Randomly placed,0.9975000000000298,0,9,5,0,0,true,0,0,45,0,0,0,0,0,0,0,0,0.375,0,0,0,0,0,NA,0,0,0,
1675,0.5,transect,0.01,5,1,0,4,0.7,0.7,0.7,random,0,0,Randomly placed,0.9975000000000305,0,9,5,0,0,true,0,0,45,0,0,0,0,0,0,0,0,0.375,0,0,0,0,0,NA,0,0,0,
1686,0.5,transect,0.01,5,0,1,4,0.7,0.7,0.7,random,0,0,Randomly placed,0.9975000000000558,0,9,5,0,0,true,0,0,45,0,0,0,0,0,0,0,0,0.375,0,0,0,0,0,NA,0,0,0,
1685,0.5,transect,0.01,5,0,0,5,0.7,0.7,0.7,random,0,0,Randomly placed,0.9975000000000598,0,9,5,0,0,true,0,0,45,0,0,0,0,0,0,0,0,0.375,0,0,0,0,0,NA,0,0,0,
1687,0.5,transect,0.01,5,0,1,4,0.7,0.7,0.7,random,0,0,Randomly placed,0.9975000000000626,0,9,5,0,0,true,0,0,45,0,0,0,0,0,0,0,0,0.375,0,0,0,0,0,NA,0,0,0,
1692,0.5,transect,0.01,5,0,0,5,0.7,0.7,0.7,random,0,0,Randomly placed,0.9975000000000322,0,9,5,0,0,true,0,0,45,0,0,0,0,0,0,0,0,0.375,0,0,0,0,0,NA,0,0,0,
1689,0.5,transect,0.01,5,1,1,3,0.7,0.7,0.7,random,0,0,Randomly placed,0.9975000000000456,0,9,5,0,0,true,0,0,45,0,0,0,0,0,0,0,0,0.375,0,0,0,0,0,NA,0,0,0,
1691,0.5,transect,0.01,5,1,0,4,0.7,0.7,0.7,random,0,0,Randomly placed,0.9975000000000565,0,9,5,0,0,true,0,0,45,0,0,0,0,0,0,0,0,0.375,0,0,0,0,0,NA,0,0,0,
1693,0.5,transect,0.01,5,0,0,5,0.7,0.7,0.7,random,0,0,Randomly placed,0.9975000000000299,0,9,5,0,0,true,0,0,45,0,0,0,0,0,0,0,0,0.375,0,0,0,0,0,NA,0,0,0,
1684,0.5,transect,0.01,5,0,1,4,0.7,0.7,0.7,random,0,0,Randomly placed,0.9975000000000108,0,9,5,0,0,true,0,0,45,0,0,0,0,0,0,0,0,0.375,0,0,0,0,0,NA,0,0,0,
1695,0.5,transect,0.01,5,0,2,3,0.7,0.7,0.7,random,0,0,Randomly placed,0.9975000000000163,0,9,5,0,0,true,0,0,45,0,0,0,0,0,0,0,0,0.375,0,0,0,0,0,NA,0,0,0,
1690,0.5,transect,0.01,5,1,1,3,0.7,0.7,0.7,random,0,0,Randomly placed,0.9975000000000306,0,9,5,0,0,true,0,0,45,0,0,0,0,0,0,0,0,0.375,0,0,0,0,0,NA,0,0,0,
1688,0.5,transect,0.01,5,0,0,5,0.7,0.7,0.7,random,0,0,Randomly placed,0.9975000000000676,0,9,5,0,0,true,0,0,45,0,0,0,0,0,0,0,0,0.375,0,0,0,0,0,NA,0,0,0,
1694,0.5,transect,0.01,5,0,2,3,0.7,0.7,0.7,random,0,0,Randomly placed,0.997500000000048,0,9,5,0,0,true,0,0,45,0,0,0,0,0,0,0,0,0.375,0,0,0,0,0,NA,0,0,0,
1697,0.5,transect,0.01,5,2,2,1,0.7,0.7,0.7,random,0,0,Randomly placed,0.9975000000000667,0,9,5,0,0,true,0,0,45,0,0,0,0,0,0,0,0,0.375,0,0,0,0,0,NA,0,0,0,
1696,0.5,transect,0.01,5,0,1,4,0.7,0.7,0.7,random,0,0,Randomly placed,0.997500000000027,0,9,5,0,0,true,0,0,45,0,0,0,0,0,0,0,0,0.375,0,0,0,0,0,NA,0,0,0,
1698,0.5,transect,0.01,5,0,0,5,0.7,0.7,0.7,random,0,0,Randomly placed,0.9975000000000489,0,9,5,0,0,true,0,0,45,0,0,0,0,0,0,0,0,0.375,0,0,0,0,0,NA,0,0,0,
1699,0.5,transect,0.01,5,0,2,3,0.7,0.7,0.7,random,0,0,Randomly placed,0.9975000000000139,0,9,5,0,0,true,0,0,45,0,0,0,0,0,0,0,0,0.375,0,0,0,0,0,NA,0,0,0,
1700,0.5,transect,0.01,5,2,0,3,0.7,0.7,0.7,random,0,0,Randomly placed,0.9975000000000332,0,9,5,0,0,true,0,0,45,0,0,0,0,0,0,0,0,0.375,0,0,0,0,0,NA,0,0,0,
1701,0.5,transect,0.1,50,5,7,38,0.7,0.7,0.7,random,0,0,Randomly placed,0.9749999999999828,0,9,5,0,0,true,0,0,45,0,0,0,0,0,0,0,0,0.375,0,0,0,0,0,NA,0,0,0,
1702,0.5,transect,0.1,50,3,8,39,0.7,0.7,0.7,random,0,0,Randomly placed,0.9749999999999823,0,9,5,0,0,true,0,0,45,1,0,0,1,1,0,0,1,0.375,0,0,0,0,0.08888888888888889,6.70820393249937,0,0,0,
1703,0.5,transect,0.1,50,5,3,42,0.7,0.7,0.7,random,0,0,Randomly placed,0.9749999999999811,0,9,5,0,0,true,0,0,45,0,0,0,0,0,0,0,0,0.375,0,0,0,0,0,NA,0,0,0,
1704,0.5,transect,0.1,50,4,10,36,0.7,0.7,0.7,random,0,0,Randomly placed,1.0149999999999846,0,9,5,0,0,true,0,0,45,5,0,1,4,4,0,1,3,0.375,0,0,0,0,0.35555555555555557,4.029366631934288,0,0,0,
1705,0.5,transect,0.1,50,4,7,39,0.7,0.7,0.7,random,0,0,Randomly placed,1.0149999999999832,0,9,5,0,0,true,0,0,45,2,0,0,2,2,0,0,2,0.375,0,0,0,0,0.17777777777777778,4.689204235649837,0,0,0,
1706,0.5,transect,0.1,50,4,6,40,0.7,0.7,0.7,random,0,0,Randomly placed,0.9749999999999828,0,9,5,0,0,true,0,0,45,0,0,0,0,0,0,0,0,0.375,0,0,0,0,0,NA,0,0,0,
1707,0.5,transect,0.1,50,8,5,37,0.7,0.7,0.7,random,0,0,Randomly placed,0.9749999999999845,0,9,5,0,0,true,0,0,45,1,0,1,0,1,0,1,0,0.375,0,0,0,0,0.08888888888888889,6.70820393249937,0,0,0,
1708,0.5,transect,0.1,50,8,4,38,0.7,0.7,0.7,random,0,0,Randomly placed,0.9749999999999843,0,9,5,0,0,true,0,0,45,0,0,0,0,0,0,0,0,0.375,0,0,0,0,0,NA,0,0,0,
1709,0.5,transect,0.1,50,4,9,37,0.7,0.7,0.7,random,0,0,Randomly placed,1.0149999999999852,0,9,5,0,0,true,0,0,45,0,0,0,0,0,0,0,0,0.375,0,0,0,0,0,NA,0,0,0,
1710,0.5,transect,0.1,50,4,6,40,0.7,0.7,0.7,random,0,0,Randomly placed,1.0149999999999841,0,9,5,0,0,true,0,0,45,0,0,0,0,0,0,0,0,0.375,0,0,0,0,0,NA,0,0,0,
1711,0.5,transect,0.1,50,5,8,37,0.7,0.7,0.7,random,0,0,Randomly placed,0.9749999999999821,0,9,5,0,0,true,0,0,45,2,2,0,0,1,1,0,0,0.375,0,0,0,0,0.08888888888888889,6.708203932499369,0,0,0,
1712,0.5,transect,0.1,50,4,5,41,0.7,0.7,0.7,random,0,0,Randomly placed,1.0549999999999793,0,9,5,0,0,true,0,0,45,2,0,0,2,1,0,0,1,0.375,0,0,0,0,0.08888888888888889,6.70820393249937,0,0,0,
1713,0.5,transect,0.1,50,9,8,33,0.7,0.7,0.7,random,0,0,Randomly placed,1.0149999999999797,0,9,5,0,0,true,0,0,45,1,1,0,0,1,1,0,0,0.375,0,0,0,0,0.08888888888888889,6.70820393249937,0,0,0,
1714,0.5,transect,0.1,50,7,9,34,0.7,0.7,0.7,random,0,0,Randomly placed,0.9749999999999809,0,9,5,0,0,true,0,0,45,2,0,0,2,0,0,0,0,0.375,0,0,0,0,0,NA,0,0,0,
1715,0.5,transect,0.1,50,5,8,37,0.7,0.7,0.7,random,0,0,Randomly placed,0.9749999999999815,0,9,5,0,0,true,0,0,45,5,0,1,4,4,0,0,4,0.375,0,0,0,0,0.35555555555555557,3.2377391101592083,0,0,0,
1716,0.5,transect,0.1,50,4,9,37,0.7,0.7,0.7,random,0,0,Randomly placed,1.0149999999999815,0,9,5,0,0,true,0,0,45,2,0,0,2,1,0,0,1,0.375,0,0,0,0,0.08888888888888889,6.70820393249937,0,0,0,
1717,0.5,transect,0.1,50,4,7,39,0.7,0.7,0.7,random,0,0,Randomly placed,1.0149999999999852,0,9,5,0,0,true,0,0,45,1,0,0,1,1,0,0,1,0.375,0,0,0,0,0.08888888888888889,6.70820393249937,0,0,0,
1718,0.5,transect,0.1,50,5,10,35,0.7,0.7,0.7,random,0,0,Randomly placed,1.0149999999999835,0,9,5,0,0,true,0,0,45,2,0,1,1,2,0,1,1,0.375,0,0,0,0,0.17777777777777778,4.689204235649836,0,0,0,
1719,0.5,transect,0.1,50,4,6,40,0.7,0.7,0.7,random,0,0,Randomly placed,1.0149999999999841,0,9,5,0,0,true,0,0,45,1,0,0,1,0,0,0,0,0.375,0,0,0,0,0,NA,0,0,0,
1720,0.5,transect,0.1,50,6,6,38,0.7,0.7,0.7,random,0,0,Randomly placed,0.9749999999999832,0,9,5,0,0,true,0,0,45,1,0,0,1,0,0,0,0,0.375,0,0,0,0,0,NA,0,0,0,
1721,0.5,transect,0.1,50,2,8,40,0.7,0.7,0.7,random,0,0,Randomly placed,0.9749999999999845,0,9,5,0,0,true,0,0,45,1,0,0,1,1,0,0,1,0.375,0,0,0,0,0.08888888888888889,6.708203932499369,0,0,0,
1722,0.5,transect,0.1,50,4,5,41,0.7,0.7,0.7,random,0,0,Randomly placed,1.0149999999999841,0,9,5,0,0,true,0,0,45,0,0,0,0,0,0,0,0,0.375,0,0,0,0,0,NA,0,0,0,
1726,0.5,transect,0.1,50,6,10,34,0.7,0.7,0.7,random,0,0,Randomly placed,1.0549999999999826,0,9,5,0,0,true,0,0,45,2,1,0,1,2,1,0,1,0.375,0,0,0,0,0.17777777777777778,4.689204235649838,0,0,0,
1727,0.5,transect,0.1,50,3,8,39,0.7,0.7,0.7,random,0,0,Randomly placed,1.0149999999999832,0,9,5,0,0,true,0,0,45,0,0,0,0,0,0,0,0,0.375,0,0,0,0,0,NA,0,0,0,
1729,0.5,transect,0.1,50,2,9,39,0.7,0.7,0.7,random,0,0,Randomly placed,1.054999999999982,0,9,5,0,0,true,0,0,45,0,0,0,0,0,0,0,0,0.375,0,0,0,0,0,NA,0,0,0,
1724,0.5,transect,0.1,50,4,5,41,0.7,0.7,0.7,random,0,0,Randomly placed,0.9749999999999848,0,9,5,0,0,true,0,0,45,2,0,0,2,2,0,0,2,0.375,0,0,0,0,0.17777777777777778,4.689204235649835,0,0,0,
1725,0.5,transect,0.1,50,2,8,40,0.7,0.7,0.7,random,0,0,Randomly placed,0.9749999999999825,0,9,5,0,0,true,0,0,45,3,0,0,3,3,0,0,3,0.375,0,0,0,0,0.26666666666666666,3.783937343321346,0,0,0,
1728,0.5,transect,0.1,50,1,7,42,0.7,0.7,0.7,random,0,0,Randomly placed,0.9749999999999828,0,9,5,0,0,true,0,0,45,2,0,0,2,2,0,0,2,0.375,0,0,0,0,0.17777777777777778,4.689204235649837,0,0,0,
1730,0.5,transect,0.1,50,4,6,40,0.7,0.7,0.7,random,0,0,Randomly placed,0.9749999999999834,0,9,5,0,0,true,0,0,45,0,0,0,0,0,0,0,0,0.375,0,0,0,0,0,NA,0,0,0,
1731,0.5,transect,0.1,50,6,10,34,0.7,0.7,0.7,random,0,0,Randomly placed,1.0149999999999877,0,9,5,0,0,true,0,0,45,2,1,0,1,1,1,0,0,0.375,0,0,0,0,0.08888888888888889,6.70820393249937,0,0,0,
1734,0.5,transect,0.1,50,4,7,39,0.7,0.7,0.7,random,0,0,Randomly placed,0.9749999999999812,0,9,5,0,0,true,0,0,45,0,0,0,0,0,0,0,0,0.375,0,0,0,0,0,NA,0,0,0,
1732,0.5,transect,0.1,50,6,4,40,0.7,0.7,0.7,random,0,0,Randomly placed,0.9749999999999854,0,9,5,0,0,true,0,0,45,2,0,0,2,1,0,0,1,0.375,0,0,0,0,0.08888888888888889,6.70820393249937,0,0,0,
1736,0.5,transect,0.1,50,6,7,37,0.7,0.7,0.7,random,0,0,Randomly placed,1.014999999999982,0,9,5,0,0,true,0,0,45,3,0,0,3,3,0,0,3,0.375,0,0,0,0,0.26666666666666666,3.783937343321345,0,0,0,
1735,0.5,transect,0.1,50,7,7,36,0.7,0.7,0.7,random,0,0,Randomly placed,1.054999999999986,0,9,5,0,0,true,0,0,45,1,0,1,0,0,0,0,0,0.375,0,0,0,0,0,NA,0,0,0,
1733,0.5,transect,0.1,50,4,8,38,0.7,0.7,0.7,random,0,0,Randomly placed,1.0149999999999808,0,9,5,0,0,true,0,0,45,1,0,1,0,1,0,1,0,0.375,0,0,0,0,0.08888888888888889,6.70820393249937,0,0,0,
1739,0.5,transect,0.1,50,2,3,45,0.7,0.7,0.7,random,0,0,Randomly placed,0.9749999999999821,0,9,5,0,0,true,0,0,45,1,0,0,1,0,0,0,0,0.375,0,0,0,0,0,NA,0,0,0,
1740,0.5,transect,0.1,50,3,6,41,0.7,0.7,0.7,random,0,0,Randomly placed,1.0549999999999817,0,9,5,0,0,true,0,0,45,2,0,0,2,2,0,0,2,0.375,0,0,0,0,0.17777777777777778,4.689204235649837,0,0,0,
1738,0.5,transect,0.1,50,7,8,35,0.7,0.7,0.7,random,0,0,Randomly placed,1.0149999999999837,0,9,5,0,0,true,0,0,45,3,0,1,2,3,0,1,2,0.375,0,0,0,0,0.26666666666666666,3.783937343321348,0,0,0,
1744,0.5,transect,0.1,50,6,14,30,0.7,0.7,0.7,random,0,0,Randomly placed,1.0549999999999813,0,9,5,0,0,true,0,0,45,3,0,1,2,2,0,0,2,0.375,0,0,0,0,0.17777777777777778,4.689204235649834,0,0,0,
1737,0.5,transect,0.1,50,4,9,37,0.7,0.7,0.7,random,0,0,Randomly placed,0.974999999999984,0,9,5,0,0,true,0,0,45,1,0,0,1,1,0,0,1,0.375,0,0,0,0,0.08888888888888889,6.70820393249937,0,0,0,
1741,0.5,transect,0.1,50,7,7,36,0.7,0.7,0.7,random,0,0,Randomly placed,1.0149999999999832,0,9,5,0,0,true,0,0,45,1,0,0,1,1,0,0,1,0.375,0,0,0,0,0.08888888888888889,6.708203932499369,0,0,0,
1743,0.5,transect,0.1,50,2,10,38,0.7,0.7,0.7,random,0,0,Randomly placed,0.9749999999999833,0,9,5,0,0,true,0,0,45,1,0,0,1,0,0,0,0,0.375,0,0,0,0,0,NA,0,0,0,
1742,0.5,transect,0.1,50,5,10,35,0.7,0.7,0.7,random,0,0,Randomly placed,1.0149999999999837,0,9,5,0,0,true,0,0,45,2,0,2,0,1,0,1,0,0.375,0,0,0,0,0.08888888888888889,6.708203932499369,0,0,0,
1745,0.5,transect,0.1,50,1,9,40,0.7,0.7,0.7,random,0,0,Randomly placed,1.0149999999999835,0,9,5,0,0,true,0,0,45,1,0,0,1,1,0,0,1,0.375,0,0,0,0,0.08888888888888889,6.708203932499369,0,0,0,
1746,0.5,transect,0.1,50,5,10,35,0.7,0.7,0.7,random,0,0,Randomly placed,0.9749999999999829,0,9,5,0,0,true,0,0,45,1,0,1,0,0,0,0,0,0.375,0,0,0,0,0,NA,0,0,0,
1747,0.5,transect,0.1,50,3,5,42,0.7,0.7,0.7,random,0,0,Randomly placed,1.0549999999999824,0,9,5,0,0,true,0,0,45,0,0,0,0,0,0,0,0,0.375,0,0,0,0,0,NA,0,0,0,
1748,0.5,transect,0.1,50,6,8,36,0.7,0.7,0.7,random,0,0,Randomly placed,1.0149999999999806,0,9,5,0,0,true,0,0,45,0,0,0,0,0,0,0,0,0.375,0,0,0,0,0,NA,0,0,0,
1749,0.5,transect,0.1,50,1,10,39,0.7,0.7,0.7,random,0,0,Randomly placed,1.014999999999982,0,9,5,0,0,true,0,0,45,1,0,1,0,1,0,1,0,0.375,0,0,0,0,0.08888888888888889,6.708203932499371,0,0,0,
1723,0.5,transect,0.1,50,1,10,39,0.7,0.7,0.7,random,0,0,Randomly placed,0.9749999999999833,0,9,5,0,0,true,0,0,45,1,0,1,0,1,0,1,0,0.375,0,0,0,0,0.08888888888888889,6.708203932499369,0,0,0,
1750,0.5,transect,0.1,50,7,10,33,0.7,0.7,0.7,random,0,0,Randomly placed,1.0549999999999835,0,9,5,0,0,true,0,0,45,1,0,0,1,1,0,0,1,0.375,0,0,0,0,0.08888888888888889,6.70820393249937,0,0,0,
1751,0.5,transect,0.1,50,5,8,37,0.7,0.7,0.7,random,0,0,Randomly placed,0.9749999999999834,0,9,5,0,0,true,0,0,45,0,0,0,0,0,0,0,0,0.375,0,0,0,0,0,NA,0,0,0,
1752,0.5,transect,0.1,50,4,12,34,0.7,0.7,0.7,random,0,0,Randomly placed,0.9749999999999843,0,9,5,0,0,true,0,0,45,1,0,0,1,1,0,0,1,0.375,0,0,0,0,0.08888888888888889,6.70820393249937,0,0,0,
1753,0.5,transect,0.1,50,7,8,35,0.7,0.7,0.7,random,0,0,Randomly placed,0.9749999999999831,0,9,5,0,0,true,0,0,45,1,0,0,1,1,0,0,1,0.375,0,0,0,0,0.08888888888888889,6.708203932499369,0,0,0,
1754,0.5,transect,0.1,50,8,13,29,0.7,0.7,0.7,random,0,0,Randomly placed,1.0549999999999815,0,9,5,0,0,true,0,0,45,0,0,0,0,0,0,0,0,0.375,0,0,0,0,0,NA,0,0,0,
1755,0.5,transect,0.1,50,6,5,39,0.7,0.7,0.7,random,0,0,Randomly placed,1.0949999999999844,0,9,5,0,0,true,0,0,45,2,0,0,2,1,0,0,1,0.375,0,0,0,0,0.08888888888888889,6.708203932499369,0,0,0,
1756,0.5,transect,0.1,50,7,8,35,0.7,0.7,0.7,random,0,0,Randomly placed,1.0549999999999815,0,9,5,0,0,true,0,0,45,2,0,0,2,1,0,0,1,0.375,0,0,0,0,0.08888888888888889,6.708203932499369,0,0,0,
1757,0.5,transect,0.1,50,9,3,38,0.7,0.7,0.7,random,0,0,Randomly placed,1.0149999999999852,0,9,5,0,0,true,0,0,45,0,0,0,0,0,0,0,0,0.375,0,0,0,0,0,NA,0,0,0,
1758,0.5,transect,0.1,50,4,7,39,0.7,0.7,0.7,random,0,0,Randomly placed,1.0149999999999828,0,9,5,0,0,true,0,0,45,0,0,0,0,0,0,0,0,0.375,0,0,0,0,0,NA,0,0,0,
1759,0.5,transect,0.1,50,7,11,32,0.7,0.7,0.7,random,0,0,Randomly placed,1.0149999999999806,0,9,5,0,0,true,0,0,45,0,0,0,0,0,0,0,0,0.375,0,0,0,0,0,NA,0,0,0,
1760,0.5,transect,0.1,50,4,6,40,0.7,0.7,0.7,random,0,0,Randomly placed,0.9749999999999833,0,9,5,0,0,true,0,0,45,2,0,0,2,2,0,0,2,0.375,0,0,0,0,0.17777777777777778,4.689204235649836,0,0,0,
1762,0.5,transect,0.1,50,1,7,42,0.7,0.7,0.7,random,0,0,Randomly placed,0.9749999999999857,0,9,5,0,0,true,0,0,45,0,0,0,0,0,0,0,0,0.375,0,0,0,0,0,NA,0,0,0,
1761,0.5,transect,0.1,50,6,6,38,0.7,0.7,0.7,random,0,0,Randomly placed,1.0549999999999848,0,9,5,0,0,true,0,0,45,0,0,0,0,0,0,0,0,0.375,0,0,0,0,0,NA,0,0,0,
1765,0.5,transect,0.1,50,6,9,35,0.7,0.7,0.7,random,0,0,Randomly placed,0.9749999999999817,0,9,5,0,0,true,0,0,45,0,0,0,0,0,0,0,0,0.375,0,0,0,0,0,NA,0,0,0,
1764,0.5,transect,0.1,50,6,8,36,0.7,0.7,0.7,random,0,0,Randomly placed,0.9749999999999829,0,9,5,0,0,true,0,0,45,1,0,1,0,1,0,1,0,0.375,0,0,0,0,0.08888888888888889,6.708203932499369,0,0,0,
1763,0.5,transect,0.1,50,7,11,32,0.7,0.7,0.7,random,0,0,Randomly placed,0.9749999999999839,0,9,5,0,0,true,0,0,45,0,0,0,0,0,0,0,0,0.375,0,0,0,0,0,NA,0,0,0,
1766,0.5,transect,0.1,50,3,6,41,0.7,0.7,0.7,random,0,0,Randomly placed,1.0149999999999835,0,9,5,0,0,true,0,0,45,2,0,0,2,2,0,0,2,0.375,0,0,0,0,0.17777777777777778,4.689204235649838,0,0,0,
1767,0.5,transect,0.1,50,2,7,41,0.7,0.7,0.7,random,0,0,Randomly placed,0.9749999999999812,0,9,5,0,0,true,0,0,45,1,0,0,1,0,0,0,0,0.375,0,0,0,0,0,NA,0,0,0,
1771,0.5,transect,0.1,50,6,8,36,0.7,0.7,0.7,random,0,0,Randomly placed,1.0149999999999824,0,9,5,0,0,true,0,0,45,0,0,0,0,0,0,0,0,0.375,0,0,0,0,0,NA,0,0,0,
1768,0.5,transect,0.1,50,3,9,38,0.7,0.7,0.7,random,0,0,Randomly placed,0.9749999999999821,0,9,5,0,0,true,0,0,45,0,0,0,0,0,0,0,0,0.375,0,0,0,0,0,NA,0,0,0,
1772,0.5,transect,0.1,50,5,6,39,0.7,0.7,0.7,random,0,0,Randomly placed,0.9749999999999818,0,9,5,0,0,true,0,0,45,0,0,0,0,0,0,0,0,0.375,0,0,0,0,0,NA,0,0,0,
1769,0.5,transect,0.1,50,5,10,35,0.7,0.7,0.7,random,0,0,Randomly placed,1.014999999999982,0,9,5,0,0,true,0,0,45,0,0,0,0,0,0,0,0,0.375,0,0,0,0,0,NA,0,0,0,
1774,0.5,transect,0.1,50,6,8,36,0.7,0.7,0.7,random,0,0,Randomly placed,0.9749999999999838,0,9,5,0,0,true,0,0,45,2,0,0,2,2,0,0,2,0.375,0,0,0,0,0.17777777777777778,4.689204235649837,0,0,0,
1776,0.5,transect,0.1,50,2,6,42,0.7,0.7,0.7,random,0,0,Randomly placed,1.0149999999999815,0,9,5,0,0,true,0,0,45,0,0,0,0,0,0,0,0,0.375,0,0,0,0,0,NA,0,0,0,
1770,0.5,transect,0.1,50,6,8,36,0.7,0.7,0.7,random,0,0,Randomly placed,1.0549999999999844,0,9,5,0,0,true,0,0,45,0,0,0,0,0,0,0,0,0.375,0,0,0,0,0,NA,0,0,0,
1775,0.5,transect,0.1,50,1,7,42,0.7,0.7,0.7,random,0,0,Randomly placed,1.0149999999999844,0,9,5,0,0,true,0,0,45,1,0,0,1,1,0,0,1,0.375,0,0,0,0,0.08888888888888889,6.708203932499369,0,0,0,
1778,0.5,transect,0.1,50,4,5,41,0.7,0.7,0.7,random,0,0,Randomly placed,1.0149999999999846,0,9,5,0,0,true,0,0,45,0,0,0,0,0,0,0,0,0.375,0,0,0,0,0,NA,0,0,0,
1779,0.5,transect,0.1,50,3,8,39,0.7,0.7,0.7,random,0,0,Randomly placed,1.0149999999999852,0,9,5,0,0,true,0,0,45,0,0,0,0,0,0,0,0,0.375,0,0,0,0,0,NA,0,0,0,
1773,0.5,transect,0.1,50,9,5,36,0.7,0.7,0.7,random,0,0,Randomly placed,1.0549999999999842,0,9,5,0,0,true,0,0,45,1,0,0,1,1,0,0,1,0.375,0,0,0,0,0.08888888888888889,6.70820393249937,0,0,0,
1777,0.5,transect,0.1,50,7,6,37,0.7,0.7,0.7,random,0,0,Randomly placed,1.0149999999999815,0,9,5,0,0,true,0,0,45,2,0,0,2,2,0,0,2,0.375,0,0,0,0,0.17777777777777778,4.689204235649838,0,0,0,
1780,0.5,transect,0.1,50,5,7,38,0.7,0.7,0.7,random,0,0,Randomly placed,1.0149999999999832,0,9,5,0,0,true,0,0,45,2,0,0,2,0,0,0,0,0.375,0,0,0,0,0,NA,0,0,0,
1781,0.5,transect,0.1,50,6,3,41,0.7,0.7,0.7,random,0,0,Randomly placed,0.974999999999982,0,9,5,0,0,true,0,0,45,1,0,0,1,1,0,0,1,0.375,0,0,0,0,0.08888888888888889,6.708203932499369,0,0,0,
1784,0.5,transect,0.1,50,3,8,39,0.7,0.7,0.7,random,0,0,Randomly placed,0.9749999999999853,0,9,5,0,0,true,0,0,45,0,0,0,0,0,0,0,0,0.375,0,0,0,0,0,NA,0,0,0,
1782,0.5,transect,0.1,50,3,7,40,0.7,0.7,0.7,random,0,0,Randomly placed,1.0149999999999824,0,9,5,0,0,true,0,0,45,0,0,0,0,0,0,0,0,0.375,0,0,0,0,0,NA,0,0,0,
1783,0.5,transect,0.1,50,6,10,34,0.7,0.7,0.7,random,0,0,Randomly placed,1.014999999999981,0,9,5,0,0,true,0,0,45,0,0,0,0,0,0,0,0,0.375,0,0,0,0,0,NA,0,0,0,
1785,0.5,transect,0.1,50,4,9,37,0.7,0.7,0.7,random,0,0,Randomly placed,1.014999999999983,0,9,5,0,0,true,0,0,45,0,0,0,0,0,0,0,0,0.375,0,0,0,0,0,NA,0,0,0,
1789,0.5,transect,0.1,50,4,6,40,0.7,0.7,0.7,random,0,0,Randomly placed,0.9749999999999821,0,9,5,0,0,true,0,0,45,0,0,0,0,0,0,0,0,0.375,0,0,0,0,0,NA,0,0,0,
1787,0.5,transect,0.1,50,3,6,41,0.7,0.7,0.7,random,0,0,Randomly placed,0.9749999999999814,0,9,5,0,0,true,0,0,45,0,0,0,0,0,0,0,0,0.375,0,0,0,0,0,NA,0,0,0,
1786,0.5,transect,0.1,50,3,7,40,0.7,0.7,0.7,random,0,0,Randomly placed,1.0149999999999857,0,9,5,0,0,true,0,0,45,0,0,0,0,0,0,0,0,0.375,0,0,0,0,0,NA,0,0,0,
1788,0.5,transect,0.1,50,4,11,35,0.7,0.7,0.7,random,0,0,Randomly placed,0.9749999999999837,0,9,5,0,0,true,0,0,45,3,0,1,2,2,0,0,2,0.375,0,0,0,0,0.17777777777777778,4.689204235649836,0,0,0,
1790,0.5,transect,0.1,50,4,10,36,0.7,0.7,0.7,random,0,0,Randomly placed,0.9749999999999838,0,9,5,0,0,true,0,0,45,2,0,0,2,2,0,0,2,0.375,0,0,0,0,0.17777777777777778,4.689204235649834,0,0,0,
1794,0.5,transect,0.1,50,6,9,35,0.7,0.7,0.7,random,0,0,Randomly placed,0.9749999999999833,0,9,5,0,0,true,0,0,45,0,0,0,0,0,0,0,0,0.375,0,0,0,0,0,NA,0,0,0,
1791,0.5,transect,0.1,50,12,7,31,0.7,0.7,0.7,random,0,0,Randomly placed,0.9749999999999831,0,9,5,0,0,true,0,0,45,0,0,0,0,0,0,0,0,0.375,0,0,0,0,0,NA,0,0,0,
1792,0.5,transect,0.1,50,5,4,41,0.7,0.7,0.7,random,0,0,Randomly placed,1.0149999999999821,0,9,5,0,0,true,0,0,45,1,0,1,0,0,0,0,0,0.375,0,0,0,0,0,NA,0,0,0,
1797,0.5,transect,0.1,50,2,9,39,0.7,0.7,0.7,random,0,0,Randomly placed,0.9749999999999833,0,9,5,0,0,true,0,0,45,1,0,0,1,1,0,0,1,0.375,0,0,0,0,0.08888888888888889,6.70820393249937,0,0,0,
1793,0.5,transect,0.1,50,4,9,37,0.7,0.7,0.7,random,0,0,Randomly placed,0.9749999999999833,0,9,5,0,0,true,0,0,45,1,0,0,1,0,0,0,0,0.375,0,0,0,0,0,NA,0,0,0,
1795,0.5,transect,0.1,50,4,10,36,0.7,0.7,0.7,random,0,0,Randomly placed,1.0149999999999808,0,9,5,0,0,true,0,0,45,0,0,0,0,0,0,0,0,0.375,0,0,0,0,0,NA,0,0,0,
1800,0.5,transect,0.1,50,7,7,36,0.7,0.7,0.7,random,0,0,Randomly placed,0.974999999999981,0,9,5,0,0,true,0,0,45,0,0,0,0,0,0,0,0,0.375,0,0,0,0,0,NA,0,0,0,
1796,0.5,transect,0.1,50,8,4,38,0.7,0.7,0.7,random,0,0,Randomly placed,0.9749999999999837,0,9,5,0,0,true,0,0,45,0,0,0,0,0,0,0,0,0.375,0,0,0,0,0,NA,0,0,0,
1799,0.5,transect,0.1,50,4,9,37,0.7,0.7,0.7,random,0,0,Randomly placed,0.9749999999999823,0,9,5,0,0,true,0,0,45,2,0,0,2,2,0,0,2,0.375,0,0,0,0,0.17777777777777778,4.689204235649833,0,0,0,
1801,0.5,transect,1,500,36,70,394,0.7,0.7,0.7,random,0,0,Randomly placed,0.998,0,9,5,0,0,true,0,0,45,7,0,0,7,2,0,0,2,0.375,0,0,0,0,0.17777777777777778,4.689204235649839,0,0,0,
1798,0.5,transect,0.1,50,6,4,40,0.7,0.7,0.7,random,0,0,Randomly placed,1.0149999999999837,0,9,5,0,0,true,0,0,45,2,0,0,2,1,0,0,1,0.375,0,0,0,0,0.08888888888888889,6.708203932499369,0,0,0,
1804,0.5,transect,1,500,47,87,366,0.7,0.7,0.7,random,0,0,Randomly placed,1.018,0,9,5,0,0,true,0,0,45,17,3,2,12,9,2,1,6,0.375,0,0,0,0,0.8,2.5226248955475654,0,0,0,
1803,0.5,transect,1,500,57,70,373,0.7,0.7,0.7,random,0,0,Randomly placed,0.978,0,9,5,0,0,true,0,0,45,15,4,1,10,7,2,1,4,0.375,0,0,0,0,0.6222222222222222,2.356257212603933,0,0,0,
1802,0.5,transect,1,500,43,81,376,0.7,0.7,0.7,random,0,0,Randomly placed,0.974,0,9,5,0,0,true,0,0,45,11,1,5,5,4,0,1,3,0.375,0,0,0,0,0.35555555555555557,3.2377391101592075,0,0,0,
1805,0.5,transect,1,500,61,62,377,0.7,0.7,0.7,random,0,0,Randomly placed,0.898,0,9,5,0,0,true,0,0,45,9,0,0,9,8,0,0,8,0.375,0,0,0,0,0.7111111111111111,2.1748824419640793,0,0,0,
1810,0.5,transect,1,500,41,91,368,0.7,0.7,0.7,random,0,0,Randomly placed,0.962,0,9,5,0,0,true,0,0,45,9,0,2,7,6,0,2,4,0.375,0,0,0,0,0.5333333333333333,3.0338993810845905,0,0,0,
1806,0.5,transect,1,500,49,80,371,0.7,0.7,0.7,random,0,0,Randomly placed,0.978,0,9,5,0,0,true,0,0,45,14,3,1,10,8,3,0,5,0.375,0,0,0,0,0.7111111111111111,3.0074481405639903,0,0,0,
1812,0.5,transect,1,500,42,80,378,0.7,0.7,0.7,random,0,0,Randomly placed,1.086,0,9,5,0,0,true,0,0,45,17,2,2,13,13,0,1,12,0.375,0,0,0,0,1.1555555555555554,1.7498943332426649,0,0,0,
1809,0.5,transect,1,500,44,77,379,0.7,0.7,0.7,random,0,0,Randomly placed,0.998,0,9,5,0,0,true,0,0,45,13,3,2,8,11,2,2,7,0.375,0,0,0,0,0.9777777777777777,2.163924558901971,0,0,0,
1808,0.5,transect,1,500,49,84,367,0.7,0.7,0.7,random,0,0,Randomly placed,0.994,0,9,5,0,0,true,0,0,45,19,0,7,12,16,0,6,10,0.375,0,0,0,0,1.4222222222222223,1.4876981342451046,0,0,0,
1811,0.5,transect,1,500,51,75,374,0.7,0.7,0.7,random,0,0,Randomly placed,0.998,0,9,5,0,0,true,0,0,45,9,1,0,8,8,1,0,7,0.375,0,0,0,0,0.7111111111111111,3.0074481405639903,0,0,0,
1807,0.5,transect,1,500,45,74,381,0.7,0.7,0.7,random,0,0,Randomly placed,1.002,0,9,5,0,0,true,0,0,45,14,1,3,10,9,1,2,6,0.375,0,0,0,0,0.8,2.2863229709016895,0,0,0,
1813,0.5,transect,1,500,49,78,373,0.7,0.7,0.7,random,0,0,Randomly placed,1.018,0,9,5,0,0,true,0,0,45,15,0,2,13,11,0,2,9,0.375,0,0,0,0,0.9777777777777777,1.9803694758065322,0,0,0,
1814,0.5,transect,1,500,45,77,378,0.7,0.7,0.7,random,0,0,Randomly placed,1.034,0,9,5,0,0,true,0,0,45,8,1,1,6,7,1,1,5,0.375,0,0,0,0,0.6222222222222222,2.725880906448595,0,0,0,
1815,0.5,transect,1,500,55,69,376,0.7,0.7,0.7,random,0,0,Randomly placed,1.018,0,9,5,0,0,true,0,0,45,9,0,0,9,3,0,0,3,0.375,0,0,0,0,0.26666666666666666,3.783937343321346,0,0,0,
1816,0.5,transect,1,500,55,78,367,0.7,0.7,0.7,random,0,0,Randomly placed,1.03,0,9,5,0,0,true,0,0,45,8,0,3,5,4,0,0,4,0.375,0,0,0,0,0.35555555555555557,3.2377391101592057,0,0,0,
1820,0.5,transect,1,500,52,67,381,0.7,0.7,0.7,random,0,0,Randomly placed,1.018,0,9,5,0,0,true,0,0,45,12,1,2,9,9,1,1,7,0.375,0,0,0,0,0.8,2.0225995873897262,0,0,0,
1819,0.5,transect,1,500,50,76,374,0.7,0.7,0.7,random,0,0,Randomly placed,0.994,0,9,5,0,0,true,0,0,45,11,2,5,4,7,2,2,3,0.375,0,0,0,0,0.6222222222222222,2.356257212603933,0,0,0,
1817,0.5,transect,1,500,40,86,374,0.7,0.7,0.7,random,0,0,Randomly placed,0.958,0,9,5,0,0,true,0,0,45,8,0,2,6,7,0,1,6,0.375,0,0,0,0,0.6222222222222222,2.356257212603933,0,0,0,
1818,0.5,transect,1,500,50,80,370,0.7,0.7,0.7,random,0,0,Randomly placed,1.022,0,9,5,0,0,true,0,0,45,7,0,4,3,4,0,2,2,0.375,0,0,0,0,0.35555555555555557,4.0293666319342885,0,0,0,
1821,0.5,transect,1,500,52,69,379,0.7,0.7,0.7,random,0,0,Randomly placed,0.978,0,9,5,0,0,true,0,0,45,13,3,0,10,11,2,0,9,0.375,0,0,0,0,0.9777777777777777,1.777964292327995,0,0,0,
1822,0.5,transect,1,500,56,77,367,0.7,0.7,0.7,random,0,0,Randomly placed,0.938,0,9,5,0,0,true,0,0,45,8,0,0,8,7,0,0,7,0.375,0,0,0,0,0.6222222222222222,2.3562572126039325,0,0,0,
1823,0.5,transect,1,500,51,75,374,0.7,0.7,0.7,random,0,0,Randomly placed,1.038,0,9,5,0,0,true,0,0,45,7,1,1,5,6,1,1,4,0.375,0,0,0,0,0.5333333333333333,3.429484456352534,0,0,0,
1824,0.5,transect,1,500,55,70,375,0.7,0.7,0.7,random,0,0,Randomly placed,0.97,0,9,5,0,0,true,0,0,45,9,0,1,8,4,0,0,4,0.375,0,0,0,0,0.35555555555555557,3.2377391101592083,0,0,0,
1825,0.5,transect,1,500,51,70,379,0.7,0.7,0.7,random,0,0,Randomly placed,0.97,0,9,5,0,0,true,0,0,45,15,0,3,12,10,0,2,8,0.375,0,0,0,0,0.8888888888888888,2.1213203435596433,0,0,0,
1826,0.5,transect,1,500,58,60,382,0.7,0.7,0.7,random,0,0,Randomly placed,1.014,0,9,5,0,0,true,0,0,45,8,0,1,7,4,0,1,3,0.375,0,0,0,0,0.35555555555555557,3.2377391101592083,0,0,0,
1827,0.5,transect,1,500,47,80,373,0.7,0.7,0.7,random,0,0,Randomly placed,0.958,0,9,5,0,0,true,0,0,45,11,2,2,7,11,2,2,7,0.375,0,0,0,0,0.9777777777777777,1.7779642923279946,0,0,0,
1828,0.5,transect,1,500,44,85,371,0.7,0.7,0.7,random,0,0,Randomly placed,0.95,0,9,5,0,0,true,0,0,45,16,0,1,15,13,0,1,12,0.375,0,0,0,0,1.1555555555555554,1.586657656043835,0,0,0,
1829,0.5,transect,1,500,58,85,357,0.7,0.7,0.7,random,0,0,Randomly placed,1.022,0,9,5,0,0,true,0,0,45,12,2,3,7,11,2,2,7,0.375,0,0,0,0,0.9777777777777777,1.9803694758065318,0,0,0,
1830,0.5,transect,1,500,36,81,383,0.7,0.7,0.7,random,0,0,Randomly placed,0.93,0,9,5,0,0,true,0,0,45,9,1,2,6,5,1,1,3,0.375,0,0,0,0,0.4444444444444444,2.860387767736778,0,0,0,
1831,0.5,transect,1,500,54,71,375,0.7,0.7,0.7,random,0,0,Randomly placed,0.974,0,9,5,0,0,true,0,0,45,8,0,0,8,5,0,0,5,0.375,0,0,0,0,0.4444444444444444,2.860387767736778,0,0,0,
1832,0.5,transect,1,500,53,75,372,0.7,0.7,0.7,random,0,0,Randomly placed,1.006,0,9,5,0,0,true,0,0,45,14,1,5,8,12,1,4,7,0.375,0,0,0,0,1.0666666666666667,1.6770509831248421,0,0,0,
1833,0.5,transect,1,500,47,81,372,0.7,0.7,0.7,random,0,0,Randomly placed,0.962,0,9,5,0,0,true,0,0,45,19,3,4,12,13,2,2,9,0.375,0,0,0,0,1.1555555555555554,2.1670424909566535,0,0,0,
1834,0.5,transect,1,500,56,87,357,0.7,0.7,0.7,random,0,0,Randomly placed,0.97,0,9,5,0,0,true,0,0,45,8,0,2,6,8,0,2,6,0.375,0,0,0,0,0.7111111111111111,2.483611053211907,0,0,0,
1835,0.5,transect,1,500,46,70,384,0.7,0.7,0.7,random,0,0,Randomly placed,1.046,0,9,5,0,0,true,0,0,45,9,1,2,6,3,1,1,1,0.375,0,0,0,0,0.26666666666666666,3.783937343321348,0,0,0,
1836,0.5,transect,1,500,44,74,382,0.7,0.7,0.7,random,0,0,Randomly placed,1.002,0,9,5,0,0,true,0,0,45,13,3,0,10,13,3,0,10,0.375,0,0,0,0,1.1555555555555554,1.7498943332426653,0,0,0,
1837,0.5,transect,1,500,54,76,370,0.7,0.7,0.7,random,0,0,Randomly placed,1.002,0,9,5,0,0,true,0,0,45,18,1,2,15,13,1,2,10,0.375,0,0,0,0,1.1555555555555554,1.7498943332426653,0,0,0,
1838,0.5,transect,1,500,45,85,370,0.7,0.7,0.7,random,0,0,Randomly placed,0.974,0,9,5,0,0,true,0,0,45,14,3,1,10,11,3,1,7,0.375,0,0,0,0,0.9777777777777777,1.7779642923279948,0,0,0,
1839,0.5,transect,1,500,59,77,364,0.7,0.7,0.7,random,0,0,Randomly placed,0.986,0,9,5,0,0,true,0,0,45,14,2,1,11,13,2,1,10,0.375,0,0,0,0,1.1555555555555554,2.1670424909566535,0,0,0,
1844,0.5,transect,1,500,51,85,364,0.7,0.7,0.7,random,0,0,Randomly placed,0.982,0,9,5,0,0,true,0,0,45,14,1,2,11,10,1,0,9,0.375,0,0,0,0,0.8888888888888888,2.328186965313256,0,0,0,
1845,0.5,transect,1,500,51,73,376,0.7,0.7,0.7,random,0,0,Randomly placed,0.958,0,9,5,0,0,true,0,0,45,21,3,1,17,13,3,0,10,0.375,0,0,0,0,1.1555555555555554,1.7498943332426653,0,0,0,
1840,0.5,transect,1,500,40,76,384,0.7,0.7,0.7,random,0,0,Randomly placed,0.978,0,9,5,0,0,true,0,0,45,11,1,0,10,6,1,0,5,0.375,0,0,0,0,0.5333333333333333,2.5783186910712335,0,0,0,
1843,0.5,transect,1,500,44,83,373,0.7,0.7,0.7,random,0,0,Randomly placed,0.99,0,9,5,0,0,true,0,0,45,9,1,1,7,6,1,1,4,0.375,0,0,0,0,0.5333333333333333,3.03389938108459,0,0,0,
1841,0.5,transect,1,500,54,78,368,0.7,0.7,0.7,random,0,0,Randomly placed,1.03,0,9,5,0,0,true,0,0,45,10,3,1,6,6,1,1,4,0.375,0,0,0,0,0.5333333333333333,2.5783186910712326,0,0,0,
1842,0.5,transect,1,500,53,82,365,0.7,0.7,0.7,random,0,0,Randomly placed,1.002,0,9,5,0,0,true,0,0,45,10,1,3,6,8,1,2,5,0.375,0,0,0,0,0.7111111111111111,2.483611053211908,0,0,0,
1846,0.5,transect,1,500,69,68,363,0.7,0.7,0.7,random,0,0,Randomly placed,0.974,0,9,5,0,0,true,0,0,45,10,0,0,10,7,0,0,7,0.375,0,0,0,0,0.6222222222222222,2.3562572126039334,0,0,0,
1848,0.5,transect,1,500,43,65,392,0.7,0.7,0.7,random,0,0,Randomly placed,0.958,0,9,5,0,0,true,0,0,45,8,0,3,5,4,0,2,2,0.375,0,0,0,0,0.35555555555555557,4.029366631934287,0,0,0,
1849,0.5,transect,1,500,46,78,376,0.7,0.7,0.7,random,0,0,Randomly placed,0.998,0,9,5,0,0,true,0,0,45,9,1,1,7,6,1,1,4,0.375,0,0,0,0,0.5333333333333333,2.5783186910712326,0,0,0,
1851,0.5,transect,1,500,59,62,379,0.7,0.7,0.7,random,0,0,Randomly placed,0.986,0,9,5,0,0,true,0,0,45,12,1,2,9,10,1,1,8,0.375,0,0,0,0,0.8888888888888888,1.8919686716606745,0,0,0,
1854,0.5,transect,1,500,51,69,380,0.7,0.7,0.7,random,0,0,Randomly placed,1.05,0,9,5,0,0,true,0,0,45,13,1,0,12,7,1,0,6,0.375,0,0,0,0,0.6222222222222222,2.356257212603933,0,0,0,
1856,0.5,transect,1,500,45,63,392,0.7,0.7,0.7,random,0,0,Randomly placed,1.006,0,9,5,0,0,true,0,0,45,13,0,2,11,9,0,1,8,0.375,0,0,0,0,0.8,2.2863229709016895,0,0,0,
1847,0.5,transect,1,500,57,74,369,0.7,0.7,0.7,random,0,0,Randomly placed,0.97,0,9,5,0,0,true,0,0,45,14,2,2,10,12,2,2,8,0.375,0,0,0,0,1.0666666666666667,2.0225995873897267,0,0,0,
1853,0.5,transect,1,500,58,81,361,0.7,0.7,0.7,random,0,0,Randomly placed,1.026,0,9,5,0,0,true,0,0,45,13,1,3,9,11,1,2,8,0.375,0,0,0,0,0.9777777777777777,1.9803694758065316,0,0,0,
1857,0.5,transect,1,500,50,71,379,0.7,0.7,0.7,random,0,0,Randomly placed,1.05,0,9,5,0,0,true,0,0,45,9,0,2,7,6,0,2,4,0.375,0,0,0,0,0.5333333333333333,2.578318691071233,0,0,0,
1858,0.5,transect,1,500,55,75,370,0.7,0.7,0.7,random,0,0,Randomly placed,0.982,0,9,5,0,0,true,0,0,45,15,2,0,13,11,1,0,10,0.375,0,0,0,0,0.9777777777777777,1.980369475806532,0,0,0,
1855,0.5,transect,1,500,44,80,376,0.7,0.7,0.7,random,0,0,Randomly placed,0.998,0,9,5,0,0,true,0,0,45,12,0,1,11,6,0,1,5,0.375,0,0,0,0,0.5333333333333333,2.578318691071233,0,0,0,
1861,0.5,transect,1,500,59,75,366,0.7,0.7,0.7,random,0,0,Randomly placed,1.034,0,9,5,0,0,true,0,0,45,13,2,0,11,9,1,0,8,0.375,0,0,0,0,0.8,2.2863229709016895,0,0,0,
1860,0.5,transect,1,500,43,57,400,0.7,0.7,0.7,random,0,0,Randomly placed,1.042,0,9,5,0,0,true,0,0,45,10,1,3,6,6,1,3,2,0.375,0,0,0,0,0.5333333333333333,2.578318691071233,0,0,0,
1850,0.5,transect,1,500,45,81,374,0.7,0.7,0.7,random,0,0,Randomly placed,0.982,0,9,5,0,0,true,0,0,45,10,0,2,8,7,0,1,6,0.375,0,0,0,0,0.6222222222222222,2.3562572126039325,0,0,0,
1863,0.5,transect,1,500,56,74,370,0.7,0.7,0.7,random,0,0,Randomly placed,0.938,0,9,5,0,0,true,0,0,45,15,1,0,14,10,0,0,10,0.375,0,0,0,0,0.8888888888888888,2.1213203435596433,0,0,0,
1867,0.5,transect,1,500,55,80,365,0.7,0.7,0.7,random,0,0,Randomly placed,0.99,0,9,5,0,0,true,0,0,45,14,1,1,12,11,1,1,9,0.375,0,0,0,0,0.9777777777777777,1.7779642923279952,0,0,0,
1870,0.5,transect,1,500,55,76,369,0.7,0.7,0.7,random,0,0,Randomly placed,1.062,0,9,5,0,0,true,0,0,45,11,0,1,10,8,0,1,7,0.375,0,0,0,0,0.7111111111111111,2.757994577751935,0,0,0,
1869,0.5,transect,1,500,50,90,360,0.7,0.7,0.7,random,0,0,Randomly placed,0.986,0,9,5,0,0,true,0,0,45,12,1,0,11,9,1,0,8,0.375,0,0,0,0,0.8,2.0225995873897262,0,0,0,
1865,0.5,transect,1,500,52,62,386,0.7,0.7,0.7,random,0,0,Randomly placed,1.002,0,9,5,0,0,true,0,0,45,16,2,3,11,11,2,2,7,0.375,0,0,0,0,0.9777777777777777,2.4907793897583104,0,0,0,
1871,0.5,transect,1,500,51,73,376,0.7,0.7,0.7,random,0,0,Randomly placed,0.994,0,9,5,0,0,true,0,0,45,7,0,0,7,5,0,0,5,0.375,0,0,0,0,0.4444444444444444,2.8603877677367775,0,0,0,
1862,0.5,transect,1,500,51,74,375,0.7,0.7,0.7,random,0,0,Randomly placed,0.966,0,9,5,0,0,true,0,0,45,14,1,0,13,8,1,0,7,0.375,0,0,0,0,0.7111111111111111,2.1748824419640793,0,0,0,
1868,0.5,transect,1,500,40,73,387,0.7,0.7,0.7,random,0,0,Randomly placed,0.974,0,9,5,0,0,true,0,0,45,12,1,2,9,8,1,1,6,0.375,0,0,0,0,0.7111111111111111,2.4836110532119084,0,0,0,
1864,0.5,transect,1,500,43,67,390,0.7,0.7,0.7,random,0,0,Randomly placed,0.986,0,9,5,0,0,true,0,0,45,11,1,2,8,10,1,2,7,0.375,0,0,0,0,0.8888888888888888,2.1213203435596433,0,0,0,
1873,0.5,transect,1,500,49,78,373,0.7,0.7,0.7,random,0,0,Randomly placed,1.09,0,9,5,0,0,true,0,0,45,17,1,2,14,14,1,2,11,0.375,0,0,0,0,1.2444444444444445,2.035457946950353,0,0,0,
1859,0.5,transect,1,500,62,66,372,0.7,0.7,0.7,random,0,0,Randomly placed,1.006,0,9,5,0,0,true,0,0,45,10,2,2,6,8,1,2,5,0.375,0,0,0,0,0.7111111111111111,2.1748824419640793,0,0,0,
1874,0.5,transect,1,500,32,70,398,0.7,0.7,0.7,random,0,0,Randomly placed,0.986,0,9,5,0,0,true,0,0,45,8,0,2,6,6,0,1,5,0.375,0,0,0,0,0.5333333333333333,3.03389938108459,0,0,0,
1875,0.5,transect,1,500,52,75,373,0.7,0.7,0.7,random,0,0,Randomly placed,0.966,0,9,5,0,0,true,0,0,45,11,0,2,9,9,0,0,9,0.375,0,0,0,0,0.8,2.286322970901689,0,0,0,
1866,0.5,transect,1,500,57,76,367,0.7,0.7,0.7,random,0,0,Randomly placed,0.994,0,9,5,0,0,true,0,0,45,12,0,0,12,9,0,0,9,0.375,0,0,0,0,0.8,2.2863229709016886,0,0,0,
1872,0.5,transect,1,500,51,62,387,0.7,0.7,0.7,random,0,0,Randomly placed,1.018,0,9,5,0,0,true,0,0,45,7,0,2,5,6,0,2,4,0.375,0,0,0,0,0.5333333333333333,2.578318691071233,0,0,0,
1852,0.5,transect,1,500,59,84,357,0.7,0.7,0.7,random,0,0,Randomly placed,1.002,0,9,5,0,0,true,0,0,45,10,1,1,8,6,1,1,4,0.375,0,0,0,0,0.5333333333333333,2.578318691071233,0,0,0,
1877,0.5,transect,1,500,56,69,375,0.7,0.7,0.7,random,0,0,Randomly placed,1.01,0,9,5,0,0,true,0,0,45,9,1,2,6,5,1,1,3,0.375,0,0,0,0,0.4444444444444444,2.8603877677367775,0,0,0,
1876,0.5,transect,1,500,46,70,384,0.7,0.7,0.7,random,0,0,Randomly placed,0.962,0,9,5,0,0,true,0,0,45,9,1,3,5,8,1,2,5,0.375,0,0,0,0,0.7111111111111111,2.1748824419640793,0,0,0,
1878,0.5,transect,1,500,45,67,388,0.7,0.7,0.7,random,0,0,Randomly placed,1.002,0,9,5,0,0,true,0,0,45,10,1,1,8,7,1,1,5,0.375,0,0,0,0,0.6222222222222222,2.725880906448595,0,0,0,
1879,0.5,transect,1,500,62,62,376,0.7,0.7,0.7,random,0,0,Randomly placed,0.978,0,9,5,0,0,true,0,0,45,17,3,1,13,11,0,1,10,0.375,0,0,0,0,0.9777777777777777,2.3330828816250686,0,0,0,
1880,0.5,transect,1,500,48,67,385,0.7,0.7,0.7,random,0,0,Randomly placed,1.038,0,9,5,0,0,true,0,0,45,11,3,1,7,7,2,1,4,0.375,0,0,0,0,0.6222222222222222,2.725880906448595,0,0,0,
1881,0.5,transect,1,500,52,76,372,0.7,0.7,0.7,random,0,0,Randomly placed,1.022,0,9,5,0,0,true,0,0,45,12,0,2,10,9,0,2,7,0.375,0,0,0,0,0.8,2.286322970901688,0,0,0,
1883,0.5,transect,1,500,51,81,368,0.7,0.7,0.7,random,0,0,Randomly placed,1.006,0,9,5,0,0,true,0,0,45,8,3,1,4,5,2,1,2,0.375,0,0,0,0,0.4444444444444444,2.860387767736777,0,0,0,
1884,0.5,transect,1,500,46,74,380,0.7,0.7,0.7,random,0,0,Randomly placed,1.002,0,9,5,0,0,true,0,0,45,7,1,1,5,4,1,0,3,0.375,0,0,0,0,0.35555555555555557,3.237739110159209,0,0,0,
1882,0.5,transect,1,500,49,78,373,0.7,0.7,0.7,random,0,0,Randomly placed,1.006,0,9,5,0,0,true,0,0,45,10,2,2,6,7,1,2,4,0.375,0,0,0,0,0.6222222222222222,2.725880906448594,0,0,0,
1886,0.5,transect,1,500,37,86,377,0.7,0.7,0.7,random,0,0,Randomly placed,0.99,0,9,5,0,0,true,0,0,45,13,1,1,11,9,0,1,8,0.375,0,0,0,0,0.8,2.286322970901688,0,0,0,
1887,0.5,transect,1,500,52,67,381,0.7,0.7,0.7,random,0,0,Randomly placed,0.998,0,9,5,0,0,true,0,0,45,9,3,0,6,5,1,0,4,0.375,0,0,0,0,0.4444444444444444,3.4443629837222973,0,0,0,
1885,0.5,transect,1,500,53,83,364,0.7,0.7,0.7,random,0,0,Randomly placed,1.018,0,9,5,0,0,true,0,0,45,6,0,0,6,3,0,0,3,0.375,0,0,0,0,0.26666666666666666,3.7839373433213477,0,0,0,
1890,0.5,transect,1,500,51,68,381,0.7,0.7,0.7,random,0,0,Randomly placed,1.002,0,9,5,0,0,true,0,0,45,10,2,1,7,7,0,0,7,0.375,0,0,0,0,0.6222222222222222,2.356257212603934,0,0,0,
1888,0.5,transect,1,500,41,80,379,0.7,0.7,0.7,random,0,0,Randomly placed,1.018,0,9,5,0,0,true,0,0,45,11,1,2,8,8,1,2,5,0.375,0,0,0,0,0.7111111111111111,2.4836110532119076,0,0,0,
1891,0.5,transect,1,500,46,76,378,0.7,0.7,0.7,random,0,0,Randomly placed,1.046,0,9,5,0,0,true,0,0,45,11,1,1,9,7,1,0,6,0.375,0,0,0,0,0.6222222222222222,2.725880906448594,0,0,0,
1889,0.5,transect,1,500,52,70,378,0.7,0.7,0.7,random,0,0,Randomly placed,1.002,0,9,5,0,0,true,0,0,45,9,1,4,4,7,1,3,3,0.375,0,0,0,0,0.6222222222222222,2.7258809064485945,0,0,0,
1892,0.5,transect,1,500,51,70,379,0.7,0.7,0.7,random,0,0,Randomly placed,0.958,0,9,5,0,0,true,0,0,45,5,0,1,4,4,0,1,3,0.375,0,0,0,0,0.35555555555555557,3.2377391101592075,0,0,0,
1894,0.5,transect,1,500,47,69,384,0.7,0.7,0.7,random,0,0,Randomly placed,1.038,0,9,5,0,0,true,0,0,45,10,1,3,6,7,1,2,4,0.375,0,0,0,0,0.6222222222222222,2.356257212603933,0,0,0,
1897,0.5,transect,1,500,55,75,370,0.7,0.7,0.7,random,0,0,Randomly placed,0.982,0,9,5,0,0,true,0,0,45,12,0,5,7,8,0,3,5,0.375,0,0,0,0,0.7111111111111111,2.1748824419640793,0,0,0,
1895,0.5,transect,1,500,48,85,367,0.7,0.7,0.7,random,0,0,Randomly placed,0.994,0,9,5,0,0,true,0,0,45,11,2,1,8,7,1,0,6,0.375,0,0,0,0,0.6222222222222222,2.356257212603934,0,0,0,
1893,0.5,transect,1,500,55,69,376,0.7,0.7,0.7,random,0,0,Randomly placed,0.974,0,9,5,0,0,true,0,0,45,7,2,1,4,6,2,1,3,0.375,0,0,0,0,0.5333333333333333,2.5783186910712326,0,0,0,
1896,0.5,transect,1,500,51,58,391,0.7,0.7,0.7,random,0,0,Randomly placed,1.006,0,9,5,0,0,true,0,0,45,9,0,1,8,4,0,1,3,0.375,0,0,0,0,0.35555555555555557,3.2377391101592083,0,0,0,
1899,0.5,transect,1,500,53,83,364,0.7,0.7,0.7,random,0,0,Randomly placed,0.994,0,9,5,0,0,true,0,0,45,10,0,3,7,8,0,3,5,0.375,0,0,0,0,0.7111111111111111,2.1748824419640793,0,0,0,
1898,0.5,transect,1,500,65,61,374,0.7,0.7,0.7,random,0,0,Randomly placed,0.998,0,9,5,0,0,true,0,0,45,17,1,5,11,10,0,2,8,0.375,0,0,0,0,0.8888888888888888,2.328186965313256,0,0,0,
1900,0.5,transect,1,500,57,82,361,0.7,0.7,0.7,random,0,0,Randomly placed,1.01,0,9,5,0,0,true,0,0,45,10,0,0,10,8,0,0,8,0.375,0,0,0,0,0.7111111111111111,2.1748824419640793,0,0,0,
1903,0.5,transect,7,3500,356,548,2596,0.7,0.7,0.7,random,0,0,Randomly placed,1.0391428571428571,0,9,5,0,0,true,0,0,45,88,5,15,68,64,4,10,50,0.375,0,0,0,0,5.688888888888889,0.8675041651557069,0,0,0,
1904,0.5,transect,7,3500,362,514,2624,0.7,0.7,0.7,random,0,0,Randomly placed,1.0437142857142858,0,9,5,0,0,true,0,0,45,72,5,12,55,53,4,10,39,0.375,0,0,0,0,4.711111111111111,1.059990590115941,0,0,0,
1905,0.5,transect,7,3500,363,508,2629,0.7,0.7,0.7,random,0,0,Randomly placed,0.9785714285714285,0,9,5,0,0,true,0,0,45,85,7,13,65,55,3,8,44,0.375,0,0,0,0,4.888888888888889,0.8525825882999698,0,0,0,
1909,0.5,transect,7,3500,369,516,2615,0.7,0.7,0.7,random,0,0,Randomly placed,0.99,0,9,5,0,0,true,0,0,45,95,12,11,72,63,10,5,48,0.375,0,0,0,0,5.6,0.720749970156447,0,0,0,
1902,0.5,transect,7,3500,344,513,2643,0.7,0.7,0.7,random,0,0,Randomly placed,1.0477142857142856,0,9,5,0,0,true,0,0,45,68,7,13,48,45,5,11,29,0.375,0,0,0,0,4,0.9293203772845852,0,0,0,
1910,0.5,transect,7,3500,335,533,2632,0.7,0.7,0.7,random,0,0,Randomly placed,0.9962857142857143,0,9,5,0,0,true,0,0,45,93,9,10,74,68,5,8,55,0.375,0,0,0,0,6.044444444444444,0.7933931632831929,0,0,0,
1907,0.5,transect,7,3500,350,537,2613,0.7,0.7,0.7,random,0,0,Randomly placed,0.9997142857142858,0,9,5,0,0,true,0,0,45,76,7,9,60,47,3,7,37,0.375,0,0,0,0,4.177777777777778,0.8649733738126456,0,0,0,
1901,0.5,transect,7,3500,353,531,2616,0.7,0.7,0.7,random,0,0,Randomly placed,1.0014285714285713,0,9,5,0,0,true,0,0,45,82,6,11,65,56,4,8,44,0.375,0,0,0,0,4.977777777777778,1.0582591618397692,0,0,0,
1908,0.5,transect,7,3500,373,504,2623,0.7,0.7,0.7,random,0,0,Randomly placed,0.9797142857142856,0,9,5,0,0,true,0,0,45,83,6,7,70,57,6,6,45,0.375,0,0,0,0,5.066666666666666,1.0430183038039202,0,0,0,
1906,0.5,transect,7,3500,373,509,2618,0.7,0.7,0.7,random,0,0,Randomly placed,0.9528571428571428,0,9,5,0,0,true,0,0,45,79,8,12,59,39,6,1,32,0.375,0,0,0,0,3.466666666666667,0.9716254134469432,0,0,0,
1911,0.5,transect,7,3500,343,516,2641,0.7,0.7,0.7,random,0,0,Randomly placed,1.044857142857143,0,9,5,0,0,true,0,0,45,80,5,13,62,50,4,10,36,0.375,0,0,0,0,4.444444444444445,1.1706641471637143,0,0,0,
1916,0.5,transect,7,3500,379,550,2571,0.7,0.7,0.7,random,0,0,Randomly placed,1.012857142857143,0,9,5,0,0,true,0,0,45,82,10,13,59,61,7,10,44,0.375,0,0,0,0,5.4222222222222225,0.6122901441633802,0,0,0,
1918,0.5,transect,7,3500,330,542,2628,0.7,0.7,0.7,random,0,0,Randomly placed,1.0242857142857142,0,9,5,0,0,true,0,0,45,77,9,13,55,57,5,9,43,0.375,0,0,0,0,5.066666666666666,0.796618388067652,0,0,0,
1919,0.5,transect,7,3500,326,532,2642,0.7,0.7,0.7,random,0,0,Randomly placed,1.0271428571428571,0,9,5,0,0,true,0,0,45,72,10,10,52,46,4,7,35,0.375,0,0,0,0,4.088888888888889,1.1888054053556099,0,0,0,
1914,0.5,transect,7,3500,359,526,2615,0.7,0.7,0.7,random,0,0,Randomly placed,1.0431428571428571,0,9,5,0,0,true,0,0,45,75,5,8,62,64,4,7,53,0.375,0,0,0,0,5.688888888888889,0.9538698654273836,0,0,0,
1917,0.5,transect,7,3500,380,512,2608,0.7,0.7,0.7,random,0,0,Randomly placed,1.0077142857142858,0,9,5,0,0,true,0,0,45,81,13,6,62,66,12,6,48,0.375,0,0,0,0,5.866666666666666,0.7354907590508096,0,0,0,
1913,0.5,transect,7,3500,319,513,2668,0.7,0.7,0.7,random,0,0,Randomly placed,0.9757142857142858,0,9,5,0,0,true,0,0,45,80,7,18,55,62,6,16,40,0.375,0,0,0,0,5.511111111111111,0.7781697744707864,0,0,0,
1923,0.5,transect,7,3500,367,520,2613,0.7,0.7,0.7,random,0,0,Randomly placed,0.9957142857142857,0,9,5,0,0,true,0,0,45,77,13,9,55,47,9,5,33,0.375,0,0,0,0,4.177777777777778,1.039964417046956,0,0,0,
1926,0.5,transect,7,3500,342,509,2649,0.7,0.7,0.7,random,0,0,Randomly placed,0.9842857142857142,0,9,5,0,0,true,0,0,45,86,7,12,67,71,5,11,55,0.375,0,0,0,0,6.311111111111111,0.7702119527656063,0,0,0,
1924,0.5,transect,7,3500,363,539,2598,0.7,0.7,0.7,random,0,0,Randomly placed,1.0254285714285714,0,9,5,0,0,true,0,0,45,98,16,11,71,67,9,7,51,0.375,0,0,0,0,5.955555555555556,0.7525852080882811,0,0,0,
1915,0.5,transect,7,3500,353,534,2613,0.7,0.7,0.7,random,0,0,Randomly placed,0.9665714285714285,0,9,5,0,0,true,0,0,45,91,14,16,61,63,12,10,41,0.375,0,0,0,0,5.6,0.880103721328825,0,0,0,
1912,0.5,transect,7,3500,349,532,2619,0.7,0.7,0.7,random,0,0,Randomly placed,1.0002857142857142,0,9,5,0,0,true,0,0,45,71,6,8,57,47,4,4,39,0.375,0,0,0,0,4.177777777777778,0.8887335477069063,0,0,0,
1920,0.5,transect,7,3500,363,514,2623,0.7,0.7,0.7,random,0,0,Randomly placed,1.0425714285714285,0,9,5,0,0,true,0,0,45,67,3,14,50,52,3,12,37,0.375,0,0,0,0,4.622222222222222,1.0591614082139758,0,0,0,
1921,0.5,transect,7,3500,373,482,2645,0.7,0.7,0.7,random,0,0,Randomly placed,0.9688571428571429,0,9,5,0,0,true,0,0,45,89,11,10,68,56,7,6,43,0.375,0,0,0,0,4.977777777777778,0.8064073335291373,0,0,0,
1928,0.5,transect,7,3500,357,541,2602,0.7,0.7,0.7,random,0,0,Randomly placed,0.9888571428571428,0,9,5,0,0,true,0,0,45,74,7,14,53,58,6,9,43,0.375,0,0,0,0,5.155555555555556,0.8534838978031851,0,0,0,
1922,0.5,transect,7,3500,359,519,2622,0.7,0.7,0.7,random,0,0,Randomly placed,1.0545714285714285,0,9,5,0,0,true,0,0,45,77,8,16,53,53,5,12,36,0.375,0,0,0,0,4.711111111111111,0.835221761831321,0,0,0,
1925,0.5,transect,7,3500,338,518,2644,0.7,0.7,0.7,random,0,0,Randomly placed,1.0071428571428571,0,9,5,0,0,true,0,0,45,75,5,9,61,54,2,6,46,0.375,0,0,0,0,4.8,1.0450701972459635,0,0,0,
1927,0.5,transect,7,3500,349,535,2616,0.7,0.7,0.7,random,0,0,Randomly placed,1.01,0,9,5,0,0,true,0,0,45,78,11,5,62,52,9,1,42,0.375,0,0,0,0,4.622222222222222,0.9399678384847495,0,0,0,
1930,0.5,transect,7,3500,373,514,2613,0.7,0.7,0.7,random,0,0,Randomly placed,0.9882857142857143,0,9,5,0,0,true,0,0,45,78,10,12,56,58,5,10,43,0.375,0,0,0,0,5.155555555555556,0.8534838978031849,0,0,0,
1929,0.5,transect,7,3500,354,508,2638,0.7,0.7,0.7,random,0,0,Randomly placed,0.97,0,9,5,0,0,true,0,0,45,69,6,8,55,52,6,5,41,0.375,0,0,0,0,4.622222222222222,0.9579039702066743,0,0,0,
1932,0.5,transect,7,3500,342,520,2638,0.7,0.7,0.7,random,0,0,Randomly placed,0.9814285714285714,0,9,5,0,0,true,0,0,45,72,8,6,58,49,6,3,40,0.375,0,0,0,0,4.355555555555555,0.9146492452470815,0,0,0,
1931,0.5,transect,7,3500,352,517,2631,0.7,0.7,0.7,random,0,0,Randomly placed,0.9905714285714285,0,9,5,0,0,true,0,0,45,95,14,11,70,65,8,6,51,0.375,0,0,0,0,5.777777777777778,0.9399678384847489,0,0,0,
1935,0.5,transect,7,3500,362,539,2599,0.7,0.7,0.7,random,0,0,Randomly placed,0.9865714285714285,0,9,5,0,0,true,0,0,45,65,10,7,48,39,8,4,27,0.375,0,0,0,0,3.466666666666667,1.032031374230672,0,0,0,
1933,0.5,transect,7,3500,374,520,2606,0.7,0.7,0.7,random,0,0,Randomly placed,1.0568571428571427,0,9,5,0,0,true,0,0,45,78,11,13,54,46,7,8,31,0.375,0,0,0,0,4.088888888888889,0.9207397259236555,0,0,0,
1940,0.5,transect,7,3500,319,520,2661,0.7,0.7,0.7,random,0,0,Randomly placed,0.974,0,9,5,0,0,true,0,0,45,79,7,18,54,58,4,12,42,0.375,0,0,0,0,5.155555555555556,0.9591496815177011,0,0,0,
1939,0.5,transect,7,3500,343,534,2623,0.7,0.7,0.7,random,0,0,Randomly placed,0.9248571428571429,0,9,5,0,0,true,0,0,45,77,4,7,66,58,4,7,47,0.375,0,0,0,0,5.155555555555556,0.9447783892186692,0,0,0,
1936,0.5,transect,7,3500,331,522,2647,0.7,0.7,0.7,random,0,0,Randomly placed,0.9391428571428572,0,9,5,0,0,true,0,0,45,83,12,9,62,58,8,6,44,0.375,0,0,0,0,5.155555555555556,0.8373009357384199,0,0,0,
1934,0.5,transect,7,3500,329,546,2625,0.7,0.7,0.7,random,0,0,Randomly placed,0.9848571428571429,0,9,5,0,0,true,0,0,45,87,9,13,65,62,4,10,48,0.375,0,0,0,0,5.511111111111111,0.9699388553043133,0,0,0,
1942,0.5,transect,7,3500,345,561,2594,0.7,0.7,0.7,random,0,0,Randomly placed,0.9905714285714285,0,9,5,0,0,true,0,0,45,77,6,17,54,52,5,14,33,0.375,0,0,0,0,4.622222222222222,0.8839785637274469,0,0,0,
1945,0.5,transect,7,3500,355,531,2614,0.7,0.7,0.7,random,0,0,Randomly placed,0.9917142857142858,0,9,5,0,0,true,0,0,45,86,14,9,63,66,13,7,46,0.375,0,0,0,0,5.866666666666666,0.6755914013275396,0,0,0,
1938,0.5,transect,7,3500,333,506,2661,0.7,0.7,0.7,random,0,0,Randomly placed,1.004857142857143,0,9,5,0,0,true,0,0,45,77,10,11,56,50,6,7,37,0.375,0,0,0,0,4.444444444444445,0.7962982538539873,0,0,0,
1941,0.5,transect,7,3500,339,515,2646,0.7,0.7,0.7,random,0,0,Randomly placed,1.0334285714285714,0,9,5,0,0,true,0,0,45,79,10,6,63,64,8,4,52,0.375,0,0,0,0,5.688888888888889,0.9178516305847287,0,0,0,
1937,0.5,transect,7,3500,335,491,2674,0.7,0.7,0.7,random,0,0,Randomly placed,0.9648571428571427,0,9,5,0,0,true,0,0,45,78,11,11,56,53,5,8,40,0.375,0,0,0,0,4.711111111111111,0.8546130365157057,0,0,0,
1943,0.5,transect,7,3500,352,516,2632,0.7,0.7,0.7,random,0,0,Randomly placed,1.032857142857143,0,9,5,0,0,true,0,0,45,78,7,11,60,58,5,9,44,0.375,0,0,0,0,5.155555555555556,0.8373009357384199,0,0,0,
1948,0.5,transect,7,3500,348,513,2639,0.7,0.7,0.7,random,0,0,Randomly placed,1.0677142857142858,0,9,5,0,0,true,0,0,45,74,13,13,48,60,10,10,40,0.375,0,0,0,0,5.333333333333333,0.9856931110091565,0,0,0,
1950,0.5,transect,7,3500,322,559,2619,0.7,0.7,0.7,random,0,0,Randomly placed,1.0225714285714287,0,9,5,0,0,true,0,0,45,77,11,11,55,51,6,9,36,0.375,0,0,0,0,4.533333333333333,0.9518115705363417,0,0,0,
1944,0.5,transect,7,3500,364,548,2588,0.7,0.7,0.7,random,0,0,Randomly placed,1.0002857142857142,0,9,5,0,0,true,0,0,45,75,5,11,59,53,1,7,45,0.375,0,0,0,0,4.711111111111111,0.8735739767922199,0,0,0,
1947,0.5,transect,7,3500,335,517,2648,0.7,0.7,0.7,random,0,0,Randomly placed,1.0225714285714287,0,9,5,0,0,true,0,0,45,68,4,12,52,44,3,8,33,0.375,0,0,0,0,3.911111111111111,1.0107772931207475,0,0,0,
1956,0.5,transect,7,3500,330,499,2671,0.7,0.7,0.7,random,0,0,Randomly placed,0.9911428571428571,0,9,5,0,0,true,0,0,45,91,13,15,63,66,10,12,44,0.375,0,0,0,0,5.866666666666666,0.8299769623770495,0,0,0,
1954,0.5,transect,7,3500,378,524,2598,0.7,0.7,0.7,random,0,0,Randomly placed,0.982,0,9,5,0,0,true,0,0,45,81,10,14,57,56,7,9,40,0.375,0,0,0,0,4.977777777777778,0.8761836018105068,0,0,0,
1958,0.5,transect,7,3500,359,509,2632,0.7,0.7,0.7,random,0,0,Randomly placed,1.0157142857142858,0,9,5,0,0,true,0,0,45,60,5,12,43,43,3,9,31,0.375,0,0,0,0,3.8222222222222224,1.0920331983138503,0,0,0,
1952,0.5,transect,7,3500,335,535,2630,0.7,0.7,0.7,random,0,0,Randomly placed,0.9814285714285714,0,9,5,0,0,true,0,0,45,73,7,11,55,45,3,7,35,0.375,0,0,0,0,4,0.8257228238447705,0,0,0,
1949,0.5,transect,7,3500,370,495,2635,0.7,0.7,0.7,random,0,0,Randomly placed,1.0237142857142858,0,9,5,0,0,true,0,0,45,68,9,9,50,44,6,6,32,0.375,0,0,0,0,3.911111111111111,1.0567681939657398,0,0,0,
1946,0.5,transect,7,3500,356,525,2619,0.7,0.7,0.7,random,0,0,Randomly placed,0.9602857142857143,0,9,5,0,0,true,0,0,45,76,10,15,51,58,6,13,39,0.375,0,0,0,0,5.155555555555556,0.8534838978031851,0,0,0,
1951,0.5,transect,7,3500,362,488,2650,0.7,0.7,0.7,random,0,0,Randomly placed,1.0162857142857142,0,9,5,0,0,true,0,0,45,93,8,16,69,66,5,15,46,0.375,0,0,0,0,5.866666666666666,0.9262330097116435,0,0,0,
1959,0.5,transect,7,3500,336,533,2631,0.7,0.7,0.7,random,0,0,Randomly placed,1.0402857142857143,0,9,5,0,0,true,0,0,45,86,8,12,66,60,7,9,44,0.375,0,0,0,0,5.333333333333333,0.8153359597569139,0,0,0,
1964,0.5,transect,7,3500,335,486,2679,0.7,0.7,0.7,random,0,0,Randomly placed,1.0054285714285716,0,9,5,0,0,true,0,0,45,74,4,10,60,53,3,8,42,0.375,0,0,0,0,4.711111111111111,0.9796631040334463,0,0,0,
1955,0.5,transect,7,3500,373,556,2571,0.7,0.7,0.7,random,0,0,Randomly placed,0.9362857142857143,0,9,5,0,0,true,0,0,45,85,11,7,67,55,5,5,45,0.375,0,0,0,0,4.888888888888889,0.7779357763506062,0,0,0,
1963,0.5,transect,7,3500,340,497,2663,0.7,0.7,0.7,random,0,0,Randomly placed,1.0185714285714285,0,9,5,0,0,true,0,0,45,74,5,17,52,46,3,10,33,0.375,0,0,0,0,4.088888888888889,1.0935079243809658,0,0,0,
1953,0.5,transect,7,3500,364,535,2601,0.7,0.7,0.7,random,0,0,Randomly placed,0.9865714285714285,0,9,5,0,0,true,0,0,45,76,8,12,56,50,3,9,38,0.375,0,0,0,0,4.444444444444445,1.0193580867834964,0,0,0,
1966,0.5,transect,7,3500,364,510,2626,0.7,0.7,0.7,random,0,0,Randomly placed,1.0271428571428571,0,9,5,0,0,true,0,0,45,80,6,5,69,64,5,5,54,0.375,0,0,0,0,5.688888888888889,0.9055272392180753,0,0,0,
1960,0.5,transect,7,3500,344,518,2638,0.7,0.7,0.7,random,0,0,Randomly placed,1.0094285714285713,0,9,5,0,0,true,0,0,45,84,6,10,68,47,4,5,38,0.375,0,0,0,0,4.177777777777778,0.9990942027126716,0,0,0,
1969,0.5,transect,7,3500,320,543,2637,0.7,0.7,0.7,random,0,0,Randomly placed,1.0242857142857142,0,9,5,0,0,true,0,0,45,92,8,18,66,62,7,11,44,0.375,0,0,0,0,5.511111111111111,0.8928101802587723,0,0,0,
1965,0.5,transect,7,3500,344,520,2636,0.7,0.7,0.7,random,0,0,Randomly placed,0.986,0,9,5,0,0,true,0,0,45,82,7,16,59,61,5,13,43,0.375,0,0,0,0,5.4222222222222225,0.8636842606325819,0,0,0,
1971,0.5,transect,7,3500,407,508,2585,0.7,0.7,0.7,random,0,0,Randomly placed,0.998,0,9,5,0,0,true,0,0,45,69,7,9,53,49,4,8,37,0.375,0,0,0,0,4.355555555555555,0.8030577472914611,0,0,0,
1962,0.5,transect,7,3500,334,561,2605,0.7,0.7,0.7,random,0,0,Randomly placed,1.0505714285714285,0,9,5,0,0,true,0,0,45,73,6,16,51,51,4,12,35,0.375,0,0,0,0,4.533333333333333,0.7892004626469844,0,0,0,
1961,0.5,transect,7,3500,379,482,2639,0.7,0.7,0.7,random,0,0,Randomly placed,0.982,0,9,5,0,0,true,0,0,45,78,9,11,58,51,9,4,38,0.375,0,0,0,0,4.533333333333333,0.8113111962667563,0,0,0,
1972,0.5,transect,7,3500,318,545,2637,0.7,0.7,0.7,random,0,0,Randomly placed,0.9637142857142857,0,9,5,0,0,true,0,0,45,89,6,14,69,58,4,8,46,0.375,0,0,0,0,5.155555555555556,0.8849624723405429,0,0,0,
1967,0.5,transect,7,3500,353,531,2616,0.7,0.7,0.7,random,0,0,Randomly placed,1.0482857142857143,0,9,5,0,0,true,0,0,45,95,9,12,74,71,7,8,56,0.375,0,0,0,0,6.311111111111111,0.7819755854924683,0,0,0,
1979,0.5,transect,7,3500,334,511,2655,0.7,0.7,0.7,random,0,0,Randomly placed,1.020857142857143,0,9,5,0,0,true,0,0,45,76,6,13,57,46,3,9,34,0.375,0,0,0,0,4.088888888888889,0.9668304542894108,0,0,0,
1976,0.5,transect,7,3500,359,531,2610,0.7,0.7,0.7,random,0,0,Randomly placed,1.0145714285714287,0,9,5,0,0,true,0,0,45,71,7,12,52,52,6,7,39,0.375,0,0,0,0,4.622222222222222,0.9928045999297864,0,0,0,
1974,0.5,transect,7,3500,359,530,2611,0.7,0.7,0.7,random,0,0,Randomly placed,0.9854285714285714,0,9,5,0,0,true,0,0,45,90,9,15,66,69,7,11,51,0.375,0,0,0,0,6.133333333333334,0.9181112885715109,0,0,0,
1957,0.5,transect,7,3500,360,555,2585,0.7,0.7,0.7,random,0,0,Randomly placed,0.982,0,9,5,0,0,true,0,0,45,62,8,13,41,43,6,7,30,0.375,0,0,0,0,3.8222222222222224,1.1367052930513242,0,0,0,
1970,0.5,transect,7,3500,347,534,2619,0.7,0.7,0.7,random,0,0,Randomly placed,1.0385714285714285,0,9,5,0,0,true,0,0,45,78,9,8,61,60,6,6,48,0.375,0,0,0,0,5.333333333333333,0.830867564110496,0,0,0,
1978,0.5,transect,7,3500,340,517,2643,0.7,0.7,0.7,random,0,0,Randomly placed,0.9825714285714285,0,9,5,0,0,true,0,0,45,76,4,11,61,46,3,6,37,0.375,0,0,0,0,4.088888888888889,0.9207397259236555,0,0,0,
1973,0.5,transect,7,3500,345,504,2651,0.7,0.7,0.7,random,0,0,Randomly placed,0.9734285714285714,0,9,5,0,0,true,0,0,45,91,12,16,63,56,9,7,40,0.375,0,0,0,0,4.977777777777778,0.8420185543238361,0,0,0,
1983,0.5,transect,7,3500,324,521,2655,0.7,0.7,0.7,random,0,0,Randomly placed,1.0511428571428572,0,9,5,0,0,true,0,0,45,74,10,10,54,53,6,6,41,0.375,0,0,0,0,4.711111111111111,0.9103118116450712,0,0,0,
1968,0.5,transect,7,3500,356,493,2651,0.7,0.7,0.7,random,0,0,Randomly placed,1.016857142857143,0,9,5,0,0,true,0,0,45,88,5,15,68,67,4,13,50,0.375,0,0,0,0,5.955555555555556,0.7660869163545,0,0,0,
1981,0.5,transect,7,3500,329,498,2673,0.7,0.7,0.7,random,0,0,Randomly placed,0.9305714285714286,0,9,5,0,0,true,0,0,45,79,11,15,53,62,9,13,40,0.375,0,0,0,0,5.511111111111111,0.8516303983806774,0,0,0,
1980,0.5,transect,7,3500,351,531,2618,0.7,0.7,0.7,random,0,0,Randomly placed,1.0231428571428571,0,9,5,0,0,true,0,0,45,87,7,10,70,63,7,7,49,0.375,0,0,0,0,5.6,0.8931817591713971,0,0,0,
1975,0.5,transect,7,3500,363,505,2632,0.7,0.7,0.7,random,0,0,Randomly placed,0.9762857142857142,0,9,5,0,0,true,0,0,45,71,6,10,55,52,3,7,42,0.375,0,0,0,0,4.622222222222222,0.9928045999297868,0,0,0,
1984,0.5,transect,7,3500,356,542,2602,0.7,0.7,0.7,random,0,0,Randomly placed,1.024857142857143,0,9,5,0,0,true,0,0,45,85,5,8,72,63,4,6,53,0.375,0,0,0,0,5.6,0.8396483052075123,0,0,0,
1982,0.5,transect,7,3500,370,497,2633,0.7,0.7,0.7,random,0,0,Randomly placed,1.014,0,9,5,0,0,true,0,0,45,77,7,16,54,52,5,11,36,0.375,0,0,0,0,4.622222222222222,0.8445928863219283,0,0,0,
1977,0.5,transect,7,3500,329,516,2655,0.7,0.7,0.7,random,0,0,Randomly placed,0.9968571428571428,0,9,5,0,0,true,0,0,45,78,7,14,57,51,4,8,39,0.375,0,0,0,0,4.533333333333333,1.0406189026414807,0,0,0,
1985,0.5,transect,7,3500,374,494,2632,0.7,0.7,0.7,random,0,0,Randomly placed,1.0117142857142858,0,9,5,0,0,true,0,0,45,87,6,11,70,57,4,9,44,0.375,0,0,0,0,5.066666666666666,0.8648250907976305,0,0,0,
1987,0.5,transect,7,3500,335,526,2639,0.7,0.7,0.7,random,0,0,Randomly placed,1.0094285714285713,0,9,5,0,0,true,0,0,45,82,9,8,65,58,8,2,48,0.375,0,0,0,0,5.155555555555556,0.8693656714123247,0,0,0,
1986,0.5,transect,7,3500,378,518,2604,0.7,0.7,0.7,random,0,0,Randomly placed,1.006,0,9,5,0,0,true,0,0,45,81,9,12,60,57,8,11,38,0.375,0,0,0,0,5.066666666666666,0.7786337141693119,0,0,0,
1988,0.5,transect,7,3500,353,498,2649,0.7,0.7,0.7,random,0,0,Randomly placed,0.9985714285714286,0,9,5,0,0,true,0,0,45,78,11,8,59,50,8,4,38,0.375,0,0,0,0,4.444444444444445,1.0011357187078715,0,0,0,
1989,0.5,transect,7,3500,372,489,2639,0.7,0.7,0.7,random,0,0,Randomly placed,1.0054285714285716,0,9,5,0,0,true,0,0,45,98,11,12,75,75,8,9,58,0.375,0,0,0,0,6.666666666666667,0.7236272269866327,0,0,0,
1991,0.5,transect,7,3500,357,517,2626,0.7,0.7,0.7,random,0,0,Randomly placed,0.9808571428571428,0,9,5,0,0,true,0,0,45,84,8,13,63,60,4,10,46,0.375,0,0,0,0,5.333333333333333,0.9185586535436917,0,0,0,
1990,0.5,transect,7,3500,377,529,2594,0.7,0.7,0.7,random,0,0,Randomly placed,1.006,0,9,5,0,0,true,0,0,45,67,6,11,50,50,3,8,39,0.375,0,0,0,0,4.444444444444445,1.0193580867834964,0,0,0,
2001,0.5,transect,0.01,5,1,1,3,0.3,0.3,0.3,random,0,0,Randomly placed,0.9975000000000255,0,9,5,0,0,true,0,0,45,1,1,0,0,1,1,0,0,0.375,0,0,0,0,0.08888888888888889,6.70820393249937,0,0,0,
1992,0.5,transect,7,3500,351,524,2625,0.7,0.7,0.7,random,0,0,Randomly placed,0.9237142857142857,0,9,5,0,0,true,0,0,45,76,5,11,60,55,4,10,41,0.375,0,0,0,0,4.888888888888889,0.8525825882999698,0,0,0,
2002,0.5,transect,0.01,5,1,1,3,0.3,0.3,0.3,random,0,0,Randomly placed,0.9975000000000409,0,9,5,0,0,true,0,0,45,1,0,0,1,0,0,0,0,0.375,0,0,0,0,0,NA,0,0,0,
1993,0.5,transect,7,3500,357,499,2644,0.7,0.7,0.7,random,0,0,Randomly placed,0.9751428571428571,0,9,5,0,0,true,0,0,45,62,6,8,48,37,2,4,31,0.375,0,0,0,0,3.2888888888888888,1.1388146752068278,0,0,0,
1997,0.5,transect,7,3500,314,512,2674,0.7,0.7,0.7,random,0,0,Randomly placed,0.9734285714285714,0,9,5,0,0,true,0,0,45,88,6,14,68,58,2,10,46,0.375,0,0,0,0,5.155555555555556,0.9002891114925085,0,0,0,
1996,0.5,transect,7,3500,368,513,2619,0.7,0.7,0.7,random,0,0,Randomly placed,0.9991428571428571,0,9,5,0,0,true,0,0,45,88,12,9,67,60,9,5,46,0.375,0,0,0,0,5.333333333333333,0.8153359597569136,0,0,0,
2003,0.5,transect,0.01,5,0,1,4,0.3,0.3,0.3,random,0,0,Randomly placed,0.9975000000000428,0,9,5,0,0,true,0,0,45,0,0,0,0,0,0,0,0,0.375,0,0,0,0,0,NA,0,0,0,
1994,0.5,transect,7,3500,362,509,2629,0.7,0.7,0.7,random,0,0,Randomly placed,0.9905714285714285,0,9,5,0,0,true,0,0,45,89,8,11,70,64,7,8,49,0.375,0,0,0,0,5.688888888888889,0.8544538850993444,0,0,0,
2006,0.5,transect,0.01,5,0,3,2,0.3,0.3,0.3,random,0,0,Randomly placed,0.997500000000025,0,9,5,0,0,true,0,0,45,0,0,0,0,0,0,0,0,0.375,0,0,0,0,0,NA,0,0,0,
2005,0.5,transect,0.01,5,0,1,4,0.3,0.3,0.3,random,0,0,Randomly placed,0.9975000000000364,0,9,5,0,0,true,0,0,45,0,0,0,0,0,0,0,0,0.375,0,0,0,0,0,NA,0,0,0,
1995,0.5,transect,7,3500,359,538,2603,0.7,0.7,0.7,random,0,0,Randomly placed,0.9974285714285714,0,9,5,0,0,true,0,0,45,85,8,11,66,66,6,8,52,0.375,0,0,0,0,5.866666666666666,0.8299769623770494,0,0,0,
2009,0.5,transect,0.01,5,1,0,4,0.3,0.3,0.3,random,0,0,Randomly placed,0.9975000000000509,0,9,5,0,0,true,0,0,45,0,0,0,0,0,0,0,0,0.375,0,0,0,0,0,NA,0,0,0,
2000,0.5,transect,7,3500,322,511,2667,0.7,0.7,0.7,random,0,0,Randomly placed,0.9471428571428572,0,9,5,0,0,true,0,0,45,83,10,9,64,61,7,4,50,0.375,0,0,0,0,5.4222222222222225,0.9457119088995256,0,0,0,
1999,0.5,transect,7,3500,312,496,2692,0.7,0.7,0.7,random,0,0,Randomly placed,0.9917142857142858,0,9,5,0,0,true,0,0,45,77,6,10,61,57,5,6,46,0.375,0,0,0,0,5.066666666666666,0.9727462183108065,0,0,0,
2004,0.5,transect,0.01,5,0,1,4,0.3,0.3,0.3,random,0,0,Randomly placed,0.9975000000000572,0,9,5,0,0,true,0,0,45,0,0,0,0,0,0,0,0,0.375,0,0,0,0,0,NA,0,0,0,
1998,0.5,transect,7,3500,348,524,2628,0.7,0.7,0.7,random,0,0,Randomly placed,0.9911428571428571,0,9,5,0,0,true,0,0,45,78,6,15,57,54,4,8,42,0.375,0,0,0,0,4.8,0.9666144186507016,0,0,0,
2008,0.5,transect,0.01,5,0,1,4,0.3,0.3,0.3,random,0,0,Randomly placed,0.9975000000000348,0,9,5,0,0,true,0,0,45,1,0,1,0,0,0,0,0,0.375,0,0,0,0,0,NA,0,0,0,
2010,0.5,transect,0.01,5,1,0,4,0.3,0.3,0.3,random,0,0,Randomly placed,0.9975000000000672,0,9,5,0,0,true,0,0,45,0,0,0,0,0,0,0,0,0.375,0,0,0,0,0,NA,0,0,0,
2007,0.5,transect,0.01,5,0,0,5,0.3,0.3,0.3,random,0,0,Randomly placed,0.9975000000000437,0,9,5,0,0,true,0,0,45,0,0,0,0,0,0,0,0,0.375,0,0,0,0,0,NA,0,0,0,
2011,0.5,transect,0.01,5,1,0,4,0.3,0.3,0.3,random,0,0,Randomly placed,0.9975000000000243,0,9,5,0,0,true,0,0,45,1,0,0,1,1,0,0,1,0.375,0,0,0,0,0.08888888888888889,6.708203932499369,0,0,0,
2012,0.5,transect,0.01,5,1,1,3,0.3,0.3,0.3,random,0,0,Randomly placed,0.9975000000000576,0,9,5,0,0,true,0,0,45,0,0,0,0,0,0,0,0,0.375,0,0,0,0,0,NA,0,0,0,
2013,0.5,transect,0.01,5,0,1,4,0.3,0.3,0.3,random,0,0,Randomly placed,0.9975000000000499,0,9,5,0,0,true,0,0,45,0,0,0,0,0,0,0,0,0.375,0,0,0,0,0,NA,0,0,0,
2014,0.5,transect,0.01,5,0,1,4,0.3,0.3,0.3,random,0,0,Randomly placed,0.9975000000000468,0,9,5,0,0,true,0,0,45,0,0,0,0,0,0,0,0,0.375,0,0,0,0,0,NA,0,0,0,
2016,0.5,transect,0.01,5,0,0,5,0.3,0.3,0.3,random,0,0,Randomly placed,0.9975000000000176,0,9,5,0,0,true,0,0,45,0,0,0,0,0,0,0,0,0.375,0,0,0,0,0,NA,0,0,0,
2015,0.5,transect,0.01,5,0,1,4,0.3,0.3,0.3,random,0,0,Randomly placed,0.9975000000000434,0,9,5,0,0,true,0,0,45,0,0,0,0,0,0,0,0,0.375,0,0,0,0,0,NA,0,0,0,
2017,0.5,transect,0.01,5,1,0,4,0.3,0.3,0.3,random,0,0,Randomly placed,0.9975000000000378,0,9,5,0,0,true,0,0,45,0,0,0,0,0,0,0,0,0.375,0,0,0,0,0,NA,0,0,0,
2018,0.5,transect,0.01,5,0,2,3,0.3,0.3,0.3,random,0,0,Randomly placed,0.9975000000000228,0,9,5,0,0,true,0,0,45,1,0,0,1,0,0,0,0,0.375,0,0,0,0,0,NA,0,0,0,
2021,0.5,transect,0.01,5,0,2,3,0.3,0.3,0.3,random,0,0,Randomly placed,0.9975000000000431,0,9,5,0,0,true,0,0,45,0,0,0,0,0,0,0,0,0.375,0,0,0,0,0,NA,0,0,0,
2019,0.5,transect,0.01,5,1,1,3,0.3,0.3,0.3,random,0,0,Randomly placed,0.9975000000000546,0,9,5,0,0,true,0,0,45,1,0,0,1,0,0,0,0,0.375,0,0,0,0,0,NA,0,0,0,
2022,0.5,transect,0.01,5,0,0,5,0.3,0.3,0.3,random,0,0,Randomly placed,0.9975000000000195,0,9,5,0,0,true,0,0,45,0,0,0,0,0,0,0,0,0.375,0,0,0,0,0,NA,0,0,0,
2020,0.5,transect,0.01,5,0,1,4,0.3,0.3,0.3,random,0,0,Randomly placed,0.9975000000000339,0,9,5,0,0,true,0,0,45,0,0,0,0,0,0,0,0,0.375,0,0,0,0,0,NA,0,0,0,
2025,0.5,transect,0.01,5,0,0,5,0.3,0.3,0.3,random,0,0,Randomly placed,0.9975000000000194,0,9,5,0,0,true,0,0,45,0,0,0,0,0,0,0,0,0.375,0,0,0,0,0,NA,0,0,0,
2023,0.5,transect,0.01,5,0,0,5,0.3,0.3,0.3,random,0,0,Randomly placed,0.997500000000012,0,9,5,0,0,true,0,0,45,1,0,0,1,0,0,0,0,0.375,0,0,0,0,0,NA,0,0,0,
2027,0.5,transect,0.01,5,0,1,4,0.3,0.3,0.3,random,0,0,Randomly placed,0.9975000000000271,0,9,5,0,0,true,0,0,45,0,0,0,0,0,0,0,0,0.375,0,0,0,0,0,NA,0,0,0,
2028,0.5,transect,0.01,5,0,1,4,0.3,0.3,0.3,random,0,0,Randomly placed,0.9975000000000332,0,9,5,0,0,true,0,0,45,0,0,0,0,0,0,0,0,0.375,0,0,0,0,0,NA,0,0,0,
2024,0.5,transect,0.01,5,0,1,4,0.3,0.3,0.3,random,0,0,Randomly placed,0.9975000000000537,0,9,5,0,0,true,0,0,45,0,0,0,0,0,0,0,0,0.375,0,0,0,0,0,NA,0,0,0,
2026,0.5,transect,0.01,5,1,2,2,0.3,0.3,0.3,random,0,0,Randomly placed,0.9975000000000722,0,9,5,0,0,true,0,0,45,0,0,0,0,0,0,0,0,0.375,0,0,0,0,0,NA,0,0,0,
2031,0.5,transect,0.01,5,1,1,3,0.3,0.3,0.3,random,0,0,Randomly placed,0.9975000000000444,0,9,5,0,0,true,0,0,45,0,0,0,0,0,0,0,0,0.375,0,0,0,0,0,NA,0,0,0,
2030,0.5,transect,0.01,5,1,1,3,0.3,0.3,0.3,random,0,0,Randomly placed,0.9975000000000255,0,9,5,0,0,true,0,0,45,0,0,0,0,0,0,0,0,0.375,0,0,0,0,0,NA,0,0,0,
2029,0.5,transect,0.01,5,0,0,5,0.3,0.3,0.3,random,0,0,Randomly placed,0.997500000000054,0,9,5,0,0,true,0,0,45,0,0,0,0,0,0,0,0,0.375,0,0,0,0,0,NA,0,0,0,
2035,0.5,transect,0.01,5,1,1,3,0.3,0.3,0.3,random,0,0,Randomly placed,0.9975000000000133,0,9,5,0,0,true,0,0,45,0,0,0,0,0,0,0,0,0.375,0,0,0,0,0,NA,0,0,0,
2036,0.5,transect,0.01,5,0,2,3,0.3,0.3,0.3,random,0,0,Randomly placed,0.9975000000000457,0,9,5,0,0,true,0,0,45,0,0,0,0,0,0,0,0,0.375,0,0,0,0,0,NA,0,0,0,
2034,0.5,transect,0.01,5,1,1,3,0.3,0.3,0.3,random,0,0,Randomly placed,0.9975000000000398,0,9,5,0,0,true,0,0,45,0,0,0,0,0,0,0,0,0.375,0,0,0,0,0,NA,0,0,0,
2038,0.5,transect,0.01,5,0,1,4,0.3,0.3,0.3,random,0,0,Randomly placed,0.9975000000000714,0,9,5,0,0,true,0,0,45,0,0,0,0,0,0,0,0,0.375,0,0,0,0,0,NA,0,0,0,
2041,0.5,transect,0.01,5,0,0,5,0.3,0.3,0.3,random,0,0,Randomly placed,0.9975000000000296,0,9,5,0,0,true,0,0,45,0,0,0,0,0,0,0,0,0.375,0,0,0,0,0,NA,0,0,0,
2037,0.5,transect,0.01,5,0,1,4,0.3,0.3,0.3,random,0,0,Randomly placed,0.9975000000000577,0,9,5,0,0,true,0,0,45,0,0,0,0,0,0,0,0,0.375,0,0,0,0,0,NA,0,0,0,
2042,0.5,transect,0.01,5,0,0,5,0.3,0.3,0.3,random,0,0,Randomly placed,0.9975000000000289,0,9,5,0,0,true,0,0,45,0,0,0,0,0,0,0,0,0.375,0,0,0,0,0,NA,0,0,0,
2032,0.5,transect,0.01,5,0,0,5,0.3,0.3,0.3,random,0,0,Randomly placed,0.997500000000036,0,9,5,0,0,true,0,0,45,0,0,0,0,0,0,0,0,0.375,0,0,0,0,0,NA,0,0,0,
2039,0.5,transect,0.01,5,0,0,5,0.3,0.3,0.3,random,0,0,Randomly placed,0.9975000000000243,0,9,5,0,0,true,0,0,45,0,0,0,0,0,0,0,0,0.375,0,0,0,0,0,NA,0,0,0,
2040,0.5,transect,0.01,5,1,1,3,0.3,0.3,0.3,random,0,0,Randomly placed,0.9975000000000256,0,9,5,0,0,true,0,0,45,0,0,0,0,0,0,0,0,0.375,0,0,0,0,0,NA,0,0,0,
2043,0.5,transect,0.01,5,0,1,4,0.3,0.3,0.3,random,0,0,Randomly placed,0.9975000000000409,0,9,5,0,0,true,0,0,45,0,0,0,0,0,0,0,0,0.375,0,0,0,0,0,NA,0,0,0,
2045,0.5,transect,0.01,5,1,1,3,0.3,0.3,0.3,random,0,0,Randomly placed,0.997500000000057,0,9,5,0,0,true,0,0,45,1,0,0,1,1,0,0,1,0.375,0,0,0,0,0.08888888888888889,6.70820393249937,0,0,0,
2048,0.5,transect,0.01,5,2,0,3,0.3,0.3,0.3,random,0,0,Randomly placed,0.9975000000000505,0,9,5,0,0,true,0,0,45,0,0,0,0,0,0,0,0,0.375,0,0,0,0,0,NA,0,0,0,
2044,0.5,transect,0.01,5,1,2,2,0.3,0.3,0.3,random,0,0,Randomly placed,0.997500000000056,0,9,5,0,0,true,0,0,45,0,0,0,0,0,0,0,0,0.375,0,0,0,0,0,NA,0,0,0,
2047,0.5,transect,0.01,5,0,1,4,0.3,0.3,0.3,random,0,0,Randomly placed,0.9975000000000563,0,9,5,0,0,true,0,0,45,0,0,0,0,0,0,0,0,0.375,0,0,0,0,0,NA,0,0,0,
2046,0.5,transect,0.01,5,0,0,5,0.3,0.3,0.3,random,0,0,Randomly placed,0.9975000000000308,0,9,5,0,0,true,0,0,45,0,0,0,0,0,0,0,0,0.375,0,0,0,0,0,NA,0,0,0,
2051,0.5,transect,0.01,5,2,1,2,0.3,0.3,0.3,random,0,0,Randomly placed,0.9975000000000303,0,9,5,0,0,true,0,0,45,0,0,0,0,0,0,0,0,0.375,0,0,0,0,0,NA,0,0,0,
2050,0.5,transect,0.01,5,2,0,3,0.3,0.3,0.3,random,0,0,Randomly placed,0.9975000000000452,0,9,5,0,0,true,0,0,45,1,0,0,1,1,0,0,1,0.375,0,0,0,0,0.08888888888888889,6.70820393249937,0,0,0,
2033,0.5,transect,0.01,5,0,2,3,0.3,0.3,0.3,random,0,0,Randomly placed,0.9975000000000327,0,9,5,0,0,true,0,0,45,0,0,0,0,0,0,0,0,0.375,0,0,0,0,0,NA,0,0,0,
2053,0.5,transect,0.01,5,1,0,4,0.3,0.3,0.3,random,0,0,Randomly placed,0.9975000000000303,0,9,5,0,0,true,0,0,45,0,0,0,0,0,0,0,0,0.375,0,0,0,0,0,NA,0,0,0,
2052,0.5,transect,0.01,5,2,3,0,0.3,0.3,0.3,random,0,0,Randomly placed,0.9975000000000588,0,9,5,0,0,true,0,0,45,0,0,0,0,0,0,0,0,0.375,0,0,0,0,0,NA,0,0,0,
2054,0.5,transect,0.01,5,0,0,5,0.3,0.3,0.3,random,0,0,Randomly placed,0.997500000000037,0,9,5,0,0,true,0,0,45,0,0,0,0,0,0,0,0,0.375,0,0,0,0,0,NA,0,0,0,
2056,0.5,transect,0.01,5,0,0,5,0.3,0.3,0.3,random,0,0,Randomly placed,0.9975000000000132,0,9,5,0,0,true,0,0,45,0,0,0,0,0,0,0,0,0.375,0,0,0,0,0,NA,0,0,0,
2058,0.5,transect,0.01,5,0,2,3,0.3,0.3,0.3,random,0,0,Randomly placed,0.9975000000000334,0,9,5,0,0,true,0,0,45,0,0,0,0,0,0,0,0,0.375,0,0,0,0,0,NA,0,0,0,
2057,0.5,transect,0.01,5,0,2,3,0.3,0.3,0.3,random,0,0,Randomly placed,0.9975000000000469,0,9,5,0,0,true,0,0,45,0,0,0,0,0,0,0,0,0.375,0,0,0,0,0,NA,0,0,0,
2055,0.5,transect,0.01,5,2,1,2,0.3,0.3,0.3,random,0,0,Randomly placed,0.9975000000000207,0,9,5,0,0,true,0,0,45,0,0,0,0,0,0,0,0,0.375,0,0,0,0,0,NA,0,0,0,
2062,0.5,transect,0.01,5,0,0,5,0.3,0.3,0.3,random,0,0,Randomly placed,0.99750000000005,0,9,5,0,0,true,0,0,45,0,0,0,0,0,0,0,0,0.375,0,0,0,0,0,NA,0,0,0,
2059,0.5,transect,0.01,5,0,2,3,0.3,0.3,0.3,random,0,0,Randomly placed,0.9975000000000426,0,9,5,0,0,true,0,0,45,0,0,0,0,0,0,0,0,0.375,0,0,0,0,0,NA,0,0,0,
2060,0.5,transect,0.01,5,1,1,3,0.3,0.3,0.3,random,0,0,Randomly placed,0.9975000000000293,0,9,5,0,0,true,0,0,45,0,0,0,0,0,0,0,0,0.375,0,0,0,0,0,NA,0,0,0,
2063,0.5,transect,0.01,5,1,1,3,0.3,0.3,0.3,random,0,0,Randomly placed,0.9975000000000674,0,9,5,0,0,true,0,0,45,0,0,0,0,0,0,0,0,0.375,0,0,0,0,0,NA,0,0,0,
2064,0.5,transect,0.01,5,0,1,4,0.3,0.3,0.3,random,0,0,Randomly placed,0.9975000000000459,0,9,5,0,0,true,0,0,45,0,0,0,0,0,0,0,0,0.375,0,0,0,0,0,NA,0,0,0,
2065,0.5,transect,0.01,5,1,0,4,0.3,0.3,0.3,random,0,0,Randomly placed,0.9975000000000496,0,9,5,0,0,true,0,0,45,0,0,0,0,0,0,0,0,0.375,0,0,0,0,0,NA,0,0,0,
2066,0.5,transect,0.01,5,0,1,4,0.3,0.3,0.3,random,0,0,Randomly placed,0.9975000000000676,0,9,5,0,0,true,0,0,45,0,0,0,0,0,0,0,0,0.375,0,0,0,0,0,NA,0,0,0,
2067,0.5,transect,0.01,5,1,2,2,0.3,0.3,0.3,random,0,0,Randomly placed,0.9975000000000385,0,9,5,0,0,true,0,0,45,0,0,0,0,0,0,0,0,0.375,0,0,0,0,0,NA,0,0,0,
2061,0.5,transect,0.01,5,1,1,3,0.3,0.3,0.3,random,0,0,Randomly placed,0.9975000000000119,0,9,5,0,0,true,0,0,45,0,0,0,0,0,0,0,0,0.375,0,0,0,0,0,NA,0,0,0,
2069,0.5,transect,0.01,5,0,1,4,0.3,0.3,0.3,random,0,0,Randomly placed,0.9975000000000419,0,9,5,0,0,true,0,0,45,0,0,0,0,0,0,0,0,0.375,0,0,0,0,0,NA,0,0,0,
2068,0.5,transect,0.01,5,0,0,5,0.3,0.3,0.3,random,0,0,Randomly placed,0.9975000000000493,0,9,5,0,0,true,0,0,45,0,0,0,0,0,0,0,0,0.375,0,0,0,0,0,NA,0,0,0,
2070,0.5,transect,0.01,5,0,1,4,0.3,0.3,0.3,random,0,0,Randomly placed,0.9975000000000465,0,9,5,0,0,true,0,0,45,0,0,0,0,0,0,0,0,0.375,0,0,0,0,0,NA,0,0,0,
2072,0.5,transect,0.01,5,1,0,4,0.3,0.3,0.3,random,0,0,Randomly placed,0.9975000000000518,0,9,5,0,0,true,0,0,45,1,0,0,1,0,0,0,0,0.375,0,0,0,0,0,NA,0,0,0,
2071,0.5,transect,0.01,5,0,3,2,0.3,0.3,0.3,random,0,0,Randomly placed,0.9975000000000132,0,9,5,0,0,true,0,0,45,0,0,0,0,0,0,0,0,0.375,0,0,0,0,0,NA,0,0,0,
2073,0.5,transect,0.01,5,1,0,4,0.3,0.3,0.3,random,0,0,Randomly placed,0.9975000000000487,0,9,5,0,0,true,0,0,45,0,0,0,0,0,0,0,0,0.375,0,0,0,0,0,NA,0,0,0,
2074,0.5,transect,0.01,5,0,0,5,0.3,0.3,0.3,random,0,0,Randomly placed,0.9975000000000623,0,9,5,0,0,true,0,0,45,0,0,0,0,0,0,0,0,0.375,0,0,0,0,0,NA,0,0,0,
2075,0.5,transect,0.01,5,1,1,3,0.3,0.3,0.3,random,0,0,Randomly placed,0.9975000000000298,0,9,5,0,0,true,0,0,45,1,0,0,1,1,0,0,1,0.375,0,0,0,0,0.08888888888888889,6.70820393249937,0,0,0,
2078,0.5,transect,0.01,5,2,1,2,0.3,0.3,0.3,random,0,0,Randomly placed,0.9975000000000582,0,9,5,0,0,true,0,0,45,0,0,0,0,0,0,0,0,0.375,0,0,0,0,0,NA,0,0,0,
2076,0.5,transect,0.01,5,1,1,3,0.3,0.3,0.3,random,0,0,Randomly placed,0.9975000000000274,0,9,5,0,0,true,0,0,45,0,0,0,0,0,0,0,0,0.375,0,0,0,0,0,NA,0,0,0,
2077,0.5,transect,0.01,5,0,1,4,0.3,0.3,0.3,random,0,0,Randomly placed,0.9975000000000275,0,9,5,0,0,true,0,0,45,0,0,0,0,0,0,0,0,0.375,0,0,0,0,0,NA,0,0,0,
2080,0.5,transect,0.01,5,1,0,4,0.3,0.3,0.3,random,0,0,Randomly placed,0.9975000000000148,0,9,5,0,0,true,0,0,45,0,0,0,0,0,0,0,0,0.375,0,0,0,0,0,NA,0,0,0,
2083,0.5,transect,0.01,5,0,3,2,0.3,0.3,0.3,random,0,0,Randomly placed,0.997500000000019,0,9,5,0,0,true,0,0,45,0,0,0,0,0,0,0,0,0.375,0,0,0,0,0,NA,0,0,0,
2079,0.5,transect,0.01,5,0,1,4,0.3,0.3,0.3,random,0,0,Randomly placed,0.9975000000000426,0,9,5,0,0,true,0,0,45,0,0,0,0,0,0,0,0,0.375,0,0,0,0,0,NA,0,0,0,
2082,0.5,transect,0.01,5,1,0,4,0.3,0.3,0.3,random,0,0,Randomly placed,0.9975000000000181,0,9,5,0,0,true,0,0,45,0,0,0,0,0,0,0,0,0.375,0,0,0,0,0,NA,0,0,0,
2085,0.5,transect,0.01,5,0,0,5,0.3,0.3,0.3,random,0,0,Randomly placed,0.9975000000000139,0,9,5,0,0,true,0,0,45,0,0,0,0,0,0,0,0,0.375,0,0,0,0,0,NA,0,0,0,
2084,0.5,transect,0.01,5,0,0,5,0.3,0.3,0.3,random,0,0,Randomly placed,0.997500000000012,0,9,5,0,0,true,0,0,45,0,0,0,0,0,0,0,0,0.375,0,0,0,0,0,NA,0,0,0,
2087,0.5,transect,0.01,5,0,1,4,0.3,0.3,0.3,random,0,0,Randomly placed,0.997500000000052,0,9,5,0,0,true,0,0,45,1,0,0,1,0,0,0,0,0.375,0,0,0,0,0,NA,0,0,0,
2081,0.5,transect,0.01,5,2,2,1,0.3,0.3,0.3,random,0,0,Randomly placed,0.9975000000000429,0,9,5,0,0,true,0,0,45,0,0,0,0,0,0,0,0,0.375,0,0,0,0,0,NA,0,0,0,
2086,0.5,transect,0.01,5,0,1,4,0.3,0.3,0.3,random,0,0,Randomly placed,0.9974999999999982,0,9,5,0,0,true,0,0,45,0,0,0,0,0,0,0,0,0.375,0,0,0,0,0,NA,0,0,0,
2088,0.5,transect,0.01,5,0,1,4,0.3,0.3,0.3,random,0,0,Randomly placed,0.9975000000000549,0,9,5,0,0,true,0,0,45,0,0,0,0,0,0,0,0,0.375,0,0,0,0,0,NA,0,0,0,
2089,0.5,transect,0.01,5,0,1,4,0.3,0.3,0.3,random,0,0,Randomly placed,0.9975000000000293,0,9,5,0,0,true,0,0,45,0,0,0,0,0,0,0,0,0.375,0,0,0,0,0,NA,0,0,0,
2092,0.5,transect,0.01,5,1,2,2,0.3,0.3,0.3,random,0,0,Randomly placed,0.9975000000000709,0,9,5,0,0,true,0,0,45,0,0,0,0,0,0,0,0,0.375,0,0,0,0,0,NA,0,0,0,
2091,0.5,transect,0.01,5,0,0,5,0.3,0.3,0.3,random,0,0,Randomly placed,0.9975000000000372,0,9,5,0,0,true,0,0,45,0,0,0,0,0,0,0,0,0.375,0,0,0,0,0,NA,0,0,0,
2090,0.5,transect,0.01,5,0,1,4,0.3,0.3,0.3,random,0,0,Randomly placed,0.9975000000000607,0,9,5,0,0,true,0,0,45,1,0,0,1,0,0,0,0,0.375,0,0,0,0,0,NA,0,0,0,
2095,0.5,transect,0.01,5,0,1,4,0.3,0.3,0.3,random,0,0,Randomly placed,0.9975000000000595,0,9,5,0,0,true,0,0,45,0,0,0,0,0,0,0,0,0.375,0,0,0,0,0,NA,0,0,0,
2049,0.5,transect,0.01,5,0,0,5,0.3,0.3,0.3,random,0,0,Randomly placed,0.9975000000000345,0,9,5,0,0,true,0,0,45,0,0,0,0,0,0,0,0,0.375,0,0,0,0,0,NA,0,0,0,
2094,0.5,transect,0.01,5,2,0,3,0.3,0.3,0.3,random,0,0,Randomly placed,0.9975000000000361,0,9,5,0,0,true,0,0,45,0,0,0,0,0,0,0,0,0.375,0,0,0,0,0,NA,0,0,0,
2097,0.5,transect,0.01,5,0,1,4,0.3,0.3,0.3,random,0,0,Randomly placed,0.9975000000000532,0,9,5,0,0,true,0,0,45,0,0,0,0,0,0,0,0,0.375,0,0,0,0,0,NA,0,0,0,
2099,0.5,transect,0.01,5,0,0,5,0.3,0.3,0.3,random,0,0,Randomly placed,0.9975000000000136,0,9,5,0,0,true,0,0,45,0,0,0,0,0,0,0,0,0.375,0,0,0,0,0,NA,0,0,0,
2100,0.5,transect,0.01,5,1,0,4,0.3,0.3,0.3,random,0,0,Randomly placed,0.9975000000000246,0,9,5,0,0,true,0,0,45,0,0,0,0,0,0,0,0,0.375,0,0,0,0,0,NA,0,0,0,
2096,0.5,transect,0.01,5,1,0,4,0.3,0.3,0.3,random,0,0,Randomly placed,0.997500000000054,0,9,5,0,0,true,0,0,45,1,0,0,1,0,0,0,0,0.375,0,0,0,0,0,NA,0,0,0,
2102,0.5,transect,0.1,50,3,12,35,0.3,0.3,0.3,random,0,0,Randomly placed,0.9749999999999818,0,9,5,0,0,true,0,0,45,3,0,1,2,2,0,1,1,0.375,0,0,0,0,0.17777777777777778,4.689204235649836,0,0,0,
2098,0.5,transect,0.01,5,0,2,3,0.3,0.3,0.3,random,0,0,Randomly placed,0.9975000000000154,0,9,5,0,0,true,0,0,45,0,0,0,0,0,0,0,0,0.375,0,0,0,0,0,NA,0,0,0,
2104,0.5,transect,0.1,50,5,3,42,0.3,0.3,0.3,random,0,0,Randomly placed,1.014999999999983,0,9,5,0,0,true,0,0,45,0,0,0,0,0,0,0,0,0.375,0,0,0,0,0,NA,0,0,0,
2093,0.5,transect,0.01,5,1,1,3,0.3,0.3,0.3,random,0,0,Randomly placed,0.9975000000000477,0,9,5,0,0,true,0,0,45,0,0,0,0,0,0,0,0,0.375,0,0,0,0,0,NA,0,0,0,
2103,0.5,transect,0.1,50,6,5,39,0.3,0.3,0.3,random,0,0,Randomly placed,1.0149999999999832,0,9,5,0,0,true,0,0,45,0,0,0,0,0,0,0,0,0.375,0,0,0,0,0,NA,0,0,0,
2106,0.5,transect,0.1,50,5,8,37,0.3,0.3,0.3,random,0,0,Randomly placed,0.9749999999999843,0,9,5,0,0,true,0,0,45,1,0,0,1,1,0,0,1,0.375,0,0,0,0,0.08888888888888889,6.70820393249937,0,0,0,
2108,0.5,transect,0.1,50,5,9,36,0.3,0.3,0.3,random,0,0,Randomly placed,1.0549999999999848,0,9,5,0,0,true,0,0,45,0,0,0,0,0,0,0,0,0.375,0,0,0,0,0,NA,0,0,0,
2105,0.5,transect,0.1,50,5,6,39,0.3,0.3,0.3,random,0,0,Randomly placed,0.974999999999984,0,9,5,0,0,true,0,0,45,0,0,0,0,0,0,0,0,0.375,0,0,0,0,0,NA,0,0,0,
2101,0.5,transect,0.1,50,4,14,32,0.3,0.3,0.3,random,0,0,Randomly placed,1.0549999999999815,0,9,5,0,0,true,0,0,45,0,0,0,0,0,0,0,0,0.375,0,0,0,0,0,NA,0,0,0,
2107,0.5,transect,0.1,50,6,6,38,0.3,0.3,0.3,random,0,0,Randomly placed,0.9749999999999851,0,9,5,0,0,true,0,0,45,2,1,0,1,2,1,0,1,0.375,0,0,0,0,0.17777777777777778,4.689204235649838,0,0,0,
2111,0.5,transect,0.1,50,6,10,34,0.3,0.3,0.3,random,0,0,Randomly placed,1.0549999999999815,0,9,5,0,0,true,0,0,45,0,0,0,0,0,0,0,0,0.375,0,0,0,0,0,NA,0,0,0,
2113,0.5,transect,0.1,50,4,5,41,0.3,0.3,0.3,random,0,0,Randomly placed,0.9749999999999854,0,9,5,0,0,true,0,0,45,1,0,0,1,0,0,0,0,0.375,0,0,0,0,0,NA,0,0,0,
2112,0.5,transect,0.1,50,4,2,44,0.3,0.3,0.3,random,0,0,Randomly placed,1.0149999999999844,0,9,5,0,0,true,0,0,45,0,0,0,0,0,0,0,0,0.375,0,0,0,0,0,NA,0,0,0,
2110,0.5,transect,0.1,50,5,5,40,0.3,0.3,0.3,random,0,0,Randomly placed,0.9749999999999804,0,9,5,0,0,true,0,0,45,2,0,1,1,1,0,1,0,0.375,0,0,0,0,0.08888888888888889,6.708203932499369,0,0,0,
2114,0.5,transect,0.1,50,8,9,33,0.3,0.3,0.3,random,0,0,Randomly placed,0.9749999999999815,0,9,5,0,0,true,0,0,45,2,0,0,2,2,0,0,2,0.375,0,0,0,0,0.17777777777777778,4.689204235649838,0,0,0,
2109,0.5,transect,0.1,50,4,9,37,0.3,0.3,0.3,random,0,0,Randomly placed,0.9749999999999825,0,9,5,0,0,true,0,0,45,1,1,0,0,1,1,0,0,0.375,0,0,0,0,0.08888888888888889,6.70820393249937,0,0,0,
2116,0.5,transect,0.1,50,5,5,40,0.3,0.3,0.3,random,0,0,Randomly placed,0.9749999999999817,0,9,5,0,0,true,0,0,45,1,0,0,1,1,0,0,1,0.375,0,0,0,0,0.08888888888888889,6.70820393249937,0,0,0,
2115,0.5,transect,0.1,50,10,9,31,0.3,0.3,0.3,random,0,0,Randomly placed,1.0549999999999826,0,9,5,0,0,true,0,0,45,0,0,0,0,0,0,0,0,0.375,0,0,0,0,0,NA,0,0,0,
2117,0.5,transect,0.1,50,5,4,41,0.3,0.3,0.3,random,0,0,Randomly placed,0.9749999999999814,0,9,5,0,0,true,0,0,45,2,0,0,2,1,0,0,1,0.375,0,0,0,0,0.08888888888888889,6.70820393249937,0,0,0,
2119,0.5,transect,0.1,50,4,6,40,0.3,0.3,0.3,random,0,0,Randomly placed,1.014999999999981,0,9,5,0,0,true,0,0,45,3,0,1,2,0,0,0,0,0.375,0,0,0,0,0,NA,0,0,0,
2120,0.5,transect,0.1,50,6,10,34,0.3,0.3,0.3,random,0,0,Randomly placed,1.0549999999999822,0,9,5,0,0,true,0,0,45,1,0,0,1,1,0,0,1,0.375,0,0,0,0,0.08888888888888889,6.708203932499369,0,0,0,
2121,0.5,transect,0.1,50,3,6,41,0.3,0.3,0.3,random,0,0,Randomly placed,0.9749999999999842,0,9,5,0,0,true,0,0,45,1,0,0,1,0,0,0,0,0.375,0,0,0,0,0,NA,0,0,0,
2118,0.5,transect,0.1,50,3,4,43,0.3,0.3,0.3,random,0,0,Randomly placed,0.9749999999999798,0,9,5,0,0,true,0,0,45,2,0,0,2,0,0,0,0,0.375,0,0,0,0,0,NA,0,0,0,
2124,0.5,transect,0.1,50,3,7,40,0.3,0.3,0.3,random,0,0,Randomly placed,1.014999999999981,0,9,5,0,0,true,0,0,45,2,1,0,1,0,0,0,0,0.375,0,0,0,0,0,NA,0,0,0,
2122,0.5,transect,0.1,50,5,6,39,0.3,0.3,0.3,random,0,0,Randomly placed,0.9749999999999822,0,9,5,0,0,true,0,0,45,1,0,0,1,1,0,0,1,0.375,0,0,0,0,0.08888888888888889,6.70820393249937,0,0,0,
2123,0.5,transect,0.1,50,6,9,35,0.3,0.3,0.3,random,0,0,Randomly placed,1.0149999999999846,0,9,5,0,0,true,0,0,45,0,0,0,0,0,0,0,0,0.375,0,0,0,0,0,NA,0,0,0,
2125,0.5,transect,0.1,50,5,7,38,0.3,0.3,0.3,random,0,0,Randomly placed,1.014999999999982,0,9,5,0,0,true,0,0,45,3,0,1,2,2,0,1,1,0.375,0,0,0,0,0.17777777777777778,4.689204235649838,0,0,0,
2126,0.5,transect,0.1,50,4,10,36,0.3,0.3,0.3,random,0,0,Randomly placed,1.0149999999999815,0,9,5,0,0,true,0,0,45,1,0,1,0,0,0,0,0,0.375,0,0,0,0,0,NA,0,0,0,
2127,0.5,transect,0.1,50,6,13,31,0.3,0.3,0.3,random,0,0,Randomly placed,0.974999999999981,0,9,5,0,0,true,0,0,45,2,0,1,1,2,0,1,1,0.375,0,0,0,0,0.17777777777777778,4.689204235649836,0,0,0,
2129,0.5,transect,0.1,50,4,3,43,0.3,0.3,0.3,random,0,0,Randomly placed,1.054999999999981,0,9,5,0,0,true,0,0,45,0,0,0,0,0,0,0,0,0.375,0,0,0,0,0,NA,0,0,0,
2128,0.5,transect,0.1,50,7,7,36,0.3,0.3,0.3,random,0,0,Randomly placed,0.9749999999999829,0,9,5,0,0,true,0,0,45,1,0,0,1,0,0,0,0,0.375,0,0,0,0,0,NA,0,0,0,
2130,0.5,transect,0.1,50,3,6,41,0.3,0.3,0.3,random,0,0,Randomly placed,0.9749999999999823,0,9,5,0,0,true,0,0,45,1,0,0,1,1,0,0,1,0.375,0,0,0,0,0.08888888888888889,6.70820393249937,0,0,0,
2131,0.5,transect,0.1,50,3,9,38,0.3,0.3,0.3,random,0,0,Randomly placed,1.0549999999999808,0,9,5,0,0,true,0,0,45,2,0,1,1,1,0,0,1,0.375,0,0,0,0,0.08888888888888889,6.708203932499369,0,0,0,
2132,0.5,transect,0.1,50,3,7,40,0.3,0.3,0.3,random,0,0,Randomly placed,0.9749999999999857,0,9,5,0,0,true,0,0,45,1,0,0,1,0,0,0,0,0.375,0,0,0,0,0,NA,0,0,0,
2133,0.5,transect,0.1,50,4,6,40,0.3,0.3,0.3,random,0,0,Randomly placed,1.0149999999999844,0,9,5,0,0,true,0,0,45,2,1,0,1,0,0,0,0,0.375,0,0,0,0,0,NA,0,0,0,
2134,0.5,transect,0.1,50,5,5,40,0.3,0.3,0.3,random,0,0,Randomly placed,0.9749999999999839,0,9,5,0,0,true,0,0,45,3,0,0,3,0,0,0,0,0.375,0,0,0,0,0,NA,0,0,0,
2137,0.5,transect,0.1,50,5,4,41,0.3,0.3,0.3,random,0,0,Randomly placed,1.0549999999999824,0,9,5,0,0,true,0,0,45,2,0,0,2,0,0,0,0,0.375,0,0,0,0,0,NA,0,0,0,
2136,0.5,transect,0.1,50,6,10,34,0.3,0.3,0.3,random,0,0,Randomly placed,0.9749999999999814,0,9,5,0,0,true,0,0,45,3,0,2,1,1,0,1,0,0.375,0,0,0,0,0.08888888888888889,6.708203932499369,0,0,0,
2135,0.5,transect,0.1,50,5,7,38,0.3,0.3,0.3,random,0,0,Randomly placed,0.9749999999999823,0,9,5,0,0,true,0,0,45,0,0,0,0,0,0,0,0,0.375,0,0,0,0,0,NA,0,0,0,
2138,0.5,transect,0.1,50,3,9,38,0.3,0.3,0.3,random,0,0,Randomly placed,1.0149999999999828,0,9,5,0,0,true,0,0,45,0,0,0,0,0,0,0,0,0.375,0,0,0,0,0,NA,0,0,0,
2139,0.5,transect,0.1,50,8,5,37,0.3,0.3,0.3,random,0,0,Randomly placed,1.0149999999999841,0,9,5,0,0,true,0,0,45,0,0,0,0,0,0,0,0,0.375,0,0,0,0,0,NA,0,0,0,
2144,0.5,transect,0.1,50,8,4,38,0.3,0.3,0.3,random,0,0,Randomly placed,1.1349999999999827,0,9,5,0,0,true,0,0,45,1,0,0,1,1,0,0,1,0.375,0,0,0,0,0.08888888888888889,6.70820393249937,0,0,0,
2141,0.5,transect,0.1,50,6,10,34,0.3,0.3,0.3,random,0,0,Randomly placed,1.0149999999999824,0,9,5,0,0,true,0,0,45,3,0,2,1,0,0,0,0,0.375,0,0,0,0,0,NA,0,0,0,
2140,0.5,transect,0.1,50,2,7,41,0.3,0.3,0.3,random,0,0,Randomly placed,0.9749999999999815,0,9,5,0,0,true,0,0,45,0,0,0,0,0,0,0,0,0.375,0,0,0,0,0,NA,0,0,0,
2143,0.5,transect,0.1,50,6,11,33,0.3,0.3,0.3,random,0,0,Randomly placed,1.0149999999999808,0,9,5,0,0,true,0,0,45,0,0,0,0,0,0,0,0,0.375,0,0,0,0,0,NA,0,0,0,
2145,0.5,transect,0.1,50,3,5,42,0.3,0.3,0.3,random,0,0,Randomly placed,1.0149999999999837,0,9,5,0,0,true,0,0,45,0,0,0,0,0,0,0,0,0.375,0,0,0,0,0,NA,0,0,0,
2142,0.5,transect,0.1,50,3,9,38,0.3,0.3,0.3,random,0,0,Randomly placed,1.0949999999999827,0,9,5,0,0,true,0,0,45,1,0,0,1,0,0,0,0,0.375,0,0,0,0,0,NA,0,0,0,
2146,0.5,transect,0.1,50,5,7,38,0.3,0.3,0.3,random,0,0,Randomly placed,0.9749999999999829,0,9,5,0,0,true,0,0,45,0,0,0,0,0,0,0,0,0.375,0,0,0,0,0,NA,0,0,0,
2147,0.5,transect,0.1,50,11,9,30,0.3,0.3,0.3,random,0,0,Randomly placed,0.9749999999999821,0,9,5,0,0,true,0,0,45,2,0,0,2,1,0,0,1,0.375,0,0,0,0,0.08888888888888889,6.708203932499371,0,0,0,
2149,0.5,transect,0.1,50,2,7,41,0.3,0.3,0.3,random,0,0,Randomly placed,1.0549999999999835,0,9,5,0,0,true,0,0,45,1,0,0,1,0,0,0,0,0.375,0,0,0,0,0,NA,0,0,0,
2148,0.5,transect,0.1,50,3,11,36,0.3,0.3,0.3,random,0,0,Randomly placed,0.9749999999999823,0,9,5,0,0,true,0,0,45,3,0,0,3,1,0,0,1,0.375,0,0,0,0,0.08888888888888889,6.70820393249937,0,0,0,
2156,0.5,transect,0.1,50,9,8,33,0.3,0.3,0.3,random,0,0,Randomly placed,1.0149999999999813,0,9,5,0,0,true,0,0,45,0,0,0,0,0,0,0,0,0.375,0,0,0,0,0,NA,0,0,0,
2153,0.5,transect,0.1,50,2,9,39,0.3,0.3,0.3,random,0,0,Randomly placed,0.9749999999999854,0,9,5,0,0,true,0,0,45,1,0,1,0,0,0,0,0,0.375,0,0,0,0,0,NA,0,0,0,
2157,0.5,transect,0.1,50,10,3,37,0.3,0.3,0.3,random,0,0,Randomly placed,0.974999999999982,0,9,5,0,0,true,0,0,45,2,2,0,0,0,0,0,0,0.375,0,0,0,0,0,NA,0,0,0,
2154,0.5,transect,0.1,50,7,9,34,0.3,0.3,0.3,random,0,0,Randomly placed,0.9749999999999842,0,9,5,0,0,true,0,0,45,2,1,0,1,1,0,0,1,0.375,0,0,0,0,0.08888888888888889,6.708203932499369,0,0,0,
2152,0.5,transect,0.1,50,4,5,41,0.3,0.3,0.3,random,0,0,Randomly placed,1.014999999999986,0,9,5,0,0,true,0,0,45,0,0,0,0,0,0,0,0,0.375,0,0,0,0,0,NA,0,0,0,
2155,0.5,transect,0.1,50,5,3,42,0.3,0.3,0.3,random,0,0,Randomly placed,0.974999999999984,0,9,5,0,0,true,0,0,45,1,0,0,1,0,0,0,0,0.375,0,0,0,0,0,NA,0,0,0,
2151,0.5,transect,0.1,50,2,13,35,0.3,0.3,0.3,random,0,0,Randomly placed,1.0149999999999815,0,9,5,0,0,true,0,0,45,3,0,0,3,0,0,0,0,0.375,0,0,0,0,0,NA,0,0,0,
2159,0.5,transect,0.1,50,2,9,39,0.3,0.3,0.3,random,0,0,Randomly placed,1.0149999999999835,0,9,5,0,0,true,0,0,45,0,0,0,0,0,0,0,0,0.375,0,0,0,0,0,NA,0,0,0,
2160,0.5,transect,0.1,50,6,6,38,0.3,0.3,0.3,random,0,0,Randomly placed,1.0149999999999826,0,9,5,0,0,true,0,0,45,1,0,0,1,1,0,0,1,0.375,0,0,0,0,0.08888888888888889,6.708203932499369,0,0,0,
2158,0.5,transect,0.1,50,3,6,41,0.3,0.3,0.3,random,0,0,Randomly placed,1.014999999999982,0,9,5,0,0,true,0,0,45,0,0,0,0,0,0,0,0,0.375,0,0,0,0,0,NA,0,0,0,
2162,0.5,transect,0.1,50,3,8,39,0.3,0.3,0.3,random,0,0,Randomly placed,0.9749999999999842,0,9,5,0,0,true,0,0,45,1,0,0,1,0,0,0,0,0.375,0,0,0,0,0,NA,0,0,0,
2161,0.5,transect,0.1,50,8,5,37,0.3,0.3,0.3,random,0,0,Randomly placed,0.9749999999999867,0,9,5,0,0,true,0,0,45,1,0,1,0,1,0,1,0,0.375,0,0,0,0,0.08888888888888889,6.708203932499369,0,0,0,
2150,0.5,transect,0.1,50,7,11,32,0.3,0.3,0.3,random,0,0,Randomly placed,0.9749999999999822,0,9,5,0,0,true,0,0,45,1,0,0,1,0,0,0,0,0.375,0,0,0,0,0,NA,0,0,0,
2165,0.5,transect,0.1,50,2,5,43,0.3,0.3,0.3,random,0,0,Randomly placed,0.9749999999999825,0,9,5,0,0,true,0,0,45,4,1,1,2,1,1,0,0,0.375,0,0,0,0,0.08888888888888889,6.708203932499369,0,0,0,
2164,0.5,transect,0.1,50,8,7,35,0.3,0.3,0.3,random,0,0,Randomly placed,1.0549999999999855,0,9,5,0,0,true,0,0,45,1,0,0,1,1,0,0,1,0.375,0,0,0,0,0.08888888888888889,6.708203932499369,0,0,0,
2166,0.5,transect,0.1,50,3,12,35,0.3,0.3,0.3,random,0,0,Randomly placed,1.0149999999999832,0,9,5,0,0,true,0,0,45,0,0,0,0,0,0,0,0,0.375,0,0,0,0,0,NA,0,0,0,
2163,0.5,transect,0.1,50,5,8,37,0.3,0.3,0.3,random,0,0,Randomly placed,1.0149999999999844,0,9,5,0,0,true,0,0,45,0,0,0,0,0,0,0,0,0.375,0,0,0,0,0,NA,0,0,0,
2168,0.5,transect,0.1,50,6,7,37,0.3,0.3,0.3,random,0,0,Randomly placed,1.0149999999999817,0,9,5,0,0,true,0,0,45,5,0,1,4,2,0,1,1,0.375,0,0,0,0,0.17777777777777778,4.689204235649838,0,0,0,
2167,0.5,transect,0.1,50,4,8,38,0.3,0.3,0.3,random,0,0,Randomly placed,0.9749999999999837,0,9,5,0,0,true,0,0,45,0,0,0,0,0,0,0,0,0.375,0,0,0,0,0,NA,0,0,0,
2170,0.5,transect,0.1,50,5,7,38,0.3,0.3,0.3,random,0,0,Randomly placed,0.9749999999999817,0,9,5,0,0,true,0,0,45,0,0,0,0,0,0,0,0,0.375,0,0,0,0,0,NA,0,0,0,
2169,0.5,transect,0.1,50,5,8,37,0.3,0.3,0.3,random,0,0,Randomly placed,1.014999999999983,0,9,5,0,0,true,0,0,45,2,0,1,1,0,0,0,0,0.375,0,0,0,0,0,NA,0,0,0,
2171,0.5,transect,0.1,50,6,7,37,0.3,0.3,0.3,random,0,0,Randomly placed,0.9749999999999829,0,9,5,0,0,true,0,0,45,1,0,0,1,0,0,0,0,0.375,0,0,0,0,0,NA,0,0,0,
2172,0.5,transect,0.1,50,7,9,34,0.3,0.3,0.3,random,0,0,Randomly placed,1.0949999999999842,0,9,5,0,0,true,0,0,45,1,0,0,1,0,0,0,0,0.375,0,0,0,0,0,NA,0,0,0,
2174,0.5,transect,0.1,50,8,6,36,0.3,0.3,0.3,random,0,0,Randomly placed,1.0149999999999837,0,9,5,0,0,true,0,0,45,0,0,0,0,0,0,0,0,0.375,0,0,0,0,0,NA,0,0,0,
2175,0.5,transect,0.1,50,3,7,40,0.3,0.3,0.3,random,0,0,Randomly placed,1.0149999999999824,0,9,5,0,0,true,0,0,45,2,0,0,2,1,0,0,1,0.375,0,0,0,0,0.08888888888888889,6.70820393249937,0,0,0,
2176,0.5,transect,0.1,50,4,10,36,0.3,0.3,0.3,random,0,0,Randomly placed,1.0149999999999837,0,9,5,0,0,true,0,0,45,2,0,1,1,0,0,0,0,0.375,0,0,0,0,0,NA,0,0,0,
2173,0.5,transect,0.1,50,2,7,41,0.3,0.3,0.3,random,0,0,Randomly placed,0.974999999999985,0,9,5,0,0,true,0,0,45,0,0,0,0,0,0,0,0,0.375,0,0,0,0,0,NA,0,0,0,
2178,0.5,transect,0.1,50,5,8,37,0.3,0.3,0.3,random,0,0,Randomly placed,1.0549999999999824,0,9,5,0,0,true,0,0,45,0,0,0,0,0,0,0,0,0.375,0,0,0,0,0,NA,0,0,0,
2177,0.5,transect,0.1,50,6,10,34,0.3,0.3,0.3,random,0,0,Randomly placed,1.0149999999999824,0,9,5,0,0,true,0,0,45,1,0,1,0,1,0,1,0,0.375,0,0,0,0,0.08888888888888889,6.70820393249937,0,0,0,
2180,0.5,transect,0.1,50,4,10,36,0.3,0.3,0.3,random,0,0,Randomly placed,1.0549999999999855,0,9,5,0,0,true,0,0,45,3,1,1,1,2,1,0,1,0.375,0,0,0,0,0.17777777777777778,4.689204235649835,0,0,0,
2179,0.5,transect,0.1,50,5,7,38,0.3,0.3,0.3,random,0,0,Randomly placed,0.9749999999999832,0,9,5,0,0,true,0,0,45,1,1,0,0,0,0,0,0,0.375,0,0,0,0,0,NA,0,0,0,
2182,0.5,transect,0.1,50,8,4,38,0.3,0.3,0.3,random,0,0,Randomly placed,1.0149999999999824,0,9,5,0,0,true,0,0,45,1,0,0,1,0,0,0,0,0.375,0,0,0,0,0,NA,0,0,0,
2183,0.5,transect,0.1,50,2,13,35,0.3,0.3,0.3,random,0,0,Randomly placed,0.9749999999999851,0,9,5,0,0,true,0,0,45,0,0,0,0,0,0,0,0,0.375,0,0,0,0,0,NA,0,0,0,
2184,0.5,transect,0.1,50,6,8,36,0.3,0.3,0.3,random,0,0,Randomly placed,0.9749999999999828,0,9,5,0,0,true,0,0,45,1,1,0,0,0,0,0,0,0.375,0,0,0,0,0,NA,0,0,0,
2185,0.5,transect,0.1,50,4,11,35,0.3,0.3,0.3,random,0,0,Randomly placed,0.9749999999999818,0,9,5,0,0,true,0,0,45,0,0,0,0,0,0,0,0,0.375,0,0,0,0,0,NA,0,0,0,
2181,0.5,transect,0.1,50,3,13,34,0.3,0.3,0.3,random,0,0,Randomly placed,1.0149999999999826,0,9,5,0,0,true,0,0,45,1,0,0,1,0,0,0,0,0.375,0,0,0,0,0,NA,0,0,0,
2186,0.5,transect,0.1,50,4,5,41,0.3,0.3,0.3,random,0,0,Randomly placed,1.0149999999999877,0,9,5,0,0,true,0,0,45,1,0,0,1,0,0,0,0,0.375,0,0,0,0,0,NA,0,0,0,
2188,0.5,transect,0.1,50,8,5,37,0.3,0.3,0.3,random,0,0,Randomly placed,1.0149999999999826,0,9,5,0,0,true,0,0,45,1,0,0,1,1,0,0,1,0.375,0,0,0,0,0.08888888888888889,6.70820393249937,0,0,0,
2187,0.5,transect,0.1,50,10,5,35,0.3,0.3,0.3,random,0,0,Randomly placed,0.974999999999984,0,9,5,0,0,true,0,0,45,1,0,0,1,1,0,0,1,0.375,0,0,0,0,0.08888888888888889,6.70820393249937,0,0,0,
2189,0.5,transect,0.1,50,8,4,38,0.3,0.3,0.3,random,0,0,Randomly placed,0.9749999999999814,0,9,5,0,0,true,0,0,45,1,1,0,0,1,1,0,0,0.375,0,0,0,0,0.08888888888888889,6.708203932499369,0,0,0,
2191,0.5,transect,0.1,50,3,7,40,0.3,0.3,0.3,random,0,0,Randomly placed,0.974999999999982,0,9,5,0,0,true,0,0,45,0,0,0,0,0,0,0,0,0.375,0,0,0,0,0,NA,0,0,0,
2190,0.5,transect,0.1,50,5,7,38,0.3,0.3,0.3,random,0,0,Randomly placed,1.0149999999999813,0,9,5,0,0,true,0,0,45,1,1,0,0,0,0,0,0,0.375,0,0,0,0,0,NA,0,0,0,
2192,0.5,transect,0.1,50,4,11,35,0.3,0.3,0.3,random,0,0,Randomly placed,0.97499999999998,0,9,5,0,0,true,0,0,45,0,0,0,0,0,0,0,0,0.375,0,0,0,0,0,NA,0,0,0,
2194,0.5,transect,0.1,50,3,7,40,0.3,0.3,0.3,random,0,0,Randomly placed,1.0549999999999802,0,9,5,0,0,true,0,0,45,0,0,0,0,0,0,0,0,0.375,0,0,0,0,0,NA,0,0,0,
2193,0.5,transect,0.1,50,3,10,37,0.3,0.3,0.3,random,0,0,Randomly placed,1.0949999999999802,0,9,5,0,0,true,0,0,45,1,1,0,0,1,1,0,0,0.375,0,0,0,0,0.08888888888888889,6.708203932499369,0,0,0,
2195,0.5,transect,0.1,50,4,6,40,0.3,0.3,0.3,random,0,0,Randomly placed,0.9749999999999838,0,9,5,0,0,true,0,0,45,0,0,0,0,0,0,0,0,0.375,0,0,0,0,0,NA,0,0,0,
2197,0.5,transect,0.1,50,0,7,43,0.3,0.3,0.3,random,0,0,Randomly placed,0.9749999999999817,0,9,5,0,0,true,0,0,45,1,0,0,1,1,0,0,1,0.375,0,0,0,0,0.08888888888888889,6.70820393249937,0,0,0,
2196,0.5,transect,0.1,50,5,8,37,0.3,0.3,0.3,random,0,0,Randomly placed,0.9749999999999822,0,9,5,0,0,true,0,0,45,4,2,0,2,0,0,0,0,0.375,0,0,0,0,0,NA,0,0,0,
2198,0.5,transect,0.1,50,6,7,37,0.3,0.3,0.3,random,0,0,Randomly placed,1.0149999999999841,0,9,5,0,0,true,0,0,45,4,1,0,3,0,0,0,0,0.375,0,0,0,0,0,NA,0,0,0,
2199,0.5,transect,0.1,50,5,11,34,0.3,0.3,0.3,random,0,0,Randomly placed,1.0149999999999821,0,9,5,0,0,true,0,0,45,2,1,0,1,1,1,0,0,0.375,0,0,0,0,0.08888888888888889,6.70820393249937,0,0,0,
2200,0.5,transect,0.1,50,8,2,40,0.3,0.3,0.3,random,0,0,Randomly placed,0.9749999999999822,0,9,5,0,0,true,0,0,45,1,0,0,1,1,0,0,1,0.375,0,0,0,0,0.08888888888888889,6.70820393249937,0,0,0,
2202,0.5,transect,1,500,49,69,382,0.3,0.3,0.3,random,0,0,Randomly placed,1.006,0,9,5,0,0,true,0,0,45,17,1,2,14,6,0,1,5,0.375,0,0,0,0,0.5333333333333333,2.5783186910712335,0,0,0,
2201,0.5,transect,1,500,57,67,376,0.3,0.3,0.3,random,0,0,Randomly placed,0.99,0,9,5,0,0,true,0,0,45,10,2,0,8,6,1,0,5,0.375,0,0,0,0,0.5333333333333333,2.578318691071233,0,0,0,
2203,0.5,transect,1,500,56,85,359,0.3,0.3,0.3,random,0,0,Randomly placed,0.986,0,9,5,0,0,true,0,0,45,10,3,1,6,2,0,0,2,0.375,0,0,0,0,0.17777777777777778,4.689204235649837,0,0,0,
2205,0.5,transect,1,500,42,72,386,0.3,0.3,0.3,random,0,0,Randomly placed,0.974,0,9,5,0,0,true,0,0,45,15,1,2,12,7,1,0,6,0.375,0,0,0,0,0.6222222222222222,2.7258809064485936,0,0,0,
2204,0.5,transect,1,500,51,74,375,0.3,0.3,0.3,random,0,0,Randomly placed,1.01,0,9,5,0,0,true,0,0,45,10,0,1,9,3,0,0,3,0.375,0,0,0,0,0.26666666666666666,3.783937343321345,0,0,0,
2206,0.5,transect,1,500,48,72,380,0.3,0.3,0.3,random,0,0,Randomly placed,0.95,0,9,5,0,0,true,0,0,45,12,1,3,8,2,0,0,2,0.375,0,0,0,0,0.17777777777777778,4.689204235649836,0,0,0,
2208,0.5,transect,1,500,37,77,386,0.3,0.3,0.3,random,0,0,Randomly placed,1.006,0,9,5,0,0,true,0,0,45,16,2,4,10,8,1,1,6,0.375,0,0,0,0,0.7111111111111111,2.4836110532119076,0,0,0,
2207,0.5,transect,1,500,48,67,385,0.3,0.3,0.3,random,0,0,Randomly placed,1.002,0,9,5,0,0,true,0,0,45,9,0,1,8,3,0,0,3,0.375,0,0,0,0,0.26666666666666666,3.783937343321346,0,0,0,
2210,0.5,transect,1,500,44,80,376,0.3,0.3,0.3,random,0,0,Randomly placed,1.006,0,9,5,0,0,true,0,0,45,12,1,1,10,8,0,1,7,0.375,0,0,0,0,0.7111111111111111,2.1748824419640793,0,0,0,
2209,0.5,transect,1,500,54,70,376,0.3,0.3,0.3,random,0,0,Randomly placed,0.998,0,9,5,0,0,true,0,0,45,11,2,0,9,4,1,0,3,0.375,0,0,0,0,0.35555555555555557,4.0293666319342885,0,0,0,
2211,0.5,transect,1,500,63,77,360,0.3,0.3,0.3,random,0,0,Randomly placed,0.998,0,9,5,0,0,true,0,0,45,12,2,2,8,3,0,1,2,0.375,0,0,0,0,0.26666666666666666,3.783937343321347,0,0,0,
2212,0.5,transect,1,500,59,73,368,0.3,0.3,0.3,random,0,0,Randomly placed,1.022,0,9,5,0,0,true,0,0,45,5,1,4,0,0,0,0,0,0.375,0,0,0,0,0,NA,0,0,0,
2214,0.5,transect,1,500,49,67,384,0.3,0.3,0.3,random,0,0,Randomly placed,1.022,0,9,5,0,0,true,0,0,45,13,0,1,12,2,0,0,2,0.375,0,0,0,0,0.17777777777777778,4.689204235649837,0,0,0,
2215,0.5,transect,1,500,50,77,373,0.3,0.3,0.3,random,0,0,Randomly placed,0.986,0,9,5,0,0,true,0,0,45,9,1,1,7,2,0,0,2,0.375,0,0,0,0,0.17777777777777778,4.689204235649838,0,0,0,
2213,0.5,transect,1,500,52,74,374,0.3,0.3,0.3,random,0,0,Randomly placed,1.042,0,9,5,0,0,true,0,0,45,12,1,4,7,3,1,0,2,0.375,0,0,0,0,0.26666666666666666,3.7839373433213477,0,0,0,
2217,0.5,transect,1,500,41,71,388,0.3,0.3,0.3,random,0,0,Randomly placed,0.962,0,9,5,0,0,true,0,0,45,11,0,0,11,3,0,0,3,0.375,0,0,0,0,0.26666666666666666,3.783937343321344,0,0,0,
2221,0.5,transect,1,500,53,80,367,0.3,0.3,0.3,random,0,0,Randomly placed,1.006,0,9,5,0,0,true,0,0,45,13,2,1,10,4,1,1,2,0.375,0,0,0,0,0.35555555555555557,3.237739110159207,0,0,0,
2220,0.5,transect,1,500,52,64,384,0.3,0.3,0.3,random,0,0,Randomly placed,1.006,0,9,5,0,0,true,0,0,45,13,0,3,10,4,0,2,2,0.375,0,0,0,0,0.35555555555555557,3.2377391101592075,0,0,0,
2219,0.5,transect,1,500,52,74,374,0.3,0.3,0.3,random,0,0,Randomly placed,1.03,0,9,5,0,0,true,0,0,45,8,0,1,7,2,0,0,2,0.375,0,0,0,0,0.17777777777777778,4.689204235649838,0,0,0,
2227,0.5,transect,1,500,45,69,386,0.3,0.3,0.3,random,0,0,Randomly placed,1.01,0,9,5,0,0,true,0,0,45,12,2,3,7,2,0,1,1,0.375,0,0,0,0,0.17777777777777778,4.689204235649837,0,0,0,
2224,0.5,transect,1,500,38,83,379,0.3,0.3,0.3,random,0,0,Randomly placed,0.97,0,9,5,0,0,true,0,0,45,12,2,2,8,6,1,1,4,0.375,0,0,0,0,0.5333333333333333,2.5783186910712326,0,0,0,
2223,0.5,transect,1,500,55,75,370,0.3,0.3,0.3,random,0,0,Randomly placed,1.038,0,9,5,0,0,true,0,0,45,15,3,1,11,4,0,0,4,0.375,0,0,0,0,0.35555555555555557,3.2377391101592075,0,0,0,
2222,0.5,transect,1,500,43,76,381,0.3,0.3,0.3,random,0,0,Randomly placed,0.99,0,9,5,0,0,true,0,0,45,10,1,2,7,1,0,1,0,0.375,0,0,0,0,0.08888888888888889,6.70820393249937,0,0,0,
2226,0.5,transect,1,500,48,81,371,0.3,0.3,0.3,random,0,0,Randomly placed,1.034,0,9,5,0,0,true,0,0,45,11,2,0,9,2,0,0,2,0.375,0,0,0,0,0.17777777777777778,4.689204235649838,0,0,0,
2228,0.5,transect,1,500,61,75,364,0.3,0.3,0.3,random,0,0,Randomly placed,0.974,0,9,5,0,0,true,0,0,45,14,4,0,10,4,1,0,3,0.375,0,0,0,0,0.35555555555555557,4.029366631934288,0,0,0,
2225,0.5,transect,1,500,51,72,377,0.3,0.3,0.3,random,0,0,Randomly placed,1.026,0,9,5,0,0,true,0,0,45,15,0,3,12,5,0,1,4,0.375,0,0,0,0,0.4444444444444444,2.860387767736778,0,0,0,
2216,0.5,transect,1,500,49,77,374,0.3,0.3,0.3,random,0,0,Randomly placed,1.062,0,9,5,0,0,true,0,0,45,13,0,1,12,3,0,0,3,0.375,0,0,0,0,0.26666666666666666,4.954336943068618,0,0,0,
2229,0.5,transect,1,500,49,62,389,0.3,0.3,0.3,random,0,0,Randomly placed,0.99,0,9,5,0,0,true,0,0,45,11,3,0,8,2,0,0,2,0.375,0,0,0,0,0.17777777777777778,4.689204235649838,0,0,0,
2232,0.5,transect,1,500,48,71,381,0.3,0.3,0.3,random,0,0,Randomly placed,1.014,0,9,5,0,0,true,0,0,45,13,2,2,9,5,1,1,3,0.375,0,0,0,0,0.4444444444444444,2.860387767736778,0,0,0,
2230,0.5,transect,1,500,53,73,374,0.3,0.3,0.3,random,0,0,Randomly placed,0.97,0,9,5,0,0,true,0,0,45,10,1,2,7,2,0,0,2,0.375,0,0,0,0,0.17777777777777778,4.689204235649834,0,0,0,
2218,0.5,transect,1,500,42,79,379,0.3,0.3,0.3,random,0,0,Randomly placed,0.946,0,9,5,0,0,true,0,0,45,16,0,3,13,2,0,1,1,0.375,0,0,0,0,0.17777777777777778,4.689204235649837,0,0,0,
2231,0.5,transect,1,500,51,79,370,0.3,0.3,0.3,random,0,0,Randomly placed,1.062,0,9,5,0,0,true,0,0,45,10,0,2,8,4,0,1,3,0.375,0,0,0,0,0.35555555555555557,3.237739110159209,0,0,0,
2235,0.5,transect,1,500,51,78,371,0.3,0.3,0.3,random,0,0,Randomly placed,1.002,0,9,5,0,0,true,0,0,45,11,2,4,5,1,0,1,0,0.375,0,0,0,0,0.08888888888888889,6.708203932499369,0,0,0,
2236,0.5,transect,1,500,53,79,368,0.3,0.3,0.3,random,0,0,Randomly placed,1.022,0,9,5,0,0,true,0,0,45,6,2,0,4,1,1,0,0,0.375,0,0,0,0,0.08888888888888889,6.70820393249937,0,0,0,
2234,0.5,transect,1,500,56,80,364,0.3,0.3,0.3,random,0,0,Randomly placed,1.034,0,9,5,0,0,true,0,0,45,14,2,3,9,4,1,0,3,0.375,0,0,0,0,0.35555555555555557,4.029366631934288,0,0,0,
2233,0.5,transect,1,500,51,77,372,0.3,0.3,0.3,random,0,0,Randomly placed,0.986,0,9,5,0,0,true,0,0,45,8,1,0,7,3,0,0,3,0.375,0,0,0,0,0.26666666666666666,3.7839373433213477,0,0,0,
2237,0.5,transect,1,500,55,63,382,0.3,0.3,0.3,random,0,0,Randomly placed,0.962,0,9,5,0,0,true,0,0,45,9,3,0,6,4,2,0,2,0.375,0,0,0,0,0.35555555555555557,3.237739110159209,0,0,0,
2238,0.5,transect,1,500,43,60,397,0.3,0.3,0.3,random,0,0,Randomly placed,0.998,0,9,5,0,0,true,0,0,45,10,0,0,10,1,0,0,1,0.375,0,0,0,0,0.08888888888888889,6.708203932499369,0,0,0,
2239,0.5,transect,1,500,51,71,378,0.3,0.3,0.3,random,0,0,Randomly placed,0.974,0,9,5,0,0,true,0,0,45,12,0,2,10,2,0,0,2,0.375,0,0,0,0,0.17777777777777778,4.689204235649836,0,0,0,
2241,0.5,transect,1,500,53,76,371,0.3,0.3,0.3,random,0,0,Randomly placed,1.022,0,9,5,0,0,true,0,0,45,14,0,0,14,3,0,0,3,0.375,0,0,0,0,0.26666666666666666,3.783937343321347,0,0,0,
2242,0.5,transect,1,500,44,89,367,0.3,0.3,0.3,random,0,0,Randomly placed,1.05,0,9,5,0,0,true,0,0,45,8,1,0,7,3,1,0,2,0.375,0,0,0,0,0.26666666666666666,3.783937343321345,0,0,0,
2243,0.5,transect,1,500,54,85,361,0.3,0.3,0.3,random,0,0,Randomly placed,0.982,0,9,5,0,0,true,0,0,45,7,0,2,5,1,0,1,0,0.375,0,0,0,0,0.08888888888888889,6.70820393249937,0,0,0,
2240,0.5,transect,1,500,51,65,384,0.3,0.3,0.3,random,0,0,Randomly placed,0.99,0,9,5,0,0,true,0,0,45,9,0,3,6,4,0,2,2,0.375,0,0,0,0,0.35555555555555557,3.237739110159209,0,0,0,
2244,0.5,transect,1,500,45,72,383,0.3,0.3,0.3,random,0,0,Randomly placed,1.026,0,9,5,0,0,true,0,0,45,14,2,2,10,3,0,1,2,0.375,0,0,0,0,0.26666666666666666,3.783937343321346,0,0,0,
2245,0.5,transect,1,500,43,81,376,0.3,0.3,0.3,random,0,0,Randomly placed,1.018,0,9,5,0,0,true,0,0,45,8,1,1,6,3,1,0,2,0.375,0,0,0,0,0.26666666666666666,3.783937343321346,0,0,0,
2247,0.5,transect,1,500,46,73,381,0.3,0.3,0.3,random,0,0,Randomly placed,1.03,0,9,5,0,0,true,0,0,45,12,0,4,8,3,0,0,3,0.375,0,0,0,0,0.26666666666666666,3.783937343321347,0,0,0,
2248,0.5,transect,1,500,49,65,386,0.3,0.3,0.3,random,0,0,Randomly placed,0.974,0,9,5,0,0,true,0,0,45,11,0,3,8,7,0,2,5,0.375,0,0,0,0,0.6222222222222222,2.7258809064485945,0,0,0,
2246,0.5,transect,1,500,54,71,375,0.3,0.3,0.3,random,0,0,Randomly placed,1.034,0,9,5,0,0,true,0,0,45,10,1,2,7,2,0,0,2,0.375,0,0,0,0,0.17777777777777778,4.689204235649837,0,0,0,
2249,0.5,transect,1,500,40,77,383,0.3,0.3,0.3,random,0,0,Randomly placed,1.01,0,9,5,0,0,true,0,0,45,10,0,4,6,0,0,0,0,0.375,0,0,0,0,0,NA,0,0,0,
2250,0.5,transect,1,500,54,78,368,0.3,0.3,0.3,random,0,0,Randomly placed,1.002,0,9,5,0,0,true,0,0,45,11,1,1,9,3,1,0,2,0.375,0,0,0,0,0.26666666666666666,3.783937343321346,0,0,0,
2252,0.5,transect,1,500,64,78,358,0.3,0.3,0.3,random,0,0,Randomly placed,1.01,0,9,5,0,0,true,0,0,45,15,0,2,13,6,0,1,5,0.375,0,0,0,0,0.5333333333333333,2.578318691071233,0,0,0,
2253,0.5,transect,1,500,49,84,367,0.3,0.3,0.3,random,0,0,Randomly placed,0.994,0,9,5,0,0,true,0,0,45,8,2,1,5,2,2,0,0,0.375,0,0,0,0,0.17777777777777778,4.689204235649838,0,0,0,
2251,0.5,transect,1,500,45,81,374,0.3,0.3,0.3,random,0,0,Randomly placed,0.93,0,9,5,0,0,true,0,0,45,15,1,1,13,8,1,0,7,0.375,0,0,0,0,0.7111111111111111,2.1748824419640793,0,0,0,
2254,0.5,transect,1,500,51,84,365,0.3,0.3,0.3,random,0,0,Randomly placed,0.97,0,9,5,0,0,true,0,0,45,16,3,0,13,5,1,0,4,0.375,0,0,0,0,0.4444444444444444,3.4443629837222978,0,0,0,
2255,0.5,transect,1,500,45,61,394,0.3,0.3,0.3,random,0,0,Randomly placed,1.026,0,9,5,0,0,true,0,0,45,17,1,2,14,5,0,1,4,0.375,0,0,0,0,0.4444444444444444,2.860387767736778,0,0,0,
2256,0.5,transect,1,500,47,75,378,0.3,0.3,0.3,random,0,0,Randomly placed,1.038,0,9,5,0,0,true,0,0,45,9,1,1,7,3,0,0,3,0.375,0,0,0,0,0.26666666666666666,3.7839373433213477,0,0,0,
2257,0.5,transect,1,500,53,78,369,0.3,0.3,0.3,random,0,0,Randomly placed,1.034,0,9,5,0,0,true,0,0,45,10,1,1,8,2,0,1,1,0.375,0,0,0,0,0.17777777777777778,4.689204235649835,0,0,0,
2258,0.5,transect,1,500,53,80,367,0.3,0.3,0.3,random,0,0,Randomly placed,0.974,0,9,5,0,0,true,0,0,45,9,1,1,7,2,0,0,2,0.375,0,0,0,0,0.17777777777777778,4.689204235649836,0,0,0,
2261,0.5,transect,1,500,56,69,375,0.3,0.3,0.3,random,0,0,Randomly placed,1.006,0,9,5,0,0,true,0,0,45,5,0,1,4,3,0,0,3,0.375,0,0,0,0,0.26666666666666666,3.7839373433213477,0,0,0,
2260,0.5,transect,1,500,53,68,379,0.3,0.3,0.3,random,0,0,Randomly placed,1.014,0,9,5,0,0,true,0,0,45,11,1,1,9,3,1,0,2,0.375,0,0,0,0,0.26666666666666666,3.783937343321347,0,0,0,
2259,0.5,transect,1,500,49,75,376,0.3,0.3,0.3,random,0,0,Randomly placed,0.99,0,9,5,0,0,true,0,0,45,7,2,0,5,1,0,0,1,0.375,0,0,0,0,0.08888888888888889,6.70820393249937,0,0,0,
2262,0.5,transect,1,500,44,78,378,0.3,0.3,0.3,random,0,0,Randomly placed,0.942,0,9,5,0,0,true,0,0,45,12,0,2,10,4,0,0,4,0.375,0,0,0,0,0.35555555555555557,3.2377391101592075,0,0,0,
2263,0.5,transect,1,500,66,70,364,0.3,0.3,0.3,random,0,0,Randomly placed,0.998,0,9,5,0,0,true,0,0,45,12,4,1,7,5,2,1,2,0.375,0,0,0,0,0.4444444444444444,2.8603877677367775,0,0,0,
2264,0.5,transect,1,500,59,59,382,0.3,0.3,0.3,random,0,0,Randomly placed,0.994,0,9,5,0,0,true,0,0,45,9,1,1,7,4,0,1,3,0.375,0,0,0,0,0.35555555555555557,3.2377391101592075,0,0,0,
2265,0.5,transect,1,500,47,76,377,0.3,0.3,0.3,random,0,0,Randomly placed,0.994,0,9,5,0,0,true,0,0,45,14,3,0,11,4,1,0,3,0.375,0,0,0,0,0.35555555555555557,3.2377391101592075,0,0,0,
2266,0.5,transect,1,500,64,74,362,0.3,0.3,0.3,random,0,0,Randomly placed,0.942,0,9,5,0,0,true,0,0,45,12,2,1,9,7,1,1,5,0.375,0,0,0,0,0.6222222222222222,2.3562572126039325,0,0,0,
2268,0.5,transect,1,500,50,75,375,0.3,0.3,0.3,random,0,0,Randomly placed,0.998,0,9,5,0,0,true,0,0,45,13,1,2,10,5,0,1,4,0.375,0,0,0,0,0.4444444444444444,3.4443629837222973,0,0,0,
2269,0.5,transect,1,500,50,69,381,0.3,0.3,0.3,random,0,0,Randomly placed,0.998,0,9,5,0,0,true,0,0,45,11,2,2,7,3,1,1,1,0.375,0,0,0,0,0.26666666666666666,3.783937343321346,0,0,0,
2270,0.5,transect,1,500,43,77,380,0.3,0.3,0.3,random,0,0,Randomly placed,1.002,0,9,5,0,0,true,0,0,45,11,0,1,10,4,0,0,4,0.375,0,0,0,0,0.35555555555555557,3.2377391101592066,0,0,0,
2267,0.5,transect,1,500,55,80,365,0.3,0.3,0.3,random,0,0,Randomly placed,0.978,0,9,5,0,0,true,0,0,45,15,1,4,10,6,0,1,5,0.375,0,0,0,0,0.5333333333333333,2.5783186910712326,0,0,0,
2271,0.5,transect,1,500,51,69,380,0.3,0.3,0.3,random,0,0,Randomly placed,0.946,0,9,5,0,0,true,0,0,45,16,0,6,10,4,0,2,2,0.375,0,0,0,0,0.35555555555555557,3.2377391101592066,0,0,0,
2272,0.5,transect,1,500,43,77,380,0.3,0.3,0.3,random,0,0,Randomly placed,0.942,0,9,5,0,0,true,0,0,45,12,2,2,8,4,1,1,2,0.375,0,0,0,0,0.35555555555555557,3.2377391101592083,0,0,0,
2273,0.5,transect,1,500,47,79,374,0.3,0.3,0.3,random,0,0,Randomly placed,1.014,0,9,5,0,0,true,0,0,45,8,0,1,7,2,0,1,1,0.375,0,0,0,0,0.17777777777777778,4.689204235649835,0,0,0,
2275,0.5,transect,1,500,54,69,377,0.3,0.3,0.3,random,0,0,Randomly placed,1.014,0,9,5,0,0,true,0,0,45,5,1,1,3,3,1,1,1,0.375,0,0,0,0,0.26666666666666666,3.783937343321345,0,0,0,
2277,0.5,transect,1,500,55,61,384,0.3,0.3,0.3,random,0,0,Randomly placed,0.954,0,9,5,0,0,true,0,0,45,9,1,2,6,2,1,0,1,0.375,0,0,0,0,0.17777777777777778,4.689204235649837,0,0,0,
2283,0.5,transect,1,500,53,76,371,0.3,0.3,0.3,random,0,0,Randomly placed,0.986,0,9,5,0,0,true,0,0,45,10,1,0,9,4,0,0,4,0.375,0,0,0,0,0.35555555555555557,3.2377391101592083,0,0,0,
2276,0.5,transect,1,500,57,83,360,0.3,0.3,0.3,random,0,0,Randomly placed,0.958,0,9,5,0,0,true,0,0,45,12,1,0,11,8,1,0,7,0.375,0,0,0,0,0.7111111111111111,2.4836110532119076,0,0,0,
2279,0.5,transect,1,500,42,79,379,0.3,0.3,0.3,random,0,0,Randomly placed,1.01,0,9,5,0,0,true,0,0,45,9,0,1,8,5,0,1,4,0.375,0,0,0,0,0.4444444444444444,2.860387767736778,0,0,0,
2282,0.5,transect,1,500,46,71,383,0.3,0.3,0.3,random,0,0,Randomly placed,1.018,0,9,5,0,0,true,0,0,45,11,3,1,7,3,1,1,1,0.375,0,0,0,0,0.26666666666666666,3.783937343321347,0,0,0,
2278,0.5,transect,1,500,49,71,380,0.3,0.3,0.3,random,0,0,Randomly placed,1.034,0,9,5,0,0,true,0,0,45,17,3,2,12,6,0,1,5,0.375,0,0,0,0,0.5333333333333333,2.5783186910712326,0,0,0,
2284,0.5,transect,1,500,51,76,373,0.3,0.3,0.3,random,0,0,Randomly placed,1.022,0,9,5,0,0,true,0,0,45,11,1,1,9,4,0,1,3,0.375,0,0,0,0,0.35555555555555557,4.0293666319342885,0,0,0,
2274,0.5,transect,1,500,42,91,367,0.3,0.3,0.3,random,0,0,Randomly placed,1.026,0,9,5,0,0,true,0,0,45,12,1,3,8,4,1,2,1,0.375,0,0,0,0,0.35555555555555557,3.2377391101592083,0,0,0,
2281,0.5,transect,1,500,40,83,377,0.3,0.3,0.3,random,0,0,Randomly placed,0.974,0,9,5,0,0,true,0,0,45,14,1,2,11,2,1,0,1,0.375,0,0,0,0,0.17777777777777778,4.689204235649835,0,0,0,
2286,0.5,transect,1,500,52,78,370,0.3,0.3,0.3,random,0,0,Randomly placed,1.01,0,9,5,0,0,true,0,0,45,15,0,2,13,5,0,0,5,0.375,0,0,0,0,0.4444444444444444,2.8603877677367775,0,0,0,
2287,0.5,transect,1,500,52,89,359,0.3,0.3,0.3,random,0,0,Randomly placed,1.038,0,9,5,0,0,true,0,0,45,13,1,3,9,3,0,0,3,0.375,0,0,0,0,0.26666666666666666,3.783937343321348,0,0,0,
2285,0.5,transect,1,500,55,72,373,0.3,0.3,0.3,random,0,0,Randomly placed,1.01,0,9,5,0,0,true,0,0,45,10,2,2,6,3,0,1,2,0.375,0,0,0,0,0.26666666666666666,3.7839373433213477,0,0,0,
2280,0.5,transect,1,500,61,85,354,0.3,0.3,0.3,random,0,0,Randomly placed,1.062,0,9,5,0,0,true,0,0,45,14,5,2,7,4,2,1,1,0.375,0,0,0,0,0.35555555555555557,3.2377391101592083,0,0,0,
2288,0.5,transect,1,500,51,79,370,0.3,0.3,0.3,random,0,0,Randomly placed,1.05,0,9,5,0,0,true,0,0,45,13,2,1,10,5,1,1,3,0.375,0,0,0,0,0.4444444444444444,2.8603877677367775,0,0,0,
2289,0.5,transect,1,500,45,77,378,0.3,0.3,0.3,random,0,0,Randomly placed,0.966,0,9,5,0,0,true,0,0,45,6,2,2,2,0,0,0,0,0.375,0,0,0,0,0,NA,0,0,0,
2292,0.5,transect,1,500,69,83,348,0.3,0.3,0.3,random,0,0,Randomly placed,1.054,0,9,5,0,0,true,0,0,45,15,3,1,11,3,1,1,1,0.375,0,0,0,0,0.26666666666666666,3.783937343321348,0,0,0,
2290,0.5,transect,1,500,59,69,372,0.3,0.3,0.3,random,0,0,Randomly placed,0.958,0,9,5,0,0,true,0,0,45,12,1,1,10,3,1,0,2,0.375,0,0,0,0,0.26666666666666666,3.783937343321345,0,0,0,
2291,0.5,transect,1,500,49,70,381,0.3,0.3,0.3,random,0,0,Randomly placed,0.938,0,9,5,0,0,true,0,0,45,7,0,3,4,1,0,0,1,0.375,0,0,0,0,0.08888888888888889,6.708203932499369,0,0,0,
2293,0.5,transect,1,500,47,78,375,0.3,0.3,0.3,random,0,0,Randomly placed,1.01,0,9,5,0,0,true,0,0,45,6,1,1,4,1,0,0,1,0.375,0,0,0,0,0.08888888888888889,6.708203932499369,0,0,0,
2295,0.5,transect,1,500,54,80,366,0.3,0.3,0.3,random,0,0,Randomly placed,1.018,0,9,5,0,0,true,0,0,45,6,0,0,6,1,0,0,1,0.375,0,0,0,0,0.08888888888888889,6.708203932499369,0,0,0,
2294,0.5,transect,1,500,46,70,384,0.3,0.3,0.3,random,0,0,Randomly placed,0.938,0,9,5,0,0,true,0,0,45,8,1,3,4,0,0,0,0,0.375,0,0,0,0,0,NA,0,0,0,
2296,0.5,transect,1,500,54,68,378,0.3,0.3,0.3,random,0,0,Randomly placed,1.006,0,9,5,0,0,true,0,0,45,12,1,1,10,2,0,0,2,0.375,0,0,0,0,0.17777777777777778,4.689204235649837,0,0,0,
2297,0.5,transect,1,500,46,76,378,0.3,0.3,0.3,random,0,0,Randomly placed,0.97,0,9,5,0,0,true,0,0,45,8,0,0,8,1,0,0,1,0.375,0,0,0,0,0.08888888888888889,6.708203932499369,0,0,0,
2298,0.5,transect,1,500,41,71,388,0.3,0.3,0.3,random,0,0,Randomly placed,0.978,0,9,5,0,0,true,0,0,45,14,1,3,10,3,0,1,2,0.375,0,0,0,0,0.26666666666666666,3.783937343321345,0,0,0,
2300,0.5,transect,1,500,38,62,400,0.3,0.3,0.3,random,0,0,Randomly placed,1.042,0,9,5,0,0,true,0,0,45,14,1,2,11,7,1,0,6,0.375,0,0,0,0,0.6222222222222222,2.356257212603933,0,0,0,
2299,0.5,transect,1,500,62,75,363,0.3,0.3,0.3,random,0,0,Randomly placed,0.998,0,9,5,0,0,true,0,0,45,13,1,1,11,4,0,0,4,0.375,0,0,0,0,0.35555555555555557,3.2377391101592066,0,0,0,
2302,0.5,transect,7,3500,332,526,2642,0.3,0.3,0.3,random,0,0,Randomly placed,0.9517142857142857,0,9,5,0,0,true,0,0,45,83,8,19,56,15,1,1,13,0.375,0,0,0,0,1.3333333333333333,1.692228224453298,0,0,0,
2303,0.5,transect,7,3500,340,511,2649,0.3,0.3,0.3,random,0,0,Randomly placed,1.046,0,9,5,0,0,true,0,0,45,91,6,12,73,27,2,5,20,0.375,0,0,0,0,2.4,1.4822178304721936,0,0,0,
2301,0.5,transect,7,3500,343,532,2625,0.3,0.3,0.3,random,0,0,Randomly placed,1.0077142857142858,0,9,5,0,0,true,0,0,45,75,10,11,54,21,3,0,18,0.375,0,0,0,0,1.8666666666666667,1.2594724578112688,0,0,0,
2305,0.5,transect,7,3500,356,520,2624,0.3,0.3,0.3,random,0,0,Randomly placed,0.9951428571428572,0,9,5,0,0,true,0,0,45,58,4,11,43,14,2,0,12,0.375,0,0,0,0,1.2444444444444445,2.035457946950352,0,0,0,
2304,0.5,transect,7,3500,343,497,2660,0.3,0.3,0.3,random,0,0,Randomly placed,1.012857142857143,0,9,5,0,0,true,0,0,45,63,8,10,45,19,3,4,12,0.375,0,0,0,0,1.6888888888888889,1.5554471268066654,0,0,0,
2306,0.5,transect,7,3500,360,527,2613,0.3,0.3,0.3,random,0,0,Randomly placed,1.0282857142857142,0,9,5,0,0,true,0,0,45,66,8,10,48,16,1,4,11,0.375,0,0,0,0,1.4222222222222223,1.7124108304588386,0,0,0,
2307,0.5,transect,7,3500,368,536,2596,0.3,0.3,0.3,random,0,0,Randomly placed,0.9671428571428571,0,9,5,0,0,true,0,0,45,89,10,11,68,26,3,3,20,0.375,0,0,0,0,2.311111111111111,1.4045763978688528,0,0,0,
2308,0.5,transect,7,3500,336,554,2610,0.3,0.3,0.3,random,0,0,Randomly placed,0.9688571428571429,0,9,5,0,0,true,0,0,45,88,8,13,67,19,2,3,14,0.375,0,0,0,0,1.6888888888888889,1.4712043386265057,0,0,0,
2310,0.5,transect,7,3500,352,528,2620,0.3,0.3,0.3,random,0,0,Randomly placed,1.0134285714285716,0,9,5,0,0,true,0,0,45,82,13,11,58,20,2,3,15,0.375,0,0,0,0,1.7777777777777777,1.3185736094872993,0,0,0,
2309,0.5,transect,7,3500,327,525,2648,0.3,0.3,0.3,random,0,0,Randomly placed,0.9648571428571427,0,9,5,0,0,true,0,0,45,62,7,13,42,19,2,6,11,0.375,0,0,0,0,1.6888888888888889,1.6353560231915156,0,0,0,
2311,0.5,transect,7,3500,338,521,2641,0.3,0.3,0.3,random,0,0,Randomly placed,0.9854285714285714,0,9,5,0,0,true,0,0,45,78,12,9,57,20,3,1,16,0.375,0,0,0,0,1.7777777777777777,1.6997660266797157,0,0,0,
2312,0.5,transect,7,3500,322,540,2638,0.3,0.3,0.3,random,0,0,Randomly placed,0.9968571428571428,0,9,5,0,0,true,0,0,45,63,7,9,47,25,3,5,17,0.375,0,0,0,0,2.2222222222222223,1.2468141218904507,0,0,0,
2313,0.5,transect,7,3500,340,528,2632,0.3,0.3,0.3,random,0,0,Randomly placed,0.9962857142857143,0,9,5,0,0,true,0,0,45,74,9,12,53,20,2,4,14,0.375,0,0,0,0,1.7777777777777777,1.4828565798362427,0,0,0,
2314,0.5,transect,7,3500,332,506,2662,0.3,0.3,0.3,random,0,0,Randomly placed,0.9945714285714286,0,9,5,0,0,true,0,0,45,79,10,13,56,28,2,4,22,0.375,0,0,0,0,2.488888888888889,1.2490720117503369,0,0,0,
2320,0.5,transect,7,3500,338,552,2610,0.3,0.3,0.3,random,0,0,Randomly placed,1.0031428571428571,0,9,5,0,0,true,0,0,45,88,8,15,65,27,3,4,20,0.375,0,0,0,0,2.4,1.524215313934459,0,0,0,
2318,0.5,transect,7,3500,347,516,2637,0.3,0.3,0.3,random,0,0,Randomly placed,0.9351428571428572,0,9,5,0,0,true,0,0,45,91,14,15,62,31,2,5,24,0.375,0,0,0,0,2.7555555555555555,0.9699388553043135,0,0,0,
2322,0.5,transect,7,3500,334,579,2587,0.3,0.3,0.3,random,0,0,Randomly placed,0.982,0,9,5,0,0,true,0,0,45,73,9,13,51,17,2,4,11,0.375,0,0,0,0,1.511111111111111,1.5236419341925693,0,0,0,
2315,0.5,transect,7,3500,364,481,2655,0.3,0.3,0.3,random,0,0,Randomly placed,0.9762857142857142,0,9,5,0,0,true,0,0,45,79,8,14,57,25,4,1,20,0.375,0,0,0,0,2.2222222222222223,1.1224972160321829,0,0,0,
2317,0.5,transect,7,3500,354,530,2616,0.3,0.3,0.3,random,0,0,Randomly placed,0.9517142857142857,0,9,5,0,0,true,0,0,45,91,11,13,67,25,4,4,17,0.375,0,0,0,0,2.2222222222222223,1.304537535611062,0,0,0,
2326,0.5,transect,7,3500,339,536,2625,0.3,0.3,0.3,random,0,0,Randomly placed,1.052857142857143,0,9,5,0,0,true,0,0,45,73,5,14,54,15,0,1,14,0.375,0,0,0,0,1.3333333333333333,1.8090680674665816,0,0,0,
2321,0.5,transect,7,3500,369,513,2618,0.3,0.3,0.3,random,0,0,Randomly placed,1.0322857142857143,0,9,5,0,0,true,0,0,45,68,6,6,56,17,3,1,13,0.375,0,0,0,0,1.511111111111111,1.5236419341925689,0,0,0,
2327,0.5,transect,7,3500,348,525,2627,0.3,0.3,0.3,random,0,0,Randomly placed,1.0414285714285714,0,9,5,0,0,true,0,0,45,75,4,11,60,31,1,4,26,0.375,0,0,0,0,2.7555555555555555,1.5105343834370502,0,0,0,
2316,0.5,transect,7,3500,365,521,2614,0.3,0.3,0.3,random,0,0,Randomly placed,0.9757142857142858,0,9,5,0,0,true,0,0,45,75,5,9,61,21,0,4,17,0.375,0,0,0,0,1.8666666666666667,1.556004588133703,0,0,0,
2328,0.5,transect,7,3500,337,536,2627,0.3,0.3,0.3,random,0,0,Randomly placed,0.9505714285714285,0,9,5,0,0,true,0,0,45,75,9,11,55,31,4,5,22,0.375,0,0,0,0,2.7555555555555555,1.3778934949400028,0,0,0,
2331,0.5,transect,7,3500,347,544,2609,0.3,0.3,0.3,random,0,0,Randomly placed,1.0185714285714285,0,9,5,0,0,true,0,0,45,69,10,12,47,19,1,4,14,0.375,0,0,0,0,1.6888888888888889,1.6353560231915156,0,0,0,
2330,0.5,transect,7,3500,396,494,2610,0.3,0.3,0.3,random,0,0,Randomly placed,1.0105714285714285,0,9,5,0,0,true,0,0,45,76,6,11,59,18,4,2,12,0.375,0,0,0,0,1.6,1.348399724926484,0,0,0,
2329,0.5,transect,7,3500,379,495,2626,0.3,0.3,0.3,random,0,0,Randomly placed,1.0031428571428571,0,9,5,0,0,true,0,0,45,79,8,8,63,27,2,3,22,0.375,0,0,0,0,2.4,1.3007379412930151,0,0,0,
2325,0.5,transect,7,3500,392,504,2604,0.3,0.3,0.3,random,0,0,Randomly placed,1.0042857142857142,0,9,5,0,0,true,0,0,45,74,9,10,55,22,2,3,17,0.375,0,0,0,0,1.9555555555555555,1.4213014004510507,0,0,0,
2324,0.5,transect,7,3500,332,543,2625,0.3,0.3,0.3,random,0,0,Randomly placed,0.9797142857142856,0,9,5,0,0,true,0,0,45,74,7,12,55,29,2,5,22,0.375,0,0,0,0,2.577777777777778,1.4096391302634836,0,0,0,
2332,0.5,transect,7,3500,393,519,2588,0.3,0.3,0.3,random,0,0,Randomly placed,1.006,0,9,5,0,0,true,0,0,45,89,13,14,62,32,6,7,19,0.375,0,0,0,0,2.8444444444444446,1.106560530376158,0,0,0,
2333,0.5,transect,7,3500,377,493,2630,0.3,0.3,0.3,random,0,0,Randomly placed,1.0711428571428572,0,9,5,0,0,true,0,0,45,66,11,7,48,20,6,2,12,0.375,0,0,0,0,1.7777777777777777,1.630671919513828,0,0,0,
2335,0.5,transect,7,3500,365,524,2611,0.3,0.3,0.3,random,0,0,Randomly placed,1.0071428571428571,0,9,5,0,0,true,0,0,45,77,7,11,59,21,0,2,19,0.375,0,0,0,0,1.8666666666666667,1.3397726387570958,0,0,0,
2338,0.5,transect,7,3500,339,535,2626,0.3,0.3,0.3,random,0,0,Randomly placed,1.0717142857142856,0,9,5,0,0,true,0,0,45,105,12,14,79,37,3,6,28,0.375,0,0,0,0,3.2888888888888888,1.4504224718917562,0,0,0,
2337,0.5,transect,7,3500,360,507,2633,0.3,0.3,0.3,random,0,0,Randomly placed,0.9865714285714285,0,9,5,0,0,true,0,0,45,83,10,14,59,27,1,5,21,0.375,0,0,0,0,2.4,1.348399724926484,0,0,0,
2341,0.5,transect,7,3500,340,526,2634,0.3,0.3,0.3,random,0,0,Randomly placed,0.9871428571428572,0,9,5,0,0,true,0,0,45,72,12,9,51,18,5,3,10,0.375,0,0,0,0,1.6,1.634152546567959,0,0,0,
2336,0.5,transect,7,3500,363,512,2625,0.3,0.3,0.3,random,0,0,Randomly placed,0.9682857142857142,0,9,5,0,0,true,0,0,45,89,8,14,67,22,1,6,15,0.375,0,0,0,0,1.9555555555555555,1.4213014004510502,0,0,0,
2340,0.5,transect,7,3500,329,572,2599,0.3,0.3,0.3,random,0,0,Randomly placed,0.9785714285714285,0,9,5,0,0,true,0,0,45,72,5,14,53,27,2,4,21,0.375,0,0,0,0,2.4,1.3944333775567923,0,0,0,
2345,0.5,transect,7,3500,372,509,2619,0.3,0.3,0.3,random,0,0,Randomly placed,1.0042857142857142,0,9,5,0,0,true,0,0,45,85,10,12,63,31,3,2,26,0.375,0,0,0,0,2.7555555555555555,0.9699388553043136,0,0,0,
2339,0.5,transect,7,3500,328,533,2639,0.3,0.3,0.3,random,0,0,Randomly placed,1.0722857142857143,0,9,5,0,0,true,0,0,45,73,10,7,56,28,3,2,23,0.375,0,0,0,0,2.488888888888889,1.339772638757096,0,0,0,
2342,0.5,transect,7,3500,347,548,2605,0.3,0.3,0.3,random,0,0,Randomly placed,0.9825714285714285,0,9,5,0,0,true,0,0,45,87,13,15,59,35,6,9,20,0.375,0,0,0,0,3.111111111111111,0.9451565821331066,0,0,0,
2323,0.5,transect,7,3500,349,517,2634,0.3,0.3,0.3,random,0,0,Randomly placed,1.0185714285714285,0,9,5,0,0,true,0,0,45,89,14,14,61,27,6,5,16,0.375,0,0,0,0,2.4,1.1997474481714638,0,0,0,
2346,0.5,transect,7,3500,365,525,2610,0.3,0.3,0.3,random,0,0,Randomly placed,0.9985714285714286,0,9,5,0,0,true,0,0,45,77,10,6,61,23,2,2,19,0.375,0,0,0,0,2.0444444444444443,1.4819762656096118,0,0,0,
2351,0.5,transect,7,3500,330,532,2638,0.3,0.3,0.3,random,0,0,Randomly placed,0.9928571428571429,0,9,5,0,0,true,0,0,45,95,9,15,71,21,0,2,19,0.375,0,0,0,0,1.8666666666666667,1.2594724578112688,0,0,0,
2319,0.5,transect,7,3500,383,494,2623,0.3,0.3,0.3,random,0,0,Randomly placed,1.0202857142857142,0,9,5,0,0,true,0,0,45,68,9,3,56,25,3,3,19,0.375,0,0,0,0,2.2222222222222223,1.561467840905415,0,0,0,
2343,0.5,transect,7,3500,328,535,2637,0.3,0.3,0.3,random,0,0,Randomly placed,1.012857142857143,0,9,5,0,0,true,0,0,45,70,4,11,55,25,3,5,17,0.375,0,0,0,0,2.2222222222222223,1.4129273287623951,0,0,0,
2349,0.5,transect,7,3500,334,504,2662,0.3,0.3,0.3,random,0,0,Randomly placed,0.9888571428571428,0,9,5,0,0,true,0,0,45,92,12,13,67,19,3,5,11,0.375,0,0,0,0,1.6888888888888889,1.7115381622641155,0,0,0,
2348,0.5,transect,7,3500,383,495,2622,0.3,0.3,0.3,random,0,0,Randomly placed,0.9911428571428571,0,9,5,0,0,true,0,0,45,61,7,5,49,23,2,3,18,0.375,0,0,0,0,2.0444444444444443,1.4819762656096125,0,0,0,
2347,0.5,transect,7,3500,315,496,2689,0.3,0.3,0.3,random,0,0,Randomly placed,0.9654285714285714,0,9,5,0,0,true,0,0,45,69,6,9,54,19,1,2,16,0.375,0,0,0,0,1.6888888888888889,1.2862717789791307,0,0,0,
2352,0.5,transect,7,3500,342,509,2649,0.3,0.3,0.3,random,0,0,Randomly placed,1.0214285714285716,0,9,5,0,0,true,0,0,45,86,7,14,65,24,2,4,18,0.375,0,0,0,0,2.1333333333333333,1.6287107980351703,0,0,0,
2354,0.5,transect,7,3500,378,528,2594,0.3,0.3,0.3,random,0,0,Randomly placed,0.9842857142857142,0,9,5,0,0,true,0,0,45,72,11,11,50,21,3,5,13,0.375,0,0,0,0,1.8666666666666667,1.5560045881337021,0,0,0,
2350,0.5,transect,7,3500,362,539,2599,0.3,0.3,0.3,random,0,0,Randomly placed,0.9848571428571429,0,9,5,0,0,true,0,0,45,83,11,12,60,28,3,3,22,0.375,0,0,0,0,2.488888888888889,1.339772638757096,0,0,0,
2355,0.5,transect,7,3500,364,476,2660,0.3,0.3,0.3,random,0,0,Randomly placed,1.03,0,9,5,0,0,true,0,0,45,93,10,7,76,31,4,2,25,0.375,0,0,0,0,2.7555555555555555,1.0641161605308085,0,0,0,
2344,0.5,transect,7,3500,354,534,2612,0.3,0.3,0.3,random,0,0,Randomly placed,0.998,0,9,5,0,0,true,0,0,45,71,7,12,52,19,3,2,14,0.375,0,0,0,0,1.6888888888888889,1.635356023191515,0,0,0,
2353,0.5,transect,7,3500,336,558,2606,0.3,0.3,0.3,random,0,0,Randomly placed,0.9248571428571429,0,9,5,0,0,true,0,0,45,83,6,5,72,27,4,2,21,0.375,0,0,0,0,2.4,1.145919418253881,0,0,0,
2359,0.5,transect,7,3500,350,525,2625,0.3,0.3,0.3,random,0,0,Randomly placed,0.940857142857143,0,9,5,0,0,true,0,0,45,82,12,7,63,22,3,3,16,0.375,0,0,0,0,1.9555555555555555,1.2039800637840659,0,0,0,
2334,0.5,transect,7,3500,380,542,2578,0.3,0.3,0.3,random,0,0,Randomly placed,1.0237142857142858,0,9,5,0,0,true,0,0,45,66,8,14,44,20,3,2,15,0.375,0,0,0,0,1.7777777777777777,1.7661591609529936,0,0,0,
2356,0.5,transect,7,3500,331,523,2646,0.3,0.3,0.3,random,0,0,Randomly placed,1.0728571428571427,0,9,5,0,0,true,0,0,45,82,9,7,66,24,3,0,21,0.375,0,0,0,0,2.1333333333333333,1.3615040146169897,0,0,0,
2358,0.5,transect,7,3500,343,534,2623,0.3,0.3,0.3,random,0,0,Randomly placed,1.0334285714285714,0,9,5,0,0,true,0,0,45,80,7,13,60,21,1,3,17,0.375,0,0,0,0,1.8666666666666667,1.3397726387570958,0,0,0,
2364,0.5,transect,7,3500,348,497,2655,0.3,0.3,0.3,random,0,0,Randomly placed,0.9917142857142858,0,9,5,0,0,true,0,0,45,75,5,9,61,22,0,3,19,0.375,0,0,0,0,1.9555555555555555,1.3527457676688204,0,0,0,
2363,0.5,transect,7,3500,335,513,2652,0.3,0.3,0.3,random,0,0,Randomly placed,0.994,0,9,5,0,0,true,0,0,45,70,8,13,49,19,0,5,14,0.375,0,0,0,0,1.6888888888888889,1.555447126806665,0,0,0,
2360,0.5,transect,7,3500,340,494,2666,0.3,0.3,0.3,random,0,0,Randomly placed,1.0265714285714285,0,9,5,0,0,true,0,0,45,71,9,10,52,16,3,1,12,0.375,0,0,0,0,1.4222222222222223,1.8143603305547962,0,0,0,
2361,0.5,transect,7,3500,381,517,2602,0.3,0.3,0.3,random,0,0,Randomly placed,0.9722857142857143,0,9,5,0,0,true,0,0,45,81,10,12,59,26,1,1,24,0.375,0,0,0,0,2.311111111111111,1.4983853601348285,0,0,0,
2365,0.5,transect,7,3500,349,510,2641,0.3,0.3,0.3,random,0,0,Randomly placed,0.9471428571428572,0,9,5,0,0,true,0,0,45,77,7,15,55,28,3,5,20,0.375,0,0,0,0,2.488888888888889,1.0990751298259165,0,0,0,
2357,0.5,transect,7,3500,337,523,2640,0.3,0.3,0.3,random,0,0,Randomly placed,1.0002857142857142,0,9,5,0,0,true,0,0,45,83,6,9,68,34,3,3,28,0.375,0,0,0,0,3.022222222222222,1.2668338024311123,0,0,0,
2362,0.5,transect,7,3500,370,540,2590,0.3,0.3,0.3,random,0,0,Randomly placed,0.9202857142857143,0,9,5,0,0,true,0,0,45,87,10,19,58,26,1,5,20,0.375,0,0,0,0,2.311111111111111,1.2507394262699307,0,0,0,
2372,0.5,transect,7,3500,333,513,2654,0.3,0.3,0.3,random,0,0,Randomly placed,1.0202857142857142,0,9,5,0,0,true,0,0,45,93,8,15,70,31,1,3,27,0.375,0,0,0,0,2.7555555555555555,1.0641161605308085,0,0,0,
2366,0.5,transect,7,3500,361,511,2628,0.3,0.3,0.3,random,0,0,Randomly placed,1.0425714285714285,0,9,5,0,0,true,0,0,45,73,8,4,61,30,2,1,27,0.375,0,0,0,0,2.6666666666666665,1.1078234188139944,0,0,0,
2371,0.5,transect,7,3500,366,478,2656,0.3,0.3,0.3,random,0,0,Randomly placed,0.9854285714285714,0,9,5,0,0,true,0,0,45,87,7,15,65,26,3,3,20,0.375,0,0,0,0,2.311111111111111,1.3040364363905261,0,0,0,
2367,0.5,transect,7,3500,341,501,2658,0.3,0.3,0.3,random,0,0,Randomly placed,0.9751428571428571,0,9,5,0,0,true,0,0,45,73,6,10,57,20,2,4,14,0.375,0,0,0,0,1.7777777777777777,1.630671919513828,0,0,0,
2370,0.5,transect,7,3500,332,539,2629,0.3,0.3,0.3,random,0,0,Randomly placed,0.9505714285714285,0,9,5,0,0,true,0,0,45,90,10,14,66,22,4,4,14,0.375,0,0,0,0,1.9555555555555555,1.4866991053681062,0,0,0,
2373,0.5,transect,7,3500,346,521,2633,0.3,0.3,0.3,random,0,0,Randomly placed,0.9808571428571428,0,9,5,0,0,true,0,0,45,81,6,13,62,19,1,2,16,0.375,0,0,0,0,1.6888888888888889,1.1830137493285864,0,0,0,
2368,0.5,transect,7,3500,342,523,2635,0.3,0.3,0.3,random,0,0,Randomly placed,1.0351428571428571,0,9,5,0,0,true,0,0,45,84,9,8,67,27,3,2,22,0.375,0,0,0,0,2.4,1.1459194182538808,0,0,0,
2375,0.5,transect,7,3500,297,535,2668,0.3,0.3,0.3,random,0,0,Randomly placed,1.0488571428571427,0,9,5,0,0,true,0,0,45,81,8,14,59,26,4,3,19,0.375,0,0,0,0,2.311111111111111,1.3552390720615206,0,0,0,
2374,0.5,transect,7,3500,347,577,2576,0.3,0.3,0.3,random,0,0,Randomly placed,1.0197142857142858,0,9,5,0,0,true,0,0,45,79,13,14,52,24,4,3,17,0.375,0,0,0,0,2.1333333333333333,1.527447737537717,0,0,0,
2369,0.5,transect,7,3500,388,509,2603,0.3,0.3,0.3,random,0,0,Randomly placed,1.0174285714285713,0,9,5,0,0,true,0,0,45,88,13,14,61,30,3,6,21,0.375,0,0,0,0,2.6666666666666665,1.4301938838683885,0,0,0,
2380,0.5,transect,7,3500,363,491,2646,0.3,0.3,0.3,random,0,0,Randomly placed,0.9865714285714285,0,9,5,0,0,true,0,0,45,78,10,10,58,24,2,4,18,0.375,0,0,0,0,2.1333333333333333,1.3014960796923458,0,0,0,
2378,0.5,transect,7,3500,349,550,2601,0.3,0.3,0.3,random,0,0,Randomly placed,1.0522857142857143,0,9,5,0,0,true,0,0,45,76,10,11,55,21,3,5,13,0.375,0,0,0,0,1.8666666666666667,1.6216874328520055,0,0,0,
2379,0.5,transect,7,3500,312,560,2628,0.3,0.3,0.3,random,0,0,Randomly placed,1.0351428571428571,0,9,5,0,0,true,0,0,45,80,4,11,65,28,2,2,24,0.375,0,0,0,0,2.488888888888889,1.2011560989421706,0,0,0,
2376,0.5,transect,7,3500,349,506,2645,0.3,0.3,0.3,random,0,0,Randomly placed,0.9865714285714285,0,9,5,0,0,true,0,0,45,79,9,3,67,24,1,1,22,0.375,0,0,0,0,2.1333333333333333,1.418976503745504,0,0,0,
2377,0.5,transect,7,3500,343,541,2616,0.3,0.3,0.3,random,0,0,Randomly placed,0.9677142857142857,0,9,5,0,0,true,0,0,45,80,8,13,59,18,1,2,15,0.375,0,0,0,0,1.6,1.5447859516333118,0,0,0,
2382,0.5,transect,7,3500,336,544,2620,0.3,0.3,0.3,random,0,0,Randomly placed,1.036857142857143,0,9,5,0,0,true,0,0,45,75,5,14,56,16,1,5,10,0.375,0,0,0,0,1.4222222222222223,1.4876981342451043,0,0,0,
2383,0.5,transect,7,3500,379,571,2550,0.3,0.3,0.3,random,0,0,Randomly placed,1.0254285714285714,0,9,5,0,0,true,0,0,45,73,6,10,57,28,3,6,19,0.375,0,0,0,0,2.488888888888889,1.3828939366683952,0,0,0,
2381,0.5,transect,7,3500,350,526,2624,0.3,0.3,0.3,random,0,0,Randomly placed,0.9511428571428572,0,9,5,0,0,true,0,0,45,78,3,11,64,25,0,2,23,0.375,0,0,0,0,2.2222222222222223,1.4641162397966785,0,0,0,
2384,0.5,transect,7,3500,353,505,2642,0.3,0.3,0.3,random,0,0,Randomly placed,0.9728571428571428,0,9,5,0,0,true,0,0,45,73,6,14,53,26,2,6,18,0.375,0,0,0,0,2.311111111111111,1.3040364363905264,0,0,0,
2385,0.5,transect,7,3500,341,520,2639,0.3,0.3,0.3,random,0,0,Randomly placed,1.022,0,9,5,0,0,true,0,0,45,72,9,9,54,24,5,3,16,0.375,0,0,0,0,2.1333333333333333,1.3615040146169899,0,0,0,
2386,0.5,transect,7,3500,356,535,2609,0.3,0.3,0.3,random,0,0,Randomly placed,0.938,0,9,5,0,0,true,0,0,45,88,15,14,59,28,1,7,20,0.375,0,0,0,0,2.488888888888889,1.5433778883094214,0,0,0,
2388,0.5,transect,7,3500,361,540,2599,0.3,0.3,0.3,random,0,0,Randomly placed,1.0945714285714285,0,9,5,0,0,true,0,0,45,77,8,15,54,27,2,5,20,0.375,0,0,0,0,2.4,1.4822178304721931,0,0,0,
2389,0.5,transect,7,3500,319,523,2658,0.3,0.3,0.3,random,0,0,Randomly placed,1.0145714285714287,0,9,5,0,0,true,0,0,45,77,7,12,58,20,1,0,19,0.375,0,0,0,0,1.7777777777777777,1.558517652363064,0,0,0,
2395,0.5,transect,7,3500,359,533,2608,0.3,0.3,0.3,random,0,0,Randomly placed,1.0351428571428571,0,9,5,0,0,true,0,0,45,72,7,8,57,25,3,2,20,0.375,0,0,0,0,2.2222222222222223,1.4641162397966783,0,0,0,
2392,0.5,transect,7,3500,330,530,2640,0.3,0.3,0.3,random,0,0,Randomly placed,1.0117142857142858,0,9,5,0,0,true,0,0,45,74,14,10,50,26,4,4,18,0.375,0,0,0,0,2.311111111111111,1.1950678631014922,0,0,0,
2397,0.5,transect,7,3500,368,543,2589,0.3,0.3,0.3,random,0,0,Randomly placed,0.9888571428571428,0,9,5,0,0,true,0,0,45,79,8,11,60,26,3,4,19,0.375,0,0,0,0,2.311111111111111,1.1950678631014922,0,0,0,
2387,0.5,transect,7,3500,381,525,2594,0.3,0.3,0.3,random,0,0,Randomly placed,0.9722857142857143,0,9,5,0,0,true,0,0,45,88,14,12,62,28,4,5,19,0.375,0,0,0,0,2.488888888888889,1.2490720117503367,0,0,0,
2396,0.5,transect,7,3500,346,533,2621,0.3,0.3,0.3,random,0,0,Randomly placed,0.986,0,9,5,0,0,true,0,0,45,83,8,10,65,26,2,4,20,0.375,0,0,0,0,2.311111111111111,1.4045763978688528,0,0,0,
2399,0.5,transect,7,3500,363,504,2633,0.3,0.3,0.3,random,0,0,Randomly placed,0.9694285714285714,0,9,5,0,0,true,0,0,45,80,9,18,53,22,3,5,14,0.375,0,0,0,0,1.9555555555555555,1.4213014004510507,0,0,0,
2394,0.5,transect,7,3500,373,563,2564,0.3,0.3,0.3,random,0,0,Randomly placed,0.982,0,9,5,0,0,true,0,0,45,87,7,9,71,25,1,1,23,0.375,0,0,0,0,2.2222222222222223,1.1862852638689936,0,0,0,
2390,0.5,transect,7,3500,324,554,2622,0.3,0.3,0.3,random,0,0,Randomly placed,1.0414285714285714,0,9,5,0,0,true,0,0,45,86,9,12,65,23,1,3,19,0.375,0,0,0,0,2.0444444444444443,1.5950710296473352,0,0,0,
2393,0.5,transect,7,3500,376,517,2607,0.3,0.3,0.3,random,0,0,Randomly placed,1.0231428571428571,0,9,5,0,0,true,0,0,45,76,3,14,59,23,1,4,18,0.375,0,0,0,0,2.0444444444444443,1.359505687387961,0,0,0,
2398,0.5,transect,7,3500,375,554,2571,0.3,0.3,0.3,random,0,0,Randomly placed,0.9477142857142857,0,9,5,0,0,true,0,0,45,69,5,12,52,26,1,6,19,0.375,0,0,0,0,2.311111111111111,1.2507394262699307,0,0,0,
2391,0.5,transect,7,3500,344,505,2651,0.3,0.3,0.3,random,0,0,Randomly placed,1.0562857142857143,0,9,5,0,0,true,0,0,45,81,4,12,65,27,1,5,21,0.375,0,0,0,0,2.4,1.348399724926484,0,0,0,
2400,0.5,transect,7,3500,358,499,2643,0.3,0.3,0.3,random,0,0,Randomly placed,0.9985714285714286,0,9,5,0,0,true,0,0,45,77,9,15,53,22,0,5,17,0.375,0,0,0,0,1.9555555555555555,1.4866991053681067,0,0,0,
2402,0.5,adaptive-cluster,0.01,5,1,0,4,1,1,1,random,0,0,Randomly placed,0.9975000000000223,0,0,0,25,45,true,0,0,25,0,0,0,0,0,0,0,0,0.20833333333333334,0,0,0,0,0,NA,0,0,0,
2404,0.5,adaptive-cluster,0.01,5,1,1,3,1,1,1,random,0,0,Randomly placed,0.9975000000000295,0,0,0,25,45,true,0,0,25,0,0,0,0,0,0,0,0,0.20833333333333334,0,0,0,0,0,NA,0,0,0,
2406,0.5,adaptive-cluster,0.01,5,0,0,5,1,1,1,random,0,0,Randomly placed,0.9975000000000124,0,0,0,25,45,true,0,0,25,0,0,0,0,0,0,0,0,0.20833333333333334,0,0,0,0,0,NA,0,0,0,
2413,0.5,adaptive-cluster,0.01,5,1,1,3,1,1,1,random,0,0,Randomly placed,0.9975000000000209,0,0,0,25,45,true,0,0,25,0,0,0,0,0,0,0,0,0.20833333333333334,0,0,0,0,0,NA,0,0,0,
2414,0.5,adaptive-cluster,0.01,5,1,1,3,1,1,1,random,0,0,Randomly placed,0.9975000000000374,0,0,0,25,45,true,0,0,25,0,0,0,0,0,0,0,0,0.20833333333333334,0,0,0,0,0,NA,0,0,0,
2408,0.5,adaptive-cluster,0.01,5,0,0,5,1,1,1,random,0,0,Randomly placed,0.9975000000000449,0,0,0,25,45,true,0,0,25,0,0,0,0,0,0,0,0,0.20833333333333334,0,0,0,0,0,NA,0,0,0,
2407,0.5,adaptive-cluster,0.01,5,0,0,5,1,1,1,random,0,0,Randomly placed,0.9975000000000206,0,0,0,25,45,true,0,0,25,0,0,0,0,0,0,0,0,0.20833333333333334,0,0,0,0,0,NA,0,0,0,
2410,0.5,adaptive-cluster,0.01,5,0,2,3,1,1,1,random,0,0,Randomly placed,0.9975000000000221,0,0,0,25,45,true,0,0,25,0,0,0,0,0,0,0,0,0.20833333333333334,0,0,0,0,0,NA,0,0,0,
2403,0.5,adaptive-cluster,0.01,5,1,1,3,1,1,1,random,0,0,Randomly placed,0.9975000000000147,0,0,0,25,45,true,0,0,25,0,0,0,0,0,0,0,0,0.20833333333333334,0,0,0,0,0,NA,0,0,0,
2401,0.5,adaptive-cluster,0.01,5,0,2,3,1,1,1,random,0,0,Randomly placed,0.9975000000000429,0,0,0,25,45,true,0,0,25,0,0,0,0,0,0,0,0,0.20833333333333334,0,0,0,0,0,NA,0,0,0,
2409,0.5,adaptive-cluster,0.01,5,0,1,4,1,1,1,random,0,0,Randomly placed,0.9975000000000195,0,0,0,25,45,true,0,0,25,0,0,0,0,0,0,0,0,0.20833333333333334,0,0,0,0,0,NA,0,0,0,
2405,0.5,adaptive-cluster,0.01,5,0,0,5,1,1,1,random,0,0,Randomly placed,0.9975000000000573,0,0,0,25,45,true,0,0,25,0,0,0,0,0,0,0,0,0.20833333333333334,0,0,0,0,0,NA,0,0,0,
2411,0.5,adaptive-cluster,0.01,5,0,0,5,1,1,1,random,0,0,Randomly placed,0.9975000000000138,0,0,0,25,45,true,0,0,25,0,0,0,0,0,0,0,0,0.20833333333333334,0,0,0,0,0,NA,0,0,0,
2412,0.5,adaptive-cluster,0.01,5,0,2,3,1,1,1,random,0,0,Randomly placed,0.9975000000000459,0,0,0,25,45,true,0,0,25,0,0,0,0,0,0,0,0,0.20833333333333334,0,0,0,0,0,NA,0,0,0,
2417,0.5,adaptive-cluster,0.01,5,0,1,4,1,1,1,random,0,0,Randomly placed,0.9975000000000295,0,0,0,25,45,true,0,0,25,0,0,0,0,0,0,0,0,0.20833333333333334,0,0,0,0,0,NA,0,0,0,
2416,0.5,adaptive-cluster,0.01,5,0,0,5,1,1,1,random,0,0,Randomly placed,0.9975000000000539,0,0,0,25,45,true,0,0,25,0,0,0,0,0,0,0,0,0.20833333333333334,0,0,0,0,0,NA,0,0,0,
2415,0.5,adaptive-cluster,0.01,5,0,1,4,1,1,1,random,0,0,Randomly placed,0.9975000000000679,0,0,0,25,45,true,0,0,25,0,0,0,0,0,0,0,0,0.20833333333333334,0,0,0,0,0,NA,0,0,0,
2420,0.5,adaptive-cluster,0.01,5,1,1,3,1,1,1,random,0,0,Randomly placed,0.9975000000000244,0,0,0,25,45,true,0,0,25,0,0,0,0,0,0,0,0,0.20833333333333334,0,0,0,0,0,NA,0,0,0,
2421,0.5,adaptive-cluster,0.01,5,0,1,4,1,1,1,random,0,0,Randomly placed,0.997500000000016,0,0,0,25,45,true,0,0,25,0,0,0,0,0,0,0,0,0.20833333333333334,0,0,0,0,0,NA,0,0,0,
2418,0.5,adaptive-cluster,0.01,5,0,0,5,1,1,1,random,0,0,Randomly placed,0.9975000000000428,0,0,0,25,45,true,0,0,25,0,0,0,0,0,0,0,0,0.20833333333333334,0,0,0,0,0,NA,0,0,0,
2423,0.5,adaptive-cluster,0.01,5,0,0,5,1,1,1,random,0,0,Randomly placed,0.997500000000057,0,0,0,25,45,true,0,0,25,0,0,0,0,0,0,0,0,0.20833333333333334,0,0,0,0,0,NA,0,0,0,
2427,0.5,adaptive-cluster,0.01,5,2,0,3,1,1,1,random,0,0,Randomly placed,0.9975000000000329,0,0,0,25,45,true,0,0,25,0,0,0,0,0,0,0,0,0.20833333333333334,0,0,0,0,0,NA,0,0,0,
2419,0.5,adaptive-cluster,0.01,5,1,0,4,1,1,1,random,0,0,Randomly placed,0.9975000000000154,0,0,0,25,45,true,0,0,25,0,0,0,0,0,0,0,0,0.20833333333333334,0,0,0,0,0,NA,0,0,0,
2432,0.5,adaptive-cluster,0.01,5,1,2,2,1,1,1,random,0,0,Randomly placed,0.9975000000000289,0,0,0,25,45,true,0,0,25,0,0,0,0,0,0,0,0,0.20833333333333334,0,0,0,0,0,NA,0,0,0,
2425,0.5,adaptive-cluster,0.01,5,0,1,4,1,1,1,random,0,0,Randomly placed,0.9975000000000497,0,0,0,25,45,true,0,0,25,0,0,0,0,0,0,0,0,0.20833333333333334,0,0,0,0,0,NA,0,0,0,
2422,0.5,adaptive-cluster,0.01,5,0,2,3,1,1,1,random,0,0,Randomly placed,0.9975000000000419,0,0,0,25,45,true,0,0,25,0,0,0,0,0,0,0,0,0.20833333333333334,0,0,0,0,0,NA,0,0,0,
2428,0.5,adaptive-cluster,0.01,5,1,0,4,1,1,1,random,0,0,Randomly placed,0.9975000000000148,0,0,0,25,45,true,0,0,25,0,0,0,0,0,0,0,0,0.20833333333333334,0,0,0,0,0,NA,0,0,0,
2424,0.5,adaptive-cluster,0.01,5,1,1,3,1,1,1,random,0,0,Randomly placed,0.9975000000000462,0,0,0,25,45,true,0,0,25,0,0,0,0,0,0,0,0,0.20833333333333334,0,0,0,0,0,NA,0,0,0,
2430,0.5,adaptive-cluster,0.01,5,0,0,5,1,1,1,random,0,0,Randomly placed,0.9975000000000588,0,0,0,25,45,true,0,0,25,0,0,0,0,0,0,0,0,0.20833333333333334,0,0,0,0,0,NA,0,0,0,
2429,0.5,adaptive-cluster,0.01,5,1,0,4,1,1,1,random,0,0,Randomly placed,0.9975000000000136,0,0,0,25,45,true,0,0,25,0,0,0,0,0,0,0,0,0.20833333333333334,0,0,0,0,0,NA,0,0,0,
2426,0.5,adaptive-cluster,0.01,5,0,1,4,1,1,1,random,0,0,Randomly placed,0.9975000000000563,0,0,0,25,45,true,0,0,25,0,0,0,0,0,0,0,0,0.20833333333333334,0,0,0,0,0,NA,0,0,0,
2434,0.5,adaptive-cluster,0.01,5,0,0,5,1,1,1,random,0,0,Randomly placed,0.9975000000000502,0,0,0,25,45,true,0,0,25,0,0,0,0,0,0,0,0,0.20833333333333334,0,0,0,0,0,NA,0,0,0,
2431,0.5,adaptive-cluster,0.01,5,1,1,3,1,1,1,random,0,0,Randomly placed,0.997500000000045,0,0,0,25,45,true,0,0,25,0,0,0,0,0,0,0,0,0.20833333333333334,0,0,0,0,0,NA,0,0,0,
2438,0.5,adaptive-cluster,0.01,5,0,0,5,1,1,1,random,0,0,Randomly placed,0.9975000000000216,0,0,0,25,45,true,0,0,25,0,0,0,0,0,0,0,0,0.20833333333333334,0,0,0,0,0,NA,0,0,0,
2437,0.5,adaptive-cluster,0.01,5,0,2,3,1,1,1,random,0,0,Randomly placed,0.9975000000000129,0,0,0,25,45,true,0,0,25,0,0,0,0,0,0,0,0,0.20833333333333334,0,0,0,0,0,NA,0,0,0,
2440,0.5,adaptive-cluster,0.01,5,1,0,4,1,1,1,random,0,0,Randomly placed,0.9975000000000435,0,0,0,25,45,true,0,0,25,0,0,0,0,0,0,0,0,0.20833333333333334,0,0,0,0,0,NA,0,0,0,
2439,0.5,adaptive-cluster,0.01,5,0,0,5,1,1,1,random,0,0,Randomly placed,0.9975000000000465,0,0,0,25,45,true,0,0,25,0,0,0,0,0,0,0,0,0.20833333333333334,0,0,0,0,0,NA,0,0,0,
2435,0.5,adaptive-cluster,0.01,5,0,0,5,1,1,1,random,0,0,Randomly placed,0.9975000000000317,0,0,0,25,45,true,0,0,25,0,0,0,0,0,0,0,0,0.20833333333333334,0,0,0,0,0,NA,0,0,0,
2433,0.5,adaptive-cluster,0.01,5,1,1,3,1,1,1,random,0,0,Randomly placed,0.9975000000000802,0,0,0,25,45,true,0,0,29,1,1,0,0,1,1,0,0,0.24166666666666667,0,0,0,0,0,5.385164807134505,0,0.16,0.035200000000000016,
2447,0.5,adaptive-cluster,0.01,5,0,2,3,1,1,1,random,0,0,Randomly placed,0.9975000000000532,0,0,0,25,45,true,0,0,25,0,0,0,0,0,0,0,0,0.20833333333333334,0,0,0,0,0,NA,0,0,0,
2442,0.5,adaptive-cluster,0.01,5,0,3,2,1,1,1,random,0,0,Randomly placed,0.9975000000000565,0,0,0,25,45,true,0,0,25,0,0,0,0,0,0,0,0,0.20833333333333334,0,0,0,0,0,NA,0,0,0,
2445,0.5,adaptive-cluster,0.01,5,1,2,2,1,1,1,random,0,0,Randomly placed,0.9975000000000385,0,0,0,25,45,true,0,0,25,0,0,0,0,0,0,0,0,0.20833333333333334,0,0,0,0,0,NA,0,0,0,
2449,0.5,adaptive-cluster,0.01,5,0,0,5,1,1,1,random,0,0,Randomly placed,0.9975000000000256,0,0,0,25,45,true,0,0,25,0,0,0,0,0,0,0,0,0.20833333333333334,0,0,0,0,0,NA,0,0,0,
2441,0.5,adaptive-cluster,0.01,5,1,2,2,1,1,1,random,0,0,Randomly placed,0.997500000000032,0,0,0,25,45,true,0,0,25,0,0,0,0,0,0,0,0,0.20833333333333334,0,0,0,0,0,NA,0,0,0,
2446,0.5,adaptive-cluster,0.01,5,0,1,4,1,1,1,random,0,0,Randomly placed,0.9975000000000176,0,0,0,25,45,true,0,0,25,0,0,0,0,0,0,0,0,0.20833333333333334,0,0,0,0,0,NA,0,0,0,
2448,0.5,adaptive-cluster,0.01,5,0,1,4,1,1,1,random,0,0,Randomly placed,0.99750000000002,0,0,0,25,45,true,0,0,25,0,0,0,0,0,0,0,0,0.20833333333333334,0,0,0,0,0,NA,0,0,0,
2452,0.5,adaptive-cluster,0.01,5,0,0,5,1,1,1,random,0,0,Randomly placed,0.9975000000000525,0,0,0,25,45,true,0,0,25,0,0,0,0,0,0,0,0,0.20833333333333334,0,0,0,0,0,NA,0,0,0,
2444,0.5,adaptive-cluster,0.01,5,0,1,4,1,1,1,random,0,0,Randomly placed,0.9975000000000558,0,0,0,25,45,true,0,0,25,0,0,0,0,0,0,0,0,0.20833333333333334,0,0,0,0,0,NA,0,0,0,
2436,0.5,adaptive-cluster,0.01,5,0,0,5,1,1,1,random,0,0,Randomly placed,0.9975000000000287,0,0,0,25,45,true,0,0,25,0,0,0,0,0,0,0,0,0.20833333333333334,0,0,0,0,0,NA,0,0,0,
2443,0.5,adaptive-cluster,0.01,5,1,1,3,1,1,1,random,0,0,Randomly placed,0.9975000000000342,0,0,0,25,45,true,0,0,25,0,0,0,0,0,0,0,0,0.20833333333333334,0,0,0,0,0,NA,0,0,0,
2451,0.5,adaptive-cluster,0.01,5,0,0,5,1,1,1,random,0,0,Randomly placed,0.9975000000000546,0,0,0,25,45,true,0,0,25,0,0,0,0,0,0,0,0,0.20833333333333334,0,0,0,0,0,NA,0,0,0,
2453,0.5,adaptive-cluster,0.01,5,1,1,3,1,1,1,random,0,0,Randomly placed,0.9975000000000295,0,0,0,25,45,true,0,0,25,0,0,0,0,0,0,0,0,0.20833333333333334,0,0,0,0,0,NA,0,0,0,
2459,0.5,adaptive-cluster,0.01,5,1,1,3,1,1,1,random,0,0,Randomly placed,0.9975000000000374,0,0,0,25,45,true,0,0,25,0,0,0,0,0,0,0,0,0.20833333333333334,0,0,0,0,0,NA,0,0,0,
2463,0.5,adaptive-cluster,0.01,5,1,1,3,1,1,1,random,0,0,Randomly placed,0.9975000000000159,0,0,0,25,45,true,0,0,25,0,0,0,0,0,0,0,0,0.20833333333333334,0,0,0,0,0,NA,0,0,0,
2455,0.5,adaptive-cluster,0.01,5,2,0,3,1,1,1,random,0,0,Randomly placed,0.9975000000000385,0,0,0,25,45,true,0,0,25,0,0,0,0,0,0,0,0,0.20833333333333334,0,0,0,0,0,NA,0,0,0,
2462,0.5,adaptive-cluster,0.01,5,2,1,2,1,1,1,random,0,0,Randomly placed,0.9975000000000305,0,0,0,25,45,true,0,0,25,0,0,0,0,0,0,0,0,0.20833333333333334,0,0,0,0,0,NA,0,0,0,
2458,0.5,adaptive-cluster,0.01,5,1,1,3,1,1,1,random,0,0,Randomly placed,0.9975000000000247,0,0,0,25,45,true,0,0,25,0,0,0,0,0,0,0,0,0.20833333333333334,0,0,0,0,0,NA,0,0,0,
2456,0.5,adaptive-cluster,0.01,5,0,3,2,1,1,1,random,0,0,Randomly placed,0.9975000000000173,0,0,0,25,45,true,0,0,29,1,0,1,0,1,0,1,0,0.24166666666666667,0,0,0,0,0,5.385164807134506,0,0.16,0.035199999999999995,
2454,0.5,adaptive-cluster,0.01,5,1,0,4,1,1,1,random,0,0,Randomly placed,0.9975000000000601,0,0,0,25,45,true,0,0,25,0,0,0,0,0,0,0,0,0.20833333333333334,0,0,0,0,0,NA,0,0,0,
2457,0.5,adaptive-cluster,0.01,5,2,0,3,1,1,1,random,0,0,Randomly placed,0.9975000000000386,0,0,0,25,45,true,0,0,25,0,0,0,0,0,0,0,0,0.20833333333333334,0,0,0,0,0,NA,0,0,0,
2460,0.5,adaptive-cluster,0.01,5,0,1,4,1,1,1,random,0,0,Randomly placed,0.9975000000000258,0,0,0,25,45,true,0,0,25,0,0,0,0,0,0,0,0,0.20833333333333334,0,0,0,0,0,NA,0,0,0,
2468,0.5,adaptive-cluster,0.01,5,2,1,2,1,1,1,random,0,0,Randomly placed,0.9975000000000336,0,0,0,25,45,true,0,0,25,0,0,0,0,0,0,0,0,0.20833333333333334,0,0,0,0,0,NA,0,0,0,
2464,0.5,adaptive-cluster,0.01,5,0,1,4,1,1,1,random,0,0,Randomly placed,0.9975000000000275,0,0,0,25,45,true,0,0,25,0,0,0,0,0,0,0,0,0.20833333333333334,0,0,0,0,0,NA,0,0,0,
2465,0.5,adaptive-cluster,0.01,5,1,0,4,1,1,1,random,0,0,Randomly placed,0.9975000000000537,0,0,0,25,45,true,0,0,25,0,0,0,0,0,0,0,0,0.20833333333333334,0,0,0,0,0,NA,0,0,0,
2467,0.5,adaptive-cluster,0.01,5,0,2,3,1,1,1,random,0,0,Randomly placed,0.9975000000000626,0,0,0,25,45,true,0,0,25,0,0,0,0,0,0,0,0,0.20833333333333334,0,0,0,0,0,NA,0,0,0,
2450,0.5,adaptive-cluster,0.01,5,1,1,3,1,1,1,random,0,0,Randomly placed,0.9975000000000235,0,0,0,25,45,true,0,0,29,1,0,0,1,1,0,0,1,0.24166666666666667,0,0,0,0,0,5.385164807134505,0,0.16,0.035200000000000016,
2466,0.5,adaptive-cluster,0.01,5,0,2,3,1,1,1,random,0,0,Randomly placed,0.9975000000000329,0,0,0,25,45,true,0,0,25,0,0,0,0,0,0,0,0,0.20833333333333334,0,0,0,0,0,NA,0,0,0,
2461,0.5,adaptive-cluster,0.01,5,0,1,4,1,1,1,random,0,0,Randomly placed,0.9975000000000648,0,0,0,25,45,true,0,0,25,0,0,0,0,0,0,0,0,0.20833333333333334,0,0,0,0,0,NA,0,0,0,
2469,0.5,adaptive-cluster,0.01,5,0,1,4,1,1,1,random,0,0,Randomly placed,0.997500000000056,0,0,0,25,45,true,0,0,25,0,0,0,0,0,0,0,0,0.20833333333333334,0,0,0,0,0,NA,0,0,0,
2471,0.5,adaptive-cluster,0.01,5,0,1,4,1,1,1,random,0,0,Randomly placed,0.9975000000000218,0,0,0,25,45,true,0,0,25,0,0,0,0,0,0,0,0,0.20833333333333334,0,0,0,0,0,NA,0,0,0,
2478,0.5,adaptive-cluster,0.01,5,1,3,1,1,1,1,random,0,0,Randomly placed,0.9975000000000364,0,0,0,25,45,true,0,0,25,0,0,0,0,0,0,0,0,0.20833333333333334,0,0,0,0,0,NA,0,0,0,
2476,0.5,adaptive-cluster,0.01,5,0,0,5,1,1,1,random,0,0,Randomly placed,0.9975000000000579,0,0,0,25,45,true,0,0,25,0,0,0,0,0,0,0,0,0.20833333333333334,0,0,0,0,0,NA,0,0,0,
2473,0.5,adaptive-cluster,0.01,5,0,1,4,1,1,1,random,0,0,Randomly placed,0.9975000000000296,0,0,0,25,45,true,0,0,25,0,0,0,0,0,0,0,0,0.20833333333333334,0,0,0,0,0,NA,0,0,0,
2472,0.5,adaptive-cluster,0.01,5,0,3,2,1,1,1,random,0,0,Randomly placed,0.9975000000000429,0,0,0,25,45,true,0,0,25,0,0,0,0,0,0,0,0,0.20833333333333334,0,0,0,0,0,NA,0,0,0,
2477,0.5,adaptive-cluster,0.01,5,1,1,3,1,1,1,random,0,0,Randomly placed,0.997500000000031,0,0,0,25,45,true,0,0,25,0,0,0,0,0,0,0,0,0.20833333333333334,0,0,0,0,0,NA,0,0,0,
2470,0.5,adaptive-cluster,0.01,5,0,1,4,1,1,1,random,0,0,Randomly placed,0.997500000000015,0,0,0,25,45,true,0,0,29,1,0,1,0,1,0,1,0,0.24166666666666667,0,0,0,0,0,5.385164807134506,0,0.16,0.035200000000000016,
2475,0.5,adaptive-cluster,0.01,5,0,1,4,1,1,1,random,0,0,Randomly placed,0.9975000000000124,0,0,0,25,45,true,0,0,25,0,0,0,0,0,0,0,0,0.20833333333333334,0,0,0,0,0,NA,0,0,0,
2480,0.5,adaptive-cluster,0.01,5,0,1,4,1,1,1,random,0,0,Randomly placed,0.9975000000000213,0,0,0,25,45,true,0,0,25,0,0,0,0,0,0,0,0,0.20833333333333334,0,0,0,0,0,NA,0,0,0,
2484,0.5,adaptive-cluster,0.01,5,0,1,4,1,1,1,random,0,0,Randomly placed,0.9975000000000227,0,0,0,25,45,true,0,0,25,0,0,0,0,0,0,0,0,0.20833333333333334,0,0,0,0,0,NA,0,0,0,
2483,0.5,adaptive-cluster,0.01,5,1,1,3,1,1,1,random,0,0,Randomly placed,0.9975000000000549,0,0,0,25,45,true,0,0,25,0,0,0,0,0,0,0,0,0.20833333333333334,0,0,0,0,0,NA,0,0,0,
2482,0.5,adaptive-cluster,0.01,5,0,0,5,1,1,1,random,0,0,Randomly placed,0.9975000000000533,0,0,0,25,45,true,0,0,25,0,0,0,0,0,0,0,0,0.20833333333333334,0,0,0,0,0,NA,0,0,0,
2479,0.5,adaptive-cluster,0.01,5,1,1,3,1,1,1,random,0,0,Randomly placed,0.9975000000000185,0,0,0,25,45,true,0,0,25,0,0,0,0,0,0,0,0,0.20833333333333334,0,0,0,0,0,NA,0,0,0,
2481,0.5,adaptive-cluster,0.01,5,0,1,4,1,1,1,random,0,0,Randomly placed,0.9975000000000601,0,0,0,25,45,true,0,0,25,0,0,0,0,0,0,0,0,0.20833333333333334,0,0,0,0,0,NA,0,0,0,
2485,0.5,adaptive-cluster,0.01,5,0,3,2,1,1,1,random,0,0,Randomly placed,0.9975000000000707,0,0,0,25,45,true,0,0,25,0,0,0,0,0,0,0,0,0.20833333333333334,0,0,0,0,0,NA,0,0,0,
2474,0.5,adaptive-cluster,0.01,5,0,1,4,1,1,1,random,0,0,Randomly placed,0.9975000000000532,0,0,0,25,45,true,0,0,25,0,0,0,0,0,0,0,0,0.20833333333333334,0,0,0,0,0,NA,0,0,0,
2486,0.5,adaptive-cluster,0.01,5,0,1,4,1,1,1,random,0,0,Randomly placed,0.9975000000000561,0,0,0,25,45,true,0,0,25,0,0,0,0,0,0,0,0,0.20833333333333334,0,0,0,0,0,NA,0,0,0,
2487,0.5,adaptive-cluster,0.01,5,0,3,2,1,1,1,random,0,0,Randomly placed,0.9975000000000197,0,0,0,25,45,true,0,0,25,0,0,0,0,0,0,0,0,0.20833333333333334,0,0,0,0,0,NA,0,0,0,
2489,0.5,adaptive-cluster,0.01,5,0,1,4,1,1,1,random,0,0,Randomly placed,0.9975000000000327,0,0,0,25,45,true,0,0,25,0,0,0,0,0,0,0,0,0.20833333333333334,0,0,0,0,0,NA,0,0,0,
2490,0.5,adaptive-cluster,0.01,5,0,1,4,1,1,1,random,0,0,Randomly placed,0.9975000000000188,0,0,0,25,45,true,0,0,25,0,0,0,0,0,0,0,0,0.20833333333333334,0,0,0,0,0,NA,0,0,0,
2492,0.5,adaptive-cluster,0.01,5,0,1,4,1,1,1,random,0,0,Randomly placed,0.9975000000000255,0,0,0,25,45,true,0,0,25,0,0,0,0,0,0,0,0,0.20833333333333334,0,0,0,0,0,NA,0,0,0,
2493,0.5,adaptive-cluster,0.01,5,1,1,3,1,1,1,random,0,0,Randomly placed,0.9975000000000388,0,0,0,25,45,true,0,0,25,0,0,0,0,0,0,0,0,0.20833333333333334,0,0,0,0,0,NA,0,0,0,
2488,0.5,adaptive-cluster,0.01,5,0,1,4,1,1,1,random,0,0,Randomly placed,0.9975000000000164,0,0,0,25,45,true,0,0,25,0,0,0,0,0,0,0,0,0.20833333333333334,0,0,0,0,0,NA,0,0,0,
2494,0.5,adaptive-cluster,0.01,5,0,2,3,1,1,1,random,0,0,Randomly placed,0.9975000000000678,0,0,0,25,45,true,0,0,25,0,0,0,0,0,0,0,0,0.20833333333333334,0,0,0,0,0,NA,0,0,0,
2498,0.5,adaptive-cluster,0.01,5,0,0,5,1,1,1,random,0,0,Randomly placed,0.9975000000000278,0,0,0,25,45,true,0,0,25,0,0,0,0,0,0,0,0,0.20833333333333334,0,0,0,0,0,NA,0,0,0,
2495,0.5,adaptive-cluster,0.01,5,0,1,4,1,1,1,random,0,0,Randomly placed,0.9975000000000239,0,0,0,25,45,true,0,0,25,0,0,0,0,0,0,0,0,0.20833333333333334,0,0,0,0,0,NA,0,0,0,
2499,0.5,adaptive-cluster,0.01,5,0,0,5,1,1,1,random,0,0,Randomly placed,0.9975000000000381,0,0,0,25,45,true,0,0,25,0,0,0,0,0,0,0,0,0.20833333333333334,0,0,0,0,0,NA,0,0,0,
2496,0.5,adaptive-cluster,0.01,5,0,3,2,1,1,1,random,0,0,Randomly placed,0.9975000000000132,0,0,0,25,45,true,0,0,29,1,0,0,1,1,0,0,1,0.24166666666666667,0,0,0,0,0,5.385164807134506,0,0.16,0.03520000000000001,
2500,0.5,adaptive-cluster,0.01,5,2,1,2,1,1,1,random,0,0,Randomly placed,0.9975000000000324,0,0,0,25,45,true,0,0,25,0,0,0,0,0,0,0,0,0.20833333333333334,0,0,0,0,0,NA,0,0,0,
2497,0.5,adaptive-cluster,0.01,5,0,0,5,1,1,1,random,0,0,Randomly placed,0.9975000000000437,0,0,0,25,45,true,0,0,25,0,0,0,0,0,0,0,0,0.20833333333333334,0,0,0,0,0,NA,0,0,0,
2491,0.5,adaptive-cluster,0.01,5,0,2,3,1,1,1,random,0,0,Randomly placed,0.9975000000000249,0,0,0,25,45,true,0,0,25,0,0,0,0,0,0,0,0,0.20833333333333334,0,0,0,0,0,NA,0,0,0,
2505,0.5,adaptive-cluster,0.1,50,6,13,31,1,1,1,random,0,0,Randomly placed,0.9749999999999825,0,0,0,25,45,true,0,0,25,0,0,0,0,0,0,0,0,0.20833333333333334,0,0,0,0,0,NA,0,0,0,
2506,0.5,adaptive-cluster,0.1,50,3,6,41,1,1,1,random,0,0,Randomly placed,0.9749999999999821,0,0,0,25,45,true,0,0,25,0,0,0,0,0,0,0,0,0.20833333333333334,0,0,0,0,0,NA,0,0,0,
2509,0.5,adaptive-cluster,0.1,50,4,8,38,1,1,1,random,0,0,Randomly placed,0.9749999999999839,0,0,0,25,45,true,0,0,32,2,1,0,1,2,1,0,1,0.26666666666666666,0,0,0,0,0,3.934955014703718,0,0.32,0.08746666666666665,
2512,0.5,adaptive-cluster,0.1,50,10,6,34,1,1,1,random,0,0,Randomly placed,0.974999999999982,0,0,0,25,45,true,0,0,25,0,0,0,0,0,0,0,0,0.20833333333333334,0,0,0,0,0,NA,0,0,0,
2501,0.5,adaptive-cluster,0.1,50,10,4,36,1,1,1,random,0,0,Randomly placed,0.974999999999986,0,0,0,25,45,true,0,0,25,0,0,0,0,0,0,0,0,0.20833333333333334,0,0,0,0,0,NA,0,0,0,
2514,0.5,adaptive-cluster,0.1,50,3,12,35,1,1,1,random,0,0,Randomly placed,0.9749999999999823,0,0,0,25,45,true,0,0,25,0,0,0,0,0,0,0,0,0.20833333333333334,0,0,0,0,0,NA,0,0,0,
2515,0.5,adaptive-cluster,0.1,50,3,13,34,1,1,1,random,0,0,Randomly placed,1.1349999999999794,0,0,0,25,45,true,0,0,25,0,0,0,0,0,0,0,0,0.20833333333333334,0,0,0,0,0,NA,0,0,0,
2510,0.5,adaptive-cluster,0.1,50,2,9,39,1,1,1,random,0,0,Randomly placed,1.014999999999982,0,0,0,25,45,true,0,0,28,1,0,0,1,1,0,0,1,0.23333333333333334,0,0,0,0,0,5.291502622129182,0,0.16,0.035200000000000016,
2508,0.5,adaptive-cluster,0.1,50,4,9,37,1,1,1,random,0,0,Randomly placed,1.014999999999983,0,0,0,25,45,true,0,0,25,0,0,0,0,0,0,0,0,0.20833333333333334,0,0,0,0,0,NA,0,0,0,
2516,0.5,adaptive-cluster,0.1,50,5,10,35,1,1,1,random,0,0,Randomly placed,1.0949999999999802,0,0,0,25,45,true,0,0,25,0,0,0,0,0,0,0,0,0.20833333333333334,0,0,0,0,0,NA,0,0,0,
2503,0.5,adaptive-cluster,0.1,50,2,7,41,1,1,1,random,0,0,Randomly placed,0.974999999999982,0,0,0,25,45,true,0,0,28,1,0,0,1,1,0,0,1,0.23333333333333334,0,0,0,0,0,5.291502622129184,0,0.16,0.03520000000000002,
2518,0.5,adaptive-cluster,0.1,50,7,2,41,1,1,1,random,0,0,Randomly placed,0.9749999999999822,0,0,0,25,45,true,0,0,25,0,0,0,0,0,0,0,0,0.20833333333333334,0,0,0,0,0,NA,0,0,0,
2511,0.5,adaptive-cluster,0.1,50,3,6,41,1,1,1,random,0,0,Randomly placed,0.9749999999999842,0,0,0,25,45,true,0,0,32,2,0,1,1,2,0,1,1,0.26666666666666666,0,0,0,0,0,3.934955014703718,0,0.16,0.035200000000000016,
2519,0.5,adaptive-cluster,0.1,50,7,3,40,1,1,1,random,0,0,Randomly placed,1.0149999999999841,0,0,0,25,45,true,0,0,29,1,0,0,1,1,0,0,1,0.24166666666666667,0,0,0,0,0,5.385164807134508,0,0.16,0.03520000000000002,
2517,0.5,adaptive-cluster,0.1,50,9,9,32,1,1,1,random,0,0,Randomly placed,1.0149999999999832,0,0,0,25,45,true,0,0,29,1,0,0,1,1,0,0,1,0.24166666666666667,0,0,0,0,0,5.385164807134505,0,0.16,0.0352,
2521,0.5,adaptive-cluster,0.1,50,5,2,43,1,1,1,random,0,0,Randomly placed,1.014999999999983,0,0,0,25,45,true,0,0,29,1,0,0,1,1,0,0,1,0.24166666666666667,0,0,0,0,0,5.385164807134505,0,0.16,0.03520000000000002,
2502,0.5,adaptive-cluster,0.1,50,9,15,26,1,1,1,random,0,0,Randomly placed,1.014999999999986,0,0,0,25,45,true,0,0,33,2,0,0,2,2,0,0,2,0.275,0,0,0,0,0,3.998046397929868,0,0.32,0.08746666666666664,
2525,0.5,adaptive-cluster,0.1,50,6,8,36,1,1,1,random,0,0,Randomly placed,0.9749999999999827,0,0,0,25,45,true,0,0,25,0,0,0,0,0,0,0,0,0.20833333333333334,0,0,0,0,0,NA,0,0,0,
2520,0.5,adaptive-cluster,0.1,50,3,8,39,1,1,1,random,0,0,Randomly placed,0.9749999999999809,0,0,0,25,45,true,0,0,25,0,0,0,0,0,0,0,0,0.20833333333333334,0,0,0,0,0,NA,0,0,0,
2507,0.5,adaptive-cluster,0.1,50,4,9,37,1,1,1,random,0,0,Randomly placed,1.0149999999999848,0,0,0,25,45,true,0,0,29,1,0,1,0,1,0,1,0,0.24166666666666667,0,0,0,0,0,5.385164807134505,0,0.16,0.03520000000000001,
2526,0.5,adaptive-cluster,0.1,50,5,7,38,1,1,1,random,0,0,Randomly placed,0.9749999999999839,0,0,0,25,45,true,0,0,25,0,0,0,0,0,0,0,0,0.20833333333333334,0,0,0,0,0,NA,0,0,0,
2522,0.5,adaptive-cluster,0.1,50,3,7,40,1,1,1,random,0,0,Randomly placed,1.014999999999982,0,0,0,25,45,true,0,0,25,0,0,0,0,0,0,0,0,0.20833333333333334,0,0,0,0,0,NA,0,0,0,
2528,0.5,adaptive-cluster,0.1,50,7,10,33,1,1,1,random,0,0,Randomly placed,1.0549999999999833,0,0,0,25,45,true,0,0,25,0,0,0,0,0,0,0,0,0.20833333333333334,0,0,0,0,0,NA,0,0,0,
2513,0.5,adaptive-cluster,0.1,50,9,9,32,1,1,1,random,0,0,Randomly placed,1.0149999999999828,0,0,0,25,45,true,0,0,25,0,0,0,0,0,0,0,0,0.20833333333333334,0,0,0,0,0,NA,0,0,0,
2524,0.5,adaptive-cluster,0.1,50,6,7,37,1,1,1,random,0,0,Randomly placed,1.0149999999999837,0,0,0,25,45,true,0,0,35,3,1,0,2,3,1,0,2,0.2916666666666667,0,0,0,0,0,3.3136674783180573,0,0.32,0.08746666666666664,
2527,0.5,adaptive-cluster,0.1,50,4,5,41,1,1,1,random,0,0,Randomly placed,0.974999999999984,0,0,0,25,45,true,0,0,25,0,0,0,0,0,0,0,0,0.20833333333333334,0,0,0,0,0,NA,0,0,0,
2529,0.5,adaptive-cluster,0.1,50,6,9,35,1,1,1,random,0,0,Randomly placed,1.0149999999999837,0,0,0,25,45,true,0,0,25,0,0,0,0,0,0,0,0,0.20833333333333334,0,0,0,0,0,NA,0,0,0,
2531,0.5,adaptive-cluster,0.1,50,5,7,38,1,1,1,random,0,0,Randomly placed,0.9749999999999823,0,0,0,25,45,true,0,0,25,0,0,0,0,0,0,0,0,0.20833333333333334,0,0,0,0,0,NA,0,0,0,
2504,0.5,adaptive-cluster,0.1,50,7,5,38,1,1,1,random,0,0,Randomly placed,0.9749999999999879,0,0,0,25,45,true,0,0,32,2,0,0,2,2,0,0,2,0.26666666666666666,0,0,0,0,0,3.934955014703718,0,0.16,0.035200000000000016,
2530,0.5,adaptive-cluster,0.1,50,5,9,36,1,1,1,random,0,0,Randomly placed,0.9749999999999834,0,0,0,25,45,true,0,0,25,0,0,0,0,0,0,0,0,0.20833333333333334,0,0,0,0,0,NA,0,0,0,
2532,0.5,adaptive-cluster,0.1,50,5,3,42,1,1,1,random,0,0,Randomly placed,1.0149999999999828,0,0,0,25,45,true,0,0,33,2,0,0,2,2,0,0,2,0.275,0,0,0,0,0,3.998046397929868,0,0.32,0.08746666666666662,
2523,0.5,adaptive-cluster,0.1,50,4,4,42,1,1,1,random,0,0,Randomly placed,0.9749999999999818,0,0,0,25,45,true,0,0,29,1,0,0,1,1,0,0,1,0.24166666666666667,0,0,0,0,0,5.385164807134505,0,0.16,0.03520000000000002,
2535,0.5,adaptive-cluster,0.1,50,6,9,35,1,1,1,random,0,0,Randomly placed,0.9749999999999833,0,0,0,25,45,true,0,0,25,0,0,0,0,0,0,0,0,0.20833333333333334,0,0,0,0,0,NA,0,0,0,
2533,0.5,adaptive-cluster,0.1,50,3,12,35,1,1,1,random,0,0,Randomly placed,1.014999999999983,0,0,0,25,45,true,0,0,29,1,0,0,1,1,0,0,1,0.24166666666666667,0,0,0,0,0,5.385164807134505,0,0.16,0.0352,
2538,0.5,adaptive-cluster,0.1,50,6,8,36,1,1,1,random,0,0,Randomly placed,1.0149999999999841,0,0,0,25,45,true,0,0,25,0,0,0,0,0,0,0,0,0.20833333333333334,0,0,0,0,0,NA,0,0,0,
2537,0.5,adaptive-cluster,0.1,50,6,8,36,1,1,1,random,0,0,Randomly placed,0.9749999999999823,0,0,0,25,45,true,0,0,25,0,0,0,0,0,0,0,0,0.20833333333333334,0,0,0,0,0,NA,0,0,0,
2540,0.5,adaptive-cluster,0.1,50,8,6,36,1,1,1,random,0,0,Randomly placed,1.0149999999999815,0,0,0,25,45,true,0,0,25,0,0,0,0,0,0,0,0,0.20833333333333334,0,0,0,0,0,NA,0,0,0,
2542,0.5,adaptive-cluster,0.1,50,8,4,38,1,1,1,random,0,0,Randomly placed,1.0149999999999835,0,0,0,25,45,true,0,0,32,2,0,1,1,2,0,1,1,0.26666666666666666,0,0,0,0,0,3.934955014703718,0,0.32,0.08746666666666665,
2539,0.5,adaptive-cluster,0.1,50,5,11,34,1,1,1,random,0,0,Randomly placed,0.9749999999999821,0,0,0,25,45,true,0,0,25,0,0,0,0,0,0,0,0,0.20833333333333334,0,0,0,0,0,NA,0,0,0,
2541,0.5,adaptive-cluster,0.1,50,2,11,37,1,1,1,random,0,0,Randomly placed,1.014999999999985,0,0,0,25,45,true,0,0,25,0,0,0,0,0,0,0,0,0.20833333333333334,0,0,0,0,0,NA,0,0,0,
2546,0.5,adaptive-cluster,0.1,50,1,10,39,1,1,1,random,0,0,Randomly placed,1.0149999999999797,0,0,0,25,45,true,0,0,25,0,0,0,0,0,0,0,0,0.20833333333333334,0,0,0,0,0,NA,0,0,0,
2545,0.5,adaptive-cluster,0.1,50,7,5,38,1,1,1,random,0,0,Randomly placed,0.9749999999999857,0,0,0,25,45,true,0,0,29,1,1,0,0,1,1,0,0,0.24166666666666667,0,0,0,0,0,5.385164807134508,0,0.16,0.035200000000000016,
2543,0.5,adaptive-cluster,0.1,50,4,8,38,1,1,1,random,0,0,Randomly placed,0.9749999999999834,0,0,0,25,45,true,0,0,25,0,0,0,0,0,0,0,0,0.20833333333333334,0,0,0,0,0,NA,0,0,0,
2547,0.5,adaptive-cluster,0.1,50,8,9,33,1,1,1,random,0,0,Randomly placed,0.9749999999999848,0,0,0,25,45,true,0,0,25,0,0,0,0,0,0,0,0,0.20833333333333334,0,0,0,0,0,NA,0,0,0,
2544,0.5,adaptive-cluster,0.1,50,8,6,36,1,1,1,random,0,0,Randomly placed,0.9749999999999825,0,0,0,25,45,true,0,0,33,2,0,0,2,2,0,0,2,0.275,0,0,0,0,0,3.9980463979298686,0,0.32,0.08746666666666664,
2536,0.5,adaptive-cluster,0.1,50,4,9,37,1,1,1,random,0,0,Randomly placed,0.974999999999985,0,0,0,25,45,true,0,0,29,1,0,1,0,1,0,1,0,0.24166666666666667,0,0,0,0,0,5.385164807134507,0,0.16,0.03520000000000002,
2550,0.5,adaptive-cluster,0.1,50,4,6,40,1,1,1,random,0,0,Randomly placed,0.9749999999999829,0,0,0,25,45,true,0,0,25,0,0,0,0,0,0,0,0,0.20833333333333334,0,0,0,0,0,NA,0,0,0,
2552,0.5,adaptive-cluster,0.1,50,2,7,41,1,1,1,random,0,0,Randomly placed,0.9749999999999842,0,0,0,25,45,true,0,0,25,0,0,0,0,0,0,0,0,0.20833333333333334,0,0,0,0,0,NA,0,0,0,
2554,0.5,adaptive-cluster,0.1,50,6,6,38,1,1,1,random,0,0,Randomly placed,1.014999999999983,0,0,0,25,45,true,0,0,25,0,0,0,0,0,0,0,0,0.20833333333333334,0,0,0,0,0,NA,0,0,0,
2549,0.5,adaptive-cluster,0.1,50,5,8,37,1,1,1,random,0,0,Randomly placed,0.9749999999999825,0,0,0,25,45,true,0,0,29,1,0,0,1,1,0,0,1,0.24166666666666667,0,0,0,0,0,5.385164807134505,0,0.16,0.03520000000000002,
2534,0.5,adaptive-cluster,0.1,50,8,3,39,1,1,1,random,0,0,Randomly placed,1.0149999999999832,0,0,0,25,45,true,0,0,36,3,1,0,2,3,1,0,2,0.3,0,0,0,0,0,3.363671463488329,0,0.32,0.08746666666666662,
2558,0.5,adaptive-cluster,0.1,50,5,11,34,1,1,1,random,0,0,Randomly placed,0.9749999999999828,0,0,0,25,45,true,0,0,25,0,0,0,0,0,0,0,0,0.20833333333333334,0,0,0,0,0,NA,0,0,0,
2548,0.5,adaptive-cluster,0.1,50,7,7,36,1,1,1,random,0,0,Randomly placed,0.974999999999981,0,0,0,25,45,true,0,0,25,0,0,0,0,0,0,0,0,0.20833333333333334,0,0,0,0,0,NA,0,0,0,
2553,0.5,adaptive-cluster,0.1,50,5,10,35,1,1,1,random,0,0,Randomly placed,1.0549999999999842,0,0,0,25,45,true,0,0,25,0,0,0,0,0,0,0,0,0.20833333333333334,0,0,0,0,0,NA,0,0,0,
2559,0.5,adaptive-cluster,0.1,50,2,11,37,1,1,1,random,0,0,Randomly placed,1.014999999999983,0,0,0,25,45,true,0,0,25,0,0,0,0,0,0,0,0,0.20833333333333334,0,0,0,0,0,NA,0,0,0,
2551,0.5,adaptive-cluster,0.1,50,6,10,34,1,1,1,random,0,0,Randomly placed,1.0149999999999826,0,0,0,25,45,true,0,0,28,1,0,1,0,1,0,1,0,0.23333333333333334,0,0,0,0,0,5.291502622129182,0,0.16,0.035200000000000016,
2557,0.5,adaptive-cluster,0.1,50,2,6,42,1,1,1,random,0,0,Randomly placed,0.9749999999999829,0,0,0,25,45,true,0,0,29,1,0,0,1,1,0,0,1,0.24166666666666667,0,0,0,0,0,5.385164807134507,0,0.16,0.035200000000000016,
2561,0.5,adaptive-cluster,0.1,50,4,9,37,1,1,1,random,0,0,Randomly placed,0.9749999999999859,0,0,0,25,45,true,0,0,25,0,0,0,0,0,0,0,0,0.20833333333333334,0,0,0,0,0,NA,0,0,0,
2555,0.5,adaptive-cluster,0.1,50,4,8,38,1,1,1,random,0,0,Randomly placed,0.9749999999999803,0,0,0,25,45,true,0,0,25,0,0,0,0,0,0,0,0,0.20833333333333334,0,0,0,0,0,NA,0,0,0,
2565,0.5,adaptive-cluster,0.1,50,3,12,35,1,1,1,random,0,0,Randomly placed,1.0149999999999824,0,0,0,25,45,true,0,0,29,1,1,0,0,1,1,0,0,0.24166666666666667,0,0,0,0,0,5.385164807134506,0,0.16,0.035200000000000016,
2562,0.5,adaptive-cluster,0.1,50,5,7,38,1,1,1,random,0,0,Randomly placed,1.0149999999999826,0,0,0,25,45,true,0,0,34,3,1,1,1,3,1,1,1,0.2833333333333333,0,0,0,0,0,3.2628920678540134,0,0.16,0.03520000000000002,
2560,0.5,adaptive-cluster,0.1,50,3,9,38,1,1,1,random,0,0,Randomly placed,1.014999999999982,0,0,0,25,45,true,0,0,32,2,0,1,1,2,0,1,1,0.26666666666666666,0,0,0,0,0,3.934955014703718,0,0.32,0.08746666666666665,
2563,0.5,adaptive-cluster,0.1,50,7,8,35,1,1,1,random,0,0,Randomly placed,1.014999999999982,0,0,0,25,45,true,0,0,25,0,0,0,0,0,0,0,0,0.20833333333333334,0,0,0,0,0,NA,0,0,0,
2556,0.5,adaptive-cluster,0.1,50,7,5,38,1,1,1,random,0,0,Randomly placed,0.9749999999999827,0,0,0,25,45,true,0,0,29,1,0,0,1,1,0,0,1,0.24166666666666667,0,0,0,0,0,5.385164807134506,0,0.16,0.03520000000000002,
2568,0.5,adaptive-cluster,0.1,50,6,8,36,1,1,1,random,0,0,Randomly placed,1.0149999999999844,0,0,0,25,45,true,0,0,29,1,0,1,0,1,0,1,0,0.24166666666666667,0,0,0,0,0,5.385164807134505,0,0.16,0.0352,
2567,0.5,adaptive-cluster,0.1,50,3,6,41,1,1,1,random,0,0,Randomly placed,0.9749999999999829,0,0,0,25,45,true,0,0,25,0,0,0,0,0,0,0,0,0.20833333333333334,0,0,0,0,0,NA,0,0,0,
2566,0.5,adaptive-cluster,0.1,50,2,8,40,1,1,1,random,0,0,Randomly placed,0.9749999999999814,0,0,0,25,45,true,0,0,28,1,0,0,1,1,0,0,1,0.23333333333333334,0,0,0,0,0,5.291502622129183,0,0.16,0.03520000000000002,
2570,0.5,adaptive-cluster,0.1,50,3,9,38,1,1,1,random,0,0,Randomly placed,1.0149999999999817,0,0,0,25,45,true,0,0,25,0,0,0,0,0,0,0,0,0.20833333333333334,0,0,0,0,0,NA,0,0,0,
2576,0.5,adaptive-cluster,0.1,50,4,8,38,1,1,1,random,0,0,Randomly placed,1.014999999999985,0,0,0,25,45,true,0,0,25,0,0,0,0,0,0,0,0,0.20833333333333334,0,0,0,0,0,NA,0,0,0,
2564,0.5,adaptive-cluster,0.1,50,3,2,45,1,1,1,random,0,0,Randomly placed,1.0149999999999826,0,0,0,25,45,true,0,0,29,1,0,0,1,1,0,0,1,0.24166666666666667,0,0,0,0,0,5.385164807134505,0,0.16,0.035200000000000016,
2572,0.5,adaptive-cluster,0.1,50,1,7,42,1,1,1,random,0,0,Randomly placed,0.9749999999999834,0,0,0,25,45,true,0,0,29,1,0,0,1,1,0,0,1,0.24166666666666667,0,0,0,0,0,5.3851648071345055,0,0.16,0.035200000000000016,
2574,0.5,adaptive-cluster,0.1,50,9,6,35,1,1,1,random,0,0,Randomly placed,1.0149999999999828,0,0,0,25,45,true,0,0,25,0,0,0,0,0,0,0,0,0.20833333333333334,0,0,0,0,0,NA,0,0,0,
2571,0.5,adaptive-cluster,0.1,50,3,8,39,1,1,1,random,0,0,Randomly placed,0.9749999999999822,0,0,0,25,45,true,0,0,25,0,0,0,0,0,0,0,0,0.20833333333333334,0,0,0,0,0,NA,0,0,0,
2575,0.5,adaptive-cluster,0.1,50,1,13,36,1,1,1,random,0,0,Randomly placed,1.014999999999982,0,0,0,25,45,true,0,0,25,0,0,0,0,0,0,0,0,0.20833333333333334,0,0,0,0,0,NA,0,0,0,
2573,0.5,adaptive-cluster,0.1,50,4,8,38,1,1,1,random,0,0,Randomly placed,0.974999999999982,0,0,0,25,45,true,0,0,29,1,0,0,1,1,0,0,1,0.24166666666666667,0,0,0,0,0,5.3851648071345055,0,0.16,0.035200000000000016,
2579,0.5,adaptive-cluster,0.1,50,6,13,31,1,1,1,random,0,0,Randomly placed,0.9749999999999832,0,0,0,25,45,true,0,0,25,0,0,0,0,0,0,0,0,0.20833333333333334,0,0,0,0,0,NA,0,0,0,
2569,0.5,adaptive-cluster,0.1,50,5,11,34,1,1,1,random,0,0,Randomly placed,0.9749999999999817,0,0,0,25,45,true,0,0,32,2,0,0,2,2,0,0,2,0.26666666666666666,0,0,0,0,0,3.934955014703718,0,0.32,0.08746666666666664,
2580,0.5,adaptive-cluster,0.1,50,3,8,39,1,1,1,random,0,0,Randomly placed,0.9749999999999815,0,0,0,25,45,true,0,0,25,0,0,0,0,0,0,0,0,0.20833333333333334,0,0,0,0,0,NA,0,0,0,
2583,0.5,adaptive-cluster,0.1,50,2,9,39,1,1,1,random,0,0,Randomly placed,0.9749999999999811,0,0,0,25,45,true,0,0,33,2,0,0,2,2,0,0,2,0.275,0,0,0,0,0,3.998046397929868,0,0.32,0.08746666666666662,
2584,0.5,adaptive-cluster,0.1,50,6,6,38,1,1,1,random,0,0,Randomly placed,1.1349999999999827,0,0,0,25,45,true,0,0,25,0,0,0,0,0,0,0,0,0.20833333333333334,0,0,0,0,0,NA,0,0,0,
2582,0.5,adaptive-cluster,0.1,50,2,15,33,1,1,1,random,0,0,Randomly placed,1.0149999999999848,0,0,0,25,45,true,0,0,32,2,1,0,1,2,1,0,1,0.26666666666666666,0,0,0,0,0,3.934955014703718,0,0.16,0.03520000000000002,
2577,0.5,adaptive-cluster,0.1,50,6,6,38,1,1,1,random,0,0,Randomly placed,0.9749999999999814,0,0,0,25,45,true,0,0,32,2,0,0,2,2,0,0,2,0.26666666666666666,0,0,0,0,0,3.934955014703718,0,0.16,0.035200000000000016,
2586,0.5,adaptive-cluster,0.1,50,6,7,37,1,1,1,random,0,0,Randomly placed,1.0949999999999844,0,0,0,25,45,true,0,0,25,0,0,0,0,0,0,0,0,0.20833333333333334,0,0,0,0,0,NA,0,0,0,
2587,0.5,adaptive-cluster,0.1,50,9,8,33,1,1,1,random,0,0,Randomly placed,1.0149999999999801,0,0,0,25,45,true,0,0,25,0,0,0,0,0,0,0,0,0.20833333333333334,0,0,0,0,0,NA,0,0,0,
2581,0.5,adaptive-cluster,0.1,50,3,11,36,1,1,1,random,0,0,Randomly placed,0.9749999999999825,0,0,0,25,45,true,0,0,29,1,0,0,1,1,0,0,1,0.24166666666666667,0,0,0,0,0,5.385164807134508,0,0.16,0.03520000000000002,
2585,0.5,adaptive-cluster,0.1,50,3,7,40,1,1,1,random,0,0,Randomly placed,1.0149999999999828,0,0,0,25,45,true,0,0,33,2,0,1,1,2,0,1,1,0.275,0,0,0,0,0,3.998046397929868,0,0.32,0.08746666666666662,
2588,0.5,adaptive-cluster,0.1,50,4,5,41,1,1,1,random,0,0,Randomly placed,1.0149999999999828,0,0,0,25,45,true,0,0,25,0,0,0,0,0,0,0,0,0.20833333333333334,0,0,0,0,0,NA,0,0,0,
2589,0.5,adaptive-cluster,0.1,50,7,5,38,1,1,1,random,0,0,Randomly placed,0.9749999999999855,0,0,0,25,45,true,0,0,29,1,0,0,1,1,0,0,1,0.24166666666666667,0,0,0,0,0,5.385164807134506,0,0.16,0.035199999999999995,
2578,0.5,adaptive-cluster,0.1,50,4,3,43,1,1,1,random,0,0,Randomly placed,1.0549999999999844,0,0,0,25,45,true,0,0,33,2,1,0,1,2,1,0,1,0.275,0,0,0,0,0,3.9980463979298686,0,0.32,0.08746666666666664,
2592,0.5,adaptive-cluster,0.1,50,6,8,36,1,1,1,random,0,0,Randomly placed,0.9749999999999829,0,0,0,25,45,true,0,0,25,0,0,0,0,0,0,0,0,0.20833333333333334,0,0,0,0,0,NA,0,0,0,
2590,0.5,adaptive-cluster,0.1,50,5,8,37,1,1,1,random,0,0,Randomly placed,1.0549999999999835,0,0,0,25,45,true,0,0,29,1,0,0,1,1,0,0,1,0.24166666666666667,0,0,0,0,0,5.385164807134505,0,0.16,0.03520000000000001,
2595,0.5,adaptive-cluster,0.1,50,3,11,36,1,1,1,random,0,0,Randomly placed,1.094999999999981,0,0,0,25,45,true,0,0,25,0,0,0,0,0,0,0,0,0.20833333333333334,0,0,0,0,0,NA,0,0,0,
2596,0.5,adaptive-cluster,0.1,50,5,6,39,1,1,1,random,0,0,Randomly placed,0.9749999999999831,0,0,0,25,45,true,0,0,28,1,0,1,0,1,0,1,0,0.23333333333333334,0,0,0,0,0,5.291502622129182,0,0.16,0.035200000000000016,
2591,0.5,adaptive-cluster,0.1,50,4,3,43,1,1,1,random,0,0,Randomly placed,1.014999999999983,0,0,0,25,45,true,0,0,28,1,0,0,1,1,0,0,1,0.23333333333333334,0,0,0,0,0,5.291502622129182,0,0.16,0.03520000000000001,
2593,0.5,adaptive-cluster,0.1,50,3,7,40,1,1,1,random,0,0,Randomly placed,0.9749999999999831,0,0,0,25,45,true,0,0,25,0,0,0,0,0,0,0,0,0.20833333333333334,0,0,0,0,0,NA,0,0,0,
2594,0.5,adaptive-cluster,0.1,50,6,7,37,1,1,1,random,0,0,Randomly placed,0.9749999999999827,0,0,0,25,45,true,0,0,29,1,0,0,1,1,0,0,1,0.24166666666666667,0,0,0,0,0,5.385164807134506,0,0.16,0.035200000000000016,
2599,0.5,adaptive-cluster,0.1,50,5,10,35,1,1,1,random,0,0,Randomly placed,0.9749999999999828,0,0,0,25,45,true,0,0,37,3,0,0,3,3,0,0,3,0.30833333333333335,0,0,0,0,0,3.412938345201704,0,0.48,0.15680000000000008,
2597,0.5,adaptive-cluster,0.1,50,2,11,37,1,1,1,random,0,0,Randomly placed,1.0149999999999826,0,0,0,25,45,true,0,0,25,0,0,0,0,0,0,0,0,0.20833333333333334,0,0,0,0,0,NA,0,0,0,
2600,0.5,adaptive-cluster,0.1,50,4,11,35,1,1,1,random,0,0,Randomly placed,0.9749999999999828,0,0,0,25,45,true,0,0,36,3,1,2,0,3,1,2,0,0.3,0,0,0,0,0,3.3636714634883305,0,0.32,0.08746666666666664,
2601,0.5,adaptive-cluster,1,500,56,59,385,1,1,1,random,0,0,Randomly placed,1.018,0,0,0,25,45,true,0,0,45,18,6,1,11,18,6,1,11,0.375,0,0,0,0,0,1.634152546567959,0,2.32,2.3608000000000002,
2598,0.5,adaptive-cluster,0.1,50,3,10,37,1,1,1,random,0,0,Randomly placed,0.9749999999999804,0,0,0,25,45,true,0,0,29,1,0,0,1,1,0,0,1,0.24166666666666667,0,0,0,0,0,5.385164807134507,0,0.16,0.03520000000000002,
2604,0.5,adaptive-cluster,1,500,52,80,368,1,1,1,random,0,0,Randomly placed,1.006,0,0,0,25,45,true,0,0,45,7,1,1,5,7,1,1,5,0.375,0,0,0,0,0,2.356257212603934,0,0.96,0.4672,
2607,0.5,adaptive-cluster,1,500,51,79,370,1,1,1,random,0,0,Randomly placed,1.05,0,0,0,25,45,true,0,0,45,15,1,4,10,15,1,4,10,0.375,0,0,0,0,0,1.9188064472004933,0,0.6933333333333335,0.3306074074074074,
2603,0.5,adaptive-cluster,1,500,43,83,374,1,1,1,random,0,0,Randomly placed,1.014,0,0,0,25,45,true,0,0,40,5,1,0,4,5,1,0,4,0.3333333333333333,0,0,0,0,0,2.6794565082283346,0,0.48,0.15680000000000008,
2608,0.5,adaptive-cluster,1,500,42,69,389,1,1,1,random,0,0,Randomly placed,1.01,0,0,0,25,45,true,0,0,45,12,0,2,10,12,0,2,10,0.375,0,0,0,0,0,2.022599587389726,0,0.7733333333333333,0.3600888888888888,
2609,0.5,adaptive-cluster,1,500,60,67,373,1,1,1,random,0,0,Randomly placed,0.978,0,0,0,25,45,true,0,0,45,10,0,0,10,10,0,0,10,0.375,0,0,0,0,0,2.1213203435596433,0,1.04,0.5538666666666668,
2602,0.5,adaptive-cluster,1,500,42,86,372,1,1,1,random,0,0,Randomly placed,0.982,0,0,0,25,45,true,0,0,45,12,2,4,6,12,2,4,6,0.375,0,0,0,0,0,1.8578763536507341,0,1.28,0.8128000000000002,
2606,0.5,adaptive-cluster,1,500,54,77,369,1,1,1,random,0,0,Randomly placed,0.994,0,0,0,25,45,true,0,0,45,9,0,1,8,9,0,1,8,0.375,0,0,0,0,0,2.0225995873897262,0,0.8,0.34666666666666685,
2612,0.5,adaptive-cluster,1,500,48,76,376,1,1,1,random,0,0,Randomly placed,1.038,0,0,0,25,45,true,0,0,45,12,0,1,11,12,0,1,11,0.375,0,0,0,0,0,2.17488244196408,0,1.0666666666666667,0.6400000000000001,
2615,0.5,adaptive-cluster,1,500,51,60,389,1,1,1,random,0,0,Randomly placed,0.986,0,0,0,25,45,true,0,0,45,13,0,3,10,13,0,3,10,0.375,0,0,0,0,0,1.8991518732179022,0,1.52,1.0968000000000002,
2610,0.5,adaptive-cluster,1,500,50,72,378,1,1,1,random,0,0,Randomly placed,1.014,0,0,0,25,45,true,0,0,45,7,0,1,6,7,0,1,6,0.375,0,0,0,0,0,2.725880906448595,0,0.8,0.4000000000000002,
2605,0.5,adaptive-cluster,1,500,55,79,366,1,1,1,random,0,0,Randomly placed,1.01,0,0,0,25,45,true,0,0,45,11,5,1,5,11,5,1,5,0.375,0,0,0,0,0,2.1639245589019707,0,1.3333333333333333,0.8800000000000002,
2619,0.5,adaptive-cluster,1,500,51,70,379,1,1,1,random,0,0,Randomly placed,0.982,0,0,0,25,45,true,0,0,45,8,0,1,7,8,0,1,7,0.375,0,0,0,0,0,2.1748824419640793,0,0.64,0.24320000000000006,
2621,0.5,adaptive-cluster,1,500,45,76,379,1,1,1,random,0,0,Randomly placed,0.962,0,0,0,25,45,true,0,0,45,14,3,1,10,14,3,1,10,0.375,0,0,0,0,0,1.653550741785273,0,1.16,0.6502000000000002,
2617,0.5,adaptive-cluster,1,500,45,82,373,1,1,1,random,0,0,Randomly placed,1.026,0,0,0,25,45,true,0,0,45,9,1,1,7,9,1,1,7,0.375,0,0,0,0,0,2.0225995873897262,0,0.48,0.15680000000000008,
2611,0.5,adaptive-cluster,1,500,56,76,368,1,1,1,random,0,0,Randomly placed,0.97,0,0,0,25,45,true,0,0,45,10,0,1,9,10,0,1,9,0.375,0,0,0,0,0,2.1213203435596433,0,1.12,0.6581333333333335,
2614,0.5,adaptive-cluster,1,500,50,70,380,1,1,1,random,0,0,Randomly placed,0.95,0,0,0,25,45,true,0,0,45,11,0,2,9,11,0,2,9,0.375,0,0,0,0,0,1.980369475806531,0,1.44,0.9845333333333329,
2616,0.5,adaptive-cluster,1,500,45,76,379,1,1,1,random,0,0,Randomly placed,1.002,0,0,0,25,45,true,0,0,45,10,1,0,9,10,1,0,9,0.375,0,0,0,0,0,2.1213203435596433,0,0.88,0.4248,
2618,0.5,adaptive-cluster,1,500,56,89,355,1,1,1,random,0,0,Randomly placed,1.038,0,0,0,25,45,true,0,0,45,9,3,0,6,9,3,0,6,0.375,0,0,0,0,0,2.0225995873897262,0,0.48,0.15680000000000008,
2620,0.5,adaptive-cluster,1,500,54,69,377,1,1,1,random,0,0,Randomly placed,0.966,0,0,0,25,45,true,0,0,45,12,2,2,8,12,2,2,8,0.375,0,0,0,0,0,1.857876353650734,0,0.88,0.4248,
2613,0.5,adaptive-cluster,1,500,44,74,382,1,1,1,random,0,0,Randomly placed,1.014,0,0,0,25,45,true,0,0,45,15,0,4,11,15,0,4,11,0.375,0,0,0,0,0,1.8090680674665816,0,0.96,0.5072,
2623,0.5,adaptive-cluster,1,500,49,73,378,1,1,1,random,0,0,Randomly placed,1.006,0,0,0,25,45,true,0,0,45,12,0,1,11,12,0,1,11,0.375,0,0,0,0,0,1.857876353650734,0,0.8533333333333333,0.3967999999999999,
2622,0.5,adaptive-cluster,1,500,51,80,369,1,1,1,random,0,0,Randomly placed,1.034,0,0,0,25,45,true,0,0,40,4,2,0,2,4,2,0,2,0.3333333333333333,0,0,0,0,0,3.038218101250998,0,0.48,0.15680000000000008,
2626,0.5,adaptive-cluster,1,500,36,72,392,1,1,1,random,0,0,Randomly placed,1.038,0,0,0,25,45,true,0,0,33,2,0,0,2,2,0,0,2,0.275,0,0,0,0,0,3.998046397929868,0,0.32,0.08746666666666662,
2625,0.5,adaptive-cluster,1,500,52,86,362,1,1,1,random,0,0,Randomly placed,0.978,0,0,0,25,45,true,0,0,45,14,1,3,10,14,1,3,10,0.375,0,0,0,0,0,1.7899300884969964,0,1.653333333333333,1.251911111111111,
2628,0.5,adaptive-cluster,1,500,45,79,376,1,1,1,random,0,0,Randomly placed,1.01,0,0,0,25,45,true,0,0,45,10,1,3,6,10,1,3,6,0.375,0,0,0,0,0,1.891968671660675,0,0.96,0.4672,
2627,0.5,adaptive-cluster,1,500,40,79,381,1,1,1,random,0,0,Randomly placed,0.994,0,0,0,25,45,true,0,0,45,8,0,0,8,8,0,0,8,0.375,0,0,0,0,0,2.1748824419640793,0,0.8,0.34666666666666685,
2629,0.5,adaptive-cluster,1,500,45,92,363,1,1,1,random,0,0,Randomly placed,0.982,0,0,0,25,45,true,0,0,40,5,1,2,2,5,1,2,2,0.3333333333333333,0,0,0,0,0,2.6794565082283346,0,0.48,0.15680000000000008,
2630,0.5,adaptive-cluster,1,500,57,83,360,1,1,1,random,0,0,Randomly placed,0.946,0,0,0,25,45,true,0,0,45,8,0,1,7,8,0,1,7,0.375,0,0,0,0,0,2.1748824419640793,0,0.8,0.34666666666666685,
2624,0.5,adaptive-cluster,1,500,58,76,366,1,1,1,random,0,0,Randomly placed,1.026,0,0,0,25,45,true,0,0,45,9,1,2,6,9,1,2,6,0.375,0,0,0,0,0,2.2863229709016895,0,0.72,0.3127999999999999,
2633,0.5,adaptive-cluster,1,500,54,80,366,1,1,1,random,0,0,Randomly placed,1.018,0,0,0,25,45,true,0,0,45,15,2,1,12,15,2,1,12,0.375,0,0,0,0,0,1.5666989036012802,0,1.36,0.8632,
2635,0.5,adaptive-cluster,1,500,45,70,385,1,1,1,random,0,0,Randomly placed,1.046,0,0,0,25,45,true,0,0,45,14,0,2,12,14,0,2,12,0.375,0,0,0,0,0,1.653550741785273,0,1.6,1.173333333333334,
2642,0.5,adaptive-cluster,1,500,45,54,401,1,1,1,random,0,0,Randomly placed,1.042,0,0,0,25,45,true,0,0,45,9,0,0,9,9,0,0,9,0.375,0,0,0,0,0,2.0225995873897262,0,0.48,0.15680000000000008,
2636,0.5,adaptive-cluster,1,500,44,80,376,1,1,1,random,0,0,Randomly placed,1.018,0,0,0,25,45,true,0,0,40,5,0,2,3,5,0,2,3,0.3333333333333333,0,0,0,0,0,2.6794565082283346,0,0.32,0.08746666666666662,
2644,0.5,adaptive-cluster,1,500,49,64,387,1,1,1,random,0,0,Randomly placed,0.986,0,0,0,25,45,true,0,0,36,4,1,0,3,4,1,0,3,0.3,0,0,0,0,0,3.5856858280031814,0,0.48,0.21013333333333348,
2634,0.5,adaptive-cluster,1,500,49,76,375,1,1,1,random,0,0,Randomly placed,1.014,0,0,0,25,45,true,0,0,45,14,2,2,10,14,2,2,10,0.375,0,0,0,0,0,1.653550741785273,0,1.12,0.6581333333333335,
2640,0.5,adaptive-cluster,1,500,52,81,367,1,1,1,random,0,0,Randomly placed,1.002,0,0,0,25,45,true,0,0,45,20,2,2,16,20,2,2,16,0.375,0,0,0,0,0,1.3185736094872995,0,1.68,1.2408000000000003,
2638,0.5,adaptive-cluster,1,500,40,70,390,1,1,1,random,0,0,Randomly placed,1.034,0,0,0,25,45,true,0,0,45,13,2,3,8,13,2,3,8,0.375,0,0,0,0,0,1.7498943332426653,0,0.8533333333333333,0.3967999999999999,
2637,0.5,adaptive-cluster,1,500,51,77,372,1,1,1,random,0,0,Randomly placed,0.986,0,0,0,25,45,true,0,0,45,15,2,3,10,15,2,3,10,0.375,0,0,0,0,0,1.6922282244532985,0,1.04,0.5505333333333335,
2645,0.5,adaptive-cluster,1,500,48,74,378,1,1,1,random,0,0,Randomly placed,1.038,0,0,0,25,45,true,0,0,45,9,0,2,7,9,0,2,7,0.375,0,0,0,0,0,2.0225995873897262,0,0.8,0.3466666666666669,
2641,0.5,adaptive-cluster,1,500,47,58,395,1,1,1,random,0,0,Randomly placed,0.974,0,0,0,25,45,true,0,0,45,10,0,0,10,10,0,0,10,0.375,0,0,0,0,0,1.8919686716606745,0,0.96,0.4672,
2632,0.5,adaptive-cluster,1,500,58,82,360,1,1,1,random,0,0,Randomly placed,0.982,0,0,0,25,45,true,0,0,45,16,5,1,10,16,5,1,10,0.375,0,0,0,0,0,1.6039944811172344,0,2.24,2.152533333333334,
2643,0.5,adaptive-cluster,1,500,57,70,373,1,1,1,random,0,0,Randomly placed,1.014,0,0,0,25,45,true,0,0,45,11,2,0,9,11,2,0,9,0.375,0,0,0,0,0,1.9803694758065318,0,0.88,0.42480000000000007,
2639,0.5,adaptive-cluster,1,500,50,66,384,1,1,1,random,0,0,Randomly placed,0.97,0,0,0,25,45,true,0,0,45,12,2,0,10,12,2,0,10,0.375,0,0,0,0,0,1.6770509831248421,0,0.96,0.4672,
2631,0.5,adaptive-cluster,1,500,48,69,383,1,1,1,random,0,0,Randomly placed,1.038,0,0,0,25,45,true,0,0,45,11,1,3,7,11,1,3,7,0.375,0,0,0,0,0,2.3330828816250686,0,1.44,1.0911999999999997,
2646,0.5,adaptive-cluster,1,500,39,80,381,1,1,1,random,0,0,Randomly placed,0.962,0,0,0,25,45,true,0,0,45,13,1,4,8,13,1,4,8,0.375,0,0,0,0,0,1.7498943332426649,0,1.36,0.8632000000000002,
2650,0.5,adaptive-cluster,1,500,43,88,369,1,1,1,random,0,0,Randomly placed,1.002,0,0,0,25,45,true,0,0,45,11,2,0,9,11,2,0,9,0.375,0,0,0,0,0,1.980369475806532,0,0.88,0.4248,
2651,0.5,adaptive-cluster,1,500,55,93,352,1,1,1,random,0,0,Randomly placed,1.03,0,0,0,25,45,true,0,0,45,8,1,0,7,8,1,0,7,0.375,0,0,0,0,0,2.483611053211908,0,1.12,0.6581333333333335,
2648,0.5,adaptive-cluster,1,500,48,74,378,1,1,1,random,0,0,Randomly placed,0.974,0,0,0,25,45,true,0,0,45,12,2,2,8,12,2,2,8,0.375,0,0,0,0,0,1.857876353650734,0,0.8320000000000001,0.375808,
2652,0.5,adaptive-cluster,1,500,48,69,383,1,1,1,random,0,0,Randomly placed,1.01,0,0,0,25,45,true,0,0,45,18,5,2,11,18,5,2,11,0.375,0,0,0,0,0,1.634152546567959,0,1.68,1.3341333333333338,
2649,0.5,adaptive-cluster,1,500,38,75,387,1,1,1,random,0,0,Randomly placed,0.978,0,0,0,25,45,true,0,0,45,10,2,2,6,10,2,2,6,0.375,0,0,0,0,0,1.8919686716606745,0,1.12,0.6048000000000001,
2647,0.5,adaptive-cluster,1,500,37,76,387,1,1,1,random,0,0,Randomly placed,1.01,0,0,0,25,45,true,0,0,45,16,1,4,11,16,1,4,11,0.375,0,0,0,0,0,1.7124108304588381,0,1.5733333333333333,1.1725333333333336,
2656,0.5,adaptive-cluster,1,500,50,91,359,1,1,1,random,0,0,Randomly placed,1.022,0,0,0,25,45,true,0,0,45,10,0,1,9,10,0,1,9,0.375,0,0,0,0,0,2.1213203435596437,0,1.0133333333333332,0.523022222222222,
2654,0.5,adaptive-cluster,1,500,43,58,399,1,1,1,random,0,0,Randomly placed,1.002,0,0,0,25,45,true,0,0,41,5,0,0,5,5,0,0,5,0.3416666666666667,0,0,0,0,0,2.716615541441224,0,0.48,0.15680000000000008,
2659,0.5,adaptive-cluster,1,500,50,58,392,1,1,1,random,0,0,Randomly placed,0.958,0,0,0,25,45,true,0,0,45,14,2,1,11,14,2,1,11,0.375,0,0,0,0,0,1.653550741785273,0,1.52,1.0434666666666672,
2658,0.5,adaptive-cluster,1,500,55,63,382,1,1,1,random,0,0,Randomly placed,1.026,0,0,0,25,45,true,0,0,45,13,0,0,13,13,0,0,13,0.375,0,0,0,0,0,1.8991518732179022,0,1.0533333333333332,0.5655777777777777,
2664,0.5,adaptive-cluster,1,500,48,67,385,1,1,1,random,0,0,Randomly placed,0.962,0,0,0,25,45,true,0,0,45,10,0,0,10,10,0,0,10,0.375,0,0,0,0,0,1.8919686716606747,0,1.12,0.6048,
2662,0.5,adaptive-cluster,1,500,58,64,378,1,1,1,random,0,0,Randomly placed,0.974,0,0,0,25,45,true,0,0,45,14,4,3,7,14,4,3,7,0.375,0,0,0,0,0,1.653550741785273,0,0.98,0.4872166666666666,
2657,0.5,adaptive-cluster,1,500,45,69,386,1,1,1,random,0,0,Randomly placed,1.018,0,0,0,25,45,true,0,0,45,14,0,2,12,14,0,2,12,0.375,0,0,0,0,0,1.7899300884969964,0,1.16,0.7035333333333335,
2661,0.5,adaptive-cluster,1,500,55,67,378,1,1,1,random,0,0,Randomly placed,1.01,0,0,0,25,45,true,0,0,45,13,1,2,10,13,1,2,10,0.375,0,0,0,0,0,1.7498943332426649,0,1.04,0.5538666666666668,
2655,0.5,adaptive-cluster,1,500,51,73,376,1,1,1,random,0,0,Randomly placed,0.954,0,0,0,25,45,true,0,0,43,6,0,1,5,6,0,1,5,0.35833333333333334,0,0,0,0,0,2.512666325537886,0,0.32,0.08746666666666665,
2660,0.5,adaptive-cluster,1,500,59,65,376,1,1,1,random,0,0,Randomly placed,1.01,0,0,0,25,45,true,0,0,33,3,0,0,3,3,0,0,3,0.275,0,0,0,0,0,3.211308144666282,0,0.16,0.035199999999999995,
2668,0.5,adaptive-cluster,1,500,53,79,368,1,1,1,random,0,0,Randomly placed,1.046,0,0,0,25,45,true,0,0,45,11,0,1,10,11,0,1,10,0.375,0,0,0,0,0,1.9803694758065316,0,0.672,0.26892800000000017,
2666,0.5,adaptive-cluster,1,500,40,82,378,1,1,1,random,0,0,Randomly placed,0.978,0,0,0,25,45,true,0,0,45,12,0,0,12,12,0,0,12,0.375,0,0,0,0,0,2.1748824419640784,0,0.56,0.21786666666666674,
2653,0.5,adaptive-cluster,1,500,49,70,381,1,1,1,random,0,0,Randomly placed,0.994,0,0,0,25,45,true,0,0,45,12,0,1,11,12,0,1,11,0.375,0,0,0,0,0,1.6770509831248421,0,0.64,0.24320000000000006,
2669,0.5,adaptive-cluster,1,500,44,66,390,1,1,1,random,0,0,Randomly placed,0.954,0,0,0,25,45,true,0,0,45,9,1,1,7,9,1,1,7,0.375,0,0,0,0,0,2.0225995873897262,0,0.8,0.34666666666666685,
2672,0.5,adaptive-cluster,1,500,49,69,382,1,1,1,random,0,0,Randomly placed,1.034,0,0,0,25,45,true,0,0,45,11,1,3,7,11,1,3,7,0.375,0,0,0,0,0,1.9803694758065316,0,0.68,0.27580000000000005,
2663,0.5,adaptive-cluster,1,500,48,73,379,1,1,1,random,0,0,Randomly placed,1.026,0,0,0,25,45,true,0,0,45,13,1,4,8,13,1,4,8,0.375,0,0,0,0,0,1.7498943332426649,0,1.76,1.3791999999999995,
2670,0.5,adaptive-cluster,1,500,53,82,365,1,1,1,random,0,0,Randomly placed,1.018,0,0,0,25,45,true,0,0,43,8,0,2,6,8,0,2,6,0.35833333333333334,0,0,0,0,0,2.419692276775234,0,0.34666666666666673,0.10302222222222221,
2673,0.5,adaptive-cluster,1,500,47,68,385,1,1,1,random,0,0,Randomly placed,1.002,0,0,0,25,45,true,0,0,45,13,2,0,11,13,2,0,11,0.375,0,0,0,0,0,1.8991518732179018,0,1.1733333333333333,0.7196444444444443,
2667,0.5,adaptive-cluster,1,500,49,84,367,1,1,1,random,0,0,Randomly placed,0.974,0,0,0,25,45,true,0,0,45,10,1,4,5,10,1,4,5,0.375,0,0,0,0,0,2.328186965313256,0,1.2,0.7533333333333335,
2671,0.5,adaptive-cluster,1,500,58,83,359,1,1,1,random,0,0,Randomly placed,1.018,0,0,0,25,45,true,0,0,45,14,1,3,10,14,1,3,10,0.375,0,0,0,0,0,1.9166296949998198,0,1.36,0.9165333333333333,
2665,0.5,adaptive-cluster,1,500,54,81,365,1,1,1,random,0,0,Randomly placed,0.982,0,0,0,25,45,true,0,0,45,8,0,1,7,8,0,1,7,0.375,0,0,0,0,0,2.1748824419640793,0,0.48,0.15680000000000008,
2677,0.5,adaptive-cluster,1,500,37,95,368,1,1,1,random,0,0,Randomly placed,0.998,0,0,0,25,45,true,0,0,45,10,0,1,9,10,0,1,9,0.375,0,0,0,0,0,1.8919686716606745,0,0.48,0.15680000000000008,
2674,0.5,adaptive-cluster,1,500,51,74,375,1,1,1,random,0,0,Randomly placed,1.014,0,0,0,25,45,true,0,0,45,7,2,2,3,7,2,2,3,0.375,0,0,0,0,0,2.356257212603933,0,0.64,0.24320000000000006,
2675,0.5,adaptive-cluster,1,500,46,90,364,1,1,1,random,0,0,Randomly placed,0.954,0,0,0,25,45,true,0,0,45,9,2,1,6,9,2,1,6,0.375,0,0,0,0,0,2.2863229709016895,0,0.88,0.4248,
2676,0.5,adaptive-cluster,1,500,49,81,370,1,1,1,random,0,0,Randomly placed,1.018,0,0,0,25,45,true,0,0,45,10,0,2,8,10,0,2,8,0.375,0,0,0,0,0,1.8919686716606745,0,1.12,0.6048000000000002,
2678,0.5,adaptive-cluster,1,500,54,69,377,1,1,1,random,0,0,Randomly placed,0.99,0,0,0,25,45,true,0,0,45,14,1,3,10,14,1,3,10,0.375,0,0,0,0,0,1.789930088496996,0,1.84,1.508533333333333,
2679,0.5,adaptive-cluster,1,500,49,81,370,1,1,1,random,0,0,Randomly placed,0.986,0,0,0,25,45,true,0,0,45,10,0,2,8,10,0,2,8,0.375,0,0,0,0,0,1.8919686716606747,0,0.96,0.4672,
2683,0.5,adaptive-cluster,1,500,47,66,387,1,1,1,random,0,0,Randomly placed,1.058,0,0,0,25,45,true,0,0,45,12,0,3,9,12,0,3,9,0.375,0,0,0,0,0,2.0225995873897267,0,1.0666666666666667,0.5807407407407409,
2680,0.5,adaptive-cluster,1,500,64,84,352,1,1,1,random,0,0,Randomly placed,1.03,0,0,0,25,45,true,0,0,45,8,1,0,7,8,1,0,7,0.375,0,0,0,0,0,2.1748824419640793,0,0.96,0.4672,
2682,0.5,adaptive-cluster,1,500,48,89,363,1,1,1,random,0,0,Randomly placed,0.934,0,0,0,25,45,true,0,0,45,11,3,1,7,11,3,1,7,0.375,0,0,0,0,0,1.9803694758065313,0,0.6933333333333332,0.2876444444444443,
2681,0.5,adaptive-cluster,1,500,54,87,359,1,1,1,random,0,0,Randomly placed,0.974,0,0,0,25,45,true,0,0,45,14,1,0,13,14,1,0,13,0.375,0,0,0,0,0,1.7899300884969964,0,1.32,0.8624666666666667,
2685,0.5,adaptive-cluster,1,500,55,84,361,1,1,1,random,0,0,Randomly placed,0.982,0,0,0,25,45,true,0,0,45,17,0,4,13,17,0,4,13,0.375,0,0,0,0,0,1.6248018728879827,0,1.5333333333333332,1.1127777777777774,
2687,0.5,adaptive-cluster,1,500,33,77,390,1,1,1,random,0,0,Randomly placed,0.966,0,0,0,25,45,true,0,0,45,10,0,1,9,10,0,1,9,0.375,0,0,0,0,0,2.328186965313256,0,1.12,0.6448000000000003,
2686,0.5,adaptive-cluster,1,500,46,71,383,1,1,1,random,0,0,Randomly placed,0.99,0,0,0,25,45,true,0,0,45,8,2,2,4,8,2,2,4,0.375,0,0,0,0,0,2.1748824419640793,0,0.96,0.4672,
2684,0.5,adaptive-cluster,1,500,53,71,376,1,1,1,random,0,0,Randomly placed,0.946,0,0,0,25,45,true,0,0,43,8,0,2,6,8,0,2,6,0.35833333333333334,0,0,0,0,0,2.9336664448303944,0,1.28,0.9194666666666669,
2689,0.5,adaptive-cluster,1,500,50,68,382,1,1,1,random,0,0,Randomly placed,1.002,0,0,0,25,45,true,0,0,45,12,3,1,8,12,3,1,8,0.375,0,0,0,0,0,2.317178927449968,0,1.2,0.7533333333333335,
2690,0.5,adaptive-cluster,1,500,45,68,387,1,1,1,random,0,0,Randomly placed,0.954,0,0,0,25,45,true,0,0,45,10,1,1,8,10,1,1,8,0.375,0,0,0,0,0,1.8919686716606745,0,1.12,0.6048000000000001,
2688,0.5,adaptive-cluster,1,500,45,83,372,1,1,1,random,0,0,Randomly placed,1.006,0,0,0,25,45,true,0,0,45,16,0,3,13,16,0,3,13,0.375,0,0,0,0,0,1.7124108304588381,0,1.0533333333333332,0.618911111111111,
2692,0.5,adaptive-cluster,1,500,52,72,376,1,1,1,random,0,0,Randomly placed,1.014,0,0,0,25,45,true,0,0,36,3,1,0,2,3,1,0,2,0.3,0,0,0,0,0,3.3636714634883296,0,0.48,0.15680000000000008,
2700,0.5,adaptive-cluster,1,500,47,82,371,1,1,1,random,0,0,Randomly placed,1.006,0,0,0,25,45,true,0,0,45,10,2,2,6,10,2,2,6,0.375,0,0,0,0,0,2.328186965313256,0,0.88,0.4248,
2693,0.5,adaptive-cluster,1,500,54,61,385,1,1,1,random,0,0,Randomly placed,0.982,0,0,0,25,45,true,0,0,45,15,2,2,11,15,2,2,11,0.375,0,0,0,0,0,1.5666989036012802,0,1.2,0.7000000000000001,
2696,0.5,adaptive-cluster,1,500,63,69,368,1,1,1,random,0,0,Randomly placed,1.022,0,0,0,25,45,true,0,0,45,12,4,0,8,12,4,0,8,0.375,0,0,0,0,0,1.8578763536507341,0,1.44,0.984533333333333,
2699,0.5,adaptive-cluster,1,500,48,70,382,1,1,1,random,0,0,Randomly placed,0.986,0,0,0,25,45,true,0,0,45,12,0,2,10,12,0,2,10,0.375,0,0,0,0,0,1.6770509831248421,0,1.12,0.6048000000000001,
2697,0.5,adaptive-cluster,1,500,54,67,379,1,1,1,random,0,0,Randomly placed,1.106,0,0,0,25,45,true,0,0,45,12,2,2,8,12,2,2,8,0.375,0,0,0,0,0,1.677050983124842,0,1.28,0.7594666666666667,
2695,0.5,adaptive-cluster,1,500,53,68,379,1,1,1,random,0,0,Randomly placed,1.03,0,0,0,25,45,true,0,0,45,10,0,0,10,10,0,0,10,0.375,0,0,0,0,0,1.8919686716606747,0,0.48,0.15680000000000008,
2694,0.5,adaptive-cluster,1,500,57,75,368,1,1,1,random,0,0,Randomly placed,1.014,0,0,0,25,45,true,0,0,45,12,1,1,10,12,1,1,10,0.375,0,0,0,0,0,1.8578763536507334,0,1.0133333333333332,0.523022222222222,
2691,0.5,adaptive-cluster,1,500,40,80,380,1,1,1,random,0,0,Randomly placed,0.986,0,0,0,25,45,true,0,0,45,14,1,0,13,14,1,0,13,0.375,0,0,0,0,0,1.9166296949998194,0,1.1466666666666667,0.679022222222222,
2704,0.5,adaptive-cluster,7,3500,323,529,2648,1,1,1,random,0,0,Randomly placed,1.0197142857142858,0,0,0,25,45,true,0,0,45,75,3,12,60,75,3,12,60,0.375,0,0,0,0,0,0.8090398349558903,0,6.933333333333333,18.78555555555555,
2701,0.5,adaptive-cluster,7,3500,348,555,2597,1,1,1,random,0,0,Randomly placed,1.0357142857142858,0,0,0,25,45,true,0,0,45,81,13,8,60,81,13,8,60,0.375,0,0,0,0,0,0.6967134648306424,0,7.072000000000001,20.149461333333342,
2698,0.5,adaptive-cluster,1,500,54,76,370,1,1,1,random,0,0,Randomly placed,1.006,0,0,0,25,45,true,0,0,45,13,2,3,8,13,2,3,8,0.375,0,0,0,0,0,1.5866576560438348,0,1.28,0.7594666666666668,
2702,0.5,adaptive-cluster,7,3500,346,490,2664,1,1,1,random,0,0,Randomly placed,0.9831428571428571,0,0,0,25,45,true,0,0,45,75,9,7,59,75,9,7,59,0.375,0,0,0,0,0,0.6266795614405122,0,6.04,14.142200000000006,
2714,0.5,adaptive-cluster,7,3500,335,541,2624,1,1,1,random,0,0,Randomly placed,0.9637142857142857,0,0,0,25,45,true,0,0,45,100,11,13,76,100,11,13,76,0.375,0,0,0,0,0,0.7172390244415163,0,8.6,28.968866666666667,
2716,0.5,adaptive-cluster,7,3500,343,563,2594,1,1,1,random,0,0,Randomly placed,1.0282857142857142,0,0,0,25,45,true,0,0,45,72,7,7,58,72,7,7,58,0.375,0,0,0,0,0,0.8149003006503309,0,7.1448888888888895,20.3346058271605,
2708,0.5,adaptive-cluster,7,3500,331,532,2637,1,1,1,random,0,0,Randomly placed,0.9808571428571428,0,0,0,25,45,true,0,0,45,87,6,15,66,87,6,15,66,0.375,0,0,0,0,0,0.6561204162717225,0,7.786666666666668,23.815822222222234,
2717,0.5,adaptive-cluster,7,3500,372,515,2613,1,1,1,random,0,0,Randomly placed,1.0271428571428571,0,0,0,25,45,true,0,0,45,85,5,17,63,85,5,17,63,0.375,0,0,0,0,0,0.9390852435662392,0,7.613333333333332,23.355266666666658,
2720,0.5,adaptive-cluster,7,3500,388,510,2602,1,1,1,random,0,0,Randomly placed,1.022,0,0,0,25,45,true,0,0,45,73,12,7,54,73,12,7,54,0.375,0,0,0,0,0,0.8237836853269511,0,6.514666666666667,16.729101333333336,
2719,0.5,adaptive-cluster,7,3500,342,512,2646,1,1,1,random,0,0,Randomly placed,1.0037142857142858,0,0,0,25,45,true,0,0,45,75,9,15,51,75,9,15,51,0.375,0,0,0,0,0,0.8675985665774653,0,6.7733333333333325,18.331199999999992,
2711,0.5,adaptive-cluster,7,3500,313,556,2631,1,1,1,random,0,0,Randomly placed,0.9580000000000001,0,0,0,25,45,true,0,0,45,87,4,13,70,87,4,13,70,0.375,0,0,0,0,0,0.674400248814067,0,8.455384615384615,28.165397238658766,
2703,0.5,adaptive-cluster,7,3500,342,507,2651,1,1,1,random,0,0,Randomly placed,1.0585714285714285,0,0,0,25,45,true,0,0,45,103,13,11,79,103,13,11,79,0.375,0,0,0,0,0,0.7009021684465487,0,9.16,32.793903703703705,
2705,0.5,adaptive-cluster,7,3500,349,527,2624,1,1,1,random,0,0,Randomly placed,0.9711428571428572,0,0,0,25,45,true,0,0,45,80,7,13,60,80,7,13,60,0.375,0,0,0,0,0,0.7478662830163739,0,7.457142857142856,21.75663265306122,
2709,0.5,adaptive-cluster,7,3500,337,548,2615,1,1,1,random,0,0,Randomly placed,1.0162857142857142,0,0,0,25,45,true,0,0,45,78,7,7,64,78,7,7,64,0.375,0,0,0,0,0,0.8195926512846525,0,7.424000000000001,21.723392000000004,
2723,0.5,adaptive-cluster,7,3500,346,538,2616,1,1,1,random,0,0,Randomly placed,0.9562857142857143,0,0,0,25,45,true,0,0,45,74,8,12,54,74,8,12,54,0.375,0,0,0,0,0,0.8417766257398347,0,6.1836190476190485,15.249851501133794,
2712,0.5,adaptive-cluster,7,3500,366,528,2606,1,1,1,random,0,0,Randomly placed,1.0082857142857142,0,0,0,25,45,true,0,0,45,79,8,16,55,79,8,16,55,0.375,0,0,0,0,0,0.677862848085907,0,5.742476190476191,13.11728319274377,
2722,0.5,adaptive-cluster,7,3500,321,543,2636,1,1,1,random,0,0,Randomly placed,0.9882857142857143,0,0,0,25,45,true,0,0,45,82,5,14,63,82,5,14,63,0.375,0,0,0,0,0,0.6439156670683173,0,7.716,23.480901999999997,
2707,0.5,adaptive-cluster,7,3500,386,514,2600,1,1,1,random,0,0,Randomly placed,0.9928571428571429,0,0,0,25,45,true,0,0,45,83,6,7,70,83,6,7,70,0.375,0,0,0,0,0,0.6735634321422554,0,7.257142857142857,20.856146938775513,
2706,0.5,adaptive-cluster,7,3500,312,520,2668,1,1,1,random,0,0,Randomly placed,0.9705714285714285,0,0,0,25,45,true,0,0,45,92,5,15,72,92,5,15,72,0.375,0,0,0,0,0,0.7069396757177868,0,8.36,27.353399999999997,
2721,0.5,adaptive-cluster,7,3500,354,543,2603,1,1,1,random,0,0,Randomly placed,0.946,0,0,0,25,45,true,0,0,45,96,9,15,72,96,9,15,72,0.375,0,0,0,0,0,0.628894118671816,0,9.18742857142857,32.93602259712774,
2718,0.5,adaptive-cluster,7,3500,319,542,2639,1,1,1,random,0,0,Randomly placed,0.9945714285714286,0,0,0,25,45,true,0,0,45,89,4,13,72,89,4,13,72,0.375,0,0,0,0,0,0.8383955610986978,0,8.152000000000001,26.80723466666668,
2724,0.5,adaptive-cluster,7,3500,377,533,2590,1,1,1,random,0,0,Randomly placed,1.0322857142857143,0,0,0,25,45,true,0,0,45,67,4,8,55,67,4,8,55,0.375,0,0,0,0,0,0.8303086795227862,0,5.757333333333333,13.416080888888892,
2730,0.5,adaptive-cluster,7,3500,360,485,2655,1,1,1,random,0,0,Randomly placed,0.9882857142857143,0,0,0,25,45,true,0,0,45,75,6,10,59,75,6,10,59,0.375,0,0,0,0,0,0.8290191356493087,0,6.98,19.672216666666678,
2728,0.5,adaptive-cluster,7,3500,359,509,2632,1,1,1,random,0,0,Randomly placed,1.0282857142857142,0,0,0,25,45,true,0,0,45,72,9,4,59,72,9,4,59,0.375,0,0,0,0,0,0.7466782500454322,0,6.043428571428572,14.820416435374153,
2726,0.5,adaptive-cluster,7,3500,368,496,2636,1,1,1,random,0,0,Randomly placed,0.9837142857142858,0,0,0,25,45,true,0,0,45,77,8,8,61,77,8,8,61,0.375,0,0,0,0,0,0.733141692817314,0,7.090666666666667,19.801117925925933,
2732,0.5,adaptive-cluster,7,3500,338,524,2638,1,1,1,random,0,0,Randomly placed,1.012857142857143,0,0,0,25,45,true,0,0,45,70,5,8,57,70,5,8,57,0.375,0,0,0,0,0,0.7699119290403703,0,6.645333333333333,17.339959111111117,
2734,0.5,adaptive-cluster,7,3500,384,494,2622,1,1,1,random,0,0,Randomly placed,0.9580000000000001,0,0,0,25,45,true,0,0,45,72,5,13,54,72,5,13,54,0.375,0,0,0,0,0,0.7466782500454322,0,6.326666666666666,15.54172777777778,
2727,0.5,adaptive-cluster,7,3500,385,526,2589,1,1,1,random,0,0,Randomly placed,1.0511428571428572,0,0,0,25,45,true,0,0,45,80,9,10,61,80,9,10,61,0.375,0,0,0,0,0,0.7668560372183175,0,8.556952380952382,28.593037956160256,
2738,0.5,adaptive-cluster,7,3500,352,519,2629,1,1,1,random,0,0,Randomly placed,0.9465714285714286,0,0,0,25,45,true,0,0,45,81,4,9,68,81,4,9,68,0.375,0,0,0,0,0,0.7820948013757316,0,7.386666666666667,21.778355555555557,
2737,0.5,adaptive-cluster,7,3500,301,547,2652,1,1,1,random,0,0,Randomly placed,0.9522857142857143,0,0,0,25,45,true,0,0,45,81,7,14,60,81,7,14,60,0.375,0,0,0,0,0,0.599288766633993,0,6.997714285714286,19.114054802721093,
2713,0.5,adaptive-cluster,7,3500,323,545,2632,1,1,1,random,0,0,Randomly placed,0.9717142857142856,0,0,0,25,45,true,0,0,45,77,12,12,53,77,12,12,53,0.375,0,0,0,0,0,0.7941312511818888,0,8.341333333333333,27.212717629629626,
2739,0.5,adaptive-cluster,7,3500,342,523,2635,1,1,1,random,0,0,Randomly placed,0.99,0,0,0,25,45,true,0,0,45,86,14,15,57,86,14,15,57,0.375,0,0,0,0,0,0.7468775653645774,0,7.247999999999999,20.52571614814815,
2743,0.5,adaptive-cluster,7,3500,358,479,2663,1,1,1,random,0,0,Randomly placed,1.0054285714285716,0,0,0,25,45,true,0,0,45,86,10,16,60,86,10,16,60,0.375,0,0,0,0,0,0.6769517564890422,0,7.532444444444444,22.423252938271602,
2740,0.5,adaptive-cluster,7,3500,333,518,2649,1,1,1,random,0,0,Randomly placed,1.0642857142857143,0,0,0,25,45,true,0,0,45,73,8,9,56,73,8,9,56,0.375,0,0,0,0,0,0.7917082102467603,0,6.844444444444445,18.96975308641976,
2729,0.5,adaptive-cluster,7,3500,350,528,2622,1,1,1,random,0,0,Randomly placed,0.9985714285714286,0,0,0,25,45,true,0,0,45,79,5,16,58,79,5,16,58,0.375,0,0,0,0,0,0.6992818187112837,0,5.793333333333333,13.282061111111108,
2741,0.5,adaptive-cluster,7,3500,346,530,2624,1,1,1,random,0,0,Randomly placed,1.008857142857143,0,0,0,25,45,true,0,0,45,65,10,10,45,65,10,10,45,0.375,0,0,0,0,0,0.700994452305047,0,6.386666666666667,15.907800000000005,
2710,0.5,adaptive-cluster,7,3500,355,517,2628,1,1,1,random,0,0,Randomly placed,0.9802857142857143,0,0,0,25,45,true,0,0,45,69,10,7,52,69,10,7,52,0.375,0,0,0,0,0,0.7938910074910908,0,5.312,11.322181333333335,
2745,0.5,adaptive-cluster,7,3500,384,523,2593,1,1,1,random,0,0,Randomly placed,0.9905714285714285,0,0,0,25,45,true,0,0,45,66,9,8,49,66,9,8,49,0.375,0,0,0,0,0,0.8171481073228263,0,4.904,9.637538666666666,
2715,0.5,adaptive-cluster,7,3500,339,529,2632,1,1,1,random,0,0,Randomly placed,0.940857142857143,0,0,0,25,45,true,0,0,45,94,6,10,78,94,6,10,78,0.375,0,0,0,0,0,0.652111172607528,0,8.646666666666667,28.74906851851852,
2725,0.5,adaptive-cluster,7,3500,342,518,2640,1,1,1,random,0,0,Randomly placed,1.060857142857143,0,0,0,25,45,true,0,0,45,88,9,13,66,88,9,13,66,0.375,0,0,0,0,0,0.6977099427142225,0,8.06,25.538653703703716,
2733,0.5,adaptive-cluster,7,3500,357,488,2655,1,1,1,random,0,0,Randomly placed,1.0054285714285716,0,0,0,25,45,true,0,0,45,76,8,8,60,76,8,8,60,0.375,0,0,0,0,0,0.8451509292283376,0,6.504,16.856471999999997,
2748,0.5,adaptive-cluster,7,3500,351,500,2649,1,1,1,random,0,0,Randomly placed,1.0157142857142858,0,0,0,25,45,true,0,0,45,71,5,17,49,71,5,17,49,0.375,0,0,0,0,0,0.7582658426038513,0,5.874666666666667,13.694932444444445,
2746,0.5,adaptive-cluster,7,3500,358,546,2596,1,1,1,random,0,0,Randomly placed,0.9614285714285715,0,0,0,25,45,true,0,0,45,85,8,17,60,85,8,17,60,0.375,0,0,0,0,0,0.7068843156214425,0,7.212000000000001,20.893798000000004,
2744,0.5,adaptive-cluster,7,3500,339,524,2637,1,1,1,random,0,0,Randomly placed,0.9945714285714286,0,0,0,25,45,true,0,0,45,65,7,7,51,65,7,7,51,0.375,0,0,0,0,0,0.8024304125414801,0,5.549333333333334,12.24681866666667,
2747,0.5,adaptive-cluster,7,3500,315,538,2647,1,1,1,random,0,0,Randomly placed,1.0271428571428571,0,0,0,25,45,true,0,0,45,73,7,7,59,73,7,7,59,0.375,0,0,0,0,0,0.6342386406847623,0,7.533333333333334,21.879444444444452,
2749,0.5,adaptive-cluster,7,3500,349,541,2610,1,1,1,random,0,0,Randomly placed,1.01,0,0,0,25,45,true,0,0,45,69,7,12,50,69,7,12,50,0.375,0,0,0,0,0,0.7938910074910908,0,6.482666666666667,16.908996444444448,
2752,0.5,adaptive-cluster,7,3500,356,535,2609,1,1,1,random,0,0,Randomly placed,1.0265714285714285,0,0,0,25,45,true,0,0,45,87,5,16,66,87,5,16,66,0.375,0,0,0,0,0,0.7906121427500055,0,7.365333333333334,21.276208000000008,
2736,0.5,adaptive-cluster,7,3500,323,504,2673,1,1,1,random,0,0,Randomly placed,1.0385714285714285,0,0,0,25,45,true,0,0,45,92,5,10,77,92,5,10,77,0.375,0,0,0,0,0,0.6992058134398141,0,8.493714285714285,28.293583238095238,
2742,0.5,adaptive-cluster,7,3500,362,564,2574,1,1,1,random,0,0,Randomly placed,0.9420000000000001,0,0,0,25,45,true,0,0,45,68,9,11,48,68,9,11,48,0.375,0,0,0,0,0,0.8538166261434336,0,6.1866666666666665,15.425606584362141,
2751,0.5,adaptive-cluster,7,3500,369,536,2595,1,1,1,random,0,0,Randomly placed,0.9065714285714286,0,0,0,25,45,true,0,0,45,88,10,11,67,88,10,11,67,0.375,0,0,0,0,0,0.671670350211969,0,8.028571428571428,25.142074829931968,
2750,0.5,adaptive-cluster,7,3500,335,511,2654,1,1,1,random,0,0,Randomly placed,1.0151428571428571,0,0,0,25,45,true,0,0,45,83,9,8,66,83,9,8,66,0.375,0,0,0,0,0,0.7920754862541376,0,7.005333333333333,19.707483555555555,
2757,0.5,adaptive-cluster,7,3500,320,542,2638,1,1,1,random,0,0,Randomly placed,0.9911428571428571,0,0,0,25,45,true,0,0,45,89,6,17,66,89,6,17,66,0.375,0,0,0,0,0,0.7883933546587828,0,8.96304761904762,31.70217912018141,
2753,0.5,adaptive-cluster,7,3500,319,505,2676,1,1,1,random,0,0,Randomly placed,1.0242857142857142,0,0,0,25,45,true,0,0,45,83,7,13,63,83,7,13,63,0.375,0,0,0,0,0,0.8411604511650426,0,8.706666666666667,30.12922222222223,
2756,0.5,adaptive-cluster,7,3500,364,533,2603,1,1,1,random,0,0,Randomly placed,1.020857142857143,0,0,0,25,45,true,0,0,45,81,5,14,62,81,5,14,62,0.375,0,0,0,0,0,0.5874673140846606,0,7.444571428571428,21.526569687074822,
2762,0.5,adaptive-cluster,7,3500,330,495,2675,1,1,1,random,0,0,Randomly placed,0.9637142857142857,0,0,0,25,45,true,0,0,45,76,10,14,52,76,10,14,52,0.375,0,0,0,0,0,0.6777215762227616,0,7.28,20.672800000000002,
2755,0.5,adaptive-cluster,7,3500,318,522,2660,1,1,1,random,0,0,Randomly placed,1.0362857142857143,0,0,0,25,45,true,0,0,45,80,4,14,62,80,4,14,62,0.375,0,0,0,0,0,0.6981357073729223,0,7.026666666666666,19.389311111111112,
2754,0.5,adaptive-cluster,7,3500,359,526,2615,1,1,1,random,0,0,Randomly placed,0.9545714285714286,0,0,0,25,45,true,0,0,45,104,10,19,75,104,10,19,75,0.375,0,0,0,0,0,0.6106818779900325,0,9.420571428571428,34.676659428571426,
2735,0.5,adaptive-cluster,7,3500,344,519,2637,1,1,1,random,0,0,Randomly placed,1.0197142857142858,0,0,0,25,45,true,0,0,45,70,6,9,55,70,6,9,55,0.375,0,0,0,0,0,0.8835226340609272,0,5.381333333333333,12.22219022222222,
2764,0.5,adaptive-cluster,7,3500,366,538,2596,1,1,1,random,0,0,Randomly placed,1.074,0,0,0,25,45,true,0,0,45,74,10,11,53,74,10,11,53,0.375,0,0,0,0,0,0.6756142478219485,0,5.688,12.705847999999998,
2767,0.5,adaptive-cluster,7,3500,355,553,2592,1,1,1,random,0,0,Randomly placed,0.9928571428571429,0,0,0,25,45,true,0,0,45,67,10,13,44,67,10,13,44,0.375,0,0,0,0,0,0.9457585225910072,0,6.448888888888889,16.648916049382716,
2731,0.5,adaptive-cluster,7,3500,349,542,2609,1,1,1,random,0,0,Randomly placed,0.974,0,0,0,25,45,true,0,0,45,81,8,12,61,81,8,12,61,0.375,0,0,0,0,0,0.7639462788359208,0,6.8453333333333335,18.920633185185185,
2765,0.5,adaptive-cluster,7,3500,357,556,2587,1,1,1,random,0,0,Randomly placed,1.0037142857142858,0,0,0,25,45,true,0,0,45,80,14,11,55,80,14,11,55,0.375,0,0,0,0,0,0.6445796727678079,0,6.4788571428571435,16.618645605442183,
2763,0.5,adaptive-cluster,7,3500,363,516,2621,1,1,1,random,0,0,Randomly placed,1.0425714285714285,0,0,0,25,45,true,0,0,45,71,10,9,52,71,10,9,52,0.375,0,0,0,0,0,0.7461284902323786,0,5.8,13.328333333333331,
2766,0.5,adaptive-cluster,7,3500,365,531,2604,1,1,1,random,0,0,Randomly placed,1.006,0,0,0,25,45,true,0,0,45,78,16,18,44,78,16,18,44,0.375,0,0,0,0,0,0.772066451610216,0,8.655999999999999,28.940749037037023,
2768,0.5,adaptive-cluster,7,3500,344,515,2641,1,1,1,random,0,0,Randomly placed,1.0111428571428571,0,0,0,25,45,true,0,0,45,67,12,10,45,67,12,10,45,0.375,0,0,0,0,0,0.7248276757138562,0,6.218666666666668,15.232412444444455,
2770,0.5,adaptive-cluster,7,3500,352,516,2632,1,1,1,random,0,0,Randomly placed,0.9305714285714286,0,0,0,25,45,true,0,0,45,89,6,17,66,89,6,17,66,0.375,0,0,0,0,0,0.6421808755097428,0,7.730666666666666,23.46409866666667,
2772,0.5,adaptive-cluster,7,3500,345,481,2674,1,1,1,random,0,0,Randomly placed,1.01,0,0,0,25,45,true,0,0,45,91,5,14,72,91,5,14,72,0.375,0,0,0,0,0,0.6540748766750341,0,8.144,25.877504592592604,
2773,0.5,adaptive-cluster,7,3500,354,522,2624,1,1,1,random,0,0,Randomly placed,0.9917142857142858,0,0,0,25,45,true,0,0,45,86,6,17,63,86,6,17,63,0.375,0,0,0,0,0,0.6950930044759687,0,9.157333333333334,32.681925333333346,
2774,0.5,adaptive-cluster,7,3500,394,523,2583,1,1,1,random,0,0,Randomly placed,0.9768571428571429,0,0,0,25,45,true,0,0,45,82,7,13,62,82,7,13,62,0.375,0,0,0,0,0,0.7048134066830913,0,7.5580952380952375,22.24428117913832,
2775,0.5,adaptive-cluster,7,3500,386,521,2593,1,1,1,random,0,0,Randomly placed,1.0237142857142858,0,0,0,25,45,true,0,0,45,77,10,9,58,77,10,9,58,0.375,0,0,0,0,0,0.8134455594707022,0,6.866666666666666,18.83055555555556,
2771,0.5,adaptive-cluster,7,3500,385,509,2606,1,1,1,random,0,0,Randomly placed,1.0477142857142856,0,0,0,25,45,true,0,0,45,84,11,10,63,84,11,10,63,0.375,0,0,0,0,0,0.7187361356249325,0,8.128,26.1519429659864,
2777,0.5,adaptive-cluster,7,3500,354,512,2634,1,1,1,random,0,0,Randomly placed,0.9625714285714286,0,0,0,25,45,true,0,0,45,93,12,12,69,93,12,12,69,0.375,0,0,0,0,0,0.6874002881742249,0,8.751515151515152,29.681616161616155,
2758,0.5,adaptive-cluster,7,3500,361,504,2635,1,1,1,random,0,0,Randomly placed,0.9482857142857143,0,0,0,25,45,true,0,0,45,89,12,8,69,89,12,8,69,0.375,0,0,0,0,0,0.7108865912860591,0,6.632000000000001,17.215874666666668,
2776,0.5,adaptive-cluster,7,3500,375,520,2605,1,1,1,random,0,0,Randomly placed,0.9585714285714285,0,0,0,25,45,true,0,0,45,82,7,3,72,82,7,3,72,0.375,0,0,0,0,0,0.6439156670683172,0,8.021333333333333,24.757736888888882,
2769,0.5,adaptive-cluster,7,3500,322,580,2598,1,1,1,random,0,0,Randomly placed,1.0522857142857143,0,0,0,25,45,true,0,0,45,84,11,9,64,84,11,9,64,0.375,0,0,0,0,0,0.8592708973039982,0,8.442666666666666,28.121880888888885,
2781,0.5,adaptive-cluster,7,3500,349,532,2619,1,1,1,random,0,0,Randomly placed,0.9945714285714286,0,0,0,25,45,true,0,0,45,94,10,12,72,94,10,12,72,0.375,0,0,0,0,0,0.6022843259767399,0,7.961142857142858,24.754685605442187,
2784,0.5,adaptive-cluster,7,3500,372,527,2601,1,1,1,random,0,0,Randomly placed,1.0105714285714285,0,0,0,25,45,true,0,0,45,77,8,10,59,77,8,10,59,0.375,0,0,0,0,0,0.642883974968633,0,7.584,22.317952000000005,
2785,0.5,adaptive-cluster,7,3500,330,574,2596,1,1,1,random,0,0,Randomly placed,1.0202857142857142,0,0,0,25,45,true,0,0,45,96,9,18,69,96,9,18,69,0.375,0,0,0,0,0,0.6209027633029771,0,8.597333333333333,28.98127644444445,
2779,0.5,adaptive-cluster,7,3500,352,533,2615,1,1,1,random,0,0,Randomly placed,1.032857142857143,0,0,0,25,45,true,0,0,45,74,9,14,51,74,9,14,51,0.375,0,0,0,0,0,0.9181824263505418,0,6.136,15.252098666666669,
2780,0.5,adaptive-cluster,7,3500,367,516,2617,1,1,1,random,0,0,Randomly placed,1.0625714285714285,0,0,0,25,45,true,0,0,45,72,14,16,42,72,14,16,42,0.375,0,0,0,0,0,0.8149003006503309,0,4.8213333333333335,9.516003555555555,
2790,0.5,adaptive-cluster,7,3500,353,520,2627,1,1,1,random,0,0,Randomly placed,0.9637142857142857,0,0,0,25,45,true,0,0,45,72,4,9,59,72,4,9,59,0.375,0,0,0,0,0,0.7700907561627216,0,5.679999999999999,12.559199999999995,
2789,0.5,adaptive-cluster,7,3500,359,524,2617,1,1,1,random,0,0,Randomly placed,0.9848571428571429,0,0,0,25,45,true,0,0,45,97,9,16,72,97,9,16,72,0.375,0,0,0,0,0,0.7332215831447375,0,8.205333333333334,26.340994666666678,
2783,0.5,adaptive-cluster,7,3500,366,534,2600,1,1,1,random,0,0,Randomly placed,1.0488571428571427,0,0,0,25,45,true,0,0,45,80,8,13,59,80,8,13,59,0.375,0,0,0,0,0,0.8034902556404095,0,7.015619047619049,19.741017977324272,
2782,0.5,adaptive-cluster,7,3500,325,529,2646,1,1,1,random,0,0,Randomly placed,1.0477142857142856,0,0,0,25,45,true,0,0,45,91,10,19,62,91,10,19,62,0.375,0,0,0,0,0,0.6101128194501677,0,7.457333333333334,21.470653111111112,
2778,0.5,adaptive-cluster,7,3500,361,514,2625,1,1,1,random,0,0,Randomly placed,0.9197142857142857,0,0,0,25,45,true,0,0,45,69,8,17,44,69,8,17,44,0.375,0,0,0,0,0,0.8968065012421677,0,7.354666666666666,21.79751466666666,
2788,0.5,adaptive-cluster,7,3500,345,496,2659,1,1,1,random,0,0,Randomly placed,1.0242857142857142,0,0,0,25,45,true,0,0,45,87,5,16,66,87,5,16,66,0.375,0,0,0,0,0,0.7180668025888806,0,7.786666666666666,23.757022222222222,
2792,0.5,adaptive-cluster,7,3500,366,502,2632,1,1,1,random,0,0,Randomly placed,1.0334285714285714,0,0,0,25,45,true,0,0,45,81,7,11,63,81,7,11,63,0.375,0,0,0,0,0,0.7165668241469274,0,7.28,21.06800000000001,
2793,0.5,adaptive-cluster,7,3500,365,527,2608,1,1,1,random,0,0,Randomly placed,0.9694285714285714,0,0,0,25,45,true,0,0,45,78,5,10,63,78,5,10,63,0.375,0,0,0,0,0,0.8009206644260588,0,7.82,24.21788333333333,
2791,0.5,adaptive-cluster,7,3500,351,526,2623,1,1,1,random,0,0,Randomly placed,0.9677142857142857,0,0,0,25,45,true,0,0,45,74,7,12,55,74,7,12,55,0.375,0,0,0,0,0,0.8112713679685465,0,7.381333333333333,21.311168000000002,
2759,0.5,adaptive-cluster,7,3500,339,550,2611,1,1,1,random,0,0,Randomly placed,0.9397142857142857,0,0,0,25,45,true,0,0,45,71,10,10,51,71,10,10,51,0.375,0,0,0,0,0,0.8491419204384911,0,5.552,12.522634666666663,
2761,0.5,adaptive-cluster,7,3500,348,553,2599,1,1,1,random,0,0,Randomly placed,1.0305714285714287,0,0,0,25,45,true,0,0,45,74,8,17,49,74,8,17,49,0.375,0,0,0,0,0,0.6502590574192416,0,6.248571428571429,15.369720068027217,
2760,0.5,adaptive-cluster,7,3500,352,562,2586,1,1,1,random,0,0,Randomly placed,0.9751428571428571,0,0,0,25,45,true,0,0,45,91,8,19,64,91,8,19,64,0.375,0,0,0,0,0,0.7110701462398068,0,8.707555555555556,29.96126182716051,
2803,0.5,adaptive-cluster,0.01,5,1,0,4,0.7,0.7,0.7,random,0,0,Randomly placed,0.9975000000000175,0,0,0,25,45,true,0,0,25,0,0,0,0,0,0,0,0,0.20833333333333334,0,0,0,0,0,NA,0,0,0,
2801,0.5,adaptive-cluster,0.01,5,0,0,5,0.7,0.7,0.7,random,0,0,Randomly placed,0.9975000000000419,0,0,0,25,45,true,0,0,25,0,0,0,0,0,0,0,0,0.20833333333333334,0,0,0,0,0,NA,0,0,0,
2796,0.5,adaptive-cluster,7,3500,356,542,2602,1,1,1,random,0,0,Randomly placed,1.0854285714285714,0,0,0,25,45,true,0,0,45,60,9,9,42,60,9,9,42,0.375,0,0,0,0,0,0.8902885129909498,0,5.901333333333334,14.224052444444451,
2802,0.5,adaptive-cluster,0.01,5,1,1,3,0.7,0.7,0.7,random,0,0,Randomly placed,0.9975000000000346,0,0,0,25,45,true,0,0,25,0,0,0,0,0,0,0,0,0.20833333333333334,0,0,0,0,0,NA,0,0,0,
2797,0.5,adaptive-cluster,7,3500,316,538,2646,1,1,1,random,0,0,Randomly placed,0.9814285714285714,0,0,0,25,45,true,0,0,45,82,5,14,63,82,5,14,63,0.375,0,0,0,0,0,0.7333684027910663,0,7.175999999999999,20.238791999999997,
2795,0.5,adaptive-cluster,7,3500,339,527,2634,1,1,1,random,0,0,Randomly placed,1.0254285714285714,0,0,0,25,45,true,0,0,45,94,8,14,72,94,8,14,72,0.375,0,0,0,0,0,0.6983921202031669,0,8.405333333333335,27.351239111111123,
2787,0.5,adaptive-cluster,7,3500,347,556,2597,1,1,1,random,0,0,Randomly placed,0.998,0,0,0,25,45,true,0,0,45,81,8,16,57,81,8,16,57,0.375,0,0,0,0,0,0.6552044942557471,0,6.617777777777778,17.334308641975312,
2804,0.5,adaptive-cluster,0.01,5,0,2,3,0.7,0.7,0.7,random,0,0,Randomly placed,0.9975000000000409,0,0,0,25,45,true,0,0,25,0,0,0,0,0,0,0,0,0.20833333333333334,0,0,0,0,0,NA,0,0,0,
2799,0.5,adaptive-cluster,7,3500,343,531,2626,1,1,1,random,0,0,Randomly placed,0.9728571428571428,0,0,0,25,45,true,0,0,45,85,8,7,70,85,8,7,70,0.375,0,0,0,0,0,0.7590287000331729,0,8.211428571428572,26.77217006802722,
2805,0.5,adaptive-cluster,0.01,5,1,2,2,0.7,0.7,0.7,random,0,0,Randomly placed,0.9975000000000376,0,0,0,25,45,true,0,0,25,0,0,0,0,0,0,0,0,0.20833333333333334,0,0,0,0,0,NA,0,0,0,
2786,0.5,adaptive-cluster,7,3500,325,557,2618,1,1,1,random,0,0,Randomly placed,0.9477142857142857,0,0,0,25,45,true,0,0,45,91,3,12,76,91,3,12,76,0.375,0,0,0,0,0,0.7491308595389249,0,7.061333333333334,19.68593540740741,
2800,0.5,adaptive-cluster,7,3500,358,543,2599,1,1,1,random,0,0,Randomly placed,1.0545714285714285,0,0,0,25,45,true,0,0,45,89,13,10,66,89,13,10,66,0.375,0,0,0,0,0,0.7190133373382542,0,7.3809523809523805,21.380895691609975,
2808,0.5,adaptive-cluster,0.01,5,0,0,5,0.7,0.7,0.7,random,0,0,Randomly placed,0.997500000000024,0,0,0,25,45,true,0,0,25,0,0,0,0,0,0,0,0,0.20833333333333334,0,0,0,0,0,NA,0,0,0,
2810,0.5,adaptive-cluster,0.01,5,0,0,5,0.7,0.7,0.7,random,0,0,Randomly placed,0.9975000000000128,0,0,0,25,45,true,0,0,25,0,0,0,0,0,0,0,0,0.20833333333333334,0,0,0,0,0,NA,0,0,0,
2794,0.5,adaptive-cluster,7,3500,340,536,2624,1,1,1,random,0,0,Randomly placed,1.0054285714285716,0,0,0,25,45,true,0,0,45,81,17,14,50,81,17,14,50,0.375,0,0,0,0,0,0.655204494255747,0,7.570285714285715,22.359709278911563,
2807,0.5,adaptive-cluster,0.01,5,0,0,5,0.7,0.7,0.7,random,0,0,Randomly placed,0.9975000000000314,0,0,0,25,45,true,0,0,25,0,0,0,0,0,0,0,0,0.20833333333333334,0,0,0,0,0,NA,0,0,0,
2811,0.5,adaptive-cluster,0.01,5,1,1,3,0.7,0.7,0.7,random,0,0,Randomly placed,0.9975000000000195,0,0,0,25,45,true,0,0,25,0,0,0,0,0,0,0,0,0.20833333333333334,0,0,0,0,0,NA,0,0,0,
2806,0.5,adaptive-cluster,0.01,5,1,1,3,0.7,0.7,0.7,random,0,0,Randomly placed,0.9975000000000435,0,0,0,25,45,true,0,0,25,0,0,0,0,0,0,0,0,0.20833333333333334,0,0,0,0,0,NA,0,0,0,
2812,0.5,adaptive-cluster,0.01,5,0,1,4,0.7,0.7,0.7,random,0,0,Randomly placed,0.9975000000000374,0,0,0,25,45,true,0,0,25,0,0,0,0,0,0,0,0,0.20833333333333334,0,0,0,0,0,NA,0,0,0,
2816,0.5,adaptive-cluster,0.01,5,2,0,3,0.7,0.7,0.7,random,0,0,Randomly placed,0.9975000000000298,0,0,0,25,45,true,0,0,25,0,0,0,0,0,0,0,0,0.20833333333333334,0,0,0,0,0,NA,0,0,0,
2814,0.5,adaptive-cluster,0.01,5,0,3,2,0.7,0.7,0.7,random,0,0,Randomly placed,0.9975000000000298,0,0,0,25,45,true,0,0,25,0,0,0,0,0,0,0,0,0.20833333333333334,0,0,0,0,0,NA,0,0,0,
2818,0.5,adaptive-cluster,0.01,5,1,0,4,0.7,0.7,0.7,random,0,0,Randomly placed,0.9975000000000478,0,0,0,25,45,true,0,0,25,0,0,0,0,0,0,0,0,0.20833333333333334,0,0,0,0,0,NA,0,0,0,
2798,0.5,adaptive-cluster,7,3500,361,528,2611,1,1,1,random,0,0,Randomly placed,0.9888571428571428,0,0,0,25,45,true,0,0,45,77,7,15,55,77,7,15,55,0.375,0,0,0,0,0,0.822932740436331,0,7.554285714285714,22.238873469387755,
2820,0.5,adaptive-cluster,0.01,5,0,1,4,0.7,0.7,0.7,random,0,0,Randomly placed,0.9975000000000203,0,0,0,25,45,true,0,0,25,0,0,0,0,0,0,0,0,0.20833333333333334,0,0,0,0,0,NA,0,0,0,
2809,0.5,adaptive-cluster,0.01,5,0,1,4,0.7,0.7,0.7,random,0,0,Randomly placed,0.9975000000000434,0,0,0,25,45,true,0,0,25,0,0,0,0,0,0,0,0,0.20833333333333334,0,0,0,0,0,NA,0,0,0,
2813,0.5,adaptive-cluster,0.01,5,1,0,4,0.7,0.7,0.7,random,0,0,Randomly placed,0.9975000000000623,0,0,0,25,45,true,0,0,25,0,0,0,0,0,0,0,0,0.20833333333333334,0,0,0,0,0,NA,0,0,0,
2815,0.5,adaptive-cluster,0.01,5,0,2,3,0.7,0.7,0.7,random,0,0,Randomly placed,0.9975000000000225,0,0,0,25,45,true,0,0,25,0,0,0,0,0,0,0,0,0.20833333333333334,0,0,0,0,0,NA,0,0,0,
2817,0.5,adaptive-cluster,0.01,5,0,1,4,0.7,0.7,0.7,random,0,0,Randomly placed,0.9975000000000508,0,0,0,25,45,true,0,0,25,0,0,0,0,0,0,0,0,0.20833333333333334,0,0,0,0,0,NA,0,0,0,
2819,0.5,adaptive-cluster,0.01,5,3,0,2,0.7,0.7,0.7,random,0,0,Randomly placed,0.9975000000000537,0,0,0,25,45,true,0,0,25,1,1,0,0,0,0,0,0,0.20833333333333334,0,0,0,0,0,NA,0,0,0,
2821,0.5,adaptive-cluster,0.01,5,0,1,4,0.7,0.7,0.7,random,0,0,Randomly placed,0.9975000000000219,0,0,0,25,45,true,0,0,25,1,0,1,0,0,0,0,0,0.20833333333333334,0,0,0,0,0,NA,0,0,0,
2824,0.5,adaptive-cluster,0.01,5,0,1,4,0.7,0.7,0.7,random,0,0,Randomly placed,0.9975000000000303,0,0,0,25,45,true,0,0,25,0,0,0,0,0,0,0,0,0.20833333333333334,0,0,0,0,0,NA,0,0,0,
2825,0.5,adaptive-cluster,0.01,5,0,0,5,0.7,0.7,0.7,random,0,0,Randomly placed,0.9975000000000167,0,0,0,25,45,true,0,0,25,0,0,0,0,0,0,0,0,0.20833333333333334,0,0,0,0,0,NA,0,0,0,
2823,0.5,adaptive-cluster,0.01,5,0,3,2,0.7,0.7,0.7,random,0,0,Randomly placed,0.9975000000000366,0,0,0,25,45,true,0,0,25,0,0,0,0,0,0,0,0,0.20833333333333334,0,0,0,0,0,NA,0,0,0,
2826,0.5,adaptive-cluster,0.01,5,1,2,2,0.7,0.7,0.7,random,0,0,Randomly placed,0.9975000000000341,0,0,0,25,45,true,0,0,25,0,0,0,0,0,0,0,0,0.20833333333333334,0,0,0,0,0,NA,0,0,0,
2822,0.5,adaptive-cluster,0.01,5,0,0,5,0.7,0.7,0.7,random,0,0,Randomly placed,0.9975000000000225,0,0,0,25,45,true,0,0,25,0,0,0,0,0,0,0,0,0.20833333333333334,0,0,0,0,0,NA,0,0,0,
2827,0.5,adaptive-cluster,0.01,5,1,1,3,0.7,0.7,0.7,random,0,0,Randomly placed,0.9975000000000437,0,0,0,25,45,true,0,0,25,0,0,0,0,0,0,0,0,0.20833333333333334,0,0,0,0,0,NA,0,0,0,
2829,0.5,adaptive-cluster,0.01,5,0,1,4,0.7,0.7,0.7,random,0,0,Randomly placed,0.997500000000027,0,0,0,25,45,true,0,0,25,0,0,0,0,0,0,0,0,0.20833333333333334,0,0,0,0,0,NA,0,0,0,
2828,0.5,adaptive-cluster,0.01,5,0,1,4,0.7,0.7,0.7,random,0,0,Randomly placed,0.9975000000000709,0,0,0,25,45,true,0,0,25,0,0,0,0,0,0,0,0,0.20833333333333334,0,0,0,0,0,NA,0,0,0,
2830,0.5,adaptive-cluster,0.01,5,1,2,2,0.7,0.7,0.7,random,0,0,Randomly placed,0.9975000000000511,0,0,0,25,45,true,0,0,25,0,0,0,0,0,0,0,0,0.20833333333333334,0,0,0,0,0,NA,0,0,0,
2832,0.5,adaptive-cluster,0.01,5,0,1,4,0.7,0.7,0.7,random,0,0,Randomly placed,0.9975000000000167,0,0,0,25,45,true,0,0,29,1,0,0,1,1,0,0,1,0.24166666666666667,0,0,0,0,0,5.385164807134508,0,0.16,0.03520000000000002,
2831,0.5,adaptive-cluster,0.01,5,0,1,4,0.7,0.7,0.7,random,0,0,Randomly placed,0.9975000000000228,0,0,0,25,45,true,0,0,25,0,0,0,0,0,0,0,0,0.20833333333333334,0,0,0,0,0,NA,0,0,0,
2833,0.5,adaptive-cluster,0.01,5,0,1,4,0.7,0.7,0.7,random,0,0,Randomly placed,0.9975000000000144,0,0,0,25,45,true,0,0,25,0,0,0,0,0,0,0,0,0.20833333333333334,0,0,0,0,0,NA,0,0,0,
2841,0.5,adaptive-cluster,0.01,5,1,0,4,0.7,0.7,0.7,random,0,0,Randomly placed,0.9975000000000626,0,0,0,25,45,true,0,0,25,0,0,0,0,0,0,0,0,0.20833333333333334,0,0,0,0,0,NA,0,0,0,
2836,0.5,adaptive-cluster,0.01,5,0,1,4,0.7,0.7,0.7,random,0,0,Randomly placed,0.9975000000000261,0,0,0,25,45,true,0,0,25,0,0,0,0,0,0,0,0,0.20833333333333334,0,0,0,0,0,NA,0,0,0,
2834,0.5,adaptive-cluster,0.01,5,1,0,4,0.7,0.7,0.7,random,0,0,Randomly placed,0.9975000000000221,0,0,0,25,45,true,0,0,25,0,0,0,0,0,0,0,0,0.20833333333333334,0,0,0,0,0,NA,0,0,0,
2837,0.5,adaptive-cluster,0.01,5,1,1,3,0.7,0.7,0.7,random,0,0,Randomly placed,0.9975000000000172,0,0,0,25,45,true,0,0,25,0,0,0,0,0,0,0,0,0.20833333333333334,0,0,0,0,0,NA,0,0,0,
2835,0.5,adaptive-cluster,0.01,5,0,3,2,0.7,0.7,0.7,random,0,0,Randomly placed,0.9975000000000378,0,0,0,25,45,true,0,0,25,0,0,0,0,0,0,0,0,0.20833333333333334,0,0,0,0,0,NA,0,0,0,
2840,0.5,adaptive-cluster,0.01,5,1,0,4,0.7,0.7,0.7,random,0,0,Randomly placed,0.9975000000000551,0,0,0,25,45,true,0,0,25,0,0,0,0,0,0,0,0,0.20833333333333334,0,0,0,0,0,NA,0,0,0,
2839,0.5,adaptive-cluster,0.01,5,0,2,3,0.7,0.7,0.7,random,0,0,Randomly placed,0.9975000000000608,0,0,0,25,45,true,0,0,25,0,0,0,0,0,0,0,0,0.20833333333333334,0,0,0,0,0,NA,0,0,0,
2838,0.5,adaptive-cluster,0.01,5,1,0,4,0.7,0.7,0.7,random,0,0,Randomly placed,0.9975000000000129,0,0,0,25,45,true,0,0,25,0,0,0,0,0,0,0,0,0.20833333333333334,0,0,0,0,0,NA,0,0,0,
2844,0.5,adaptive-cluster,0.01,5,0,2,3,0.7,0.7,0.7,random,0,0,Randomly placed,0.9975000000000634,0,0,0,25,45,true,0,0,25,0,0,0,0,0,0,0,0,0.20833333333333334,0,0,0,0,0,NA,0,0,0,
2843,0.5,adaptive-cluster,0.01,5,1,1,3,0.7,0.7,0.7,random,0,0,Randomly placed,0.9975000000000385,0,0,0,25,45,true,0,0,25,0,0,0,0,0,0,0,0,0.20833333333333334,0,0,0,0,0,NA,0,0,0,
2842,0.5,adaptive-cluster,0.01,5,3,1,1,0.7,0.7,0.7,random,0,0,Randomly placed,0.9975000000000318,0,0,0,25,45,true,0,0,25,0,0,0,0,0,0,0,0,0.20833333333333334,0,0,0,0,0,NA,0,0,0,
2845,0.5,adaptive-cluster,0.01,5,1,0,4,0.7,0.7,0.7,random,0,0,Randomly placed,0.9975000000000283,0,0,0,25,45,true,0,0,25,0,0,0,0,0,0,0,0,0.20833333333333334,0,0,0,0,0,NA,0,0,0,
2848,0.5,adaptive-cluster,0.01,5,0,0,5,0.7,0.7,0.7,random,0,0,Randomly placed,0.997500000000045,0,0,0,25,45,true,0,0,25,0,0,0,0,0,0,0,0,0.20833333333333334,0,0,0,0,0,NA,0,0,0,
2846,0.5,adaptive-cluster,0.01,5,1,0,4,0.7,0.7,0.7,random,0,0,Randomly placed,0.9975000000000508,0,0,0,25,45,true,0,0,25,0,0,0,0,0,0,0,0,0.20833333333333334,0,0,0,0,0,NA,0,0,0,
2847,0.5,adaptive-cluster,0.01,5,0,1,4,0.7,0.7,0.7,random,0,0,Randomly placed,0.9975000000000461,0,0,0,25,45,true,0,0,25,0,0,0,0,0,0,0,0,0.20833333333333334,0,0,0,0,0,NA,0,0,0,
2852,0.5,adaptive-cluster,0.01,5,0,0,5,0.7,0.7,0.7,random,0,0,Randomly placed,0.9975000000000298,0,0,0,25,45,true,0,0,25,0,0,0,0,0,0,0,0,0.20833333333333334,0,0,0,0,0,NA,0,0,0,
2854,0.5,adaptive-cluster,0.01,5,1,1,3,0.7,0.7,0.7,random,0,0,Randomly placed,0.9975000000000688,0,0,0,25,45,true,0,0,25,0,0,0,0,0,0,0,0,0.20833333333333334,0,0,0,0,0,NA,0,0,0,
2851,0.5,adaptive-cluster,0.01,5,1,1,3,0.7,0.7,0.7,random,0,0,Randomly placed,0.9975000000000607,0,0,0,25,45,true,0,0,25,0,0,0,0,0,0,0,0,0.20833333333333334,0,0,0,0,0,NA,0,0,0,
2858,0.5,adaptive-cluster,0.01,5,0,2,3,0.7,0.7,0.7,random,0,0,Randomly placed,0.9975000000000221,0,0,0,25,45,true,0,0,25,0,0,0,0,0,0,0,0,0.20833333333333334,0,0,0,0,0,NA,0,0,0,
2856,0.5,adaptive-cluster,0.01,5,0,0,5,0.7,0.7,0.7,random,0,0,Randomly placed,0.9975000000000231,0,0,0,25,45,true,0,0,25,0,0,0,0,0,0,0,0,0.20833333333333334,0,0,0,0,0,NA,0,0,0,
2853,0.5,adaptive-cluster,0.01,5,1,0,4,0.7,0.7,0.7,random,0,0,Randomly placed,0.9975000000000497,0,0,0,25,45,true,0,0,25,0,0,0,0,0,0,0,0,0.20833333333333334,0,0,0,0,0,NA,0,0,0,
2857,0.5,adaptive-cluster,0.01,5,1,1,3,0.7,0.7,0.7,random,0,0,Randomly placed,0.9975000000000743,0,0,0,25,45,true,0,0,25,1,0,0,1,0,0,0,0,0.20833333333333334,0,0,0,0,0,NA,0,0,0,
2850,0.5,adaptive-cluster,0.01,5,0,0,5,0.7,0.7,0.7,random,0,0,Randomly placed,0.9975000000000263,0,0,0,25,45,true,0,0,25,0,0,0,0,0,0,0,0,0.20833333333333334,0,0,0,0,0,NA,0,0,0,
2849,0.5,adaptive-cluster,0.01,5,1,2,2,0.7,0.7,0.7,random,0,0,Randomly placed,0.997500000000069,0,0,0,25,45,true,0,0,25,0,0,0,0,0,0,0,0,0.20833333333333334,0,0,0,0,0,NA,0,0,0,
2855,0.5,adaptive-cluster,0.01,5,0,0,5,0.7,0.7,0.7,random,0,0,Randomly placed,0.9975000000000492,0,0,0,25,45,true,0,0,25,0,0,0,0,0,0,0,0,0.20833333333333334,0,0,0,0,0,NA,0,0,0,
2859,0.5,adaptive-cluster,0.01,5,0,0,5,0.7,0.7,0.7,random,0,0,Randomly placed,0.9975000000000314,0,0,0,25,45,true,0,0,25,0,0,0,0,0,0,0,0,0.20833333333333334,0,0,0,0,0,NA,0,0,0,
2862,0.5,adaptive-cluster,0.01,5,0,1,4,0.7,0.7,0.7,random,0,0,Randomly placed,0.9975000000000512,0,0,0,25,45,true,0,0,25,0,0,0,0,0,0,0,0,0.20833333333333334,0,0,0,0,0,NA,0,0,0,
2863,0.5,adaptive-cluster,0.01,5,1,0,4,0.7,0.7,0.7,random,0,0,Randomly placed,0.9975000000000324,0,0,0,25,45,true,0,0,25,0,0,0,0,0,0,0,0,0.20833333333333334,0,0,0,0,0,NA,0,0,0,
2861,0.5,adaptive-cluster,0.01,5,1,0,4,0.7,0.7,0.7,random,0,0,Randomly placed,0.9975000000000509,0,0,0,25,45,true,0,0,25,0,0,0,0,0,0,0,0,0.20833333333333334,0,0,0,0,0,NA,0,0,0,
2865,0.5,adaptive-cluster,0.01,5,2,0,3,0.7,0.7,0.7,random,0,0,Randomly placed,0.9975000000000416,0,0,0,25,45,true,0,0,25,0,0,0,0,0,0,0,0,0.20833333333333334,0,0,0,0,0,NA,0,0,0,
2864,0.5,adaptive-cluster,0.01,5,1,0,4,0.7,0.7,0.7,random,0,0,Randomly placed,0.9975000000000472,0,0,0,25,45,true,0,0,25,0,0,0,0,0,0,0,0,0.20833333333333334,0,0,0,0,0,NA,0,0,0,
2866,0.5,adaptive-cluster,0.01,5,0,1,4,0.7,0.7,0.7,random,0,0,Randomly placed,0.9975000000000376,0,0,0,25,45,true,0,0,25,0,0,0,0,0,0,0,0,0.20833333333333334,0,0,0,0,0,NA,0,0,0,
2870,0.5,adaptive-cluster,0.01,5,0,1,4,0.7,0.7,0.7,random,0,0,Randomly placed,0.997500000000025,0,0,0,25,45,true,0,0,25,0,0,0,0,0,0,0,0,0.20833333333333334,0,0,0,0,0,NA,0,0,0,
2869,0.5,adaptive-cluster,0.01,5,0,2,3,0.7,0.7,0.7,random,0,0,Randomly placed,0.9975000000000336,0,0,0,25,45,true,0,0,25,0,0,0,0,0,0,0,0,0.20833333333333334,0,0,0,0,0,NA,0,0,0,
2867,0.5,adaptive-cluster,0.01,5,0,0,5,0.7,0.7,0.7,random,0,0,Randomly placed,0.9975000000000565,0,0,0,25,45,true,0,0,25,0,0,0,0,0,0,0,0,0.20833333333333334,0,0,0,0,0,NA,0,0,0,
2868,0.5,adaptive-cluster,0.01,5,1,1,3,0.7,0.7,0.7,random,0,0,Randomly placed,0.9975000000000563,0,0,0,25,45,true,0,0,25,0,0,0,0,0,0,0,0,0.20833333333333334,0,0,0,0,0,NA,0,0,0,
2871,0.5,adaptive-cluster,0.01,5,1,0,4,0.7,0.7,0.7,random,0,0,Randomly placed,0.9975000000000683,0,0,0,25,45,true,0,0,25,0,0,0,0,0,0,0,0,0.20833333333333334,0,0,0,0,0,NA,0,0,0,
2872,0.5,adaptive-cluster,0.01,5,0,1,4,0.7,0.7,0.7,random,0,0,Randomly placed,0.9975000000000457,0,0,0,25,45,true,0,0,25,0,0,0,0,0,0,0,0,0.20833333333333334,0,0,0,0,0,NA,0,0,0,
2860,0.5,adaptive-cluster,0.01,5,0,2,3,0.7,0.7,0.7,random,0,0,Randomly placed,0.9975000000000391,0,0,0,25,45,true,0,0,25,0,0,0,0,0,0,0,0,0.20833333333333334,0,0,0,0,0,NA,0,0,0,
2874,0.5,adaptive-cluster,0.01,5,1,1,3,0.7,0.7,0.7,random,0,0,Randomly placed,0.9975000000000764,0,0,0,25,45,true,0,0,25,0,0,0,0,0,0,0,0,0.20833333333333334,0,0,0,0,0,NA,0,0,0,
2873,0.5,adaptive-cluster,0.01,5,3,1,1,0.7,0.7,0.7,random,0,0,Randomly placed,0.9975000000000691,0,0,0,25,45,true,0,0,25,0,0,0,0,0,0,0,0,0.20833333333333334,0,0,0,0,0,NA,0,0,0,
2875,0.5,adaptive-cluster,0.01,5,0,1,4,0.7,0.7,0.7,random,0,0,Randomly placed,0.997500000000041,0,0,0,25,45,true,0,0,25,0,0,0,0,0,0,0,0,0.20833333333333334,0,0,0,0,0,NA,0,0,0,
2876,0.5,adaptive-cluster,0.01,5,1,0,4,0.7,0.7,0.7,random,0,0,Randomly placed,0.9975000000000629,0,0,0,25,45,true,0,0,25,0,0,0,0,0,0,0,0,0.20833333333333334,0,0,0,0,0,NA,0,0,0,
2877,0.5,adaptive-cluster,0.01,5,1,1,3,0.7,0.7,0.7,random,0,0,Randomly placed,0.9975000000000493,0,0,0,25,45,true,0,0,25,0,0,0,0,0,0,0,0,0.20833333333333334,0,0,0,0,0,NA,0,0,0,
2878,0.5,adaptive-cluster,0.01,5,0,1,4,0.7,0.7,0.7,random,0,0,Randomly placed,0.9975000000000274,0,0,0,25,45,true,0,0,25,0,0,0,0,0,0,0,0,0.20833333333333334,0,0,0,0,0,NA,0,0,0,
2879,0.5,adaptive-cluster,0.01,5,0,1,4,0.7,0.7,0.7,random,0,0,Randomly placed,0.9975000000000445,0,0,0,25,45,true,0,0,25,0,0,0,0,0,0,0,0,0.20833333333333334,0,0,0,0,0,NA,0,0,0,
2881,0.5,adaptive-cluster,0.01,5,0,1,4,0.7,0.7,0.7,random,0,0,Randomly placed,0.9975000000000329,0,0,0,25,45,true,0,0,25,0,0,0,0,0,0,0,0,0.20833333333333334,0,0,0,0,0,NA,0,0,0,
2880,0.5,adaptive-cluster,0.01,5,1,1,3,0.7,0.7,0.7,random,0,0,Randomly placed,0.9975000000000512,0,0,0,25,45,true,0,0,25,0,0,0,0,0,0,0,0,0.20833333333333334,0,0,0,0,0,NA,0,0,0,
2883,0.5,adaptive-cluster,0.01,5,0,2,3,0.7,0.7,0.7,random,0,0,Randomly placed,0.997500000000056,0,0,0,25,45,true,0,0,25,0,0,0,0,0,0,0,0,0.20833333333333334,0,0,0,0,0,NA,0,0,0,
2882,0.5,adaptive-cluster,0.01,5,1,1,3,0.7,0.7,0.7,random,0,0,Randomly placed,0.9975000000000055,0,0,0,25,45,true,0,0,25,0,0,0,0,0,0,0,0,0.20833333333333334,0,0,0,0,0,NA,0,0,0,
2884,0.5,adaptive-cluster,0.01,5,0,1,4,0.7,0.7,0.7,random,0,0,Randomly placed,0.9975000000000419,0,0,0,25,45,true,0,0,29,1,0,0,1,1,0,0,1,0.24166666666666667,0,0,0,0,0,5.385164807134506,0,0.16,0.03520000000000001,
2885,0.5,adaptive-cluster,0.01,5,1,2,2,0.7,0.7,0.7,random,0,0,Randomly placed,0.9975000000000355,0,0,0,25,45,true,0,0,25,0,0,0,0,0,0,0,0,0.20833333333333334,0,0,0,0,0,NA,0,0,0,
2888,0.5,adaptive-cluster,0.01,5,1,0,4,0.7,0.7,0.7,random,0,0,Randomly placed,0.9975000000000152,0,0,0,25,45,true,0,0,25,0,0,0,0,0,0,0,0,0.20833333333333334,0,0,0,0,0,NA,0,0,0,
2886,0.5,adaptive-cluster,0.01,5,0,0,5,0.7,0.7,0.7,random,0,0,Randomly placed,0.99750000000005,0,0,0,25,45,true,0,0,25,0,0,0,0,0,0,0,0,0.20833333333333334,0,0,0,0,0,NA,0,0,0,
2890,0.5,adaptive-cluster,0.01,5,0,1,4,0.7,0.7,0.7,random,0,0,Randomly placed,0.9975000000000422,0,0,0,25,45,true,0,0,25,0,0,0,0,0,0,0,0,0.20833333333333334,0,0,0,0,0,NA,0,0,0,
2892,0.5,adaptive-cluster,0.01,5,0,2,3,0.7,0.7,0.7,random,0,0,Randomly placed,0.997500000000036,0,0,0,25,45,true,0,0,25,0,0,0,0,0,0,0,0,0.20833333333333334,0,0,0,0,0,NA,0,0,0,
2889,0.5,adaptive-cluster,0.01,5,0,2,3,0.7,0.7,0.7,random,0,0,Randomly placed,0.9975000000000518,0,0,0,25,45,true,0,0,25,0,0,0,0,0,0,0,0,0.20833333333333334,0,0,0,0,0,NA,0,0,0,
2891,0.5,adaptive-cluster,0.01,5,1,1,3,0.7,0.7,0.7,random,0,0,Randomly placed,0.9975000000000239,0,0,0,25,45,true,0,0,25,0,0,0,0,0,0,0,0,0.20833333333333334,0,0,0,0,0,NA,0,0,0,
2893,0.5,adaptive-cluster,0.01,5,1,2,2,0.7,0.7,0.7,random,0,0,Randomly placed,0.9975000000000357,0,0,0,25,45,true,0,0,25,0,0,0,0,0,0,0,0,0.20833333333333334,0,0,0,0,0,NA,0,0,0,
2887,0.5,adaptive-cluster,0.01,5,1,0,4,0.7,0.7,0.7,random,0,0,Randomly placed,0.9975000000000184,0,0,0,25,45,true,0,0,25,0,0,0,0,0,0,0,0,0.20833333333333334,0,0,0,0,0,NA,0,0,0,
2896,0.5,adaptive-cluster,0.01,5,1,0,4,0.7,0.7,0.7,random,0,0,Randomly placed,0.9975000000000435,0,0,0,25,45,true,0,0,25,0,0,0,0,0,0,0,0,0.20833333333333334,0,0,0,0,0,NA,0,0,0,
2895,0.5,adaptive-cluster,0.01,5,0,4,1,0.7,0.7,0.7,random,0,0,Randomly placed,0.9975000000000135,0,0,0,25,45,true,0,0,25,0,0,0,0,0,0,0,0,0.20833333333333334,0,0,0,0,0,NA,0,0,0,
2894,0.5,adaptive-cluster,0.01,5,0,1,4,0.7,0.7,0.7,random,0,0,Randomly placed,0.9975000000000764,0,0,0,25,45,true,0,0,25,0,0,0,0,0,0,0,0,0.20833333333333334,0,0,0,0,0,NA,0,0,0,
2897,0.5,adaptive-cluster,0.01,5,1,0,4,0.7,0.7,0.7,random,0,0,Randomly placed,0.9975000000000469,0,0,0,25,45,true,0,0,25,0,0,0,0,0,0,0,0,0.20833333333333334,0,0,0,0,0,NA,0,0,0,
2899,0.5,adaptive-cluster,0.01,5,0,0,5,0.7,0.7,0.7,random,0,0,Randomly placed,0.997500000000023,0,0,0,25,45,true,0,0,25,0,0,0,0,0,0,0,0,0.20833333333333334,0,0,0,0,0,NA,0,0,0,
2898,0.5,adaptive-cluster,0.01,5,0,0,5,0.7,0.7,0.7,random,0,0,Randomly placed,0.9975000000000306,0,0,0,25,45,true,0,0,25,0,0,0,0,0,0,0,0,0.20833333333333334,0,0,0,0,0,NA,0,0,0,
2900,0.5,adaptive-cluster,0.01,5,1,3,1,0.7,0.7,0.7,random,0,0,Randomly placed,0.9975000000000532,0,0,0,25,45,true,0,0,25,0,0,0,0,0,0,0,0,0.20833333333333334,0,0,0,0,0,NA,0,0,0,
2901,0.5,adaptive-cluster,0.1,50,4,4,42,0.7,0.7,0.7,random,0,0,Randomly placed,1.054999999999982,0,0,0,25,45,true,0,0,33,3,0,0,3,2,0,0,2,0.275,0,0,0,0,0,3.998046397929868,0,0.32,0.08746666666666662,
2906,0.5,adaptive-cluster,0.1,50,7,10,33,0.7,0.7,0.7,random,0,0,Randomly placed,1.0549999999999848,0,0,0,25,45,true,0,0,25,0,0,0,0,0,0,0,0,0.20833333333333334,0,0,0,0,0,NA,0,0,0,
2904,0.5,adaptive-cluster,0.1,50,7,7,36,0.7,0.7,0.7,random,0,0,Randomly placed,0.9749999999999832,0,0,0,25,45,true,0,0,25,2,0,0,2,0,0,0,0,0.20833333333333334,0,0,0,0,0,NA,0,0,0,
2907,0.5,adaptive-cluster,0.1,50,6,10,34,0.7,0.7,0.7,random,0,0,Randomly placed,0.9749999999999837,0,0,0,25,45,true,0,0,25,0,0,0,0,0,0,0,0,0.20833333333333334,0,0,0,0,0,NA,0,0,0,
2902,0.5,adaptive-cluster,0.1,50,10,5,35,0.7,0.7,0.7,random,0,0,Randomly placed,0.9749999999999817,0,0,0,25,45,true,0,0,33,2,0,0,2,2,0,0,2,0.275,0,0,0,0,0,3.9980463979298686,0,0.32,0.08746666666666664,
2903,0.5,adaptive-cluster,0.1,50,4,6,40,0.7,0.7,0.7,random,0,0,Randomly placed,1.0549999999999822,0,0,0,25,45,true,0,0,28,2,0,0,2,1,0,0,1,0.23333333333333334,0,0,0,0,0,5.291502622129182,0,0.16,0.03520000000000001,
2905,0.5,adaptive-cluster,0.1,50,7,5,38,0.7,0.7,0.7,random,0,0,Randomly placed,0.9749999999999821,0,0,0,25,45,true,0,0,25,0,0,0,0,0,0,0,0,0.20833333333333334,0,0,0,0,0,NA,0,0,0,
2908,0.5,adaptive-cluster,0.1,50,6,6,38,0.7,0.7,0.7,random,0,0,Randomly placed,1.0149999999999835,0,0,0,25,45,true,0,0,25,1,0,0,1,0,0,0,0,0.20833333333333334,0,0,0,0,0,NA,0,0,0,
2911,0.5,adaptive-cluster,0.1,50,4,4,42,0.7,0.7,0.7,random,0,0,Randomly placed,0.9749999999999831,0,0,0,25,45,true,0,0,33,2,1,0,1,2,1,0,1,0.275,0,0,0,0,0,3.998046397929869,0,0.32,0.08746666666666662,
2910,0.5,adaptive-cluster,0.1,50,6,5,39,0.7,0.7,0.7,random,0,0,Randomly placed,0.9749999999999817,0,0,0,25,45,true,0,0,25,0,0,0,0,0,0,0,0,0.20833333333333334,0,0,0,0,0,NA,0,0,0,
2912,0.5,adaptive-cluster,0.1,50,4,11,35,0.7,0.7,0.7,random,0,0,Randomly placed,0.9749999999999809,0,0,0,25,45,true,0,0,25,0,0,0,0,0,0,0,0,0.20833333333333334,0,0,0,0,0,NA,0,0,0,
2913,0.5,adaptive-cluster,0.1,50,6,5,39,0.7,0.7,0.7,random,0,0,Randomly placed,0.9749999999999834,0,0,0,25,45,true,0,0,29,1,0,0,1,1,0,0,1,0.24166666666666667,0,0,0,0,0,5.385164807134506,0,0.16,0.035199999999999995,
2909,0.5,adaptive-cluster,0.1,50,9,15,26,0.7,0.7,0.7,random,0,0,Randomly placed,0.9749999999999842,0,0,0,25,45,true,0,0,29,1,1,0,0,1,1,0,0,0.24166666666666667,0,0,0,0,0,5.385164807134507,0,0.16,0.0352,
2915,0.5,adaptive-cluster,0.1,50,6,9,35,0.7,0.7,0.7,random,0,0,Randomly placed,1.0149999999999826,0,0,0,25,45,true,0,0,25,0,0,0,0,0,0,0,0,0.20833333333333334,0,0,0,0,0,NA,0,0,0,
2914,0.5,adaptive-cluster,0.1,50,8,9,33,0.7,0.7,0.7,random,0,0,Randomly placed,1.0149999999999832,0,0,0,25,45,true,0,0,29,1,0,0,1,1,0,0,1,0.24166666666666667,0,0,0,0,0,5.385164807134506,0,0.16,0.03520000000000001,
2918,0.5,adaptive-cluster,0.1,50,8,4,38,0.7,0.7,0.7,random,0,0,Randomly placed,0.9749999999999838,0,0,0,25,45,true,0,0,25,0,0,0,0,0,0,0,0,0.20833333333333334,0,0,0,0,0,NA,0,0,0,
2917,0.5,adaptive-cluster,0.1,50,5,10,35,0.7,0.7,0.7,random,0,0,Randomly placed,0.974999999999985,0,0,0,25,45,true,0,0,25,0,0,0,0,0,0,0,0,0.20833333333333334,0,0,0,0,0,NA,0,0,0,
2916,0.5,adaptive-cluster,0.1,50,8,3,39,0.7,0.7,0.7,random,0,0,Randomly placed,0.9749999999999833,0,0,0,25,45,true,0,0,25,0,0,0,0,0,0,0,0,0.20833333333333334,0,0,0,0,0,NA,0,0,0,
2920,0.5,adaptive-cluster,0.1,50,3,11,36,0.7,0.7,0.7,random,0,0,Randomly placed,1.0149999999999804,0,0,0,25,45,true,0,0,25,0,0,0,0,0,0,0,0,0.20833333333333334,0,0,0,0,0,NA,0,0,0,
2919,0.5,adaptive-cluster,0.1,50,6,9,35,0.7,0.7,0.7,random,0,0,Randomly placed,0.9749999999999812,0,0,0,25,45,true,0,0,25,0,0,0,0,0,0,0,0,0.20833333333333334,0,0,0,0,0,NA,0,0,0,
2921,0.5,adaptive-cluster,0.1,50,9,6,35,0.7,0.7,0.7,random,0,0,Randomly placed,0.9749999999999825,0,0,0,25,45,true,0,0,25,0,0,0,0,0,0,0,0,0.20833333333333334,0,0,0,0,0,NA,0,0,0,
2925,0.5,adaptive-cluster,0.1,50,2,9,39,0.7,0.7,0.7,random,0,0,Randomly placed,0.9749999999999812,0,0,0,25,45,true,0,0,25,0,0,0,0,0,0,0,0,0.20833333333333334,0,0,0,0,0,NA,0,0,0,
2922,0.5,adaptive-cluster,0.1,50,4,12,34,0.7,0.7,0.7,random,0,0,Randomly placed,0.9749999999999843,0,0,0,25,45,true,0,0,32,2,0,1,1,2,0,1,1,0.26666666666666666,0,0,0,0,0,3.934955014703718,0,0.32,0.08746666666666664,
2924,0.5,adaptive-cluster,0.1,50,4,7,39,0.7,0.7,0.7,random,0,0,Randomly placed,1.0549999999999822,0,0,0,25,45,true,0,0,29,2,1,0,1,1,1,0,0,0.24166666666666667,0,0,0,0,0,5.385164807134507,0,0.16,0.0352,
2923,0.5,adaptive-cluster,0.1,50,3,10,37,0.7,0.7,0.7,random,0,0,Randomly placed,0.9749999999999832,0,0,0,25,45,true,0,0,25,1,0,0,1,0,0,0,0,0.20833333333333334,0,0,0,0,0,NA,0,0,0,
2929,0.5,adaptive-cluster,0.1,50,2,7,41,0.7,0.7,0.7,random,0,0,Randomly placed,1.0949999999999842,0,0,0,25,45,true,0,0,25,0,0,0,0,0,0,0,0,0.20833333333333334,0,0,0,0,0,NA,0,0,0,
2932,0.5,adaptive-cluster,0.1,50,6,7,37,0.7,0.7,0.7,random,0,0,Randomly placed,0.9749999999999818,0,0,0,25,45,true,0,0,29,1,0,0,1,1,0,0,1,0.24166666666666667,0,0,0,0,0,5.3851648071345055,0,0.16,0.0352,
2926,0.5,adaptive-cluster,0.1,50,6,5,39,0.7,0.7,0.7,random,0,0,Randomly placed,0.9749999999999804,0,0,0,25,45,true,0,0,25,1,0,0,1,0,0,0,0,0.20833333333333334,0,0,0,0,0,NA,0,0,0,
2927,0.5,adaptive-cluster,0.1,50,2,8,40,0.7,0.7,0.7,random,0,0,Randomly placed,0.9749999999999864,0,0,0,25,45,true,0,0,32,2,0,1,1,2,0,1,1,0.26666666666666666,0,0,0,0,0,3.934955014703718,0,0.16,0.035200000000000016,
2933,0.5,adaptive-cluster,0.1,50,3,9,38,0.7,0.7,0.7,random,0,0,Randomly placed,1.0149999999999806,0,0,0,25,45,true,0,0,25,0,0,0,0,0,0,0,0,0.20833333333333334,0,0,0,0,0,NA,0,0,0,
2931,0.5,adaptive-cluster,0.1,50,5,7,38,0.7,0.7,0.7,random,0,0,Randomly placed,0.9749999999999842,0,0,0,25,45,true,0,0,29,1,0,1,0,1,0,1,0,0.24166666666666667,0,0,0,0,0,5.3851648071345055,0,0.16,0.03520000000000002,
2934,0.5,adaptive-cluster,0.1,50,6,8,36,0.7,0.7,0.7,random,0,0,Randomly placed,0.9749999999999842,0,0,0,25,45,true,0,0,28,1,0,0,1,1,0,0,1,0.23333333333333334,0,0,0,0,0,5.291502622129184,0,0.16,0.035200000000000016,
2928,0.5,adaptive-cluster,0.1,50,1,9,40,0.7,0.7,0.7,random,0,0,Randomly placed,1.0149999999999806,0,0,0,25,45,true,0,0,29,1,0,0,1,1,0,0,1,0.24166666666666667,0,0,0,0,0,5.3851648071345055,0,0.16,0.035200000000000016,
2935,0.5,adaptive-cluster,0.1,50,0,6,44,0.7,0.7,0.7,random,0,0,Randomly placed,1.054999999999984,0,0,0,25,45,true,0,0,25,0,0,0,0,0,0,0,0,0.20833333333333334,0,0,0,0,0,NA,0,0,0,
2938,0.5,adaptive-cluster,0.1,50,5,8,37,0.7,0.7,0.7,random,0,0,Randomly placed,0.9749999999999823,0,0,0,25,45,true,0,0,29,1,0,0,1,1,0,0,1,0.24166666666666667,0,0,0,0,0,5.385164807134505,0,0.16,0.03520000000000002,
2939,0.5,adaptive-cluster,0.1,50,3,6,41,0.7,0.7,0.7,random,0,0,Randomly placed,0.9749999999999837,0,0,0,25,45,true,0,0,28,1,0,0,1,1,0,0,1,0.23333333333333334,0,0,0,0,0,5.291502622129182,0,0.16,0.03520000000000001,
2930,0.5,adaptive-cluster,0.1,50,4,7,39,0.7,0.7,0.7,random,0,0,Randomly placed,1.014999999999981,0,0,0,25,45,true,0,0,25,0,0,0,0,0,0,0,0,0.20833333333333334,0,0,0,0,0,NA,0,0,0,
2936,0.5,adaptive-cluster,0.1,50,5,4,41,0.7,0.7,0.7,random,0,0,Randomly placed,1.054999999999983,0,0,0,25,45,true,0,0,25,0,0,0,0,0,0,0,0,0.20833333333333334,0,0,0,0,0,NA,0,0,0,
2937,0.5,adaptive-cluster,0.1,50,5,5,40,0.7,0.7,0.7,random,0,0,Randomly placed,1.0549999999999815,0,0,0,25,45,true,0,0,25,0,0,0,0,0,0,0,0,0.20833333333333334,0,0,0,0,0,NA,0,0,0,
2940,0.5,adaptive-cluster,0.1,50,6,8,36,0.7,0.7,0.7,random,0,0,Randomly placed,0.974999999999984,0,0,0,25,45,true,0,0,28,1,0,0,1,1,0,0,1,0.23333333333333334,0,0,0,0,0,5.291502622129182,0,0.16,0.035200000000000016,
2942,0.5,adaptive-cluster,0.1,50,3,6,41,0.7,0.7,0.7,random,0,0,Randomly placed,1.0149999999999832,0,0,0,25,45,true,0,0,25,1,0,0,1,0,0,0,0,0.20833333333333334,0,0,0,0,0,NA,0,0,0,
2941,0.5,adaptive-cluster,0.1,50,3,7,40,0.7,0.7,0.7,random,0,0,Randomly placed,0.9749999999999805,0,0,0,25,45,true,0,0,25,0,0,0,0,0,0,0,0,0.20833333333333334,0,0,0,0,0,NA,0,0,0,
2943,0.5,adaptive-cluster,0.1,50,10,8,32,0.7,0.7,0.7,random,0,0,Randomly placed,0.9749999999999829,0,0,0,25,45,true,0,0,29,3,1,0,2,1,0,0,1,0.24166666666666667,0,0,0,0,0,5.385164807134505,0,0.16,0.03520000000000001,
2944,0.5,adaptive-cluster,0.1,50,7,6,37,0.7,0.7,0.7,random,0,0,Randomly placed,0.9749999999999829,0,0,0,25,45,true,0,0,25,0,0,0,0,0,0,0,0,0.20833333333333334,0,0,0,0,0,NA,0,0,0,
2945,0.5,adaptive-cluster,0.1,50,4,9,37,0.7,0.7,0.7,random,0,0,Randomly placed,0.9749999999999832,0,0,0,25,45,true,0,0,25,0,0,0,0,0,0,0,0,0.20833333333333334,0,0,0,0,0,NA,0,0,0,
2947,0.5,adaptive-cluster,0.1,50,5,7,38,0.7,0.7,0.7,random,0,0,Randomly placed,0.9749999999999844,0,0,0,25,45,true,0,0,25,0,0,0,0,0,0,0,0,0.20833333333333334,0,0,0,0,0,NA,0,0,0,
2949,0.5,adaptive-cluster,0.1,50,6,10,34,0.7,0.7,0.7,random,0,0,Randomly placed,0.9749999999999823,0,0,0,25,45,true,0,0,25,0,0,0,0,0,0,0,0,0.20833333333333334,0,0,0,0,0,NA,0,0,0,
2948,0.5,adaptive-cluster,0.1,50,4,10,36,0.7,0.7,0.7,random,0,0,Randomly placed,1.0149999999999821,0,0,0,25,45,true,0,0,25,0,0,0,0,0,0,0,0,0.20833333333333334,0,0,0,0,0,NA,0,0,0,
2950,0.5,adaptive-cluster,0.1,50,6,5,39,0.7,0.7,0.7,random,0,0,Randomly placed,0.974999999999982,0,0,0,25,45,true,0,0,25,0,0,0,0,0,0,0,0,0.20833333333333334,0,0,0,0,0,NA,0,0,0,
2951,0.5,adaptive-cluster,0.1,50,1,8,41,0.7,0.7,0.7,random,0,0,Randomly placed,0.9749999999999822,0,0,0,25,45,true,0,0,28,1,0,0,1,1,0,0,1,0.23333333333333334,0,0,0,0,0,5.291502622129182,0,0.16,0.035200000000000016,
2946,0.5,adaptive-cluster,0.1,50,8,4,38,0.7,0.7,0.7,random,0,0,Randomly placed,1.0149999999999826,0,0,0,25,45,true,0,0,25,0,0,0,0,0,0,0,0,0.20833333333333334,0,0,0,0,0,NA,0,0,0,
2955,0.5,adaptive-cluster,0.1,50,1,7,42,0.7,0.7,0.7,random,0,0,Randomly placed,0.9749999999999831,0,0,0,25,45,true,0,0,25,0,0,0,0,0,0,0,0,0.20833333333333334,0,0,0,0,0,NA,0,0,0,
2954,0.5,adaptive-cluster,0.1,50,9,5,36,0.7,0.7,0.7,random,0,0,Randomly placed,1.054999999999981,0,0,0,25,45,true,0,0,28,2,1,0,1,1,0,0,1,0.23333333333333334,0,0,0,0,0,5.291502622129182,0,0.16,0.03520000000000001,
2953,0.5,adaptive-cluster,0.1,50,8,7,35,0.7,0.7,0.7,random,0,0,Randomly placed,1.0149999999999857,0,0,0,25,45,true,0,0,25,0,0,0,0,0,0,0,0,0.20833333333333334,0,0,0,0,0,NA,0,0,0,
2957,0.5,adaptive-cluster,0.1,50,5,6,39,0.7,0.7,0.7,random,0,0,Randomly placed,0.9749999999999834,0,0,0,25,45,true,0,0,25,0,0,0,0,0,0,0,0,0.20833333333333334,0,0,0,0,0,NA,0,0,0,
2958,0.5,adaptive-cluster,0.1,50,7,9,34,0.7,0.7,0.7,random,0,0,Randomly placed,0.9749999999999832,0,0,0,25,45,true,0,0,25,0,0,0,0,0,0,0,0,0.20833333333333334,0,0,0,0,0,NA,0,0,0,
2961,0.5,adaptive-cluster,0.1,50,4,7,39,0.7,0.7,0.7,random,0,0,Randomly placed,0.9749999999999829,0,0,0,25,45,true,0,0,25,0,0,0,0,0,0,0,0,0.20833333333333334,0,0,0,0,0,NA,0,0,0,
2956,0.5,adaptive-cluster,0.1,50,6,16,28,0.7,0.7,0.7,random,0,0,Randomly placed,1.0149999999999844,0,0,0,25,45,true,0,0,29,1,0,1,0,1,0,1,0,0.24166666666666667,0,0,0,0,0,5.385164807134506,0,0.16,0.03520000000000002,
2959,0.5,adaptive-cluster,0.1,50,6,7,37,0.7,0.7,0.7,random,0,0,Randomly placed,0.9749999999999842,0,0,0,25,45,true,0,0,25,0,0,0,0,0,0,0,0,0.20833333333333334,0,0,0,0,0,NA,0,0,0,
2960,0.5,adaptive-cluster,0.1,50,5,7,38,0.7,0.7,0.7,random,0,0,Randomly placed,0.9749999999999809,0,0,0,25,45,true,0,0,29,2,0,1,1,1,0,0,1,0.24166666666666667,0,0,0,0,0,5.385164807134505,0,0.16,0.035200000000000016,
2952,0.5,adaptive-cluster,0.1,50,7,13,30,0.7,0.7,0.7,random,0,0,Randomly placed,0.9749999999999834,0,0,0,25,45,true,0,0,25,0,0,0,0,0,0,0,0,0.20833333333333334,0,0,0,0,0,NA,0,0,0,
2964,0.5,adaptive-cluster,0.1,50,1,14,35,0.7,0.7,0.7,random,0,0,Randomly placed,0.9749999999999829,0,0,0,25,45,true,0,0,25,0,0,0,0,0,0,0,0,0.20833333333333334,0,0,0,0,0,NA,0,0,0,
2965,0.5,adaptive-cluster,0.1,50,3,4,43,0.7,0.7,0.7,random,0,0,Randomly placed,0.9749999999999817,0,0,0,25,45,true,0,0,25,0,0,0,0,0,0,0,0,0.20833333333333334,0,0,0,0,0,NA,0,0,0,
2966,0.5,adaptive-cluster,0.1,50,3,11,36,0.7,0.7,0.7,random,0,0,Randomly placed,1.0549999999999826,0,0,0,25,45,true,0,0,29,2,0,1,1,1,0,0,1,0.24166666666666667,0,0,0,0,0,5.385164807134506,0,0.16,0.03520000000000001,
2962,0.5,adaptive-cluster,0.1,50,6,8,36,0.7,0.7,0.7,random,0,0,Randomly placed,0.9749999999999803,0,0,0,25,45,true,0,0,25,0,0,0,0,0,0,0,0,0.20833333333333334,0,0,0,0,0,NA,0,0,0,
2969,0.5,adaptive-cluster,0.1,50,8,6,36,0.7,0.7,0.7,random,0,0,Randomly placed,1.0549999999999804,0,0,0,25,45,true,0,0,25,0,0,0,0,0,0,0,0,0.20833333333333334,0,0,0,0,0,NA,0,0,0,
2971,0.5,adaptive-cluster,0.1,50,11,11,28,0.7,0.7,0.7,random,0,0,Randomly placed,0.9749999999999834,0,0,0,25,45,true,0,0,35,3,2,0,1,3,2,0,1,0.2916666666666667,0,0,0,0,0,3.313667478318056,0,0.32,0.08746666666666665,
2968,0.5,adaptive-cluster,0.1,50,6,5,39,0.7,0.7,0.7,random,0,0,Randomly placed,0.9749999999999805,0,0,0,25,45,true,0,0,29,1,0,0,1,1,0,0,1,0.24166666666666667,0,0,0,0,0,5.385164807134506,0,0.16,0.03520000000000002,
2967,0.5,adaptive-cluster,0.1,50,3,10,37,0.7,0.7,0.7,random,0,0,Randomly placed,1.0149999999999821,0,0,0,25,45,true,0,0,25,0,0,0,0,0,0,0,0,0.20833333333333334,0,0,0,0,0,NA,0,0,0,
2970,0.5,adaptive-cluster,0.1,50,5,7,38,0.7,0.7,0.7,random,0,0,Randomly placed,0.9749999999999864,0,0,0,25,45,true,0,0,25,0,0,0,0,0,0,0,0,0.20833333333333334,0,0,0,0,0,NA,0,0,0,
2973,0.5,adaptive-cluster,0.1,50,8,6,36,0.7,0.7,0.7,random,0,0,Randomly placed,0.9749999999999801,0,0,0,25,45,true,0,0,25,0,0,0,0,0,0,0,0,0.20833333333333334,0,0,0,0,0,NA,0,0,0,
2963,0.5,adaptive-cluster,0.1,50,6,5,39,0.7,0.7,0.7,random,0,0,Randomly placed,0.974999999999985,0,0,0,25,45,true,0,0,25,0,0,0,0,0,0,0,0,0.20833333333333334,0,0,0,0,0,NA,0,0,0,
2974,0.5,adaptive-cluster,0.1,50,3,9,38,0.7,0.7,0.7,random,0,0,Randomly placed,1.0149999999999837,0,0,0,25,45,true,0,0,29,1,0,0,1,1,0,0,1,0.24166666666666667,0,0,0,0,0,5.385164807134505,0,0.16,0.035200000000000016,
2975,0.5,adaptive-cluster,0.1,50,3,8,39,0.7,0.7,0.7,random,0,0,Randomly placed,1.0549999999999817,0,0,0,25,45,true,0,0,25,0,0,0,0,0,0,0,0,0.20833333333333334,0,0,0,0,0,NA,0,0,0,
2976,0.5,adaptive-cluster,0.1,50,2,10,38,0.7,0.7,0.7,random,0,0,Randomly placed,1.0149999999999835,0,0,0,25,45,true,0,0,29,1,0,0,1,1,0,0,1,0.24166666666666667,0,0,0,0,0,5.385164807134506,0,0.16,0.035200000000000016,
2972,0.5,adaptive-cluster,0.1,50,8,11,31,0.7,0.7,0.7,random,0,0,Randomly placed,1.0949999999999833,0,0,0,25,45,true,0,0,25,0,0,0,0,0,0,0,0,0.20833333333333334,0,0,0,0,0,NA,0,0,0,
2978,0.5,adaptive-cluster,0.1,50,6,6,38,0.7,0.7,0.7,random,0,0,Randomly placed,0.9749999999999834,0,0,0,25,45,true,0,0,25,0,0,0,0,0,0,0,0,0.20833333333333334,0,0,0,0,0,NA,0,0,0,
2980,0.5,adaptive-cluster,0.1,50,1,5,44,0.7,0.7,0.7,random,0,0,Randomly placed,1.0149999999999826,0,0,0,25,45,true,0,0,25,0,0,0,0,0,0,0,0,0.20833333333333334,0,0,0,0,0,NA,0,0,0,
2979,0.5,adaptive-cluster,0.1,50,3,7,40,0.7,0.7,0.7,random,0,0,Randomly placed,0.9749999999999832,0,0,0,25,45,true,0,0,25,0,0,0,0,0,0,0,0,0.20833333333333334,0,0,0,0,0,NA,0,0,0,
2981,0.5,adaptive-cluster,0.1,50,8,8,34,0.7,0.7,0.7,random,0,0,Randomly placed,1.014999999999983,0,0,0,25,45,true,0,0,25,0,0,0,0,0,0,0,0,0.20833333333333334,0,0,0,0,0,NA,0,0,0,
2977,0.5,adaptive-cluster,0.1,50,6,13,31,0.7,0.7,0.7,random,0,0,Randomly placed,1.0149999999999826,0,0,0,25,45,true,0,0,25,0,0,0,0,0,0,0,0,0.20833333333333334,0,0,0,0,0,NA,0,0,0,
2983,0.5,adaptive-cluster,0.1,50,5,5,40,0.7,0.7,0.7,random,0,0,Randomly placed,0.9749999999999822,0,0,0,25,45,true,0,0,29,1,0,1,0,1,0,1,0,0.24166666666666667,0,0,0,0,0,5.385164807134506,0,0.16,0.035200000000000016,
2982,0.5,adaptive-cluster,0.1,50,6,5,39,0.7,0.7,0.7,random,0,0,Randomly placed,0.9749999999999837,0,0,0,25,45,true,0,0,25,1,0,0,1,0,0,0,0,0.20833333333333334,0,0,0,0,0,NA,0,0,0,
2986,0.5,adaptive-cluster,0.1,50,2,6,42,0.7,0.7,0.7,random,0,0,Randomly placed,0.9749999999999834,0,0,0,25,45,true,0,0,32,2,0,0,2,2,0,0,2,0.26666666666666666,0,0,0,0,0,3.934955014703718,0,0.32,0.08746666666666665,
2985,0.5,adaptive-cluster,0.1,50,6,5,39,0.7,0.7,0.7,random,0,0,Randomly placed,1.0549999999999824,0,0,0,25,45,true,0,0,32,2,0,0,2,2,0,0,2,0.26666666666666666,0,0,0,0,0,3.934955014703718,0,0.16,0.03520000000000002,
2987,0.5,adaptive-cluster,0.1,50,6,8,36,0.7,0.7,0.7,random,0,0,Randomly placed,0.9749999999999815,0,0,0,25,45,true,0,0,25,0,0,0,0,0,0,0,0,0.20833333333333334,0,0,0,0,0,NA,0,0,0,
2989,0.5,adaptive-cluster,0.1,50,3,5,42,0.7,0.7,0.7,random,0,0,Randomly placed,1.054999999999979,0,0,0,25,45,true,0,0,25,0,0,0,0,0,0,0,0,0.20833333333333334,0,0,0,0,0,NA,0,0,0,
2990,0.5,adaptive-cluster,0.1,50,5,7,38,0.7,0.7,0.7,random,0,0,Randomly placed,1.0549999999999857,0,0,0,25,45,true,0,0,25,1,0,0,1,0,0,0,0,0.20833333333333334,0,0,0,0,0,NA,0,0,0,
2996,0.5,adaptive-cluster,0.1,50,2,7,41,0.7,0.7,0.7,random,0,0,Randomly placed,0.9749999999999825,0,0,0,25,45,true,0,0,29,3,0,0,3,1,0,0,1,0.24166666666666667,0,0,0,0,0,5.3851648071345055,0,0.16,0.035200000000000016,
2988,0.5,adaptive-cluster,0.1,50,4,12,34,0.7,0.7,0.7,random,0,0,Randomly placed,0.9749999999999821,0,0,0,25,45,true,0,0,25,0,0,0,0,0,0,0,0,0.20833333333333334,0,0,0,0,0,NA,0,0,0,
2984,0.5,adaptive-cluster,0.1,50,4,9,37,0.7,0.7,0.7,random,0,0,Randomly placed,0.974999999999985,0,0,0,25,45,true,0,0,25,0,0,0,0,0,0,0,0,0.20833333333333334,0,0,0,0,0,NA,0,0,0,
2991,0.5,adaptive-cluster,0.1,50,6,7,37,0.7,0.7,0.7,random,0,0,Randomly placed,1.0149999999999832,0,0,0,25,45,true,0,0,29,1,0,0,1,1,0,0,1,0.24166666666666667,0,0,0,0,0,5.385164807134508,0,0.16,0.035200000000000016,
2999,0.5,adaptive-cluster,0.1,50,5,8,37,0.7,0.7,0.7,random,0,0,Randomly placed,0.9749999999999851,0,0,0,25,45,true,0,0,32,2,0,0,2,2,0,0,2,0.26666666666666666,0,0,0,0,0,3.934955014703718,0,0.32,0.08746666666666664,
2994,0.5,adaptive-cluster,0.1,50,4,10,36,0.7,0.7,0.7,random,0,0,Randomly placed,1.0149999999999835,0,0,0,25,45,true,0,0,25,0,0,0,0,0,0,0,0,0.20833333333333334,0,0,0,0,0,NA,0,0,0,
2995,0.5,adaptive-cluster,0.1,50,2,7,41,0.7,0.7,0.7,random,0,0,Randomly placed,1.0549999999999804,0,0,0,25,45,true,0,0,25,0,0,0,0,0,0,0,0,0.20833333333333334,0,0,0,0,0,NA,0,0,0,
3000,0.5,adaptive-cluster,0.1,50,6,8,36,0.7,0.7,0.7,random,0,0,Randomly placed,0.9749999999999822,0,0,0,25,45,true,0,0,25,1,0,0,1,0,0,0,0,0.20833333333333334,0,0,0,0,0,NA,0,0,0,
2998,0.5,adaptive-cluster,0.1,50,6,7,37,0.7,0.7,0.7,random,0,0,Randomly placed,1.0149999999999844,0,0,0,25,45,true,0,0,25,0,0,0,0,0,0,0,0,0.20833333333333334,0,0,0,0,0,NA,0,0,0,
3001,0.5,adaptive-cluster,1,500,62,68,370,0.7,0.7,0.7,random,0,0,Randomly placed,1.006,0,0,0,25,45,true,0,0,45,7,0,1,6,6,0,1,5,0.375,0,0,0,0,0,2.578318691071233,0,0.64,0.24320000000000006,
2997,0.5,adaptive-cluster,0.1,50,5,12,33,0.7,0.7,0.7,random,0,0,Randomly placed,1.054999999999982,0,0,0,25,45,true,0,0,25,0,0,0,0,0,0,0,0,0.20833333333333334,0,0,0,0,0,NA,0,0,0,
3003,0.5,adaptive-cluster,1,500,44,66,390,0.7,0.7,0.7,random,0,0,Randomly placed,1.006,0,0,0,25,45,true,0,0,45,11,0,2,9,8,0,0,8,0.375,0,0,0,0,0,2.4836110532119084,0,0.72,0.3127999999999999,
3004,0.5,adaptive-cluster,1,500,47,88,365,0.7,0.7,0.7,random,0,0,Randomly placed,1.014,0,0,0,25,45,true,0,0,45,15,2,4,9,12,2,4,6,0.375,0,0,0,0,0,2.022599587389727,0,1.16,0.7035333333333336,
2993,0.5,adaptive-cluster,0.1,50,4,4,42,0.7,0.7,0.7,random,0,0,Randomly placed,0.9749999999999832,0,0,0,25,45,true,0,0,25,0,0,0,0,0,0,0,0,0.20833333333333334,0,0,0,0,0,NA,0,0,0,
3002,0.5,adaptive-cluster,1,500,42,73,385,0.7,0.7,0.7,random,0,0,Randomly placed,0.978,0,0,0,25,45,true,0,0,45,18,2,5,11,13,2,4,7,0.375,0,0,0,0,0,2.1670424909566535,0,1.36,0.9565333333333333,
3005,0.5,adaptive-cluster,1,500,46,70,384,0.7,0.7,0.7,random,0,0,Randomly placed,0.974,0,0,0,25,45,true,0,0,45,9,1,0,8,8,1,0,7,0.375,0,0,0,0,0,2.1748824419640793,0,0.64,0.24320000000000006,
3006,0.5,adaptive-cluster,1,500,40,78,382,0.7,0.7,0.7,random,0,0,Randomly placed,0.998,0,0,0,25,45,true,0,0,43,8,1,1,6,5,0,1,4,0.35833333333333334,0,0,0,0,0,2.7894358535288775,0,0.48,0.15680000000000008,
2992,0.5,adaptive-cluster,0.1,50,5,7,38,0.7,0.7,0.7,random,0,0,Randomly placed,1.0149999999999808,0,0,0,25,45,true,0,0,29,1,0,0,1,1,0,0,1,0.24166666666666667,0,0,0,0,0,5.385164807134506,0,0.16,0.03520000000000002,
3007,0.5,adaptive-cluster,1,500,52,69,379,0.7,0.7,0.7,random,0,0,Randomly placed,1.046,0,0,0,25,45,true,0,0,45,15,3,0,12,11,3,0,8,0.375,0,0,0,0,0,1.7779642923279948,0,0.96,0.4672,
3009,0.5,adaptive-cluster,1,500,55,83,362,0.7,0.7,0.7,random,0,0,Randomly placed,1.002,0,0,0,25,45,true,0,0,45,12,2,4,6,9,2,2,5,0.375,0,0,0,0,0,2.2863229709016895,0,1.0133333333333332,0.523022222222222,
3013,0.5,adaptive-cluster,1,500,55,59,386,0.7,0.7,0.7,random,0,0,Randomly placed,0.998,0,0,0,25,45,true,0,0,45,14,1,5,8,9,1,2,6,0.375,0,0,0,0,0,2.286322970901689,0,0.72,0.3127999999999999,
3011,0.5,adaptive-cluster,1,500,57,57,386,0.7,0.7,0.7,random,0,0,Randomly placed,0.986,0,0,0,25,45,true,0,0,45,15,2,2,11,11,2,1,8,0.375,0,0,0,0,0,1.9803694758065318,0,1.36,0.8632,
3012,0.5,adaptive-cluster,1,500,46,67,387,0.7,0.7,0.7,random,0,0,Randomly placed,0.97,0,0,0,25,45,true,0,0,45,9,1,2,6,7,1,2,4,0.375,0,0,0,0,0,2.3562572126039325,0,0.64,0.24320000000000006,
3015,0.5,adaptive-cluster,1,500,57,79,364,0.7,0.7,0.7,random,0,0,Randomly placed,0.978,0,0,0,25,45,true,0,0,45,8,0,2,6,6,0,2,4,0.375,0,0,0,0,0,2.578318691071233,0,0.8,0.3466666666666669,
3010,0.5,adaptive-cluster,1,500,53,74,373,0.7,0.7,0.7,random,0,0,Randomly placed,0.998,0,0,0,25,45,true,0,0,45,8,1,2,5,7,1,2,4,0.375,0,0,0,0,0,2.356257212603934,0,0.8,0.3466666666666669,
3014,0.5,adaptive-cluster,1,500,51,64,385,0.7,0.7,0.7,random,0,0,Randomly placed,0.962,0,0,0,25,45,true,0,0,45,12,2,0,10,8,2,0,6,0.375,0,0,0,0,0,2.4836110532119067,0,0.8,0.4000000000000002,
3019,0.5,adaptive-cluster,1,500,31,68,401,0.7,0.7,0.7,random,0,0,Randomly placed,0.986,0,0,0,25,45,true,0,0,45,17,1,1,15,15,1,1,13,0.375,0,0,0,0,0,1.5666989036012802,0,0.9920000000000001,0.4997546666666668,
3017,0.5,adaptive-cluster,1,500,32,81,387,0.7,0.7,0.7,random,0,0,Randomly placed,1.058,0,0,0,25,45,true,0,0,41,7,0,2,5,5,0,2,3,0.3416666666666667,0,0,0,0,0,2.716615541441224,0,0.48,0.15680000000000008,
3016,0.5,adaptive-cluster,1,500,61,77,362,0.7,0.7,0.7,random,0,0,Randomly placed,1.002,0,0,0,25,45,true,0,0,45,17,1,2,14,12,1,1,10,0.375,0,0,0,0,0,1.8578763536507334,0,1.2,0.7000000000000002,
3008,0.5,adaptive-cluster,1,500,68,78,354,0.7,0.7,0.7,random,0,0,Randomly placed,1.03,0,0,0,25,45,true,0,0,45,12,2,2,8,7,2,1,4,0.375,0,0,0,0,0,2.356257212603933,0,0.8,0.3466666666666668,
3020,0.5,adaptive-cluster,1,500,49,79,372,0.7,0.7,0.7,random,0,0,Randomly placed,1.03,0,0,0,25,45,true,0,0,36,8,1,1,6,3,0,1,2,0.3,0,0,0,0,0,3.363671463488329,0,0.32,0.08746666666666662,
3021,0.5,adaptive-cluster,1,500,43,70,387,0.7,0.7,0.7,random,0,0,Randomly placed,0.99,0,0,0,25,45,true,0,0,45,11,1,1,9,6,1,1,4,0.375,0,0,0,0,0,2.578318691071233,0,0.64,0.24320000000000006,
3022,0.5,adaptive-cluster,1,500,49,87,364,0.7,0.7,0.7,random,0,0,Randomly placed,1.01,0,0,0,25,45,true,0,0,45,15,1,4,10,12,1,3,8,0.375,0,0,0,0,0,1.8578763536507337,0,1.0133333333333332,0.523022222222222,
3018,0.5,adaptive-cluster,1,500,42,78,380,0.7,0.7,0.7,random,0,0,Randomly placed,1.01,0,0,0,25,45,true,0,0,45,10,0,0,10,8,0,0,8,0.375,0,0,0,0,0,2.4836110532119084,0,0.68,0.27580000000000005,
3023,0.5,adaptive-cluster,1,500,39,72,389,0.7,0.7,0.7,random,0,0,Randomly placed,1.03,0,0,0,25,45,true,0,0,41,7,0,0,7,6,0,0,6,0.3416666666666667,0,0,0,0,0,2.883381502487815,0,0.5333333333333333,0.1955555555555556,
3026,0.5,adaptive-cluster,1,500,44,74,382,0.7,0.7,0.7,random,0,0,Randomly placed,0.998,0,0,0,25,45,true,0,0,45,13,2,4,7,9,2,3,4,0.375,0,0,0,0,0,2.5226248955475636,0,0.8533333333333333,0.45013333333333316,
3024,0.5,adaptive-cluster,1,500,50,71,379,0.7,0.7,0.7,random,0,0,Randomly placed,1.01,0,0,0,25,45,true,0,0,45,11,1,0,10,8,1,0,7,0.375,0,0,0,0,0,2.1748824419640793,0,0.96,0.4672,
3025,0.5,adaptive-cluster,1,500,66,68,366,0.7,0.7,0.7,random,0,0,Randomly placed,1.03,0,0,0,25,45,true,0,0,45,13,3,3,7,7,3,2,2,0.375,0,0,0,0,0,2.725880906448595,0,0.8,0.4000000000000002,
3027,0.5,adaptive-cluster,1,500,48,82,370,0.7,0.7,0.7,random,0,0,Randomly placed,0.998,0,0,0,25,45,true,0,0,35,4,0,2,2,3,0,2,1,0.2916666666666667,0,0,0,0,0,3.313667478318057,0,0.16,0.0352,
3029,0.5,adaptive-cluster,1,500,52,68,380,0.7,0.7,0.7,random,0,0,Randomly placed,1.002,0,0,0,25,45,true,0,0,45,11,0,1,10,8,0,0,8,0.375,0,0,0,0,0,2.483611053211907,0,0.8,0.4000000000000002,
3031,0.5,adaptive-cluster,1,500,56,69,375,0.7,0.7,0.7,random,0,0,Randomly placed,1.002,0,0,0,25,45,true,0,0,45,10,2,1,7,9,2,1,6,0.375,0,0,0,0,0,2.522624895547564,0,1.2,0.7533333333333335,
3028,0.5,adaptive-cluster,1,500,48,72,380,0.7,0.7,0.7,random,0,0,Randomly placed,1.026,0,0,0,25,45,true,0,0,45,13,2,4,7,11,1,4,6,0.375,0,0,0,0,0,1.9803694758065322,0,0.8533333333333333,0.3967999999999998,
3032,0.5,adaptive-cluster,1,500,63,72,365,0.7,0.7,0.7,random,0,0,Randomly placed,1.026,0,0,0,25,45,true,0,0,43,8,0,3,5,6,0,2,4,0.35833333333333334,0,0,0,0,0,2.5126663255378854,0,0.48,0.15680000000000008,
3030,0.5,adaptive-cluster,1,500,57,64,379,0.7,0.7,0.7,random,0,0,Randomly placed,0.986,0,0,0,25,45,true,0,0,45,20,1,3,16,14,1,2,11,0.375,0,0,0,0,0,1.653550741785273,0,1.3119999999999998,0.7988479999999996,
3034,0.5,adaptive-cluster,1,500,40,82,378,0.7,0.7,0.7,random,0,0,Randomly placed,1.022,0,0,0,25,45,true,0,0,45,14,0,3,11,10,0,2,8,0.375,0,0,0,0,0,2.1213203435596433,0,1.04,0.5538666666666668,
3035,0.5,adaptive-cluster,1,500,44,69,387,0.7,0.7,0.7,random,0,0,Randomly placed,1.018,0,0,0,25,45,true,0,0,36,6,1,0,5,3,1,0,2,0.3,0,0,0,0,0,3.3636714634883282,0,0.32,0.08746666666666664,
3036,0.5,adaptive-cluster,1,500,54,63,383,0.7,0.7,0.7,random,0,0,Randomly placed,1.082,0,0,0,25,45,true,0,0,41,11,3,0,8,7,1,0,6,0.3416666666666667,0,0,0,0,0,2.899859250630863,0,0.48,0.2101333333333335,
3033,0.5,adaptive-cluster,1,500,54,78,368,0.7,0.7,0.7,random,0,0,Randomly placed,1.05,0,0,0,25,45,true,0,0,45,14,2,3,9,8,0,3,5,0.375,0,0,0,0,0,2.1748824419640793,0,0.64,0.24320000000000006,
3040,0.5,adaptive-cluster,1,500,65,85,350,0.7,0.7,0.7,random,0,0,Randomly placed,1.09,0,0,0,25,45,true,0,0,45,16,5,3,8,11,3,2,6,0.375,0,0,0,0,0,2.163924558901971,0,0.84,0.4368666666666667,
3038,0.5,adaptive-cluster,1,500,43,55,402,0.7,0.7,0.7,random,0,0,Randomly placed,1.002,0,0,0,25,45,true,0,0,38,9,2,2,5,5,0,1,4,0.31666666666666665,0,0,0,0,0,2.6035319046207914,0,0.16,0.03520000000000002,
3039,0.5,adaptive-cluster,1,500,42,68,390,0.7,0.7,0.7,random,0,0,Randomly placed,1.038,0,0,0,25,45,true,0,0,45,13,2,1,10,10,2,1,7,0.375,0,0,0,0,0,2.1213203435596433,0,1.04,0.5538666666666668,
3041,0.5,adaptive-cluster,1,500,46,76,378,0.7,0.7,0.7,random,0,0,Randomly placed,1.046,0,0,0,25,45,true,0,0,40,6,1,1,4,5,1,1,3,0.3333333333333333,0,0,0,0,0,3.2344301602505596,0,0.64,0.29653333333333337,
3037,0.5,adaptive-cluster,1,500,43,67,390,0.7,0.7,0.7,random,0,0,Randomly placed,0.954,0,0,0,25,45,true,0,0,43,6,0,0,6,5,0,0,5,0.35833333333333334,0,0,0,0,0,2.7894358535288792,0,0.8,0.3466666666666669,
3042,0.5,adaptive-cluster,1,500,50,75,375,0.7,0.7,0.7,random,0,0,Randomly placed,1.002,0,0,0,25,45,true,0,0,45,9,0,1,8,9,0,1,8,0.375,0,0,0,0,0,2.2863229709016895,0,0.8533333333333333,0.3967999999999999,
3046,0.5,adaptive-cluster,1,500,56,71,373,0.7,0.7,0.7,random,0,0,Randomly placed,0.99,0,0,0,25,45,true,0,0,42,9,2,2,5,5,2,1,2,0.35,0,0,0,0,0,2.7532685675171704,0,0.8,0.34666666666666685,
3044,0.5,adaptive-cluster,1,500,48,75,377,0.7,0.7,0.7,random,0,0,Randomly placed,0.982,0,0,0,25,45,true,0,0,45,11,1,4,6,8,1,2,5,0.375,0,0,0,0,0,2.1748824419640793,0,0.64,0.24320000000000006,
3043,0.5,adaptive-cluster,1,500,54,70,376,0.7,0.7,0.7,random,0,0,Randomly placed,0.966,0,0,0,25,45,true,0,0,45,14,0,1,13,9,0,1,8,0.375,0,0,0,0,0,2.0225995873897262,0,0.8,0.3466666666666669,
3045,0.5,adaptive-cluster,1,500,51,76,373,0.7,0.7,0.7,random,0,0,Randomly placed,1.006,0,0,0,25,45,true,0,0,45,8,1,5,2,6,1,3,2,0.375,0,0,0,0,0,2.578318691071233,0,0.48,0.15680000000000008,
3047,0.5,adaptive-cluster,1,500,46,84,370,0.7,0.7,0.7,random,0,0,Randomly placed,0.974,0,0,0,25,45,true,0,0,45,13,2,3,8,9,1,2,6,0.375,0,0,0,0,0,2.2863229709016886,0,0.52,0.18513333333333343,
3050,0.5,adaptive-cluster,1,500,54,68,378,0.7,0.7,0.7,random,0,0,Randomly placed,1.034,0,0,0,25,45,true,0,0,37,10,0,0,10,6,0,0,6,0.30833333333333335,0,0,0,0,0,3.412938345201704,0,0.42666666666666675,0.1614222222222223,
3048,0.5,adaptive-cluster,1,500,56,84,360,0.7,0.7,0.7,random,0,0,Randomly placed,1.026,0,0,0,25,45,true,0,0,45,16,1,2,13,12,1,1,10,0.375,0,0,0,0,0,2.0225995873897267,0,1.2,0.7533333333333335,
3049,0.5,adaptive-cluster,1,500,56,80,364,0.7,0.7,0.7,random,0,0,Randomly placed,0.986,0,0,0,25,45,true,0,0,43,8,2,2,4,5,1,1,3,0.35833333333333334,0,0,0,0,0,2.7894358535288784,0,0.48,0.15680000000000008,
3053,0.5,adaptive-cluster,1,500,48,72,380,0.7,0.7,0.7,random,0,0,Randomly placed,0.974,0,0,0,25,45,true,0,0,45,11,0,4,7,9,0,3,6,0.375,0,0,0,0,0,2.0225995873897262,0,0.64,0.24320000000000006,
3051,0.5,adaptive-cluster,1,500,51,64,385,0.7,0.7,0.7,random,0,0,Randomly placed,1.034,0,0,0,25,45,true,0,0,45,13,0,2,11,9,0,1,8,0.375,0,0,0,0,0,2.0225995873897267,0,0.8,0.34666666666666685,
3052,0.5,adaptive-cluster,1,500,43,80,377,0.7,0.7,0.7,random,0,0,Randomly placed,1.014,0,0,0,25,45,true,0,0,39,9,2,2,5,4,1,1,2,0.325,0,0,0,0,0,2.9967087208960996,0,0.64,0.24320000000000006,
3054,0.5,adaptive-cluster,1,500,56,75,369,0.7,0.7,0.7,random,0,0,Randomly placed,1.002,0,0,0,25,45,true,0,0,45,9,0,2,7,8,0,2,6,0.375,0,0,0,0,0,2.1748824419640793,0,0.96,0.4672,
3057,0.5,adaptive-cluster,1,500,59,77,364,0.7,0.7,0.7,random,0,0,Randomly placed,0.986,0,0,0,25,45,true,0,0,45,17,3,1,13,14,3,1,10,0.375,0,0,0,0,0,1.5048622493804507,0,1.76,1.3258666666666663,
3055,0.5,adaptive-cluster,1,500,47,74,379,0.7,0.7,0.7,random,0,0,Randomly placed,0.994,0,0,0,25,45,true,0,0,39,9,1,2,6,6,0,2,4,0.325,0,0,0,0,0,2.8050705967286422,0,0.48,0.2101333333333335,
3056,0.5,adaptive-cluster,1,500,44,81,375,0.7,0.7,0.7,random,0,0,Randomly placed,1.014,0,0,0,25,45,true,0,0,45,12,1,1,10,8,1,0,7,0.375,0,0,0,0,0,2.4836110532119076,0,0.5333333333333333,0.1955555555555556,
3059,0.5,adaptive-cluster,1,500,41,63,396,0.7,0.7,0.7,random,0,0,Randomly placed,0.966,0,0,0,25,45,true,0,0,45,13,0,2,11,8,0,1,7,0.375,0,0,0,0,0,2.483611053211908,0,0.88,0.42480000000000007,
3058,0.5,adaptive-cluster,1,500,52,75,373,0.7,0.7,0.7,random,0,0,Randomly placed,0.962,0,0,0,25,45,true,0,0,45,17,1,2,14,16,1,2,13,0.375,0,0,0,0,0,1.7124108304588381,0,1.4000000000000001,0.9683333333333336,
3062,0.5,adaptive-cluster,1,500,42,74,384,0.7,0.7,0.7,random,0,0,Randomly placed,1.034,0,0,0,25,45,true,0,0,29,6,0,1,5,1,0,1,0,0.24166666666666667,0,0,0,0,0,5.385164807134505,0,0.16,0.03520000000000002,
3063,0.5,adaptive-cluster,1,500,39,75,386,0.7,0.7,0.7,random,0,0,Randomly placed,0.938,0,0,0,25,45,true,0,0,45,13,1,1,11,11,1,1,9,0.375,0,0,0,0,0,2.1639245589019707,0,1.04,0.6072000000000003,
3061,0.5,adaptive-cluster,1,500,52,84,364,0.7,0.7,0.7,random,0,0,Randomly placed,1.01,0,0,0,25,45,true,0,0,45,9,2,2,5,8,2,2,4,0.375,0,0,0,0,0,2.757994577751936,0,0.88,0.47813333333333335,
3060,0.5,adaptive-cluster,1,500,60,66,374,0.7,0.7,0.7,random,0,0,Randomly placed,1.018,0,0,0,25,45,true,0,0,45,14,1,4,9,9,0,2,7,0.375,0,0,0,0,0,2.2863229709016895,0,1.28,0.8128000000000002,
3064,0.5,adaptive-cluster,1,500,47,70,383,0.7,0.7,0.7,random,0,0,Randomly placed,1.042,0,0,0,25,45,true,0,0,45,9,2,0,7,8,1,0,7,0.375,0,0,0,0,0,2.7579945777519375,0,0.56,0.21786666666666674,
3067,0.5,adaptive-cluster,1,500,48,70,382,0.7,0.7,0.7,random,0,0,Randomly placed,0.978,0,0,0,25,45,true,0,0,39,4,1,1,2,4,1,1,2,0.325,0,0,0,0,0,2.9967087208961014,0,0.48,0.15680000000000008,
3066,0.5,adaptive-cluster,1,500,55,75,370,0.7,0.7,0.7,random,0,0,Randomly placed,1.03,0,0,0,25,45,true,0,0,33,6,1,0,5,3,0,0,3,0.275,0,0,0,0,0,4.227883631321942,0,0.48,0.2101333333333334,
3071,0.5,adaptive-cluster,1,500,53,69,378,0.7,0.7,0.7,random,0,0,Randomly placed,0.95,0,0,0,25,45,true,0,0,45,11,1,1,9,6,0,0,6,0.375,0,0,0,0,0,2.578318691071233,0,0.64,0.24320000000000006,
3070,0.5,adaptive-cluster,1,500,50,69,381,0.7,0.7,0.7,random,0,0,Randomly placed,1.054,0,0,0,25,45,true,0,0,45,10,3,3,4,8,3,2,3,0.375,0,0,0,0,0,2.757994577751935,0,1.12,0.7114666666666668,
3065,0.5,adaptive-cluster,1,500,42,70,388,0.7,0.7,0.7,random,0,0,Randomly placed,0.95,0,0,0,25,45,true,0,0,45,18,0,3,15,12,0,1,11,0.375,0,0,0,0,0,1.6770509831248421,0,1.28,0.7594666666666667,
3068,0.5,adaptive-cluster,1,500,46,79,375,0.7,0.7,0.7,random,0,0,Randomly placed,1.018,0,0,0,25,45,true,0,0,45,14,1,2,11,8,1,0,7,0.375,0,0,0,0,0,2.483611053211907,0,0.52,0.18513333333333346,
3069,0.5,adaptive-cluster,1,500,53,75,372,0.7,0.7,0.7,random,0,0,Randomly placed,0.946,0,0,0,25,45,true,0,0,34,4,1,1,2,3,1,0,2,0.2833333333333333,0,0,0,0,0,3.262892067854012,0,0.32,0.08746666666666664,
3074,0.5,adaptive-cluster,1,500,48,69,383,0.7,0.7,0.7,random,0,0,Randomly placed,1.018,0,0,0,25,45,true,0,0,29,3,0,1,2,1,0,0,1,0.24166666666666667,0,0,0,0,0,5.385164807134508,0,0.16,0.03520000000000001,
3073,0.5,adaptive-cluster,1,500,48,64,388,0.7,0.7,0.7,random,0,0,Randomly placed,0.982,0,0,0,25,45,true,0,0,29,2,1,1,0,1,1,0,0,0.24166666666666667,0,0,0,0,0,5.3851648071345055,0,0.16,0.03520000000000001,
3072,0.5,adaptive-cluster,1,500,59,87,354,0.7,0.7,0.7,random,0,0,Randomly placed,1.014,0,0,0,25,45,true,0,0,45,14,2,2,10,11,2,2,7,0.375,0,0,0,0,0,1.9803694758065318,0,1.04,0.5538666666666668,
3077,0.5,adaptive-cluster,1,500,54,85,361,0.7,0.7,0.7,random,0,0,Randomly placed,1.022,0,0,0,25,45,true,0,0,45,11,0,2,9,7,0,1,6,0.375,0,0,0,0,0,2.356257212603933,0,0.96,0.4672,
3075,0.5,adaptive-cluster,1,500,56,91,353,0.7,0.7,0.7,random,0,0,Randomly placed,0.986,0,0,0,25,45,true,0,0,45,9,3,2,4,6,1,1,4,0.375,0,0,0,0,0,2.5783186910712326,0,0.48,0.15680000000000008,
3076,0.5,adaptive-cluster,1,500,53,70,377,0.7,0.7,0.7,random,0,0,Randomly placed,0.994,0,0,0,25,45,true,0,0,45,13,3,1,9,10,3,0,7,0.375,0,0,0,0,0,2.1213203435596433,0,0.88,0.42480000000000007,
3078,0.5,adaptive-cluster,1,500,47,70,383,0.7,0.7,0.7,random,0,0,Randomly placed,1.03,0,0,0,25,45,true,0,0,38,8,0,1,7,4,0,1,3,0.31666666666666665,0,0,0,0,0,2.954611603871095,0,0.32,0.08746666666666665,
3080,0.5,adaptive-cluster,1,500,54,74,372,0.7,0.7,0.7,random,0,0,Randomly placed,1.026,0,0,0,25,45,true,0,0,25,2,0,0,2,0,0,0,0,0.20833333333333334,0,0,0,0,0,NA,0,0,0,
3083,0.5,adaptive-cluster,1,500,42,88,370,0.7,0.7,0.7,random,0,0,Randomly placed,0.954,0,0,0,25,45,true,0,0,45,10,2,1,7,7,2,1,4,0.375,0,0,0,0,0,2.3562572126039325,0,0.48,0.15680000000000008,
3081,0.5,adaptive-cluster,1,500,45,80,375,0.7,0.7,0.7,random,0,0,Randomly placed,1.006,0,0,0,25,45,true,0,0,36,9,0,1,8,4,0,1,3,0.3,0,0,0,0,0,3.5856858280031814,0,0.4,0.14000000000000007,
3082,0.5,adaptive-cluster,1,500,44,78,378,0.7,0.7,0.7,random,0,0,Randomly placed,0.994,0,0,0,25,45,true,0,0,45,12,0,4,8,9,0,2,7,0.375,0,0,0,0,0,2.2863229709016886,0,0.8533333333333333,0.3967999999999999,
3085,0.5,adaptive-cluster,1,500,54,79,367,0.7,0.7,0.7,random,0,0,Randomly placed,1.006,0,0,0,25,45,true,0,0,45,16,1,0,15,12,0,0,12,0.375,0,0,0,0,0,2.3171789274499677,0,1.32,0.9691333333333336,
3084,0.5,adaptive-cluster,1,500,59,72,369,0.7,0.7,0.7,random,0,0,Randomly placed,1.014,0,0,0,25,45,true,0,0,40,13,3,1,9,5,2,0,3,0.3333333333333333,0,0,0,0,0,2.6794565082283346,0,0.48,0.15680000000000008,
3086,0.5,adaptive-cluster,1,500,48,76,376,0.7,0.7,0.7,random,0,0,Randomly placed,0.994,0,0,0,25,45,true,0,0,45,14,0,1,13,9,0,0,9,0.375,0,0,0,0,0,2.0225995873897262,0,0.64,0.24320000000000006,
3079,0.5,adaptive-cluster,1,500,35,83,382,0.7,0.7,0.7,random,0,0,Randomly placed,0.982,0,0,0,25,45,true,0,0,45,14,1,0,13,12,1,0,11,0.375,0,0,0,0,0,1.8578763536507337,0,1.44,0.984533333333333,
3090,0.5,adaptive-cluster,1,500,62,81,357,0.7,0.7,0.7,random,0,0,Randomly placed,0.962,0,0,0,25,45,true,0,0,43,14,4,2,8,7,3,1,3,0.35833333333333334,0,0,0,0,0,2.976421759720816,0,1.12,0.7114666666666668,
3089,0.5,adaptive-cluster,1,500,58,77,365,0.7,0.7,0.7,random,0,0,Randomly placed,1.006,0,0,0,25,45,true,0,0,45,9,0,2,7,7,0,0,7,0.375,0,0,0,0,0,2.3562572126039325,0,0.48,0.15680000000000008,
3087,0.5,adaptive-cluster,1,500,54,86,360,0.7,0.7,0.7,random,0,0,Randomly placed,0.986,0,0,0,25,45,true,0,0,45,12,0,3,9,7,0,1,6,0.375,0,0,0,0,0,2.3562572126039334,0,0.64,0.24320000000000006,
3088,0.5,adaptive-cluster,1,500,47,66,387,0.7,0.7,0.7,random,0,0,Randomly placed,1.002,0,0,0,25,45,true,0,0,45,18,2,5,11,10,1,3,6,0.375,0,0,0,0,0,1.8919686716606745,0,1.12,0.6048,
3091,0.5,adaptive-cluster,1,500,36,61,403,0.7,0.7,0.7,random,0,0,Randomly placed,1.014,0,0,0,25,45,true,0,0,45,15,2,0,13,11,0,0,11,0.375,0,0,0,0,0,1.7779642923279946,0,1.12,0.6048000000000002,
3093,0.5,adaptive-cluster,1,500,40,82,378,0.7,0.7,0.7,random,0,0,Randomly placed,1.002,0,0,0,25,45,true,0,0,45,21,1,7,13,11,1,2,8,0.375,0,0,0,0,0,2.1639245589019707,0,0.96,0.5205333333333334,
3092,0.5,adaptive-cluster,1,500,46,62,392,0.7,0.7,0.7,random,0,0,Randomly placed,1.01,0,0,0,25,45,true,0,0,32,3,0,0,3,2,0,0,2,0.26666666666666666,0,0,0,0,0,3.934955014703718,0,0.16,0.03520000000000002,
3095,0.5,adaptive-cluster,1,500,42,78,380,0.7,0.7,0.7,random,0,0,Randomly placed,1.022,0,0,0,25,45,true,0,0,45,17,1,4,12,13,1,3,9,0.375,0,0,0,0,0,1.7498943332426649,0,1.28,0.8128000000000002,
3094,0.5,adaptive-cluster,1,500,60,68,372,0.7,0.7,0.7,random,0,0,Randomly placed,1.014,0,0,0,25,45,true,0,0,45,11,1,1,9,10,1,1,8,0.375,0,0,0,0,0,2.1213203435596433,0,0.8,0.4000000000000002,
3097,0.5,adaptive-cluster,1,500,56,89,355,0.7,0.7,0.7,random,0,0,Randomly placed,0.966,0,0,0,25,45,true,0,0,45,11,0,1,10,9,0,1,8,0.375,0,0,0,0,0,2.0225995873897262,0,0.96,0.4672,
3096,0.5,adaptive-cluster,1,500,52,83,365,0.7,0.7,0.7,random,0,0,Randomly placed,0.982,0,0,0,25,45,true,0,0,45,10,0,2,8,9,0,2,7,0.375,0,0,0,0,0,2.2863229709016895,0,0.96,0.5205333333333334,
3099,0.5,adaptive-cluster,1,500,42,76,382,0.7,0.7,0.7,random,0,0,Randomly placed,0.97,0,0,0,25,45,true,0,0,45,13,1,1,11,8,0,1,7,0.375,0,0,0,0,0,2.1748824419640793,0,0.48,0.15680000000000008,
3098,0.5,adaptive-cluster,1,500,37,94,369,0.7,0.7,0.7,random,0,0,Randomly placed,0.978,0,0,0,25,45,true,0,0,45,14,0,1,13,12,0,1,11,0.375,0,0,0,0,0,1.6770509831248426,0,1.12,0.6048,
3100,0.5,adaptive-cluster,1,500,43,71,386,0.7,0.7,0.7,random,0,0,Randomly placed,0.994,0,0,0,25,45,true,0,0,45,14,1,2,11,10,1,1,8,0.375,0,0,0,0,0,2.1213203435596437,0,1.44,0.984533333333333,
3105,0.5,adaptive-cluster,7,3500,306,492,2702,0.7,0.7,0.7,random,0,0,Randomly placed,0.9951428571428572,0,0,0,25,45,true,0,0,45,78,6,5,67,59,5,4,50,0.375,0,0,0,0,0,0.9316078781440403,0,4.88,9.946281481481481,
3108,0.5,adaptive-cluster,7,3500,349,525,2626,0.7,0.7,0.7,random,0,0,Randomly placed,0.994,0,0,0,25,45,true,0,0,45,79,7,15,57,60,5,7,48,0.375,0,0,0,0,0,0.9323723407620917,0,5.144000000000001,10.557882370370375,
3107,0.5,adaptive-cluster,7,3500,325,522,2653,0.7,0.7,0.7,random,0,0,Randomly placed,1.0265714285714285,0,0,0,25,45,true,0,0,45,83,10,9,64,57,7,7,43,0.375,0,0,0,0,0,0.9126410158284304,0,4.816000000000001,9.340440888888892,
3109,0.5,adaptive-cluster,7,3500,338,550,2612,0.7,0.7,0.7,random,0,0,Randomly placed,1.0402857142857143,0,0,0,25,45,true,0,0,45,75,6,11,58,49,1,10,38,0.375,0,0,0,0,0,0.871728537615104,0,4.242666666666667,7.406480888888889,
3104,0.5,adaptive-cluster,7,3500,345,528,2627,0.7,0.7,0.7,random,0,0,Randomly placed,1.0242857142857142,0,0,0,25,45,true,0,0,45,77,12,7,58,52,6,6,40,0.375,0,0,0,0,0,1.0429680771230707,0,5.248000000000001,11.508382814814823,
3103,0.5,adaptive-cluster,7,3500,341,554,2605,0.7,0.7,0.7,random,0,0,Randomly placed,0.9397142857142857,0,0,0,25,45,true,0,0,45,83,7,18,58,56,5,12,39,0.375,0,0,0,0,0,0.859270897303998,0,4.648000000000001,8.475368000000003,
3113,0.5,adaptive-cluster,7,3500,318,558,2624,0.7,0.7,0.7,random,0,0,Randomly placed,0.9911428571428571,0,0,0,25,45,true,0,0,45,81,7,19,55,68,6,16,46,0.375,0,0,0,0,0,0.9211074717535894,0,5.484444444444445,12.266459259259262,
3101,0.5,adaptive-cluster,7,3500,379,513,2608,0.7,0.7,0.7,random,0,0,Randomly placed,0.9654285714285714,0,0,0,25,45,true,0,0,45,99,17,10,72,69,13,8,48,0.375,0,0,0,0,0,0.8296159280495717,0,7.173333333333334,20.162237037037045,
3102,0.5,adaptive-cluster,7,3500,336,531,2633,0.7,0.7,0.7,random,0,0,Randomly placed,0.9402857142857143,0,0,0,25,45,true,0,0,45,93,12,21,60,58,10,13,35,0.375,0,0,0,0,0,0.9733087990850549,0,4.416,8.245655703703708,
3106,0.5,adaptive-cluster,7,3500,365,504,2631,0.7,0.7,0.7,random,0,0,Randomly placed,1.0265714285714285,0,0,0,25,45,true,0,0,45,70,9,11,50,53,9,7,37,0.375,0,0,0,0,0,0.8352217618313211,0,4.461333333333333,7.948490962962962,
3111,0.5,adaptive-cluster,7,3500,347,533,2620,0.7,0.7,0.7,random,0,0,Randomly placed,1.0614285714285714,0,0,0,25,45,true,0,0,45,75,6,10,59,53,4,6,43,0.375,0,0,0,0,0,1.0286126334254226,0,5.532190476190476,12.785547827664402,
3116,0.5,adaptive-cluster,7,3500,349,550,2601,0.7,0.7,0.7,random,0,0,Randomly placed,0.9522857142857143,0,0,0,25,45,true,0,0,45,75,10,12,53,51,6,7,38,0.375,0,0,0,0,0,1.0234740903360373,0,6.106666666666667,14.736385185185185,
3110,0.5,adaptive-cluster,7,3500,338,490,2672,0.7,0.7,0.7,random,0,0,Randomly placed,0.9934285714285714,0,0,0,25,45,true,0,0,45,94,6,13,75,68,4,10,54,0.375,0,0,0,0,0,0.7415177785575712,0,5.064,10.247831999999999,
3114,0.5,adaptive-cluster,7,3500,365,492,2643,0.7,0.7,0.7,random,0,0,Randomly placed,1.000857142857143,0,0,0,25,45,true,0,0,45,75,5,14,56,57,4,10,43,0.375,0,0,0,0,0,0.7602236943654751,0,4.533333333333333,8.2,
3112,0.5,adaptive-cluster,7,3500,339,541,2620,0.7,0.7,0.7,random,0,0,Randomly placed,0.9585714285714285,0,0,0,25,45,true,0,0,45,72,6,8,58,53,4,6,43,0.375,0,0,0,0,0,1.0125590841508483,0,4.8213333333333335,9.285188740740743,
3117,0.5,adaptive-cluster,7,3500,344,544,2612,0.7,0.7,0.7,random,0,0,Randomly placed,1.0437142857142858,0,0,0,25,45,true,0,0,45,80,5,9,66,51,4,7,40,0.375,0,0,0,0,0,1.074087833664417,0,4.160000000000001,7.067792592592596,
3115,0.5,adaptive-cluster,7,3500,359,482,2659,0.7,0.7,0.7,random,0,0,Randomly placed,0.9808571428571428,0,0,0,25,45,true,0,0,45,61,5,8,48,41,3,4,34,0.375,0,0,0,0,0,0.9878664676537314,0,3.8826666666666667,6.201448296296298,
3118,0.5,adaptive-cluster,7,3500,339,561,2600,0.7,0.7,0.7,random,0,0,Randomly placed,1.0637142857142856,0,0,0,25,45,true,0,0,45,63,5,9,49,35,3,5,27,0.375,0,0,0,0,0,1.2528261187646905,0,2.941333333333333,3.7526213333333334,
3119,0.5,adaptive-cluster,7,3500,348,573,2579,0.7,0.7,0.7,random,0,0,Randomly placed,1.0162857142857142,0,0,0,25,45,true,0,0,45,85,10,21,54,59,9,14,36,0.375,0,0,0,0,0,0.9595716379968398,0,4.651428571428571,9.128255782312925,
3122,0.5,adaptive-cluster,7,3500,329,498,2673,0.7,0.7,0.7,random,0,0,Randomly placed,0.9682857142857142,0,0,0,25,45,true,0,0,45,81,8,10,63,58,8,5,45,0.375,0,0,0,0,0,0.9872648708412934,0,6.013333333333334,14.464688888888894,
3120,0.5,adaptive-cluster,7,3500,375,533,2592,0.7,0.7,0.7,random,0,0,Randomly placed,1.0202857142857142,0,0,0,25,45,true,0,0,45,71,6,13,52,53,3,12,38,0.375,0,0,0,0,0,0.9796631040334463,0,4.093333333333333,7.143088888888885,
3123,0.5,adaptive-cluster,7,3500,342,501,2657,0.7,0.7,0.7,random,0,0,Randomly placed,0.9945714285714286,0,0,0,25,45,true,0,0,45,85,8,11,66,58,7,10,41,0.375,0,0,0,0,0,0.9002891114925085,0,4.367999999999999,7.774356148148147,
3121,0.5,adaptive-cluster,7,3500,362,513,2625,0.7,0.7,0.7,random,0,0,Randomly placed,1.0162857142857142,0,0,0,25,45,true,0,0,45,80,8,14,58,59,7,9,43,0.375,0,0,0,0,0,0.8263156323236309,0,5.36,11.455792592592594,
3124,0.5,adaptive-cluster,7,3500,364,524,2612,0.7,0.7,0.7,random,0,0,Randomly placed,1.0174285714285713,0,0,0,25,45,true,0,0,45,91,16,11,64,67,11,9,47,0.375,0,0,0,0,0,0.7388368070535037,0,5.784000000000001,13.281218666666673,
3126,0.5,adaptive-cluster,7,3500,376,509,2615,0.7,0.7,0.7,random,0,0,Randomly placed,1.0014285714285713,0,0,0,25,45,true,0,0,45,86,11,11,64,62,9,9,44,0.375,0,0,0,0,0,0.8083555238373532,0,5.642666666666667,12.673436444444448,
3127,0.5,adaptive-cluster,7,3500,326,530,2644,0.7,0.7,0.7,random,0,0,Randomly placed,1.028857142857143,0,0,0,25,45,true,0,0,45,70,10,9,51,51,6,7,38,0.375,0,0,0,0,0,0.9518115705363418,0,4.4239999999999995,8.137858666666663,
3128,0.5,adaptive-cluster,7,3500,370,504,2626,0.7,0.7,0.7,random,0,0,Randomly placed,1.032857142857143,0,0,0,25,45,true,0,0,45,84,11,10,63,56,9,8,39,0.375,0,0,0,0,0,0.8927759703361463,0,4.6000000000000005,8.50314814814815,
3125,0.5,adaptive-cluster,7,3500,356,537,2607,0.7,0.7,0.7,random,0,0,Randomly placed,1.0157142857142858,0,0,0,25,45,true,0,0,45,78,2,8,68,56,2,7,47,0.375,0,0,0,0,0,0.986486851396275,0,5.36,11.580237037037039,
3131,0.5,adaptive-cluster,7,3500,332,531,2637,0.7,0.7,0.7,random,0,0,Randomly placed,1.0505714285714285,0,0,0,25,45,true,0,0,45,96,8,11,77,70,5,8,57,0.375,0,0,0,0,0,0.9148587895537474,0,4.957333333333333,9.985858666666662,
3133,0.5,adaptive-cluster,7,3500,354,561,2585,0.7,0.7,0.7,random,0,0,Randomly placed,1.012857142857143,0,0,0,25,45,true,0,0,45,95,13,15,67,74,10,13,51,0.375,0,0,0,0,0,0.7236643918754952,0,6.744,17.826149037037037,
3129,0.5,adaptive-cluster,7,3500,340,552,2608,0.7,0.7,0.7,random,0,0,Randomly placed,0.982,0,0,0,25,45,true,0,0,45,52,7,7,38,29,5,3,21,0.375,0,0,0,0,0,1.3702681672893284,0,2.586666666666667,2.829540740740742,
3132,0.5,adaptive-cluster,7,3500,366,528,2606,0.7,0.7,0.7,random,0,0,Randomly placed,0.9854285714285714,0,0,0,25,45,true,0,0,45,83,7,8,68,59,7,6,46,0.375,0,0,0,0,0,0.8421637424731313,0,4.8533333333333335,9.503466666666666,
3134,0.5,adaptive-cluster,7,3500,317,524,2659,0.7,0.7,0.7,random,0,0,Randomly placed,0.9477142857142857,0,0,0,25,45,true,0,0,45,79,5,14,60,65,5,9,51,0.375,0,0,0,0,0,0.8158924398306316,0,5.349333333333334,11.406352000000009,
3130,0.5,adaptive-cluster,7,3500,357,508,2635,0.7,0.7,0.7,random,0,0,Randomly placed,1.004857142857143,0,0,0,25,45,true,0,0,45,81,10,12,59,58,9,8,41,0.375,0,0,0,0,0,0.7327355703547687,0,4.12647619047619,6.8169154467120165,
3135,0.5,adaptive-cluster,7,3500,361,535,2604,0.7,0.7,0.7,random,0,0,Randomly placed,0.9962857142857143,0,0,0,25,45,true,0,0,45,91,6,15,70,67,5,13,49,0.375,0,0,0,0,0,0.7660869163545,0,6.72,17.6628,
3136,0.5,adaptive-cluster,7,3500,354,523,2623,0.7,0.7,0.7,random,0,0,Randomly placed,0.9614285714285715,0,0,0,25,45,true,0,0,45,80,9,14,57,60,7,12,41,0.375,0,0,0,0,0,0.8758113121817135,0,5.072,10.454128000000003,
3138,0.5,adaptive-cluster,7,3500,361,506,2633,0.7,0.7,0.7,random,0,0,Randomly placed,0.9991428571428571,0,0,0,25,45,true,0,0,45,81,6,13,62,62,5,10,47,0.375,0,0,0,0,0,0.6245327455921785,0,5.553846153846154,12.080364891518736,
3137,0.5,adaptive-cluster,7,3500,359,540,2601,0.7,0.7,0.7,random,0,0,Randomly placed,0.9425714285714285,0,0,0,25,45,true,0,0,45,94,9,17,68,72,8,9,55,0.375,0,0,0,0,0,0.722507470864174,0,5.921333333333333,13.70908688888889,
3143,0.5,adaptive-cluster,7,3500,384,500,2616,0.7,0.7,0.7,random,0,0,Randomly placed,0.9962857142857143,0,0,0,25,45,true,0,0,45,91,12,9,70,67,9,7,51,0.375,0,0,0,0,0,0.7924004665332276,0,6.377142857142858,16.154623129251707,
3139,0.5,adaptive-cluster,7,3500,342,537,2621,0.7,0.7,0.7,random,0,0,Randomly placed,1.004857142857143,0,0,0,25,45,true,0,0,45,61,7,12,42,47,6,8,33,0.375,0,0,0,0,0,0.9118748270648648,0,3.853333333333333,6.1018,
3145,0.5,adaptive-cluster,7,3500,351,530,2619,0.7,0.7,0.7,random,0,0,Randomly placed,1.0042857142857142,0,0,0,25,45,true,0,0,45,88,10,10,68,66,7,7,52,0.375,0,0,0,0,0,0.8041146065865987,0,4.858666666666667,9.58233244444445,
3140,0.5,adaptive-cluster,7,3500,376,528,2596,0.7,0.7,0.7,random,0,0,Randomly placed,0.99,0,0,0,25,45,true,0,0,45,81,7,9,65,52,5,5,42,0.375,0,0,0,0,0,0.8445928863219283,0,4.514285714285714,8.237959183673471,
3141,0.5,adaptive-cluster,7,3500,362,529,2609,0.7,0.7,0.7,random,0,0,Randomly placed,0.9705714285714285,0,0,0,25,45,true,0,0,45,84,7,14,63,63,6,10,47,0.375,0,0,0,0,0,0.720749970156447,0,5.64,12.464866666666664,
3142,0.5,adaptive-cluster,7,3500,327,515,2658,0.7,0.7,0.7,random,0,0,Randomly placed,0.9957142857142857,0,0,0,25,45,true,0,0,45,72,6,10,56,46,3,6,37,0.375,0,0,0,0,0,0.9207397259236556,0,3.56,5.212866666666666,
3148,0.5,adaptive-cluster,7,3500,346,533,2621,0.7,0.7,0.7,random,0,0,Randomly placed,0.9882857142857143,0,0,0,25,45,true,0,0,45,76,8,12,56,56,5,8,43,0.375,0,0,0,0,0,0.9090655434772911,0,5.133333333333334,10.68166666666667,
3154,0.5,adaptive-cluster,7,3500,371,503,2626,0.7,0.7,0.7,random,0,0,Randomly placed,1.022,0,0,0,25,45,true,0,0,45,69,7,8,54,51,4,6,41,0.375,0,0,0,0,0,0.9882925881023384,0,4.928,9.920720592592598,
3155,0.5,adaptive-cluster,7,3500,346,513,2641,0.7,0.7,0.7,random,0,0,Randomly placed,1.0442857142857143,0,0,0,25,45,true,0,0,45,84,8,11,65,63,6,8,49,0.375,0,0,0,0,0,0.8801037213288249,0,6.76,18.120866666666664,
3147,0.5,adaptive-cluster,7,3500,379,540,2581,0.7,0.7,0.7,random,0,0,Randomly placed,0.9951428571428572,0,0,0,25,45,true,0,0,45,81,8,7,66,61,6,4,51,0.375,0,0,0,0,0,1.0451148412467874,0,5.594666666666667,12.911683555555557,
3144,0.5,adaptive-cluster,7,3500,351,526,2623,0.7,0.7,0.7,random,0,0,Randomly placed,0.9534285714285715,0,0,0,25,45,true,0,0,45,71,7,7,57,54,7,4,43,0.375,0,0,0,0,0,0.8257228238447705,0,4.115047619047619,6.839532770975056,
3153,0.5,adaptive-cluster,7,3500,320,530,2650,0.7,0.7,0.7,random,0,0,Randomly placed,1.0311428571428571,0,0,0,25,45,true,0,0,45,70,7,16,47,56,6,13,37,0.375,0,0,0,0,0,0.8064073335291373,0,5.437333333333334,11.756205333333334,
3149,0.5,adaptive-cluster,7,3500,325,525,2650,0.7,0.7,0.7,random,0,0,Randomly placed,0.9928571428571429,0,0,0,25,45,true,0,0,45,71,11,7,53,49,9,6,34,0.375,0,0,0,0,0,1.0140338939982607,0,4.306666666666667,7.631533333333333,
3150,0.5,adaptive-cluster,7,3500,385,515,2600,0.7,0.7,0.7,random,0,0,Randomly placed,1.002,0,0,0,25,45,true,0,0,45,92,5,15,72,59,3,9,47,0.375,0,0,0,0,0,0.7596239494424913,0,5.255999999999999,10.817704592592593,
3152,0.5,adaptive-cluster,7,3500,357,527,2616,0.7,0.7,0.7,random,0,0,Randomly placed,1.026,0,0,0,25,45,true,0,0,45,86,2,12,72,60,1,8,51,0.375,0,0,0,0,0,0.9726369966604846,0,4.1866666666666665,7.156059259259261,
3156,0.5,adaptive-cluster,7,3500,346,495,2659,0.7,0.7,0.7,random,0,0,Randomly placed,1.0397142857142856,0,0,0,25,45,true,0,0,45,97,15,16,66,61,14,8,39,0.375,0,0,0,0,0,1.1249099057521106,0,5.079999999999999,10.503059259259254,
3157,0.5,adaptive-cluster,7,3500,353,535,2612,0.7,0.7,0.7,random,0,0,Randomly placed,0.9922857142857142,0,0,0,25,45,true,0,0,45,82,10,15,57,54,5,10,39,0.375,0,0,0,0,0,0.8446205292223474,0,5.309333333333334,11.13145866666667,
3158,0.5,adaptive-cluster,7,3500,358,509,2633,0.7,0.7,0.7,random,0,0,Randomly placed,0.9917142857142858,0,0,0,25,45,true,0,0,45,74,11,13,50,51,7,9,35,0.375,0,0,0,0,0,0.9882925881023384,0,4.239999999999999,7.291051851851851,
3146,0.5,adaptive-cluster,7,3500,352,521,2627,0.7,0.7,0.7,random,0,0,Randomly placed,0.9791428571428572,0,0,0,25,45,true,0,0,45,86,7,8,71,58,6,4,48,0.375,0,0,0,0,0,0.9301850879871912,0,4.84,9.480200000000002,
3160,0.5,adaptive-cluster,7,3500,357,507,2636,0.7,0.7,0.7,random,0,0,Randomly placed,0.9648571428571427,0,0,0,25,45,true,0,0,45,86,8,17,61,64,6,15,43,0.375,0,0,0,0,0,0.741832301367548,0,5.9253333333333345,13.876332444444452,
3159,0.5,adaptive-cluster,7,3500,345,545,2610,0.7,0.7,0.7,random,0,0,Randomly placed,1.0122857142857142,0,0,0,25,45,true,0,0,45,87,8,17,62,62,5,16,41,0.375,0,0,0,0,0,0.957515616332088,0,6.559999999999999,17.21157037037036,
3163,0.5,adaptive-cluster,7,3500,322,519,2659,0.7,0.7,0.7,random,0,0,Randomly placed,0.9391428571428572,0,0,0,25,45,true,0,0,45,77,4,6,67,54,3,3,48,0.375,0,0,0,0,0,0.9501461875826147,0,4.733333333333333,8.925370370370368,
3151,0.5,adaptive-cluster,7,3500,345,516,2639,0.7,0.7,0.7,random,0,0,Randomly placed,1.0345714285714285,0,0,0,25,45,true,0,0,45,78,6,16,56,56,5,10,41,0.375,0,0,0,0,0,0.8761836018105068,0,4.669333333333334,8.674528296296304,
3162,0.5,adaptive-cluster,7,3500,326,540,2634,0.7,0.7,0.7,random,0,0,Randomly placed,0.9648571428571427,0,0,0,25,45,true,0,0,45,88,3,20,65,63,2,13,48,0.375,0,0,0,0,0,0.6878214377592395,0,6.04,14.173666666666666,
3161,0.5,adaptive-cluster,7,3500,365,504,2631,0.7,0.7,0.7,random,0,0,Randomly placed,1.0185714285714285,0,0,0,25,45,true,0,0,45,91,5,16,70,58,4,7,47,0.375,0,0,0,0,0,0.7867573555587395,0,5.896,13.51235348148148,
3167,0.5,adaptive-cluster,7,3500,323,545,2632,0.7,0.7,0.7,random,0,0,Randomly placed,0.9917142857142858,0,0,0,25,45,true,0,0,45,81,10,18,53,55,6,14,35,0.375,0,0,0,0,0,0.9536595653016643,0,3.5146666666666664,5.337568000000001,
3169,0.5,adaptive-cluster,7,3500,339,504,2657,0.7,0.7,0.7,random,0,0,Randomly placed,0.9962857142857143,0,0,0,25,45,true,0,0,45,88,6,13,69,55,6,9,40,0.375,0,0,0,0,0,0.7581265215580487,0,5.301333333333333,10.938519111111107,
3168,0.5,adaptive-cluster,7,3500,351,505,2644,0.7,0.7,0.7,random,0,0,Randomly placed,0.97,0,0,0,25,45,true,0,0,45,73,7,11,55,45,4,6,35,0.375,0,0,0,0,0,1,0,4.626666666666667,8.577755555555553,
3165,0.5,adaptive-cluster,7,3500,372,519,2609,0.7,0.7,0.7,random,0,0,Randomly placed,1.018,0,0,0,25,45,true,0,0,45,75,10,11,54,48,8,6,34,0.375,0,0,0,0,0,1.007341657983572,0,4.028190476190477,6.6370292244898,
3166,0.5,adaptive-cluster,7,3500,384,500,2616,0.7,0.7,0.7,random,0,0,Randomly placed,0.9825714285714285,0,0,0,25,45,true,0,0,45,77,12,11,54,57,10,6,41,0.375,0,0,0,0,0,0.9580734887635546,0,4.716,9.132235333333336,
3164,0.5,adaptive-cluster,7,3500,358,530,2612,0.7,0.7,0.7,random,0,0,Randomly placed,0.978,0,0,0,25,45,true,0,0,45,77,8,14,55,42,3,9,30,0.375,0,0,0,0,0,0.9798527018150099,0,4.2,7.109814814814817,
3170,0.5,adaptive-cluster,7,3500,351,532,2617,0.7,0.7,0.7,random,0,0,Randomly placed,1.000857142857143,0,0,0,25,45,true,0,0,45,85,14,13,58,63,11,13,39,0.375,0,0,0,0,0,0.9436832272511659,0,4.74,9.487950000000001,
3171,0.5,adaptive-cluster,7,3500,359,526,2615,0.7,0.7,0.7,random,0,0,Randomly placed,1.07,0,0,0,25,45,true,0,0,45,89,9,12,68,63,7,8,48,0.375,0,0,0,0,0,0.8396483052075124,0,5.206666666666668,10.939283333333343,
3173,0.5,adaptive-cluster,7,3500,365,545,2590,0.7,0.7,0.7,random,0,0,Randomly placed,0.9934285714285714,0,0,0,25,45,true,0,0,45,75,5,12,58,51,5,10,36,0.375,0,0,0,0,0,1.0904371423293968,0,5.546666666666666,12.804799999999997,
3172,0.5,adaptive-cluster,7,3500,377,495,2628,0.7,0.7,0.7,random,0,0,Randomly placed,0.9505714285714285,0,0,0,25,45,true,0,0,45,79,6,7,66,55,6,4,45,0.375,0,0,0,0,0,0.7779357763506062,0,4.944761904761905,9.647970975056692,
3174,0.5,adaptive-cluster,7,3500,338,520,2642,0.7,0.7,0.7,random,0,0,Randomly placed,1.0385714285714285,0,0,0,25,45,true,0,0,45,68,3,12,53,43,2,9,32,0.375,0,0,0,0,0,0.9454360132370779,0,3.5760000000000005,5.22585866666667,
3175,0.5,adaptive-cluster,7,3500,345,502,2653,0.7,0.7,0.7,random,0,0,Randomly placed,0.9865714285714285,0,0,0,25,45,true,0,0,45,73,11,10,52,52,6,6,40,0.375,0,0,0,0,0,1.0098026799299757,0,5.056,10.021312000000002,
3178,0.5,adaptive-cluster,7,3500,337,521,2642,0.7,0.7,0.7,random,0,0,Randomly placed,0.9997142857142858,0,0,0,25,45,true,0,0,45,76,10,9,57,46,8,5,33,0.375,0,0,0,0,0,0.8469134644240335,0,4.512,8.118314666666665,
3176,0.5,adaptive-cluster,7,3500,380,528,2592,0.7,0.7,0.7,random,0,0,Randomly placed,0.9625714285714286,0,0,0,25,45,true,0,0,45,60,10,10,40,42,6,8,28,0.375,0,0,0,0,0,1.0061268708013038,0,2.9371428571428573,3.65572365835223,
3180,0.5,adaptive-cluster,7,3500,336,528,2636,0.7,0.7,0.7,random,0,0,Randomly placed,0.9608571428571429,0,0,0,25,45,true,0,0,45,80,7,14,59,54,4,11,39,0.375,0,0,0,0,0,0.9163222493459735,0,4.618666666666667,8.845390222222221,
3182,0.5,adaptive-cluster,7,3500,356,537,2607,0.7,0.7,0.7,random,0,0,Randomly placed,1.0014285714285713,0,0,0,25,45,true,0,0,45,80,5,8,67,53,3,5,45,0.375,0,0,0,0,0,0.9627937196816709,0,5.721904761904763,13.228560544217691,
3181,0.5,adaptive-cluster,7,3500,356,510,2634,0.7,0.7,0.7,random,0,0,Randomly placed,1.0231428571428571,0,0,0,25,45,true,0,0,45,89,18,13,58,63,14,7,42,0.375,0,0,0,0,0,0.7366624831632091,0,5.566666666666667,12.360601851851854,
3177,0.5,adaptive-cluster,7,3500,354,533,2613,0.7,0.7,0.7,random,0,0,Randomly placed,0.9951428571428572,0,0,0,25,45,true,0,0,45,71,5,20,46,50,4,15,31,0.375,0,0,0,0,0,0.8628704737939842,0,5.426666666666668,11.720866666666675,
3183,0.5,adaptive-cluster,7,3500,366,528,2606,0.7,0.7,0.7,random,0,0,Randomly placed,0.9962857142857143,0,0,0,25,45,true,0,0,45,74,3,16,55,54,3,13,38,0.375,0,0,0,0,0,0.9163222493459737,0,4.299047619047619,7.847092517006806,
3184,0.5,adaptive-cluster,7,3500,334,542,2624,0.7,0.7,0.7,random,0,0,Randomly placed,0.9797142857142856,0,0,0,25,45,true,0,0,45,83,8,12,63,54,6,7,41,0.375,0,0,0,0,0,0.9666144186507019,0,5.546666666666668,12.584059259259263,
3179,0.5,adaptive-cluster,7,3500,351,519,2630,0.7,0.7,0.7,random,0,0,Randomly placed,1.0122857142857142,0,0,0,25,45,true,0,0,45,77,9,9,59,56,9,9,38,0.375,0,0,0,0,0,0.8927759703361463,0,5.907555555555555,14.1979729382716,
3185,0.5,adaptive-cluster,7,3500,342,506,2652,0.7,0.7,0.7,random,0,0,Randomly placed,1.0294285714285716,0,0,0,25,45,true,0,0,45,79,4,7,68,58,3,4,51,0.375,0,0,0,0,0,0.959149681517701,0,6.198095238095239,15.719460015117164,
3186,0.5,adaptive-cluster,7,3500,370,503,2627,0.7,0.7,0.7,random,0,0,Randomly placed,1.0065714285714287,0,0,0,25,45,true,0,0,45,81,12,8,61,60,10,6,44,0.375,0,0,0,0,0,0.830867564110496,0,6.1257142857142854,14.97887346938776,
3187,0.5,adaptive-cluster,7,3500,369,533,2598,0.7,0.7,0.7,random,0,0,Randomly placed,1.0442857142857143,0,0,0,25,45,true,0,0,45,83,6,14,63,60,3,10,47,0.375,0,0,0,0,0,0.8758113121817135,0,4.599111111111112,8.724250469135807,
3188,0.5,adaptive-cluster,7,3500,335,558,2607,0.7,0.7,0.7,random,0,0,Randomly placed,0.9580000000000001,0,0,0,25,45,true,0,0,45,76,7,14,55,51,4,7,40,0.375,0,0,0,0,0,0.8742947546591687,0,5.426666666666667,11.519385185185186,
3201,0.5,adaptive-cluster,0.01,5,0,0,5,0.3,0.3,0.3,random,0,0,Randomly placed,0.9975000000000184,0,0,0,25,45,true,0,0,25,0,0,0,0,0,0,0,0,0.20833333333333334,0,0,0,0,0,NA,0,0,0,
3193,0.5,adaptive-cluster,7,3500,364,516,2620,0.7,0.7,0.7,random,0,0,Randomly placed,0.9477142857142857,0,0,0,25,45,true,0,0,45,81,5,15,61,60,3,11,46,0.375,0,0,0,0,0,0.918558653543692,0,5.1466666666666665,10.806429629629626,
3192,0.5,adaptive-cluster,7,3500,351,480,2669,0.7,0.7,0.7,random,0,0,Randomly placed,1.0082857142857142,0,0,0,25,45,true,0,0,45,96,11,19,66,69,8,11,50,0.375,0,0,0,0,0,0.7435926685429161,0,6.16,15.038133333333336,
3194,0.5,adaptive-cluster,7,3500,367,519,2614,0.7,0.7,0.7,random,0,0,Randomly placed,1.0002857142857142,0,0,0,25,45,true,0,0,45,80,13,8,59,60,6,7,47,0.375,0,0,0,0,0,0.7150969419341944,0,5.218285714285714,10.707469278911562,
3203,0.5,adaptive-cluster,0.01,5,0,0,5,0.3,0.3,0.3,random,0,0,Randomly placed,0.9975000000000219,0,0,0,25,45,true,0,0,25,0,0,0,0,0,0,0,0,0.20833333333333334,0,0,0,0,0,NA,0,0,0,
3205,0.5,adaptive-cluster,0.01,5,0,0,5,0.3,0.3,0.3,random,0,0,Randomly placed,0.9975000000000657,0,0,0,25,45,true,0,0,25,0,0,0,0,0,0,0,0,0.20833333333333334,0,0,0,0,0,NA,0,0,0,
3207,0.5,adaptive-cluster,0.01,5,0,1,4,0.3,0.3,0.3,random,0,0,Randomly placed,0.9975000000000417,0,0,0,25,45,true,0,0,25,0,0,0,0,0,0,0,0,0.20833333333333334,0,0,0,0,0,NA,0,0,0,
3202,0.5,adaptive-cluster,0.01,5,0,0,5,0.3,0.3,0.3,random,0,0,Randomly placed,0.9975000000000389,0,0,0,25,45,true,0,0,25,0,0,0,0,0,0,0,0,0.20833333333333334,0,0,0,0,0,NA,0,0,0,
3206,0.5,adaptive-cluster,0.01,5,0,0,5,0.3,0.3,0.3,random,0,0,Randomly placed,0.9975000000000497,0,0,0,25,45,true,0,0,25,0,0,0,0,0,0,0,0,0.20833333333333334,0,0,0,0,0,NA,0,0,0,
3196,0.5,adaptive-cluster,7,3500,351,513,2636,0.7,0.7,0.7,random,0,0,Randomly placed,1.004857142857143,0,0,0,25,45,true,0,0,45,81,7,12,62,55,7,8,40,0.375,0,0,0,0,0,0.8875548257686979,0,3.4453333333333336,4.8927146666666665,
3195,0.5,adaptive-cluster,7,3500,382,496,2622,0.7,0.7,0.7,random,0,0,Randomly placed,1.01,0,0,0,25,45,true,0,0,45,72,3,11,58,48,2,7,39,0.375,0,0,0,0,0,0.8803610119511408,0,4.373333333333333,7.4731259259259275,
3189,0.5,adaptive-cluster,7,3500,385,482,2633,0.7,0.7,0.7,random,0,0,Randomly placed,1.0271428571428571,0,0,0,25,45,true,0,0,45,65,11,7,47,46,9,3,34,0.375,0,0,0,0,0,1.0108217507498383,0,4.48,8.13346666666667,
3209,0.5,adaptive-cluster,0.01,5,0,1,4,0.3,0.3,0.3,random,0,0,Randomly placed,0.9975000000000128,0,0,0,25,45,true,0,0,25,0,0,0,0,0,0,0,0,0.20833333333333334,0,0,0,0,0,NA,0,0,0,
3208,0.5,adaptive-cluster,0.01,5,1,1,3,0.3,0.3,0.3,random,0,0,Randomly placed,0.9975000000000444,0,0,0,25,45,true,0,0,25,0,0,0,0,0,0,0,0,0.20833333333333334,0,0,0,0,0,NA,0,0,0,
3204,0.5,adaptive-cluster,0.01,5,0,1,4,0.3,0.3,0.3,random,0,0,Randomly placed,0.9975000000000425,0,0,0,25,45,true,0,0,25,0,0,0,0,0,0,0,0,0.20833333333333334,0,0,0,0,0,NA,0,0,0,
3190,0.5,adaptive-cluster,7,3500,367,493,2640,0.7,0.7,0.7,random,0,0,Randomly placed,0.9831428571428571,0,0,0,25,45,true,0,0,45,86,8,11,67,63,5,9,49,0.375,0,0,0,0,0,0.7824607964359515,0,5.272,11.18819466666667,
3210,0.5,adaptive-cluster,0.01,5,0,2,3,0.3,0.3,0.3,random,0,0,Randomly placed,0.9975000000000166,0,0,0,25,45,true,0,0,25,0,0,0,0,0,0,0,0,0.20833333333333334,0,0,0,0,0,NA,0,0,0,
3211,0.5,adaptive-cluster,0.01,5,0,1,4,0.3,0.3,0.3,random,0,0,Randomly placed,0.9975000000000639,0,0,0,25,45,true,0,0,25,0,0,0,0,0,0,0,0,0.20833333333333334,0,0,0,0,0,NA,0,0,0,
3191,0.5,adaptive-cluster,7,3500,314,548,2638,0.7,0.7,0.7,random,0,0,Randomly placed,1.0145714285714287,0,0,0,25,45,true,0,0,45,79,4,15,60,57,4,13,40,0.375,0,0,0,0,0,0.8969856344479231,0,4.188121212121212,7.3396505858585845,
3197,0.5,adaptive-cluster,7,3500,358,526,2616,0.7,0.7,0.7,random,0,0,Randomly placed,1.018,0,0,0,25,45,true,0,0,45,81,10,14,57,52,7,8,37,0.375,0,0,0,0,0,0.9216827320904275,0,5.058666666666666,10.50491762962963,
3212,0.5,adaptive-cluster,0.01,5,1,1,3,0.3,0.3,0.3,random,0,0,Randomly placed,0.9975000000000156,0,0,0,25,45,true,0,0,25,0,0,0,0,0,0,0,0,0.20833333333333334,0,0,0,0,0,NA,0,0,0,
3200,0.5,adaptive-cluster,7,3500,337,537,2626,0.7,0.7,0.7,random,0,0,Randomly placed,0.9751428571428571,0,0,0,25,45,true,0,0,45,75,12,12,51,54,7,8,39,0.375,0,0,0,0,0,0.8257228238447705,0,4.857333333333333,9.367986444444444,
3213,0.5,adaptive-cluster,0.01,5,2,0,3,0.3,0.3,0.3,random,0,0,Randomly placed,0.9975000000000545,0,0,0,25,45,true,0,0,25,0,0,0,0,0,0,0,0,0.20833333333333334,0,0,0,0,0,NA,0,0,0,
3198,0.5,adaptive-cluster,7,3500,347,574,2579,0.7,0.7,0.7,random,0,0,Randomly placed,1.0065714285714287,0,0,0,25,45,true,0,0,45,62,3,11,48,50,2,9,39,0.375,0,0,0,0,0,0.9825754655264634,0,5.32,11.502466666666669,
3199,0.5,adaptive-cluster,7,3500,369,512,2619,0.7,0.7,0.7,random,0,0,Randomly placed,0.9997142857142858,0,0,0,25,45,true,0,0,45,82,7,14,61,53,5,11,37,0.375,0,0,0,0,0,0.945623442979545,0,4.362666666666668,8.023294222222228,
3220,0.5,adaptive-cluster,0.01,5,1,0,4,0.3,0.3,0.3,random,0,0,Randomly placed,0.9975000000000391,0,0,0,25,45,true,0,0,25,0,0,0,0,0,0,0,0,0.20833333333333334,0,0,0,0,0,NA,0,0,0,
3218,0.5,adaptive-cluster,0.01,5,0,0,5,0.3,0.3,0.3,random,0,0,Randomly placed,0.997500000000066,0,0,0,25,45,true,0,0,25,0,0,0,0,0,0,0,0,0.20833333333333334,0,0,0,0,0,NA,0,0,0,
3215,0.5,adaptive-cluster,0.01,5,0,1,4,0.3,0.3,0.3,random,0,0,Randomly placed,0.9975000000000461,0,0,0,25,45,true,0,0,25,0,0,0,0,0,0,0,0,0.20833333333333334,0,0,0,0,0,NA,0,0,0,
3221,0.5,adaptive-cluster,0.01,5,2,2,1,0.3,0.3,0.3,random,0,0,Randomly placed,0.9975000000000203,0,0,0,25,45,true,0,0,25,0,0,0,0,0,0,0,0,0.20833333333333334,0,0,0,0,0,NA,0,0,0,
3216,0.5,adaptive-cluster,0.01,5,0,1,4,0.3,0.3,0.3,random,0,0,Randomly placed,0.9975000000000308,0,0,0,25,45,true,0,0,25,0,0,0,0,0,0,0,0,0.20833333333333334,0,0,0,0,0,NA,0,0,0,
3214,0.5,adaptive-cluster,0.01,5,0,0,5,0.3,0.3,0.3,random,0,0,Randomly placed,0.9975000000000124,0,0,0,25,45,true,0,0,25,0,0,0,0,0,0,0,0,0.20833333333333334,0,0,0,0,0,NA,0,0,0,
3219,0.5,adaptive-cluster,0.01,5,0,3,2,0.3,0.3,0.3,random,0,0,Randomly placed,0.997500000000066,0,0,0,25,45,true,0,0,25,0,0,0,0,0,0,0,0,0.20833333333333334,0,0,0,0,0,NA,0,0,0,
3222,0.5,adaptive-cluster,0.01,5,1,1,3,0.3,0.3,0.3,random,0,0,Randomly placed,0.9975000000000422,0,0,0,25,45,true,0,0,25,0,0,0,0,0,0,0,0,0.20833333333333334,0,0,0,0,0,NA,0,0,0,
3223,0.5,adaptive-cluster,0.01,5,0,1,4,0.3,0.3,0.3,random,0,0,Randomly placed,0.9975000000000582,0,0,0,25,45,true,0,0,25,0,0,0,0,0,0,0,0,0.20833333333333334,0,0,0,0,0,NA,0,0,0,
3217,0.5,adaptive-cluster,0.01,5,0,0,5,0.3,0.3,0.3,random,0,0,Randomly placed,0.9975000000000657,0,0,0,25,45,true,0,0,25,0,0,0,0,0,0,0,0,0.20833333333333334,0,0,0,0,0,NA,0,0,0,
3224,0.5,adaptive-cluster,0.01,5,0,0,5,0.3,0.3,0.3,random,0,0,Randomly placed,0.9975000000000527,0,0,0,25,45,true,0,0,25,0,0,0,0,0,0,0,0,0.20833333333333334,0,0,0,0,0,NA,0,0,0,
3225,0.5,adaptive-cluster,0.01,5,1,1,3,0.3,0.3,0.3,random,0,0,Randomly placed,0.9975000000000508,0,0,0,25,45,true,0,0,25,0,0,0,0,0,0,0,0,0.20833333333333334,0,0,0,0,0,NA,0,0,0,
3227,0.5,adaptive-cluster,0.01,5,1,0,4,0.3,0.3,0.3,random,0,0,Randomly placed,0.9975000000000364,0,0,0,25,45,true,0,0,25,0,0,0,0,0,0,0,0,0.20833333333333334,0,0,0,0,0,NA,0,0,0,
3226,0.5,adaptive-cluster,0.01,5,0,1,4,0.3,0.3,0.3,random,0,0,Randomly placed,0.9975000000000485,0,0,0,25,45,true,0,0,25,0,0,0,0,0,0,0,0,0.20833333333333334,0,0,0,0,0,NA,0,0,0,
3230,0.5,adaptive-cluster,0.01,5,0,0,5,0.3,0.3,0.3,random,0,0,Randomly placed,0.9975000000000421,0,0,0,25,45,true,0,0,25,0,0,0,0,0,0,0,0,0.20833333333333334,0,0,0,0,0,NA,0,0,0,
3229,0.5,adaptive-cluster,0.01,5,1,1,3,0.3,0.3,0.3,random,0,0,Randomly placed,0.997500000000044,0,0,0,25,45,true,0,0,25,0,0,0,0,0,0,0,0,0.20833333333333334,0,0,0,0,0,NA,0,0,0,
3228,0.5,adaptive-cluster,0.01,5,0,1,4,0.3,0.3,0.3,random,0,0,Randomly placed,0.9975000000000184,0,0,0,25,45,true,0,0,25,0,0,0,0,0,0,0,0,0.20833333333333334,0,0,0,0,0,NA,0,0,0,
3232,0.5,adaptive-cluster,0.01,5,0,1,4,0.3,0.3,0.3,random,0,0,Randomly placed,0.997500000000044,0,0,0,25,45,true,0,0,25,0,0,0,0,0,0,0,0,0.20833333333333334,0,0,0,0,0,NA,0,0,0,
3231,0.5,adaptive-cluster,0.01,5,1,2,2,0.3,0.3,0.3,random,0,0,Randomly placed,0.9975000000000431,0,0,0,25,45,true,0,0,25,0,0,0,0,0,0,0,0,0.20833333333333334,0,0,0,0,0,NA,0,0,0,
3235,0.5,adaptive-cluster,0.01,5,2,2,1,0.3,0.3,0.3,random,0,0,Randomly placed,0.9975000000000681,0,0,0,25,45,true,0,0,25,0,0,0,0,0,0,0,0,0.20833333333333334,0,0,0,0,0,NA,0,0,0,
3233,0.5,adaptive-cluster,0.01,5,0,1,4,0.3,0.3,0.3,random,0,0,Randomly placed,0.9975000000000256,0,0,0,25,45,true,0,0,25,0,0,0,0,0,0,0,0,0.20833333333333334,0,0,0,0,0,NA,0,0,0,
3234,0.5,adaptive-cluster,0.01,5,0,1,4,0.3,0.3,0.3,random,0,0,Randomly placed,0.9975000000000613,0,0,0,25,45,true,0,0,25,0,0,0,0,0,0,0,0,0.20833333333333334,0,0,0,0,0,NA,0,0,0,
3237,0.5,adaptive-cluster,0.01,5,0,1,4,0.3,0.3,0.3,random,0,0,Randomly placed,0.9975000000000191,0,0,0,25,45,true,0,0,25,1,0,0,1,0,0,0,0,0.20833333333333334,0,0,0,0,0,NA,0,0,0,
3236,0.5,adaptive-cluster,0.01,5,0,3,2,0.3,0.3,0.3,random,0,0,Randomly placed,0.9975000000000167,0,0,0,25,45,true,0,0,25,0,0,0,0,0,0,0,0,0.20833333333333334,0,0,0,0,0,NA,0,0,0,
3238,0.5,adaptive-cluster,0.01,5,2,0,3,0.3,0.3,0.3,random,0,0,Randomly placed,0.9975000000000521,0,0,0,25,45,true,0,0,25,0,0,0,0,0,0,0,0,0.20833333333333334,0,0,0,0,0,NA,0,0,0,
3240,0.5,adaptive-cluster,0.01,5,1,0,4,0.3,0.3,0.3,random,0,0,Randomly placed,0.9975000000000179,0,0,0,25,45,true,0,0,25,0,0,0,0,0,0,0,0,0.20833333333333334,0,0,0,0,0,NA,0,0,0,
3241,0.5,adaptive-cluster,0.01,5,1,1,3,0.3,0.3,0.3,random,0,0,Randomly placed,0.9975000000000278,0,0,0,25,45,true,0,0,25,0,0,0,0,0,0,0,0,0.20833333333333334,0,0,0,0,0,NA,0,0,0,
3239,0.5,adaptive-cluster,0.01,5,1,1,3,0.3,0.3,0.3,random,0,0,Randomly placed,0.9975000000000567,0,0,0,25,45,true,0,0,25,0,0,0,0,0,0,0,0,0.20833333333333334,0,0,0,0,0,NA,0,0,0,
3243,0.5,adaptive-cluster,0.01,5,0,2,3,0.3,0.3,0.3,random,0,0,Randomly placed,0.9975000000000607,0,0,0,25,45,true,0,0,25,0,0,0,0,0,0,0,0,0.20833333333333334,0,0,0,0,0,NA,0,0,0,
3245,0.5,adaptive-cluster,0.01,5,0,0,5,0.3,0.3,0.3,random,0,0,Randomly placed,0.9975000000000336,0,0,0,25,45,true,0,0,25,0,0,0,0,0,0,0,0,0.20833333333333334,0,0,0,0,0,NA,0,0,0,
3242,0.5,adaptive-cluster,0.01,5,1,0,4,0.3,0.3,0.3,random,0,0,Randomly placed,0.9975000000000555,0,0,0,25,45,true,0,0,25,0,0,0,0,0,0,0,0,0.20833333333333334,0,0,0,0,0,NA,0,0,0,
3244,0.5,adaptive-cluster,0.01,5,1,1,3,0.3,0.3,0.3,random,0,0,Randomly placed,0.997500000000033,0,0,0,25,45,true,0,0,25,0,0,0,0,0,0,0,0,0.20833333333333334,0,0,0,0,0,NA,0,0,0,
3246,0.5,adaptive-cluster,0.01,5,0,1,4,0.3,0.3,0.3,random,0,0,Randomly placed,0.997500000000025,0,0,0,25,45,true,0,0,25,0,0,0,0,0,0,0,0,0.20833333333333334,0,0,0,0,0,NA,0,0,0,
3247,0.5,adaptive-cluster,0.01,5,0,1,4,0.3,0.3,0.3,random,0,0,Randomly placed,0.9975000000000604,0,0,0,25,45,true,0,0,25,0,0,0,0,0,0,0,0,0.20833333333333334,0,0,0,0,0,NA,0,0,0,
3250,0.5,adaptive-cluster,0.01,5,2,1,2,0.3,0.3,0.3,random,0,0,Randomly placed,0.9975000000000718,0,0,0,25,45,true,0,0,25,0,0,0,0,0,0,0,0,0.20833333333333334,0,0,0,0,0,NA,0,0,0,
3248,0.5,adaptive-cluster,0.01,5,0,0,5,0.3,0.3,0.3,random,0,0,Randomly placed,0.9975000000000577,0,0,0,25,45,true,0,0,25,1,0,0,1,0,0,0,0,0.20833333333333334,0,0,0,0,0,NA,0,0,0,
3249,0.5,adaptive-cluster,0.01,5,0,1,4,0.3,0.3,0.3,random,0,0,Randomly placed,0.9975000000000132,0,0,0,25,45,true,0,0,25,0,0,0,0,0,0,0,0,0.20833333333333334,0,0,0,0,0,NA,0,0,0,
3252,0.5,adaptive-cluster,0.01,5,1,1,3,0.3,0.3,0.3,random,0,0,Randomly placed,0.9975000000000716,0,0,0,25,45,true,0,0,25,0,0,0,0,0,0,0,0,0.20833333333333334,0,0,0,0,0,NA,0,0,0,
3253,0.5,adaptive-cluster,0.01,5,0,1,4,0.3,0.3,0.3,random,0,0,Randomly placed,0.9975000000000431,0,0,0,25,45,true,0,0,25,0,0,0,0,0,0,0,0,0.20833333333333334,0,0,0,0,0,NA,0,0,0,
3255,0.5,adaptive-cluster,0.01,5,0,1,4,0.3,0.3,0.3,random,0,0,Randomly placed,0.9975000000000497,0,0,0,25,45,true,0,0,25,0,0,0,0,0,0,0,0,0.20833333333333334,0,0,0,0,0,NA,0,0,0,
3258,0.5,adaptive-cluster,0.01,5,1,0,4,0.3,0.3,0.3,random,0,0,Randomly placed,0.9975000000000431,0,0,0,25,45,true,0,0,25,0,0,0,0,0,0,0,0,0.20833333333333334,0,0,0,0,0,NA,0,0,0,
3254,0.5,adaptive-cluster,0.01,5,0,1,4,0.3,0.3,0.3,random,0,0,Randomly placed,0.9975000000000358,0,0,0,25,45,true,0,0,25,0,0,0,0,0,0,0,0,0.20833333333333334,0,0,0,0,0,NA,0,0,0,
3256,0.5,adaptive-cluster,0.01,5,0,3,2,0.3,0.3,0.3,random,0,0,Randomly placed,0.9975000000000129,0,0,0,25,45,true,0,0,25,0,0,0,0,0,0,0,0,0.20833333333333334,0,0,0,0,0,NA,0,0,0,
3251,0.5,adaptive-cluster,0.01,5,0,2,3,0.3,0.3,0.3,random,0,0,Randomly placed,0.9975000000000147,0,0,0,25,45,true,0,0,25,0,0,0,0,0,0,0,0,0.20833333333333334,0,0,0,0,0,NA,0,0,0,
3257,0.5,adaptive-cluster,0.01,5,1,1,3,0.3,0.3,0.3,random,0,0,Randomly placed,0.9975000000000397,0,0,0,25,45,true,0,0,25,0,0,0,0,0,0,0,0,0.20833333333333334,0,0,0,0,0,NA,0,0,0,
3259,0.5,adaptive-cluster,0.01,5,0,1,4,0.3,0.3,0.3,random,0,0,Randomly placed,0.9975000000000414,0,0,0,25,45,true,0,0,25,0,0,0,0,0,0,0,0,0.20833333333333334,0,0,0,0,0,NA,0,0,0,
3260,0.5,adaptive-cluster,0.01,5,1,1,3,0.3,0.3,0.3,random,0,0,Randomly placed,0.9975000000000152,0,0,0,25,45,true,0,0,25,1,1,0,0,0,0,0,0,0.20833333333333334,0,0,0,0,0,NA,0,0,0,
3262,0.5,adaptive-cluster,0.01,5,0,2,3,0.3,0.3,0.3,random,0,0,Randomly placed,0.9975000000000136,0,0,0,25,45,true,0,0,25,0,0,0,0,0,0,0,0,0.20833333333333334,0,0,0,0,0,NA,0,0,0,
3263,0.5,adaptive-cluster,0.01,5,0,1,4,0.3,0.3,0.3,random,0,0,Randomly placed,0.9975000000000508,0,0,0,25,45,true,0,0,25,0,0,0,0,0,0,0,0,0.20833333333333334,0,0,0,0,0,NA,0,0,0,
3261,0.5,adaptive-cluster,0.01,5,2,0,3,0.3,0.3,0.3,random,0,0,Randomly placed,0.9975000000000412,0,0,0,25,45,true,0,0,25,0,0,0,0,0,0,0,0,0.20833333333333334,0,0,0,0,0,NA,0,0,0,
3270,0.5,adaptive-cluster,0.01,5,0,1,4,0.3,0.3,0.3,random,0,0,Randomly placed,0.9975000000000412,0,0,0,25,45,true,0,0,25,0,0,0,0,0,0,0,0,0.20833333333333334,0,0,0,0,0,NA,0,0,0,
3267,0.5,adaptive-cluster,0.01,5,0,1,4,0.3,0.3,0.3,random,0,0,Randomly placed,0.997500000000048,0,0,0,25,45,true,0,0,25,0,0,0,0,0,0,0,0,0.20833333333333334,0,0,0,0,0,NA,0,0,0,
3268,0.5,adaptive-cluster,0.01,5,2,0,3,0.3,0.3,0.3,random,0,0,Randomly placed,0.9975000000000176,0,0,0,25,45,true,0,0,25,0,0,0,0,0,0,0,0,0.20833333333333334,0,0,0,0,0,NA,0,0,0,
3275,0.5,adaptive-cluster,0.01,5,0,0,5,0.3,0.3,0.3,random,0,0,Randomly placed,0.9975000000000659,0,0,0,25,45,true,0,0,25,0,0,0,0,0,0,0,0,0.20833333333333334,0,0,0,0,0,NA,0,0,0,
3271,0.5,adaptive-cluster,0.01,5,1,0,4,0.3,0.3,0.3,random,0,0,Randomly placed,0.9975000000000221,0,0,0,25,45,true,0,0,25,0,0,0,0,0,0,0,0,0.20833333333333334,0,0,0,0,0,NA,0,0,0,
3269,0.5,adaptive-cluster,0.01,5,0,1,4,0.3,0.3,0.3,random,0,0,Randomly placed,0.9975000000000144,0,0,0,25,45,true,0,0,25,0,0,0,0,0,0,0,0,0.20833333333333334,0,0,0,0,0,NA,0,0,0,
3264,0.5,adaptive-cluster,0.01,5,0,1,4,0.3,0.3,0.3,random,0,0,Randomly placed,0.9975000000000552,0,0,0,25,45,true,0,0,25,0,0,0,0,0,0,0,0,0.20833333333333334,0,0,0,0,0,NA,0,0,0,
3272,0.5,adaptive-cluster,0.01,5,1,1,3,0.3,0.3,0.3,random,0,0,Randomly placed,0.9975000000000366,0,0,0,25,45,true,0,0,25,0,0,0,0,0,0,0,0,0.20833333333333334,0,0,0,0,0,NA,0,0,0,
3274,0.5,adaptive-cluster,0.01,5,0,0,5,0.3,0.3,0.3,random,0,0,Randomly placed,0.9975000000000414,0,0,0,25,45,true,0,0,25,0,0,0,0,0,0,0,0,0.20833333333333334,0,0,0,0,0,NA,0,0,0,
3266,0.5,adaptive-cluster,0.01,5,0,1,4,0.3,0.3,0.3,random,0,0,Randomly placed,0.9975000000000346,0,0,0,25,45,true,0,0,25,0,0,0,0,0,0,0,0,0.20833333333333334,0,0,0,0,0,NA,0,0,0,
3265,0.5,adaptive-cluster,0.01,5,0,2,3,0.3,0.3,0.3,random,0,0,Randomly placed,0.9975000000000159,0,0,0,25,45,true,0,0,25,0,0,0,0,0,0,0,0,0.20833333333333334,0,0,0,0,0,NA,0,0,0,
3276,0.5,adaptive-cluster,0.01,5,1,2,2,0.3,0.3,0.3,random,0,0,Randomly placed,0.9975000000000694,0,0,0,25,45,true,0,0,25,0,0,0,0,0,0,0,0,0.20833333333333334,0,0,0,0,0,NA,0,0,0,
3277,0.5,adaptive-cluster,0.01,5,2,0,3,0.3,0.3,0.3,random,0,0,Randomly placed,0.9975000000000724,0,0,0,25,45,true,0,0,25,0,0,0,0,0,0,0,0,0.20833333333333334,0,0,0,0,0,NA,0,0,0,
3280,0.5,adaptive-cluster,0.01,5,1,0,4,0.3,0.3,0.3,random,0,0,Randomly placed,0.997500000000032,0,0,0,25,45,true,0,0,25,0,0,0,0,0,0,0,0,0.20833333333333334,0,0,0,0,0,NA,0,0,0,
3279,0.5,adaptive-cluster,0.01,5,0,1,4,0.3,0.3,0.3,random,0,0,Randomly placed,0.9975000000000132,0,0,0,25,45,true,0,0,25,0,0,0,0,0,0,0,0,0.20833333333333334,0,0,0,0,0,NA,0,0,0,
3273,0.5,adaptive-cluster,0.01,5,0,0,5,0.3,0.3,0.3,random,0,0,Randomly placed,0.9975000000000505,0,0,0,25,45,true,0,0,25,0,0,0,0,0,0,0,0,0.20833333333333334,0,0,0,0,0,NA,0,0,0,
3278,0.5,adaptive-cluster,0.01,5,0,1,4,0.3,0.3,0.3,random,0,0,Randomly placed,0.9975000000000555,0,0,0,25,45,true,0,0,25,0,0,0,0,0,0,0,0,0.20833333333333334,0,0,0,0,0,NA,0,0,0,
3281,0.5,adaptive-cluster,0.01,5,2,0,3,0.3,0.3,0.3,random,0,0,Randomly placed,0.9975000000000691,0,0,0,25,45,true,0,0,25,0,0,0,0,0,0,0,0,0.20833333333333334,0,0,0,0,0,NA,0,0,0,
3282,0.5,adaptive-cluster,0.01,5,1,3,1,0.3,0.3,0.3,random,0,0,Randomly placed,0.9975000000000342,0,0,0,25,45,true,0,0,25,0,0,0,0,0,0,0,0,0.20833333333333334,0,0,0,0,0,NA,0,0,0,
3283,0.5,adaptive-cluster,0.01,5,0,1,4,0.3,0.3,0.3,random,0,0,Randomly placed,0.9975000000000243,0,0,0,25,45,true,0,0,25,0,0,0,0,0,0,0,0,0.20833333333333334,0,0,0,0,0,NA,0,0,0,
3285,0.5,adaptive-cluster,0.01,5,0,0,5,0.3,0.3,0.3,random,0,0,Randomly placed,0.9975000000000671,0,0,0,25,45,true,0,0,25,0,0,0,0,0,0,0,0,0.20833333333333334,0,0,0,0,0,NA,0,0,0,
3287,0.5,adaptive-cluster,0.01,5,0,1,4,0.3,0.3,0.3,random,0,0,Randomly placed,0.9975000000000258,0,0,0,25,45,true,0,0,25,0,0,0,0,0,0,0,0,0.20833333333333334,0,0,0,0,0,NA,0,0,0,
3286,0.5,adaptive-cluster,0.01,5,1,0,4,0.3,0.3,0.3,random,0,0,Randomly placed,0.9975000000000493,0,0,0,25,45,true,0,0,25,0,0,0,0,0,0,0,0,0.20833333333333334,0,0,0,0,0,NA,0,0,0,
3284,0.5,adaptive-cluster,0.01,5,0,0,5,0.3,0.3,0.3,random,0,0,Randomly placed,0.9975000000000303,0,0,0,25,45,true,0,0,25,0,0,0,0,0,0,0,0,0.20833333333333334,0,0,0,0,0,NA,0,0,0,
3288,0.5,adaptive-cluster,0.01,5,0,1,4,0.3,0.3,0.3,random,0,0,Randomly placed,0.9975000000000431,0,0,0,25,45,true,0,0,25,0,0,0,0,0,0,0,0,0.20833333333333334,0,0,0,0,0,NA,0,0,0,
3289,0.5,adaptive-cluster,0.01,5,1,0,4,0.3,0.3,0.3,random,0,0,Randomly placed,0.9975000000000339,0,0,0,25,45,true,0,0,25,0,0,0,0,0,0,0,0,0.20833333333333334,0,0,0,0,0,NA,0,0,0,
3290,0.5,adaptive-cluster,0.01,5,0,0,5,0.3,0.3,0.3,random,0,0,Randomly placed,0.9975000000000412,0,0,0,25,45,true,0,0,25,0,0,0,0,0,0,0,0,0.20833333333333334,0,0,0,0,0,NA,0,0,0,
3291,0.5,adaptive-cluster,0.01,5,0,0,5,0.3,0.3,0.3,random,0,0,Randomly placed,0.9975000000000632,0,0,0,25,45,true,0,0,25,0,0,0,0,0,0,0,0,0.20833333333333334,0,0,0,0,0,NA,0,0,0,
3292,0.5,adaptive-cluster,0.01,5,0,1,4,0.3,0.3,0.3,random,0,0,Randomly placed,0.9975000000000667,0,0,0,25,45,true,0,0,25,0,0,0,0,0,0,0,0,0.20833333333333334,0,0,0,0,0,NA,0,0,0,
3293,0.5,adaptive-cluster,0.01,5,0,1,4,0.3,0.3,0.3,random,0,0,Randomly placed,0.9975000000000456,0,0,0,25,45,true,0,0,25,0,0,0,0,0,0,0,0,0.20833333333333334,0,0,0,0,0,NA,0,0,0,
3298,0.5,adaptive-cluster,0.01,5,0,2,3,0.3,0.3,0.3,random,0,0,Randomly placed,0.9975000000000357,0,0,0,25,45,true,0,0,25,0,0,0,0,0,0,0,0,0.20833333333333334,0,0,0,0,0,NA,0,0,0,
3297,0.5,adaptive-cluster,0.01,5,0,1,4,0.3,0.3,0.3,random,0,0,Randomly placed,0.9975000000000256,0,0,0,25,45,true,0,0,25,0,0,0,0,0,0,0,0,0.20833333333333334,0,0,0,0,0,NA,0,0,0,
3294,0.5,adaptive-cluster,0.01,5,1,0,4,0.3,0.3,0.3,random,0,0,Randomly placed,0.997500000000048,0,0,0,25,45,true,0,0,25,0,0,0,0,0,0,0,0,0.20833333333333334,0,0,0,0,0,NA,0,0,0,
3296,0.5,adaptive-cluster,0.01,5,1,3,1,0.3,0.3,0.3,random,0,0,Randomly placed,0.9975000000000721,0,0,0,25,45,true,0,0,25,0,0,0,0,0,0,0,0,0.20833333333333334,0,0,0,0,0,NA,0,0,0,
3299,0.5,adaptive-cluster,0.01,5,1,0,4,0.3,0.3,0.3,random,0,0,Randomly placed,0.9975000000000563,0,0,0,25,45,true,0,0,25,0,0,0,0,0,0,0,0,0.20833333333333334,0,0,0,0,0,NA,0,0,0,
3302,0.5,adaptive-cluster,0.1,50,7,7,36,0.3,0.3,0.3,random,0,0,Randomly placed,0.9749999999999831,0,0,0,25,45,true,0,0,25,0,0,0,0,0,0,0,0,0.20833333333333334,0,0,0,0,0,NA,0,0,0,
3300,0.5,adaptive-cluster,0.01,5,1,0,4,0.3,0.3,0.3,random,0,0,Randomly placed,0.9975000000000173,0,0,0,25,45,true,0,0,25,0,0,0,0,0,0,0,0,0.20833333333333334,0,0,0,0,0,NA,0,0,0,
3303,0.5,adaptive-cluster,0.1,50,6,6,38,0.3,0.3,0.3,random,0,0,Randomly placed,0.9749999999999861,0,0,0,25,45,true,0,0,25,0,0,0,0,0,0,0,0,0.20833333333333334,0,0,0,0,0,NA,0,0,0,
3301,0.5,adaptive-cluster,0.1,50,8,10,32,0.3,0.3,0.3,random,0,0,Randomly placed,0.9749999999999822,0,0,0,25,45,true,0,0,29,1,0,1,0,1,0,1,0,0.24166666666666667,0,0,0,0,0,5.3851648071345055,0,0.16,0.035200000000000016,
3305,0.5,adaptive-cluster,0.1,50,0,9,41,0.3,0.3,0.3,random,0,0,Randomly placed,1.0149999999999815,0,0,0,25,45,true,0,0,25,0,0,0,0,0,0,0,0,0.20833333333333334,0,0,0,0,0,NA,0,0,0,
3304,0.5,adaptive-cluster,0.1,50,0,9,41,0.3,0.3,0.3,random,0,0,Randomly placed,1.054999999999983,0,0,0,25,45,true,0,0,28,2,0,0,2,1,0,0,1,0.23333333333333334,0,0,0,0,0,5.291502622129183,0,0.16,0.035200000000000016,
3295,0.5,adaptive-cluster,0.01,5,1,0,4,0.3,0.3,0.3,random,0,0,Randomly placed,0.9975000000000246,0,0,0,25,45,true,0,0,25,0,0,0,0,0,0,0,0,0.20833333333333334,0,0,0,0,0,NA,0,0,0,
3306,0.5,adaptive-cluster,0.1,50,2,12,36,0.3,0.3,0.3,random,0,0,Randomly placed,0.9749999999999818,0,0,0,25,45,true,0,0,33,2,0,1,1,2,0,1,1,0.275,0,0,0,0,0,3.998046397929868,0,0.32,0.08746666666666665,
3307,0.5,adaptive-cluster,0.1,50,3,6,41,0.3,0.3,0.3,random,0,0,Randomly placed,1.0149999999999821,0,0,0,25,45,true,0,0,29,1,1,0,0,1,1,0,0,0.24166666666666667,0,0,0,0,0,5.385164807134506,0,0.16,0.035200000000000016,
3308,0.5,adaptive-cluster,0.1,50,5,8,37,0.3,0.3,0.3,random,0,0,Randomly placed,1.0149999999999817,0,0,0,25,45,true,0,0,25,2,0,0,2,0,0,0,0,0.20833333333333334,0,0,0,0,0,NA,0,0,0,
3309,0.5,adaptive-cluster,0.1,50,9,3,38,0.3,0.3,0.3,random,0,0,Randomly placed,1.0149999999999857,0,0,0,25,45,true,0,0,25,0,0,0,0,0,0,0,0,0.20833333333333334,0,0,0,0,0,NA,0,0,0,
3310,0.5,adaptive-cluster,0.1,50,7,3,40,0.3,0.3,0.3,random,0,0,Randomly placed,0.9749999999999839,0,0,0,25,45,true,0,0,29,1,0,0,1,1,0,0,1,0.24166666666666667,0,0,0,0,0,5.3851648071345055,0,0.16,0.03520000000000001,
3311,0.5,adaptive-cluster,0.1,50,7,10,33,0.3,0.3,0.3,random,0,0,Randomly placed,0.974999999999984,0,0,0,25,45,true,0,0,25,0,0,0,0,0,0,0,0,0.20833333333333334,0,0,0,0,0,NA,0,0,0,
3315,0.5,adaptive-cluster,0.1,50,5,7,38,0.3,0.3,0.3,random,0,0,Randomly placed,1.0949999999999842,0,0,0,25,45,true,0,0,25,1,0,0,1,0,0,0,0,0.20833333333333334,0,0,0,0,0,NA,0,0,0,
3316,0.5,adaptive-cluster,0.1,50,3,5,42,0.3,0.3,0.3,random,0,0,Randomly placed,0.9749999999999851,0,0,0,25,45,true,0,0,25,0,0,0,0,0,0,0,0,0.20833333333333334,0,0,0,0,0,NA,0,0,0,
3321,0.5,adaptive-cluster,0.1,50,5,5,40,0.3,0.3,0.3,random,0,0,Randomly placed,0.9749999999999857,0,0,0,25,45,true,0,0,29,3,0,0,3,1,0,0,1,0.24166666666666667,0,0,0,0,0,5.385164807134506,0,0.16,0.03520000000000001,
3319,0.5,adaptive-cluster,0.1,50,5,5,40,0.3,0.3,0.3,random,0,0,Randomly placed,0.9749999999999848,0,0,0,25,45,true,0,0,29,1,0,0,1,1,0,0,1,0.24166666666666667,0,0,0,0,0,5.3851648071345055,0,0.16,0.03520000000000002,
3317,0.5,adaptive-cluster,0.1,50,3,5,42,0.3,0.3,0.3,random,0,0,Randomly placed,1.054999999999983,0,0,0,25,45,true,0,0,25,2,0,0,2,0,0,0,0,0.20833333333333334,0,0,0,0,0,NA,0,0,0,
3313,0.5,adaptive-cluster,0.1,50,7,7,36,0.3,0.3,0.3,random,0,0,Randomly placed,1.0149999999999828,0,0,0,25,45,true,0,0,25,0,0,0,0,0,0,0,0,0.20833333333333334,0,0,0,0,0,NA,0,0,0,
3314,0.5,adaptive-cluster,0.1,50,9,6,35,0.3,0.3,0.3,random,0,0,Randomly placed,0.9749999999999845,0,0,0,25,45,true,0,0,25,0,0,0,0,0,0,0,0,0.20833333333333334,0,0,0,0,0,NA,0,0,0,
3323,0.5,adaptive-cluster,0.1,50,3,6,41,0.3,0.3,0.3,random,0,0,Randomly placed,0.974999999999985,0,0,0,25,45,true,0,0,25,1,0,0,1,0,0,0,0,0.20833333333333334,0,0,0,0,0,NA,0,0,0,
3324,0.5,adaptive-cluster,0.1,50,3,14,33,0.3,0.3,0.3,random,0,0,Randomly placed,0.9749999999999829,0,0,0,25,45,true,0,0,25,0,0,0,0,0,0,0,0,0.20833333333333334,0,0,0,0,0,NA,0,0,0,
3318,0.5,adaptive-cluster,0.1,50,6,6,38,0.3,0.3,0.3,random,0,0,Randomly placed,1.0149999999999813,0,0,0,25,45,true,0,0,25,0,0,0,0,0,0,0,0,0.20833333333333334,0,0,0,0,0,NA,0,0,0,
3312,0.5,adaptive-cluster,0.1,50,7,8,35,0.3,0.3,0.3,random,0,0,Randomly placed,1.014999999999983,0,0,0,25,45,true,0,0,25,0,0,0,0,0,0,0,0,0.20833333333333334,0,0,0,0,0,NA,0,0,0,
3320,0.5,adaptive-cluster,0.1,50,1,8,41,0.3,0.3,0.3,random,0,0,Randomly placed,1.0149999999999832,0,0,0,25,45,true,0,0,25,0,0,0,0,0,0,0,0,0.20833333333333334,0,0,0,0,0,NA,0,0,0,
3322,0.5,adaptive-cluster,0.1,50,5,6,39,0.3,0.3,0.3,random,0,0,Randomly placed,0.9749999999999844,0,0,0,25,45,true,0,0,25,2,0,0,2,0,0,0,0,0.20833333333333334,0,0,0,0,0,NA,0,0,0,
3325,0.5,adaptive-cluster,0.1,50,4,8,38,0.3,0.3,0.3,random,0,0,Randomly placed,1.0149999999999817,0,0,0,25,45,true,0,0,25,0,0,0,0,0,0,0,0,0.20833333333333334,0,0,0,0,0,NA,0,0,0,
3326,0.5,adaptive-cluster,0.1,50,8,9,33,0.3,0.3,0.3,random,0,0,Randomly placed,0.974999999999981,0,0,0,25,45,true,0,0,25,1,0,0,1,0,0,0,0,0.20833333333333334,0,0,0,0,0,NA,0,0,0,
3328,0.5,adaptive-cluster,0.1,50,5,6,39,0.3,0.3,0.3,random,0,0,Randomly placed,1.0149999999999832,0,0,0,25,45,true,0,0,25,0,0,0,0,0,0,0,0,0.20833333333333334,0,0,0,0,0,NA,0,0,0,
3327,0.5,adaptive-cluster,0.1,50,5,8,37,0.3,0.3,0.3,random,0,0,Randomly placed,0.9749999999999854,0,0,0,25,45,true,0,0,25,0,0,0,0,0,0,0,0,0.20833333333333334,0,0,0,0,0,NA,0,0,0,
3330,0.5,adaptive-cluster,0.1,50,5,5,40,0.3,0.3,0.3,random,0,0,Randomly placed,1.0149999999999857,0,0,0,25,45,true,0,0,25,0,0,0,0,0,0,0,0,0.20833333333333334,0,0,0,0,0,NA,0,0,0,
3334,0.5,adaptive-cluster,0.1,50,6,8,36,0.3,0.3,0.3,random,0,0,Randomly placed,0.974999999999981,0,0,0,25,45,true,0,0,25,0,0,0,0,0,0,0,0,0.20833333333333334,0,0,0,0,0,NA,0,0,0,
3329,0.5,adaptive-cluster,0.1,50,4,10,36,0.3,0.3,0.3,random,0,0,Randomly placed,1.0149999999999826,0,0,0,25,45,true,0,0,25,1,0,0,1,0,0,0,0,0.20833333333333334,0,0,0,0,0,NA,0,0,0,
3335,0.5,adaptive-cluster,0.1,50,9,6,35,0.3,0.3,0.3,random,0,0,Randomly placed,1.014999999999986,0,0,0,25,45,true,0,0,25,1,0,1,0,0,0,0,0,0.20833333333333334,0,0,0,0,0,NA,0,0,0,
3338,0.5,adaptive-cluster,0.1,50,9,5,36,0.3,0.3,0.3,random,0,0,Randomly placed,1.0149999999999815,0,0,0,25,45,true,0,0,25,1,0,0,1,0,0,0,0,0.20833333333333334,0,0,0,0,0,NA,0,0,0,
3332,0.5,adaptive-cluster,0.1,50,6,4,40,0.3,0.3,0.3,random,0,0,Randomly placed,1.0149999999999826,0,0,0,25,45,true,0,0,25,0,0,0,0,0,0,0,0,0.20833333333333334,0,0,0,0,0,NA,0,0,0,
3331,0.5,adaptive-cluster,0.1,50,7,5,38,0.3,0.3,0.3,random,0,0,Randomly placed,1.014999999999982,0,0,0,25,45,true,0,0,25,1,0,0,1,0,0,0,0,0.20833333333333334,0,0,0,0,0,NA,0,0,0,
3339,0.5,adaptive-cluster,0.1,50,3,6,41,0.3,0.3,0.3,random,0,0,Randomly placed,0.9749999999999823,0,0,0,25,45,true,0,0,25,0,0,0,0,0,0,0,0,0.20833333333333334,0,0,0,0,0,NA,0,0,0,
3340,0.5,adaptive-cluster,0.1,50,5,4,41,0.3,0.3,0.3,random,0,0,Randomly placed,1.0149999999999844,0,0,0,25,45,true,0,0,29,1,1,0,0,1,1,0,0,0.24166666666666667,0,0,0,0,0,5.385164807134508,0,0.16,0.0352,
3333,0.5,adaptive-cluster,0.1,50,6,6,38,0.3,0.3,0.3,random,0,0,Randomly placed,1.0149999999999817,0,0,0,25,45,true,0,0,25,1,0,0,1,0,0,0,0,0.20833333333333334,0,0,0,0,0,NA,0,0,0,
3337,0.5,adaptive-cluster,0.1,50,7,4,39,0.3,0.3,0.3,random,0,0,Randomly placed,0.9749999999999833,0,0,0,25,45,true,0,0,25,1,1,0,0,0,0,0,0,0.20833333333333334,0,0,0,0,0,NA,0,0,0,
3341,0.5,adaptive-cluster,0.1,50,2,8,40,0.3,0.3,0.3,random,0,0,Randomly placed,0.9749999999999838,0,0,0,25,45,true,0,0,25,0,0,0,0,0,0,0,0,0.20833333333333334,0,0,0,0,0,NA,0,0,0,
3336,0.5,adaptive-cluster,0.1,50,9,7,34,0.3,0.3,0.3,random,0,0,Randomly placed,0.9749999999999817,0,0,0,25,45,true,0,0,29,1,0,0,1,1,0,0,1,0.24166666666666667,0,0,0,0,0,5.385164807134506,0,0.16,0.035200000000000016,
3343,0.5,adaptive-cluster,0.1,50,7,8,35,0.3,0.3,0.3,random,0,0,Randomly placed,1.0149999999999824,0,0,0,25,45,true,0,0,25,0,0,0,0,0,0,0,0,0.20833333333333334,0,0,0,0,0,NA,0,0,0,
3342,0.5,adaptive-cluster,0.1,50,3,13,34,0.3,0.3,0.3,random,0,0,Randomly placed,1.0149999999999844,0,0,0,25,45,true,0,0,25,0,0,0,0,0,0,0,0,0.20833333333333334,0,0,0,0,0,NA,0,0,0,
3345,0.5,adaptive-cluster,0.1,50,6,6,38,0.3,0.3,0.3,random,0,0,Randomly placed,1.0549999999999833,0,0,0,25,45,true,0,0,25,0,0,0,0,0,0,0,0,0.20833333333333334,0,0,0,0,0,NA,0,0,0,
3344,0.5,adaptive-cluster,0.1,50,5,7,38,0.3,0.3,0.3,random,0,0,Randomly placed,0.9749999999999831,0,0,0,25,45,true,0,0,25,1,0,0,1,0,0,0,0,0.20833333333333334,0,0,0,0,0,NA,0,0,0,
3346,0.5,adaptive-cluster,0.1,50,4,10,36,0.3,0.3,0.3,random,0,0,Randomly placed,0.9749999999999845,0,0,0,25,45,true,0,0,29,2,0,0,2,1,0,0,1,0.24166666666666667,0,0,0,0,0,5.385164807134507,0,0.16,0.03520000000000002,
3348,0.5,adaptive-cluster,0.1,50,7,9,34,0.3,0.3,0.3,random,0,0,Randomly placed,0.9749999999999849,0,0,0,25,45,true,0,0,25,0,0,0,0,0,0,0,0,0.20833333333333334,0,0,0,0,0,NA,0,0,0,
3347,0.5,adaptive-cluster,0.1,50,5,9,36,0.3,0.3,0.3,random,0,0,Randomly placed,0.9749999999999833,0,0,0,25,45,true,0,0,25,0,0,0,0,0,0,0,0,0.20833333333333334,0,0,0,0,0,NA,0,0,0,
3349,0.5,adaptive-cluster,0.1,50,3,11,36,0.3,0.3,0.3,random,0,0,Randomly placed,0.9749999999999831,0,0,0,25,45,true,0,0,25,0,0,0,0,0,0,0,0,0.20833333333333334,0,0,0,0,0,NA,0,0,0,
3350,0.5,adaptive-cluster,0.1,50,2,10,38,0.3,0.3,0.3,random,0,0,Randomly placed,1.0149999999999841,0,0,0,25,45,true,0,0,25,1,0,1,0,0,0,0,0,0.20833333333333334,0,0,0,0,0,NA,0,0,0,
3351,0.5,adaptive-cluster,0.1,50,11,9,30,0.3,0.3,0.3,random,0,0,Randomly placed,0.9749999999999817,0,0,0,25,45,true,0,0,25,0,0,0,0,0,0,0,0,0.20833333333333334,0,0,0,0,0,NA,0,0,0,
3352,0.5,adaptive-cluster,0.1,50,6,10,34,0.3,0.3,0.3,random,0,0,Randomly placed,1.054999999999987,0,0,0,25,45,true,0,0,25,0,0,0,0,0,0,0,0,0.20833333333333334,0,0,0,0,0,NA,0,0,0,
3353,0.5,adaptive-cluster,0.1,50,6,8,36,0.3,0.3,0.3,random,0,0,Randomly placed,1.0149999999999824,0,0,0,25,45,true,0,0,25,0,0,0,0,0,0,0,0,0.20833333333333334,0,0,0,0,0,NA,0,0,0,
3354,0.5,adaptive-cluster,0.1,50,6,6,38,0.3,0.3,0.3,random,0,0,Randomly placed,1.014999999999982,0,0,0,25,45,true,0,0,29,1,0,0,1,1,0,0,1,0.24166666666666667,0,0,0,0,0,5.385164807134505,0,0.16,0.03520000000000002,
3355,0.5,adaptive-cluster,0.1,50,4,10,36,0.3,0.3,0.3,random,0,0,Randomly placed,0.9749999999999832,0,0,0,25,45,true,0,0,25,2,0,0,2,0,0,0,0,0.20833333333333334,0,0,0,0,0,NA,0,0,0,
3356,0.5,adaptive-cluster,0.1,50,10,9,31,0.3,0.3,0.3,random,0,0,Randomly placed,0.9749999999999817,0,0,0,25,45,true,0,0,25,0,0,0,0,0,0,0,0,0.20833333333333334,0,0,0,0,0,NA,0,0,0,
3357,0.5,adaptive-cluster,0.1,50,5,9,36,0.3,0.3,0.3,random,0,0,Randomly placed,0.9749999999999829,0,0,0,25,45,true,0,0,29,2,1,0,1,1,1,0,0,0.24166666666666667,0,0,0,0,0,5.385164807134505,0,0.16,0.03520000000000001,
3358,0.5,adaptive-cluster,0.1,50,5,6,39,0.3,0.3,0.3,random,0,0,Randomly placed,1.0149999999999835,0,0,0,25,45,true,0,0,25,0,0,0,0,0,0,0,0,0.20833333333333334,0,0,0,0,0,NA,0,0,0,
3359,0.5,adaptive-cluster,0.1,50,6,6,38,0.3,0.3,0.3,random,0,0,Randomly placed,1.01499999999998,0,0,0,25,45,true,0,0,25,3,0,0,3,0,0,0,0,0.20833333333333334,0,0,0,0,0,NA,0,0,0,
3360,0.5,adaptive-cluster,0.1,50,8,6,36,0.3,0.3,0.3,random,0,0,Randomly placed,1.0149999999999826,0,0,0,25,45,true,0,0,25,1,0,0,1,0,0,0,0,0.20833333333333334,0,0,0,0,0,NA,0,0,0,
3361,0.5,adaptive-cluster,0.1,50,4,8,38,0.3,0.3,0.3,random,0,0,Randomly placed,1.0549999999999815,0,0,0,25,45,true,0,0,25,2,0,1,1,0,0,0,0,0.20833333333333334,0,0,0,0,0,NA,0,0,0,
3362,0.5,adaptive-cluster,0.1,50,6,9,35,0.3,0.3,0.3,random,0,0,Randomly placed,1.0549999999999826,0,0,0,25,45,true,0,0,25,1,0,0,1,0,0,0,0,0.20833333333333334,0,0,0,0,0,NA,0,0,0,
3363,0.5,adaptive-cluster,0.1,50,4,6,40,0.3,0.3,0.3,random,0,0,Randomly placed,0.974999999999981,0,0,0,25,45,true,0,0,25,0,0,0,0,0,0,0,0,0.20833333333333334,0,0,0,0,0,NA,0,0,0,
3364,0.5,adaptive-cluster,0.1,50,8,4,38,0.3,0.3,0.3,random,0,0,Randomly placed,0.9749999999999814,0,0,0,25,45,true,0,0,25,1,0,0,1,0,0,0,0,0.20833333333333334,0,0,0,0,0,NA,0,0,0,
3365,0.5,adaptive-cluster,0.1,50,9,8,33,0.3,0.3,0.3,random,0,0,Randomly placed,0.9749999999999809,0,0,0,25,45,true,0,0,25,0,0,0,0,0,0,0,0,0.20833333333333334,0,0,0,0,0,NA,0,0,0,
3366,0.5,adaptive-cluster,0.1,50,7,9,34,0.3,0.3,0.3,random,0,0,Randomly placed,0.9749999999999823,0,0,0,25,45,true,0,0,25,1,0,0,1,0,0,0,0,0.20833333333333334,0,0,0,0,0,NA,0,0,0,
3368,0.5,adaptive-cluster,0.1,50,5,6,39,0.3,0.3,0.3,random,0,0,Randomly placed,0.9749999999999861,0,0,0,25,45,true,0,0,25,0,0,0,0,0,0,0,0,0.20833333333333334,0,0,0,0,0,NA,0,0,0,
3370,0.5,adaptive-cluster,0.1,50,9,3,38,0.3,0.3,0.3,random,0,0,Randomly placed,0.974999999999981,0,0,0,25,45,true,0,0,25,1,0,0,1,0,0,0,0,0.20833333333333334,0,0,0,0,0,NA,0,0,0,
3369,0.5,adaptive-cluster,0.1,50,4,8,38,0.3,0.3,0.3,random,0,0,Randomly placed,0.9749999999999805,0,0,0,25,45,true,0,0,25,1,0,0,1,0,0,0,0,0.20833333333333334,0,0,0,0,0,NA,0,0,0,
3367,0.5,adaptive-cluster,0.1,50,4,8,38,0.3,0.3,0.3,random,0,0,Randomly placed,1.0149999999999817,0,0,0,25,45,true,0,0,28,2,0,0,2,1,0,0,1,0.23333333333333334,0,0,0,0,0,5.291502622129184,0,0.16,0.03520000000000002,
3371,0.5,adaptive-cluster,0.1,50,4,7,39,0.3,0.3,0.3,random,0,0,Randomly placed,0.9749999999999849,0,0,0,25,45,true,0,0,25,0,0,0,0,0,0,0,0,0.20833333333333334,0,0,0,0,0,NA,0,0,0,
3372,0.5,adaptive-cluster,0.1,50,5,7,38,0.3,0.3,0.3,random,0,0,Randomly placed,0.9749999999999822,0,0,0,25,45,true,0,0,25,1,0,1,0,0,0,0,0,0.20833333333333334,0,0,0,0,0,NA,0,0,0,
3373,0.5,adaptive-cluster,0.1,50,3,7,40,0.3,0.3,0.3,random,0,0,Randomly placed,1.0149999999999826,0,0,0,25,45,true,0,0,25,2,0,0,2,0,0,0,0,0.20833333333333334,0,0,0,0,0,NA,0,0,0,
3375,0.5,adaptive-cluster,0.1,50,6,5,39,0.3,0.3,0.3,random,0,0,Randomly placed,0.9749999999999844,0,0,0,25,45,true,0,0,25,0,0,0,0,0,0,0,0,0.20833333333333334,0,0,0,0,0,NA,0,0,0,
3376,0.5,adaptive-cluster,0.1,50,4,10,36,0.3,0.3,0.3,random,0,0,Randomly placed,0.9749999999999849,0,0,0,25,45,true,0,0,25,0,0,0,0,0,0,0,0,0.20833333333333334,0,0,0,0,0,NA,0,0,0,
3374,0.5,adaptive-cluster,0.1,50,4,6,40,0.3,0.3,0.3,random,0,0,Randomly placed,1.014999999999984,0,0,0,25,45,true,0,0,25,0,0,0,0,0,0,0,0,0.20833333333333334,0,0,0,0,0,NA,0,0,0,
3377,0.5,adaptive-cluster,0.1,50,4,9,37,0.3,0.3,0.3,random,0,0,Randomly placed,0.9749999999999823,0,0,0,25,45,true,0,0,25,0,0,0,0,0,0,0,0,0.20833333333333334,0,0,0,0,0,NA,0,0,0,
3378,0.5,adaptive-cluster,0.1,50,5,6,39,0.3,0.3,0.3,random,0,0,Randomly placed,0.974999999999984,0,0,0,25,45,true,0,0,25,2,0,0,2,0,0,0,0,0.20833333333333334,0,0,0,0,0,NA,0,0,0,
3379,0.5,adaptive-cluster,0.1,50,5,9,36,0.3,0.3,0.3,random,0,0,Randomly placed,0.9749999999999827,0,0,0,25,45,true,0,0,25,2,0,1,1,0,0,0,0,0.20833333333333334,0,0,0,0,0,NA,0,0,0,
3381,0.5,adaptive-cluster,0.1,50,4,3,43,0.3,0.3,0.3,random,0,0,Randomly placed,1.0149999999999877,0,0,0,25,45,true,0,0,25,0,0,0,0,0,0,0,0,0.20833333333333334,0,0,0,0,0,NA,0,0,0,
3382,0.5,adaptive-cluster,0.1,50,5,7,38,0.3,0.3,0.3,random,0,0,Randomly placed,1.0149999999999826,0,0,0,25,45,true,0,0,29,1,0,0,1,1,0,0,1,0.24166666666666667,0,0,0,0,0,5.3851648071345055,0,0.16,0.03520000000000001,
3380,0.5,adaptive-cluster,0.1,50,2,10,38,0.3,0.3,0.3,random,0,0,Randomly placed,0.9749999999999844,0,0,0,25,45,true,0,0,25,1,1,0,0,0,0,0,0,0.20833333333333334,0,0,0,0,0,NA,0,0,0,
3383,0.5,adaptive-cluster,0.1,50,2,8,40,0.3,0.3,0.3,random,0,0,Randomly placed,0.9749999999999815,0,0,0,25,45,true,0,0,25,0,0,0,0,0,0,0,0,0.20833333333333334,0,0,0,0,0,NA,0,0,0,
3384,0.5,adaptive-cluster,0.1,50,7,6,37,0.3,0.3,0.3,random,0,0,Randomly placed,1.0149999999999852,0,0,0,25,45,true,0,0,25,0,0,0,0,0,0,0,0,0.20833333333333334,0,0,0,0,0,NA,0,0,0,
3385,0.5,adaptive-cluster,0.1,50,5,7,38,0.3,0.3,0.3,random,0,0,Randomly placed,0.9749999999999857,0,0,0,25,45,true,0,0,25,0,0,0,0,0,0,0,0,0.20833333333333334,0,0,0,0,0,NA,0,0,0,
3389,0.5,adaptive-cluster,0.1,50,4,6,40,0.3,0.3,0.3,random,0,0,Randomly placed,0.974999999999981,0,0,0,25,45,true,0,0,29,2,0,1,1,1,0,1,0,0.24166666666666667,0,0,0,0,0,5.3851648071345055,0,0.16,0.035200000000000016,
3387,0.5,adaptive-cluster,0.1,50,2,9,39,0.3,0.3,0.3,random,0,0,Randomly placed,1.0549999999999826,0,0,0,25,45,true,0,0,25,0,0,0,0,0,0,0,0,0.20833333333333334,0,0,0,0,0,NA,0,0,0,
3386,0.5,adaptive-cluster,0.1,50,4,6,40,0.3,0.3,0.3,random,0,0,Randomly placed,1.0149999999999837,0,0,0,25,45,true,0,0,29,1,0,0,1,1,0,0,1,0.24166666666666667,0,0,0,0,0,5.385164807134506,0,0.16,0.03520000000000001,
3390,0.5,adaptive-cluster,0.1,50,4,10,36,0.3,0.3,0.3,random,0,0,Randomly placed,1.0149999999999857,0,0,0,25,45,true,0,0,29,3,0,0,3,1,0,0,1,0.24166666666666667,0,0,0,0,0,5.385164807134507,0,0.16,0.035200000000000016,
3388,0.5,adaptive-cluster,0.1,50,4,6,40,0.3,0.3,0.3,random,0,0,Randomly placed,0.9749999999999849,0,0,0,25,45,true,0,0,28,3,0,1,2,1,0,1,0,0.23333333333333334,0,0,0,0,0,5.291502622129182,0,0.16,0.035200000000000016,
3391,0.5,adaptive-cluster,0.1,50,7,4,39,0.3,0.3,0.3,random,0,0,Randomly placed,0.9749999999999848,0,0,0,25,45,true,0,0,25,0,0,0,0,0,0,0,0,0.20833333333333334,0,0,0,0,0,NA,0,0,0,
3392,0.5,adaptive-cluster,0.1,50,5,7,38,0.3,0.3,0.3,random,0,0,Randomly placed,1.0149999999999837,0,0,0,25,45,true,0,0,25,0,0,0,0,0,0,0,0,0.20833333333333334,0,0,0,0,0,NA,0,0,0,
3393,0.5,adaptive-cluster,0.1,50,3,6,41,0.3,0.3,0.3,random,0,0,Randomly placed,0.9749999999999829,0,0,0,25,45,true,0,0,25,0,0,0,0,0,0,0,0,0.20833333333333334,0,0,0,0,0,NA,0,0,0,
3394,0.5,adaptive-cluster,0.1,50,3,5,42,0.3,0.3,0.3,random,0,0,Randomly placed,1.0149999999999832,0,0,0,25,45,true,0,0,25,1,0,0,1,0,0,0,0,0.20833333333333334,0,0,0,0,0,NA,0,0,0,
3397,0.5,adaptive-cluster,0.1,50,6,10,34,0.3,0.3,0.3,random,0,0,Randomly placed,1.0149999999999852,0,0,0,25,45,true,0,0,25,0,0,0,0,0,0,0,0,0.20833333333333334,0,0,0,0,0,NA,0,0,0,
3396,0.5,adaptive-cluster,0.1,50,6,10,34,0.3,0.3,0.3,random,0,0,Randomly placed,1.0149999999999828,0,0,0,25,45,true,0,0,25,1,0,1,0,0,0,0,0,0.20833333333333334,0,0,0,0,0,NA,0,0,0,
3395,0.5,adaptive-cluster,0.1,50,7,8,35,0.3,0.3,0.3,random,0,0,Randomly placed,1.0149999999999813,0,0,0,25,45,true,0,0,25,2,0,0,2,0,0,0,0,0.20833333333333334,0,0,0,0,0,NA,0,0,0,
3398,0.5,adaptive-cluster,0.1,50,1,4,45,0.3,0.3,0.3,random,0,0,Randomly placed,0.9749999999999831,0,0,0,25,45,true,0,0,25,0,0,0,0,0,0,0,0,0.20833333333333334,0,0,0,0,0,NA,0,0,0,
3400,0.5,adaptive-cluster,0.1,50,1,9,40,0.3,0.3,0.3,random,0,0,Randomly placed,0.9749999999999822,0,0,0,25,45,true,0,0,25,1,0,0,1,0,0,0,0,0.20833333333333334,0,0,0,0,0,NA,0,0,0,
3399,0.5,adaptive-cluster,0.1,50,2,6,42,0.3,0.3,0.3,random,0,0,Randomly placed,0.9749999999999822,0,0,0,25,45,true,0,0,25,0,0,0,0,0,0,0,0,0.20833333333333334,0,0,0,0,0,NA,0,0,0,
3402,0.5,adaptive-cluster,1,500,42,58,400,0.3,0.3,0.3,random,0,0,Randomly placed,1.022,0,0,0,25,45,true,0,0,39,8,0,0,8,4,0,0,4,0.325,0,0,0,0,0,2.9967087208961005,0,0.48,0.15680000000000008,
3403,0.5,adaptive-cluster,1,500,57,73,370,0.3,0.3,0.3,random,0,0,Randomly placed,1.078,0,0,0,25,45,true,0,0,32,6,0,1,5,2,0,1,1,0.26666666666666666,0,0,0,0,0,3.934955014703718,0,0.32,0.08746666666666662,
3401,0.5,adaptive-cluster,1,500,45,83,372,0.3,0.3,0.3,random,0,0,Randomly placed,0.966,0,0,0,25,45,true,0,0,45,17,1,4,12,7,0,1,6,0.375,0,0,0,0,0,2.725880906448595,0,0.52,0.18513333333333346,
3404,0.5,adaptive-cluster,1,500,41,74,385,0.3,0.3,0.3,random,0,0,Randomly placed,1.006,0,0,0,25,45,true,0,0,39,11,1,2,8,4,1,0,3,0.325,0,0,0,0,0,2.9967087208961014,0,0.64,0.24320000000000006,
3406,0.5,adaptive-cluster,1,500,49,74,377,0.3,0.3,0.3,random,0,0,Randomly placed,1.03,0,0,0,25,45,true,0,0,33,10,2,1,7,3,1,0,2,0.275,0,0,0,0,0,4.22788363132194,0,0.48,0.2101333333333335,
3405,0.5,adaptive-cluster,1,500,49,76,375,0.3,0.3,0.3,random,0,0,Randomly placed,0.986,0,0,0,25,45,true,0,0,29,10,0,0,10,1,0,0,1,0.24166666666666667,0,0,0,0,0,5.385164807134508,0,0.16,0.035200000000000016,
3407,0.5,adaptive-cluster,1,500,61,75,364,0.3,0.3,0.3,random,0,0,Randomly placed,0.974,0,0,0,25,45,true,0,0,28,6,0,1,5,1,0,0,1,0.23333333333333334,0,0,0,0,0,5.291502622129182,0,0.16,0.03520000000000002,
3408,0.5,adaptive-cluster,1,500,50,77,373,0.3,0.3,0.3,random,0,0,Randomly placed,1.018,0,0,0,25,45,true,0,0,39,13,1,1,11,5,1,0,4,0.325,0,0,0,0,0,3.190776180113383,0,0.64,0.29653333333333337,
3410,0.5,adaptive-cluster,1,500,47,69,384,0.3,0.3,0.3,random,0,0,Randomly placed,0.982,0,0,0,25,45,true,0,0,25,9,0,1,8,0,0,0,0,0.20833333333333334,0,0,0,0,0,NA,0,0,0,
3415,0.5,adaptive-cluster,1,500,46,67,387,0.3,0.3,0.3,random,0,0,Randomly placed,0.97,0,0,0,25,45,true,0,0,25,7,0,0,7,0,0,0,0,0.20833333333333334,0,0,0,0,0,NA,0,0,0,
3409,0.5,adaptive-cluster,1,500,46,74,380,0.3,0.3,0.3,random,0,0,Randomly placed,1.038,0,0,0,25,45,true,0,0,29,7,0,0,7,1,0,0,1,0.24166666666666667,0,0,0,0,0,5.385164807134508,0,0.16,0.03520000000000001,
3411,0.5,adaptive-cluster,1,500,41,76,383,0.3,0.3,0.3,random,0,0,Randomly placed,0.99,0,0,0,25,45,true,0,0,40,8,1,1,6,4,0,1,3,0.3333333333333333,0,0,0,0,0,3.0382181012509992,0,0.48,0.15680000000000008,
3414,0.5,adaptive-cluster,1,500,47,80,373,0.3,0.3,0.3,random,0,0,Randomly placed,0.986,0,0,0,25,45,true,0,0,25,4,0,1,3,0,0,0,0,0.20833333333333334,0,0,0,0,0,NA,0,0,0,
3413,0.5,adaptive-cluster,1,500,56,58,386,0.3,0.3,0.3,random,0,0,Randomly placed,1.002,0,0,0,25,45,true,0,0,44,10,2,0,8,5,2,0,3,0.36666666666666664,0,0,0,0,0,2.8251363416368456,0,0.64,0.24320000000000006,
3412,0.5,adaptive-cluster,1,500,45,74,381,0.3,0.3,0.3,random,0,0,Randomly placed,0.946,0,0,0,25,45,true,0,0,37,10,1,3,6,3,0,1,2,0.30833333333333335,0,0,0,0,0,3.412938345201704,0,0.48,0.15680000000000008,
3417,0.5,adaptive-cluster,1,500,56,68,376,0.3,0.3,0.3,random,0,0,Randomly placed,1.026,0,0,0,25,45,true,0,0,25,6,0,1,5,0,0,0,0,0.20833333333333334,0,0,0,0,0,NA,0,0,0,
3416,0.5,adaptive-cluster,1,500,35,93,372,0.3,0.3,0.3,random,0,0,Randomly placed,1.006,0,0,0,25,45,true,0,0,33,10,2,0,8,2,0,0,2,0.275,0,0,0,0,0,3.9980463979298686,0,0.32,0.08746666666666662,
3419,0.5,adaptive-cluster,1,500,58,67,375,0.3,0.3,0.3,random,0,0,Randomly placed,0.93,0,0,0,25,45,true,0,0,35,12,1,1,10,4,1,1,2,0.2916666666666667,0,0,0,0,0,2.824524947043413,0,0.16,0.035200000000000016,
3423,0.5,adaptive-cluster,1,500,50,70,380,0.3,0.3,0.3,random,0,0,Randomly placed,1.014,0,0,0,25,45,true,0,0,29,8,0,0,8,1,0,0,1,0.24166666666666667,0,0,0,0,0,5.385164807134507,0,0.16,0.035200000000000016,
3420,0.5,adaptive-cluster,1,500,53,78,369,0.3,0.3,0.3,random,0,0,Randomly placed,0.962,0,0,0,25,45,true,0,0,25,3,1,0,2,0,0,0,0,0.20833333333333334,0,0,0,0,0,NA,0,0,0,
3418,0.5,adaptive-cluster,1,500,40,65,395,0.3,0.3,0.3,random,0,0,Randomly placed,0.998,0,0,0,25,45,true,0,0,32,7,1,0,6,2,0,0,2,0.26666666666666666,0,0,0,0,0,3.934955014703718,0,0.16,0.03520000000000002,
3421,0.5,adaptive-cluster,1,500,56,74,370,0.3,0.3,0.3,random,0,0,Randomly placed,0.998,0,0,0,25,45,true,0,0,25,5,0,3,2,0,0,0,0,0.20833333333333334,0,0,0,0,0,NA,0,0,0,
3425,0.5,adaptive-cluster,1,500,40,77,383,0.3,0.3,0.3,random,0,0,Randomly placed,1.022,0,0,0,25,45,true,0,0,40,7,2,0,5,4,1,0,3,0.3333333333333333,0,0,0,0,0,3.038218101250999,0,0.48,0.15680000000000008,
3431,0.5,adaptive-cluster,1,500,43,77,380,0.3,0.3,0.3,random,0,0,Randomly placed,1.046,0,0,0,25,45,true,0,0,25,6,0,2,4,0,0,0,0,0.20833333333333334,0,0,0,0,0,NA,0,0,0,
3424,0.5,adaptive-cluster,1,500,47,72,381,0.3,0.3,0.3,random,0,0,Randomly placed,1.006,0,0,0,25,45,true,0,0,37,15,2,4,9,3,0,3,0,0.30833333333333335,0,0,0,0,0,3.412938345201704,0,0.48,0.15680000000000008,
3427,0.5,adaptive-cluster,1,500,59,67,374,0.3,0.3,0.3,random,0,0,Randomly placed,1.002,0,0,0,25,45,true,0,0,29,6,0,2,4,1,0,1,0,0.24166666666666667,0,0,0,0,0,5.3851648071345055,0,0.16,0.03520000000000001,
3428,0.5,adaptive-cluster,1,500,43,75,382,0.3,0.3,0.3,random,0,0,Randomly placed,1.002,0,0,0,25,45,true,0,0,33,8,0,2,6,2,0,0,2,0.275,0,0,0,0,0,3.998046397929868,0,0.32,0.08746666666666665,
3432,0.5,adaptive-cluster,1,500,41,70,389,0.3,0.3,0.3,random,0,0,Randomly placed,0.97,0,0,0,25,45,true,0,0,37,8,0,2,6,4,0,1,3,0.30833333333333335,0,0,0,0,0,3.6376694309528563,0,0.64,0.29653333333333337,
3426,0.5,adaptive-cluster,1,500,44,78,378,0.3,0.3,0.3,random,0,0,Randomly placed,1.038,0,0,0,25,45,true,0,0,32,8,1,2,5,2,0,1,1,0.26666666666666666,0,0,0,0,0,3.934955014703718,0,0.16,0.03520000000000002,
3429,0.5,adaptive-cluster,1,500,45,79,376,0.3,0.3,0.3,random,0,0,Randomly placed,0.994,0,0,0,25,45,true,0,0,36,8,0,2,6,3,0,1,2,0.3,0,0,0,0,0,3.363671463488329,0,0.32,0.08746666666666662,
3422,0.5,adaptive-cluster,1,500,50,79,371,0.3,0.3,0.3,random,0,0,Randomly placed,1.058,0,0,0,25,45,true,0,0,29,6,0,0,6,1,0,0,1,0.24166666666666667,0,0,0,0,0,5.3851648071345055,0,0.16,0.03520000000000001,
3436,0.5,adaptive-cluster,1,500,51,75,374,0.3,0.3,0.3,random,0,0,Randomly placed,0.994,0,0,0,25,45,true,0,0,34,7,2,0,5,3,1,0,2,0.2833333333333333,0,0,0,0,0,3.2628920678540134,0,0.16,0.035199999999999995,
3434,0.5,adaptive-cluster,1,500,44,64,392,0.3,0.3,0.3,random,0,0,Randomly placed,1.01,0,0,0,25,45,true,0,0,32,7,0,1,6,3,0,1,2,0.26666666666666666,0,0,0,0,0,4.161609834639789,0,0.48,0.21013333333333342,
3433,0.5,adaptive-cluster,1,500,45,65,390,0.3,0.3,0.3,random,0,0,Randomly placed,1.014,0,0,0,25,45,true,0,0,29,8,1,1,6,2,1,0,1,0.24166666666666667,0,0,0,0,0,5.385164807134506,0,0.32,0.14080000000000004,
3438,0.5,adaptive-cluster,1,500,43,84,373,0.3,0.3,0.3,random,0,0,Randomly placed,0.958,0,0,0,25,45,true,0,0,29,6,0,2,4,1,0,0,1,0.24166666666666667,0,0,0,0,0,5.3851648071345055,0,0.16,0.035200000000000016,
3430,0.5,adaptive-cluster,1,500,44,64,392,0.3,0.3,0.3,random,0,0,Randomly placed,0.974,0,0,0,25,45,true,0,0,33,3,1,0,2,2,1,0,1,0.275,0,0,0,0,0,3.998046397929869,0,0.32,0.08746666666666662,
3440,0.5,adaptive-cluster,1,500,46,64,390,0.3,0.3,0.3,random,0,0,Randomly placed,0.954,0,0,0,25,45,true,0,0,29,6,0,1,5,1,0,0,1,0.24166666666666667,0,0,0,0,0,5.385164807134505,0,0.16,0.035200000000000016,
3435,0.5,adaptive-cluster,1,500,39,97,364,0.3,0.3,0.3,random,0,0,Randomly placed,0.99,0,0,0,25,45,true,0,0,45,16,0,3,13,7,0,1,6,0.375,0,0,0,0,0,2.3562572126039325,0,0.96,0.4672,
3439,0.5,adaptive-cluster,1,500,45,76,379,0.3,0.3,0.3,random,0,0,Randomly placed,0.978,0,0,0,25,45,true,0,0,28,8,1,2,5,1,0,0,1,0.23333333333333334,0,0,0,0,0,5.291502622129185,0,0.16,0.03520000000000002,
3445,0.5,adaptive-cluster,1,500,51,72,377,0.3,0.3,0.3,random,0,0,Randomly placed,0.938,0,0,0,25,45,true,0,0,25,0,0,0,0,0,0,0,0,0.20833333333333334,0,0,0,0,0,NA,0,0,0,
3441,0.5,adaptive-cluster,1,500,44,72,384,0.3,0.3,0.3,random,0,0,Randomly placed,1.074,0,0,0,25,45,true,0,0,45,15,1,3,11,6,0,1,5,0.375,0,0,0,0,0,2.578318691071233,0,0.48,0.15680000000000008,
3447,0.5,adaptive-cluster,1,500,53,56,391,0.3,0.3,0.3,random,0,0,Randomly placed,1.006,0,0,0,25,45,true,0,0,33,3,1,0,2,2,1,0,1,0.275,0,0,0,0,0,3.9980463979298686,0,0.32,0.08746666666666662,
3444,0.5,adaptive-cluster,1,500,60,74,366,0.3,0.3,0.3,random,0,0,Randomly placed,1.022,0,0,0,25,45,true,0,0,39,13,0,2,11,5,0,0,5,0.325,0,0,0,0,0,2.64176974174909,0,0.48,0.15680000000000008,
3449,0.5,adaptive-cluster,1,500,43,70,387,0.3,0.3,0.3,random,0,0,Randomly placed,1.026,0,0,0,25,45,true,0,0,33,8,1,1,6,2,0,0,2,0.275,0,0,0,0,0,3.9980463979298686,0,0.32,0.08746666666666666,
3437,0.5,adaptive-cluster,1,500,45,86,369,0.3,0.3,0.3,random,0,0,Randomly placed,1.006,0,0,0,25,45,true,0,0,45,15,5,2,8,9,2,1,6,0.375,0,0,0,0,0,2.286322970901689,0,0.56,0.21786666666666674,
3446,0.5,adaptive-cluster,1,500,53,75,372,0.3,0.3,0.3,random,0,0,Randomly placed,0.982,0,0,0,25,45,true,0,0,32,5,1,0,4,2,1,0,1,0.26666666666666666,0,0,0,0,0,3.934955014703718,0,0.32,0.08746666666666665,
3450,0.5,adaptive-cluster,1,500,58,67,375,0.3,0.3,0.3,random,0,0,Randomly placed,1.002,0,0,0,25,45,true,0,0,41,12,0,2,10,4,0,0,4,0.3416666666666667,0,0,0,0,0,3.0791638475404333,0,0.64,0.24320000000000006,
3453,0.5,adaptive-cluster,1,500,44,77,379,0.3,0.3,0.3,random,0,0,Randomly placed,1.006,0,0,0,25,45,true,0,0,25,4,0,1,3,0,0,0,0,0.20833333333333334,0,0,0,0,0,NA,0,0,0,
3443,0.5,adaptive-cluster,1,500,59,89,352,0.3,0.3,0.3,random,0,0,Randomly placed,1.038,0,0,0,25,45,true,0,0,33,7,1,1,5,2,0,0,2,0.275,0,0,0,0,0,3.998046397929868,0,0.32,0.08746666666666662,
3448,0.5,adaptive-cluster,1,500,54,65,381,0.3,0.3,0.3,random,0,0,Randomly placed,0.946,0,0,0,25,45,true,0,0,36,10,1,1,8,3,0,1,2,0.3,0,0,0,0,0,3.3636714634883305,0,0.32,0.08746666666666666,
3451,0.5,adaptive-cluster,1,500,50,72,378,0.3,0.3,0.3,random,0,0,Randomly placed,0.978,0,0,0,25,45,true,0,0,32,7,1,1,5,3,1,0,2,0.26666666666666666,0,0,0,0,0,3.15887553152319,0,0.32,0.08746666666666664,
3454,0.5,adaptive-cluster,1,500,56,70,374,0.3,0.3,0.3,random,0,0,Randomly placed,0.946,0,0,0,25,45,true,0,0,29,5,0,4,1,1,0,1,0,0.24166666666666667,0,0,0,0,0,5.385164807134508,0,0.16,0.035200000000000016,
3452,0.5,adaptive-cluster,1,500,49,67,384,0.3,0.3,0.3,random,0,0,Randomly placed,0.962,0,0,0,25,45,true,0,0,28,5,0,1,4,1,0,0,1,0.23333333333333334,0,0,0,0,0,5.291502622129184,0,0.16,0.035200000000000016,
3456,0.5,adaptive-cluster,1,500,42,88,370,0.3,0.3,0.3,random,0,0,Randomly placed,1.03,0,0,0,25,45,true,0,0,31,5,0,2,3,2,0,2,0,0.25833333333333336,0,0,0,0,0,3.8708310907779646,0,0.32,0.08746666666666665,
3442,0.5,adaptive-cluster,1,500,46,68,386,0.3,0.3,0.3,random,0,0,Randomly placed,0.97,0,0,0,25,45,true,0,0,36,12,1,1,10,3,0,1,2,0.3,0,0,0,0,0,3.363671463488329,0,0.32,0.08746666666666662,
3455,0.5,adaptive-cluster,1,500,40,63,397,0.3,0.3,0.3,random,0,0,Randomly placed,0.99,0,0,0,25,45,true,0,0,34,10,1,3,6,3,0,0,3,0.2833333333333333,0,0,0,0,0,3.2628920678540125,0,0.16,0.03520000000000002,
3457,0.5,adaptive-cluster,1,500,46,73,381,0.3,0.3,0.3,random,0,0,Randomly placed,0.99,0,0,0,25,45,true,0,0,28,8,0,3,5,1,0,0,1,0.23333333333333334,0,0,0,0,0,5.291502622129182,0,0.16,0.03520000000000001,
3458,0.5,adaptive-cluster,1,500,48,79,373,0.3,0.3,0.3,random,0,0,Randomly placed,0.97,0,0,0,25,45,true,0,0,37,6,1,1,4,3,1,1,1,0.30833333333333335,0,0,0,0,0,3.412938345201704,0,0.48,0.15680000000000008,
3460,0.5,adaptive-cluster,1,500,42,87,371,0.3,0.3,0.3,random,0,0,Randomly placed,1.01,0,0,0,25,45,true,0,0,25,5,0,3,2,0,0,0,0,0.20833333333333334,0,0,0,0,0,NA,0,0,0,
3459,0.5,adaptive-cluster,1,500,33,75,392,0.3,0.3,0.3,random,0,0,Randomly placed,0.998,0,0,0,25,45,true,0,0,25,5,0,0,5,0,0,0,0,0.20833333333333334,0,0,0,0,0,NA,0,0,0,
3461,0.5,adaptive-cluster,1,500,70,65,365,0.3,0.3,0.3,random,0,0,Randomly placed,1.05,0,0,0,25,45,true,0,0,33,10,0,1,9,2,0,0,2,0.275,0,0,0,0,0,3.9980463979298686,0,0.32,0.08746666666666665,
3463,0.5,adaptive-cluster,1,500,58,75,367,0.3,0.3,0.3,random,0,0,Randomly placed,0.966,0,0,0,25,45,true,0,0,40,16,1,6,9,4,0,1,3,0.3333333333333333,0,0,0,0,0,3.038218101250998,0,0.48,0.15680000000000008,
3462,0.5,adaptive-cluster,1,500,49,76,375,0.3,0.3,0.3,random,0,0,Randomly placed,0.97,0,0,0,25,45,true,0,0,37,7,0,1,6,3,0,0,3,0.30833333333333335,0,0,0,0,0,3.412938345201704,0,0.48,0.15680000000000008,
3465,0.5,adaptive-cluster,1,500,43,78,379,0.3,0.3,0.3,random,0,0,Randomly placed,1.05,0,0,0,25,45,true,0,0,25,3,1,2,0,0,0,0,0,0.20833333333333334,0,0,0,0,0,NA,0,0,0,
3468,0.5,adaptive-cluster,1,500,54,72,374,0.3,0.3,0.3,random,0,0,Randomly placed,1.006,0,0,0,25,45,true,0,0,25,4,0,1,3,0,0,0,0,0.20833333333333334,0,0,0,0,0,NA,0,0,0,
3466,0.5,adaptive-cluster,1,500,48,68,384,0.3,0.3,0.3,random,0,0,Randomly placed,1.018,0,0,0,25,45,true,0,0,25,6,2,1,3,0,0,0,0,0.20833333333333334,0,0,0,0,0,NA,0,0,0,
3464,0.5,adaptive-cluster,1,500,45,75,380,0.3,0.3,0.3,random,0,0,Randomly placed,0.986,0,0,0,25,45,true,0,0,35,16,1,4,11,4,0,1,3,0.2916666666666667,0,0,0,0,0,3.5329332921892007,0,0.21333333333333332,0.0625777777777778,
3467,0.5,adaptive-cluster,1,500,46,72,382,0.3,0.3,0.3,random,0,0,Randomly placed,0.934,0,0,0,25,45,true,0,0,32,2,1,0,1,2,1,0,1,0.26666666666666666,0,0,0,0,0,3.934955014703718,0,0.32,0.08746666666666664,
3469,0.5,adaptive-cluster,1,500,52,78,370,0.3,0.3,0.3,random,0,0,Randomly placed,0.986,0,0,0,25,45,true,0,0,28,6,0,1,5,1,0,0,1,0.23333333333333334,0,0,0,0,0,5.291502622129184,0,0.16,0.03520000000000001,
3471,0.5,adaptive-cluster,1,500,54,70,376,0.3,0.3,0.3,random,0,0,Randomly placed,1.054,0,0,0,25,45,true,0,0,36,8,1,2,5,3,1,0,2,0.3,0,0,0,0,0,3.3636714634883305,0,0.48,0.15680000000000008,
3470,0.5,adaptive-cluster,1,500,51,73,376,0.3,0.3,0.3,random,0,0,Randomly placed,1.002,0,0,0,25,45,true,0,0,33,6,0,1,5,2,0,0,2,0.275,0,0,0,0,0,3.998046397929868,0,0.32,0.08746666666666662,
3473,0.5,adaptive-cluster,1,500,48,58,394,0.3,0.3,0.3,random,0,0,Randomly placed,1.03,0,0,0,25,45,true,0,0,29,7,1,1,5,1,0,0,1,0.24166666666666667,0,0,0,0,0,5.3851648071345055,0,0.16,0.03520000000000001,
3472,0.5,adaptive-cluster,1,500,57,66,377,0.3,0.3,0.3,random,0,0,Randomly placed,1.022,0,0,0,25,45,true,0,0,29,7,1,0,6,1,0,0,1,0.24166666666666667,0,0,0,0,0,5.385164807134506,0,0.16,0.035200000000000016,
3474,0.5,adaptive-cluster,1,500,56,71,373,0.3,0.3,0.3,random,0,0,Randomly placed,0.962,0,0,0,25,45,true,0,0,44,8,1,1,6,5,1,1,3,0.36666666666666664,0,0,0,0,0,2.825136341636844,0,0.8,0.34666666666666685,
3475,0.5,adaptive-cluster,1,500,48,75,377,0.3,0.3,0.3,random,0,0,Randomly placed,1.01,0,0,0,25,45,true,0,0,29,6,0,1,5,1,0,0,1,0.24166666666666667,0,0,0,0,0,5.385164807134505,0,0.16,0.03520000000000002,
3478,0.5,adaptive-cluster,1,500,51,66,383,0.3,0.3,0.3,random,0,0,Randomly placed,0.998,0,0,0,25,45,true,0,0,29,4,0,2,2,1,0,1,0,0.24166666666666667,0,0,0,0,0,5.385164807134505,0,0.16,0.03520000000000001,
3476,0.5,adaptive-cluster,1,500,62,80,358,0.3,0.3,0.3,random,0,0,Randomly placed,0.982,0,0,0,25,45,true,0,0,33,16,0,6,10,2,0,0,2,0.275,0,0,0,0,0,3.9980463979298686,0,0.32,0.08746666666666662,
3479,0.5,adaptive-cluster,1,500,50,87,363,0.3,0.3,0.3,random,0,0,Randomly placed,0.99,0,0,0,25,45,true,0,0,33,6,0,2,4,2,0,0,2,0.275,0,0,0,0,0,3.9980463979298686,0,0.32,0.08746666666666662,
3480,0.5,adaptive-cluster,1,500,53,77,370,0.3,0.3,0.3,random,0,0,Randomly placed,1.042,0,0,0,25,45,true,0,0,41,7,0,1,6,4,0,0,4,0.3416666666666667,0,0,0,0,0,3.0791638475404333,0,0.64,0.24320000000000006,
3477,0.5,adaptive-cluster,1,500,45,78,377,0.3,0.3,0.3,random,0,0,Randomly placed,0.974,0,0,0,25,45,true,0,0,41,18,1,5,12,4,0,1,3,0.3416666666666667,0,0,0,0,0,3.0791638475404337,0,0.64,0.24320000000000006,
3481,0.5,adaptive-cluster,1,500,57,58,385,0.3,0.3,0.3,random,0,0,Randomly placed,0.97,0,0,0,25,45,true,0,0,33,7,0,0,7,3,0,0,3,0.275,0,0,0,0,0,3.211308144666285,0,0.16,0.035200000000000016,
3482,0.5,adaptive-cluster,1,500,42,72,386,0.3,0.3,0.3,random,0,0,Randomly placed,1.078,0,0,0,25,45,true,0,0,29,10,5,0,5,1,0,0,1,0.24166666666666667,0,0,0,0,0,5.385164807134508,0,0.16,0.035200000000000016,
3483,0.5,adaptive-cluster,1,500,58,69,373,0.3,0.3,0.3,random,0,0,Randomly placed,1.018,0,0,0,25,45,true,0,0,29,6,1,1,4,1,0,1,0,0.24166666666666667,0,0,0,0,0,5.385164807134505,0,0.16,0.035200000000000016,
3486,0.5,adaptive-cluster,1,500,49,84,367,0.3,0.3,0.3,random,0,0,Randomly placed,1.002,0,0,0,25,45,true,0,0,29,6,0,2,4,1,0,0,1,0.24166666666666667,0,0,0,0,0,5.385164807134505,0,0.16,0.035200000000000016,
3485,0.5,adaptive-cluster,1,500,56,78,366,0.3,0.3,0.3,random,0,0,Randomly placed,0.962,0,0,0,25,45,true,0,0,43,14,1,3,10,6,0,0,6,0.35833333333333334,0,0,0,0,0,2.959604578192711,0,0.72,0.3127999999999999,
3487,0.5,adaptive-cluster,1,500,51,91,358,0.3,0.3,0.3,random,0,0,Randomly placed,1.01,0,0,0,25,45,true,0,0,35,6,2,2,2,3,1,2,0,0.2916666666666667,0,0,0,0,0,3.313667478318057,0,0.16,0.03520000000000001,
3484,0.5,adaptive-cluster,1,500,55,76,369,0.3,0.3,0.3,random,0,0,Randomly placed,0.994,0,0,0,25,45,true,0,0,44,10,2,1,7,6,2,0,4,0.36666666666666664,0,0,0,0,0,2.5457062193110103,0,0.64,0.24320000000000006,
3488,0.5,adaptive-cluster,1,500,44,75,381,0.3,0.3,0.3,random,0,0,Randomly placed,0.978,0,0,0,25,45,true,0,0,45,21,2,0,19,8,0,0,8,0.375,0,0,0,0,0,2.1748824419640793,0,1.12,0.6048000000000001,
3489,0.5,adaptive-cluster,1,500,39,73,388,0.3,0.3,0.3,random,0,0,Randomly placed,0.982,0,0,0,25,45,true,0,0,28,4,2,1,1,1,0,0,1,0.23333333333333334,0,0,0,0,0,5.291502622129182,0,0.16,0.0352,
3491,0.5,adaptive-cluster,1,500,53,75,372,0.3,0.3,0.3,random,0,0,Randomly placed,1.006,0,0,0,25,45,true,0,0,25,6,0,2,4,0,0,0,0,0.20833333333333334,0,0,0,0,0,NA,0,0,0,
3490,0.5,adaptive-cluster,1,500,49,64,387,0.3,0.3,0.3,random,0,0,Randomly placed,0.946,0,0,0,25,45,true,0,0,45,10,0,2,8,6,0,1,5,0.375,0,0,0,0,0,2.5783186910712326,0,0.64,0.24320000000000006,
3494,0.5,adaptive-cluster,1,500,64,68,368,0.3,0.3,0.3,random,0,0,Randomly placed,0.938,0,0,0,25,45,true,0,0,33,9,0,2,7,2,0,0,2,0.275,0,0,0,0,0,3.9980463979298686,0,0.32,0.08746666666666665,
3497,0.5,adaptive-cluster,1,500,49,73,378,0.3,0.3,0.3,random,0,0,Randomly placed,0.97,0,0,0,25,45,true,0,0,41,9,1,1,7,4,0,0,4,0.3416666666666667,0,0,0,0,0,3.0791638475404333,0,0.64,0.24320000000000006,
3496,0.5,adaptive-cluster,1,500,53,83,364,0.3,0.3,0.3,random,0,0,Randomly placed,0.966,0,0,0,25,45,true,0,0,32,8,0,1,7,2,0,0,2,0.26666666666666666,0,0,0,0,0,3.934955014703718,0,0.16,0.03520000000000002,
3495,0.5,adaptive-cluster,1,500,54,88,358,0.3,0.3,0.3,random,0,0,Randomly placed,0.982,0,0,0,25,45,true,0,0,45,18,1,4,13,7,0,3,4,0.375,0,0,0,0,0,2.356257212603934,0,0.32,0.08746666666666665,
3493,0.5,adaptive-cluster,1,500,62,68,370,0.3,0.3,0.3,random,0,0,Randomly placed,1.074,0,0,0,25,45,true,0,0,45,17,2,1,14,6,0,1,5,0.375,0,0,0,0,0,2.5783186910712326,0,0.48,0.15680000000000008,
3492,0.5,adaptive-cluster,1,500,41,85,374,0.3,0.3,0.3,random,0,0,Randomly placed,0.974,0,0,0,25,45,true,0,0,25,3,0,0,3,0,0,0,0,0.20833333333333334,0,0,0,0,0,NA,0,0,0,
3498,0.5,adaptive-cluster,1,500,62,78,360,0.3,0.3,0.3,random,0,0,Randomly placed,0.994,0,0,0,25,45,true,0,0,28,2,0,0,2,1,0,0,1,0.23333333333333334,0,0,0,0,0,5.291502622129184,0,0.16,0.03520000000000002,
3499,0.5,adaptive-cluster,1,500,47,65,388,0.3,0.3,0.3,random,0,0,Randomly placed,1.022,0,0,0,25,45,true,0,0,36,12,0,2,10,3,0,0,3,0.3,0,0,0,0,0,3.363671463488329,0,0.32,0.08746666666666662,
3500,0.5,adaptive-cluster,1,500,43,75,382,0.3,0.3,0.3,random,0,0,Randomly placed,0.994,0,0,0,25,45,true,0,0,43,9,0,4,5,5,0,3,2,0.35833333333333334,0,0,0,0,0,2.7894358535288784,0,0.64,0.24320000000000006,
3505,0.5,adaptive-cluster,7,3500,343,513,2644,0.3,0.3,0.3,random,0,0,Randomly placed,0.9717142857142856,0,0,0,25,45,true,0,0,45,79,9,12,58,15,2,1,12,0.375,0,0,0,0,0,2.022599587389726,0,1.16,0.7568666666666669,
3502,0.5,adaptive-cluster,7,3500,349,509,2642,0.3,0.3,0.3,random,0,0,Randomly placed,0.9974285714285714,0,0,0,25,45,true,0,0,45,78,8,16,54,30,4,5,21,0.375,0,0,0,0,0,1.2385842357671555,0,2.3085714285714287,2.2709224489795923,
3506,0.5,adaptive-cluster,7,3500,370,564,2566,0.3,0.3,0.3,random,0,0,Randomly placed,1.0351428571428571,0,0,0,25,45,true,0,0,45,67,9,8,50,20,2,4,14,0.375,0,0,0,0,0,1.6997660266797154,0,1.2266666666666666,0.7830518518518514,
3509,0.5,adaptive-cluster,7,3500,344,518,2638,0.3,0.3,0.3,random,0,0,Randomly placed,0.9928571428571429,0,0,0,25,45,true,0,0,45,83,12,12,59,24,2,3,19,0.375,0,0,0,0,0,1.3615040146169899,0,2.184,2.1372186666666675,
3504,0.5,adaptive-cluster,7,3500,349,508,2643,0.3,0.3,0.3,random,0,0,Randomly placed,0.9957142857142857,0,0,0,25,45,true,0,0,45,84,5,13,66,26,1,3,22,0.375,0,0,0,0,0,1.355239072061521,0,2.2800000000000002,2.381133333333335,
3508,0.5,adaptive-cluster,7,3500,323,508,2669,0.3,0.3,0.3,random,0,0,Randomly placed,0.9614285714285715,0,0,0,25,45,true,0,0,45,82,5,7,70,27,1,2,24,0.375,0,0,0,0,0,1.145919418253881,0,2.4266666666666667,2.5177185185185182,
3507,0.5,adaptive-cluster,7,3500,365,523,2612,0.3,0.3,0.3,random,0,0,Randomly placed,1.018,0,0,0,25,45,true,0,0,45,82,8,15,59,24,3,5,16,0.375,0,0,0,0,0,1.36150401461699,0,2.016,1.8763520000000002,
3501,0.5,adaptive-cluster,7,3500,345,549,2606,0.3,0.3,0.3,random,0,0,Randomly placed,1.0111428571428571,0,0,0,25,45,true,0,0,45,64,6,10,48,14,1,4,9,0.375,0,0,0,0,0,1.653550741785273,0,1.36,0.8632,
3511,0.5,adaptive-cluster,7,3500,372,502,2626,0.3,0.3,0.3,random,0,0,Randomly placed,1.0077142857142858,0,0,0,25,45,true,0,0,45,82,5,9,68,26,1,3,22,0.375,0,0,0,0,0,1.452238538415198,0,2.506666666666667,2.6959407407407414,
3503,0.5,adaptive-cluster,7,3500,375,504,2621,0.3,0.3,0.3,random,0,0,Randomly placed,0.9922857142857142,0,0,0,25,45,true,0,0,45,79,5,13,61,21,1,2,18,0.375,0,0,0,0,0,1.3397726387570958,0,1.845333333333333,1.5142257777777777,
3510,0.5,adaptive-cluster,7,3500,334,529,2637,0.3,0.3,0.3,random,0,0,Randomly placed,1.0471428571428572,0,0,0,25,45,true,0,0,45,71,8,14,49,30,2,6,22,0.375,0,0,0,0,0,1.4655126313775915,0,2.4800000000000004,2.9160592592592613,
3515,0.5,adaptive-cluster,7,3500,334,544,2622,0.3,0.3,0.3,random,0,0,Randomly placed,0.9311428571428572,0,0,0,25,45,true,0,0,45,85,8,18,59,28,3,7,18,0.375,0,0,0,0,0,1.2490720117503367,0,2.1013333333333333,1.8723413333333334,
3512,0.5,adaptive-cluster,7,3500,367,554,2579,0.3,0.3,0.3,random,0,0,Randomly placed,0.9597142857142857,0,0,0,25,45,true,0,0,45,66,2,16,48,24,1,6,17,0.375,0,0,0,0,0,1.677050983124842,0,2.52,2.7851333333333343,
3513,0.5,adaptive-cluster,7,3500,393,519,2588,0.3,0.3,0.3,random,0,0,Randomly placed,0.9837142857142858,0,0,0,25,45,true,0,0,45,64,7,9,48,25,2,4,19,0.375,0,0,0,0,0,1.1224972160321829,0,2.6133333333333337,2.763911111111113,
3516,0.5,adaptive-cluster,7,3500,378,534,2588,0.3,0.3,0.3,random,0,0,Randomly placed,0.9648571428571427,0,0,0,25,45,true,0,0,45,77,5,20,52,19,2,3,14,0.375,0,0,0,0,0,1.555447126806665,0,1.6,1.173333333333334,
3514,0.5,adaptive-cluster,7,3500,358,550,2592,0.3,0.3,0.3,random,0,0,Randomly placed,0.9797142857142856,0,0,0,25,45,true,0,0,45,79,11,11,57,24,4,3,17,0.375,0,0,0,0,0,1.4189765037455049,0,1.896,1.6548720000000006,
3517,0.5,adaptive-cluster,7,3500,347,555,2598,0.3,0.3,0.3,random,0,0,Randomly placed,1.0042857142857142,0,0,0,25,45,true,0,0,45,84,4,16,64,23,1,2,20,0.375,0,0,0,0,0,1.4220600138303625,0,2.2133333333333334,2.1936888888888895,
3519,0.5,adaptive-cluster,7,3500,338,550,2612,0.3,0.3,0.3,random,0,0,Randomly placed,0.9762857142857142,0,0,0,25,45,true,0,0,45,93,10,21,62,26,2,8,16,0.375,0,0,0,0,0,1.250739426269931,0,2.306666666666667,2.269311111111112,
3522,0.5,adaptive-cluster,7,3500,365,526,2609,0.3,0.3,0.3,random,0,0,Randomly placed,1.008857142857143,0,0,0,25,45,true,0,0,45,79,8,14,57,17,1,3,13,0.375,0,0,0,0,0,1.7200225314368767,0,1.2,0.7400000000000002,
3520,0.5,adaptive-cluster,7,3500,341,521,2638,0.3,0.3,0.3,random,0,0,Randomly placed,0.9574285714285714,0,0,0,25,45,true,0,0,45,93,11,16,66,20,1,5,14,0.375,0,0,0,0,0,1.4828565798362423,0,1.56,1.1528666666666665,
3524,0.5,adaptive-cluster,7,3500,326,541,2633,0.3,0.3,0.3,random,0,0,Randomly placed,0.9677142857142857,0,0,0,25,45,true,0,0,45,69,6,5,58,20,1,2,17,0.375,0,0,0,0,0,1.482856579836242,0,1.6,1.1600000000000006,
3521,0.5,adaptive-cluster,7,3500,344,529,2627,0.3,0.3,0.3,random,0,0,Randomly placed,0.986,0,0,0,25,45,true,0,0,45,92,8,15,69,21,3,5,13,0.375,0,0,0,0,0,1.1736911946539275,0,2.4,2.373333333333333,
3518,0.5,adaptive-cluster,7,3500,342,526,2632,0.3,0.3,0.3,random,0,0,Randomly placed,0.9962857142857143,0,0,0,25,45,true,0,0,45,78,6,11,61,27,3,3,21,0.375,0,0,0,0,0,1.3007379412930151,0,2.12,1.9598,
3523,0.5,adaptive-cluster,7,3500,371,534,2595,0.3,0.3,0.3,random,0,0,Randomly placed,1.002,0,0,0,25,45,true,0,0,45,67,11,10,46,24,6,5,13,0.375,0,0,0,0,0,1.4742101120754305,0,2.68,3.189133333333334,
3527,0.5,adaptive-cluster,7,3500,383,510,2607,0.3,0.3,0.3,random,0,0,Randomly placed,1.002,0,0,0,25,45,true,0,0,45,81,9,10,62,30,3,3,24,0.375,0,0,0,0,0,1.5337120744366355,0,3.786666666666666,6.2877629629629626,
3526,0.5,adaptive-cluster,7,3500,338,535,2627,0.3,0.3,0.3,random,0,0,Randomly placed,0.998,0,0,0,25,45,true,0,0,45,62,5,12,45,22,2,2,18,0.375,0,0,0,0,0,1.4866991053681071,0,1.9253333333333333,1.7547768888888893,
3528,0.5,adaptive-cluster,7,3500,340,524,2636,0.3,0.3,0.3,random,0,0,Randomly placed,1.0031428571428571,0,0,0,25,45,true,0,0,45,91,11,17,63,24,5,5,14,0.375,0,0,0,0,0,1.3014960796923456,0,2.453333333333333,2.5870222222222203,
3530,0.5,adaptive-cluster,7,3500,340,502,2658,0.3,0.3,0.3,random,0,0,Randomly placed,1.0522857142857143,0,0,0,25,45,true,0,0,45,79,11,10,58,23,1,4,18,0.375,0,0,0,0,0,1.2248501035841959,0,2.064,1.7989653333333329,
3525,0.5,adaptive-cluster,7,3500,356,563,2581,0.3,0.3,0.3,random,0,0,Randomly placed,0.9808571428571428,0,0,0,25,45,true,0,0,45,84,11,12,61,18,1,1,16,0.375,0,0,0,0,0,1.348399724926484,0,0.8320000000000001,0.375808,
3531,0.5,adaptive-cluster,7,3500,361,504,2635,0.3,0.3,0.3,random,0,0,Randomly placed,0.9842857142857142,0,0,0,25,45,true,0,0,45,85,13,12,60,29,6,5,18,0.375,0,0,0,0,0,1.370268167289328,0,2.4853333333333336,2.852916148148149,
3529,0.5,adaptive-cluster,7,3500,345,546,2609,0.3,0.3,0.3,random,0,0,Randomly placed,0.9825714285714285,0,0,0,25,45,true,0,0,45,79,6,10,63,31,4,3,24,0.375,0,0,0,0,0,1.0641161605308083,0,2.645333333333333,2.9458109629629607,
3533,0.5,adaptive-cluster,7,3500,343,516,2641,0.3,0.3,0.3,random,0,0,Randomly placed,0.9585714285714285,0,0,0,25,45,true,0,0,45,66,4,5,57,20,1,2,17,0.375,0,0,0,0,0,1.3185736094872995,0,1.44,0.984533333333333,
3532,0.5,adaptive-cluster,7,3500,331,524,2645,0.3,0.3,0.3,random,0,0,Randomly placed,0.9774285714285714,0,0,0,25,45,true,0,0,45,86,7,18,61,23,2,4,17,0.375,0,0,0,0,0,1.293930734291915,0,2.2,2.1150000000000007,
3534,0.5,adaptive-cluster,7,3500,347,536,2617,0.3,0.3,0.3,random,0,0,Randomly placed,0.9625714285714286,0,0,0,25,45,true,0,0,45,62,8,8,46,22,6,0,16,0.375,0,0,0,0,0,1.7236532324731602,0,1.504,1.2196053333333337,
3535,0.5,adaptive-cluster,7,3500,331,524,2645,0.3,0.3,0.3,random,0,0,Randomly placed,1.0294285714285716,0,0,0,25,45,true,0,0,45,78,9,6,63,23,4,1,18,0.375,0,0,0,0,0,1.2248501035841963,0,2.12,1.966466666666667,
3538,0.5,adaptive-cluster,7,3500,366,524,2610,0.3,0.3,0.3,random,0,0,Randomly placed,0.9574285714285714,0,0,0,25,45,true,0,0,45,72,12,7,53,18,3,3,12,0.375,0,0,0,0,0,1.2385842357671557,0,1.92,1.5488000000000002,
3536,0.5,adaptive-cluster,7,3500,391,542,2567,0.3,0.3,0.3,random,0,0,Randomly placed,1.0117142857142858,0,0,0,25,45,true,0,0,45,57,9,10,38,18,3,4,11,0.375,0,0,0,0,0,1.8768929838238708,0,2,1.82,
3539,0.5,adaptive-cluster,7,3500,332,513,2655,0.3,0.3,0.3,random,0,0,Randomly placed,0.99,0,0,0,25,45,true,0,0,45,83,7,14,62,30,3,4,23,0.375,0,0,0,0,0,1.356801050599936,0,2.1333333333333333,2.105185185185186,
3542,0.5,adaptive-cluster,7,3500,371,519,2610,0.3,0.3,0.3,random,0,0,Randomly placed,0.9962857142857143,0,0,0,25,45,true,0,0,45,90,8,22,60,21,1,4,16,0.375,0,0,0,0,0,1.3397726387570958,0,1.5573333333333332,1.094769777777778,
3540,0.5,adaptive-cluster,7,3500,363,527,2610,0.3,0.3,0.3,random,0,0,Randomly placed,0.9500000000000001,0,0,0,25,45,true,0,0,45,73,11,11,51,20,3,3,14,0.375,0,0,0,0,0,1.3185736094872993,0,1.6933333333333331,1.2581999999999995,
3543,0.5,adaptive-cluster,7,3500,340,534,2626,0.3,0.3,0.3,random,0,0,Randomly placed,1.0071428571428571,0,0,0,25,45,true,0,0,45,74,8,9,57,31,2,4,25,0.375,0,0,0,0,0,1.4457359037776438,0,3.306666666666666,4.859496296296295,
3537,0.5,adaptive-cluster,7,3500,344,533,2623,0.3,0.3,0.3,random,0,0,Randomly placed,1.0037142857142858,0,0,0,25,45,true,0,0,45,81,4,16,61,31,1,4,26,0.375,0,0,0,0,0,1.0181170330889941,0,3.2,4.266666666666668,
3544,0.5,adaptive-cluster,7,3500,309,527,2664,0.3,0.3,0.3,random,0,0,Randomly placed,1.0265714285714285,0,0,0,25,45,true,0,0,45,80,7,11,62,22,2,4,16,0.375,0,0,0,0,0,1.4866991053681065,0,2.48,2.7501333333333338,
3541,0.5,adaptive-cluster,7,3500,349,498,2653,0.3,0.3,0.3,random,0,0,Randomly placed,1.0842857142857143,0,0,0,25,45,true,0,0,45,82,9,8,65,28,3,3,22,0.375,0,0,0,0,0,1.3828939366683952,0,3.013333333333333,3.827466666666666,
3546,0.5,adaptive-cluster,7,3500,344,522,2634,0.3,0.3,0.3,random,0,0,Randomly placed,1.032857142857143,0,0,0,25,45,true,0,0,45,71,5,11,55,23,2,3,18,0.375,0,0,0,0,0,1.4819762656096125,0,1.8,1.5364814814814822,
3547,0.5,adaptive-cluster,7,3500,350,511,2639,0.3,0.3,0.3,random,0,0,Randomly placed,0.9854285714285714,0,0,0,25,45,true,0,0,45,79,10,4,65,27,5,1,21,0.375,0,0,0,0,0,1.3007379412930151,0,2.3333333333333335,2.377222222222222,
3545,0.5,adaptive-cluster,7,3500,353,523,2624,0.3,0.3,0.3,random,0,0,Randomly placed,0.9871428571428572,0,0,0,25,45,true,0,0,45,85,6,9,70,27,3,5,19,0.375,0,0,0,0,0,1.145919418253881,0,2.592,2.891221333333333,
3548,0.5,adaptive-cluster,7,3500,337,527,2636,0.3,0.3,0.3,random,0,0,Randomly placed,1.024857142857143,0,0,0,25,45,true,0,0,45,92,9,17,66,27,3,3,21,0.375,0,0,0,0,0,1.145919418253881,0,2.226666666666667,2.1091629629629636,
3551,0.5,adaptive-cluster,7,3500,341,511,2648,0.3,0.3,0.3,random,0,0,Randomly placed,1.0465714285714285,0,0,0,25,45,true,0,0,45,90,14,8,68,29,1,4,24,0.375,0,0,0,0,0,1.3702681672893284,0,3.072,4.250794666666667,
3550,0.5,adaptive-cluster,7,3500,320,544,2636,0.3,0.3,0.3,random,0,0,Randomly placed,0.9917142857142858,0,0,0,25,45,true,0,0,45,79,8,7,64,24,5,1,18,0.375,0,0,0,0,0,1.4189765037455042,0,2.16,2.081866666666666,
3555,0.5,adaptive-cluster,7,3500,339,564,2597,0.3,0.3,0.3,random,0,0,Randomly placed,1.006,0,0,0,25,45,true,0,0,45,71,8,16,47,25,4,4,17,0.375,0,0,0,0,0,1.3598128213437726,0,1.96,1.7755333333333334,
3559,0.5,adaptive-cluster,7,3500,315,529,2656,0.3,0.3,0.3,random,0,0,Randomly placed,0.97,0,0,0,25,45,true,0,0,45,76,7,15,54,24,1,3,20,0.375,0,0,0,0,0,1.6287107980351705,0,2.1333333333333333,2.1511111111111116,
3554,0.5,adaptive-cluster,7,3500,340,520,2640,0.3,0.3,0.3,random,0,0,Randomly placed,0.9557142857142857,0,0,0,25,45,true,0,0,45,88,9,10,69,21,1,1,19,0.375,0,0,0,0,0,1.2594724578112688,0,2.4533333333333336,2.480355555555556,
3549,0.5,adaptive-cluster,7,3500,329,523,2648,0.3,0.3,0.3,random,0,0,Randomly placed,0.9694285714285714,0,0,0,25,45,true,0,0,45,88,7,11,70,28,2,6,20,0.375,0,0,0,0,0,1.0442993940866747,0,2.2399999999999998,2.1362370370370365,
3552,0.5,adaptive-cluster,7,3500,364,535,2601,0.3,0.3,0.3,random,0,0,Randomly placed,0.9882857142857143,0,0,0,25,45,true,0,0,45,74,5,9,60,16,1,2,13,0.375,0,0,0,0,0,1.7124108304588381,0,1.04,0.6072000000000003,
3553,0.5,adaptive-cluster,7,3500,330,497,2673,0.3,0.3,0.3,random,0,0,Randomly placed,0.9831428571428571,0,0,0,25,45,true,0,0,45,89,7,16,66,19,1,3,15,0.375,0,0,0,0,0,1.7115381622641157,0,1.76,1.4725333333333332,
3556,0.5,adaptive-cluster,7,3500,385,491,2624,0.3,0.3,0.3,random,0,0,Randomly placed,0.9991428571428571,0,0,0,25,45,true,0,0,45,86,6,17,63,29,1,8,20,0.375,0,0,0,0,0,1.1999351403939746,0,3.013333333333333,3.7608,
3558,0.5,adaptive-cluster,7,3500,363,484,2653,0.3,0.3,0.3,random,0,0,Randomly placed,0.9865714285714285,0,0,0,25,45,true,0,0,45,66,7,10,49,10,2,3,5,0.375,0,0,0,0,0,1.891968671660675,0,0.8,0.3466666666666668,
3560,0.5,adaptive-cluster,7,3500,384,535,2581,0.3,0.3,0.3,random,0,0,Randomly placed,0.9905714285714285,0,0,0,25,45,true,0,0,45,78,9,8,61,16,4,0,12,0.375,0,0,0,0,0,1.6039944811172344,0,1.08,0.5971333333333333,
3557,0.5,adaptive-cluster,7,3500,343,532,2625,0.3,0.3,0.3,random,0,0,Randomly placed,0.9688571428571429,0,0,0,25,45,true,0,0,45,77,9,15,53,26,0,8,18,0.375,0,0,0,0,0,1.0751108628424464,0,2.506666666666667,2.5907555555555564,
3563,0.5,adaptive-cluster,7,3500,339,571,2590,0.3,0.3,0.3,random,0,0,Randomly placed,0.962,0,0,0,25,45,true,0,0,45,92,13,14,65,28,3,5,20,0.375,0,0,0,0,0,1.3828939366683952,0,2.853333333333333,3.541244444444444,
3564,0.5,adaptive-cluster,7,3500,315,549,2636,0.3,0.3,0.3,random,0,0,Randomly placed,0.9871428571428572,0,0,0,25,45,true,0,0,45,78,9,8,61,23,0,1,22,0.375,0,0,0,0,0,1.2939307342919144,0,2.2133333333333334,2.140355555555556,
3566,0.5,adaptive-cluster,7,3500,351,499,2650,0.3,0.3,0.3,random,0,0,Randomly placed,1.0202857142857142,0,0,0,25,45,true,0,0,45,82,9,13,60,23,1,6,16,0.375,0,0,0,0,0,1.422060013830363,0,2.432,2.583274666666667,
3565,0.5,adaptive-cluster,7,3500,359,530,2611,0.3,0.3,0.3,random,0,0,Randomly placed,0.9991428571428571,0,0,0,25,45,true,0,0,45,73,8,13,52,23,5,8,10,0.375,0,0,0,0,0,1.539562477045089,0,2.0533333333333337,1.9572444444444452,
3567,0.5,adaptive-cluster,7,3500,341,520,2639,0.3,0.3,0.3,random,0,0,Randomly placed,0.9831428571428571,0,0,0,25,45,true,0,0,45,91,12,12,67,28,3,3,22,0.375,0,0,0,0,0,1.339772638757096,0,2.037333333333333,1.9039905185185184,
3562,0.5,adaptive-cluster,7,3500,372,526,2602,0.3,0.3,0.3,random,0,0,Randomly placed,1.068857142857143,0,0,0,25,45,true,0,0,45,71,8,8,55,31,4,2,25,0.375,0,0,0,0,0,1.1082076128324163,0,3.1333333333333337,4.068333333333335,
3568,0.5,adaptive-cluster,7,3500,347,528,2625,0.3,0.3,0.3,random,0,0,Randomly placed,1.0191428571428571,0,0,0,25,45,true,0,0,45,79,2,12,65,21,1,4,16,0.375,0,0,0,0,0,1.339772638757096,0,1.44,0.9711999999999997,
3571,0.5,adaptive-cluster,7,3500,358,530,2612,0.3,0.3,0.3,random,0,0,Randomly placed,1.0105714285714285,0,0,0,25,45,true,0,0,45,70,12,9,49,19,7,0,12,0.375,0,0,0,0,0,1.4712043386265055,0,1.866666666666667,1.5555555555555571,
3572,0.5,adaptive-cluster,7,3500,327,580,2593,0.3,0.3,0.3,random,0,0,Randomly placed,1.0214285714285716,0,0,0,25,45,true,0,0,45,75,7,12,56,25,5,1,19,0.375,0,0,0,0,0,1.4129273287623951,0,2.144,1.9993268148148156,
3573,0.5,adaptive-cluster,7,3500,339,518,2643,0.3,0.3,0.3,random,0,0,Randomly placed,1.014,0,0,0,25,45,true,0,0,45,74,10,9,55,16,2,1,13,0.375,0,0,0,0,0,1.6039944811172344,0,1.6,1.1733333333333338,
3570,0.5,adaptive-cluster,7,3500,360,483,2657,0.3,0.3,0.3,random,0,0,Randomly placed,0.9534285714285715,0,0,0,25,45,true,0,0,45,85,11,6,68,20,3,2,15,0.375,0,0,0,0,0,1.130667542166614,0,1.92,1.5488,
3576,0.5,adaptive-cluster,7,3500,324,531,2645,0.3,0.3,0.3,random,0,0,Randomly placed,0.9768571428571429,0,0,0,25,45,true,0,0,45,93,5,10,78,26,2,1,23,0.375,0,0,0,0,0,1.1950678631014922,0,2.16,2.0418666666666665,
3569,0.5,adaptive-cluster,7,3500,338,509,2653,0.3,0.3,0.3,random,0,0,Randomly placed,1.0585714285714285,0,0,0,25,45,true,0,0,45,69,6,4,59,25,3,3,19,0.375,0,0,0,0,0,1.3598128213437726,0,1.8133333333333332,1.503466666666666,
3574,0.5,adaptive-cluster,7,3500,366,552,2582,0.3,0.3,0.3,random,0,0,Randomly placed,1.03,0,0,0,25,45,true,0,0,45,66,2,8,56,23,1,2,20,0.375,0,0,0,0,0,1.3595056873879614,0,2.6933333333333334,3.058755555555556,
3575,0.5,adaptive-cluster,7,3500,362,527,2611,0.3,0.3,0.3,random,0,0,Randomly placed,0.9882857142857143,0,0,0,25,45,true,0,0,45,62,7,7,48,17,3,0,14,0.375,0,0,0,0,0,1.6248018728879832,0,1.16,0.7568666666666669,
3578,0.5,adaptive-cluster,7,3500,339,529,2632,0.3,0.3,0.3,random,0,0,Randomly placed,0.9425714285714285,0,0,0,25,45,true,0,0,45,83,7,16,60,24,2,6,16,0.375,0,0,0,0,0,1.4189765037455047,0,3.04,3.9071999999999996,
3561,0.5,adaptive-cluster,7,3500,323,554,2623,0.3,0.3,0.3,random,0,0,Randomly placed,1.0191428571428571,0,0,0,25,45,true,0,0,45,84,11,23,50,30,5,8,17,0.375,0,0,0,0,0,1.3185736094872988,0,2.9333333333333336,3.6888888888888918,
3577,0.5,adaptive-cluster,7,3500,338,532,2630,0.3,0.3,0.3,random,0,0,Randomly placed,1.0694285714285714,0,0,0,25,45,true,0,0,45,81,12,17,52,24,1,8,15,0.375,0,0,0,0,0,1.172301058912459,0,1.824,1.481258666666667,
3579,0.5,adaptive-cluster,7,3500,340,507,2653,0.3,0.3,0.3,random,0,0,Randomly placed,0.9705714285714285,0,0,0,25,45,true,0,0,45,84,6,12,66,19,2,1,16,0.375,0,0,0,0,0,1.555447126806665,0,1.584,1.1886186666666672,
3584,0.5,adaptive-cluster,7,3500,347,515,2638,0.3,0.3,0.3,random,0,0,Randomly placed,0.9665714285714285,0,0,0,25,45,true,0,0,45,77,12,10,55,25,5,2,18,0.375,0,0,0,0,0,1.4129273287623951,0,2.546666666666667,2.8375777777777773,
3583,0.5,adaptive-cluster,7,3500,379,517,2604,0.3,0.3,0.3,random,0,0,Randomly placed,0.9477142857142857,0,0,0,25,45,true,0,0,45,83,5,21,57,27,1,3,23,0.375,0,0,0,0,0,1.4389951600707593,0,1.8880000000000001,1.6345813333333337,
3581,0.5,adaptive-cluster,7,3500,352,542,2606,0.3,0.3,0.3,random,0,0,Randomly placed,0.99,0,0,0,25,45,true,0,0,45,88,4,18,66,24,0,4,20,0.375,0,0,0,0,0,1.4189765037455047,0,1.9440000000000002,1.7336453333333335,
3582,0.5,adaptive-cluster,7,3500,324,520,2656,0.3,0.3,0.3,random,0,0,Randomly placed,1.0414285714285714,0,0,0,25,45,true,0,0,45,78,6,9,63,21,0,1,20,0.375,0,0,0,0,0,1.6216874328520052,0,1.9866666666666666,1.7646888888888885,
3586,0.5,adaptive-cluster,7,3500,341,548,2611,0.3,0.3,0.3,random,0,0,Randomly placed,0.9877142857142857,0,0,0,25,45,true,0,0,45,81,9,9,63,22,2,6,14,0.375,0,0,0,0,0,1.2039800637840656,0,1.706666666666667,1.2805333333333342,
3590,0.5,adaptive-cluster,7,3500,336,532,2632,0.3,0.3,0.3,random,0,0,Randomly placed,1.0054285714285716,0,0,0,25,45,true,0,0,45,80,4,9,67,23,3,2,18,0.375,0,0,0,0,0,1.4220600138303627,0,1.96,1.7622,
3580,0.5,adaptive-cluster,7,3500,356,502,2642,0.3,0.3,0.3,random,0,0,Randomly placed,1.0094285714285713,0,0,0,25,45,true,0,0,45,81,6,14,61,17,1,3,13,0.375,0,0,0,0,0,1.6248018728879827,0,1.5466666666666669,1.1381333333333332,
3593,0.5,adaptive-cluster,7,3500,326,520,2654,0.3,0.3,0.3,random,0,0,Randomly placed,0.9671428571428571,0,0,0,25,45,true,0,0,45,78,6,12,60,18,1,3,14,0.375,0,0,0,0,0,1.348399724926484,0,1.8,1.388333333333334,
3592,0.5,adaptive-cluster,7,3500,353,529,2618,0.3,0.3,0.3,random,0,0,Randomly placed,1.008857142857143,0,0,0,25,45,true,0,0,45,75,6,8,61,21,1,2,18,0.375,0,0,0,0,0,1.1736911946539275,0,2.08,1.8421333333333338,
3588,0.5,adaptive-cluster,7,3500,345,518,2637,0.3,0.3,0.3,random,0,0,Randomly placed,1.0425714285714285,0,0,0,25,45,true,0,0,45,79,9,12,58,26,4,2,20,0.375,0,0,0,0,0,1.1950678631014922,0,2.4,2.4681481481481478,
3585,0.5,adaptive-cluster,7,3500,343,505,2652,0.3,0.3,0.3,random,0,0,Randomly placed,1.0242857142857142,0,0,0,25,45,true,0,0,45,82,5,9,68,22,1,2,19,0.375,0,0,0,0,0,1.6095425896380477,0,1.8,1.5083333333333342,
3596,0.5,adaptive-cluster,7,3500,325,549,2626,0.3,0.3,0.3,random,0,0,Randomly placed,0.9974285714285714,0,0,0,25,45,true,0,0,45,76,4,19,53,24,1,7,16,0.375,0,0,0,0,0,1.527447737537717,0,1.5542857142857145,1.1503020408163267,
3597,0.5,adaptive-cluster,7,3500,341,508,2651,0.3,0.3,0.3,random,0,0,Randomly placed,0.9791428571428572,0,0,0,25,45,true,0,0,45,76,8,15,53,26,2,6,18,0.375,0,0,0,0,0,1.1950678631014922,0,2.0639999999999996,1.9034986666666658,
3595,0.5,adaptive-cluster,7,3500,368,517,2615,0.3,0.3,0.3,random,0,0,Randomly placed,1.0082857142857142,0,0,0,25,45,true,0,0,45,73,11,6,56,17,2,2,13,0.375,0,0,0,0,0,1.7200225314368767,0,1.2,0.7533333333333335,
3594,0.5,adaptive-cluster,7,3500,350,521,2629,0.3,0.3,0.3,random,0,0,Randomly placed,0.9814285714285714,0,0,0,25,45,true,0,0,45,61,6,10,45,28,2,7,19,0.375,0,0,0,0,0,1.0990751298259165,0,2.4457142857142857,2.571254421768708,
3587,0.5,adaptive-cluster,7,3500,365,513,2622,0.3,0.3,0.3,random,0,0,Randomly placed,1.0442857142857143,0,0,0,25,45,true,0,0,45,90,9,14,67,24,5,2,17,0.375,0,0,0,0,0,1.3615040146169903,0,2.16,2.1451999999999996,
3599,0.5,adaptive-cluster,7,3500,360,512,2628,0.3,0.3,0.3,random,0,0,Randomly placed,0.954,0,0,0,25,45,true,0,0,45,93,14,12,67,27,3,3,21,0.375,0,0,0,0,0,1.0894350310453058,0,2.88,3.458133333333334,
3598,0.5,adaptive-cluster,7,3500,356,529,2615,0.3,0.3,0.3,random,0,0,Randomly placed,0.9608571428571429,0,0,0,25,45,true,0,0,45,71,9,10,52,19,3,4,12,0.375,0,0,0,0,0,1.3818352462199666,0,1.68,1.2408,
3589,0.5,adaptive-cluster,7,3500,375,525,2600,0.3,0.3,0.3,random,0,0,Randomly placed,1.016857142857143,0,0,0,25,45,true,0,0,45,63,8,12,43,22,2,5,15,0.375,0,0,0,0,0,1.2039800637840659,0,1.3866666666666665,0.8957629629629626,
3600,0.5,adaptive-cluster,7,3500,345,511,2644,0.3,0.3,0.3,random,0,0,Randomly placed,0.9214285714285715,0,0,0,25,45,true,0,0,45,80,7,8,65,25,1,3,21,0.375,0,0,0,0,0,1.1862852638689938,0,1.9866666666666668,1.7046888888888887,
3591,0.5,adaptive-cluster,7,3500,353,517,2630,0.3,0.3,0.3,random,0,0,Randomly placed,1.0591428571428572,0,0,0,25,45,true,0,0,45,79,11,9,59,21,3,2,16,0.375,0,0,0,0,0,1.6848115566576345,0,1.6133333333333335,1.2366888888888885,
3610,0.5,timed-search,0.01,5,0,2,3,1,1,1,random,0,0,Randomly placed,0.9975000000000577,0,0,0,0,0,true,4.5,0,417,2,0,2,0,2,0,2,0,4.504374999999978,530,2,0,0,0,NA,0.44401276536700646,0,0,
3601,0.5,timed-search,0.01,5,0,1,4,1,1,1,random,0,0,Randomly placed,0.9975000000000327,0,0,0,0,0,true,4.5,0,423,1,0,0,1,1,0,0,1,4.523124999999955,531,0,1,0,0,NA,0.2210860853945027,0,0,
3614,0.5,timed-search,0.01,5,1,0,4,1,1,1,random,0,0,Randomly placed,0.9975000000000577,0,0,0,0,0,true,4.5,0,418,1,0,0,1,1,0,0,1,4.524999999999961,531,1,0,0,0,NA,0.22099447513812343,0,0,
3605,0.5,timed-search,0.01,5,2,0,3,1,1,1,random,0,0,Randomly placed,0.9975000000000539,0,0,0,0,0,true,4.5,0,444,1,1,0,0,1,1,0,0,4.524999999999962,531,1,0,0,0,NA,0.2209944751381234,0,0,
3611,0.5,timed-search,0.01,5,0,1,4,1,1,1,random,0,0,Randomly placed,0.9975000000000346,0,0,0,0,0,true,4.5,0,437,1,0,0,1,1,0,0,1,4.5249999999999675,531,0,0,1,0,NA,0.22099447513812315,0,0,
3607,0.5,timed-search,0.01,5,0,1,4,1,1,1,random,0,0,Randomly placed,0.997500000000048,0,0,0,0,0,true,4.5,0,448,2,0,1,1,2,0,1,1,4.523749999999969,533,0,2,0,0,NA,0.4421110804089558,0,0,
3602,0.5,timed-search,0.01,5,0,2,3,1,1,1,random,0,0,Randomly placed,0.9975000000000711,0,0,0,0,0,true,4.5,0,436,1,0,0,1,1,0,0,1,4.50374999999995,528,0,1,0,0,NA,0.2220371912295334,0,0,
3606,0.5,timed-search,0.01,5,1,0,4,1,1,1,random,0,0,Randomly placed,0.9975000000000181,0,0,0,0,0,true,4.5,0,465,0,0,0,0,0,0,0,0,4.508124999999956,528,0,0,0,0,NA,0,0,0,
3608,0.5,timed-search,0.01,5,1,0,4,1,1,1,random,0,0,Randomly placed,0.9975000000000314,0,0,0,0,0,true,4.5,0,431,1,0,0,1,1,0,0,1,4.507499999999967,529,1,0,0,0,NA,0.22185246810870932,0,0,
3615,0.5,timed-search,0.01,5,0,1,4,1,1,1,random,0,0,Randomly placed,0.9975000000000582,0,0,0,0,0,true,4.5,0,438,2,0,0,2,2,0,0,2,4.522499999999977,532,1,1,0,0,NA,0.44223327805417584,0,0,
3616,0.5,timed-search,0.01,5,1,0,4,1,1,1,random,0,0,Randomly placed,0.9975000000000204,0,0,0,0,0,true,4.5,0,450,0,0,0,0,0,0,0,0,4.508124999999955,528,0,0,0,0,NA,0,0,0,
3612,0.5,timed-search,0.01,5,0,2,3,1,1,1,random,0,0,Randomly placed,0.9975000000000197,0,0,0,0,0,true,4.5,0,443,0,0,0,0,0,0,0,0,4.508124999999955,528,0,0,0,0,NA,0,0,0,
3613,0.5,timed-search,0.01,5,0,1,4,1,1,1,random,0,0,Randomly placed,0.9975000000000295,0,0,0,0,0,true,4.5,0,443,0,0,0,0,0,0,0,0,4.511249999999957,528,0,0,0,0,NA,0,0,0,
3603,0.5,timed-search,0.01,5,1,1,3,1,1,1,random,0,0,Randomly placed,0.9975000000000512,0,0,0,0,0,true,4.5,0,406,1,0,0,1,1,0,0,1,4.51187499999995,529,0,1,0,0,NA,0.2216373458927854,0,0,
3604,0.5,timed-search,0.01,5,0,1,4,1,1,1,random,0,0,Randomly placed,0.9975000000000435,0,0,0,0,0,true,4.5,0,446,1,0,0,1,1,0,0,1,4.513749999999967,530,0,0,1,0,NA,0.2215452783162575,0,0,
3617,0.5,timed-search,0.01,5,0,1,4,1,1,1,random,0,0,Randomly placed,0.9975000000000595,0,0,0,0,0,true,4.5,0,455,0,0,0,0,0,0,0,0,4.508124999999956,528,0,0,0,0,NA,0,0,0,
3609,0.5,timed-search,0.01,5,0,0,5,1,1,1,random,0,0,Randomly placed,0.9975000000000487,0,0,0,0,0,true,4.5,0,460,1,0,0,1,1,0,0,1,4.503749999999968,529,0,0,1,0,NA,0.22203719122953253,0,0,
3618,0.5,timed-search,0.01,5,0,0,5,1,1,1,random,0,0,Randomly placed,0.9975000000000414,0,0,0,0,0,true,4.5,0,430,1,0,0,1,1,0,0,1,4.5012499999999545,528,1,0,0,0,NA,0.22216051096917747,0,0,
3625,0.5,timed-search,0.01,5,2,0,3,1,1,1,random,0,0,Randomly placed,0.9975000000000138,0,0,0,0,0,true,4.5,0,408,0,0,0,0,0,0,0,0,4.508124999999956,528,0,0,0,0,NA,0,0,0,
3624,0.5,timed-search,0.01,5,0,1,4,1,1,1,random,0,0,Randomly placed,0.9975000000000327,0,0,0,0,0,true,4.5,0,433,0,0,0,0,0,0,0,0,4.511249999999957,528,0,0,0,0,NA,0,0,0,
3627,0.5,timed-search,0.01,5,2,1,2,1,1,1,random,0,0,Randomly placed,0.9975000000000261,0,0,0,0,0,true,4.5,0,458,0,0,0,0,0,0,0,0,4.508124999999955,528,0,0,0,0,NA,0,0,0,
3622,0.5,timed-search,0.01,5,0,1,4,1,1,1,random,0,0,Randomly placed,0.9975000000000536,0,0,0,0,0,true,4.5,0,464,1,0,1,0,1,0,1,0,4.519999999999971,531,0,0,1,0,NA,0.22123893805309874,0,0,
3619,0.5,timed-search,0.01,5,1,0,4,1,1,1,random,0,0,Randomly placed,0.9975000000000702,0,0,0,0,0,true,4.5,0,425,1,0,0,1,1,0,0,1,4.5099999999999545,530,0,1,0,0,NA,0.22172949002217518,0,0,
3621,0.5,timed-search,0.01,5,0,1,4,1,1,1,random,0,0,Randomly placed,0.9975000000000239,0,0,0,0,0,true,4.5,0,445,1,0,0,1,1,0,0,1,4.506249999999966,529,1,0,0,0,NA,0.221914008321777,0,0,
3623,0.5,timed-search,0.01,5,1,1,3,1,1,1,random,0,0,Randomly placed,0.9975000000000576,0,0,0,0,0,true,4.5,0,425,0,0,0,0,0,0,0,0,4.511249999999957,528,0,0,0,0,NA,0,0,0,
3620,0.5,timed-search,0.01,5,2,0,3,1,1,1,random,0,0,Randomly placed,0.9975000000000191,0,0,0,0,0,true,4.5,0,436,2,1,0,1,2,1,0,1,4.506874999999973,530,0,1,1,0,NA,0.4437664678962722,0,0,
3631,0.5,timed-search,0.01,5,0,1,4,1,1,1,random,0,0,Randomly placed,0.9975000000000354,0,0,0,0,0,true,4.5,0,423,1,0,0,1,1,0,0,1,4.507499999999957,528,0,0,1,0,NA,0.22185246810870984,0,0,
3632,0.5,timed-search,0.01,5,0,0,5,1,1,1,random,0,0,Randomly placed,0.9975000000000213,0,0,0,0,0,true,4.5,0,459,3,0,0,3,3,0,0,3,4.519374999999959,531,1,0,2,0,NA,0.6638086018531383,0,0,
3629,0.5,timed-search,0.01,5,1,1,3,1,1,1,random,0,0,Randomly placed,0.9975000000000284,0,0,0,0,0,true,4.5,0,439,0,0,0,0,0,0,0,0,4.508124999999956,528,0,0,0,0,NA,0,0,0,
3626,0.5,timed-search,0.01,5,0,0,5,1,1,1,random,0,0,Randomly placed,0.9975000000000483,0,0,0,0,0,true,4.5,0,450,1,0,0,1,1,0,0,1,4.507499999999957,529,1,0,0,0,NA,0.22185246810870984,0,0,
3628,0.5,timed-search,0.01,5,1,2,2,1,1,1,random,0,0,Randomly placed,0.9975000000000471,0,0,0,0,0,true,4.5,0,430,1,0,0,1,1,0,0,1,4.511874999999955,530,0,0,1,0,NA,0.22163734589278516,0,0,
3630,0.5,timed-search,0.01,5,0,1,4,1,1,1,random,0,0,Randomly placed,0.9975000000000135,0,0,0,0,0,true,4.5,0,431,1,0,1,0,1,0,1,0,4.508124999999955,529,1,0,0,0,NA,0.22182171079994675,0,0,
3633,0.5,timed-search,0.01,5,0,1,4,1,1,1,random,0,0,Randomly placed,0.997500000000023,0,0,0,0,0,true,4.5,0,433,1,0,0,1,1,0,0,1,4.514999999999969,530,0,0,1,0,NA,0.22148394241417652,0,0,
3634,0.5,timed-search,0.01,5,0,0,5,1,1,1,random,0,0,Randomly placed,0.9975000000000542,0,0,0,0,0,true,4.5,0,420,0,0,0,0,0,0,0,0,4.506249999999956,528,0,0,0,0,NA,0,0,0,
3635,0.5,timed-search,0.01,5,0,0,5,1,1,1,random,0,0,Randomly placed,0.9975000000000148,0,0,0,0,0,true,4.5,0,422,2,0,0,2,2,0,0,2,4.502499999999967,530,0,0,2,0,NA,0.44419766796224647,0,0,
3636,0.5,timed-search,0.01,5,2,0,3,1,1,1,random,0,0,Randomly placed,0.9975000000000417,0,0,0,0,0,true,4.5,0,433,2,1,0,1,2,1,0,1,4.515624999999969,530,1,1,0,0,NA,0.44290657439446673,0,0,
3642,0.5,timed-search,0.01,5,0,0,5,1,1,1,random,0,0,Randomly placed,0.9975000000000508,0,0,0,0,0,true,4.5,0,436,0,0,0,0,0,0,0,0,4.508124999999955,528,0,0,0,0,NA,0,0,0,
3640,0.5,timed-search,0.01,5,1,1,3,1,1,1,random,0,0,Randomly placed,0.9975000000000406,0,0,0,0,0,true,4.5,0,445,0,0,0,0,0,0,0,0,4.511249999999957,528,0,0,0,0,NA,0,0,0,
3645,0.5,timed-search,0.01,5,0,0,5,1,1,1,random,0,0,Randomly placed,0.9975000000000334,0,0,0,0,0,true,4.5,0,443,1,0,0,1,1,0,0,1,4.503749999999968,529,1,0,0,0,NA,0.22203719122953253,0,0,
3643,0.5,timed-search,0.01,5,1,1,3,1,1,1,random,0,0,Randomly placed,0.9975000000000206,0,0,0,0,0,true,4.5,0,432,0,0,0,0,0,0,0,0,4.511249999999957,528,0,0,0,0,NA,0,0,0,
3644,0.5,timed-search,0.01,5,0,0,5,1,1,1,random,0,0,Randomly placed,0.9975000000000429,0,0,0,0,0,true,4.5,0,438,3,0,0,3,3,0,0,3,4.503124999999966,530,2,0,1,0,NA,0.666204024982656,0,0,
3638,0.5,timed-search,0.01,5,1,1,3,1,1,1,random,0,0,Randomly placed,0.9975000000000379,0,0,0,0,0,true,4.5,0,431,1,1,0,0,1,1,0,0,4.523124999999955,531,0,0,1,0,NA,0.2210860853945027,0,0,
3647,0.5,timed-search,0.01,5,1,1,3,1,1,1,random,0,0,Randomly placed,0.997500000000045,0,0,0,0,0,true,4.5,0,451,1,0,0,1,1,0,0,1,4.507499999999952,529,0,1,0,0,NA,0.22185246810871007,0,0,
3649,0.5,timed-search,0.01,5,0,0,5,1,1,1,random,0,0,Randomly placed,0.9975000000000268,0,0,0,0,0,true,4.5,0,446,0,0,0,0,0,0,0,0,4.508124999999955,528,0,0,0,0,NA,0,0,0,
3641,0.5,timed-search,0.01,5,0,2,3,1,1,1,random,0,0,Randomly placed,0.997500000000062,0,0,0,0,0,true,4.5,0,428,1,0,0,1,1,0,0,1,4.524999999999953,531,0,1,0,0,NA,0.22099447513812384,0,0,
3639,0.5,timed-search,0.01,5,3,1,1,1,1,1,random,0,0,Randomly placed,0.9975000000000804,0,0,0,0,0,true,4.5,0,469,0,0,0,0,0,0,0,0,4.506249999999956,528,0,0,0,0,NA,0,0,0,
3650,0.5,timed-search,0.01,5,0,0,5,1,1,1,random,0,0,Randomly placed,0.9975000000000385,0,0,0,0,0,true,4.5,0,421,2,0,0,2,2,0,0,2,4.5006249999999675,530,0,1,1,0,NA,0.44438272462158357,0,0,
3651,0.5,timed-search,0.01,5,0,2,3,1,1,1,random,0,0,Randomly placed,0.997500000000019,0,0,0,0,0,true,4.5,0,465,1,0,0,1,1,0,0,1,4.510624999999957,529,1,0,0,0,NA,0.22169876680061182,0,0,
3637,0.5,timed-search,0.01,5,0,0,5,1,1,1,random,0,0,Randomly placed,0.9975000000000667,0,0,0,0,0,true,4.5,0,425,1,0,0,1,1,0,0,1,4.523124999999955,531,0,1,0,0,NA,0.2210860853945027,0,0,
3646,0.5,timed-search,0.01,5,1,2,2,1,1,1,random,0,0,Randomly placed,0.9975000000000549,0,0,0,0,0,true,4.5,0,424,0,0,0,0,0,0,0,0,4.511249999999957,528,0,0,0,0,NA,0,0,0,
3654,0.5,timed-search,0.01,5,0,1,4,1,1,1,random,0,0,Randomly placed,0.9975000000000133,0,0,0,0,0,true,4.5,0,429,2,0,0,2,2,0,0,2,4.519999999999967,532,0,1,1,0,NA,0.44247787610619793,0,0,
3652,0.5,timed-search,0.01,5,0,0,5,1,1,1,random,0,0,Randomly placed,0.9975000000000604,0,0,0,0,0,true,4.5,0,428,1,0,0,1,1,0,0,1,4.512499999999968,530,0,0,1,0,NA,0.22160664819944753,0,0,
3648,0.5,timed-search,0.01,5,0,0,5,1,1,1,random,0,0,Randomly placed,0.9975000000000401,0,0,0,0,0,true,4.5,0,458,1,0,0,1,1,0,0,1,4.516874999999957,530,0,1,0,0,NA,0.22139200221392213,0,0,
3658,0.5,timed-search,0.01,5,1,1,3,1,1,1,random,0,0,Randomly placed,0.9975000000000107,0,0,0,0,0,true,4.5,0,413,1,1,0,0,1,1,0,0,4.512499999999955,530,0,1,0,0,NA,0.2216066481994482,0,0,
3653,0.5,timed-search,0.01,5,0,2,3,1,1,1,random,0,0,Randomly placed,0.997500000000053,0,0,0,0,0,true,4.5,0,436,0,0,0,0,0,0,0,0,4.508124999999955,528,0,0,0,0,NA,0,0,0,
3655,0.5,timed-search,0.01,5,1,0,4,1,1,1,random,0,0,Randomly placed,0.9975000000000505,0,0,0,0,0,true,4.5,0,430,1,0,0,1,1,0,0,1,4.518749999999968,531,0,0,1,0,NA,0.22130013831258802,0,0,
3656,0.5,timed-search,0.01,5,0,4,1,1,1,1,random,0,0,Randomly placed,0.9975000000000138,0,0,0,0,0,true,4.5,0,416,2,0,2,0,2,0,2,0,4.524374999999953,533,0,0,2,0,NA,0.44205000690703594,0,0,
3659,0.5,timed-search,0.01,5,0,1,4,1,1,1,random,0,0,Randomly placed,0.9975000000000374,0,0,0,0,0,true,4.5,0,453,0,0,0,0,0,0,0,0,4.508124999999955,528,0,0,0,0,NA,0,0,0,
3660,0.5,timed-search,0.01,5,0,1,4,1,1,1,random,0,0,Randomly placed,0.997500000000054,0,0,0,0,0,true,4.5,0,421,2,0,0,2,2,0,0,2,4.503124999999971,529,1,0,1,0,NA,0.44413601665510344,0,0,
3663,0.5,timed-search,0.01,5,1,0,4,1,1,1,random,0,0,Randomly placed,0.997500000000031,0,0,0,0,0,true,4.5,0,454,1,0,0,1,1,0,0,1,4.506874999999968,529,0,1,0,0,NA,0.22188323394813636,0,0,
3668,0.5,timed-search,0.01,5,2,0,3,1,1,1,random,0,0,Randomly placed,0.997500000000019,0,0,0,0,0,true,4.5,0,440,2,1,0,1,2,1,0,1,4.524999999999953,531,1,1,0,0,NA,0.4419889502762477,0,0,
3667,0.5,timed-search,0.01,5,0,1,4,1,1,1,random,0,0,Randomly placed,0.9975000000000468,0,0,0,0,0,true,4.5,0,426,1,0,1,0,1,0,1,0,4.5156249999999565,530,0,1,0,0,NA,0.22145328719723398,0,0,
3657,0.5,timed-search,0.01,5,0,3,2,1,1,1,random,0,0,Randomly placed,0.9975000000000619,0,0,0,0,0,true,4.5,0,428,1,0,1,0,1,0,1,0,4.511249999999964,529,0,1,0,0,NA,0.221668052091994,0,0,
3666,0.5,timed-search,0.01,5,0,1,4,1,1,1,random,0,0,Randomly placed,0.9975000000000792,0,0,0,0,0,true,4.5,0,450,1,0,0,1,1,0,0,1,4.500624999999954,528,0,0,1,0,NA,0.22219136231079242,0,0,
3662,0.5,timed-search,0.01,5,0,0,5,1,1,1,random,0,0,Randomly placed,0.9975000000000395,0,0,0,0,0,true,4.5,0,433,1,0,0,1,1,0,0,1,4.519374999999965,530,0,0,1,0,NA,0.22126953395104584,0,0,
3669,0.5,timed-search,0.01,5,0,1,4,1,1,1,random,0,0,Randomly placed,0.9975000000000216,0,0,0,0,0,true,4.5,0,445,0,0,0,0,0,0,0,0,4.511249999999957,528,0,0,0,0,NA,0,0,0,
3670,0.5,timed-search,0.01,5,1,0,4,1,1,1,random,0,0,Randomly placed,0.9975000000000379,0,0,0,0,0,true,4.5,0,467,1,0,0,1,1,0,0,1,4.515624999999954,530,0,1,0,0,NA,0.2214532871972341,0,0,
3664,0.5,timed-search,0.01,5,0,1,4,1,1,1,random,0,0,Randomly placed,0.9975000000000126,0,0,0,0,0,true,4.5,0,469,0,0,0,0,0,0,0,0,4.511249999999957,528,0,0,0,0,NA,0,0,0,
3665,0.5,timed-search,0.01,5,1,1,3,1,1,1,random,0,0,Randomly placed,0.9975000000000336,0,0,0,0,0,true,4.5,0,447,1,1,0,0,1,1,0,0,4.518749999999968,531,0,0,1,0,NA,0.22130013831258802,0,0,
3671,0.5,timed-search,0.01,5,2,1,2,1,1,1,random,0,0,Randomly placed,0.9975000000000295,0,0,0,0,0,true,4.5,0,452,2,1,0,1,2,1,0,1,4.501874999999951,529,0,2,0,0,NA,0.4442593363876211,0,0,
3680,0.5,timed-search,0.01,5,0,1,4,1,1,1,random,0,0,Randomly placed,0.9975000000000341,0,0,0,0,0,true,4.5,0,448,1,0,1,0,1,0,1,0,4.5124999999999655,530,0,0,1,0,NA,0.22160664819944767,0,0,
3673,0.5,timed-search,0.01,5,1,0,4,1,1,1,random,0,0,Randomly placed,0.9975000000000277,0,0,0,0,0,true,4.5,0,452,1,0,0,1,1,0,0,1,4.512499999999961,530,0,0,1,0,NA,0.2216066481994479,0,0,
3661,0.5,timed-search,0.01,5,1,2,2,1,1,1,random,0,0,Randomly placed,0.9975000000000306,0,0,0,0,0,true,4.5,0,451,1,1,0,0,1,1,0,0,4.507499999999965,529,1,0,0,0,NA,0.22185246810870946,0,0,
3674,0.5,timed-search,0.01,5,1,0,4,1,1,1,random,0,0,Randomly placed,0.9975000000000537,0,0,0,0,0,true,4.5,0,445,1,0,0,1,1,0,0,1,4.500624999999967,528,0,0,1,0,NA,0.2221913623107918,0,0,
3675,0.5,timed-search,0.01,5,0,0,5,1,1,1,random,0,0,Randomly placed,0.9975000000000389,0,0,0,0,0,true,4.5,0,457,0,0,0,0,0,0,0,0,4.511249999999957,528,0,0,0,0,NA,0,0,0,
3679,0.5,timed-search,0.01,5,0,0,5,1,1,1,random,0,0,Randomly placed,0.9975000000000145,0,0,0,0,0,true,4.5,0,432,2,0,0,2,2,0,0,2,4.51499999999996,531,1,0,1,0,NA,0.4429678848283539,0,0,
3682,0.5,timed-search,0.01,5,0,0,5,1,1,1,random,0,0,Randomly placed,0.9975000000000278,0,0,0,0,0,true,4.5,0,449,1,0,0,1,1,0,0,1,4.503749999999967,529,0,1,0,0,NA,0.22203719122953255,0,0,
3676,0.5,timed-search,0.01,5,2,0,3,1,1,1,random,0,0,Randomly placed,0.9975000000000169,0,0,0,0,0,true,4.5,0,429,0,0,0,0,0,0,0,0,4.508124999999956,528,0,0,0,0,NA,0,0,0,
3681,0.5,timed-search,0.01,5,1,0,4,1,1,1,random,0,0,Randomly placed,0.9975000000000249,0,0,0,0,0,true,4.5,0,432,1,1,0,0,1,1,0,0,4.524374999999967,531,1,0,0,0,NA,0.22102500345351728,0,0,
3678,0.5,timed-search,0.01,5,0,1,4,1,1,1,random,0,0,Randomly placed,0.9975000000000354,0,0,0,0,0,true,4.5,0,442,1,0,0,1,1,0,0,1,4.5031249999999545,529,0,0,1,0,NA,0.22206800832755255,0,0,
3688,0.5,timed-search,0.01,5,1,0,4,1,1,1,random,0,0,Randomly placed,0.9975000000000258,0,0,0,0,0,true,4.5,0,442,1,0,0,1,1,0,0,1,4.510624999999954,530,0,1,0,0,NA,0.22169876680061193,0,0,
3677,0.5,timed-search,0.01,5,0,2,3,1,1,1,random,0,0,Randomly placed,0.9975000000000629,0,0,0,0,0,true,4.5,0,433,3,0,1,2,3,0,1,2,4.516874999999985,533,0,2,1,0,NA,0.6641760066417624,0,0,
3687,0.5,timed-search,0.01,5,0,1,4,1,1,1,random,0,0,Randomly placed,0.9975000000000459,0,0,0,0,0,true,4.5,0,449,2,0,1,1,2,0,1,1,4.506874999999973,530,1,1,0,0,NA,0.4437664678962722,0,0,
3683,0.5,timed-search,0.01,5,0,0,5,1,1,1,random,0,0,Randomly placed,0.9975000000000187,0,0,0,0,0,true,4.5,0,459,0,0,0,0,0,0,0,0,4.511249999999957,528,0,0,0,0,NA,0,0,0,
3685,0.5,timed-search,0.01,5,2,0,3,1,1,1,random,0,0,Randomly placed,0.9975000000000187,0,0,0,0,0,true,4.5,0,439,0,0,0,0,0,0,0,0,4.511249999999957,528,0,0,0,0,NA,0,0,0,
3689,0.5,timed-search,0.01,5,1,1,3,1,1,1,random,0,0,Randomly placed,0.9975000000000167,0,0,0,0,0,true,4.5,0,422,1,0,0,1,1,0,0,1,4.503749999999962,529,0,1,0,0,NA,0.22203719122953283,0,0,
3672,0.5,timed-search,0.01,5,0,1,4,1,1,1,random,0,0,Randomly placed,0.9975000000000499,0,0,0,0,0,true,4.5,0,435,0,0,0,0,0,0,0,0,4.506249999999956,528,0,0,0,0,NA,0,0,0,
3686,0.5,timed-search,0.01,5,0,0,5,1,1,1,random,0,0,Randomly placed,0.9975000000000239,0,0,0,0,0,true,4.5,0,420,1,0,0,1,1,0,0,1,4.512499999999968,530,0,0,1,0,NA,0.22160664819944753,0,0,
3684,0.5,timed-search,0.01,5,3,1,1,1,1,1,random,0,0,Randomly placed,0.9975000000000466,0,0,0,0,0,true,4.5,0,466,0,0,0,0,0,0,0,0,4.508124999999955,528,0,0,0,0,NA,0,0,0,
3690,0.5,timed-search,0.01,5,0,1,4,1,1,1,random,0,0,Randomly placed,0.9975000000000128,0,0,0,0,0,true,4.5,0,447,1,0,0,1,1,0,0,1,4.512499999999961,530,1,0,0,0,NA,0.2216066481994479,0,0,
3692,0.5,timed-search,0.01,5,1,0,4,1,1,1,random,0,0,Randomly placed,0.9975000000000163,0,0,0,0,0,true,4.5,0,392,2,0,0,2,2,0,0,2,4.50437499999995,529,0,1,1,0,NA,0.44401276536700923,0,0,
3698,0.5,timed-search,0.01,5,0,0,5,1,1,1,random,0,0,Randomly placed,0.9975000000000434,0,0,0,0,0,true,4.5,0,417,2,0,0,2,2,0,0,2,4.51624999999998,532,0,0,2,0,NA,0.44284528092997705,0,0,
3697,0.5,timed-search,0.01,5,0,1,4,1,1,1,random,0,0,Randomly placed,0.9975000000000441,0,0,0,0,0,true,4.5,0,432,0,0,0,0,0,0,0,0,4.512499999999957,528,0,0,0,0,NA,0,0,0,
3695,0.5,timed-search,0.01,5,0,1,4,1,1,1,random,0,0,Randomly placed,0.9975000000000706,0,0,0,0,0,true,4.5,0,430,2,0,0,2,2,0,0,2,4.504374999999963,530,0,1,1,0,NA,0.44401276536700796,0,0,
3693,0.5,timed-search,0.01,5,0,1,4,1,1,1,random,0,0,Randomly placed,0.9975000000000235,0,0,0,0,0,true,4.5,0,427,1,0,0,1,1,0,0,1,4.511249999999953,530,0,1,0,0,NA,0.22166805209199453,0,0,
3703,0.5,timed-search,0.1,50,3,9,38,1,1,1,random,0,0,Randomly placed,0.9749999999999829,0,0,0,0,0,true,4.5,0,427,13,0,2,11,13,0,2,11,4.510624999999961,534,3,6,4,0,NA,2.8820839684079504,0,0,
3696,0.5,timed-search,0.01,5,1,0,4,1,1,1,random,0,0,Randomly placed,0.9975000000000656,0,0,0,0,0,true,4.5,0,427,2,0,0,2,2,0,0,2,4.508124999999975,530,2,0,0,0,NA,0.44364342159989156,0,0,
3691,0.5,timed-search,0.01,5,1,2,2,1,1,1,random,0,0,Randomly placed,0.997500000000025,0,0,0,0,0,true,4.5,0,414,1,0,0,1,1,0,0,1,4.510624999999953,530,0,1,0,0,NA,0.22169876680061198,0,0,
3702,0.5,timed-search,0.1,50,6,13,31,1,1,1,random,0,0,Randomly placed,0.9749999999999812,0,0,0,0,0,true,4.5,0,402,11,0,3,8,11,0,3,8,4.515624999999985,537,4,4,3,0,NA,2.435986159169558,0,0,
3709,0.5,timed-search,0.1,50,6,6,38,1,1,1,random,0,0,Randomly placed,0.9749999999999834,0,0,0,0,0,true,4.5,0,438,10,3,1,6,10,3,1,6,4.506249999999974,535,4,3,3,0,NA,2.219140083217766,0,0,
3708,0.5,timed-search,0.1,50,3,9,38,1,1,1,random,0,0,Randomly placed,0.9749999999999818,0,0,0,0,0,true,4.5,0,388,13,0,2,11,13,0,2,11,4.5237499999999695,537,6,4,3,0,NA,2.873722022658212,0,0,
3694,0.5,timed-search,0.01,5,2,1,2,1,1,1,random,0,0,Randomly placed,0.9975000000000565,0,0,0,0,0,true,4.5,0,477,0,0,0,0,0,0,0,0,4.508124999999956,528,0,0,0,0,NA,0,0,0,
3700,0.5,timed-search,0.01,5,0,0,5,1,1,1,random,0,0,Randomly placed,0.9975000000000338,0,0,0,0,0,true,4.5,0,433,2,0,0,2,2,0,0,2,4.520624999999964,532,1,1,0,0,NA,0.44241670123047494,0,0,
3701,0.5,timed-search,0.1,50,4,5,41,1,1,1,random,0,0,Randomly placed,1.094999999999981,0,0,0,0,0,true,4.5,0,426,10,1,0,9,10,1,0,9,4.509374999999963,534,2,3,5,0,NA,2.2176022176022356,0,0,
3710,0.5,timed-search,0.1,50,7,8,35,1,1,1,random,0,0,Randomly placed,0.9749999999999839,0,0,0,0,0,true,4.5,0,393,9,1,1,7,9,1,1,7,4.509374999999986,536,2,2,5,0,NA,1.995841995842002,0,0,
3706,0.5,timed-search,0.1,50,6,12,32,1,1,1,random,0,0,Randomly placed,1.0549999999999842,0,0,0,0,0,true,4.5,0,408,16,1,3,12,16,1,3,12,4.5193749999999735,538,4,4,8,0,NA,3.5403125432167264,0,0,
3705,0.5,timed-search,0.1,50,1,11,38,1,1,1,random,0,0,Randomly placed,0.9749999999999828,0,0,0,0,0,true,4.5,0,429,9,0,1,8,9,0,1,8,4.501874999999969,533,1,4,4,0,NA,1.999167013744287,0,0,
3707,0.5,timed-search,0.1,50,8,8,34,1,1,1,random,0,0,Randomly placed,1.0149999999999844,0,0,0,0,0,true,4.5,0,381,13,1,1,11,13,1,1,11,4.5074999999999745,536,5,6,2,0,NA,2.8840820854132163,0,0,
3699,0.5,timed-search,0.01,5,0,0,5,1,1,1,random,0,0,Randomly placed,0.997500000000031,0,0,0,0,0,true,4.5,0,419,1,0,0,1,1,0,0,1,4.512499999999955,530,0,0,1,0,NA,0.2216066481994482,0,0,
3711,0.5,timed-search,0.1,50,5,11,34,1,1,1,random,0,0,Randomly placed,1.0549999999999822,0,0,0,0,0,true,4.5,0,453,9,0,2,7,9,0,2,7,4.52312499999997,534,1,6,2,0,NA,1.9897747685505176,0,0,
3712,0.5,timed-search,0.1,50,8,6,36,1,1,1,random,0,0,Randomly placed,0.9749999999999817,0,0,0,0,0,true,4.5,0,413,15,4,1,10,15,4,1,10,4.513749999999985,537,7,4,4,0,NA,3.3231791747438493,0,0,
3717,0.5,timed-search,0.1,50,4,8,38,1,1,1,random,0,0,Randomly placed,0.9749999999999834,0,0,0,0,0,true,4.5,0,428,10,1,1,8,10,1,1,8,4.511874999999983,535,4,1,5,0,NA,2.216373458927838,0,0,
3714,0.5,timed-search,0.1,50,6,10,34,1,1,1,random,0,0,Randomly placed,0.9749999999999854,0,0,0,0,0,true,4.5,0,454,6,1,0,5,6,1,0,5,4.516249999999972,534,0,4,2,0,NA,1.3285358427899336,0,0,
3716,0.5,timed-search,0.1,50,7,6,37,1,1,1,random,0,0,Randomly placed,0.9749999999999837,0,0,0,0,0,true,4.5,0,435,12,2,0,10,12,2,0,10,4.513749999999977,536,7,2,3,0,NA,2.6585433397950844,0,0,
3715,0.5,timed-search,0.1,50,4,7,39,1,1,1,random,0,0,Randomly placed,0.9749999999999817,0,0,0,0,0,true,4.5,0,431,8,2,2,4,8,2,2,4,4.507499999999976,535,2,3,3,0,NA,1.774819744869671,0,0,
3704,0.5,timed-search,0.1,50,2,8,40,1,1,1,random,0,0,Randomly placed,0.9749999999999828,0,0,0,0,0,true,4.5,0,428,7,0,0,7,7,0,0,7,4.520624999999971,534,4,2,1,0,NA,1.5484584543066602,0,0,
3713,0.5,timed-search,0.1,50,7,14,29,1,1,1,random,0,0,Randomly placed,0.9749999999999803,0,0,0,0,0,true,4.5,0,436,8,3,1,4,8,3,1,4,4.503124999999977,535,1,4,3,0,NA,1.7765440666204118,0,0,
3721,0.5,timed-search,0.1,50,11,5,34,1,1,1,random,0,0,Randomly placed,1.014999999999983,0,0,0,0,0,true,4.5,0,419,16,2,2,12,16,2,2,12,4.500624999999986,537,4,6,6,0,NA,3.5550617969726535,0,0,
3723,0.5,timed-search,0.1,50,4,5,41,1,1,1,random,0,0,Randomly placed,0.974999999999984,0,0,0,0,0,true,4.5,0,424,13,1,2,10,13,1,2,10,4.501874999999987,536,9,3,1,0,NA,2.8876856865195144,0,0,
3724,0.5,timed-search,0.1,50,2,11,37,1,1,1,random,0,0,Randomly placed,0.9749999999999812,0,0,0,0,0,true,4.5,0,390,17,1,6,10,17,1,6,10,4.518749999999979,537,8,6,3,0,NA,3.762102351313987,0,0,
3720,0.5,timed-search,0.1,50,5,8,37,1,1,1,random,0,0,Randomly placed,0.9749999999999814,0,0,0,0,0,true,4.5,0,362,8,2,2,4,8,2,2,4,4.514374999999981,535,3,3,2,0,NA,1.7721168489547354,0,0,
3728,0.5,timed-search,0.1,50,5,7,38,1,1,1,random,0,0,Randomly placed,0.9749999999999859,0,0,0,0,0,true,4.5,0,414,16,1,1,14,16,1,1,14,4.523749999999973,536,6,3,7,0,NA,3.536888643271643,0,0,
3718,0.5,timed-search,0.1,50,4,7,39,1,1,1,random,0,0,Randomly placed,1.0149999999999813,0,0,0,0,0,true,4.5,0,418,9,0,2,7,9,0,2,7,4.511249999999968,534,2,3,4,0,NA,1.9950124688279445,0,0,
3722,0.5,timed-search,0.1,50,5,10,35,1,1,1,random,0,0,Randomly placed,1.0549999999999808,0,0,0,0,0,true,4.5,0,402,10,1,3,6,10,1,3,6,4.504999999999972,536,2,3,5,0,NA,2.219755826859059,0,0,
3719,0.5,timed-search,0.1,50,3,12,35,1,1,1,random,0,0,Randomly placed,0.9749999999999823,0,0,0,0,0,true,4.5,0,417,13,2,2,9,13,2,2,9,4.502499999999981,535,4,3,6,0,NA,2.887284841754593,0,0,
3726,0.5,timed-search,0.1,50,2,5,43,1,1,1,random,0,0,Randomly placed,1.0149999999999866,0,0,0,0,0,true,4.5,0,364,17,1,3,13,17,1,3,13,4.516874999999982,537,8,4,5,0,NA,3.7636640376366555,0,0,
3730,0.5,timed-search,0.1,50,1,5,44,1,1,1,random,0,0,Randomly placed,0.9749999999999821,0,0,0,0,0,true,4.5,0,423,8,0,1,7,8,0,1,7,4.501249999999982,533,1,6,1,0,NA,1.7772840877534088,0,0,
3732,0.5,timed-search,0.1,50,5,1,44,1,1,1,random,0,0,Randomly placed,1.0149999999999821,0,0,0,0,0,true,4.5,0,401,10,0,1,9,10,0,1,9,4.508124999999974,533,3,4,3,0,NA,2.2182171079994584,0,0,
3729,0.5,timed-search,0.1,50,11,9,30,1,1,1,random,0,0,Randomly placed,1.014999999999983,0,0,0,0,0,true,4.5,0,437,5,3,1,1,5,3,1,1,4.509999999999982,533,2,3,0,0,NA,1.1086474501108692,0,0,
3727,0.5,timed-search,0.1,50,3,7,40,1,1,1,random,0,0,Randomly placed,1.0149999999999841,0,0,0,0,0,true,4.5,0,426,13,1,3,9,13,1,3,9,4.516249999999972,536,4,3,6,0,NA,2.878494326044856,0,0,
3735,0.5,timed-search,0.1,50,2,11,37,1,1,1,random,0,0,Randomly placed,0.9749999999999814,0,0,0,0,0,true,4.5,0,412,13,0,3,10,13,0,3,10,4.523124999999966,535,8,3,2,0,NA,2.874119110128528,0,0,
3736,0.5,timed-search,0.1,50,8,8,34,1,1,1,random,0,0,Randomly placed,0.9749999999999825,0,0,0,0,0,true,4.5,0,427,8,2,3,3,8,2,3,3,4.504999999999997,533,0,2,6,0,NA,1.7758046614872376,0,0,
3731,0.5,timed-search,0.1,50,3,9,38,1,1,1,random,0,0,Randomly placed,0.9749999999999843,0,0,0,0,0,true,4.5,0,410,7,0,2,5,7,0,2,5,4.518749999999992,536,5,1,1,0,NA,1.5491009681881078,0,0,
3734,0.5,timed-search,0.1,50,3,13,34,1,1,1,random,0,0,Randomly placed,1.0149999999999808,0,0,0,0,0,true,4.5,0,406,9,0,4,5,9,0,4,5,4.5149999999999775,535,1,4,4,0,NA,1.9933554817275847,0,0,
3747,0.5,timed-search,0.1,50,6,12,32,1,1,1,random,0,0,Randomly placed,0.9749999999999842,0,0,0,0,0,true,4.5,0,395,8,2,1,5,8,2,1,5,4.500624999999972,533,3,0,5,0,NA,1.7775308984863325,0,0,
3740,0.5,timed-search,0.1,50,4,7,39,1,1,1,random,0,0,Randomly placed,0.9749999999999832,0,0,0,0,0,true,4.5,0,413,15,2,1,12,15,2,1,12,4.512499999999989,535,6,9,0,0,NA,3.324099722991698,0,0,
3745,0.5,timed-search,0.1,50,2,6,42,1,1,1,random,0,0,Randomly placed,0.9749999999999825,0,0,0,0,0,true,4.5,0,417,5,0,0,5,5,0,0,5,4.514999999999983,534,2,0,3,0,NA,1.107419712070879,0,0,
3746,0.5,timed-search,0.1,50,7,7,36,1,1,1,random,0,0,Randomly placed,1.014999999999983,0,0,0,0,0,true,4.5,0,414,9,3,0,6,9,3,0,6,4.514374999999976,535,3,2,4,0,NA,1.9936314550740795,0,0,
3737,0.5,timed-search,0.1,50,8,10,32,1,1,1,random,0,0,Randomly placed,0.9749999999999822,0,0,0,0,0,true,4.5,0,408,15,3,0,12,15,3,0,12,4.512499999999994,537,8,4,3,0,NA,3.324099722991694,0,0,
3741,0.5,timed-search,0.1,50,5,6,39,1,1,1,random,0,0,Randomly placed,0.9749999999999817,0,0,0,0,0,true,4.5,0,392,9,1,0,8,9,1,0,8,4.520624999999971,536,3,3,3,0,NA,1.9908751555371345,0,0,
3725,0.5,timed-search,0.1,50,5,9,36,1,1,1,random,0,0,Randomly placed,0.9749999999999854,0,0,0,0,0,true,4.5,0,443,8,1,2,5,8,1,2,5,4.508124999999974,533,3,4,1,0,NA,1.7745736863995667,0,0,
3742,0.5,timed-search,0.1,50,7,12,31,1,1,1,random,0,0,Randomly placed,1.0549999999999857,0,0,0,0,0,true,4.5,0,416,8,1,1,6,8,1,1,6,4.505624999999991,534,1,3,4,0,NA,1.7755583298654494,0,0,
3743,0.5,timed-search,0.1,50,7,5,38,1,1,1,random,0,0,Randomly placed,1.014999999999983,0,0,0,0,0,true,4.5,0,402,7,2,2,3,7,2,2,3,4.514999999999978,536,2,4,1,0,NA,1.5503875968992322,0,0,
3749,0.5,timed-search,0.1,50,5,6,39,1,1,1,random,0,0,Randomly placed,0.9749999999999818,0,0,0,0,0,true,4.5,0,361,9,1,1,7,9,1,1,7,4.504999999999989,536,3,2,4,0,NA,1.9977802441731458,0,0,
3744,0.5,timed-search,0.1,50,3,11,36,1,1,1,random,0,0,Randomly placed,1.0149999999999821,0,0,0,0,0,true,4.5,0,431,9,0,2,7,9,0,2,7,4.501874999999979,533,3,0,6,0,NA,1.9991670137442827,0,0,
3738,0.5,timed-search,0.1,50,2,11,37,1,1,1,random,0,0,Randomly placed,0.974999999999984,0,0,0,0,0,true,4.5,0,408,9,0,1,8,9,0,1,8,4.521249999999981,536,1,3,5,0,NA,1.9905999447055656,0,0,
3748,0.5,timed-search,0.1,50,4,6,40,1,1,1,random,0,0,Randomly placed,0.9749999999999851,0,0,0,0,0,true,4.5,0,418,8,0,1,7,8,0,1,7,4.5049999999999795,534,1,1,6,0,NA,1.7758046614872445,0,0,
3739,0.5,timed-search,0.1,50,5,8,37,1,1,1,random,0,0,Randomly placed,1.014999999999981,0,0,0,0,0,true,4.5,0,417,12,1,1,10,12,1,1,10,4.50874999999997,534,3,5,4,0,NA,2.661491544219591,0,0,
3733,0.5,timed-search,0.1,50,2,7,41,1,1,1,random,0,0,Randomly placed,0.9749999999999833,0,0,0,0,0,true,4.5,0,382,8,1,0,7,8,1,0,7,4.510624999999984,536,3,1,4,0,NA,1.7735901344048837,0,0,
3759,0.5,timed-search,0.1,50,5,11,34,1,1,1,random,0,0,Randomly placed,0.9749999999999837,0,0,0,0,0,true,4.5,0,365,8,1,2,5,8,1,2,5,4.51187499999999,536,3,2,3,0,NA,1.7730987671422673,0,0,
3755,0.5,timed-search,0.1,50,6,8,36,1,1,1,random,0,0,Randomly placed,1.014999999999983,0,0,0,0,0,true,4.5,0,402,8,0,1,7,8,0,1,7,4.512499999999973,535,3,3,2,0,NA,1.7728531855955787,0,0,
3761,0.5,timed-search,0.1,50,3,9,38,1,1,1,random,0,0,Randomly placed,1.014999999999983,0,0,0,0,0,true,4.5,0,421,6,0,0,6,6,0,0,6,4.5212499999999585,533,2,3,1,0,NA,1.3270666298037168,0,0,
3750,0.5,timed-search,0.1,50,3,10,37,1,1,1,random,0,0,Randomly placed,0.9749999999999845,0,0,0,0,0,true,4.5,0,427,14,1,5,8,14,1,5,8,4.511249999999974,536,4,4,6,0,NA,3.1033527292879093,0,0,
3753,0.5,timed-search,0.1,50,5,9,36,1,1,1,random,0,0,Randomly placed,1.0149999999999826,0,0,0,0,0,true,4.5,0,401,11,1,2,8,11,1,2,8,4.518749999999951,534,5,3,3,0,NA,2.4343015214384773,0,0,
3754,0.5,timed-search,0.1,50,5,9,36,1,1,1,random,0,0,Randomly placed,1.0149999999999828,0,0,0,0,0,true,4.5,0,438,10,0,1,9,10,0,1,9,4.501249999999975,533,1,4,5,0,NA,2.221605109691765,0,0,
3751,0.5,timed-search,0.1,50,10,12,28,1,1,1,random,0,0,Randomly placed,1.054999999999986,0,0,0,0,0,true,4.5,0,379,11,0,3,8,11,0,3,8,4.503124999999966,534,6,4,1,0,NA,2.4427480916030717,0,0,
3756,0.5,timed-search,0.1,50,3,4,43,1,1,1,random,0,0,Randomly placed,1.0149999999999832,0,0,0,0,0,true,4.5,0,401,13,2,1,10,13,2,1,10,4.513124999999975,536,1,9,3,0,NA,2.880487467109835,0,0,
3752,0.5,timed-search,0.1,50,5,5,40,1,1,1,random,0,0,Randomly placed,1.0149999999999844,0,0,0,0,0,true,4.5,0,415,14,1,1,12,14,1,1,12,4.524374999999977,538,1,7,6,0,NA,3.094350048349235,0,0,
3763,0.5,timed-search,0.1,50,3,8,39,1,1,1,random,0,0,Randomly placed,0.9749999999999825,0,0,0,0,0,true,4.5,0,397,5,0,1,4,5,0,1,4,4.500624999999973,532,1,2,2,0,NA,1.1109568115539576,0,0,
3768,0.5,timed-search,0.1,50,4,8,38,1,1,1,random,0,0,Randomly placed,1.0549999999999815,0,0,0,0,0,true,4.5,0,399,15,3,3,9,15,3,3,9,4.511249999999986,536,6,3,6,0,NA,3.325020781379894,0,0,
3767,0.5,timed-search,0.1,50,3,11,36,1,1,1,random,0,0,Randomly placed,0.9749999999999801,0,0,0,0,0,true,4.5,0,432,11,0,3,8,11,0,3,8,4.509374999999968,534,4,2,5,0,NA,2.4393624393624567,0,0,
3765,0.5,timed-search,0.1,50,11,5,34,1,1,1,random,0,0,Randomly placed,1.014999999999982,0,0,0,0,0,true,4.5,0,404,10,2,0,8,10,2,0,8,4.504999999999975,534,6,2,2,0,NA,2.219755826859058,0,0,
3772,0.5,timed-search,0.1,50,7,12,31,1,1,1,random,0,0,Randomly placed,0.9749999999999821,0,0,0,0,0,true,4.5,0,407,14,2,5,7,14,2,5,7,4.50687499999998,535,4,3,7,0,NA,3.106365275273901,0,0,
3769,0.5,timed-search,0.1,50,2,7,41,1,1,1,random,0,0,Randomly placed,0.9749999999999821,0,0,0,0,0,true,4.5,0,419,10,1,3,6,10,1,3,6,4.503749999999985,535,2,6,2,0,NA,2.2203719122953167,0,0,
3757,0.5,timed-search,0.1,50,2,9,39,1,1,1,random,0,0,Randomly placed,0.9749999999999833,0,0,0,0,0,true,4.5,0,411,11,0,6,5,11,0,6,5,4.50187499999999,534,2,5,4,0,NA,2.4434263501318947,0,0,
3770,0.5,timed-search,0.1,50,5,7,38,1,1,1,random,0,0,Randomly placed,0.9749999999999821,0,0,0,0,0,true,4.5,0,421,12,0,2,10,12,0,2,10,4.513749999999974,535,5,1,6,0,NA,2.6585433397950857,0,0,
3764,0.5,timed-search,0.1,50,4,8,38,1,1,1,random,0,0,Randomly placed,0.9749999999999839,0,0,0,0,0,true,4.5,0,411,11,0,2,9,11,0,2,9,4.509374999999989,536,2,6,3,0,NA,2.4393624393624456,0,0,
3760,0.5,timed-search,0.1,50,6,9,35,1,1,1,random,0,0,Randomly placed,1.054999999999983,0,0,0,0,0,true,4.5,0,429,8,0,4,4,8,0,4,4,4.5068749999999635,533,1,4,3,0,NA,1.7750658715850927,0,0,
3775,0.5,timed-search,0.1,50,5,3,42,1,1,1,random,0,0,Randomly placed,1.014999999999983,0,0,0,0,0,true,4.5,0,406,9,2,0,7,9,2,0,7,4.503749999999983,535,6,1,2,0,NA,1.998334721065786,0,0,
3776,0.5,timed-search,0.1,50,2,7,41,1,1,1,random,0,0,Randomly placed,1.0149999999999828,0,0,0,0,0,true,4.5,0,389,5,0,1,4,5,0,1,4,4.513749999999961,534,1,1,3,0,NA,1.107726391581289,0,0,
3774,0.5,timed-search,0.1,50,5,5,40,1,1,1,random,0,0,Randomly placed,0.9749999999999828,0,0,0,0,0,true,4.5,0,434,5,0,0,5,5,0,0,5,4.513749999999961,533,1,1,3,0,NA,1.107726391581289,0,0,
3758,0.5,timed-search,0.1,50,7,9,34,1,1,1,random,0,0,Randomly placed,0.9749999999999864,0,0,0,0,0,true,4.5,0,379,9,2,0,7,9,2,0,7,4.508749999999961,534,2,3,4,0,NA,1.996118658164697,0,0,
3766,0.5,timed-search,0.1,50,5,4,41,1,1,1,random,0,0,Randomly placed,0.9749999999999853,0,0,0,0,0,true,4.5,0,418,17,1,0,16,17,1,0,16,4.521249999999968,537,5,5,7,0,NA,3.76002211777719,0,0,
3773,0.5,timed-search,0.1,50,2,6,42,1,1,1,random,0,0,Randomly placed,0.9749999999999801,0,0,0,0,0,true,4.5,0,432,12,0,2,10,12,0,2,10,4.5049999999999715,534,3,7,2,0,NA,2.6637069922308716,0,0,
3777,0.5,timed-search,0.1,50,5,9,36,1,1,1,random,0,0,Randomly placed,1.0149999999999835,0,0,0,0,0,true,4.5,0,414,10,0,0,10,10,0,0,10,4.504374999999978,535,3,3,4,0,NA,2.220063826835032,0,0,
3778,0.5,timed-search,0.1,50,11,6,33,1,1,1,random,0,0,Randomly placed,0.9749999999999833,0,0,0,0,0,true,4.5,0,356,10,2,1,7,10,2,1,7,4.51,537,6,3,1,0,NA,2.2172949002217295,0,0,
3779,0.5,timed-search,0.1,50,8,6,36,1,1,1,random,0,0,Randomly placed,0.9749999999999834,0,0,0,0,0,true,4.5,0,388,6,1,1,4,6,1,1,4,4.509374999999964,534,1,3,2,0,NA,1.3305613305613413,0,0,
3782,0.5,timed-search,0.1,50,6,10,34,1,1,1,random,0,0,Randomly placed,1.054999999999983,0,0,0,0,0,true,4.5,0,398,5,0,1,4,5,0,1,4,4.505624999999958,532,1,1,3,0,NA,1.1097239561659142,0,0,
3781,0.5,timed-search,0.1,50,6,9,35,1,1,1,random,0,0,Randomly placed,0.9749999999999827,0,0,0,0,0,true,4.5,0,379,13,1,4,8,13,1,4,8,4.523749999999999,538,5,5,3,0,NA,2.8737220226581934,0,0,
3785,0.5,timed-search,0.1,50,9,8,33,1,1,1,random,0,0,Randomly placed,0.9749999999999855,0,0,0,0,0,true,4.5,0,411,11,0,2,9,11,0,2,9,4.503124999999971,534,6,3,2,0,NA,2.442748091603069,0,0,
3762,0.5,timed-search,0.1,50,5,6,39,1,1,1,random,0,0,Randomly placed,1.0149999999999832,0,0,0,0,0,true,4.5,0,413,6,0,1,5,6,0,1,5,4.506249999999981,534,0,5,1,0,NA,1.3314840499306575,0,0,
3784,0.5,timed-search,0.1,50,2,8,40,1,1,1,random,0,0,Randomly placed,0.9749999999999868,0,0,0,0,0,true,4.5,0,419,11,1,3,7,11,1,3,7,4.5206249999999875,537,1,5,5,0,NA,2.4332918567675996,0,0,
3771,0.5,timed-search,0.1,50,4,5,41,1,1,1,random,0,0,Randomly placed,0.974999999999982,0,0,0,0,0,true,4.5,0,415,14,1,3,10,14,1,3,10,4.511874999999973,534,5,3,6,0,NA,3.1029228424989794,0,0,
3787,0.5,timed-search,0.1,50,7,11,32,1,1,1,random,0,0,Randomly placed,1.0149999999999824,0,0,0,0,0,true,4.5,0,407,10,1,3,6,10,1,3,6,4.509374999999992,537,4,0,6,0,NA,2.2176022176022214,0,0,
3783,0.5,timed-search,0.1,50,7,5,38,1,1,1,random,0,0,Randomly placed,0.9749999999999825,0,0,0,0,0,true,4.5,0,427,7,1,1,5,7,1,1,5,4.506874999999966,534,3,1,3,0,NA,1.5531826376369553,0,0,
3780,0.5,timed-search,0.1,50,5,6,39,1,1,1,random,0,0,Randomly placed,0.9749999999999815,0,0,0,0,0,true,4.5,0,413,12,1,1,10,12,1,1,10,4.51249999999999,537,4,4,4,0,NA,2.6592797783933575,0,0,
3786,0.5,timed-search,0.1,50,5,11,34,1,1,1,random,0,0,Randomly placed,1.0549999999999822,0,0,0,0,0,true,4.5,0,416,10,1,3,6,10,1,3,6,4.506874999999976,535,3,3,4,0,NA,2.21883233948136,0,0,
3790,0.5,timed-search,0.1,50,1,4,45,1,1,1,random,0,0,Randomly placed,1.054999999999983,0,0,0,0,0,true,4.5,0,405,13,0,0,13,13,0,0,13,4.516874999999997,536,1,9,3,0,NA,2.8780960287809623,0,0,
3793,0.5,timed-search,0.1,50,8,12,30,1,1,1,random,0,0,Randomly placed,0.974999999999981,0,0,0,0,0,true,4.5,0,442,11,1,3,7,11,1,3,7,4.521874999999989,538,5,5,1,0,NA,2.432619212163102,0,0,
3792,0.5,timed-search,0.1,50,2,10,38,1,1,1,random,0,0,Randomly placed,0.9749999999999851,0,0,0,0,0,true,4.5,0,361,12,0,2,10,12,0,2,10,4.511249999999991,536,2,2,8,0,NA,2.6600166251039123,0,0,
3795,0.5,timed-search,0.1,50,4,4,42,1,1,1,random,0,0,Randomly placed,0.9749999999999828,0,0,0,0,0,true,4.5,0,424,9,1,1,7,9,1,1,7,4.508124999999979,534,5,0,4,0,NA,1.99639539719951,0,0,
3791,0.5,timed-search,0.1,50,4,11,35,1,1,1,random,0,0,Randomly placed,0.9749999999999844,0,0,0,0,0,true,4.5,0,425,9,0,2,7,9,0,2,7,4.519374999999974,535,0,4,5,0,NA,1.9914258055594083,0,0,
3799,0.5,timed-search,0.1,50,6,7,37,1,1,1,random,0,0,Randomly placed,1.014999999999982,0,0,0,0,0,true,4.5,0,378,8,1,1,6,8,1,1,6,4.514374999999977,536,0,4,4,0,NA,1.772116848954737,0,0,
3788,0.5,timed-search,0.1,50,8,9,33,1,1,1,random,0,0,Randomly placed,0.9749999999999825,0,0,0,0,0,true,4.5,0,396,8,2,2,4,8,2,2,4,4.5037499999999815,534,4,1,3,0,NA,1.7762975298362549,0,0,
3800,0.5,timed-search,0.1,50,9,7,34,1,1,1,random,0,0,Randomly placed,1.0149999999999806,0,0,0,0,0,true,4.5,0,435,12,4,2,6,12,4,2,6,4.51874999999997,535,4,6,2,0,NA,2.655601659751055,0,0,
3798,0.5,timed-search,0.1,50,4,6,40,1,1,1,random,0,0,Randomly placed,1.0149999999999817,0,0,0,0,0,true,4.5,0,408,9,2,2,5,9,2,2,5,4.502499999999984,535,2,3,4,0,NA,1.9988895058301013,0,0,
3802,0.5,timed-search,1,500,46,56,398,1,1,1,random,0,0,Randomly placed,1.022,0,0,0,0,0,true,4.5,0,399,95,9,7,79,95,9,7,79,4.524999999999974,538,32,33,30,0,NA,20.99447513812167,0,0,
3807,0.5,timed-search,1,500,52,65,383,1,1,1,random,0,0,Randomly placed,1.002,0,0,0,0,0,true,4.5,0,356,86,8,12,66,86,8,12,66,4.509374999999977,536,31,27,28,0,NA,19.071379071379166,0,0,
3789,0.5,timed-search,0.1,50,6,6,38,1,1,1,random,0,0,Randomly placed,0.9749999999999849,0,0,0,0,0,true,4.5,0,417,14,2,1,11,14,2,1,11,4.510624999999978,536,5,2,7,0,NA,3.1037827352085507,0,0,
3805,0.5,timed-search,1,500,55,84,361,1,1,1,random,0,0,Randomly placed,1.038,0,0,0,0,0,true,4.5,0,380,96,8,21,67,96,8,21,67,4.517499999999972,537,45,23,28,0,NA,21.25069175428901,0,0,
3797,0.5,timed-search,0.1,50,4,5,41,1,1,1,random,0,0,Randomly placed,0.9749999999999842,0,0,0,0,0,true,4.5,0,409,11,0,1,10,11,0,1,10,4.501249999999996,536,4,4,3,0,NA,2.4437656206609297,0,0,
3803,0.5,timed-search,1,500,46,75,379,1,1,1,random,0,0,Randomly placed,1.014,0,0,0,0,0,true,4.5,0,385,97,11,9,77,97,11,9,77,4.514999999999976,537,42,29,26,0,NA,21.48394241417509,0,0,
3806,0.5,timed-search,1,500,54,74,372,1,1,1,random,0,0,Randomly placed,0.95,0,0,0,0,0,true,4.5,0,371,96,7,13,76,96,7,13,76,4.516249999999981,537,34,21,41,0,NA,21.256573484638896,0,0,
3801,0.5,timed-search,1,500,56,92,352,1,1,1,random,0,0,Randomly placed,1.014,0,0,0,0,0,true,4.5,0,402,95,10,22,63,95,10,22,63,4.5131249999999765,537,35,27,33,0,NA,21.04971610580263,0,0,
3804,0.5,timed-search,1,500,54,77,369,1,1,1,random,0,0,Randomly placed,1.05,0,0,0,0,0,true,4.5,0,384,101,8,15,78,101,8,15,78,4.508749999999975,536,31,34,36,0,NA,22.400887163848196,0,0,
3796,0.5,timed-search,0.1,50,1,11,38,1,1,1,random,0,0,Randomly placed,1.0149999999999837,0,0,0,0,0,true,4.5,0,437,5,0,0,5,5,0,0,5,4.511874999999965,533,2,3,0,0,NA,1.1081867294639232,0,0,
3815,0.5,timed-search,1,500,60,75,365,1,1,1,random,0,0,Randomly placed,1.09,0,0,0,0,0,true,4.5,0,413,102,10,14,78,102,10,14,78,4.511249999999978,536,32,39,31,0,NA,22.610141313383316,0,0,
3809,0.5,timed-search,1,500,48,70,382,1,1,1,random,0,0,Randomly placed,0.978,0,0,0,0,0,true,4.5,0,387,87,8,9,70,87,8,9,70,4.508124999999976,536,24,37,26,0,NA,19.29848883959528,0,0,
3813,0.5,timed-search,1,500,40,65,395,1,1,1,random,0,0,Randomly placed,0.994,0,0,0,0,0,true,4.5,0,387,98,9,10,79,98,9,10,79,4.523124999999979,538,44,35,19,0,NA,21.66643636866115,0,0,
3808,0.5,timed-search,1,500,53,90,357,1,1,1,random,0,0,Randomly placed,1.086,0,0,0,0,0,true,4.5,0,388,94,8,19,67,94,8,19,67,4.514374999999981,537,35,28,31,0,NA,20.822372975218144,0,0,
3812,0.5,timed-search,1,500,45,67,388,1,1,1,random,0,0,Randomly placed,1.042,0,0,0,0,0,true,4.5,0,400,102,9,20,73,102,9,20,73,4.51062499999998,536,33,29,40,0,NA,22.613274213662287,0,0,
3811,0.5,timed-search,1,500,35,74,391,1,1,1,random,0,0,Randomly placed,0.95,0,0,0,0,0,true,4.5,0,361,82,4,13,65,82,4,13,65,4.5181249999999755,537,29,22,31,0,NA,18.149121593581505,0,0,
3817,0.5,timed-search,1,500,35,78,387,1,1,1,random,0,0,Randomly placed,1.026,0,0,0,0,0,true,4.5,0,375,91,9,10,72,91,9,10,72,4.5243749999999805,539,37,18,36,0,NA,20.113275314270012,0,0,
3819,0.5,timed-search,1,500,65,76,359,1,1,1,random,0,0,Randomly placed,1.062,0,0,0,0,0,true,4.5,0,392,91,11,12,68,91,11,12,68,4.5168749999999855,538,30,35,26,0,NA,20.146672201466785,0,0,
3816,0.5,timed-search,1,500,47,78,375,1,1,1,random,0,0,Randomly placed,1.03,0,0,0,0,0,true,4.5,0,415,99,12,17,70,99,12,17,70,4.506249999999981,536,30,39,30,0,NA,21.96948682385585,0,0,
3821,0.5,timed-search,1,500,46,78,376,1,1,1,random,0,0,Randomly placed,0.99,0,0,0,0,0,true,4.5,0,417,110,11,23,76,110,11,23,76,4.501874999999985,537,32,39,39,0,NA,24.434263501318977,0,0,
3814,0.5,timed-search,1,500,62,82,356,1,1,1,random,0,0,Randomly placed,0.986,0,0,0,0,0,true,4.5,0,397,101,10,15,76,101,10,15,76,4.506249999999983,536,35,30,36,0,NA,22.413314840499392,0,0,
3820,0.5,timed-search,1,500,50,70,380,1,1,1,random,0,0,Randomly placed,0.994,0,0,0,0,0,true,4.5,0,379,96,10,11,75,96,10,11,75,4.512499999999979,537,34,29,33,0,NA,21.274238227146913,0,0,
3823,0.5,timed-search,1,500,42,96,362,1,1,1,random,0,0,Randomly placed,1.026,0,0,0,0,0,true,4.5,0,405,112,12,20,80,112,12,20,80,4.5206249999999795,538,36,39,37,0,NA,24.775335268906513,0,0,
3822,0.5,timed-search,1,500,41,85,374,1,1,1,random,0,0,Randomly placed,0.986,0,0,0,0,0,true,4.5,0,401,101,7,13,81,101,7,13,81,4.505624999999973,535,33,28,40,0,NA,22.41642391455139,0,0,
3824,0.5,timed-search,1,500,47,74,379,1,1,1,random,0,0,Randomly placed,1.066,0,0,0,0,0,true,4.5,0,396,99,12,20,67,99,12,20,67,4.523749999999973,538,33,36,30,0,NA,21.88449848024329,0,0,
3794,0.5,timed-search,0.1,50,1,6,43,1,1,1,random,0,0,Randomly placed,1.0149999999999817,0,0,0,0,0,true,4.5,0,391,11,1,0,10,11,1,0,10,4.520624999999986,537,3,3,5,0,NA,2.4332918567676005,0,0,
3826,0.5,timed-search,1,500,49,80,371,1,1,1,random,0,0,Randomly placed,0.998,0,0,0,0,0,true,4.5,0,424,84,12,9,63,84,12,9,63,4.514999999999982,538,28,27,29,0,NA,18.604651162790773,0,0,
3829,0.5,timed-search,1,500,59,71,370,1,1,1,random,0,0,Randomly placed,0.958,0,0,0,0,0,true,4.5,0,388,93,14,14,65,93,14,14,65,4.518749999999981,538,31,36,26,0,NA,20.580912863070626,0,0,
3828,0.5,timed-search,1,500,52,82,366,1,1,1,random,0,0,Randomly placed,0.99,0,0,0,0,0,true,4.5,0,401,108,16,19,73,108,16,19,73,4.509374999999982,537,41,28,39,0,NA,23.950103950104047,0,0,
3831,0.5,timed-search,1,500,39,83,378,1,1,1,random,0,0,Randomly placed,1.026,0,0,0,0,0,true,4.5,0,388,92,10,20,62,92,10,20,62,4.505624999999982,536,24,42,26,0,NA,20.418920793452713,0,0,
3832,0.5,timed-search,1,500,44,79,377,1,1,1,random,0,0,Randomly placed,0.91,0,0,0,0,0,true,4.5,0,393,80,7,10,63,80,7,10,63,4.503124999999985,536,29,25,26,0,NA,17.765440666204086,0,0,
3827,0.5,timed-search,1,500,36,68,396,1,1,1,random,0,0,Randomly placed,1.018,0,0,0,0,0,true,4.5,0,351,93,5,12,76,93,5,12,76,4.501249999999979,535,31,36,26,0,NA,20.66092752013339,0,0,
3835,0.5,timed-search,1,500,44,81,375,1,1,1,random,0,0,Randomly placed,1.006,0,0,0,0,0,true,4.5,0,416,86,5,11,70,86,5,11,70,4.503749999999978,535,24,40,22,0,NA,19.095198445739754,0,0,
3833,0.5,timed-search,1,500,60,71,369,1,1,1,random,0,0,Randomly placed,1.086,0,0,0,0,0,true,4.5,0,370,86,10,12,64,86,10,12,64,4.507499999999983,537,25,34,27,0,NA,19.079312257348935,0,0,
3825,0.5,timed-search,1,500,47,87,366,1,1,1,random,0,0,Randomly placed,0.99,0,0,0,0,0,true,4.5,0,417,111,11,14,86,111,11,14,86,4.507499999999975,536,37,37,37,0,NA,24.62562396006669,0,0,
3841,0.5,timed-search,1,500,47,85,368,1,1,1,random,0,0,Randomly placed,1.026,0,0,0,0,0,true,4.5,0,403,94,8,17,69,94,8,17,69,4.524374999999977,538,24,39,31,0,NA,20.77635032463058,0,0,
3818,0.5,timed-search,1,500,52,79,369,1,1,1,random,0,0,Randomly placed,1.018,0,0,0,0,0,true,4.5,0,363,94,10,16,68,94,10,16,68,4.51687499999998,537,35,31,28,0,NA,20.810848208108574,0,0,
3838,0.5,timed-search,1,500,54,69,377,1,1,1,random,0,0,Randomly placed,0.954,0,0,0,0,0,true,4.5,0,391,96,8,14,74,96,8,14,74,4.512499999999979,537,30,25,41,0,NA,21.274238227146913,0,0,
3840,0.5,timed-search,1,500,47,79,374,1,1,1,random,0,0,Randomly placed,0.998,0,0,0,0,0,true,4.5,0,399,112,7,19,86,112,7,19,86,4.514374999999976,537,36,28,48,0,NA,24.809635885366323,0,0,
3836,0.5,timed-search,1,500,50,68,382,1,1,1,random,0,0,Randomly placed,1.046,0,0,0,0,0,true,4.5,0,432,94,11,16,67,94,11,16,67,4.514999999999976,537,33,29,32,0,NA,20.81949058693256,0,0,
3846,0.5,timed-search,1,500,48,82,370,1,1,1,random,0,0,Randomly placed,1.014,0,0,0,0,0,true,4.5,0,386,93,12,11,70,93,12,11,70,4.519374999999981,538,18,38,37,0,NA,20.57806665744719,0,0,
3843,0.5,timed-search,1,500,65,83,352,1,1,1,random,0,0,Randomly placed,0.922,0,0,0,0,0,true,4.5,0,401,98,18,18,62,98,18,18,62,4.50124999999998,535,37,31,30,0,NA,21.771730074979267,0,0,
3839,0.5,timed-search,1,500,51,78,371,1,1,1,random,0,0,Randomly placed,0.994,0,0,0,0,0,true,4.5,0,418,109,12,22,75,109,12,22,75,4.508124999999984,537,30,31,48,0,NA,24.178566477194043,0,0,
3847,0.5,timed-search,1,500,68,66,366,1,1,1,random,0,0,Randomly placed,0.978,0,0,0,0,0,true,4.5,0,415,111,16,16,79,111,16,16,79,4.505624999999975,536,26,35,50,0,NA,24.635871826883196,0,0,
3837,0.5,timed-search,1,500,48,74,378,1,1,1,random,0,0,Randomly placed,0.97,0,0,0,0,0,true,4.5,0,379,98,8,11,79,98,8,11,79,4.507499999999982,536,34,38,26,0,NA,21.741541874653443,0,0,
3848,0.5,timed-search,1,500,61,59,380,1,1,1,random,0,0,Randomly placed,0.986,0,0,0,0,0,true,4.5,0,354,81,8,8,65,81,8,8,65,4.502499999999984,536,31,24,26,0,NA,17.99000555247091,0,0,
3851,0.5,timed-search,1,500,38,62,400,1,1,1,random,0,0,Randomly placed,1.01,0,0,0,0,0,true,4.5,0,394,102,11,14,77,102,11,14,77,4.514374999999979,537,37,28,37,0,NA,22.594489824172886,0,0,
3810,0.5,timed-search,1,500,46,84,370,1,1,1,random,0,0,Randomly placed,1.03,0,0,0,0,0,true,4.5,0,387,96,10,15,71,96,10,15,71,4.513749999999979,537,19,42,35,0,NA,21.268346718360664,0,0,
3842,0.5,timed-search,1,500,42,74,384,1,1,1,random,0,0,Randomly placed,0.998,0,0,0,0,0,true,4.5,0,389,100,12,12,76,100,12,12,76,4.52187499999998,538,39,36,25,0,NA,22.114720110573696,0,0,
3830,0.5,timed-search,1,500,50,76,374,1,1,1,random,0,0,Randomly placed,1.002,0,0,0,0,0,true,4.5,0,388,99,11,18,70,99,11,18,70,4.5249999999999915,539,25,28,46,0,NA,21.878453038674074,0,0,
3852,0.5,timed-search,1,500,43,67,390,1,1,1,random,0,0,Randomly placed,0.982,0,0,0,0,0,true,4.5,0,401,97,7,11,79,97,7,11,79,4.52374999999998,538,23,40,34,0,NA,21.442387399834303,0,0,
3844,0.5,timed-search,1,500,51,84,365,1,1,1,random,0,0,Randomly placed,1.002,0,0,0,0,0,true,4.5,0,381,91,6,15,70,91,6,15,70,4.519999999999979,538,28,25,38,0,NA,20.132743362831953,0,0,
3850,0.5,timed-search,1,500,51,83,366,1,1,1,random,0,0,Randomly placed,1.01,0,0,0,0,0,true,4.5,0,370,77,9,17,51,77,9,17,51,4.514374999999979,537,29,22,26,0,NA,17.056624671189336,0,0,
3853,0.5,timed-search,1,500,52,79,369,1,1,1,random,0,0,Randomly placed,1.014,0,0,0,0,0,true,4.5,0,381,100,9,11,80,100,9,11,80,4.513124999999978,537,36,41,23,0,NA,22.157595900844864,0,0,
3845,0.5,timed-search,1,500,45,74,381,1,1,1,random,0,0,Randomly placed,1.018,0,0,0,0,0,true,4.5,0,404,106,9,12,85,106,9,12,85,4.5037499999999815,536,37,29,40,0,NA,23.535942270330377,0,0,
3858,0.5,timed-search,1,500,48,72,380,1,1,1,random,0,0,Randomly placed,0.966,0,0,0,0,0,true,4.5,0,422,104,13,16,75,104,13,16,75,4.513749999999981,537,25,35,44,0,NA,23.040708944890707,0,0,
3856,0.5,timed-search,1,500,59,81,360,1,1,1,random,0,0,Randomly placed,1.002,0,0,0,0,0,true,4.5,0,393,112,15,20,77,112,15,20,77,4.502499999999977,536,43,35,34,0,NA,24.875069405885746,0,0,
3849,0.5,timed-search,1,500,40,64,396,1,1,1,random,0,0,Randomly placed,0.986,0,0,0,0,0,true,4.5,0,403,93,11,6,76,93,11,6,76,4.521249999999987,538,18,40,35,0,NA,20.569532761957483,0,0,
3861,0.5,timed-search,1,500,46,67,387,1,1,1,random,0,0,Randomly placed,1.014,0,0,0,0,0,true,4.5,0,405,99,10,11,78,99,10,11,78,4.511249999999982,537,32,39,28,0,NA,21.94513715710732,0,0,
3859,0.5,timed-search,1,500,51,85,364,1,1,1,random,0,0,Randomly placed,0.986,0,0,0,0,0,true,4.5,0,394,100,10,15,75,100,10,15,75,4.523124999999976,537,28,30,42,0,NA,22.108608539450163,0,0,
3860,0.5,timed-search,1,500,38,81,381,1,1,1,random,0,0,Randomly placed,0.982,0,0,0,0,0,true,4.5,0,407,99,11,13,75,99,11,13,75,4.50624999999999,537,32,35,32,0,NA,21.969486823855807,0,0,
3854,0.5,timed-search,1,500,58,59,383,1,1,1,random,0,0,Randomly placed,0.93,0,0,0,0,0,true,4.5,0,390,90,12,11,67,90,12,11,67,4.50249999999998,536,28,23,39,0,NA,19.988895058301033,0,0,
3864,0.5,timed-search,1,500,55,89,356,1,1,1,random,0,0,Randomly placed,0.966,0,0,0,0,0,true,4.5,0,405,100,7,20,73,100,7,20,73,4.523749999999986,539,26,39,35,0,NA,22.105554020447705,0,0,
3865,0.5,timed-search,1,500,54,64,382,1,1,1,random,0,0,Randomly placed,0.994,0,0,0,0,0,true,4.5,0,416,94,11,14,69,94,11,14,69,4.52124999999998,538,39,32,23,0,NA,20.79071053359147,0,0,
3867,0.5,timed-search,1,500,47,71,382,1,1,1,random,0,0,Randomly placed,1.05,0,0,0,0,0,true,4.5,0,429,123,12,15,96,123,12,15,96,4.5099999999999785,537,41,36,46,0,NA,27.2727272727274,0,0,
3855,0.5,timed-search,1,500,40,85,375,1,1,1,random,0,0,Randomly placed,1.05,0,0,0,0,0,true,4.5,0,418,104,6,11,87,104,6,11,87,4.501249999999977,536,26,33,45,0,NA,23.104693140794343,0,0,
3866,0.5,timed-search,1,500,49,73,378,1,1,1,random,0,0,Randomly placed,0.998,0,0,0,0,0,true,4.5,0,409,107,10,16,81,107,10,16,81,4.516874999999976,537,36,41,30,0,NA,23.68894423688957,0,0,
3870,0.5,timed-search,1,500,53,75,372,1,1,1,random,0,0,Randomly placed,0.998,0,0,0,0,0,true,4.5,0,396,103,8,16,79,103,8,16,79,4.521249999999982,539,38,31,34,0,NA,22.781310478297023,0,0,
3875,0.5,timed-search,1,500,48,71,381,1,1,1,random,0,0,Randomly placed,0.958,0,0,0,0,0,true,4.5,0,370,101,11,16,74,101,11,16,74,4.503124999999978,535,42,19,40,0,NA,22.428868841082693,0,0,
3834,0.5,timed-search,1,500,56,75,369,1,1,1,random,0,0,Randomly placed,0.95,0,0,0,0,0,true,4.5,0,432,94,12,12,70,94,12,12,70,4.509374999999977,536,30,36,28,0,NA,20.845460845460952,0,0,
3868,0.5,timed-search,1,500,56,66,378,1,1,1,random,0,0,Randomly placed,0.966,0,0,0,0,0,true,4.5,0,375,98,12,10,76,98,12,10,76,4.5099999999999785,536,34,22,42,0,NA,21.729490022173053,0,0,
3872,0.5,timed-search,1,500,46,83,371,1,1,1,random,0,0,Randomly placed,1.018,0,0,0,0,0,true,4.5,0,361,96,8,21,67,96,8,21,67,4.5056249999999824,536,18,40,38,0,NA,21.306699958385433,0,0,
3874,0.5,timed-search,1,500,44,70,386,1,1,1,random,0,0,Randomly placed,0.998,0,0,0,0,0,true,4.5,0,390,94,10,13,71,94,10,13,71,4.519999999999981,538,35,20,39,0,NA,20.79646017699124,0,0,
3876,0.5,timed-search,1,500,58,80,362,1,1,1,random,0,0,Randomly placed,0.978,0,0,0,0,0,true,4.5,0,408,92,9,16,67,92,9,16,67,4.514999999999981,538,33,37,22,0,NA,20.376522702104182,0,0,
3857,0.5,timed-search,1,500,49,79,372,1,1,1,random,0,0,Randomly placed,1.01,0,0,0,0,0,true,4.5,0,414,88,10,8,70,88,10,8,70,4.51249999999998,536,24,35,29,0,NA,19.501385041551334,0,0,
3873,0.5,timed-search,1,500,52,60,388,1,1,1,random,0,0,Randomly placed,1.054,0,0,0,0,0,true,4.5,0,357,83,13,9,61,83,13,9,61,4.506874999999978,536,28,33,22,0,NA,18.41630841769528,0,0,
3877,0.5,timed-search,1,500,45,82,373,1,1,1,random,0,0,Randomly placed,1.042,0,0,0,0,0,true,4.5,0,393,86,4,17,65,86,4,17,65,4.524999999999983,538,34,28,24,0,NA,19.005524861878527,0,0,
3878,0.5,timed-search,1,500,58,71,371,1,1,1,random,0,0,Randomly placed,0.978,0,0,0,0,0,true,4.5,0,399,80,9,15,56,80,9,15,56,4.523124999999981,539,24,27,29,0,NA,17.686886831560113,0,0,
3879,0.5,timed-search,1,500,55,57,388,1,1,1,random,0,0,Randomly placed,1.018,0,0,0,0,0,true,4.5,0,409,96,11,11,74,96,11,11,74,4.520624999999968,536,26,36,34,0,NA,21.23600165906278,0,0,
3863,0.5,timed-search,1,500,48,68,384,1,1,1,random,0,0,Randomly placed,1.002,0,0,0,0,0,true,4.5,0,404,103,10,13,80,103,10,13,80,4.516874999999977,537,29,36,38,0,NA,22.80337622803388,0,0,
3871,0.5,timed-search,1,500,47,80,373,1,1,1,random,0,0,Randomly placed,1.014,0,0,0,0,0,true,4.5,0,395,94,8,18,68,94,8,18,68,4.518124999999975,537,41,21,32,0,NA,20.805090607276366,0,0,
3862,0.5,timed-search,1,500,54,86,360,1,1,1,random,0,0,Randomly placed,0.954,0,0,0,0,0,true,4.5,0,391,113,13,22,78,113,13,22,78,4.512499999999978,536,32,48,33,0,NA,25.04155124653752,0,0,
3884,0.5,timed-search,1,500,41,66,393,1,1,1,random,0,0,Randomly placed,0.958,0,0,0,0,0,true,4.5,0,399,81,8,10,63,81,8,10,63,4.523749999999979,539,31,24,26,0,NA,17.905498756562668,0,0,
3869,0.5,timed-search,1,500,53,74,373,1,1,1,random,0,0,Randomly placed,1.07,0,0,0,0,0,true,4.5,0,384,111,11,16,84,111,11,16,84,4.519999999999979,538,35,40,36,0,NA,24.557522123893918,0,0,
3880,0.5,timed-search,1,500,59,77,364,1,1,1,random,0,0,Randomly placed,0.97,0,0,0,0,0,true,4.5,0,356,95,13,20,62,95,13,20,62,4.511249999999976,536,32,31,32,0,NA,21.058464948739378,0,0,
3885,0.5,timed-search,1,500,54,71,375,1,1,1,random,0,0,Randomly placed,1.014,0,0,0,0,0,true,4.5,0,405,93,7,17,69,93,7,17,69,4.511249999999982,537,22,27,44,0,NA,20.61512884455536,0,0,
3888,0.5,timed-search,1,500,48,70,382,1,1,1,random,0,0,Randomly placed,1.042,0,0,0,0,0,true,4.5,0,387,98,10,16,72,98,10,16,72,4.50437499999998,536,36,23,39,0,NA,21.756625502983308,0,0,
3882,0.5,timed-search,1,500,36,82,382,1,1,1,random,0,0,Randomly placed,0.986,0,0,0,0,0,true,4.5,0,408,103,11,21,71,103,11,21,71,4.504999999999982,536,29,44,30,0,NA,22.86348501664826,0,0,
3887,0.5,timed-search,1,500,56,59,385,1,1,1,random,0,0,Randomly placed,1.01,0,0,0,0,0,true,4.5,0,430,131,12,13,106,131,12,13,106,4.511249999999982,537,39,51,41,0,NA,29.038514824051102,0,0,
3886,0.5,timed-search,1,500,57,55,388,1,1,1,random,0,0,Randomly placed,1.066,0,0,0,0,0,true,4.5,0,394,99,10,13,76,99,10,13,76,4.515624999999973,536,37,28,34,0,NA,21.92387543252608,0,0,
3890,0.5,timed-search,1,500,55,74,371,1,1,1,random,0,0,Randomly placed,1.018,0,0,0,0,0,true,4.5,0,397,97,12,13,72,97,12,13,72,4.5031249999999785,536,29,29,39,0,NA,21.540596807772484,0,0,
3889,0.5,timed-search,1,500,46,79,375,1,1,1,random,0,0,Randomly placed,0.914,0,0,0,0,0,true,4.5,0,383,105,14,16,75,105,14,16,75,4.511249999999985,537,47,34,24,0,NA,23.27514546965926,0,0,
3892,0.5,timed-search,1,500,50,58,392,1,1,1,random,0,0,Randomly placed,1.058,0,0,0,0,0,true,4.5,0,399,114,10,11,93,114,10,11,93,4.514999999999976,537,36,35,43,0,NA,25.249169435216082,0,0,
3883,0.5,timed-search,1,500,54,64,382,1,1,1,random,0,0,Randomly placed,1.002,0,0,0,0,0,true,4.5,0,395,96,13,11,72,96,13,11,72,4.523749999999978,538,24,43,29,0,NA,21.221331859629835,0,0,
3881,0.5,timed-search,1,500,49,62,389,1,1,1,random,0,0,Randomly placed,1.038,0,0,0,0,0,true,4.5,0,401,93,8,13,72,93,8,13,72,4.507499999999973,536,33,38,22,0,NA,20.63227953410994,0,0,
3895,0.5,timed-search,1,500,40,68,392,1,1,1,random,0,0,Randomly placed,0.962,0,0,0,0,0,true,4.5,0,396,88,4,13,71,88,4,13,71,4.511874999999975,536,37,33,18,0,NA,19.504086438565007,0,0,
3891,0.5,timed-search,1,500,37,70,393,1,1,1,random,0,0,Randomly placed,0.998,0,0,0,0,0,true,4.5,0,391,108,5,14,89,108,5,14,89,4.508124999999982,536,36,31,41,0,NA,23.956744766394106,0,0,
3899,0.5,timed-search,1,500,41,83,376,1,1,1,random,0,0,Randomly placed,0.978,0,0,0,0,0,true,4.5,0,403,124,9,25,90,124,9,25,90,4.514374999999978,537,42,46,36,0,NA,27.467811158798416,0,0,
3897,0.5,timed-search,1,500,61,77,362,1,1,1,random,0,0,Randomly placed,1.062,0,0,0,0,0,true,4.5,0,407,102,12,11,79,102,12,11,79,4.514374999999974,536,29,36,37,0,NA,22.594489824172914,0,0,
3900,0.5,timed-search,1,500,58,77,365,1,1,1,random,0,0,Randomly placed,1.074,0,0,0,0,0,true,4.5,0,408,113,13,23,77,113,13,23,77,4.507499999999981,536,37,35,41,0,NA,25.069328896284077,0,0,
3896,0.5,timed-search,1,500,48,79,373,1,1,1,random,0,0,Randomly placed,1.002,0,0,0,0,0,true,4.5,0,375,87,5,12,70,87,5,12,70,4.500624999999977,535,26,22,39,0,NA,19.330648521038842,0,0,
3894,0.5,timed-search,1,500,59,78,363,1,1,1,random,0,0,Randomly placed,0.978,0,0,0,0,0,true,4.5,0,379,99,11,14,74,99,11,14,74,4.50687499999998,536,46,32,21,0,NA,21.96644016086544,0,0,
3901,0.5,timed-search,7,3500,373,501,2626,1,1,1,random,0,0,Randomly placed,1.0334285714285714,0,0,0,0,0,true,4.5,0,410,760,70,110,580,760,70,110,580,4.508749999999986,537,250,294,216,0,NA,168.56113113390683,0,0,
3898,0.5,timed-search,1,500,46,67,387,1,1,1,random,0,0,Randomly placed,0.994,0,0,0,0,0,true,4.5,0,383,83,8,10,65,83,8,10,65,4.510624999999982,537,25,31,27,0,NA,18.400997644450676,0,0,
3909,0.5,timed-search,7,3500,360,520,2620,1,1,1,random,0,0,Randomly placed,1.006,0,0,0,0,0,true,4.5,0,418,702,66,107,529,702,66,107,529,4.517499999999983,538,233,230,239,0,NA,155.39568345323798,0,0,
3907,0.5,timed-search,7,3500,351,537,2612,1,1,1,random,0,0,Randomly placed,1.0225714285714287,0,0,0,0,0,true,4.5,0,401,737,66,127,544,737,66,127,544,4.508749999999983,537,281,217,239,0,NA,163.45993900748604,0,0,
3904,0.5,timed-search,7,3500,364,500,2636,1,1,1,random,0,0,Randomly placed,1.0374285714285714,0,0,0,0,0,true,4.5,0,407,727,72,110,545,727,72,110,545,4.509374999999981,537,283,169,275,0,NA,161.21968121968192,0,0,
3893,0.5,timed-search,1,500,53,73,374,1,1,1,random,0,0,Randomly placed,0.99,0,0,0,0,0,true,4.5,0,439,120,14,21,85,120,14,21,85,4.521249999999985,539,35,48,37,0,NA,26.54133259607418,0,0,
3905,0.5,timed-search,7,3500,331,511,2658,1,1,1,random,0,0,Randomly placed,0.9802857142857143,0,0,0,0,0,true,4.5,0,435,779,70,127,582,779,70,127,582,4.521249999999983,538,270,240,269,0,NA,172.2974841028483,0,0,
3906,0.5,timed-search,7,3500,387,524,2589,1,1,1,random,0,0,Randomly placed,0.9911428571428571,0,0,0,0,0,true,4.5,0,407,724,66,104,554,724,66,104,554,4.5049999999999795,537,230,277,217,0,NA,160.7103218645956,0,0,
3903,0.5,timed-search,7,3500,345,534,2621,1,1,1,random,0,0,Randomly placed,0.9894285714285714,0,0,0,0,0,true,4.5,0,413,715,65,116,534,715,65,116,534,4.511874999999977,537,290,189,236,0,NA,158.4707023133406,0,0,
3908,0.5,timed-search,7,3500,332,513,2655,1,1,1,random,0,0,Randomly placed,0.9951428571428572,0,0,0,0,0,true,4.5,0,399,703,60,105,538,703,60,105,538,4.502499999999977,536,192,255,256,0,NA,156.13548028872927,0,0,
3913,0.5,timed-search,7,3500,358,544,2598,1,1,1,random,0,0,Randomly placed,1.0231428571428571,0,0,0,0,0,true,4.5,0,368,665,67,103,495,665,67,103,495,4.504999999999984,536,221,205,239,0,NA,147.61376248612706,0,0,
3902,0.5,timed-search,7,3500,372,524,2604,1,1,1,random,0,0,Randomly placed,1.0254285714285714,0,0,0,0,0,true,4.5,0,362,650,59,104,487,650,59,104,487,4.513124999999978,536,228,228,194,0,NA,144.02437335549163,0,0,
3910,0.5,timed-search,7,3500,379,527,2594,1,1,1,random,0,0,Randomly placed,1.0231428571428571,0,0,0,0,0,true,4.5,0,401,696,78,98,520,696,78,98,520,4.517499999999981,538,267,196,233,0,NA,154.067515218595,0,0,
3918,0.5,timed-search,7,3500,327,554,2619,1,1,1,random,0,0,Randomly placed,1.0031428571428571,0,0,0,0,0,true,4.5,0,403,727,57,130,540,727,57,130,540,4.5074999999999745,536,250,205,272,0,NA,161.28674431503143,0,0,
3914,0.5,timed-search,7,3500,347,531,2622,1,1,1,random,0,0,Randomly placed,1.024857142857143,0,0,0,0,0,true,4.5,0,385,701,74,110,517,701,74,110,517,4.5018749999999805,536,266,258,177,0,NA,155.71289740386018,0,0,
3912,0.5,timed-search,7,3500,345,585,2570,1,1,1,random,0,0,Randomly placed,0.9877142857142857,0,0,0,0,0,true,4.5,0,390,681,74,118,489,681,74,118,489,4.5162499999999755,537,246,208,227,0,NA,150.78881815665733,0,0,
3911,0.5,timed-search,7,3500,342,495,2663,1,1,1,random,0,0,Randomly placed,0.9511428571428572,0,0,0,0,0,true,4.5,0,374,676,62,108,506,676,62,108,506,4.511249999999979,537,237,190,249,0,NA,149.84760321418744,0,0,
3923,0.5,timed-search,7,3500,352,518,2630,1,1,1,random,0,0,Randomly placed,0.9637142857142857,0,0,0,0,0,true,4.5,0,354,587,69,88,430,587,69,88,430,4.512499999999984,537,177,208,202,0,NA,130.08310249307524,0,0,
3922,0.5,timed-search,7,3500,366,511,2623,1,1,1,random,0,0,Randomly placed,0.9968571428571428,0,0,0,0,0,true,4.5,0,371,631,62,106,463,631,62,106,463,4.512499999999983,537,231,187,213,0,NA,139.83379501385093,0,0,
3916,0.5,timed-search,7,3500,372,521,2607,1,1,1,random,0,0,Randomly placed,1.0814285714285714,0,0,0,0,0,true,4.5,0,393,714,75,106,533,714,75,106,533,4.518749999999988,539,310,176,228,0,NA,158.00829875518713,0,0,
3920,0.5,timed-search,7,3500,363,532,2605,1,1,1,random,0,0,Randomly placed,1.0494285714285714,0,0,0,0,0,true,4.5,0,387,667,59,95,513,667,59,95,513,4.524999999999979,538,232,188,247,0,NA,147.40331491712774,0,0,
3928,0.5,timed-search,7,3500,353,531,2616,1,1,1,random,0,0,Randomly placed,0.9722857142857143,0,0,0,0,0,true,4.5,0,411,697,68,93,536,697,68,93,536,4.50062499999998,536,224,250,223,0,NA,154.86737953062143,0,0,
3924,0.5,timed-search,7,3500,340,501,2659,1,1,1,random,0,0,Randomly placed,1.0557142857142856,0,0,0,0,0,true,4.5,0,379,675,73,88,514,675,73,88,514,4.523749999999978,538,218,216,241,0,NA,149.21248963802228,0,0,
3926,0.5,timed-search,7,3500,365,522,2613,1,1,1,random,0,0,Randomly placed,0.9522857142857143,0,0,0,0,0,true,4.5,0,404,730,69,89,572,730,69,89,572,4.500624999999973,535,223,276,231,0,NA,162.1996944868778,0,0,
3925,0.5,timed-search,7,3500,333,517,2650,1,1,1,random,0,0,Randomly placed,1.0225714285714287,0,0,0,0,0,true,4.5,0,369,650,65,96,489,650,65,96,489,4.5074999999999745,536,227,231,192,0,NA,144.20410427066082,0,0,
3932,0.5,timed-search,7,3500,364,541,2595,1,1,1,random,0,0,Randomly placed,0.9911428571428571,0,0,0,0,0,true,4.5,0,390,701,71,112,518,701,71,112,518,4.503749999999979,536,246,274,181,0,NA,155.64807105190192,0,0,
3927,0.5,timed-search,7,3500,354,517,2629,1,1,1,random,0,0,Randomly placed,0.9642857142857143,0,0,0,0,0,true,4.5,0,372,638,63,95,480,638,63,95,480,4.509999999999981,537,167,245,226,0,NA,141.46341463414694,0,0,
3921,0.5,timed-search,7,3500,351,531,2618,1,1,1,random,0,0,Randomly placed,0.9722857142857143,0,0,0,0,0,true,4.5,0,428,742,81,118,543,742,81,118,543,4.505624999999984,537,275,236,231,0,NA,164.6830350950207,0,0,
3929,0.5,timed-search,7,3500,355,517,2628,1,1,1,random,0,0,Randomly placed,1.0202857142857142,0,0,0,0,0,true,4.5,0,403,702,59,114,529,702,59,114,529,4.5074999999999825,537,211,255,236,0,NA,155.7404326123134,0,0,
3934,0.5,timed-search,7,3500,379,497,2624,1,1,1,random,0,0,Randomly placed,1.0185714285714285,0,0,0,0,0,true,4.5,0,359,627,67,104,456,627,67,104,456,4.51312499999998,537,232,202,193,0,NA,138.92812629829726,0,0,
3915,0.5,timed-search,7,3500,345,474,2681,1,1,1,random,0,0,Randomly placed,0.9448571428571428,0,0,0,0,0,true,4.5,0,374,654,65,76,513,654,65,76,513,4.513124999999978,537,194,233,227,0,NA,144.91067719152542,0,0,
3930,0.5,timed-search,7,3500,336,519,2645,1,1,1,random,0,0,Randomly placed,1.0351428571428571,0,0,0,0,0,true,4.5,0,402,715,59,101,555,715,59,101,555,4.518124999999982,538,197,247,271,0,NA,158.25148706598486,0,0,
3919,0.5,timed-search,7,3500,349,532,2619,1,1,1,random,0,0,Randomly placed,1.0242857142857142,0,0,0,0,0,true,4.5,0,394,692,61,108,523,692,61,108,523,4.503749999999978,536,229,285,178,0,NA,153.64973633083616,0,0,
3917,0.5,timed-search,7,3500,369,542,2589,1,1,1,random,0,0,Randomly placed,0.9842857142857142,0,0,0,0,0,true,4.5,0,372,615,67,96,452,615,67,96,452,4.507499999999978,536,209,224,182,0,NA,136.4392678868559,0,0,
3938,0.5,timed-search,7,3500,338,520,2642,1,1,1,random,0,0,Randomly placed,1.0568571428571427,0,0,0,0,0,true,4.5,0,367,672,62,97,513,672,62,97,513,4.513749999999982,537,197,200,275,0,NA,148.87842702852456,0,0,
3941,0.5,timed-search,7,3500,348,520,2632,1,1,1,random,0,0,Randomly placed,0.966,0,0,0,0,0,true,4.5,0,401,703,64,112,527,703,64,112,527,4.5068749999999795,536,190,272,241,0,NA,155.98391346553947,0,0,
3937,0.5,timed-search,7,3500,317,510,2673,1,1,1,random,0,0,Randomly placed,0.9934285714285714,0,0,0,0,0,true,4.5,0,395,678,58,106,514,678,58,106,514,4.514999999999985,537,227,244,207,0,NA,150.16611295681113,0,0,
3939,0.5,timed-search,7,3500,332,545,2623,1,1,1,random,0,0,Randomly placed,1.0105714285714285,0,0,0,0,0,true,4.5,0,382,702,69,106,527,702,69,106,527,4.518749999999982,538,225,238,239,0,NA,155.3526970954363,0,0,
3940,0.5,timed-search,7,3500,352,504,2644,1,1,1,random,0,0,Randomly placed,0.9654285714285714,0,0,0,0,0,true,4.5,0,395,691,71,101,519,691,71,101,519,4.519374999999982,538,246,259,186,0,NA,152.89724796017208,0,0,
3948,0.5,timed-search,7,3500,348,535,2617,1,1,1,random,0,0,Randomly placed,0.9785714285714285,0,0,0,0,0,true,4.5,0,386,684,78,117,489,684,78,117,489,4.51249999999998,537,199,233,252,0,NA,151.57894736842172,0,0,
3944,0.5,timed-search,7,3500,363,524,2613,1,1,1,random,0,0,Randomly placed,0.9842857142857142,0,0,0,0,0,true,4.5,0,418,720,67,110,543,720,67,110,543,4.514374999999983,538,266,204,250,0,NA,159.49051640592612,0,0,
3946,0.5,timed-search,7,3500,352,509,2639,1,1,1,random,0,0,Randomly placed,1.0197142857142858,0,0,0,0,0,true,4.5,0,373,661,71,105,485,661,71,105,485,4.508749999999977,536,220,273,168,0,NA,146.60382589409556,0,0,
3943,0.5,timed-search,7,3500,359,516,2625,1,1,1,random,0,0,Randomly placed,1.018,0,0,0,0,0,true,4.5,0,367,647,62,95,490,647,62,95,490,4.501874999999973,535,240,175,232,0,NA,143.7178953213947,0,0,
3949,0.5,timed-search,7,3500,334,502,2664,1,1,1,random,0,0,Randomly placed,0.9557142857142857,0,0,0,0,0,true,4.5,0,398,697,69,104,524,697,69,104,524,4.504374999999981,536,235,250,212,0,NA,154.73844873040164,0,0,
3936,0.5,timed-search,7,3500,360,523,2617,1,1,1,random,0,0,Randomly placed,0.9602857142857143,0,0,0,0,0,true,4.5,0,373,656,56,103,497,656,56,103,497,4.501874999999983,536,168,270,218,0,NA,145.71706233513868,0,0,
3931,0.5,timed-search,7,3500,353,501,2646,1,1,1,random,0,0,Randomly placed,1.0065714285714287,0,0,0,0,0,true,4.5,0,370,667,72,101,494,667,72,101,494,4.5068749999999795,536,239,178,250,0,NA,147.99611704340657,0,0,
3952,0.5,timed-search,7,3500,333,565,2602,1,1,1,random,0,0,Randomly placed,0.978,0,0,0,0,0,true,4.5,0,391,688,54,113,521,688,54,113,521,4.504374999999981,536,269,232,187,0,NA,152.74039128625012,0,0,
3942,0.5,timed-search,7,3500,360,535,2605,1,1,1,random,0,0,Randomly placed,1.0397142857142856,0,0,0,0,0,true,4.5,0,395,678,61,106,511,678,61,106,511,4.518124999999982,538,272,223,183,0,NA,150.06224927375908,0,0,
3953,0.5,timed-search,7,3500,352,545,2603,1,1,1,random,0,0,Randomly placed,1.0648571428571427,0,0,0,0,0,true,4.5,0,393,691,66,115,510,691,66,115,510,4.521874999999979,538,253,162,276,0,NA,152.8127159640643,0,0,
3954,0.5,timed-search,7,3500,331,503,2666,1,1,1,random,0,0,Randomly placed,1.0105714285714285,0,0,0,0,0,true,4.5,0,361,589,45,83,461,589,45,83,461,4.5149999999999775,537,197,193,199,0,NA,130.45404208194972,0,0,
3955,0.5,timed-search,7,3500,330,560,2610,1,1,1,random,0,0,Randomly placed,1.0231428571428571,0,0,0,0,0,true,4.5,0,427,721,53,117,551,721,53,117,551,4.5099999999999865,538,244,183,294,0,NA,159.8669623059872,0,0,
3933,0.5,timed-search,7,3500,326,592,2582,1,1,1,random,0,0,Randomly placed,1.0162857142857142,0,0,0,0,0,true,4.5,0,370,660,55,105,500,660,55,105,500,4.513124999999979,537,227,185,248,0,NA,146.24013294557608,0,0,
3957,0.5,timed-search,7,3500,363,544,2593,1,1,1,random,0,0,Randomly placed,1.016857142857143,0,0,0,0,0,true,4.5,0,430,695,70,127,498,695,70,127,498,4.502499999999982,536,217,242,236,0,NA,154.35868961688013,0,0,
3959,0.5,timed-search,7,3500,333,551,2616,1,1,1,random,0,0,Randomly placed,1.0545714285714285,0,0,0,0,0,true,4.5,0,403,694,76,105,513,694,76,105,513,4.5206249999999795,538,282,225,187,0,NA,153.5185953269743,0,0,
3963,0.5,timed-search,7,3500,369,520,2611,1,1,1,random,0,0,Randomly placed,0.9562857142857143,0,0,0,0,0,true,4.5,0,413,674,76,95,503,674,76,95,503,4.510624999999981,537,227,267,180,0,NA,149.42496882361155,0,0,
3961,0.5,timed-search,7,3500,370,559,2571,1,1,1,random,0,0,Randomly placed,0.956857142857143,0,0,0,0,0,true,4.5,0,386,679,75,110,494,679,75,110,494,4.523749999999982,538,237,198,244,0,NA,150.09671179884006,0,0,
3958,0.5,timed-search,7,3500,360,550,2590,1,1,1,random,0,0,Randomly placed,0.9631428571428572,0,0,0,0,0,true,4.5,0,416,743,82,111,550,743,82,111,550,4.516874999999977,537,236,244,263,0,NA,164.49425764494342,0,0,
3965,0.5,timed-search,7,3500,361,520,2619,1,1,1,random,0,0,Randomly placed,0.9894285714285714,0,0,0,0,0,true,4.5,0,404,682,73,97,512,682,73,97,512,4.514374999999978,537,232,199,251,0,NA,151.07296137339128,0,0,
3968,0.5,timed-search,7,3500,353,485,2662,1,1,1,random,0,0,Randomly placed,0.9814285714285714,0,0,0,0,0,true,4.5,0,383,673,71,88,514,673,71,88,514,4.52124999999998,538,262,206,205,0,NA,148.85264030964956,0,0,
3967,0.5,timed-search,7,3500,375,495,2630,1,1,1,random,0,0,Randomly placed,1.0414285714285714,0,0,0,0,0,true,4.5,0,389,648,69,104,475,648,69,104,475,4.523124999999978,538,184,180,284,0,NA,143.26378333563702,0,0,
3935,0.5,timed-search,7,3500,370,494,2636,1,1,1,random,0,0,Randomly placed,0.9734285714285714,0,0,0,0,0,true,4.5,0,420,732,72,103,557,732,72,103,557,4.514374999999984,538,219,221,292,0,NA,162.14869167935817,0,0,
3964,0.5,timed-search,7,3500,350,548,2602,1,1,1,random,0,0,Randomly placed,0.9397142857142857,0,0,0,0,0,true,4.5,0,372,628,56,86,486,628,56,86,486,4.517499999999983,538,241,164,223,0,NA,139.01494189264025,0,0,
3966,0.5,timed-search,7,3500,359,529,2612,1,1,1,random,0,0,Randomly placed,1.0477142857142856,0,0,0,0,0,true,4.5,0,395,706,69,119,518,706,69,119,518,4.51874999999998,538,179,252,275,0,NA,156.23789764868673,0,0,
3947,0.5,timed-search,7,3500,350,514,2636,1,1,1,random,0,0,Randomly placed,0.9557142857142857,0,0,0,0,0,true,4.5,0,406,723,94,104,525,723,94,104,525,4.521249999999979,538,293,217,213,0,NA,159.91152889134716,0,0,
3962,0.5,timed-search,7,3500,345,503,2652,1,1,1,random,0,0,Randomly placed,0.9534285714285715,0,0,0,0,0,true,4.5,0,394,706,81,100,525,706,81,100,525,4.502499999999978,536,202,259,245,0,NA,156.80177679067262,0,0,
3970,0.5,timed-search,7,3500,351,530,2619,1,1,1,random,0,0,Randomly placed,0.9791428571428572,0,0,0,0,0,true,4.5,0,381,651,67,110,474,651,67,110,474,4.5037499999999815,536,266,207,178,0,NA,144.54621149042524,0,0,
3951,0.5,timed-search,7,3500,361,499,2640,1,1,1,random,0,0,Randomly placed,0.9808571428571428,0,0,0,0,0,true,4.5,0,367,637,66,87,484,637,66,87,484,4.5156249999999805,537,228,209,200,0,NA,141.0657439446373,0,0,
3971,0.5,timed-search,7,3500,332,519,2649,1,1,1,random,0,0,Randomly placed,1.022,0,0,0,0,0,true,4.5,0,413,711,74,105,532,711,74,105,532,4.510624999999987,538,325,213,173,0,NA,157.62782319523393,0,0,
3973,0.5,timed-search,7,3500,383,502,2615,1,1,1,random,0,0,Randomly placed,0.9717142857142856,0,0,0,0,0,true,4.5,0,370,621,72,97,452,621,72,97,452,4.5093749999999835,537,181,199,241,0,NA,137.71309771309822,0,0,
3972,0.5,timed-search,7,3500,361,512,2627,1,1,1,random,0,0,Randomly placed,0.9962857142857143,0,0,0,0,0,true,4.5,0,394,683,82,96,505,683,82,96,505,4.521874999999976,538,187,274,222,0,NA,151.04353835521852,0,0,
3960,0.5,timed-search,7,3500,355,522,2623,1,1,1,random,0,0,Randomly placed,0.9905714285714285,0,0,0,0,0,true,4.5,0,395,672,68,96,508,672,68,96,508,4.51062499999998,537,228,201,243,0,NA,148.98157129001038,0,0,
3976,0.5,timed-search,7,3500,352,569,2579,1,1,1,random,0,0,Randomly placed,1.0282857142857142,0,0,0,0,0,true,4.5,0,351,625,57,103,465,625,57,103,465,4.504999999999983,536,164,262,199,0,NA,138.73473917869086,0,0,
3980,0.5,timed-search,7,3500,354,537,2609,1,1,1,random,0,0,Randomly placed,1.0917142857142859,0,0,0,0,0,true,4.5,0,418,767,82,127,558,767,82,127,558,4.521249999999975,538,264,259,244,0,NA,169.64335084324117,0,0,
3975,0.5,timed-search,7,3500,346,526,2628,1,1,1,random,0,0,Randomly placed,0.9808571428571428,0,0,0,0,0,true,4.5,0,428,739,73,117,549,739,73,117,549,4.504999999999987,537,298,225,216,0,NA,164.03995560488394,0,0,
3977,0.5,timed-search,7,3500,363,524,2613,1,1,1,random,0,0,Randomly placed,1.0014285714285713,0,0,0,0,0,true,4.5,0,409,690,59,94,537,690,59,94,537,4.524999999999987,539,253,242,195,0,NA,152.4861878453043,0,0,
3945,0.5,timed-search,7,3500,363,522,2615,1,1,1,random,0,0,Randomly placed,1.0271428571428571,0,0,0,0,0,true,4.5,0,372,651,66,92,493,651,66,92,493,4.516874999999986,538,183,231,237,0,NA,144.12619344126236,0,0,
3982,0.5,timed-search,7,3500,358,526,2616,1,1,1,random,0,0,Randomly placed,1.036857142857143,0,0,0,0,0,true,4.5,0,423,770,83,133,554,770,83,133,554,4.521874999999981,538,162,344,264,0,NA,170.28334485141744,0,0,
3979,0.5,timed-search,7,3500,380,532,2588,1,1,1,random,0,0,Randomly placed,0.994,0,0,0,0,0,true,4.5,0,385,636,62,96,478,636,62,96,478,4.503124999999979,536,230,183,223,0,NA,141.23525329632264,0,0,
3983,0.5,timed-search,7,3500,349,522,2629,1,1,1,random,0,0,Randomly placed,0.9637142857142857,0,0,0,0,0,true,4.5,0,404,721,78,102,541,721,78,102,541,4.515624999999983,538,211,290,220,0,NA,159.66782006920474,0,0,
3956,0.5,timed-search,7,3500,317,504,2679,1,1,1,random,0,0,Randomly placed,1.032857142857143,0,0,0,0,0,true,4.5,0,377,650,71,81,498,650,71,81,498,4.52187499999998,538,209,235,206,0,NA,143.74568071872903,0,0,
3985,0.5,timed-search,7,3500,364,538,2598,1,1,1,random,0,0,Randomly placed,0.9842857142857142,0,0,0,0,0,true,4.5,0,399,708,80,118,510,708,80,118,510,4.524374999999982,539,247,234,227,0,NA,156.48570244508971,0,0,
3974,0.5,timed-search,7,3500,348,547,2605,1,1,1,random,0,0,Randomly placed,0.9842857142857142,0,0,0,0,0,true,4.5,0,352,652,68,99,485,652,68,99,485,4.505624999999982,536,222,215,215,0,NA,144.70800388403444,0,0,
3978,0.5,timed-search,7,3500,308,562,2630,1,1,1,random,0,0,Randomly placed,1.0362857142857143,0,0,0,0,0,true,4.5,0,384,669,69,117,483,669,69,117,483,4.508124999999979,536,263,171,235,0,NA,148.39872452516357,0,0,
3981,0.5,timed-search,7,3500,359,538,2603,1,1,1,random,0,0,Randomly placed,1.0191428571428571,0,0,0,0,0,true,4.5,0,385,686,67,102,517,686,67,102,517,4.50062499999998,536,236,175,275,0,NA,152.42327454520273,0,0,
3986,0.5,timed-search,7,3500,376,506,2618,1,1,1,random,0,0,Randomly placed,1.0374285714285714,0,0,0,0,0,true,4.5,0,390,708,89,104,515,708,89,104,515,4.518749999999982,538,251,200,257,0,NA,156.6804979253118,0,0,
3950,0.5,timed-search,7,3500,327,533,2640,1,1,1,random,0,0,Randomly placed,1.0757142857142858,0,0,0,0,0,true,4.5,0,394,681,62,109,510,681,62,109,510,4.503749999999982,536,251,241,189,0,NA,151.20732722731117,0,0,
3987,0.5,timed-search,7,3500,370,510,2620,1,1,1,random,0,0,Randomly placed,1.0162857142857142,0,0,0,0,0,true,4.5,0,370,640,74,85,481,640,74,85,481,4.501874999999983,536,133,241,266,0,NA,142.16298764403774,0,0,
3984,0.5,timed-search,7,3500,357,522,2621,1,1,1,random,0,0,Randomly placed,0.9934285714285714,0,0,0,0,0,true,4.5,0,368,620,76,89,455,620,76,89,455,4.5237499999999775,538,188,170,262,0,NA,137.05443492677603,0,0,
3969,0.5,timed-search,7,3500,379,530,2591,1,1,1,random,0,0,Randomly placed,0.9671428571428571,0,0,0,0,0,true,4.5,0,387,691,67,101,523,691,67,101,523,4.506874999999983,537,281,190,220,0,NA,153.32131465816173,0,0,
4001,0.5,timed-search,0.01,5,0,2,3,0.7,0.7,0.7,random,0,0,Randomly placed,0.997500000000036,0,0,0,0,0,true,4.5,0,444,0,0,0,0,0,0,0,0,4.506249999999956,528,0,0,0,0,NA,0,0,0,
4003,0.5,timed-search,0.01,5,1,1,3,0.7,0.7,0.7,random,0,0,Randomly placed,0.9975000000000452,0,0,0,0,0,true,4.5,0,426,1,0,1,0,1,0,1,0,4.50249999999996,529,1,0,0,0,NA,0.22209883398112354,0,0,
3991,0.5,timed-search,7,3500,353,560,2587,1,1,1,random,0,0,Randomly placed,0.9848571428571429,0,0,0,0,0,true,4.5,0,373,652,69,100,483,652,69,100,483,4.519999999999986,538,196,198,258,0,NA,144.2477876106199,0,0,
3996,0.5,timed-search,7,3500,356,501,2643,1,1,1,random,0,0,Randomly placed,0.9682857142857142,0,0,0,0,0,true,4.5,0,369,594,69,85,440,594,69,85,440,4.518124999999979,537,185,187,222,0,NA,131.4704661778952,0,0,
3989,0.5,timed-search,7,3500,349,525,2626,1,1,1,random,0,0,Randomly placed,0.9791428571428572,0,0,0,0,0,true,4.5,0,403,702,74,104,524,702,74,104,524,4.500624999999984,536,254,217,231,0,NA,155.97833634217525,0,0,
3990,0.5,timed-search,7,3500,366,524,2610,1,1,1,random,0,0,Randomly placed,0.9848571428571429,0,0,0,0,0,true,4.5,0,380,692,67,98,527,692,67,98,527,4.5018749999999805,535,176,259,257,0,NA,153.7137303901159,0,0,
3992,0.5,timed-search,7,3500,355,547,2598,1,1,1,random,0,0,Randomly placed,0.9517142857142857,0,0,0,0,0,true,4.5,0,395,691,77,110,504,691,77,110,504,4.506249999999977,536,197,317,177,0,NA,153.3425797503475,0,0,
4002,0.5,timed-search,0.01,5,0,3,2,0.7,0.7,0.7,random,0,0,Randomly placed,0.9975000000000195,0,0,0,0,0,true,4.5,0,450,0,0,0,0,0,0,0,0,4.511249999999957,528,0,0,0,0,NA,0,0,0,
3994,0.5,timed-search,7,3500,341,537,2622,1,1,1,random,0,0,Randomly placed,1.0002857142857142,0,0,0,0,0,true,4.5,0,410,721,76,102,543,721,76,102,543,4.503124999999979,536,237,255,229,0,NA,160.1110340041645,0,0,
3997,0.5,timed-search,7,3500,340,520,2640,1,1,1,random,0,0,Randomly placed,0.9557142857142857,0,0,0,0,0,true,4.5,0,431,732,75,113,544,732,75,113,544,4.503749999999983,536,213,296,223,0,NA,162.53122398001724,0,0,
4006,0.5,timed-search,0.01,5,0,1,4,0.7,0.7,0.7,random,0,0,Randomly placed,0.9975000000000261,0,0,0,0,0,true,4.5,0,429,2,0,1,1,1,0,1,0,4.512499999999957,528,0,0,1,0,NA,0.22160664819944811,0,0,
4005,0.5,timed-search,0.01,5,2,1,2,0.7,0.7,0.7,random,0,0,Randomly placed,0.9975000000000712,0,0,0,0,0,true,4.5,0,424,0,0,0,0,0,0,0,0,4.511249999999957,528,0,0,0,0,NA,0,0,0,
3988,0.5,timed-search,7,3500,329,550,2621,1,1,1,random,0,0,Randomly placed,1.0494285714285714,0,0,0,0,0,true,4.5,0,368,656,59,89,508,656,59,89,508,4.513749999999981,537,213,177,266,0,NA,145.33370257546446,0,0,
4004,0.5,timed-search,0.01,5,0,2,3,0.7,0.7,0.7,random,0,0,Randomly placed,0.9975000000000409,0,0,0,0,0,true,4.5,0,446,1,0,0,1,1,0,0,1,4.520624999999955,531,0,1,0,0,NA,0.22120835061523794,0,0,
4010,0.5,timed-search,0.01,5,1,1,3,0.7,0.7,0.7,random,0,0,Randomly placed,0.99750000000005,0,0,0,0,0,true,4.5,0,453,0,0,0,0,0,0,0,0,4.508124999999955,528,0,0,0,0,NA,0,0,0,
3998,0.5,timed-search,7,3500,352,517,2631,1,1,1,random,0,0,Randomly placed,0.9877142857142857,0,0,0,0,0,true,4.5,0,353,629,67,100,462,629,67,100,462,4.517499999999982,538,228,157,244,0,NA,139.23630326508078,0,0,
4012,0.5,timed-search,0.01,5,0,1,4,0.7,0.7,0.7,random,0,0,Randomly placed,0.9975000000000617,0,0,0,0,0,true,4.5,0,433,0,0,0,0,0,0,0,0,4.506249999999956,528,0,0,0,0,NA,0,0,0,
4007,0.5,timed-search,0.01,5,1,0,4,0.7,0.7,0.7,random,0,0,Randomly placed,0.9975000000000449,0,0,0,0,0,true,4.5,0,437,1,1,0,0,0,0,0,0,4.512499999999957,528,0,0,0,0,NA,0,0,0,
3995,0.5,timed-search,7,3500,333,535,2632,1,1,1,random,0,0,Randomly placed,0.9974285714285714,0,0,0,0,0,true,4.5,0,364,636,62,105,469,636,62,105,469,4.521249999999975,537,231,206,199,0,NA,140.66906275919348,0,0,
4009,0.5,timed-search,0.01,5,0,0,5,0.7,0.7,0.7,random,0,0,Randomly placed,0.9975000000000595,0,0,0,0,0,true,4.5,0,443,1,0,0,1,1,0,0,1,4.518749999999954,531,0,1,0,0,NA,0.2213001383125887,0,0,
4011,0.5,timed-search,0.01,5,2,1,2,0.7,0.7,0.7,random,0,0,Randomly placed,0.9975000000000246,0,0,0,0,0,true,4.5,0,451,0,0,0,0,0,0,0,0,4.511249999999957,528,0,0,0,0,NA,0,0,0,
4016,0.5,timed-search,0.01,5,0,1,4,0.7,0.7,0.7,random,0,0,Randomly placed,0.9975000000000184,0,0,0,0,0,true,4.5,0,379,3,0,0,3,3,0,0,3,4.523124999999978,534,1,1,1,0,NA,0.6632582561835046,0,0,
4014,0.5,timed-search,0.01,5,0,0,5,0.7,0.7,0.7,random,0,0,Randomly placed,0.9975000000000268,0,0,0,0,0,true,4.5,0,407,0,0,0,0,0,0,0,0,4.511249999999957,528,0,0,0,0,NA,0,0,0,
3999,0.5,timed-search,7,3500,365,519,2616,1,1,1,random,0,0,Randomly placed,0.9688571428571429,0,0,0,0,0,true,4.5,0,422,747,72,104,571,747,72,104,571,4.507499999999975,536,246,324,177,0,NA,165.72379367720555,0,0,
4008,0.5,timed-search,0.01,5,1,0,4,0.7,0.7,0.7,random,0,0,Randomly placed,0.9975000000000258,0,0,0,0,0,true,4.5,0,448,1,0,0,1,1,0,0,1,4.51249999999996,529,0,1,0,0,NA,0.22160664819944795,0,0,
4015,0.5,timed-search,0.01,5,0,0,5,0.7,0.7,0.7,random,0,0,Randomly placed,0.9975000000000293,0,0,0,0,0,true,4.5,0,409,1,0,0,1,1,0,0,1,4.524374999999967,531,1,0,0,0,NA,0.22102500345351728,0,0,
4000,0.5,timed-search,7,3500,357,520,2623,1,1,1,random,0,0,Randomly placed,0.9545714285714286,0,0,0,0,0,true,4.5,0,363,677,58,98,521,677,58,98,521,4.50562499999998,536,159,301,217,0,NA,150.25662366486404,0,0,
4017,0.5,timed-search,0.01,5,0,0,5,0.7,0.7,0.7,random,0,0,Randomly placed,0.9975000000000124,0,0,0,0,0,true,4.5,0,458,3,0,0,3,1,0,0,1,4.505624999999966,529,1,0,0,0,NA,0.22194479123318245,0,0,
4022,0.5,timed-search,0.01,5,0,1,4,0.7,0.7,0.7,random,0,0,Randomly placed,0.9975000000000357,0,0,0,0,0,true,4.5,0,433,2,0,0,2,2,0,0,2,4.501249999999954,530,0,0,2,0,NA,0.44432102193835504,0,0,
4018,0.5,timed-search,0.01,5,0,0,5,0.7,0.7,0.7,random,0,0,Randomly placed,0.9975000000000199,0,0,0,0,0,true,4.5,0,457,1,0,0,1,0,0,0,0,4.508124999999956,528,0,0,0,0,NA,0,0,0,
4023,0.5,timed-search,0.01,5,0,0,5,0.7,0.7,0.7,random,0,0,Randomly placed,0.9975000000000397,0,0,0,0,0,true,4.5,0,430,3,0,0,3,3,0,0,3,4.511249999999961,532,1,1,1,0,NA,0.6650041562759824,0,0,
4024,0.5,timed-search,0.01,5,1,0,4,0.7,0.7,0.7,random,0,0,Randomly placed,0.9975000000000421,0,0,0,0,0,true,4.5,0,437,1,0,0,1,0,0,0,0,4.511249999999957,528,0,0,0,0,NA,0,0,0,
4021,0.5,timed-search,0.01,5,0,2,3,0.7,0.7,0.7,random,0,0,Randomly placed,0.9975000000000132,0,0,0,0,0,true,4.5,0,440,3,0,1,2,3,0,1,2,4.518124999999977,533,2,0,1,0,NA,0.6639922534237134,0,0,
4020,0.5,timed-search,0.01,5,0,0,5,0.7,0.7,0.7,random,0,0,Randomly placed,0.9975000000000336,0,0,0,0,0,true,4.5,0,447,2,0,0,2,2,0,0,2,4.52124999999996,531,0,1,1,0,NA,0.44235554326790544,0,0,
4026,0.5,timed-search,0.01,5,0,0,5,0.7,0.7,0.7,random,0,0,Randomly placed,0.9975000000000197,0,0,0,0,0,true,4.5,0,458,1,0,0,1,1,0,0,1,4.519999999999964,530,0,1,0,0,NA,0.2212389380530991,0,0,
4029,0.5,timed-search,0.01,5,0,1,4,0.7,0.7,0.7,random,0,0,Randomly placed,0.9975000000000386,0,0,0,0,0,true,4.5,0,429,0,0,0,0,0,0,0,0,4.512499999999957,528,0,0,0,0,NA,0,0,0,
4033,0.5,timed-search,0.01,5,0,0,5,0.7,0.7,0.7,random,0,0,Randomly placed,0.9975000000000247,0,0,0,0,0,true,4.5,0,455,2,0,0,2,2,0,0,2,4.506249999999957,530,0,0,2,0,NA,0.44382801664355487,0,0,
4019,0.5,timed-search,0.01,5,0,0,5,0.7,0.7,0.7,random,0,0,Randomly placed,0.9975000000000582,0,0,0,0,0,true,4.5,0,427,2,0,0,2,2,0,0,2,4.506874999999946,530,2,0,0,0,NA,0.44376646789627494,0,0,
4034,0.5,timed-search,0.01,5,0,2,3,0.7,0.7,0.7,random,0,0,Randomly placed,0.9975000000000124,0,0,0,0,0,true,4.5,0,445,1,0,1,0,1,0,1,0,4.515624999999955,530,1,0,0,0,NA,0.22145328719723406,0,0,
4030,0.5,timed-search,0.01,5,1,0,4,0.7,0.7,0.7,random,0,0,Randomly placed,0.9975000000000152,0,0,0,0,0,true,4.5,0,448,0,0,0,0,0,0,0,0,4.511249999999957,528,0,0,0,0,NA,0,0,0,
4032,0.5,timed-search,0.01,5,1,0,4,0.7,0.7,0.7,random,0,0,Randomly placed,0.9975000000000449,0,0,0,0,0,true,4.5,0,455,1,1,0,0,0,0,0,0,4.506249999999956,528,0,0,0,0,NA,0,0,0,
4031,0.5,timed-search,0.01,5,0,0,5,0.7,0.7,0.7,random,0,0,Randomly placed,0.9975000000000144,0,0,0,0,0,true,4.5,0,449,1,0,0,1,1,0,0,1,4.510624999999967,530,0,0,1,0,NA,0.2216987668006113,0,0,
4036,0.5,timed-search,0.01,5,1,2,2,0.7,0.7,0.7,random,0,0,Randomly placed,0.9975000000000461,0,0,0,0,0,true,4.5,0,443,1,0,0,1,1,0,0,1,4.518749999999957,531,0,1,0,0,NA,0.22130013831258855,0,0,
4025,0.5,timed-search,0.01,5,1,2,2,0.7,0.7,0.7,random,0,0,Randomly placed,0.9975000000000295,0,0,0,0,0,true,4.5,0,426,1,0,1,0,1,0,1,0,4.5231249999999585,530,1,0,0,0,NA,0.2210860853945025,0,0,
4013,0.5,timed-search,0.01,5,0,1,4,0.7,0.7,0.7,random,0,0,Randomly placed,0.9975000000000425,0,0,0,0,0,true,4.5,0,431,0,0,0,0,0,0,0,0,4.508124999999955,528,0,0,0,0,NA,0,0,0,
3993,0.5,timed-search,7,3500,360,526,2614,1,1,1,random,0,0,Randomly placed,0.986,0,0,0,0,0,true,4.5,0,360,663,64,95,504,663,64,95,504,4.50937499999998,537,269,186,208,0,NA,147.02702702702769,0,0,
4035,0.5,timed-search,0.01,5,1,0,4,0.7,0.7,0.7,random,0,0,Randomly placed,0.9975000000000247,0,0,0,0,0,true,4.5,0,455,1,0,0,1,1,0,0,1,4.508749999999966,529,0,1,0,0,NA,0.22179096201829943,0,0,
4028,0.5,timed-search,0.01,5,1,1,3,0.7,0.7,0.7,random,0,0,Randomly placed,0.9975000000000468,0,0,0,0,0,true,4.5,0,402,2,0,0,2,0,0,0,0,4.512499999999957,528,0,0,0,0,NA,0,0,0,
4042,0.5,timed-search,0.01,5,0,2,3,0.7,0.7,0.7,random,0,0,Randomly placed,0.9975000000000277,0,0,0,0,0,true,4.5,0,421,1,0,0,1,1,0,0,1,4.511249999999953,530,1,0,0,0,NA,0.22166805209199453,0,0,
4039,0.5,timed-search,0.01,5,1,0,4,0.7,0.7,0.7,random,0,0,Randomly placed,0.9975000000000656,0,0,0,0,0,true,4.5,0,433,3,1,0,2,3,1,0,2,4.506874999999969,531,2,0,1,0,NA,0.665649701844409,0,0,
4046,0.5,timed-search,0.01,5,0,1,4,0.7,0.7,0.7,random,0,0,Randomly placed,0.9975000000000747,0,0,0,0,0,true,4.5,0,413,0,0,0,0,0,0,0,0,4.508124999999955,528,0,0,0,0,NA,0,0,0,
4045,0.5,timed-search,0.01,5,0,0,5,0.7,0.7,0.7,random,0,0,Randomly placed,0.9975000000000598,0,0,0,0,0,true,4.5,0,437,1,0,0,1,1,0,0,1,4.500624999999967,528,0,1,0,0,NA,0.2221913623107918,0,0,
4044,0.5,timed-search,0.01,5,1,1,3,0.7,0.7,0.7,random,0,0,Randomly placed,0.9975000000000219,0,0,0,0,0,true,4.5,0,463,0,0,0,0,0,0,0,0,4.512499999999957,528,0,0,0,0,NA,0,0,0,
4041,0.5,timed-search,0.01,5,2,0,3,0.7,0.7,0.7,random,0,0,Randomly placed,0.9975000000000478,0,0,0,0,0,true,4.5,0,443,1,1,0,0,1,1,0,0,4.520624999999957,531,1,0,0,0,NA,0.2212083506152378,0,0,
4040,0.5,timed-search,0.01,5,0,1,4,0.7,0.7,0.7,random,0,0,Randomly placed,0.9975000000000662,0,0,0,0,0,true,4.5,0,443,0,0,0,0,0,0,0,0,4.512499999999957,528,0,0,0,0,NA,0,0,0,
4050,0.5,timed-search,0.01,5,1,2,2,0.7,0.7,0.7,random,0,0,Randomly placed,0.9975000000000429,0,0,0,0,0,true,4.5,0,412,1,0,1,0,1,0,1,0,4.503124999999968,529,0,1,0,0,NA,0.22206800832755189,0,0,
4051,0.5,timed-search,0.01,5,2,1,2,0.7,0.7,0.7,random,0,0,Randomly placed,0.9975000000000211,0,0,0,0,0,true,4.5,0,430,1,0,0,1,1,0,0,1,4.5006249999999675,528,0,1,0,0,NA,0.22219136231079178,0,0,
4053,0.5,timed-search,0.01,5,2,0,3,0.7,0.7,0.7,random,0,0,Randomly placed,0.9975000000000792,0,0,0,0,0,true,4.5,0,430,1,0,0,1,0,0,0,0,4.511249999999957,528,0,0,0,0,NA,0,0,0,
4052,0.5,timed-search,0.01,5,0,1,4,0.7,0.7,0.7,random,0,0,Randomly placed,0.9975000000000672,0,0,0,0,0,true,4.5,0,418,1,0,0,1,0,0,0,0,4.508124999999955,528,0,0,0,0,NA,0,0,0,
4038,0.5,timed-search,0.01,5,2,2,1,0.7,0.7,0.7,random,0,0,Randomly placed,0.9975000000000647,0,0,0,0,0,true,4.5,0,450,2,1,0,1,1,0,0,1,4.524999999999955,531,0,0,1,0,NA,0.22099447513812373,0,0,
4054,0.5,timed-search,0.01,5,0,0,5,0.7,0.7,0.7,random,0,0,Randomly placed,0.9975000000000327,0,0,0,0,0,true,4.5,0,438,1,0,0,1,0,0,0,0,4.508124999999956,528,0,0,0,0,NA,0,0,0,
4027,0.5,timed-search,0.01,5,1,1,3,0.7,0.7,0.7,random,0,0,Randomly placed,0.9975000000000135,0,0,0,0,0,true,4.5,0,456,0,0,0,0,0,0,0,0,4.511249999999957,528,0,0,0,0,NA,0,0,0,
4037,0.5,timed-search,0.01,5,1,0,4,0.7,0.7,0.7,random,0,0,Randomly placed,0.9975000000000235,0,0,0,0,0,true,4.5,0,460,1,0,0,1,0,0,0,0,4.508124999999955,528,0,0,0,0,NA,0,0,0,
4048,0.5,timed-search,0.01,5,2,1,2,0.7,0.7,0.7,random,0,0,Randomly placed,0.9975000000000577,0,0,0,0,0,true,4.5,0,435,1,0,1,0,1,0,1,0,4.518749999999968,531,1,0,0,0,NA,0.22130013831258802,0,0,
4055,0.5,timed-search,0.01,5,0,1,4,0.7,0.7,0.7,random,0,0,Randomly placed,0.9975000000000283,0,0,0,0,0,true,4.5,0,437,1,0,0,1,0,0,0,0,4.506249999999956,528,0,0,0,0,NA,0,0,0,
4043,0.5,timed-search,0.01,5,2,1,2,0.7,0.7,0.7,random,0,0,Randomly placed,0.9975000000000549,0,0,0,0,0,true,4.5,0,442,0,0,0,0,0,0,0,0,4.508124999999956,528,0,0,0,0,NA,0,0,0,
4047,0.5,timed-search,0.01,5,1,1,3,0.7,0.7,0.7,random,0,0,Randomly placed,0.997500000000031,0,0,0,0,0,true,4.5,0,411,0,0,0,0,0,0,0,0,4.506249999999956,528,0,0,0,0,NA,0,0,0,
4060,0.5,timed-search,0.01,5,0,1,4,0.7,0.7,0.7,random,0,0,Randomly placed,0.997500000000045,0,0,0,0,0,true,4.5,0,426,4,0,0,4,2,0,0,2,4.50499999999997,529,2,0,0,0,NA,0.44395116537181206,0,0,
4063,0.5,timed-search,0.01,5,0,1,4,0.7,0.7,0.7,random,0,0,Randomly placed,0.9975000000000145,0,0,0,0,0,true,4.5,0,455,1,0,0,1,1,0,0,1,4.516874999999954,530,1,0,0,0,NA,0.2213920022139223,0,0,
4056,0.5,timed-search,0.01,5,2,0,3,0.7,0.7,0.7,random,0,0,Randomly placed,0.997500000000054,0,0,0,0,0,true,4.5,0,434,2,0,0,2,2,0,0,2,4.50937499999996,530,1,0,1,0,NA,0.4435204435204474,0,0,
4057,0.5,timed-search,0.01,5,0,1,4,0.7,0.7,0.7,random,0,0,Randomly placed,0.9975000000000712,0,0,0,0,0,true,4.5,0,457,1,0,1,0,0,0,0,0,4.508124999999955,528,0,0,0,0,NA,0,0,0,
4058,0.5,timed-search,0.01,5,1,1,3,0.7,0.7,0.7,random,0,0,Randomly placed,0.9975000000000324,0,0,0,0,0,true,4.5,0,448,1,1,0,0,1,1,0,0,4.523124999999968,531,0,1,0,0,NA,0.22108608539450203,0,0,
4064,0.5,timed-search,0.01,5,0,2,3,0.7,0.7,0.7,random,0,0,Randomly placed,0.9975000000000147,0,0,0,0,0,true,4.5,0,466,2,0,1,1,1,0,0,1,4.516874999999953,530,0,0,1,0,NA,0.22139200221392233,0,0,
4061,0.5,timed-search,0.01,5,0,2,3,0.7,0.7,0.7,random,0,0,Randomly placed,0.9975000000000394,0,0,0,0,0,true,4.5,0,445,1,0,0,1,1,0,0,1,4.519999999999949,530,0,0,1,0,NA,0.22123893805309985,0,0,
4049,0.5,timed-search,0.01,5,1,1,3,0.7,0.7,0.7,random,0,0,Randomly placed,0.9975000000000135,0,0,0,0,0,true,4.5,0,437,1,0,0,1,1,0,0,1,4.501874999999965,528,1,0,0,0,NA,0.22212966819380983,0,0,
4062,0.5,timed-search,0.01,5,0,1,4,0.7,0.7,0.7,random,0,0,Randomly placed,0.9975000000000596,0,0,0,0,0,true,4.5,0,456,2,0,0,2,1,0,0,1,4.512499999999955,530,0,0,1,0,NA,0.2216066481994482,0,0,
4065,0.5,timed-search,0.01,5,1,1,3,0.7,0.7,0.7,random,0,0,Randomly placed,0.9975000000000398,0,0,0,0,0,true,4.5,0,436,2,0,0,2,2,0,0,2,4.521874999999974,532,2,0,0,0,NA,0.4422944022114746,0,0,
4071,0.5,timed-search,0.01,5,0,0,5,0.7,0.7,0.7,random,0,0,Randomly placed,0.9975000000000235,0,0,0,0,0,true,4.5,0,426,0,0,0,0,0,0,0,0,4.511249999999957,528,0,0,0,0,NA,0,0,0,
4072,0.5,timed-search,0.01,5,0,2,3,0.7,0.7,0.7,random,0,0,Randomly placed,0.9975000000000416,0,0,0,0,0,true,4.5,0,403,0,0,0,0,0,0,0,0,4.508124999999955,528,0,0,0,0,NA,0,0,0,
4059,0.5,timed-search,0.01,5,2,1,2,0.7,0.7,0.7,random,0,0,Randomly placed,0.9975000000000259,0,0,0,0,0,true,4.5,0,435,1,0,1,0,0,0,0,0,4.511249999999957,528,0,0,0,0,NA,0,0,0,
4075,0.5,timed-search,0.01,5,1,3,1,0.7,0.7,0.7,random,0,0,Randomly placed,0.9975000000000138,0,0,0,0,0,true,4.5,0,415,0,0,0,0,0,0,0,0,4.511249999999957,528,0,0,0,0,NA,0,0,0,
4067,0.5,timed-search,0.01,5,0,1,4,0.7,0.7,0.7,random,0,0,Randomly placed,0.9975000000000577,0,0,0,0,0,true,4.5,0,426,2,0,0,2,1,0,0,1,4.522499999999957,530,0,1,0,0,NA,0.22111663902708886,0,0,
4074,0.5,timed-search,0.01,5,1,1,3,0.7,0.7,0.7,random,0,0,Randomly placed,0.9975000000000144,0,0,0,0,0,true,4.5,0,431,1,0,0,1,1,0,0,1,4.523749999999965,531,0,0,1,0,NA,0.22105554020447807,0,0,
4080,0.5,timed-search,0.01,5,0,0,5,0.7,0.7,0.7,random,0,0,Randomly placed,0.9975000000000306,0,0,0,0,0,true,4.5,0,447,1,0,0,1,1,0,0,1,4.519374999999954,531,0,1,0,0,NA,0.22126953395104637,0,0,
4081,0.5,timed-search,0.01,5,0,0,5,0.7,0.7,0.7,random,0,0,Randomly placed,0.9975000000000221,0,0,0,0,0,true,4.5,0,431,1,0,0,1,1,0,0,1,4.524999999999953,531,0,0,1,0,NA,0.22099447513812384,0,0,
4079,0.5,timed-search,0.01,5,0,1,4,0.7,0.7,0.7,random,0,0,Randomly placed,0.997500000000023,0,0,0,0,0,true,4.5,0,473,0,0,0,0,0,0,0,0,4.506249999999956,528,0,0,0,0,NA,0,0,0,
4082,0.5,timed-search,0.01,5,0,0,5,0.7,0.7,0.7,random,0,0,Randomly placed,0.9975000000000164,0,0,0,0,0,true,4.5,0,445,0,0,0,0,0,0,0,0,4.511249999999957,528,0,0,0,0,NA,0,0,0,
4078,0.5,timed-search,0.01,5,0,2,3,0.7,0.7,0.7,random,0,0,Randomly placed,0.9975000000000185,0,0,0,0,0,true,4.5,0,452,2,0,0,2,2,0,0,2,4.509999999999969,530,1,1,0,0,NA,0.44345898004434897,0,0,
4085,0.5,timed-search,0.01,5,0,0,5,0.7,0.7,0.7,random,0,0,Randomly placed,0.9975000000000314,0,0,0,0,0,true,4.5,0,439,1,0,0,1,0,0,0,0,4.508124999999956,528,0,0,0,0,NA,0,0,0,
4076,0.5,timed-search,0.01,5,0,2,3,0.7,0.7,0.7,random,0,0,Randomly placed,0.9975000000000712,0,0,0,0,0,true,4.5,0,454,1,0,1,0,0,0,0,0,4.511249999999957,528,0,0,0,0,NA,0,0,0,
4069,0.5,timed-search,0.01,5,0,0,5,0.7,0.7,0.7,random,0,0,Randomly placed,0.997500000000052,0,0,0,0,0,true,4.5,0,450,1,0,0,1,1,0,0,1,4.517499999999967,530,0,0,1,0,NA,0.22136137244051074,0,0,
4088,0.5,timed-search,0.01,5,0,0,5,0.7,0.7,0.7,random,0,0,Randomly placed,0.9975000000000563,0,0,0,0,0,true,4.5,0,446,0,0,0,0,0,0,0,0,4.511249999999957,528,0,0,0,0,NA,0,0,0,
4084,0.5,timed-search,0.01,5,0,1,4,0.7,0.7,0.7,random,0,0,Randomly placed,0.9975000000000144,0,0,0,0,0,true,4.5,0,471,1,0,0,1,1,0,0,1,4.516874999999967,530,0,0,1,0,NA,0.22139200221392163,0,0,
4087,0.5,timed-search,0.01,5,1,0,4,0.7,0.7,0.7,random,0,0,Randomly placed,0.9975000000000462,0,0,0,0,0,true,4.5,0,421,2,0,0,2,1,0,0,1,4.511249999999972,530,0,0,1,0,NA,0.2216680520919936,0,0,
4089,0.5,timed-search,0.01,5,0,1,4,0.7,0.7,0.7,random,0,0,Randomly placed,0.9975000000000421,0,0,0,0,0,true,4.5,0,450,1,0,1,0,1,0,1,0,4.500624999999962,528,1,0,0,0,NA,0.22219136231079203,0,0,
4090,0.5,timed-search,0.01,5,0,2,3,0.7,0.7,0.7,random,0,0,Randomly placed,0.9975000000000249,0,0,0,0,0,true,4.5,0,394,1,0,1,0,1,0,1,0,4.519374999999954,531,1,0,0,0,NA,0.22126953395104637,0,0,
4068,0.5,timed-search,0.01,5,1,2,2,0.7,0.7,0.7,random,0,0,Randomly placed,0.9975000000000395,0,0,0,0,0,true,4.5,0,454,0,0,0,0,0,0,0,0,4.511249999999957,528,0,0,0,0,NA,0,0,0,
4092,0.5,timed-search,0.01,5,0,0,5,0.7,0.7,0.7,random,0,0,Randomly placed,0.9975000000000378,0,0,0,0,0,true,4.5,0,456,0,0,0,0,0,0,0,0,4.506249999999956,528,0,0,0,0,NA,0,0,0,
4093,0.5,timed-search,0.01,5,0,1,4,0.7,0.7,0.7,random,0,0,Randomly placed,0.9975000000000528,0,0,0,0,0,true,4.5,0,440,1,0,0,1,1,0,0,1,4.511249999999949,529,0,0,1,0,NA,0.22166805209199475,0,0,
4091,0.5,timed-search,0.01,5,0,2,3,0.7,0.7,0.7,random,0,0,Randomly placed,0.9975000000000671,0,0,0,0,0,true,4.5,0,421,1,0,1,0,1,0,1,0,4.502499999999965,528,1,0,0,0,NA,0.22209883398112334,0,0,
4070,0.5,timed-search,0.01,5,0,1,4,0.7,0.7,0.7,random,0,0,Randomly placed,0.9975000000000361,0,0,0,0,0,true,4.5,0,454,1,0,0,1,0,0,0,0,4.511249999999957,528,0,0,0,0,NA,0,0,0,
4086,0.5,timed-search,0.01,5,1,0,4,0.7,0.7,0.7,random,0,0,Randomly placed,0.997500000000035,0,0,0,0,0,true,4.5,0,456,0,0,0,0,0,0,0,0,4.511249999999957,528,0,0,0,0,NA,0,0,0,
4095,0.5,timed-search,0.01,5,0,0,5,0.7,0.7,0.7,random,0,0,Randomly placed,0.9975000000000372,0,0,0,0,0,true,4.5,0,404,1,0,0,1,1,0,0,1,4.5199999999999685,531,1,0,0,0,NA,0.22123893805309888,0,0,
4097,0.5,timed-search,0.01,5,1,1,3,0.7,0.7,0.7,random,0,0,Randomly placed,0.9975000000000132,0,0,0,0,0,true,4.5,0,422,3,1,0,2,2,0,0,2,4.507499999999966,531,1,1,0,0,NA,0.4437049362174188,0,0,
4096,0.5,timed-search,0.01,5,0,2,3,0.7,0.7,0.7,random,0,0,Randomly placed,0.9975000000000586,0,0,0,0,0,true,4.5,0,421,1,0,0,1,1,0,0,1,4.523749999999958,531,0,0,1,0,NA,0.22105554020447843,0,0,
4098,0.5,timed-search,0.01,5,0,1,4,0.7,0.7,0.7,random,0,0,Randomly placed,0.9975000000000435,0,0,0,0,0,true,4.5,0,406,3,0,0,3,1,0,0,1,4.524374999999955,531,1,0,0,0,NA,0.2210250034535179,0,0,
4083,0.5,timed-search,0.01,5,1,1,3,0.7,0.7,0.7,random,0,0,Randomly placed,0.9975000000000596,0,0,0,0,0,true,4.5,0,453,2,0,0,2,1,0,0,1,4.5206249999999635,530,0,0,1,0,NA,0.22120835061523753,0,0,
4073,0.5,timed-search,0.01,5,1,1,3,0.7,0.7,0.7,random,0,0,Randomly placed,0.9975000000000159,0,0,0,0,0,true,4.5,0,407,2,0,1,1,2,0,1,1,4.503124999999966,530,1,0,1,0,NA,0.444136016655104,0,0,
4101,0.5,timed-search,0.1,50,3,9,38,0.7,0.7,0.7,random,0,0,Randomly placed,0.9749999999999837,0,0,0,0,0,true,4.5,0,416,10,0,3,7,6,0,1,5,4.524999999999989,537,1,3,2,0,NA,1.3259668508287326,0,0,
4099,0.5,timed-search,0.01,5,0,0,5,0.7,0.7,0.7,random,0,0,Randomly placed,0.9975000000000284,0,0,0,0,0,true,4.5,0,442,1,0,0,1,1,0,0,1,4.503124999999964,528,1,0,0,0,NA,0.22206800832755208,0,0,
4104,0.5,timed-search,0.1,50,6,8,36,0.7,0.7,0.7,random,0,0,Randomly placed,0.9749999999999843,0,0,0,0,0,true,4.5,0,375,13,2,2,9,11,2,1,8,4.508124999999986,535,6,3,2,0,NA,2.4400388187993975,0,0,
4106,0.5,timed-search,0.1,50,7,5,38,0.7,0.7,0.7,random,0,0,Randomly placed,0.9749999999999809,0,0,0,0,0,true,4.5,0,451,6,0,0,6,4,0,0,4,4.508749999999965,533,2,2,0,0,NA,0.8871638480731978,0,0,
4102,0.5,timed-search,0.1,50,5,7,38,0.7,0.7,0.7,random,0,0,Randomly placed,1.0149999999999815,0,0,0,0,0,true,4.5,0,432,12,0,0,12,9,0,0,9,4.524374999999975,536,2,5,2,0,NA,1.989225031081652,0,0,
4107,0.5,timed-search,0.1,50,5,8,37,0.7,0.7,0.7,random,0,0,Randomly placed,1.014999999999983,0,0,0,0,0,true,4.5,0,408,15,0,4,11,13,0,4,9,4.521249999999973,535,7,3,3,0,NA,2.8753110312413774,0,0,
4077,0.5,timed-search,0.01,5,1,1,3,0.7,0.7,0.7,random,0,0,Randomly placed,0.9975000000000576,0,0,0,0,0,true,4.5,0,434,2,1,0,1,1,1,0,0,4.504374999999967,529,1,0,0,0,NA,0.22200638268350378,0,0,
4066,0.5,timed-search,0.01,5,2,0,3,0.7,0.7,0.7,random,0,0,Randomly placed,0.997500000000066,0,0,0,0,0,true,4.5,0,441,0,0,0,0,0,0,0,0,4.508124999999955,528,0,0,0,0,NA,0,0,0,
4094,0.5,timed-search,0.01,5,0,1,4,0.7,0.7,0.7,random,0,0,Randomly placed,0.9975000000000179,0,0,0,0,0,true,4.5,0,438,2,0,0,2,2,0,0,2,4.50624999999995,530,0,1,1,0,NA,0.44382801664355553,0,0,
4114,0.5,timed-search,0.1,50,1,8,41,0.7,0.7,0.7,random,0,0,Randomly placed,0.9749999999999817,0,0,0,0,0,true,4.5,0,423,7,1,3,3,5,1,2,2,4.521874999999967,535,0,0,5,0,NA,1.1057360055286882,0,0,
4112,0.5,timed-search,0.1,50,7,6,37,0.7,0.7,0.7,random,0,0,Randomly placed,1.0949999999999849,0,0,0,0,0,true,4.5,0,403,12,1,5,6,9,0,4,5,4.506249999999986,536,5,2,2,0,NA,1.9972260748959838,0,0,
4103,0.5,timed-search,0.1,50,8,9,33,0.7,0.7,0.7,random,0,0,Randomly placed,0.974999999999982,0,0,0,0,0,true,4.5,0,422,11,3,0,8,8,2,0,6,4.524374999999974,536,0,2,6,0,NA,1.7682000276281356,0,0,
4105,0.5,timed-search,0.1,50,6,6,38,0.7,0.7,0.7,random,0,0,Randomly placed,1.0149999999999848,0,0,0,0,0,true,4.5,0,401,11,2,1,8,9,1,1,7,4.522499999999968,537,2,4,3,0,NA,1.9900497512437951,0,0,
4110,0.5,timed-search,0.1,50,4,9,37,0.7,0.7,0.7,random,0,0,Randomly placed,0.974999999999982,0,0,0,0,0,true,4.5,0,397,10,0,2,8,8,0,2,6,4.502499999999989,535,4,3,1,0,NA,1.7767906718489772,0,0,
4109,0.5,timed-search,0.1,50,1,8,41,0.7,0.7,0.7,random,0,0,Randomly placed,1.0149999999999824,0,0,0,0,0,true,4.5,0,399,11,1,2,8,8,1,1,6,4.5087499999999485,532,3,3,2,0,NA,1.7743276961464023,0,0,
4111,0.5,timed-search,0.1,50,5,2,43,0.7,0.7,0.7,random,0,0,Randomly placed,1.0149999999999817,0,0,0,0,0,true,4.5,0,415,9,0,0,9,8,0,0,8,4.508124999999988,536,3,1,4,0,NA,1.774573686399561,0,0,
4115,0.5,timed-search,0.1,50,7,7,36,0.7,0.7,0.7,random,0,0,Randomly placed,0.9749999999999812,0,0,0,0,0,true,4.5,0,411,8,3,0,5,5,3,0,2,4.516249999999975,535,2,1,2,0,NA,1.107113202324944,0,0,
4100,0.5,timed-search,0.01,5,1,0,4,0.7,0.7,0.7,random,0,0,Randomly placed,0.9975000000000395,0,0,0,0,0,true,4.5,0,442,0,0,0,0,0,0,0,0,4.512499999999957,528,0,0,0,0,NA,0,0,0,
4120,0.5,timed-search,0.1,50,9,6,35,0.7,0.7,0.7,random,0,0,Randomly placed,1.0149999999999848,0,0,0,0,0,true,4.5,0,405,12,1,4,7,7,0,4,3,4.514374999999981,536,2,3,2,0,NA,1.5506022428353936,0,0,
4121,0.5,timed-search,0.1,50,6,5,39,0.7,0.7,0.7,random,0,0,Randomly placed,1.014999999999982,0,0,0,0,0,true,4.5,0,378,12,1,2,9,9,0,2,7,4.514374999999964,535,4,4,1,0,NA,1.993631455074085,0,0,
4117,0.5,timed-search,0.1,50,5,11,34,0.7,0.7,0.7,random,0,0,Randomly placed,0.9749999999999801,0,0,0,0,0,true,4.5,0,421,8,0,2,6,6,0,1,5,4.509374999999982,535,1,3,2,0,NA,1.330561330561336,0,0,
4116,0.5,timed-search,0.1,50,4,8,38,0.7,0.7,0.7,random,0,0,Randomly placed,1.0149999999999868,0,0,0,0,0,true,4.5,0,406,11,1,2,8,10,1,2,7,4.503124999999975,534,4,2,4,0,NA,2.2206800832755156,0,0,
4122,0.5,timed-search,0.1,50,4,4,42,0.7,0.7,0.7,random,0,0,Randomly placed,0.9749999999999833,0,0,0,0,0,true,4.5,0,418,7,0,0,7,4,0,0,4,4.511249999999965,532,1,2,1,0,NA,0.8866722083679759,0,0,
4123,0.5,timed-search,0.1,50,6,4,40,0.7,0.7,0.7,random,0,0,Randomly placed,0.9749999999999837,0,0,0,0,0,true,4.5,0,420,9,1,1,7,7,0,1,6,4.501874999999967,531,2,2,3,0,NA,1.5549076773566683,0,0,
4124,0.5,timed-search,0.1,50,2,5,43,0.7,0.7,0.7,random,0,0,Randomly placed,1.0149999999999804,0,0,0,0,0,true,4.5,0,431,7,1,1,5,6,1,1,4,4.5224999999999795,536,2,3,1,0,NA,1.3266998341625267,0,0,
4119,0.5,timed-search,0.1,50,5,4,41,0.7,0.7,0.7,random,0,0,Randomly placed,0.974999999999982,0,0,0,0,0,true,4.5,0,391,11,1,1,9,10,1,1,8,4.508124999999955,533,3,4,3,0,NA,2.2182171079994673,0,0,
4128,0.5,timed-search,0.1,50,4,8,38,0.7,0.7,0.7,random,0,0,Randomly placed,1.0149999999999817,0,0,0,0,0,true,4.5,0,428,12,2,0,10,8,0,0,8,4.519999999999986,536,4,2,2,0,NA,1.7699115044247842,0,0,
4126,0.5,timed-search,0.1,50,3,6,41,0.7,0.7,0.7,random,0,0,Randomly placed,0.974999999999982,0,0,0,0,0,true,4.5,0,439,14,2,1,11,12,2,1,9,4.516874999999981,535,5,5,2,0,NA,2.656704026567051,0,0,
4113,0.5,timed-search,0.1,50,4,7,39,0.7,0.7,0.7,random,0,0,Randomly placed,1.0549999999999833,0,0,0,0,0,true,4.5,0,420,11,1,2,8,4,0,0,4,4.519999999999977,534,1,3,0,0,NA,0.8849557522123939,0,0,
4125,0.5,timed-search,0.1,50,6,9,35,0.7,0.7,0.7,random,0,0,Randomly placed,0.9749999999999822,0,0,0,0,0,true,4.5,0,441,13,2,2,9,6,2,0,4,4.513124999999964,533,3,1,2,0,NA,1.3294557540506962,0,0,
4127,0.5,timed-search,0.1,50,6,10,34,0.7,0.7,0.7,random,0,0,Randomly placed,1.0149999999999848,0,0,0,0,0,true,4.5,0,382,10,2,1,7,7,1,1,5,4.501249999999975,532,4,1,2,0,NA,1.5551235767842353,0,0,
4108,0.5,timed-search,0.1,50,4,7,39,0.7,0.7,0.7,random,0,0,Randomly placed,0.9749999999999829,0,0,0,0,0,true,4.5,0,427,7,0,3,4,4,0,2,2,4.513749999999959,533,1,1,2,0,NA,0.8861811132650316,0,0,
4131,0.5,timed-search,0.1,50,4,15,31,0.7,0.7,0.7,random,0,0,Randomly placed,1.0149999999999824,0,0,0,0,0,true,4.5,0,401,12,0,6,6,9,0,4,5,4.514999999999974,536,3,3,3,0,NA,1.9933554817275863,0,0,
4130,0.5,timed-search,0.1,50,2,11,37,0.7,0.7,0.7,random,0,0,Randomly placed,0.9749999999999825,0,0,0,0,0,true,4.5,0,413,9,0,3,6,8,0,3,5,4.509374999999987,536,3,3,2,0,NA,1.7740817740817791,0,0,
4118,0.5,timed-search,0.1,50,6,7,37,0.7,0.7,0.7,random,0,0,Randomly placed,1.0149999999999841,0,0,0,0,0,true,4.5,0,435,11,0,1,10,9,0,0,9,4.5131249999999765,535,1,5,3,0,NA,1.9941836310760386,0,0,
4133,0.5,timed-search,0.1,50,9,10,31,0.7,0.7,0.7,random,0,0,Randomly placed,1.0149999999999828,0,0,0,0,0,true,4.5,0,443,10,2,1,7,6,2,1,3,4.514999999999961,533,0,3,3,0,NA,1.3289036544850614,0,0,
4132,0.5,timed-search,0.1,50,5,9,36,0.7,0.7,0.7,random,0,0,Randomly placed,1.0149999999999832,0,0,0,0,0,true,4.5,0,372,11,0,2,9,10,0,2,8,4.510624999999988,534,5,2,3,0,NA,2.216987668006103,0,0,
4137,0.5,timed-search,0.1,50,5,10,35,0.7,0.7,0.7,random,0,0,Randomly placed,0.9749999999999821,0,0,0,0,0,true,4.5,0,434,10,0,2,8,7,0,1,6,4.509374999999989,532,2,5,0,0,NA,1.552321552321556,0,0,
4134,0.5,timed-search,0.1,50,4,5,41,0.7,0.7,0.7,random,0,0,Randomly placed,0.9749999999999811,0,0,0,0,0,true,4.5,0,439,6,0,2,4,4,0,1,3,4.5237499999999615,535,2,1,1,0,NA,0.884222160817913,0,0,
4129,0.5,timed-search,0.1,50,3,7,40,0.7,0.7,0.7,random,0,0,Randomly placed,0.9749999999999825,0,0,0,0,0,true,4.5,0,404,12,0,3,9,8,0,2,6,4.504999999999963,534,3,2,3,0,NA,1.7758046614872511,0,0,
4135,0.5,timed-search,0.1,50,3,8,39,0.7,0.7,0.7,random,0,0,Randomly placed,1.0149999999999815,0,0,0,0,0,true,4.5,0,410,14,0,3,11,11,0,2,9,4.502499999999983,536,4,4,3,0,NA,2.443087173792347,0,0,
4138,0.5,timed-search,0.1,50,7,5,38,0.7,0.7,0.7,random,0,0,Randomly placed,0.9749999999999821,0,0,0,0,0,true,4.5,0,423,10,2,1,7,7,2,0,5,4.516874999999965,535,4,2,1,0,NA,1.5497440154974522,0,0,
4136,0.5,timed-search,0.1,50,0,10,40,0.7,0.7,0.7,random,0,0,Randomly placed,0.9749999999999872,0,0,0,0,0,true,4.5,0,382,7,0,0,7,6,0,0,6,4.50249999999998,534,3,1,2,0,NA,1.3325930038867355,0,0,
4140,0.5,timed-search,0.1,50,10,4,36,0.7,0.7,0.7,random,0,0,Randomly placed,1.0149999999999844,0,0,0,0,0,true,4.5,0,422,12,2,3,7,10,1,3,6,4.512499999999993,535,5,3,2,0,NA,2.216066481994463,0,0,
4142,0.5,timed-search,0.1,50,2,7,41,0.7,0.7,0.7,random,0,0,Randomly placed,1.0549999999999815,0,0,0,0,0,true,4.5,0,422,11,0,1,10,6,0,1,5,4.503749999999995,532,2,2,2,0,NA,1.3322231473771873,0,0,
4139,0.5,timed-search,0.1,50,3,5,42,0.7,0.7,0.7,random,0,0,Randomly placed,1.0149999999999832,0,0,0,0,0,true,4.5,0,407,11,0,0,11,9,0,0,9,4.506249999999986,534,2,6,1,0,NA,1.9972260748959838,0,0,
4145,0.5,timed-search,0.1,50,6,7,37,0.7,0.7,0.7,random,0,0,Randomly placed,1.0549999999999802,0,0,0,0,0,true,4.5,0,407,10,2,2,6,9,2,2,5,4.5043749999999685,532,1,2,6,0,NA,1.9980574441515333,0,0,
4141,0.5,timed-search,0.1,50,5,4,41,0.7,0.7,0.7,random,0,0,Randomly placed,1.0549999999999824,0,0,0,0,0,true,4.5,0,412,8,0,1,7,5,0,1,4,4.515624999999968,532,4,0,1,0,NA,1.107266435986167,0,0,
4143,0.5,timed-search,0.1,50,1,4,45,0.7,0.7,0.7,random,0,0,Randomly placed,1.0549999999999842,0,0,0,0,0,true,4.5,0,423,12,0,1,11,8,0,0,8,4.520624999999978,536,3,3,2,0,NA,1.7696668049218944,0,0,
4149,0.5,timed-search,0.1,50,3,3,44,0.7,0.7,0.7,random,0,0,Randomly placed,1.0149999999999815,0,0,0,0,0,true,4.5,0,425,8,0,0,8,8,0,0,8,4.5018749999999885,531,2,1,5,0,NA,1.7770373455504695,0,0,
4147,0.5,timed-search,0.1,50,6,12,32,0.7,0.7,0.7,random,0,0,Randomly placed,0.974999999999982,0,0,0,0,0,true,4.5,0,406,7,0,2,5,6,0,1,5,4.50062499999997,532,0,5,1,0,NA,1.33314817386475,0,0,
4146,0.5,timed-search,0.1,50,5,3,42,0.7,0.7,0.7,random,0,0,Randomly placed,0.974999999999982,0,0,0,0,0,true,4.5,0,420,11,0,1,10,10,0,1,9,4.505624999999984,535,4,4,2,0,NA,2.219447912331815,0,0,
4150,0.5,timed-search,0.1,50,1,8,41,0.7,0.7,0.7,random,0,0,Randomly placed,1.014999999999981,0,0,0,0,0,true,4.5,0,445,11,0,1,10,3,0,0,3,4.504999999999964,530,2,0,1,0,NA,0.6659267480577189,0,0,
4153,0.5,timed-search,0.1,50,6,8,36,0.7,0.7,0.7,random,0,0,Randomly placed,0.9749999999999814,0,0,0,0,0,true,4.5,0,381,8,0,1,7,5,0,1,4,4.503749999999972,532,2,2,1,0,NA,1.1101859561476617,0,0,
4151,0.5,timed-search,0.1,50,5,9,36,0.7,0.7,0.7,random,0,0,Randomly placed,1.0149999999999826,0,0,0,0,0,true,4.5,0,447,7,0,3,4,5,0,2,3,4.502499999999979,533,3,1,1,0,NA,1.1104941699056132,0,0,
4155,0.5,timed-search,0.1,50,8,2,40,0.7,0.7,0.7,random,0,0,Randomly placed,0.9749999999999857,0,0,0,0,0,true,4.5,0,427,8,4,0,4,7,4,0,3,4.516874999999957,534,3,3,1,0,NA,1.5497440154974549,0,0,
4158,0.5,timed-search,0.1,50,4,5,41,0.7,0.7,0.7,random,0,0,Randomly placed,1.054999999999983,0,0,0,0,0,true,4.5,0,414,14,1,2,11,11,1,1,9,4.507499999999971,534,3,5,3,0,NA,2.4403771491958004,0,0,
4156,0.5,timed-search,0.1,50,4,6,40,0.7,0.7,0.7,random,0,0,Randomly placed,0.9749999999999817,0,0,0,0,0,true,4.5,0,393,11,1,0,10,9,1,0,8,4.520624999999983,536,5,3,1,0,NA,1.990875155537129,0,0,
4144,0.5,timed-search,0.1,50,5,8,37,0.7,0.7,0.7,random,0,0,Randomly placed,1.014999999999983,0,0,0,0,0,true,4.5,0,424,10,1,2,7,9,1,2,6,4.5031249999999865,535,7,0,2,0,NA,1.9986120749479588,0,0,
4159,0.5,timed-search,0.1,50,5,7,38,0.7,0.7,0.7,random,0,0,Randomly placed,0.9749999999999817,0,0,0,0,0,true,4.5,0,438,11,1,2,8,8,1,1,6,4.508749999999976,535,1,2,5,0,NA,1.7743276961463914,0,0,
4152,0.5,timed-search,0.1,50,8,5,37,0.7,0.7,0.7,random,0,0,Randomly placed,0.9749999999999833,0,0,0,0,0,true,4.5,0,428,11,3,1,7,9,3,1,5,4.511249999999986,535,4,3,2,0,NA,1.9950124688279363,0,0,
4148,0.5,timed-search,0.1,50,3,11,36,0.7,0.7,0.7,random,0,0,Randomly placed,1.0149999999999804,0,0,0,0,0,true,4.5,0,391,6,0,0,6,5,0,0,5,4.513124999999972,535,4,1,0,0,NA,1.1078797950422448,0,0,
4154,0.5,timed-search,0.1,50,6,4,40,0.7,0.7,0.7,random,0,0,Randomly placed,1.0149999999999835,0,0,0,0,0,true,4.5,0,386,13,2,2,9,12,2,2,8,4.5093749999999835,536,2,4,6,0,NA,2.661122661122671,0,0,
4157,0.5,timed-search,0.1,50,11,5,34,0.7,0.7,0.7,random,0,0,Randomly placed,1.0549999999999808,0,0,0,0,0,true,4.5,0,399,7,3,0,4,4,0,0,4,4.5093749999999755,532,1,2,1,0,NA,0.8870408870408919,0,0,
4161,0.5,timed-search,0.1,50,6,8,36,0.7,0.7,0.7,random,0,0,Randomly placed,0.9749999999999833,0,0,0,0,0,true,4.5,0,398,9,2,1,6,6,1,0,5,4.508124999999945,532,2,1,3,0,NA,1.3309302647996837,0,0,
4162,0.5,timed-search,0.1,50,4,9,37,0.7,0.7,0.7,random,0,0,Randomly placed,0.9749999999999825,0,0,0,0,0,true,4.5,0,418,9,0,3,6,6,0,3,3,4.509999999999986,533,2,2,2,0,NA,1.3303769401330419,0,0,
4171,0.5,timed-search,0.1,50,3,4,43,0.7,0.7,0.7,random,0,0,Randomly placed,0.9749999999999848,0,0,0,0,0,true,4.5,0,426,10,0,0,10,8,0,0,8,4.5049999999999875,533,2,3,3,0,NA,1.7758046614872414,0,0,
4163,0.5,timed-search,0.1,50,6,10,34,0.7,0.7,0.7,random,0,0,Randomly placed,1.0149999999999808,0,0,0,0,0,true,4.5,0,431,8,1,0,7,7,1,0,6,4.507499999999965,532,4,2,1,0,NA,1.5529672767609661,0,0,
4164,0.5,timed-search,0.1,50,4,9,37,0.7,0.7,0.7,random,0,0,Randomly placed,0.9749999999999801,0,0,0,0,0,true,4.5,0,400,11,0,2,9,10,0,2,8,4.513124999999977,535,3,1,6,0,NA,2.215759590084487,0,0,
4167,0.5,timed-search,0.1,50,7,9,34,0.7,0.7,0.7,random,0,0,Randomly placed,1.0549999999999846,0,0,0,0,0,true,4.5,0,392,8,0,1,7,8,0,1,7,4.506249999999985,536,1,3,4,0,NA,1.7753120665742081,0,0,
4166,0.5,timed-search,0.1,50,3,8,39,0.7,0.7,0.7,random,0,0,Randomly placed,0.9749999999999804,0,0,0,0,0,true,4.5,0,427,10,1,2,7,6,1,1,4,4.5043749999999685,533,2,2,2,0,NA,1.3320382961010222,0,0,
4172,0.5,timed-search,0.1,50,7,6,37,0.7,0.7,0.7,random,0,0,Randomly placed,0.9749999999999823,0,0,0,0,0,true,4.5,0,410,14,2,0,12,12,2,0,10,4.508124999999979,536,5,5,2,0,NA,2.661860529599347,0,0,
4170,0.5,timed-search,0.1,50,4,7,39,0.7,0.7,0.7,random,0,0,Randomly placed,0.9749999999999817,0,0,0,0,0,true,4.5,0,435,17,3,2,12,13,2,2,9,4.503749999999972,534,6,4,3,0,NA,2.8864834859839203,0,0,
4175,0.5,timed-search,0.1,50,9,8,33,0.7,0.7,0.7,random,0,0,Randomly placed,0.9749999999999838,0,0,0,0,0,true,4.5,0,445,5,0,1,4,2,0,0,2,4.518749999999968,531,0,1,1,0,NA,0.44260027662517604,0,0,
4176,0.5,timed-search,0.1,50,6,5,39,0.7,0.7,0.7,random,0,0,Randomly placed,1.0549999999999808,0,0,0,0,0,true,4.5,0,305,10,1,2,7,10,1,2,7,4.514374999999997,537,2,2,6,0,NA,2.2151460611934115,0,0,
4168,0.5,timed-search,0.1,50,5,6,39,0.7,0.7,0.7,random,0,0,Randomly placed,0.9749999999999801,0,0,0,0,0,true,4.5,0,445,7,1,1,5,4,1,0,3,4.519374999999963,533,2,2,0,0,NA,0.8850781358041837,0,0,
4179,0.5,timed-search,0.1,50,6,10,34,0.7,0.7,0.7,random,0,0,Randomly placed,1.0149999999999826,0,0,0,0,0,true,4.5,0,420,10,2,0,8,8,1,0,7,4.521249999999995,537,2,3,3,0,NA,1.7694221730716082,0,0,
4177,0.5,timed-search,0.1,50,4,3,43,0.7,0.7,0.7,random,0,0,Randomly placed,1.0149999999999828,0,0,0,0,0,true,4.5,0,391,12,0,1,11,9,0,1,8,4.511249999999973,535,1,4,4,0,NA,1.9950124688279423,0,0,
4165,0.5,timed-search,0.1,50,5,6,39,0.7,0.7,0.7,random,0,0,Randomly placed,0.9749999999999821,0,0,0,0,0,true,4.5,0,423,5,1,1,3,3,0,1,2,4.516874999999982,532,1,1,1,0,NA,0.6641760066417627,0,0,
4160,0.5,timed-search,0.1,50,6,11,33,0.7,0.7,0.7,random,0,0,Randomly placed,1.0149999999999832,0,0,0,0,0,true,4.5,0,394,14,2,2,10,11,2,1,8,4.502499999999997,536,4,4,3,0,NA,2.4430871737923394,0,0,
4178,0.5,timed-search,0.1,50,5,7,38,0.7,0.7,0.7,random,0,0,Randomly placed,1.0149999999999832,0,0,0,0,0,true,4.5,0,436,10,0,2,8,8,0,2,6,4.500624999999989,533,4,1,3,0,NA,1.7775308984863258,0,0,
4174,0.5,timed-search,0.1,50,2,6,42,0.7,0.7,0.7,random,0,0,Randomly placed,1.0149999999999808,0,0,0,0,0,true,4.5,0,382,14,1,2,11,13,0,2,11,4.506874999999999,536,5,4,4,0,NA,2.884482041325753,0,0,
4182,0.5,timed-search,0.1,50,5,7,38,0.7,0.7,0.7,random,0,0,Randomly placed,1.054999999999984,0,0,0,0,0,true,4.5,0,414,13,0,2,11,8,0,2,6,4.50499999999997,535,2,3,3,0,NA,1.7758046614872482,0,0,
4173,0.5,timed-search,0.1,50,5,9,36,0.7,0.7,0.7,random,0,0,Randomly placed,0.9749999999999818,0,0,0,0,0,true,4.5,0,411,5,0,1,4,3,0,1,2,4.5074999999999665,531,1,2,0,0,NA,0.6655574043261281,0,0,
4186,0.5,timed-search,0.1,50,3,8,39,0.7,0.7,0.7,random,0,0,Randomly placed,1.014999999999982,0,0,0,0,0,true,4.5,0,412,11,0,3,8,10,0,2,8,4.519999999999973,535,2,7,1,0,NA,2.2123893805309867,0,0,
4187,0.5,timed-search,0.1,50,3,10,37,0.7,0.7,0.7,random,0,0,Randomly placed,0.9749999999999833,0,0,0,0,0,true,4.5,0,413,15,0,4,11,12,0,4,8,4.502499999999966,533,5,5,2,0,NA,2.6651860077734795,0,0,
4183,0.5,timed-search,0.1,50,5,5,40,0.7,0.7,0.7,random,0,0,Randomly placed,0.9749999999999855,0,0,0,0,0,true,4.5,0,413,10,1,1,8,8,1,1,6,4.516874999999987,537,3,3,2,0,NA,1.771136017711365,0,0,
4181,0.5,timed-search,0.1,50,6,8,36,0.7,0.7,0.7,random,0,0,Randomly placed,0.9749999999999827,0,0,0,0,0,true,4.5,0,417,8,0,1,7,6,0,0,6,4.524374999999974,535,1,2,3,0,NA,1.3261500207211017,0,0,
4191,0.5,timed-search,0.1,50,2,11,37,0.7,0.7,0.7,random,0,0,Randomly placed,0.9749999999999809,0,0,0,0,0,true,4.5,0,440,10,1,1,8,6,1,1,4,4.513749999999976,535,1,4,1,0,NA,1.3292716698975424,0,0,
4184,0.5,timed-search,0.1,50,3,12,35,0.7,0.7,0.7,random,0,0,Randomly placed,1.0149999999999864,0,0,0,0,0,true,4.5,0,429,10,2,3,5,7,2,2,3,4.500624999999968,532,2,3,2,0,NA,1.5553395361755422,0,0,
4190,0.5,timed-search,0.1,50,3,7,40,0.7,0.7,0.7,random,0,0,Randomly placed,1.0149999999999828,0,0,0,0,0,true,4.5,0,406,9,1,1,7,7,1,1,5,4.520624999999979,537,1,2,4,0,NA,1.5484584543066575,0,0,
4185,0.5,timed-search,0.1,50,4,12,34,0.7,0.7,0.7,random,0,0,Randomly placed,0.9749999999999848,0,0,0,0,0,true,4.5,0,400,13,1,2,10,10,1,2,7,4.502499999999979,534,3,4,3,0,NA,2.2209883398112265,0,0,
4189,0.5,timed-search,0.1,50,6,4,40,0.7,0.7,0.7,random,0,0,Randomly placed,0.9749999999999822,0,0,0,0,0,true,4.5,0,426,9,0,1,8,7,0,1,6,4.513124999999977,535,3,2,2,0,NA,1.551031713059141,0,0,
4194,0.5,timed-search,0.1,50,5,8,37,0.7,0.7,0.7,random,0,0,Randomly placed,1.014999999999986,0,0,0,0,0,true,4.5,0,406,9,1,2,6,7,1,1,5,4.518124999999975,535,1,3,3,0,NA,1.5493152579886655,0,0,
4192,0.5,timed-search,0.1,50,5,5,40,0.7,0.7,0.7,random,0,0,Randomly placed,1.0149999999999837,0,0,0,0,0,true,4.5,0,448,13,2,3,8,9,1,2,6,4.52312499999997,536,2,3,4,0,NA,1.9897747685505176,0,0,
4193,0.5,timed-search,0.1,50,6,7,37,0.7,0.7,0.7,random,0,0,Randomly placed,0.9749999999999843,0,0,0,0,0,true,4.5,0,427,13,1,2,10,9,1,2,6,4.506249999999975,533,4,3,2,0,NA,1.997226074895989,0,0,
4180,0.5,timed-search,0.1,50,3,10,37,0.7,0.7,0.7,random,0,0,Randomly placed,0.9749999999999821,0,0,0,0,0,true,4.5,0,404,9,0,0,9,7,0,0,7,4.500624999999967,532,2,3,2,0,NA,1.5553395361755427,0,0,
4188,0.5,timed-search,0.1,50,4,11,35,0.7,0.7,0.7,random,0,0,Randomly placed,0.9749999999999862,0,0,0,0,0,true,4.5,0,416,9,0,4,5,5,0,3,2,4.502499999999973,532,3,1,1,0,NA,1.1104941699056148,0,0,
4197,0.5,timed-search,0.1,50,3,7,40,0.7,0.7,0.7,random,0,0,Randomly placed,0.9749999999999821,0,0,0,0,0,true,4.5,0,451,13,0,1,12,8,0,1,7,4.506249999999956,533,1,5,2,0,NA,1.7753120665742197,0,0,
4204,0.5,timed-search,1,500,48,67,385,0.7,0.7,0.7,random,0,0,Randomly placed,0.986,0,0,0,0,0,true,4.5,0,400,95,12,10,73,73,11,8,54,4.524999999999981,539,25,27,21,0,NA,16.13259668508294,0,0,
4198,0.5,timed-search,0.1,50,3,2,45,0.7,0.7,0.7,random,0,0,Randomly placed,0.9749999999999829,0,0,0,0,0,true,4.5,0,422,11,2,1,8,8,1,0,7,4.524999999999978,538,4,3,1,0,NA,1.767955801104981,0,0,
4201,0.5,timed-search,1,500,54,81,365,0.7,0.7,0.7,random,0,0,Randomly placed,1.03,0,0,0,0,0,true,4.5,0,416,105,12,18,75,81,10,13,58,4.50062499999998,536,25,38,18,0,NA,17.997500347174086,0,0,
4202,0.5,timed-search,1,500,45,75,380,0.7,0.7,0.7,random,0,0,Randomly placed,0.926,0,0,0,0,0,true,4.5,0,369,83,6,16,61,64,4,14,46,4.524999999999975,537,19,24,21,0,NA,14.143646408839858,0,0,
4200,0.5,timed-search,0.1,50,6,7,37,0.7,0.7,0.7,random,0,0,Randomly placed,1.0549999999999833,0,0,0,0,0,true,4.5,0,414,7,1,0,6,6,1,0,5,4.5156249999999885,535,3,1,2,0,NA,1.3287197231833945,0,0,
4199,0.5,timed-search,0.1,50,1,11,38,0.7,0.7,0.7,random,0,0,Randomly placed,0.9749999999999839,0,0,0,0,0,true,4.5,0,428,11,0,1,10,8,0,0,8,4.507499999999964,534,2,3,3,0,NA,1.7748197448696759,0,0,
4195,0.5,timed-search,0.1,50,6,6,38,0.7,0.7,0.7,random,0,0,Randomly placed,0.9749999999999831,0,0,0,0,0,true,4.5,0,385,10,0,3,7,8,0,3,5,4.513124999999998,537,3,1,4,0,NA,1.7726076720675814,0,0,
4205,0.5,timed-search,1,500,60,65,375,0.7,0.7,0.7,random,0,0,Randomly placed,0.998,0,0,0,0,0,true,4.5,0,382,107,14,15,78,81,13,13,55,4.5018749999999805,535,32,15,34,0,NA,17.992503123698537,0,0,
4206,0.5,timed-search,1,500,59,66,375,0.7,0.7,0.7,random,0,0,Randomly placed,1.058,0,0,0,0,0,true,4.5,0,400,103,7,10,86,75,6,8,61,4.520624999999982,538,16,24,35,0,NA,16.590626296142744,0,0,
4203,0.5,timed-search,1,500,56,61,383,0.7,0.7,0.7,random,0,0,Randomly placed,1.014,0,0,0,0,0,true,4.5,0,407,91,14,10,67,65,11,6,48,4.504999999999986,537,15,24,26,0,NA,14.428412874583842,0,0,
4209,0.5,timed-search,1,500,48,81,371,0.7,0.7,0.7,random,0,0,Randomly placed,0.998,0,0,0,0,0,true,4.5,0,383,103,9,14,80,85,7,9,69,4.523749999999981,539,18,37,30,0,NA,18.78972091738057,0,0,
4211,0.5,timed-search,1,500,54,79,367,0.7,0.7,0.7,random,0,0,Randomly placed,0.982,0,0,0,0,0,true,4.5,0,372,98,8,20,70,79,6,15,58,4.507499999999979,536,23,29,27,0,NA,17.52634498058799,0,0,
4196,0.5,timed-search,0.1,50,4,2,44,0.7,0.7,0.7,random,0,0,Randomly placed,0.974999999999986,0,0,0,0,0,true,4.5,0,417,13,0,1,12,10,0,1,9,4.502499999999984,535,3,5,2,0,NA,2.220988339811224,0,0,
4169,0.5,timed-search,0.1,50,5,5,40,0.7,0.7,0.7,random,0,0,Randomly placed,1.0949999999999815,0,0,0,0,0,true,4.5,0,430,12,2,2,8,7,2,1,4,4.50062499999996,531,1,5,1,0,NA,1.5553395361755449,0,0,
4213,0.5,timed-search,1,500,51,79,370,0.7,0.7,0.7,random,0,0,Randomly placed,0.99,0,0,0,0,0,true,4.5,0,424,108,12,20,76,83,8,13,62,4.504999999999976,536,25,24,34,0,NA,18.423973362930177,0,0,
4207,0.5,timed-search,1,500,51,75,374,0.7,0.7,0.7,random,0,0,Randomly placed,1.038,0,0,0,0,0,true,4.5,0,376,92,11,14,67,73,8,12,53,4.506249999999974,535,22,31,20,0,NA,16.19972260748969,0,0,
4216,0.5,timed-search,1,500,47,79,374,0.7,0.7,0.7,random,0,0,Randomly placed,0.982,0,0,0,0,0,true,4.5,0,418,102,9,16,77,74,7,13,54,4.52374999999998,539,22,23,29,0,NA,16.358109975131324,0,0,
4210,0.5,timed-search,1,500,55,68,377,0.7,0.7,0.7,random,0,0,Randomly placed,1.022,0,0,0,0,0,true,4.5,0,378,101,8,15,78,78,6,13,59,4.513749999999978,537,25,28,25,0,NA,17.280531708668043,0,0,
4214,0.5,timed-search,1,500,53,84,363,0.7,0.7,0.7,random,0,0,Randomly placed,0.998,0,0,0,0,0,true,4.5,0,393,102,8,16,78,81,8,14,59,4.501249999999983,536,32,17,32,0,NA,17.995001388503262,0,0,
4218,0.5,timed-search,1,500,44,81,375,0.7,0.7,0.7,random,0,0,Randomly placed,0.986,0,0,0,0,0,true,4.5,0,375,92,10,11,71,69,8,7,54,4.524374999999972,537,23,25,21,0,NA,15.250725238292677,0,0,
4208,0.5,timed-search,1,500,49,77,374,0.7,0.7,0.7,random,0,0,Randomly placed,1.034,0,0,0,0,0,true,4.5,0,431,118,12,16,90,81,11,13,57,4.509374999999982,536,28,28,25,0,NA,17.962577962578035,0,0,
4215,0.5,timed-search,1,500,46,79,375,0.7,0.7,0.7,random,0,0,Randomly placed,1.034,0,0,0,0,0,true,4.5,0,397,103,12,18,73,81,9,17,55,4.520624999999972,537,23,33,25,0,NA,17.917876399834203,0,0,
4212,0.5,timed-search,1,500,59,74,367,0.7,0.7,0.7,random,0,0,Randomly placed,1.022,0,0,0,0,0,true,4.5,0,363,99,13,16,70,72,5,13,54,4.511874999999989,537,31,18,23,0,NA,15.95788890428041,0,0,
4221,0.5,timed-search,1,500,44,84,372,0.7,0.7,0.7,random,0,0,Randomly placed,0.974,0,0,0,0,0,true,4.5,0,360,92,7,19,66,80,7,18,55,4.511874999999977,536,26,24,30,0,NA,17.730987671422724,0,0,
4222,0.5,timed-search,1,500,65,71,364,0.7,0.7,0.7,random,0,0,Randomly placed,1.03,0,0,0,0,0,true,4.5,0,415,114,18,11,85,84,15,6,63,4.524374999999986,539,20,31,33,0,NA,18.566100290095374,0,0,
4217,0.5,timed-search,1,500,46,87,367,0.7,0.7,0.7,random,0,0,Randomly placed,1.026,0,0,0,0,0,true,4.5,0,405,89,6,16,67,73,4,13,56,4.524374999999979,538,25,24,24,0,NA,16.13482525210672,0,0,
4219,0.5,timed-search,1,500,45,65,390,0.7,0.7,0.7,random,0,0,Randomly placed,0.978,0,0,0,0,0,true,4.5,0,392,110,10,15,85,77,7,10,60,4.521249999999973,537,28,27,22,0,NA,17.030688415814314,0,0,
4220,0.5,timed-search,1,500,48,73,379,0.7,0.7,0.7,random,0,0,Randomly placed,0.994,0,0,0,0,0,true,4.5,0,440,120,11,17,92,97,10,15,72,4.5243749999999805,538,39,35,23,0,NA,21.439425334991114,0,0,
4226,0.5,timed-search,1,500,44,85,371,0.7,0.7,0.7,random,0,0,Randomly placed,1.014,0,0,0,0,0,true,4.5,0,426,119,15,20,84,90,12,17,61,4.506874999999984,537,28,34,28,0,NA,19.969491055332202,0,0,
4224,0.5,timed-search,1,500,48,71,381,0.7,0.7,0.7,random,0,0,Randomly placed,0.99,0,0,0,0,0,true,4.5,0,401,108,12,17,79,85,10,13,62,4.508124999999986,537,42,26,17,0,NA,18.854845417995342,0,0,
4227,0.5,timed-search,1,500,45,85,370,0.7,0.7,0.7,random,0,0,Randomly placed,1.026,0,0,0,0,0,true,4.5,0,404,108,13,20,75,77,9,14,54,4.517499999999985,537,27,22,28,0,NA,17.04482567791926,0,0,
4233,0.5,timed-search,1,500,50,85,365,0.7,0.7,0.7,random,0,0,Randomly placed,1.054,0,0,0,0,0,true,4.5,0,396,89,5,14,70,68,3,10,55,4.503124999999982,536,18,29,21,0,NA,15.100624566273481,0,0,
4231,0.5,timed-search,1,500,42,71,387,0.7,0.7,0.7,random,0,0,Randomly placed,1.026,0,0,0,0,0,true,4.5,0,386,103,7,13,83,80,6,9,65,4.506249999999974,535,21,32,27,0,NA,17.753120665742127,0,0,
4225,0.5,timed-search,1,500,57,61,382,0.7,0.7,0.7,random,0,0,Randomly placed,1.002,0,0,0,0,0,true,4.5,0,391,93,10,9,74,74,8,7,59,4.512499999999979,537,31,27,16,0,NA,16.39889196675908,0,0,
4228,0.5,timed-search,1,500,54,64,382,0.7,0.7,0.7,random,0,0,Randomly placed,1.014,0,0,0,0,0,true,4.5,0,420,106,16,18,72,82,11,16,55,4.521249999999981,538,31,23,28,0,NA,18.13657727398404,0,0,
4235,0.5,timed-search,1,500,50,78,372,0.7,0.7,0.7,random,0,0,Randomly placed,1.034,0,0,0,0,0,true,4.5,0,410,114,14,19,81,95,12,13,70,4.522499999999978,538,27,33,35,0,NA,21.006080707573346,0,0,
4223,0.5,timed-search,1,500,39,88,373,0.7,0.7,0.7,random,0,0,Randomly placed,0.986,0,0,0,0,0,true,4.5,0,392,110,10,21,79,86,6,17,63,4.52124999999998,538,26,30,30,0,NA,19.021288360519854,0,0,
4232,0.5,timed-search,1,500,54,76,370,0.7,0.7,0.7,random,0,0,Randomly placed,1.034,0,0,0,0,0,true,4.5,0,381,95,10,20,65,72,8,17,47,4.502499999999977,535,22,28,22,0,NA,15.991116046640835,0,0,
4239,0.5,timed-search,1,500,57,88,355,0.7,0.7,0.7,random,0,0,Randomly placed,1.01,0,0,0,0,0,true,4.5,0,384,108,12,17,79,80,11,11,58,4.509374999999978,536,33,22,25,0,NA,17.74081774081783,0,0,
4238,0.5,timed-search,1,500,40,78,382,0.7,0.7,0.7,random,0,0,Randomly placed,1.014,0,0,0,0,0,true,4.5,0,397,113,5,23,85,81,3,17,61,4.5037499999999815,536,19,30,32,0,NA,17.98501248959208,0,0,
4240,0.5,timed-search,1,500,56,78,366,0.7,0.7,0.7,random,0,0,Randomly placed,1.046,0,0,0,0,0,true,4.5,0,380,105,15,20,70,76,12,16,48,4.51062499999998,536,33,21,22,0,NA,16.84910627684641,0,0,
4229,0.5,timed-search,1,500,49,73,378,0.7,0.7,0.7,random,0,0,Randomly placed,1.022,0,0,0,0,0,true,4.5,0,409,94,8,13,73,60,6,9,45,4.501874999999971,534,19,20,21,0,NA,13.327780091628576,0,0,
4244,0.5,timed-search,1,500,40,71,389,0.7,0.7,0.7,random,0,0,Randomly placed,0.998,0,0,0,0,0,true,4.5,0,364,112,10,13,89,84,7,11,66,4.509374999999979,536,31,25,28,0,NA,18.627858627858714,0,0,
4236,0.5,timed-search,1,500,52,64,384,0.7,0.7,0.7,random,0,0,Randomly placed,0.946,0,0,0,0,0,true,4.5,0,418,99,13,16,70,75,8,13,54,4.507499999999979,536,29,23,23,0,NA,16.638935108153156,0,0,
4237,0.5,timed-search,1,500,59,77,364,0.7,0.7,0.7,random,0,0,Randomly placed,1.05,0,0,0,0,0,true,4.5,0,401,102,15,18,69,74,14,10,50,4.520624999999979,538,22,30,22,0,NA,16.36941794552752,0,0,
4242,0.5,timed-search,1,500,61,74,365,0.7,0.7,0.7,random,0,0,Randomly placed,1.038,0,0,0,0,0,true,4.5,0,396,93,10,17,66,68,8,14,46,4.513124999999983,537,20,20,28,0,NA,15.067165212574494,0,0,
4241,0.5,timed-search,1,500,42,82,376,0.7,0.7,0.7,random,0,0,Randomly placed,1.03,0,0,0,0,0,true,4.5,0,409,114,10,11,93,93,9,8,76,4.508124999999986,537,32,30,31,0,NA,20.629419104394906,0,0,
4246,0.5,timed-search,1,500,57,68,375,0.7,0.7,0.7,random,0,0,Randomly placed,1.026,0,0,0,0,0,true,4.5,0,404,104,16,10,78,77,11,7,59,4.505624999999971,535,18,26,33,0,NA,17.08974892495503,0,0,
4248,0.5,timed-search,1,500,48,77,375,0.7,0.7,0.7,random,0,0,Randomly placed,1.038,0,0,0,0,0,true,4.5,0,389,104,12,21,71,75,9,18,48,4.50812499999998,536,15,35,25,0,NA,16.636628309995913,0,0,
4250,0.5,timed-search,1,500,53,73,374,0.7,0.7,0.7,random,0,0,Randomly placed,1.018,0,0,0,0,0,true,4.5,0,384,117,14,10,93,89,9,8,72,4.507499999999982,536,29,30,30,0,NA,19.744869661675068,0,0,
4243,0.5,timed-search,1,500,54,74,372,0.7,0.7,0.7,random,0,0,Randomly placed,0.974,0,0,0,0,0,true,4.5,0,411,110,13,22,75,90,13,20,57,4.5112499999999836,537,40,26,24,0,NA,19.950124688279374,0,0,
4251,0.5,timed-search,1,500,48,67,385,0.7,0.7,0.7,random,0,0,Randomly placed,1.014,0,0,0,0,0,true,4.5,0,379,85,6,12,67,70,6,8,56,4.518749999999983,538,21,24,25,0,NA,15.49100968188111,0,0,
4247,0.5,timed-search,1,500,41,73,386,0.7,0.7,0.7,random,0,0,Randomly placed,1.07,0,0,0,0,0,true,4.5,0,405,99,7,11,81,76,6,5,65,4.501249999999971,535,37,18,21,0,NA,16.884198833657425,0,0,
4234,0.5,timed-search,1,500,41,80,379,0.7,0.7,0.7,random,0,0,Randomly placed,1.01,0,0,0,0,0,true,4.5,0,389,95,12,19,64,77,8,13,56,4.504999999999976,535,22,35,20,0,NA,17.09211986681474,0,0,
4254,0.5,timed-search,1,500,42,84,374,0.7,0.7,0.7,random,0,0,Randomly placed,1.058,0,0,0,0,0,true,4.5,0,400,107,11,14,82,84,7,10,67,4.517499999999984,538,27,29,28,0,NA,18.594355285002834,0,0,
4252,0.5,timed-search,1,500,54,70,376,0.7,0.7,0.7,random,0,0,Randomly placed,0.974,0,0,0,0,0,true,4.5,0,399,120,14,24,82,91,10,18,63,4.501874999999986,536,29,29,33,0,NA,20.213799805636604,0,0,
4230,0.5,timed-search,1,500,48,72,380,0.7,0.7,0.7,random,0,0,Randomly placed,0.986,0,0,0,0,0,true,4.5,0,368,83,6,17,60,69,5,14,50,4.5024999999999835,535,32,21,16,0,NA,15.324819544697446,0,0,
4257,0.5,timed-search,1,500,54,74,372,0.7,0.7,0.7,random,0,0,Randomly placed,1.018,0,0,0,0,0,true,4.5,0,414,92,13,7,72,65,7,5,53,4.522499999999979,538,20,22,23,0,NA,14.372581536760709,0,0,
4256,0.5,timed-search,1,500,50,74,376,0.7,0.7,0.7,random,0,0,Randomly placed,0.998,0,0,0,0,0,true,4.5,0,406,115,13,15,87,78,9,12,57,4.505624999999977,535,20,26,32,0,NA,17.311693716188188,0,0,
4258,0.5,timed-search,1,500,42,77,381,0.7,0.7,0.7,random,0,0,Randomly placed,1.062,0,0,0,0,0,true,4.5,0,395,114,12,15,87,88,7,11,70,4.500624999999977,535,30,32,26,0,NA,19.552839883349634,0,0,
4249,0.5,timed-search,1,500,49,74,377,0.7,0.7,0.7,random,0,0,Randomly placed,1.054,0,0,0,0,0,true,4.5,0,393,107,10,14,83,78,9,12,57,4.500624999999977,536,27,23,28,0,NA,17.33092626024172,0,0,
4259,0.5,timed-search,1,500,52,68,380,0.7,0.7,0.7,random,0,0,Randomly placed,1.03,0,0,0,0,0,true,4.5,0,384,98,12,10,76,73,7,8,58,4.504374999999978,536,29,22,22,0,NA,16.206465935895736,0,0,
4253,0.5,timed-search,1,500,51,77,372,0.7,0.7,0.7,random,0,0,Randomly placed,0.998,0,0,0,0,0,true,4.5,0,371,94,9,17,68,77,7,14,56,4.518124999999979,537,31,25,21,0,NA,17.042467837875304,0,0,
4245,0.5,timed-search,1,500,57,70,373,0.7,0.7,0.7,random,0,0,Randomly placed,1.014,0,0,0,0,0,true,4.5,0,416,93,9,12,72,72,5,11,56,4.501874999999982,536,29,21,22,0,NA,15.99333610995425,0,0,
4261,0.5,timed-search,1,500,52,85,363,0.7,0.7,0.7,random,0,0,Randomly placed,1.014,0,0,0,0,0,true,4.5,0,374,99,10,17,72,85,8,16,61,4.52187499999998,538,39,18,28,0,NA,18.797512093987642,0,0,
4262,0.5,timed-search,1,500,43,75,382,0.7,0.7,0.7,random,0,0,Randomly placed,1.014,0,0,0,0,0,true,4.5,0,402,107,9,17,81,77,6,15,56,4.51249999999998,537,19,36,22,0,NA,17.063711911357416,0,0,
4264,0.5,timed-search,1,500,51,75,374,0.7,0.7,0.7,random,0,0,Randomly placed,0.99,0,0,0,0,0,true,4.5,0,396,95,12,12,71,71,10,9,52,4.501249999999978,535,21,22,28,0,NA,15.773396278811516,0,0,
4266,0.5,timed-search,1,500,59,73,368,0.7,0.7,0.7,random,0,0,Randomly placed,0.982,0,0,0,0,0,true,4.5,0,398,87,10,14,63,62,8,9,45,4.516249999999981,538,15,32,15,0,NA,13.728203708829286,0,0,
4267,0.5,timed-search,1,500,45,80,375,0.7,0.7,0.7,random,0,0,Randomly placed,1.034,0,0,0,0,0,true,4.5,0,379,89,13,9,67,64,10,7,47,4.510624999999986,537,16,25,23,0,NA,14.188721075239064,0,0,
4265,0.5,timed-search,1,500,52,70,378,0.7,0.7,0.7,random,0,0,Randomly placed,0.998,0,0,0,0,0,true,4.5,0,417,119,15,15,89,86,11,12,63,4.521874999999977,538,40,28,18,0,NA,19.018659295093393,0,0,
4260,0.5,timed-search,1,500,67,66,367,0.7,0.7,0.7,random,0,0,Randomly placed,1.058,0,0,0,0,0,true,4.5,0,386,95,11,9,75,79,8,8,63,4.515624999999976,536,23,30,26,0,NA,17.49480968858141,0,0,
4276,0.5,timed-search,1,500,42,71,387,0.7,0.7,0.7,random,0,0,Randomly placed,0.99,0,0,0,0,0,true,4.5,0,384,121,7,17,97,85,5,11,69,4.518124999999977,537,28,34,23,0,NA,18.813113847005212,0,0,
4274,0.5,timed-search,1,500,67,64,369,0.7,0.7,0.7,random,0,0,Randomly placed,0.954,0,0,0,0,0,true,4.5,0,420,92,8,14,70,77,8,13,56,4.511874999999981,537,23,34,20,0,NA,17.066075633744358,0,0,
4272,0.5,timed-search,1,500,45,72,383,0.7,0.7,0.7,random,0,0,Randomly placed,1.022,0,0,0,0,0,true,4.5,0,412,115,14,11,90,84,11,7,66,4.5137499999999875,538,18,44,22,0,NA,18.609803378565545,0,0,
4268,0.5,timed-search,1,500,60,84,356,0.7,0.7,0.7,random,0,0,Randomly placed,1.038,0,0,0,0,0,true,4.5,0,410,96,11,19,66,72,6,16,50,4.509374999999977,536,24,24,24,0,NA,15.966735966736048,0,0,
4269,0.5,timed-search,1,500,55,78,367,0.7,0.7,0.7,random,0,0,Randomly placed,1.022,0,0,0,0,0,true,4.5,0,378,116,17,13,86,91,14,9,68,4.504374999999977,536,40,23,28,0,NA,20.202580824198797,0,0,
4270,0.5,timed-search,1,500,53,88,359,0.7,0.7,0.7,random,0,0,Randomly placed,0.978,0,0,0,0,0,true,4.5,0,389,93,7,16,70,66,6,12,48,4.524999999999981,538,19,19,28,0,NA,14.585635359116084,0,0,
4275,0.5,timed-search,1,500,59,80,361,0.7,0.7,0.7,random,0,0,Randomly placed,0.97,0,0,0,0,0,true,4.5,0,408,89,10,16,63,62,7,12,43,4.514999999999976,537,22,21,19,0,NA,13.732004429678922,0,0,
4278,0.5,timed-search,1,500,45,66,389,0.7,0.7,0.7,random,0,0,Randomly placed,0.982,0,0,0,0,0,true,4.5,0,390,100,9,13,78,81,6,11,64,4.523749999999974,538,35,19,27,0,NA,17.90549875656269,0,0,
4277,0.5,timed-search,1,500,60,72,368,0.7,0.7,0.7,random,0,0,Randomly placed,0.99,0,0,0,0,0,true,4.5,0,405,102,15,12,75,88,11,11,66,4.51874999999998,538,33,32,23,0,NA,19.47441217150769,0,0,
4281,0.5,timed-search,1,500,55,77,368,0.7,0.7,0.7,random,0,0,Randomly placed,1.046,0,0,0,0,0,true,4.5,0,381,95,7,12,76,77,5,9,63,4.523749999999978,538,32,20,25,0,NA,17.021276595744762,0,0,
4255,0.5,timed-search,1,500,63,82,355,0.7,0.7,0.7,random,0,0,Randomly placed,1.022,0,0,0,0,0,true,4.5,0,372,94,12,19,63,70,10,13,47,4.503124999999978,535,28,25,17,0,NA,15.5447605829286,0,0,
4282,0.5,timed-search,1,500,47,74,379,0.7,0.7,0.7,random,0,0,Randomly placed,0.99,0,0,0,0,0,true,4.5,0,387,122,14,18,90,94,11,15,68,4.509999999999978,536,32,34,28,0,NA,20.84257206208436,0,0,
4283,0.5,timed-search,1,500,41,82,377,0.7,0.7,0.7,random,0,0,Randomly placed,0.958,0,0,0,0,0,true,4.5,0,351,94,8,12,74,70,6,10,54,4.5068749999999795,536,24,26,20,0,NA,15.531826376369507,0,0,
4279,0.5,timed-search,1,500,59,68,373,0.7,0.7,0.7,random,0,0,Randomly placed,1.018,0,0,0,0,0,true,4.5,0,351,89,9,11,69,73,9,9,55,4.50937499999998,536,28,20,25,0,NA,16.18849618849626,0,0,
4273,0.5,timed-search,1,500,42,73,385,0.7,0.7,0.7,random,0,0,Randomly placed,0.974,0,0,0,0,0,true,4.5,0,398,94,7,9,78,64,5,4,55,4.518749999999975,537,22,19,23,0,NA,14.163208852005612,0,0,
4284,0.5,timed-search,1,500,60,76,364,0.7,0.7,0.7,random,0,0,Randomly placed,1.046,0,0,0,0,0,true,4.5,0,389,109,14,14,81,79,10,10,59,4.51999999999998,538,18,32,29,0,NA,17.477876106194767,0,0,
4289,0.5,timed-search,1,500,49,86,365,0.7,0.7,0.7,random,0,0,Randomly placed,1.01,0,0,0,0,0,true,4.5,0,425,123,9,22,92,85,7,14,64,4.5218749999999766,538,21,33,31,0,NA,18.79751209398766,0,0,
4285,0.5,timed-search,1,500,60,75,365,0.7,0.7,0.7,random,0,0,Randomly placed,0.978,0,0,0,0,0,true,4.5,0,386,104,18,12,74,86,16,10,60,4.504999999999982,536,21,38,27,0,NA,19.089900110987866,0,0,
4291,0.5,timed-search,1,500,34,83,383,0.7,0.7,0.7,random,0,0,Randomly placed,1.026,0,0,0,0,0,true,4.5,0,402,98,9,13,76,73,7,3,63,4.507499999999979,536,33,18,22,0,NA,16.195230171935737,0,0,
4288,0.5,timed-search,1,500,40,71,389,0.7,0.7,0.7,random,0,0,Randomly placed,1.01,0,0,0,0,0,true,4.5,0,389,87,6,15,66,69,4,14,51,4.505624999999979,536,22,26,21,0,NA,15.314190595089544,0,0,
4290,0.5,timed-search,1,500,45,71,384,0.7,0.7,0.7,random,0,0,Randomly placed,0.99,0,0,0,0,0,true,4.5,0,415,96,9,13,74,70,6,8,56,4.506249999999983,537,26,23,21,0,NA,15.53398058252433,0,0,
4293,0.5,timed-search,1,500,43,85,372,0.7,0.7,0.7,random,0,0,Randomly placed,1.002,0,0,0,0,0,true,4.5,0,420,105,5,15,85,76,5,10,61,4.508749999999982,537,18,33,25,0,NA,16.856113113390695,0,0,
4263,0.5,timed-search,1,500,47,73,380,0.7,0.7,0.7,random,0,0,Randomly placed,0.978,0,0,0,0,0,true,4.5,0,364,95,10,12,73,70,7,9,54,4.501874999999975,535,18,21,31,0,NA,15.549076773566656,0,0,
4280,0.5,timed-search,1,500,50,67,383,0.7,0.7,0.7,random,0,0,Randomly placed,0.966,0,0,0,0,0,true,4.5,0,410,105,11,13,81,78,8,8,62,4.508124999999981,537,24,30,24,0,NA,17.302093442395748,0,0,
4292,0.5,timed-search,1,500,55,89,356,0.7,0.7,0.7,random,0,0,Randomly placed,0.97,0,0,0,0,0,true,4.5,0,398,98,8,16,74,74,5,11,58,4.504999999999976,536,24,29,21,0,NA,16.426193118757023,0,0,
4287,0.5,timed-search,1,500,47,70,383,0.7,0.7,0.7,random,0,0,Randomly placed,0.986,0,0,0,0,0,true,4.5,0,420,100,7,17,76,85,6,16,63,4.522499999999983,539,29,29,27,0,NA,18.794914317302446,0,0,
4286,0.5,timed-search,1,500,48,90,362,0.7,0.7,0.7,random,0,0,Randomly placed,1.01,0,0,0,0,0,true,4.5,0,401,107,12,17,78,78,7,12,59,4.5043749999999685,535,34,22,22,0,NA,17.31649784931329,0,0,
4299,0.5,timed-search,1,500,56,76,368,0.7,0.7,0.7,random,0,0,Randomly placed,0.998,0,0,0,0,0,true,4.5,0,400,94,12,10,72,73,9,8,56,4.509999999999986,537,23,28,22,0,NA,16.186252771618676,0,0,
4297,0.5,timed-search,1,500,54,70,376,0.7,0.7,0.7,random,0,0,Randomly placed,0.974,0,0,0,0,0,true,4.5,0,426,108,18,17,73,82,13,14,55,4.511874999999984,538,33,28,21,0,NA,18.174262363208264,0,0,
4271,0.5,timed-search,1,500,46,74,380,0.7,0.7,0.7,random,0,0,Randomly placed,1.026,0,0,0,0,0,true,4.5,0,423,103,11,13,79,84,9,9,66,4.512499999999977,536,29,26,29,0,NA,18.61495844875356,0,0,
4294,0.5,timed-search,1,500,60,62,378,0.7,0.7,0.7,random,0,0,Randomly placed,1.022,0,0,0,0,0,true,4.5,0,406,104,10,14,80,85,7,13,65,4.521874999999989,538,31,24,30,0,NA,18.797512093987606,0,0,
4295,0.5,timed-search,1,500,47,76,377,0.7,0.7,0.7,random,0,0,Randomly placed,0.982,0,0,0,0,0,true,4.5,0,411,110,11,18,81,82,8,17,57,4.523124999999981,538,39,26,17,0,NA,18.129059002349116,0,0,
4298,0.5,timed-search,1,500,50,89,361,0.7,0.7,0.7,random,0,0,Randomly placed,1.01,0,0,0,0,0,true,4.5,0,399,96,8,18,70,73,6,14,53,4.506874999999979,536,22,30,21,0,NA,16.197476078213917,0,0,
4296,0.5,timed-search,1,500,38,67,395,0.7,0.7,0.7,random,0,0,Randomly placed,1.014,0,0,0,0,0,true,4.5,0,409,106,9,12,85,82,8,11,63,4.523749999999981,539,28,21,33,0,NA,18.12655429676714,0,0,
4300,0.5,timed-search,1,500,45,81,374,0.7,0.7,0.7,random,0,0,Randomly placed,1.03,0,0,0,0,0,true,4.5,0,424,114,5,19,90,92,4,15,73,4.52124999999998,538,27,30,35,0,NA,20.348354990323564,0,0,
4306,0.5,timed-search,7,3500,375,495,2630,0.7,0.7,0.7,random,0,0,Randomly placed,1.0551428571428572,0,0,0,0,0,true,4.5,0,383,680,72,84,524,526,58,67,401,4.5006249999999755,535,192,171,163,0,NA,116.87265657547627,0,0,
4302,0.5,timed-search,7,3500,377,531,2592,0.7,0.7,0.7,random,0,0,Randomly placed,1.032857142857143,0,0,0,0,0,true,4.5,0,386,701,78,104,519,521,55,81,385,4.507499999999981,536,156,191,174,0,NA,115.58513588463721,0,0,
4310,0.5,timed-search,7,3500,372,480,2648,0.7,0.7,0.7,random,0,0,Randomly placed,1.0511428571428572,0,0,0,0,0,true,4.5,0,406,743,86,108,549,546,71,76,399,4.519999999999979,538,200,125,221,0,NA,120.7964601769917,0,0,
4309,0.5,timed-search,7,3500,377,497,2626,0.7,0.7,0.7,random,0,0,Randomly placed,0.9785714285714285,0,0,0,0,0,true,4.5,0,431,751,90,105,556,563,73,73,417,4.524374999999984,539,209,185,169,0,NA,124.43707694432976,0,0,
4314,0.5,timed-search,7,3500,383,521,2596,0.7,0.7,0.7,random,0,0,Randomly placed,0.9837142857142858,0,0,0,0,0,true,4.5,0,406,721,78,112,531,557,52,88,417,4.523124999999981,538,179,187,191,0,NA,123.14494956473729,0,0,
4311,0.5,timed-search,7,3500,371,525,2604,0.7,0.7,0.7,random,0,0,Randomly placed,0.9842857142857142,0,0,0,0,0,true,4.5,0,389,720,67,96,557,557,54,78,425,4.522499999999978,538,197,171,189,0,NA,123.16196793808794,0,0,
4313,0.5,timed-search,7,3500,337,520,2643,0.7,0.7,0.7,random,0,0,Randomly placed,0.978,0,0,0,0,0,true,4.5,0,408,692,66,113,513,525,52,87,386,4.517499999999985,538,160,195,170,0,NA,116.21472053126769,0,0,
4305,0.5,timed-search,7,3500,359,542,2599,0.7,0.7,0.7,random,0,0,Randomly placed,0.9865714285714285,0,0,0,0,0,true,4.5,0,394,689,63,98,528,517,47,79,391,4.501874999999982,535,154,198,165,0,NA,114.84103845619926,0,0,
4301,0.5,timed-search,7,3500,347,550,2603,0.7,0.7,0.7,random,0,0,Randomly placed,0.9602857142857143,0,0,0,0,0,true,4.5,0,381,659,82,96,481,505,53,77,375,4.518749999999982,538,138,212,155,0,NA,111.7565698478566,0,0,
4304,0.5,timed-search,7,3500,333,494,2673,0.7,0.7,0.7,random,0,0,Randomly placed,0.9905714285714285,0,0,0,0,0,true,4.5,0,405,694,63,104,527,528,48,80,400,4.516874999999985,538,187,159,182,0,NA,116.89497716895016,0,0,
4307,0.5,timed-search,7,3500,338,521,2641,0.7,0.7,0.7,random,0,0,Randomly placed,0.986,0,0,0,0,0,true,4.5,0,355,579,48,85,446,458,40,65,353,4.52062499999998,538,165,168,125,0,NA,101.3134245817784,0,0,
4319,0.5,timed-search,7,3500,335,516,2649,0.7,0.7,0.7,random,0,0,Randomly placed,0.9905714285714285,0,0,0,0,0,true,4.5,0,402,673,66,91,516,506,46,65,395,4.5106249999999815,537,177,152,177,0,NA,112.17957600110896,0,0,
4321,0.5,timed-search,7,3500,328,550,2622,0.7,0.7,0.7,random,0,0,Randomly placed,0.9557142857142857,0,0,0,0,0,true,4.5,0,386,670,67,97,506,481,49,71,361,4.520624999999978,538,175,152,154,0,NA,106.40121664592891,0,0,
4320,0.5,timed-search,7,3500,344,520,2636,0.7,0.7,0.7,random,0,0,Randomly placed,1.0162857142857142,0,0,0,0,0,true,4.5,0,400,680,66,106,508,505,43,79,383,4.5162499999999834,537,165,179,161,0,NA,111.81843343481913,0,0,
4318,0.5,timed-search,7,3500,346,505,2649,0.7,0.7,0.7,random,0,0,Randomly placed,1.0482857142857143,0,0,0,0,0,true,4.5,0,381,650,69,88,493,508,54,69,385,4.52062499999998,538,173,183,152,0,NA,112.37384211254023,0,0,
4324,0.5,timed-search,7,3500,363,496,2641,0.7,0.7,0.7,random,0,0,Randomly placed,1.006,0,0,0,0,0,true,4.5,0,406,720,69,101,550,547,52,77,418,4.523749999999979,538,167,202,178,0,NA,120.91738049184913,0,0,
4323,0.5,timed-search,7,3500,350,544,2606,0.7,0.7,0.7,random,0,0,Randomly placed,0.9774285714285714,0,0,0,0,0,true,4.5,0,394,721,74,127,520,533,54,93,386,4.506874999999981,536,152,200,181,0,NA,118.26376369435634,0,0,
4303,0.5,timed-search,7,3500,332,566,2602,0.7,0.7,0.7,random,0,0,Randomly placed,0.9802857142857143,0,0,0,0,0,true,4.5,0,409,664,46,112,506,501,33,86,382,4.520624999999984,539,156,201,144,0,NA,110.82538365823349,0,0,
4326,0.5,timed-search,7,3500,343,516,2641,0.7,0.7,0.7,random,0,0,Randomly placed,0.99,0,0,0,0,0,true,4.5,0,402,688,78,105,505,530,58,83,389,4.511249999999981,537,127,227,176,0,NA,117.48406760875639,0,0,
4329,0.5,timed-search,7,3500,365,521,2614,0.7,0.7,0.7,random,0,0,Randomly placed,0.9928571428571429,0,0,0,0,0,true,4.5,0,377,682,85,94,503,532,63,71,398,4.515624999999984,538,195,150,187,0,NA,117.81314878892775,0,0,
4328,0.5,timed-search,7,3500,366,507,2627,0.7,0.7,0.7,random,0,0,Randomly placed,0.9962857142857143,0,0,0,0,0,true,4.5,0,378,664,60,89,515,502,53,69,380,4.521249999999981,538,146,182,174,0,NA,111.03124136024377,0,0,
4330,0.5,timed-search,7,3500,372,511,2617,0.7,0.7,0.7,random,0,0,Randomly placed,1.0014285714285713,0,0,0,0,0,true,4.5,0,412,709,72,92,545,537,54,69,414,4.502499999999981,536,212,176,149,0,NA,119.2670738478628,0,0,
4322,0.5,timed-search,7,3500,350,536,2614,0.7,0.7,0.7,random,0,0,Randomly placed,1.0711428571428572,0,0,0,0,0,true,4.5,0,395,678,71,87,520,509,47,62,400,4.507499999999985,537,150,201,158,0,NA,112.92290626733259,0,0,
4317,0.5,timed-search,7,3500,350,516,2634,0.7,0.7,0.7,random,0,0,Randomly placed,1.0145714285714287,0,0,0,0,0,true,4.5,0,364,649,74,91,484,504,55,65,384,4.514999999999981,537,151,213,140,0,NA,111.62790697674465,0,0,
4331,0.5,timed-search,7,3500,340,538,2622,0.7,0.7,0.7,random,0,0,Randomly placed,1.0214285714285716,0,0,0,0,0,true,4.5,0,415,707,64,114,529,548,51,91,406,4.51187499999998,537,172,206,170,0,NA,121.45726554924558,0,0,
4334,0.5,timed-search,7,3500,355,517,2628,0.7,0.7,0.7,random,0,0,Randomly placed,1.0511428571428572,0,0,0,0,0,true,4.5,0,417,710,67,112,531,542,54,84,404,4.523749999999982,539,174,186,182,0,NA,119.81210279082667,0,0,
4308,0.5,timed-search,7,3500,353,536,2611,0.7,0.7,0.7,random,0,0,Randomly placed,0.998,0,0,0,0,0,true,4.5,0,400,663,63,100,500,508,52,77,379,4.502499999999979,536,189,175,144,0,NA,112.8262076624103,0,0,
4312,0.5,timed-search,7,3500,353,511,2636,0.7,0.7,0.7,random,0,0,Randomly placed,0.9882857142857143,0,0,0,0,0,true,4.5,0,409,703,58,109,536,539,47,80,412,4.521874999999978,538,185,172,182,0,NA,119.19834139599227,0,0,
4335,0.5,timed-search,7,3500,335,510,2655,0.7,0.7,0.7,random,0,0,Randomly placed,0.9797142857142856,0,0,0,0,0,true,4.5,0,374,666,61,98,507,494,44,74,376,4.521874999999979,538,195,160,139,0,NA,109.24671734623409,0,0,
4332,0.5,timed-search,7,3500,338,544,2618,0.7,0.7,0.7,random,0,0,Randomly placed,1.0225714285714287,0,0,0,0,0,true,4.5,0,358,641,63,106,472,508,50,81,377,4.5068749999999795,536,201,164,143,0,NA,112.71668284565298,0,0,
4316,0.5,timed-search,7,3500,328,538,2634,0.7,0.7,0.7,random,0,0,Randomly placed,0.9562857142857143,0,0,0,0,0,true,4.5,0,390,674,61,105,508,511,50,72,389,4.50499999999998,536,156,180,175,0,NA,113.42952275249772,0,0,
4337,0.5,timed-search,7,3500,352,524,2624,0.7,0.7,0.7,random,0,0,Randomly placed,0.9751428571428571,0,0,0,0,0,true,4.5,0,387,663,61,109,493,490,46,83,361,4.52249999999998,538,183,192,115,0,NA,108.34715312327299,0,0,
4339,0.5,timed-search,7,3500,384,487,2629,0.7,0.7,0.7,random,0,0,Randomly placed,0.9797142857142856,0,0,0,0,0,true,4.5,0,394,707,80,103,524,549,70,79,400,4.523749999999981,538,191,157,201,0,NA,121.35949157225804,0,0,
4338,0.5,timed-search,7,3500,358,533,2609,0.7,0.7,0.7,random,0,0,Randomly placed,1.006,0,0,0,0,0,true,4.5,0,381,674,69,116,489,528,56,85,387,4.513124999999979,537,149,177,202,0,NA,116.99210635646087,0,0,
4341,0.5,timed-search,7,3500,374,481,2645,0.7,0.7,0.7,random,0,0,Randomly placed,0.9442857142857143,0,0,0,0,0,true,4.5,0,392,737,73,99,565,579,53,80,446,4.516249999999981,537,197,157,225,0,NA,128.20370882922833,0,0,
4327,0.5,timed-search,7,3500,353,493,2654,0.7,0.7,0.7,random,0,0,Randomly placed,1.0431428571428571,0,0,0,0,0,true,4.5,0,356,630,61,87,482,515,51,76,388,4.508124999999975,536,184,146,185,0,NA,114.23818106197207,0,0,
4340,0.5,timed-search,7,3500,365,488,2647,0.7,0.7,0.7,random,0,0,Randomly placed,1.014,0,0,0,0,0,true,4.5,0,403,698,73,103,522,523,54,85,384,4.503749999999983,536,151,181,191,0,NA,116.12545101304512,0,0,
4325,0.5,timed-search,7,3500,356,529,2615,0.7,0.7,0.7,random,0,0,Randomly placed,0.986,0,0,0,0,0,true,4.5,0,348,584,58,93,433,479,46,83,350,4.52062499999998,538,169,163,147,0,NA,105.95879994469837,0,0,
4336,0.5,timed-search,7,3500,399,509,2592,0.7,0.7,0.7,random,0,0,Randomly placed,1.0157142857142858,0,0,0,0,0,true,4.5,0,357,641,80,98,463,512,63,76,373,4.509999999999976,536,176,169,167,0,NA,113.52549889135315,0,0,
4344,0.5,timed-search,7,3500,349,537,2614,0.7,0.7,0.7,random,0,0,Randomly placed,1.012857142857143,0,0,0,0,0,true,4.5,0,372,697,72,99,526,545,56,74,415,4.512499999999979,537,212,185,148,0,NA,120.77562326869862,0,0,
4315,0.5,timed-search,7,3500,350,510,2640,0.7,0.7,0.7,random,0,0,Randomly placed,0.9374285714285715,0,0,0,0,0,true,4.5,0,410,711,76,114,521,554,61,82,411,4.517499999999987,538,153,203,198,0,NA,122.63420033204243,0,0,
4347,0.5,timed-search,7,3500,357,511,2632,0.7,0.7,0.7,random,0,0,Randomly placed,1.0414285714285714,0,0,0,0,0,true,4.5,0,387,679,73,91,515,514,59,72,383,4.501249999999977,535,195,183,136,0,NA,114.19050263815666,0,0,
4350,0.5,timed-search,7,3500,348,521,2631,0.7,0.7,0.7,random,0,0,Randomly placed,1.0362857142857143,0,0,0,0,0,true,4.5,0,384,650,60,99,491,517,47,85,385,4.511874999999979,537,182,166,169,0,NA,114.5865078265693,0,0,
4349,0.5,timed-search,7,3500,368,519,2613,0.7,0.7,0.7,random,0,0,Randomly placed,0.9574285714285714,0,0,0,0,0,true,4.5,0,369,645,65,89,491,485,43,64,378,4.522499999999981,538,183,173,129,0,NA,107.24156992813754,0,0,
4343,0.5,timed-search,7,3500,315,538,2647,0.7,0.7,0.7,random,0,0,Randomly placed,1.042,0,0,0,0,0,true,4.5,0,383,605,70,101,434,462,52,77,333,4.519374999999983,538,160,159,143,0,NA,102.22652468538276,0,0,
4352,0.5,timed-search,7,3500,362,533,2605,0.7,0.7,0.7,random,0,0,Randomly placed,1.0065714285714287,0,0,0,0,0,true,4.5,0,413,776,75,104,597,577,53,75,449,4.508124999999982,537,181,191,205,0,NA,127.99112713156852,0,0,
4351,0.5,timed-search,7,3500,354,532,2614,0.7,0.7,0.7,random,0,0,Randomly placed,0.9665714285714285,0,0,0,0,0,true,4.5,0,392,687,89,122,476,520,67,96,357,4.504374999999982,536,165,171,184,0,NA,115.44331899542158,0,0,
4354,0.5,timed-search,7,3500,367,526,2607,0.7,0.7,0.7,random,0,0,Randomly placed,1.0025714285714284,0,0,0,0,0,true,4.5,0,403,674,77,91,506,515,57,70,388,4.50499999999998,536,155,198,162,0,NA,114.31742508324135,0,0,
4353,0.5,timed-search,7,3500,398,476,2626,0.7,0.7,0.7,random,0,0,Randomly placed,0.9717142857142856,0,0,0,0,0,true,4.5,0,374,688,66,104,518,526,47,83,396,4.501249999999976,535,173,208,145,0,NA,116.8564287697868,0,0,
4355,0.5,timed-search,7,3500,355,507,2638,0.7,0.7,0.7,random,0,0,Randomly placed,0.9511428571428572,0,0,0,0,0,true,4.5,0,399,663,70,105,488,514,52,78,384,4.513749999999986,538,160,183,171,0,NA,113.87427305455589,0,0,
4358,0.5,timed-search,7,3500,337,547,2616,0.7,0.7,0.7,random,0,0,Randomly placed,0.9957142857142857,0,0,0,0,0,true,4.5,0,395,711,72,118,521,540,60,89,391,4.521874999999983,538,190,142,208,0,NA,119.4194885970979,0,0,
4359,0.5,timed-search,7,3500,319,543,2638,0.7,0.7,0.7,random,0,0,Randomly placed,1.0225714285714287,0,0,0,0,0,true,4.5,0,371,670,65,91,514,526,53,71,402,4.510624999999981,537,207,145,174,0,NA,116.6135513371212,0,0,
4356,0.5,timed-search,7,3500,337,530,2633,0.7,0.7,0.7,random,0,0,Randomly placed,1.014,0,0,0,0,0,true,4.5,0,415,752,66,117,569,573,49,88,436,4.506874999999984,537,215,187,171,0,NA,127.1390930522817,0,0,
4361,0.5,timed-search,7,3500,335,530,2635,0.7,0.7,0.7,random,0,0,Randomly placed,0.9357142857142857,0,0,0,0,0,true,4.5,0,390,703,72,91,540,543,63,67,413,4.52062499999998,538,164,182,197,0,NA,120.11613438407352,0,0,
4362,0.5,timed-search,7,3500,355,544,2601,0.7,0.7,0.7,random,0,0,Randomly placed,0.9768571428571429,0,0,0,0,0,true,4.5,0,403,708,79,95,534,552,62,78,412,4.523749999999981,538,186,184,182,0,NA,122.02265819287148,0,0,
4345,0.5,timed-search,7,3500,360,551,2589,0.7,0.7,0.7,random,0,0,Randomly placed,1.0111428571428571,0,0,0,0,0,true,4.5,0,413,750,70,115,565,555,53,85,417,4.518124999999981,538,178,187,190,0,NA,122.83856688338687,0,0,
4360,0.5,timed-search,7,3500,356,495,2649,0.7,0.7,0.7,random,0,0,Randomly placed,1.0174285714285713,0,0,0,0,0,true,4.5,0,382,694,60,104,530,529,45,73,411,4.5062499999999766,536,166,179,184,0,NA,117.39251040221976,0,0,
4348,0.5,timed-search,7,3500,342,508,2650,0.7,0.7,0.7,random,0,0,Randomly placed,0.9368571428571428,0,0,0,0,0,true,4.5,0,419,721,52,114,555,542,41,83,418,4.524374999999984,539,139,193,210,0,NA,119.79555187180593,0,0,
4368,0.5,timed-search,7,3500,343,527,2630,0.7,0.7,0.7,random,0,0,Randomly placed,0.9917142857142858,0,0,0,0,0,true,4.5,0,370,619,62,85,472,476,45,60,371,4.500624999999977,535,146,158,172,0,NA,105.76308845993665,0,0,
4373,0.5,timed-search,7,3500,348,505,2647,0.7,0.7,0.7,random,0,0,Randomly placed,0.9208571428571428,0,0,0,0,0,true,4.5,0,392,688,56,100,532,541,45,76,420,4.5056249999999824,536,185,217,139,0,NA,120.07213205715125,0,0,
4370,0.5,timed-search,7,3500,353,509,2638,0.7,0.7,0.7,random,0,0,Randomly placed,1.1031428571428572,0,0,0,0,0,true,4.5,0,387,679,67,95,517,531,50,69,412,4.512499999999982,537,185,147,199,0,NA,117.67313019390627,0,0,
4363,0.5,timed-search,7,3500,360,498,2642,0.7,0.7,0.7,random,0,0,Randomly placed,1.020857142857143,0,0,0,0,0,true,4.5,0,405,692,67,98,527,506,46,77,383,4.503124999999987,537,182,154,170,0,NA,112.36641221374077,0,0,
4369,0.5,timed-search,7,3500,361,516,2623,0.7,0.7,0.7,random,0,0,Randomly placed,1.020857142857143,0,0,0,0,0,true,4.5,0,408,739,73,105,561,560,59,79,422,4.515624999999977,538,194,192,174,0,NA,124.01384083045046,0,0,
4366,0.5,timed-search,7,3500,325,564,2611,0.7,0.7,0.7,random,0,0,Randomly placed,1.0294285714285716,0,0,0,0,0,true,4.5,0,390,674,59,97,518,517,46,76,395,4.5181249999999835,538,180,193,144,0,NA,114.42799834001978,0,0,
4367,0.5,timed-search,7,3500,346,513,2641,0.7,0.7,0.7,random,0,0,Randomly placed,1.042,0,0,0,0,0,true,4.5,0,385,679,60,126,493,528,52,95,381,4.514374999999978,537,186,186,156,0,NA,116.95971203101261,0,0,
4364,0.5,timed-search,7,3500,317,489,2694,0.7,0.7,0.7,random,0,0,Randomly placed,1.000857142857143,0,0,0,0,0,true,4.5,0,385,682,64,103,515,517,49,82,386,4.508124999999975,536,184,164,169,0,NA,114.68182448357197,0,0,
4346,0.5,timed-search,7,3500,343,534,2623,0.7,0.7,0.7,random,0,0,Randomly placed,0.9317142857142857,0,0,0,0,0,true,4.5,0,432,789,86,123,580,580,63,99,418,4.504374999999985,537,166,255,159,0,NA,128.76370195643167,0,0,
4333,0.5,timed-search,7,3500,366,534,2600,0.7,0.7,0.7,random,0,0,Randomly placed,1.0197142857142858,0,0,0,0,0,true,4.5,0,394,710,67,94,549,534,45,76,413,4.518749999999981,538,171,137,226,0,NA,118.17427385892165,0,0,
4371,0.5,timed-search,7,3500,357,591,2552,0.7,0.7,0.7,random,0,0,Randomly placed,0.9831428571428571,0,0,0,0,0,true,4.5,0,382,645,74,106,465,488,53,73,362,4.506249999999979,536,192,155,141,0,NA,108.29403606102686,0,0,
4357,0.5,timed-search,7,3500,371,515,2614,0.7,0.7,0.7,random,0,0,Randomly placed,1.0025714285714284,0,0,0,0,0,true,4.5,0,388,701,76,90,535,530,61,68,401,4.504374999999971,535,182,183,165,0,NA,117.66338282225689,0,0,
4365,0.5,timed-search,7,3500,370,518,2612,0.7,0.7,0.7,random,0,0,Randomly placed,0.9711428571428572,0,0,0,0,0,true,4.5,0,389,682,87,108,487,521,61,92,368,4.522499999999982,538,186,162,173,0,NA,115.20176893311267,0,0,
4377,0.5,timed-search,7,3500,351,540,2609,0.7,0.7,0.7,random,0,0,Randomly placed,1.0385714285714285,0,0,0,0,0,true,4.5,0,354,618,58,108,452,500,46,90,364,4.514374999999981,537,146,159,195,0,NA,110.75730305967097,0,0,
4380,0.5,timed-search,7,3500,333,546,2621,0.7,0.7,0.7,random,0,0,Randomly placed,0.9745714285714285,0,0,0,0,0,true,4.5,0,372,645,70,96,479,517,52,77,388,4.50312499999998,536,181,180,156,0,NA,114.80916030534401,0,0,
4375,0.5,timed-search,7,3500,374,565,2561,0.7,0.7,0.7,random,0,0,Randomly placed,0.9962857142857143,0,0,0,0,0,true,4.5,0,395,699,73,129,497,535,55,100,380,4.514999999999981,537,184,173,178,0,NA,118.49390919158411,0,0,
4376,0.5,timed-search,7,3500,338,529,2633,0.7,0.7,0.7,random,0,0,Randomly placed,1.0031428571428571,0,0,0,0,0,true,4.5,0,400,721,66,107,548,542,47,85,410,4.501249999999979,535,194,173,175,0,NA,120.41099694529353,0,0,
4342,0.5,timed-search,7,3500,368,509,2623,0.7,0.7,0.7,random,0,0,Randomly placed,1.0431428571428571,0,0,0,0,0,true,4.5,0,387,681,72,103,506,516,53,82,381,4.500624999999977,535,193,127,196,0,NA,114.6507429523683,0,0,
4379,0.5,timed-search,7,3500,364,529,2607,0.7,0.7,0.7,random,0,0,Randomly placed,1.0082857142857142,0,0,0,0,0,true,4.5,0,385,681,78,104,499,531,63,84,384,4.515624999999984,538,174,175,182,0,NA,117.59169550173053,0,0,
4381,0.5,timed-search,7,3500,337,513,2650,0.7,0.7,0.7,random,0,0,Randomly placed,1.0254285714285714,0,0,0,0,0,true,4.5,0,403,701,62,108,531,525,50,78,397,4.514374999999985,538,151,172,202,0,NA,116.2951682126544,0,0,
4385,0.5,timed-search,7,3500,386,509,2605,0.7,0.7,0.7,random,0,0,Randomly placed,0.9865714285714285,0,0,0,0,0,true,4.5,0,387,678,78,81,519,516,61,63,392,4.522499999999981,538,133,233,150,0,NA,114.09618573797725,0,0,
4374,0.5,timed-search,7,3500,360,551,2589,0.7,0.7,0.7,random,0,0,Randomly placed,0.9591428571428572,0,0,0,0,0,true,4.5,0,406,743,64,119,560,541,47,85,409,4.521249999999982,538,179,184,178,0,NA,119.65717445396787,0,0,
4378,0.5,timed-search,7,3500,357,547,2596,0.7,0.7,0.7,random,0,0,Randomly placed,0.9745714285714285,0,0,0,0,0,true,4.5,0,381,694,68,118,508,522,52,88,382,4.50062499999998,536,178,175,169,0,NA,115.98389112623299,0,0,
4382,0.5,timed-search,7,3500,380,542,2578,0.7,0.7,0.7,random,0,0,Randomly placed,1.03,0,0,0,0,0,true,4.5,0,394,673,76,94,503,499,55,68,376,4.508749999999974,536,186,192,121,0,NA,110.67369004713122,0,0,
4387,0.5,timed-search,7,3500,366,543,2591,0.7,0.7,0.7,random,0,0,Randomly placed,1.0094285714285713,0,0,0,0,0,true,4.5,0,405,703,80,83,540,531,58,56,417,4.515624999999983,538,160,161,210,0,NA,117.59169550173054,0,0,
4389,0.5,timed-search,7,3500,336,533,2631,0.7,0.7,0.7,random,0,0,Randomly placed,1.008857142857143,0,0,0,0,0,true,4.5,0,417,708,60,118,530,537,42,94,401,4.51624999999998,538,150,221,166,0,NA,118.90395792969885,0,0,
4390,0.5,timed-search,7,3500,342,536,2622,0.7,0.7,0.7,random,0,0,Randomly placed,1.0054285714285716,0,0,0,0,0,true,4.5,0,380,655,54,110,491,509,42,88,379,4.508124999999975,536,199,108,202,0,NA,112.90725079717241,0,0,
4392,0.5,timed-search,7,3500,322,575,2603,0.7,0.7,0.7,random,0,0,Randomly placed,1.0334285714285714,0,0,0,0,0,true,4.5,0,397,671,55,112,504,511,37,86,388,4.508749999999983,537,188,164,159,0,NA,113.33518159135058,0,0,
4394,0.5,timed-search,7,3500,342,492,2666,0.7,0.7,0.7,random,0,0,Randomly placed,0.9271428571428572,0,0,0,0,0,true,4.5,0,388,714,65,103,546,551,46,84,421,4.519999999999979,538,205,177,169,0,NA,121.9026548672572,0,0,
4393,0.5,timed-search,7,3500,353,530,2617,0.7,0.7,0.7,random,0,0,Randomly placed,0.9591428571428572,0,0,0,0,0,true,4.5,0,419,735,79,103,553,549,60,76,413,4.52062499999998,539,186,150,213,0,NA,121.44338448776494,0,0,
4388,0.5,timed-search,7,3500,359,517,2624,0.7,0.7,0.7,random,0,0,Randomly placed,0.9985714285714286,0,0,0,0,0,true,4.5,0,383,679,58,97,524,517,46,79,392,4.516249999999977,537,143,170,204,0,NA,114.47550512039913,0,0,
4402,0.5,timed-search,0.01,5,1,1,3,0.3,0.3,0.3,random,0,0,Randomly placed,0.9975000000000719,0,0,0,0,0,true,4.5,0,443,1,0,0,1,1,0,0,1,4.503749999999968,529,0,1,0,0,NA,0.22203719122953253,0,0,
4403,0.5,timed-search,0.01,5,0,0,5,0.3,0.3,0.3,random,0,0,Randomly placed,0.997500000000044,0,0,0,0,0,true,4.5,0,446,1,0,0,1,0,0,0,0,4.511249999999957,528,0,0,0,0,NA,0,0,0,
4391,0.5,timed-search,7,3500,365,492,2643,0.7,0.7,0.7,random,0,0,Randomly placed,0.9968571428571428,0,0,0,0,0,true,4.5,0,377,643,59,96,488,485,40,72,373,4.503124999999974,535,162,167,156,0,NA,107.70298403886252,0,0,
4404,0.5,timed-search,0.01,5,1,1,3,0.3,0.3,0.3,random,0,0,Randomly placed,0.9975000000000275,0,0,0,0,0,true,4.5,0,449,2,0,1,1,1,0,0,1,4.506874999999968,529,0,0,1,0,NA,0.22188323394813636,0,0,
4405,0.5,timed-search,0.01,5,0,0,5,0.3,0.3,0.3,random,0,0,Randomly placed,0.9975000000000542,0,0,0,0,0,true,4.5,0,460,0,0,0,0,0,0,0,0,4.508124999999956,528,0,0,0,0,NA,0,0,0,
4407,0.5,timed-search,0.01,5,0,3,2,0.3,0.3,0.3,random,0,0,Randomly placed,0.99750000000005,0,0,0,0,0,true,4.5,0,410,0,0,0,0,0,0,0,0,4.506249999999956,528,0,0,0,0,NA,0,0,0,
4406,0.5,timed-search,0.01,5,0,2,3,0.3,0.3,0.3,random,0,0,Randomly placed,0.9975000000000133,0,0,0,0,0,true,4.5,0,468,0,0,0,0,0,0,0,0,4.506249999999956,528,0,0,0,0,NA,0,0,0,
4396,0.5,timed-search,7,3500,334,525,2641,0.7,0.7,0.7,random,0,0,Randomly placed,1.0277142857142858,0,0,0,0,0,true,4.5,0,389,699,76,107,516,547,67,78,402,4.5224999999999795,538,178,162,207,0,NA,120.95080154781702,0,0,
4398,0.5,timed-search,7,3500,339,524,2637,0.7,0.7,0.7,random,0,0,Randomly placed,1.0254285714285714,0,0,0,0,0,true,4.5,0,412,717,66,115,536,558,53,91,414,4.509374999999981,537,224,158,176,0,NA,123.74220374220427,0,0,
4408,0.5,timed-search,0.01,5,0,0,5,0.3,0.3,0.3,random,0,0,Randomly placed,0.9975000000000582,0,0,0,0,0,true,4.5,0,413,1,0,0,1,0,0,0,0,4.508124999999955,528,0,0,0,0,NA,0,0,0,
4397,0.5,timed-search,7,3500,358,493,2649,0.7,0.7,0.7,random,0,0,Randomly placed,1.054,0,0,0,0,0,true,4.5,0,379,675,74,99,502,521,60,76,385,4.515624999999981,537,162,182,177,0,NA,115.37716262975826,0,0,
4409,0.5,timed-search,0.01,5,0,1,4,0.3,0.3,0.3,random,0,0,Randomly placed,0.9975000000000187,0,0,0,0,0,true,4.5,0,447,0,0,0,0,0,0,0,0,4.508124999999956,528,0,0,0,0,NA,0,0,0,
4410,0.5,timed-search,0.01,5,0,1,4,0.3,0.3,0.3,random,0,0,Randomly placed,0.9975000000000237,0,0,0,0,0,true,4.5,0,443,1,0,0,1,0,0,0,0,4.512499999999957,528,0,0,0,0,NA,0,0,0,
4399,0.5,timed-search,7,3500,372,507,2621,0.7,0.7,0.7,random,0,0,Randomly placed,1.026,0,0,0,0,0,true,4.5,0,374,661,75,91,495,524,58,71,395,4.5118749999999785,537,121,185,218,0,NA,116.13796924781882,0,0,
4411,0.5,timed-search,0.01,5,0,1,4,0.3,0.3,0.3,random,0,0,Randomly placed,0.9975000000000166,0,0,0,0,0,true,4.5,0,434,1,0,0,1,0,0,0,0,4.512499999999957,528,0,0,0,0,NA,0,0,0,
4412,0.5,timed-search,0.01,5,1,2,2,0.3,0.3,0.3,random,0,0,Randomly placed,0.9975000000000586,0,0,0,0,0,true,4.5,0,442,3,1,1,1,0,0,0,0,4.512499999999957,528,0,0,0,0,NA,0,0,0,
4372,0.5,timed-search,7,3500,378,517,2605,0.7,0.7,0.7,random,0,0,Randomly placed,1.004857142857143,0,0,0,0,0,true,4.5,0,412,765,85,105,575,562,61,80,421,4.520624999999979,538,208,198,156,0,NA,124.31909304576307,0,0,
4384,0.5,timed-search,7,3500,348,525,2627,0.7,0.7,0.7,random,0,0,Randomly placed,0.9448571428571428,0,0,0,0,0,true,4.5,0,400,737,74,107,556,567,55,86,426,4.519999999999978,537,208,193,166,0,NA,125.44247787610679,0,0,
4414,0.5,timed-search,0.01,5,1,0,4,0.3,0.3,0.3,random,0,0,Randomly placed,0.9975000000000283,0,0,0,0,0,true,4.5,0,447,2,1,0,1,0,0,0,0,4.508124999999955,528,0,0,0,0,NA,0,0,0,
4395,0.5,timed-search,7,3500,353,509,2638,0.7,0.7,0.7,random,0,0,Randomly placed,1.0271428571428571,0,0,0,0,0,true,4.5,0,385,666,67,88,511,519,55,68,396,4.509999999999977,537,180,162,177,0,NA,115.07760532150836,0,0,
4415,0.5,timed-search,0.01,5,1,0,4,0.3,0.3,0.3,random,0,0,Randomly placed,0.9975000000000441,0,0,0,0,0,true,4.5,0,459,1,0,0,1,0,0,0,0,4.511249999999957,528,0,0,0,0,NA,0,0,0,
4413,0.5,timed-search,0.01,5,1,0,4,0.3,0.3,0.3,random,0,0,Randomly placed,0.9975000000000398,0,0,0,0,0,true,4.5,0,435,3,0,0,3,1,0,0,1,4.512499999999959,529,0,0,1,0,NA,0.22160664819944798,0,0,
4416,0.5,timed-search,0.01,5,1,1,3,0.3,0.3,0.3,random,0,0,Randomly placed,0.9975000000000515,0,0,0,0,0,true,4.5,0,450,0,0,0,0,0,0,0,0,4.512499999999957,528,0,0,0,0,NA,0,0,0,
4417,0.5,timed-search,0.01,5,0,0,5,0.3,0.3,0.3,random,0,0,Randomly placed,0.9975000000000444,0,0,0,0,0,true,4.5,0,447,1,0,0,1,1,0,0,1,4.501249999999969,529,0,0,1,0,NA,0.22216051096917677,0,0,
4419,0.5,timed-search,0.01,5,0,2,3,0.3,0.3,0.3,random,0,0,Randomly placed,0.9975000000000361,0,0,0,0,0,true,4.5,0,439,0,0,0,0,0,0,0,0,4.511249999999957,528,0,0,0,0,NA,0,0,0,
4420,0.5,timed-search,0.01,5,0,2,3,0.3,0.3,0.3,random,0,0,Randomly placed,0.9975000000000509,0,0,0,0,0,true,4.5,0,433,0,0,0,0,0,0,0,0,4.511249999999957,528,0,0,0,0,NA,0,0,0,
4424,0.5,timed-search,0.01,5,0,1,4,0.3,0.3,0.3,random,0,0,Randomly placed,0.9975000000000306,0,0,0,0,0,true,4.5,0,466,1,0,1,0,0,0,0,0,4.506249999999956,528,0,0,0,0,NA,0,0,0,
4418,0.5,timed-search,0.01,5,0,2,3,0.3,0.3,0.3,random,0,0,Randomly placed,0.9975000000000456,0,0,0,0,0,true,4.5,0,472,1,0,0,1,0,0,0,0,4.508124999999955,528,0,0,0,0,NA,0,0,0,
4427,0.5,timed-search,0.01,5,1,1,3,0.3,0.3,0.3,random,0,0,Randomly placed,0.9975000000000419,0,0,0,0,0,true,4.5,0,435,1,0,0,1,1,0,0,1,4.508124999999954,529,1,0,0,0,NA,0.22182171079994678,0,0,
4401,0.5,timed-search,0.01,5,0,2,3,0.3,0.3,0.3,random,0,0,Randomly placed,0.9975000000000332,0,0,0,0,0,true,4.5,0,456,0,0,0,0,0,0,0,0,4.512499999999957,528,0,0,0,0,NA,0,0,0,
4425,0.5,timed-search,0.01,5,0,0,5,0.3,0.3,0.3,random,0,0,Randomly placed,0.9975000000000357,0,0,0,0,0,true,4.5,0,440,1,0,0,1,1,0,0,1,4.500624999999955,528,0,0,1,0,NA,0.2221913623107924,0,0,
4428,0.5,timed-search,0.01,5,0,0,5,0.3,0.3,0.3,random,0,0,Randomly placed,0.9975000000000386,0,0,0,0,0,true,4.5,0,457,2,0,0,2,1,0,0,1,4.507499999999964,529,0,1,0,0,NA,0.22185246810870948,0,0,
4430,0.5,timed-search,0.01,5,0,0,5,0.3,0.3,0.3,random,0,0,Randomly placed,0.9975000000000417,0,0,0,0,0,true,4.5,0,455,1,0,0,1,1,0,0,1,4.516874999999968,530,1,0,0,0,NA,0.2213920022139216,0,0,
4432,0.5,timed-search,0.01,5,0,1,4,0.3,0.3,0.3,random,0,0,Randomly placed,0.9975000000000235,0,0,0,0,0,true,4.5,0,435,0,0,0,0,0,0,0,0,4.511249999999957,528,0,0,0,0,NA,0,0,0,
4386,0.5,timed-search,7,3500,374,486,2640,0.7,0.7,0.7,random,0,0,Randomly placed,1.0151428571428571,0,0,0,0,0,true,4.5,0,387,655,69,100,486,505,56,72,377,4.507499999999976,536,193,173,139,0,NA,112.03549639489798,0,0,
4431,0.5,timed-search,0.01,5,0,0,5,0.3,0.3,0.3,random,0,0,Randomly placed,0.9975000000000293,0,0,0,0,0,true,4.5,0,449,2,0,0,2,1,0,0,1,4.509374999999968,530,0,0,1,0,NA,0.2217602217602233,0,0,
4433,0.5,timed-search,0.01,5,0,1,4,0.3,0.3,0.3,random,0,0,Randomly placed,0.9975000000000656,0,0,0,0,0,true,4.5,0,432,2,0,1,1,1,0,0,1,4.514999999999969,530,0,1,0,0,NA,0.22148394241417652,0,0,
4383,0.5,timed-search,7,3500,323,548,2629,0.7,0.7,0.7,random,0,0,Randomly placed,0.9922857142857142,0,0,0,0,0,true,4.5,0,409,730,53,124,553,545,40,96,409,4.517499999999978,537,195,163,187,0,NA,120.64194798007807,0,0,
4438,0.5,timed-search,0.01,5,0,1,4,0.3,0.3,0.3,random,0,0,Randomly placed,0.9975000000000465,0,0,0,0,0,true,4.5,0,420,2,0,0,2,2,0,0,2,4.524374999999965,533,1,0,1,0,NA,0.4420500069070347,0,0,
4437,0.5,timed-search,0.01,5,0,0,5,0.3,0.3,0.3,random,0,0,Randomly placed,0.9975000000000589,0,0,0,0,0,true,4.5,0,436,3,0,0,3,3,0,0,3,4.503124999999968,530,1,1,1,0,NA,0.6662040249826557,0,0,
4439,0.5,timed-search,0.01,5,0,1,4,0.3,0.3,0.3,random,0,0,Randomly placed,0.9975000000000472,0,0,0,0,0,true,4.5,0,447,1,0,0,1,0,0,0,0,4.511249999999957,528,0,0,0,0,NA,0,0,0,
4400,0.5,timed-search,7,3500,354,523,2623,0.7,0.7,0.7,random,0,0,Randomly placed,0.994,0,0,0,0,0,true,4.5,0,404,653,67,97,489,497,57,68,372,4.500624999999985,536,155,175,167,0,NA,110.42910706846308,0,0,
4434,0.5,timed-search,0.01,5,1,0,4,0.3,0.3,0.3,random,0,0,Randomly placed,0.9975000000000517,0,0,0,0,0,true,4.5,0,431,1,0,0,1,0,0,0,0,4.508124999999956,528,0,0,0,0,NA,0,0,0,
4436,0.5,timed-search,0.01,5,1,1,3,0.3,0.3,0.3,random,0,0,Randomly placed,0.9975000000000169,0,0,0,0,0,true,4.5,0,432,1,0,1,0,0,0,0,0,4.508124999999955,528,0,0,0,0,NA,0,0,0,
4435,0.5,timed-search,0.01,5,0,0,5,0.3,0.3,0.3,random,0,0,Randomly placed,0.9975000000000639,0,0,0,0,0,true,4.5,0,442,1,0,0,1,1,0,0,1,4.523749999999964,531,0,1,0,0,NA,0.22105554020447812,0,0,
4440,0.5,timed-search,0.01,5,0,1,4,0.3,0.3,0.3,random,0,0,Randomly placed,0.9975000000000306,0,0,0,0,0,true,4.5,0,443,0,0,0,0,0,0,0,0,4.508124999999955,528,0,0,0,0,NA,0,0,0,
4429,0.5,timed-search,0.01,5,2,0,3,0.3,0.3,0.3,random,0,0,Randomly placed,0.9975000000000492,0,0,0,0,0,true,4.5,0,446,0,0,0,0,0,0,0,0,4.511249999999957,528,0,0,0,0,NA,0,0,0,
4421,0.5,timed-search,0.01,5,2,0,3,0.3,0.3,0.3,random,0,0,Randomly placed,0.9975000000000508,0,0,0,0,0,true,4.5,0,451,1,0,0,1,0,0,0,0,4.508124999999955,528,0,0,0,0,NA,0,0,0,
4441,0.5,timed-search,0.01,5,0,0,5,0.3,0.3,0.3,random,0,0,Randomly placed,0.9975000000000144,0,0,0,0,0,true,4.5,0,449,1,0,0,1,1,0,0,1,4.515624999999955,530,1,0,0,0,NA,0.22145328719723406,0,0,
4442,0.5,timed-search,0.01,5,1,2,2,0.3,0.3,0.3,random,0,0,Randomly placed,0.9975000000000492,0,0,0,0,0,true,4.5,0,409,1,0,1,0,0,0,0,0,4.512499999999957,528,0,0,0,0,NA,0,0,0,
4422,0.5,timed-search,0.01,5,0,0,5,0.3,0.3,0.3,random,0,0,Randomly placed,0.9975000000000517,0,0,0,0,0,true,4.5,0,456,2,0,0,2,0,0,0,0,4.511249999999957,528,0,0,0,0,NA,0,0,0,
4443,0.5,timed-search,0.01,5,1,1,3,0.3,0.3,0.3,random,0,0,Randomly placed,0.9975000000000497,0,0,0,0,0,true,4.5,0,453,2,0,0,2,1,0,0,1,4.516249999999956,529,1,0,0,0,NA,0.22142264046498972,0,0,
4444,0.5,timed-search,0.01,5,0,1,4,0.3,0.3,0.3,random,0,0,Randomly placed,0.9975000000000505,0,0,0,0,0,true,4.5,0,448,1,0,0,1,1,0,0,1,4.510624999999967,530,0,0,1,0,NA,0.2216987668006113,0,0,
4445,0.5,timed-search,0.01,5,0,1,4,0.3,0.3,0.3,random,0,0,Randomly placed,0.9975000000000263,0,0,0,0,0,true,4.5,0,444,0,0,0,0,0,0,0,0,4.511249999999957,528,0,0,0,0,NA,0,0,0,
4449,0.5,timed-search,0.01,5,1,0,4,0.3,0.3,0.3,random,0,0,Randomly placed,0.9975000000000299,0,0,0,0,0,true,4.5,0,414,1,0,0,1,0,0,0,0,4.508124999999955,528,0,0,0,0,NA,0,0,0,
4423,0.5,timed-search,0.01,5,0,1,4,0.3,0.3,0.3,random,0,0,Randomly placed,0.9975000000000401,0,0,0,0,0,true,4.5,0,407,0,0,0,0,0,0,0,0,4.511249999999957,528,0,0,0,0,NA,0,0,0,
4448,0.5,timed-search,0.01,5,0,2,3,0.3,0.3,0.3,random,0,0,Randomly placed,0.9975000000000643,0,0,0,0,0,true,4.5,0,452,0,0,0,0,0,0,0,0,4.511249999999957,528,0,0,0,0,NA,0,0,0,
4455,0.5,timed-search,0.01,5,0,1,4,0.3,0.3,0.3,random,0,0,Randomly placed,0.9975000000000428,0,0,0,0,0,true,4.5,0,459,2,0,0,2,0,0,0,0,4.508124999999956,528,0,0,0,0,NA,0,0,0,
4447,0.5,timed-search,0.01,5,1,0,4,0.3,0.3,0.3,random,0,0,Randomly placed,0.997500000000029,0,0,0,0,0,true,4.5,0,442,1,0,0,1,0,0,0,0,4.508124999999955,528,0,0,0,0,NA,0,0,0,
4451,0.5,timed-search,0.01,5,0,0,5,0.3,0.3,0.3,random,0,0,Randomly placed,0.9975000000000699,0,0,0,0,0,true,4.5,0,432,3,0,0,3,0,0,0,0,4.508124999999955,528,0,0,0,0,NA,0,0,0,
4450,0.5,timed-search,0.01,5,0,0,5,0.3,0.3,0.3,random,0,0,Randomly placed,0.9975000000000395,0,0,0,0,0,true,4.5,0,431,1,0,0,1,1,0,0,1,4.507499999999967,529,1,0,0,0,NA,0.22185246810870932,0,0,
4452,0.5,timed-search,0.01,5,1,0,4,0.3,0.3,0.3,random,0,0,Randomly placed,0.9975000000000243,0,0,0,0,0,true,4.5,0,449,2,1,0,1,1,1,0,0,4.501249999999953,529,1,0,0,0,NA,0.22216051096917758,0,0,
4426,0.5,timed-search,0.01,5,0,0,5,0.3,0.3,0.3,random,0,0,Randomly placed,0.997500000000015,0,0,0,0,0,true,4.5,0,421,1,0,0,1,1,0,0,1,4.511874999999955,530,1,0,0,0,NA,0.22163734589278516,0,0,
4453,0.5,timed-search,0.01,5,1,2,2,0.3,0.3,0.3,random,0,0,Randomly placed,0.9975000000000369,0,0,0,0,0,true,4.5,0,454,0,0,0,0,0,0,0,0,4.508124999999956,528,0,0,0,0,NA,0,0,0,
4457,0.5,timed-search,0.01,5,2,1,2,0.3,0.3,0.3,random,0,0,Randomly placed,0.9975000000000228,0,0,0,0,0,true,4.5,0,438,1,0,0,1,0,0,0,0,4.508124999999956,528,0,0,0,0,NA,0,0,0,
4454,0.5,timed-search,0.01,5,0,0,5,0.3,0.3,0.3,random,0,0,Randomly placed,0.9975000000000278,0,0,0,0,0,true,4.5,0,446,0,0,0,0,0,0,0,0,4.511249999999957,528,0,0,0,0,NA,0,0,0,
4460,0.5,timed-search,0.01,5,0,0,5,0.3,0.3,0.3,random,0,0,Randomly placed,0.9975000000000267,0,0,0,0,0,true,4.5,0,422,1,0,0,1,0,0,0,0,4.511249999999957,528,0,0,0,0,NA,0,0,0,
4459,0.5,timed-search,0.01,5,0,2,3,0.3,0.3,0.3,random,0,0,Randomly placed,0.9975000000000409,0,0,0,0,0,true,4.5,0,452,1,0,1,0,0,0,0,0,4.511249999999957,528,0,0,0,0,NA,0,0,0,
4463,0.5,timed-search,0.01,5,2,0,3,0.3,0.3,0.3,random,0,0,Randomly placed,0.9975000000000361,0,0,0,0,0,true,4.5,0,440,1,0,0,1,0,0,0,0,4.511249999999957,528,0,0,0,0,NA,0,0,0,
4446,0.5,timed-search,0.01,5,0,2,3,0.3,0.3,0.3,random,0,0,Randomly placed,0.9975000000000492,0,0,0,0,0,true,4.5,0,476,1,0,0,1,1,0,0,1,4.5156249999999565,529,0,0,1,0,NA,0.22145328719723398,0,0,
4458,0.5,timed-search,0.01,5,2,0,3,0.3,0.3,0.3,random,0,0,Randomly placed,0.9975000000000528,0,0,0,0,0,true,4.5,0,451,2,1,0,1,0,0,0,0,4.512499999999957,528,0,0,0,0,NA,0,0,0,
4465,0.5,timed-search,0.01,5,1,2,2,0.3,0.3,0.3,random,0,0,Randomly placed,0.9975000000000267,0,0,0,0,0,true,4.5,0,462,1,0,0,1,0,0,0,0,4.506249999999956,528,0,0,0,0,NA,0,0,0,
4456,0.5,timed-search,0.01,5,0,1,4,0.3,0.3,0.3,random,0,0,Randomly placed,0.9975000000000487,0,0,0,0,0,true,4.5,0,447,2,0,0,2,0,0,0,0,4.508124999999956,528,0,0,0,0,NA,0,0,0,
4466,0.5,timed-search,0.01,5,1,0,4,0.3,0.3,0.3,random,0,0,Randomly placed,0.9975000000000421,0,0,0,0,0,true,4.5,0,437,2,1,0,1,0,0,0,0,4.512499999999957,528,0,0,0,0,NA,0,0,0,
4462,0.5,timed-search,0.01,5,0,0,5,0.3,0.3,0.3,random,0,0,Randomly placed,0.9975000000000389,0,0,0,0,0,true,4.5,0,453,2,0,0,2,0,0,0,0,4.508124999999956,528,0,0,0,0,NA,0,0,0,
4461,0.5,timed-search,0.01,5,1,1,3,0.3,0.3,0.3,random,0,0,Randomly placed,0.9975000000000295,0,0,0,0,0,true,4.5,0,426,2,0,0,2,1,0,0,1,4.5249999999999675,531,1,0,0,0,NA,0.22099447513812315,0,0,
4467,0.5,timed-search,0.01,5,0,1,4,0.3,0.3,0.3,random,0,0,Randomly placed,0.9975000000000132,0,0,0,0,0,true,4.5,0,460,2,0,1,1,1,0,1,0,4.516249999999954,530,1,0,0,0,NA,0.2214226404649898,0,0,
4469,0.5,timed-search,0.01,5,0,0,5,0.3,0.3,0.3,random,0,0,Randomly placed,0.9975000000000332,0,0,0,0,0,true,4.5,0,440,0,0,0,0,0,0,0,0,4.508124999999956,528,0,0,0,0,NA,0,0,0,
4468,0.5,timed-search,0.01,5,1,0,4,0.3,0.3,0.3,random,0,0,Randomly placed,0.9975000000000651,0,0,0,0,0,true,4.5,0,459,0,0,0,0,0,0,0,0,4.511249999999957,528,0,0,0,0,NA,0,0,0,
4471,0.5,timed-search,0.01,5,0,0,5,0.3,0.3,0.3,random,0,0,Randomly placed,0.9975000000000139,0,0,0,0,0,true,4.5,0,445,3,0,0,3,1,0,0,1,4.5031249999999545,529,0,0,1,0,NA,0.22206800832755255,0,0,
4475,0.5,timed-search,0.01,5,1,1,3,0.3,0.3,0.3,random,0,0,Randomly placed,0.9975000000000438,0,0,0,0,0,true,4.5,0,462,0,0,0,0,0,0,0,0,4.508124999999955,528,0,0,0,0,NA,0,0,0,
4474,0.5,timed-search,0.01,5,2,0,3,0.3,0.3,0.3,random,0,0,Randomly placed,0.9975000000000339,0,0,0,0,0,true,4.5,0,458,1,1,0,0,0,0,0,0,4.508124999999955,528,0,0,0,0,NA,0,0,0,
4473,0.5,timed-search,0.01,5,0,2,3,0.3,0.3,0.3,random,0,0,Randomly placed,0.9975000000000666,0,0,0,0,0,true,4.5,0,438,1,0,1,0,0,0,0,0,4.511249999999957,528,0,0,0,0,NA,0,0,0,
4464,0.5,timed-search,0.01,5,1,0,4,0.3,0.3,0.3,random,0,0,Randomly placed,0.9975000000000128,0,0,0,0,0,true,4.5,0,467,1,0,0,1,0,0,0,0,4.508124999999955,528,0,0,0,0,NA,0,0,0,
4478,0.5,timed-search,0.01,5,0,1,4,0.3,0.3,0.3,random,0,0,Randomly placed,0.9975000000000445,0,0,0,0,0,true,4.5,0,427,2,0,0,2,0,0,0,0,4.511249999999957,528,0,0,0,0,NA,0,0,0,
4470,0.5,timed-search,0.01,5,0,2,3,0.3,0.3,0.3,random,0,0,Randomly placed,0.9975000000000472,0,0,0,0,0,true,4.5,0,454,0,0,0,0,0,0,0,0,4.512499999999957,528,0,0,0,0,NA,0,0,0,
4481,0.5,timed-search,0.01,5,1,1,3,0.3,0.3,0.3,random,0,0,Randomly placed,0.9975000000000234,0,0,0,0,0,true,4.5,0,440,1,0,0,1,0,0,0,0,4.508124999999955,528,0,0,0,0,NA,0,0,0,
4482,0.5,timed-search,0.01,5,1,1,3,0.3,0.3,0.3,random,0,0,Randomly placed,0.9975000000000204,0,0,0,0,0,true,4.5,0,445,1,0,0,1,0,0,0,0,4.508124999999955,528,0,0,0,0,NA,0,0,0,
4476,0.5,timed-search,0.01,5,0,1,4,0.3,0.3,0.3,random,0,0,Randomly placed,0.9975000000000636,0,0,0,0,0,true,4.5,0,452,1,0,0,1,0,0,0,0,4.511249999999957,528,0,0,0,0,NA,0,0,0,
4477,0.5,timed-search,0.01,5,0,1,4,0.3,0.3,0.3,random,0,0,Randomly placed,0.9975000000000385,0,0,0,0,0,true,4.5,0,423,1,0,0,1,0,0,0,0,4.511249999999957,528,0,0,0,0,NA,0,0,0,
4485,0.5,timed-search,0.01,5,0,1,4,0.3,0.3,0.3,random,0,0,Randomly placed,0.9975000000000644,0,0,0,0,0,true,4.5,0,441,2,0,0,2,2,0,0,2,4.506249999999958,529,0,1,1,0,NA,0.44382801664355476,0,0,
4480,0.5,timed-search,0.01,5,1,1,3,0.3,0.3,0.3,random,0,0,Randomly placed,0.997500000000044,0,0,0,0,0,true,4.5,0,444,2,0,0,2,0,0,0,0,4.508124999999955,528,0,0,0,0,NA,0,0,0,
4483,0.5,timed-search,0.01,5,0,0,5,0.3,0.3,0.3,random,0,0,Randomly placed,0.9975000000000124,0,0,0,0,0,true,4.5,0,443,1,0,0,1,1,0,0,1,4.506249999999956,528,1,0,0,0,NA,0.22191400832177746,0,0,
4487,0.5,timed-search,0.01,5,0,0,5,0.3,0.3,0.3,random,0,0,Randomly placed,0.9975000000000132,0,0,0,0,0,true,4.5,0,452,1,0,0,1,0,0,0,0,4.508124999999956,528,0,0,0,0,NA,0,0,0,
4479,0.5,timed-search,0.01,5,1,1,3,0.3,0.3,0.3,random,0,0,Randomly placed,0.9975000000000342,0,0,0,0,0,true,4.5,0,443,0,0,0,0,0,0,0,0,4.508124999999956,528,0,0,0,0,NA,0,0,0,
4472,0.5,timed-search,0.01,5,1,1,3,0.3,0.3,0.3,random,0,0,Randomly placed,0.9975000000000322,0,0,0,0,0,true,4.5,0,458,0,0,0,0,0,0,0,0,4.508124999999956,528,0,0,0,0,NA,0,0,0,
4489,0.5,timed-search,0.01,5,1,0,4,0.3,0.3,0.3,random,0,0,Randomly placed,0.9975000000000521,0,0,0,0,0,true,4.5,0,433,0,0,0,0,0,0,0,0,4.508124999999956,528,0,0,0,0,NA,0,0,0,
4488,0.5,timed-search,0.01,5,0,1,4,0.3,0.3,0.3,random,0,0,Randomly placed,0.9975000000000126,0,0,0,0,0,true,4.5,0,439,2,0,0,2,1,0,0,1,4.523124999999965,531,1,0,0,0,NA,0.2210860853945022,0,0,
4484,0.5,timed-search,0.01,5,0,0,5,0.3,0.3,0.3,random,0,0,Randomly placed,0.997500000000037,0,0,0,0,0,true,4.5,0,455,1,0,0,1,1,0,0,1,4.524999999999967,531,1,0,0,0,NA,0.22099447513812318,0,0,
4491,0.5,timed-search,0.01,5,0,1,4,0.3,0.3,0.3,random,0,0,Randomly placed,0.9975000000000194,0,0,0,0,0,true,4.5,0,446,0,0,0,0,0,0,0,0,4.508124999999955,528,0,0,0,0,NA,0,0,0,
4497,0.5,timed-search,0.01,5,0,1,4,0.3,0.3,0.3,random,0,0,Randomly placed,0.9975000000000441,0,0,0,0,0,true,4.5,0,422,1,0,1,0,0,0,0,0,4.511249999999957,528,0,0,0,0,NA,0,0,0,
4486,0.5,timed-search,0.01,5,1,1,3,0.3,0.3,0.3,random,0,0,Randomly placed,0.9975000000000613,0,0,0,0,0,true,4.5,0,410,0,0,0,0,0,0,0,0,4.508124999999955,528,0,0,0,0,NA,0,0,0,
4494,0.5,timed-search,0.01,5,1,0,4,0.3,0.3,0.3,random,0,0,Randomly placed,0.9975000000000123,0,0,0,0,0,true,4.5,0,451,0,0,0,0,0,0,0,0,4.511249999999957,528,0,0,0,0,NA,0,0,0,
4490,0.5,timed-search,0.01,5,0,2,3,0.3,0.3,0.3,random,0,0,Randomly placed,0.9975000000000287,0,0,0,0,0,true,4.5,0,452,1,0,0,1,1,0,0,1,4.511874999999956,529,0,1,0,0,NA,0.22163734589278508,0,0,
4496,0.5,timed-search,0.01,5,0,2,3,0.3,0.3,0.3,random,0,0,Randomly placed,0.9975000000000512,0,0,0,0,0,true,4.5,0,454,1,0,0,1,0,0,0,0,4.512499999999957,528,0,0,0,0,NA,0,0,0,
4498,0.5,timed-search,0.01,5,1,1,3,0.3,0.3,0.3,random,0,0,Randomly placed,0.9975000000000129,0,0,0,0,0,true,4.5,0,452,0,0,0,0,0,0,0,0,4.508124999999955,528,0,0,0,0,NA,0,0,0,
4495,0.5,timed-search,0.01,5,1,1,3,0.3,0.3,0.3,random,0,0,Randomly placed,0.9975000000000485,0,0,0,0,0,true,4.5,0,455,0,0,0,0,0,0,0,0,4.508124999999956,528,0,0,0,0,NA,0,0,0,
4500,0.5,timed-search,0.01,5,0,1,4,0.3,0.3,0.3,random,0,0,Randomly placed,0.9975000000000434,0,0,0,0,0,true,4.5,0,466,0,0,0,0,0,0,0,0,4.511249999999957,528,0,0,0,0,NA,0,0,0,
4505,0.5,timed-search,0.1,50,4,8,38,0.3,0.3,0.3,random,0,0,Randomly placed,0.974999999999984,0,0,0,0,0,true,4.5,0,419,12,0,3,9,2,0,0,2,4.523124999999976,532,0,1,1,0,NA,0.4421721707890033,0,0,
4493,0.5,timed-search,0.01,5,2,1,2,0.3,0.3,0.3,random,0,0,Randomly placed,0.9975000000000376,0,0,0,0,0,true,4.5,0,417,0,0,0,0,0,0,0,0,4.508124999999956,528,0,0,0,0,NA,0,0,0,
4502,0.5,timed-search,0.1,50,5,7,38,0.3,0.3,0.3,random,0,0,Randomly placed,0.9749999999999837,0,0,0,0,0,true,4.5,0,423,10,0,0,10,5,0,0,5,4.509374999999977,531,2,2,1,0,NA,1.1088011088011145,0,0,
4492,0.5,timed-search,0.01,5,1,1,3,0.3,0.3,0.3,random,0,0,Randomly placed,0.9975000000000148,0,0,0,0,0,true,4.5,0,435,1,0,0,1,0,0,0,0,4.511249999999957,528,0,0,0,0,NA,0,0,0,
4504,0.5,timed-search,0.1,50,4,3,43,0.3,0.3,0.3,random,0,0,Randomly placed,0.9749999999999811,0,0,0,0,0,true,4.5,0,414,12,1,1,10,5,0,1,4,4.503124999999963,531,3,2,0,0,NA,1.1103400416377607,0,0,
4501,0.5,timed-search,0.1,50,5,5,40,0.3,0.3,0.3,random,0,0,Randomly placed,0.9749999999999811,0,0,0,0,0,true,4.5,0,388,12,1,2,9,4,0,0,4,4.502499999999972,531,2,2,0,0,NA,0.8883953359244919,0,0,
4506,0.5,timed-search,0.1,50,4,9,37,0.3,0.3,0.3,random,0,0,Randomly placed,0.9749999999999827,0,0,0,0,0,true,4.5,0,432,11,0,0,11,3,0,0,3,4.523749999999978,533,0,1,2,0,NA,0.6631666206134323,0,0,
4509,0.5,timed-search,0.1,50,3,8,39,0.3,0.3,0.3,random,0,0,Randomly placed,1.0149999999999828,0,0,0,0,0,true,4.5,0,422,8,0,1,7,2,0,0,2,4.500624999999953,529,0,1,1,0,NA,0.44438272462158496,0,0,
4507,0.5,timed-search,0.1,50,2,10,38,0.3,0.3,0.3,random,0,0,Randomly placed,1.0149999999999848,0,0,0,0,0,true,4.5,0,409,10,1,2,7,4,0,1,3,4.501874999999988,531,0,3,1,0,NA,0.888518672775235,0,0,
4510,0.5,timed-search,0.1,50,2,9,39,0.3,0.3,0.3,random,0,0,Randomly placed,0.9749999999999849,0,0,0,0,0,true,4.5,0,436,9,0,0,9,1,0,0,1,4.502499999999957,527,0,1,0,0,NA,0.22209883398112373,0,0,
4503,0.5,timed-search,0.1,50,3,7,40,0.3,0.3,0.3,random,0,0,Randomly placed,1.0549999999999817,0,0,0,0,0,true,4.5,0,465,12,0,2,10,2,0,0,2,4.51124999999998,531,1,0,1,0,NA,0.44333610418398645,0,0,
4514,0.5,timed-search,0.1,50,4,6,40,0.3,0.3,0.3,random,0,0,Randomly placed,1.0149999999999826,0,0,0,0,0,true,4.5,0,426,8,0,0,8,4,0,0,4,4.502499999999961,532,0,2,2,0,NA,0.888395335924494,0,0,
4499,0.5,timed-search,0.01,5,0,0,5,0.3,0.3,0.3,random,0,0,Randomly placed,0.9975000000000124,0,0,0,0,0,true,4.5,0,414,1,0,0,1,0,0,0,0,4.511249999999957,528,0,0,0,0,NA,0,0,0,
4515,0.5,timed-search,0.1,50,3,6,41,0.3,0.3,0.3,random,0,0,Randomly placed,1.0149999999999826,0,0,0,0,0,true,4.5,0,434,13,0,0,13,5,0,0,5,4.513124999999987,534,0,2,3,0,NA,1.107879795042241,0,0,
4516,0.5,timed-search,0.1,50,4,3,43,0.3,0.3,0.3,random,0,0,Randomly placed,0.9749999999999821,0,0,0,0,0,true,4.5,0,442,11,0,1,10,4,0,1,3,4.512499999999961,532,1,1,2,0,NA,0.8864265927977916,0,0,
4519,0.5,timed-search,0.1,50,4,10,36,0.3,0.3,0.3,random,0,0,Randomly placed,0.9749999999999803,0,0,0,0,0,true,4.5,0,421,9,1,3,5,3,0,1,2,4.507499999999966,531,1,2,0,0,NA,0.6655574043261282,0,0,
4512,0.5,timed-search,0.1,50,4,8,38,0.3,0.3,0.3,random,0,0,Randomly placed,0.974999999999982,0,0,0,0,0,true,4.5,0,443,5,1,1,3,2,0,0,2,4.505624999999966,531,0,1,1,0,NA,0.4438895824663649,0,0,
4520,0.5,timed-search,0.1,50,7,8,35,0.3,0.3,0.3,random,0,0,Randomly placed,1.0149999999999826,0,0,0,0,0,true,4.5,0,447,9,3,0,6,2,0,0,2,4.514374999999965,532,1,1,0,0,NA,0.44302921223868547,0,0,
4508,0.5,timed-search,0.1,50,6,5,39,0.3,0.3,0.3,random,0,0,Randomly placed,0.9749999999999821,0,0,0,0,0,true,4.5,0,435,14,3,0,11,3,1,0,2,4.506249999999954,530,1,2,0,0,NA,0.6657420249653326,0,0,
4518,0.5,timed-search,0.1,50,2,13,35,0.3,0.3,0.3,random,0,0,Randomly placed,1.0149999999999837,0,0,0,0,0,true,4.5,0,431,9,1,2,6,3,1,0,2,4.508749999999964,532,1,0,2,0,NA,0.6653728860548986,0,0,
4513,0.5,timed-search,0.1,50,5,9,36,0.3,0.3,0.3,random,0,0,Randomly placed,0.9749999999999834,0,0,0,0,0,true,4.5,0,451,9,0,2,7,2,0,0,2,4.505624999999954,529,0,2,0,0,NA,0.443889582466366,0,0,
4517,0.5,timed-search,0.1,50,7,4,39,0.3,0.3,0.3,random,0,0,Randomly placed,0.9749999999999817,0,0,0,0,0,true,4.5,0,425,12,1,0,11,7,1,0,6,4.517499999999983,536,3,3,1,0,NA,1.5495296070835696,0,0,
4521,0.5,timed-search,0.1,50,5,6,39,0.3,0.3,0.3,random,0,0,Randomly placed,1.0149999999999855,0,0,0,0,0,true,4.5,0,414,9,2,1,6,2,0,1,1,4.517499999999958,531,0,1,1,0,NA,0.44272274488102237,0,0,
4523,0.5,timed-search,0.1,50,5,6,39,0.3,0.3,0.3,random,0,0,Randomly placed,0.9749999999999823,0,0,0,0,0,true,4.5,0,446,9,1,0,8,5,1,0,4,4.523124999999967,534,0,3,2,0,NA,1.1054304269725104,0,0,
4522,0.5,timed-search,0.1,50,4,7,39,0.3,0.3,0.3,random,0,0,Randomly placed,0.974999999999981,0,0,0,0,0,true,4.5,0,419,8,1,1,6,4,1,1,2,4.5081249999999615,531,0,1,3,0,NA,0.8872868431997858,0,0,
4511,0.5,timed-search,0.1,50,5,5,40,0.3,0.3,0.3,random,0,0,Randomly placed,1.0149999999999826,0,0,0,0,0,true,4.5,0,438,8,0,1,7,2,0,0,2,4.506249999999954,529,2,0,0,0,NA,0.44382801664355515,0,0,
4525,0.5,timed-search,0.1,50,5,4,41,0.3,0.3,0.3,random,0,0,Randomly placed,1.1749999999999812,0,0,0,0,0,true,4.5,0,417,9,1,1,7,2,0,0,2,4.504999999999953,530,0,1,1,0,NA,0.4439511653718137,0,0,
4527,0.5,timed-search,0.1,50,2,7,41,0.3,0.3,0.3,random,0,0,Randomly placed,0.9749999999999805,0,0,0,0,0,true,4.5,0,387,10,1,2,7,6,1,1,4,4.51062499999998,534,1,3,2,0,NA,1.330192600803664,0,0,
4524,0.5,timed-search,0.1,50,4,6,40,0.3,0.3,0.3,random,0,0,Randomly placed,0.9749999999999842,0,0,0,0,0,true,4.5,0,430,7,0,0,7,4,0,0,4,4.507499999999966,531,0,1,3,0,NA,0.8874098724348376,0,0,
4530,0.5,timed-search,0.1,50,4,10,36,0.3,0.3,0.3,random,0,0,Randomly placed,1.014999999999982,0,0,0,0,0,true,4.5,0,435,19,3,3,13,6,2,0,4,4.5068749999999715,533,4,2,0,0,NA,1.3312994036888173,0,0,
4528,0.5,timed-search,0.1,50,6,6,38,0.3,0.3,0.3,random,0,0,Randomly placed,0.9749999999999855,0,0,0,0,0,true,4.5,0,432,11,2,1,8,3,0,1,2,4.506874999999962,530,0,2,1,0,NA,0.6656497018444101,0,0,
4526,0.5,timed-search,0.1,50,5,3,42,0.3,0.3,0.3,random,0,0,Randomly placed,1.0149999999999846,0,0,0,0,0,true,4.5,0,431,11,1,0,10,5,1,0,4,4.516874999999983,535,1,3,1,0,NA,1.1069600110696043,0,0,
4529,0.5,timed-search,0.1,50,6,10,34,0.3,0.3,0.3,random,0,0,Randomly placed,0.9749999999999827,0,0,0,0,0,true,4.5,0,426,8,1,0,7,4,1,0,3,4.520624999999958,534,4,0,0,0,NA,0.8848334024609511,0,0,
4533,0.5,timed-search,0.1,50,2,7,41,0.3,0.3,0.3,random,0,0,Randomly placed,0.9749999999999843,0,0,0,0,0,true,4.5,0,436,12,1,0,11,5,0,0,5,4.508749999999972,533,1,3,1,0,NA,1.1089548100914957,0,0,
4535,0.5,timed-search,0.1,50,6,7,37,0.3,0.3,0.3,random,0,0,Randomly placed,1.0149999999999832,0,0,0,0,0,true,4.5,0,421,11,1,3,7,5,0,0,5,4.5137499999999795,533,4,1,0,0,NA,1.1077263915812845,0,0,
4536,0.5,timed-search,0.1,50,7,8,35,0.3,0.3,0.3,random,0,0,Randomly placed,0.9749999999999855,0,0,0,0,0,true,4.5,0,395,14,2,1,11,6,2,0,4,4.509999999999982,534,2,1,3,0,NA,1.330376940133043,0,0,
4531,0.5,timed-search,0.1,50,7,10,33,0.3,0.3,0.3,random,0,0,Randomly placed,0.9749999999999829,0,0,0,0,0,true,4.5,0,446,13,1,2,10,5,0,1,4,4.508124999999969,531,1,0,4,0,NA,1.1091085539997305,0,0,
4534,0.5,timed-search,0.1,50,1,12,37,0.3,0.3,0.3,random,0,0,Randomly placed,1.0149999999999826,0,0,0,0,0,true,4.5,0,438,12,0,3,9,5,0,1,4,4.504999999999982,533,4,0,1,0,NA,1.1098779134295271,0,0,
4540,0.5,timed-search,0.1,50,7,5,38,0.3,0.3,0.3,random,0,0,Randomly placed,1.054999999999981,0,0,0,0,0,true,4.5,0,418,11,2,0,9,5,1,0,4,4.5093749999999835,533,3,1,1,0,NA,1.108801108801113,0,0,
4537,0.5,timed-search,0.1,50,4,6,40,0.3,0.3,0.3,random,0,0,Randomly placed,1.0949999999999833,0,0,0,0,0,true,4.5,0,453,13,2,2,9,4,0,1,3,4.520624999999979,532,1,3,0,0,NA,0.8848334024609471,0,0,
4539,0.5,timed-search,0.1,50,3,14,33,0.3,0.3,0.3,random,0,0,Randomly placed,0.9749999999999818,0,0,0,0,0,true,4.5,0,447,13,1,2,10,4,0,0,4,4.518124999999966,532,1,0,3,0,NA,0.8853230045649535,0,0,
4532,0.5,timed-search,0.1,50,5,9,36,0.3,0.3,0.3,random,0,0,Randomly placed,0.9749999999999838,0,0,0,0,0,true,4.5,0,412,8,2,0,6,2,0,0,2,4.50187499999995,530,0,0,2,0,NA,0.44425933638762116,0,0,
4543,0.5,timed-search,0.1,50,3,9,38,0.3,0.3,0.3,random,0,0,Randomly placed,0.974999999999985,0,0,0,0,0,true,4.5,0,414,15,2,1,12,5,1,0,4,4.508124999999987,534,0,3,2,0,NA,1.1091085539997259,0,0,
4538,0.5,timed-search,0.1,50,6,7,37,0.3,0.3,0.3,random,0,0,Randomly placed,1.014999999999982,0,0,0,0,0,true,4.5,0,439,11,1,2,8,1,0,0,1,4.508749999999954,529,0,1,0,0,NA,0.22179096201830004,0,0,
4542,0.5,timed-search,0.1,50,5,8,37,0.3,0.3,0.3,random,0,0,Randomly placed,0.9749999999999842,0,0,0,0,0,true,4.5,0,447,8,1,2,5,3,0,1,2,4.504999999999975,531,0,3,0,0,NA,0.6659267480577173,0,0,
4548,0.5,timed-search,0.1,50,5,6,39,0.3,0.3,0.3,random,0,0,Randomly placed,1.0149999999999832,0,0,0,0,0,true,4.5,0,447,6,0,0,6,4,0,0,4,4.517499999999972,534,1,3,0,0,NA,0.8854454897620421,0,0,
4541,0.5,timed-search,0.1,50,10,7,33,0.3,0.3,0.3,random,0,0,Randomly placed,0.9749999999999829,0,0,0,0,0,true,4.5,0,444,13,1,2,10,4,0,1,3,4.515624999999977,533,1,2,1,0,NA,0.8858131487889319,0,0,
4547,0.5,timed-search,0.1,50,3,11,36,0.3,0.3,0.3,random,0,0,Randomly placed,0.9749999999999817,0,0,0,0,0,true,4.5,0,397,13,1,4,8,7,0,2,5,4.502499999999988,536,2,0,5,0,NA,1.5546918378678554,0,0,
4544,0.5,timed-search,0.1,50,5,7,38,0.3,0.3,0.3,random,0,0,Randomly placed,1.0549999999999848,0,0,0,0,0,true,4.5,0,421,9,1,1,7,3,0,0,3,4.500624999999976,530,2,0,1,0,NA,0.666574086932374,0,0,
4546,0.5,timed-search,0.1,50,4,9,37,0.3,0.3,0.3,random,0,0,Randomly placed,0.9749999999999842,0,0,0,0,0,true,4.5,0,413,6,0,3,3,5,0,2,3,4.513749999999964,532,3,1,1,0,NA,1.107726391581288,0,0,
4545,0.5,timed-search,0.1,50,7,7,36,0.3,0.3,0.3,random,0,0,Randomly placed,1.014999999999983,0,0,0,0,0,true,4.5,0,430,13,0,1,12,5,0,0,5,4.518124999999977,534,2,1,2,0,NA,1.106653755706189,0,0,
4550,0.5,timed-search,0.1,50,3,10,37,0.3,0.3,0.3,random,0,0,Randomly placed,0.9749999999999845,0,0,0,0,0,true,4.5,0,432,12,0,2,10,1,0,1,0,4.515624999999954,530,1,0,0,0,NA,0.2214532871972341,0,0,
4549,0.5,timed-search,0.1,50,11,7,32,0.3,0.3,0.3,random,0,0,Randomly placed,1.014999999999984,0,0,0,0,0,true,4.5,0,416,14,2,1,11,5,0,1,4,4.523124999999981,535,2,1,2,0,NA,1.105430426972507,0,0,
4557,0.5,timed-search,0.1,50,6,6,38,0.3,0.3,0.3,random,0,0,Randomly placed,1.014999999999982,0,0,0,0,0,true,4.5,0,423,9,2,0,7,6,2,0,4,4.503749999999976,533,2,1,3,0,NA,1.3322231473771928,0,0,
4554,0.5,timed-search,0.1,50,5,9,36,0.3,0.3,0.3,random,0,0,Randomly placed,0.9749999999999825,0,0,0,0,0,true,4.5,0,425,11,1,1,9,4,0,0,4,4.519374999999968,533,2,2,0,0,NA,0.8850781358041827,0,0,
4559,0.5,timed-search,0.1,50,4,8,38,0.3,0.3,0.3,random,0,0,Randomly placed,1.014999999999986,0,0,0,0,0,true,4.5,0,404,10,0,2,8,2,0,0,2,4.500624999999967,529,0,1,1,0,NA,0.4443827246215836,0,0,
4552,0.5,timed-search,0.1,50,6,8,36,0.3,0.3,0.3,random,0,0,Randomly placed,1.0149999999999848,0,0,0,0,0,true,4.5,0,435,13,3,1,9,4,1,0,3,4.501249999999978,531,0,1,3,0,NA,0.8886420438767052,0,0,
4558,0.5,timed-search,0.1,50,5,5,40,0.3,0.3,0.3,random,0,0,Randomly placed,0.9749999999999811,0,0,0,0,0,true,4.5,0,416,14,2,2,10,8,1,2,5,4.504999999999985,535,3,2,3,0,NA,1.7758046614872425,0,0,
4551,0.5,timed-search,0.1,50,5,10,35,0.3,0.3,0.3,random,0,0,Randomly placed,1.0149999999999832,0,0,0,0,0,true,4.5,0,428,12,0,2,10,4,0,1,3,4.5118749999999626,533,2,2,0,0,NA,0.8865493835711391,0,0,
4556,0.5,timed-search,0.1,50,3,2,45,0.3,0.3,0.3,random,0,0,Randomly placed,0.9749999999999833,0,0,0,0,0,true,4.5,0,429,13,0,0,13,5,0,0,5,4.504999999999966,531,1,3,1,0,NA,1.1098779134295311,0,0,
4555,0.5,timed-search,0.1,50,4,9,37,0.3,0.3,0.3,random,0,0,Randomly placed,1.0149999999999844,0,0,0,0,0,true,4.5,0,427,6,2,1,3,3,1,1,1,4.502499999999956,531,3,0,0,0,NA,0.6662965019433713,0,0,
4568,0.5,timed-search,0.1,50,6,11,33,0.3,0.3,0.3,random,0,0,Randomly placed,0.9749999999999833,0,0,0,0,0,true,4.5,0,424,7,0,2,5,1,0,0,1,4.519999999999964,530,0,0,1,0,NA,0.2212389380530991,0,0,
4565,0.5,timed-search,0.1,50,6,8,36,0.3,0.3,0.3,random,0,0,Randomly placed,1.0549999999999804,0,0,0,0,0,true,4.5,0,448,9,2,1,6,4,1,0,3,4.5187499999999545,532,1,3,0,0,NA,0.8852005532503547,0,0,
4553,0.5,timed-search,0.1,50,3,10,37,0.3,0.3,0.3,random,0,0,Randomly placed,1.0549999999999868,0,0,0,0,0,true,4.5,0,421,5,0,1,4,3,0,1,2,4.506874999999971,531,2,1,0,0,NA,0.6656497018444087,0,0,
4562,0.5,timed-search,0.1,50,3,11,36,0.3,0.3,0.3,random,0,0,Randomly placed,1.0149999999999824,0,0,0,0,0,true,4.5,0,436,7,1,4,2,3,1,2,0,4.5168749999999545,531,1,1,1,0,NA,0.6641760066417668,0,0,
4561,0.5,timed-search,0.1,50,10,5,35,0.3,0.3,0.3,random,0,0,Randomly placed,0.9749999999999822,0,0,0,0,0,true,4.5,0,437,8,1,0,7,4,1,0,3,4.504999999999986,533,2,0,2,0,NA,0.887902330743621,0,0,
4569,0.5,timed-search,0.1,50,7,8,35,0.3,0.3,0.3,random,0,0,Randomly placed,1.0149999999999808,0,0,0,0,0,true,4.5,0,449,10,1,4,5,2,0,0,2,4.5249999999999595,532,0,1,1,0,NA,0.4419889502762471,0,0,
4566,0.5,timed-search,0.1,50,4,7,39,0.3,0.3,0.3,random,0,0,Randomly placed,1.0949999999999827,0,0,0,0,0,true,4.5,0,427,11,0,2,9,6,0,1,5,4.517499999999976,534,3,1,2,0,NA,1.3281682346430619,0,0,
4570,0.5,timed-search,0.1,50,3,8,39,0.3,0.3,0.3,random,0,0,Randomly placed,1.0149999999999813,0,0,0,0,0,true,4.5,0,427,8,1,0,7,2,0,0,2,4.500624999999976,530,1,1,0,0,NA,0.4443827246215827,0,0,
4571,0.5,timed-search,0.1,50,1,5,44,0.3,0.3,0.3,random,0,0,Randomly placed,1.0149999999999824,0,0,0,0,0,true,4.5,0,447,10,0,1,9,0,0,0,0,4.511249999999957,528,0,0,0,0,NA,0,0,0,
4574,0.5,timed-search,0.1,50,5,7,38,0.3,0.3,0.3,random,0,0,Randomly placed,0.97499999999998,0,0,0,0,0,true,4.5,0,352,10,0,0,10,8,0,0,8,4.501249999999987,536,5,2,1,0,NA,1.7772840877534068,0,0,
4575,0.5,timed-search,0.1,50,3,7,40,0.3,0.3,0.3,random,0,0,Randomly placed,0.9749999999999825,0,0,0,0,0,true,4.5,0,406,11,0,2,9,6,0,1,5,4.522499999999968,535,2,2,2,0,NA,1.32669983416253,0,0,
4564,0.5,timed-search,0.1,50,7,6,37,0.3,0.3,0.3,random,0,0,Randomly placed,0.9749999999999831,0,0,0,0,0,true,4.5,0,448,11,2,1,8,3,1,0,2,4.511874999999964,531,2,1,0,0,NA,0.664912037678354,0,0,
4577,0.5,timed-search,0.1,50,5,8,37,0.3,0.3,0.3,random,0,0,Randomly placed,0.9749999999999811,0,0,0,0,0,true,4.5,0,437,11,1,1,9,3,1,0,2,4.519374999999968,533,1,2,0,0,NA,0.6638086018531371,0,0,
4560,0.5,timed-search,0.1,50,9,9,32,0.3,0.3,0.3,random,0,0,Randomly placed,0.9749999999999853,0,0,0,0,0,true,4.5,0,366,6,0,2,4,2,0,0,2,4.514999999999954,532,0,1,1,0,NA,0.4429678848283544,0,0,
4580,0.5,timed-search,0.1,50,5,8,37,0.3,0.3,0.3,random,0,0,Randomly placed,0.9749999999999833,0,0,0,0,0,true,4.5,0,457,11,1,1,9,2,1,0,1,4.521249999999978,532,1,1,0,0,NA,0.4423555432679037,0,0,
4563,0.5,timed-search,0.1,50,2,9,39,0.3,0.3,0.3,random,0,0,Randomly placed,0.9749999999999827,0,0,0,0,0,true,4.5,0,446,14,0,1,13,4,0,0,4,4.512499999999962,532,1,3,0,0,NA,0.8864265927977913,0,0,
4578,0.5,timed-search,0.1,50,3,9,38,0.3,0.3,0.3,random,0,0,Randomly placed,0.9749999999999851,0,0,0,0,0,true,4.5,0,461,11,0,2,9,3,0,1,2,4.506874999999959,531,1,0,2,0,NA,0.6656497018444104,0,0,
4583,0.5,timed-search,0.1,50,6,10,34,0.3,0.3,0.3,random,0,0,Randomly placed,0.9749999999999821,0,0,0,0,0,true,4.5,0,421,8,1,0,7,6,1,0,5,4.518749999999952,534,3,2,1,0,NA,1.3278008298755328,0,0,
4576,0.5,timed-search,0.1,50,0,8,42,0.3,0.3,0.3,random,0,0,Randomly placed,0.974999999999982,0,0,0,0,0,true,4.5,0,425,10,0,1,9,4,0,1,3,4.5199999999999765,534,0,2,2,0,NA,0.884955752212394,0,0,
4573,0.5,timed-search,0.1,50,8,7,35,0.3,0.3,0.3,random,0,0,Randomly placed,0.9749999999999834,0,0,0,0,0,true,4.5,0,394,14,3,0,11,5,1,0,4,4.5124999999999655,533,1,1,3,0,NA,1.1080332409972384,0,0,
4581,0.5,timed-search,0.1,50,7,5,38,0.3,0.3,0.3,random,0,0,Randomly placed,1.014999999999983,0,0,0,0,0,true,4.5,0,392,13,4,0,9,6,1,0,5,4.518124999999982,537,3,1,2,0,NA,1.3279845068474254,0,0,
4584,0.5,timed-search,0.1,50,6,5,39,0.3,0.3,0.3,random,0,0,Randomly placed,0.974999999999982,0,0,0,0,0,true,4.5,0,438,11,1,1,9,4,0,1,3,4.51499999999997,531,0,2,2,0,NA,0.8859357696567057,0,0,
4567,0.5,timed-search,0.1,50,3,6,41,0.3,0.3,0.3,random,0,0,Randomly placed,1.0549999999999833,0,0,0,0,0,true,4.5,0,447,14,1,2,11,3,1,0,2,4.5143749999999665,531,1,1,1,0,NA,0.6645438183580279,0,0,
4582,0.5,timed-search,0.1,50,6,9,35,0.3,0.3,0.3,random,0,0,Randomly placed,1.0149999999999844,0,0,0,0,0,true,4.5,0,408,17,1,4,12,8,0,3,5,4.516249999999989,534,2,3,3,0,NA,1.7713811237199049,0,0,
4585,0.5,timed-search,0.1,50,3,7,40,0.3,0.3,0.3,random,0,0,Randomly placed,1.0549999999999813,0,0,0,0,0,true,4.5,0,429,10,0,2,8,2,0,0,2,4.509999999999973,530,1,0,1,0,NA,0.4434589800443485,0,0,
4572,0.5,timed-search,0.1,50,3,8,39,0.3,0.3,0.3,random,0,0,Randomly placed,1.0149999999999826,0,0,0,0,0,true,4.5,0,433,9,0,1,8,3,0,1,2,4.516249999999972,531,0,2,1,0,NA,0.6642679213949668,0,0,
4586,0.5,timed-search,0.1,50,4,9,37,0.3,0.3,0.3,random,0,0,Randomly placed,0.9749999999999825,0,0,0,0,0,true,4.5,0,393,10,0,2,8,4,0,1,3,4.511249999999963,532,3,0,1,0,NA,0.8866722083679762,0,0,
4588,0.5,timed-search,0.1,50,3,7,40,0.3,0.3,0.3,random,0,0,Randomly placed,1.0149999999999826,0,0,0,0,0,true,4.5,0,412,17,1,2,14,4,1,1,2,4.50062499999997,532,2,0,2,0,NA,0.8887654492431666,0,0,
4589,0.5,timed-search,0.1,50,6,7,37,0.3,0.3,0.3,random,0,0,Randomly placed,0.9749999999999834,0,0,0,0,0,true,4.5,0,435,12,1,0,11,3,1,0,2,4.51187499999996,531,2,1,0,0,NA,0.6649120376783547,0,0,
4587,0.5,timed-search,0.1,50,6,3,41,0.3,0.3,0.3,random,0,0,Randomly placed,0.9749999999999845,0,0,0,0,0,true,4.5,0,420,12,2,0,10,4,1,0,3,4.520624999999979,534,0,3,1,0,NA,0.8848334024609471,0,0,
4592,0.5,timed-search,0.1,50,6,9,35,0.3,0.3,0.3,random,0,0,Randomly placed,1.0149999999999815,0,0,0,0,0,true,4.5,0,447,13,2,2,9,2,0,1,1,4.518749999999954,531,1,1,0,0,NA,0.4426002766251774,0,0,
4579,0.5,timed-search,0.1,50,3,7,40,0.3,0.3,0.3,random,0,0,Randomly placed,0.9749999999999838,0,0,0,0,0,true,4.5,0,426,11,0,2,9,4,0,1,3,4.504999999999959,532,2,0,2,0,NA,0.8879023307436262,0,0,
4599,0.5,timed-search,0.1,50,4,7,39,0.3,0.3,0.3,random,0,0,Randomly placed,0.974999999999982,0,0,0,0,0,true,4.5,0,422,12,0,3,9,5,0,1,4,4.500624999999984,532,1,2,2,0,NA,1.1109568115539548,0,0,
4594,0.5,timed-search,0.1,50,6,4,40,0.3,0.3,0.3,random,0,0,Randomly placed,1.014999999999984,0,0,0,0,0,true,4.5,0,397,11,2,0,9,3,1,0,2,4.50312499999997,531,1,0,2,0,NA,0.6662040249826554,0,0,
4597,0.5,timed-search,0.1,50,4,8,38,0.3,0.3,0.3,random,0,0,Randomly placed,1.0149999999999817,0,0,0,0,0,true,4.5,0,401,8,2,0,6,2,1,0,1,4.516874999999974,531,1,0,1,0,NA,0.4427840044278426,0,0,
4593,0.5,timed-search,0.1,50,9,5,36,0.3,0.3,0.3,random,0,0,Randomly placed,0.9749999999999837,0,0,0,0,0,true,4.5,0,425,10,1,0,9,1,0,0,1,4.510624999999953,530,0,1,0,0,NA,0.22169876680061198,0,0,
4590,0.5,timed-search,0.1,50,4,8,38,0.3,0.3,0.3,random,0,0,Randomly placed,1.014999999999982,0,0,0,0,0,true,4.5,0,412,14,3,2,9,5,1,0,4,4.503124999999979,532,0,3,2,0,NA,1.1103400416377567,0,0,
4601,0.5,timed-search,1,500,43,84,373,0.3,0.3,0.3,random,0,0,Randomly placed,0.962,0,0,0,0,0,true,4.5,0,392,89,7,16,66,38,0,5,33,4.50062499999998,535,14,12,12,0,NA,8.443271767810064,0,0,
4600,0.5,timed-search,0.1,50,3,10,37,0.3,0.3,0.3,random,0,0,Randomly placed,0.9749999999999827,0,0,0,0,0,true,4.5,0,437,12,1,2,9,2,0,0,2,4.5024999999999515,530,0,1,1,0,NA,0.44419766796224797,0,0,
4591,0.5,timed-search,0.1,50,4,5,41,0.3,0.3,0.3,random,0,0,Randomly placed,1.0149999999999837,0,0,0,0,0,true,4.5,0,405,11,2,1,8,4,1,0,3,4.507499999999969,532,3,1,0,0,NA,0.8874098724348369,0,0,
4602,0.5,timed-search,1,500,58,66,376,0.3,0.3,0.3,random,0,0,Randomly placed,1.01,0,0,0,0,0,true,4.5,0,401,103,16,15,72,38,9,5,24,4.520624999999972,537,8,11,19,0,NA,8.40591732337901,0,0,
4598,0.5,timed-search,0.1,50,2,4,44,0.3,0.3,0.3,random,0,0,Randomly placed,0.9749999999999838,0,0,0,0,0,true,4.5,0,432,8,0,0,8,3,0,0,3,4.500624999999969,530,1,2,0,0,NA,0.6665740869323751,0,0,
4596,0.5,timed-search,0.1,50,7,8,35,0.3,0.3,0.3,random,0,0,Randomly placed,0.9749999999999834,0,0,0,0,0,true,4.5,0,439,12,1,2,9,3,0,0,3,4.5018749999999645,531,1,0,2,0,NA,0.6663890045814297,0,0,
4603,0.5,timed-search,1,500,51,85,364,0.3,0.3,0.3,random,0,0,Randomly placed,1.03,0,0,0,0,0,true,4.5,0,396,99,12,18,69,36,4,8,24,4.52124999999999,538,12,8,16,0,NA,7.962399778822245,0,0,
4595,0.5,timed-search,0.1,50,5,12,33,0.3,0.3,0.3,random,0,0,Randomly placed,0.9749999999999821,0,0,0,0,0,true,4.5,0,442,7,1,2,4,2,0,0,2,4.501874999999969,529,1,0,1,0,NA,0.44425933638761933,0,0,
4604,0.5,timed-search,1,500,42,81,377,0.3,0.3,0.3,random,0,0,Randomly placed,0.958,0,0,0,0,0,true,4.5,0,396,98,6,11,81,40,2,3,35,4.517499999999981,538,12,13,15,0,NA,8.854454897620402,0,0,
4608,0.5,timed-search,1,500,55,79,366,0.3,0.3,0.3,random,0,0,Randomly placed,1.014,0,0,0,0,0,true,4.5,0,394,104,14,13,77,48,7,5,36,4.503749999999982,536,15,14,19,0,NA,10.657785179017527,0,0,
4607,0.5,timed-search,1,500,53,89,358,0.3,0.3,0.3,random,0,0,Randomly placed,0.954,0,0,0,0,0,true,4.5,0,406,110,13,22,75,32,3,8,21,4.509999999999985,537,15,9,8,0,NA,7.095343680709559,0,0,
4606,0.5,timed-search,1,500,55,63,382,0.3,0.3,0.3,random,0,0,Randomly placed,1.066,0,0,0,0,0,true,4.5,0,398,97,10,15,72,30,5,0,25,4.521249999999977,537,8,12,10,0,NA,6.635333149018558,0,0,
4612,0.5,timed-search,1,500,45,71,384,0.3,0.3,0.3,random,0,0,Randomly placed,1.054,0,0,0,0,0,true,4.5,0,373,68,5,8,55,29,2,1,26,4.5237499999999775,538,9,13,7,0,NA,6.4106106659298465,0,0,
4605,0.5,timed-search,1,500,51,77,372,0.3,0.3,0.3,random,0,0,Randomly placed,0.994,0,0,0,0,0,true,4.5,0,405,104,13,17,74,39,5,6,28,4.52437499999998,538,12,15,12,0,NA,8.61997513468715,0,0,
4613,0.5,timed-search,1,500,65,73,362,0.3,0.3,0.3,random,0,0,Randomly placed,1.026,0,0,0,0,0,true,4.5,0,396,118,16,15,87,45,8,8,29,4.5056249999999824,536,14,15,16,0,NA,9.987515605493172,0,0,
4610,0.5,timed-search,1,500,55,71,374,0.3,0.3,0.3,random,0,0,Randomly placed,1.002,0,0,0,0,0,true,4.5,0,410,88,9,9,70,31,4,5,22,4.504999999999983,536,6,19,6,0,NA,6.881243063263067,0,0,
4609,0.5,timed-search,1,500,55,61,384,0.3,0.3,0.3,random,0,0,Randomly placed,1.038,0,0,0,0,0,true,4.5,0,379,119,10,12,97,50,4,3,43,4.507499999999988,537,12,18,20,0,NA,11.092623405435415,0,0,
4614,0.5,timed-search,1,500,44,52,404,0.3,0.3,0.3,random,0,0,Randomly placed,0.958,0,0,0,0,0,true,4.5,0,426,117,12,14,91,39,4,5,30,4.518124999999979,537,14,12,13,0,NA,8.63189929450827,0,0,
4615,0.5,timed-search,1,500,59,81,360,0.3,0.3,0.3,random,0,0,Randomly placed,0.966,0,0,0,0,0,true,4.5,0,413,112,12,12,88,39,6,3,30,4.5093749999999835,537,12,12,15,0,NA,8.648648648648681,0,0,
4611,0.5,timed-search,1,500,49,70,381,0.3,0.3,0.3,random,0,0,Randomly placed,0.958,0,0,0,0,0,true,4.5,0,405,86,5,14,67,39,1,7,31,4.518749999999981,538,15,14,10,0,NA,8.630705394190908,0,0,
4618,0.5,timed-search,1,500,49,72,379,0.3,0.3,0.3,random,0,0,Randomly placed,1.038,0,0,0,0,0,true,4.5,0,404,110,8,24,78,52,5,10,37,4.515624999999988,539,15,18,19,0,NA,11.515570934256088,0,0,
4623,0.5,timed-search,1,500,49,73,378,0.3,0.3,0.3,random,0,0,Randomly placed,0.998,0,0,0,0,0,true,4.5,0,377,92,8,16,68,37,2,9,26,4.516874999999975,538,15,10,12,0,NA,8.191504081915086,0,0,
4619,0.5,timed-search,1,500,39,85,376,0.3,0.3,0.3,random,0,0,Randomly placed,0.942,0,0,0,0,0,true,4.5,0,389,101,5,24,72,45,1,11,33,4.519999999999992,538,16,13,16,0,NA,9.955752212389399,0,0,
4620,0.5,timed-search,1,500,53,69,378,0.3,0.3,0.3,random,0,0,Randomly placed,0.982,0,0,0,0,0,true,4.5,0,404,103,16,15,72,42,8,5,29,4.506249999999983,536,14,13,15,0,NA,9.320388349514598,0,0,
4621,0.5,timed-search,1,500,58,61,381,0.3,0.3,0.3,random,0,0,Randomly placed,1.002,0,0,0,0,0,true,4.5,0,402,96,6,7,83,33,0,1,32,4.521874999999983,538,11,9,13,0,NA,7.297857636489316,0,0,
4622,0.5,timed-search,1,500,48,71,381,0.3,0.3,0.3,random,0,0,Randomly placed,0.994,0,0,0,0,0,true,4.5,0,375,106,8,15,83,31,1,6,24,4.51937499999998,537,8,9,14,0,NA,6.859355552482398,0,0,
4624,0.5,timed-search,1,500,63,59,378,0.3,0.3,0.3,random,0,0,Randomly placed,0.994,0,0,0,0,0,true,4.5,0,425,105,17,8,80,33,7,2,24,4.502499999999982,536,12,12,9,0,NA,7.329261521377043,0,0,
4617,0.5,timed-search,1,500,45,93,362,0.3,0.3,0.3,random,0,0,Randomly placed,1.078,0,0,0,0,0,true,4.5,0,397,87,10,20,57,28,6,5,17,4.511874999999977,536,6,14,8,0,NA,6.205845684997954,0,0,
4628,0.5,timed-search,1,500,55,67,378,0.3,0.3,0.3,random,0,0,Randomly placed,1.026,0,0,0,0,0,true,4.5,0,402,107,11,12,84,45,5,6,34,4.521874999999984,538,20,11,14,0,NA,9.951624049758156,0,0,
4616,0.5,timed-search,1,500,43,69,388,0.3,0.3,0.3,random,0,0,Randomly placed,0.994,0,0,0,0,0,true,4.5,0,406,99,6,8,85,35,4,2,29,4.515624999999975,536,14,9,12,0,NA,7.7508650519031566,0,0,
4632,0.5,timed-search,1,500,48,88,364,0.3,0.3,0.3,random,0,0,Randomly placed,0.974,0,0,0,0,0,true,4.5,0,416,107,10,22,75,39,4,6,29,4.5093749999999835,537,14,9,16,0,NA,8.648648648648681,0,0,
4633,0.5,timed-search,1,500,47,68,385,0.3,0.3,0.3,random,0,0,Randomly placed,0.982,0,0,0,0,0,true,4.5,0,382,73,5,13,55,32,1,7,24,4.516874999999973,536,10,10,12,0,NA,7.0845440708454825,0,0,
4627,0.5,timed-search,1,500,49,80,371,0.3,0.3,0.3,random,0,0,Randomly placed,0.986,0,0,0,0,0,true,4.5,0,408,107,7,19,81,42,2,3,37,4.5156249999999805,537,18,13,11,0,NA,9.301038062283776,0,0,
4629,0.5,timed-search,1,500,57,71,372,0.3,0.3,0.3,random,0,0,Randomly placed,1.002,0,0,0,0,0,true,4.5,0,407,111,9,19,83,41,3,5,33,4.52312499999999,539,8,12,21,0,NA,9.06452950117454,0,0,
4625,0.5,timed-search,1,500,50,73,377,0.3,0.3,0.3,random,0,0,Randomly placed,0.962,0,0,0,0,0,true,4.5,0,404,105,13,17,75,37,5,6,26,4.524999999999989,539,15,13,9,0,NA,8.176795580110518,0,0,
4635,0.5,timed-search,1,500,52,66,382,0.3,0.3,0.3,random,0,0,Randomly placed,0.954,0,0,0,0,0,true,4.5,0,383,107,11,15,81,53,8,8,37,4.520624999999977,537,14,15,24,0,NA,11.724042582607554,0,0,
4636,0.5,timed-search,1,500,43,73,384,0.3,0.3,0.3,random,0,0,Randomly placed,1.002,0,0,0,0,0,true,4.5,0,369,106,8,15,83,46,4,4,38,4.524374999999978,538,15,16,15,0,NA,10.167150158861771,0,0,
4630,0.5,timed-search,1,500,59,71,370,0.3,0.3,0.3,random,0,0,Randomly placed,0.994,0,0,0,0,0,true,4.5,0,388,94,8,16,70,44,4,6,34,4.503749999999986,536,16,10,18,0,NA,9.769636414099391,0,0,
4626,0.5,timed-search,1,500,46,89,365,0.3,0.3,0.3,random,0,0,Randomly placed,0.942,0,0,0,0,0,true,4.5,0,423,106,6,14,86,36,1,3,32,4.515624999999977,537,7,13,16,0,NA,7.9723183391003865,0,0,
4639,0.5,timed-search,1,500,61,83,356,0.3,0.3,0.3,random,0,0,Randomly placed,1.046,0,0,0,0,0,true,4.5,0,415,112,15,23,74,44,6,8,30,4.515624999999981,537,11,22,11,0,NA,9.743944636678242,0,0,
4641,0.5,timed-search,1,500,60,65,375,0.3,0.3,0.3,random,0,0,Randomly placed,0.978,0,0,0,0,0,true,4.5,0,390,104,13,7,84,44,5,2,37,4.521249999999977,538,12,17,15,0,NA,9.731821951893885,0,0,
4638,0.5,timed-search,1,500,46,83,371,0.3,0.3,0.3,random,0,0,Randomly placed,1.026,0,0,0,0,0,true,4.5,0,407,89,6,9,74,35,2,4,29,4.514999999999976,536,11,8,16,0,NA,7.751937984496165,0,0,
4637,0.5,timed-search,1,500,52,65,383,0.3,0.3,0.3,random,0,0,Randomly placed,0.962,0,0,0,0,0,true,4.5,0,416,103,13,13,77,40,8,3,29,4.51687499999997,537,12,10,18,0,NA,8.85568008855686,0,0,
4631,0.5,timed-search,1,500,53,90,357,0.3,0.3,0.3,random,0,0,Randomly placed,0.982,0,0,0,0,0,true,4.5,0,395,106,13,16,77,47,5,9,33,4.516249999999976,537,14,13,20,0,NA,10.406864101854469,0,0,
4642,0.5,timed-search,1,500,45,97,358,0.3,0.3,0.3,random,0,0,Randomly placed,1.002,0,0,0,0,0,true,4.5,0,404,116,7,28,81,36,2,8,26,4.519374999999984,537,11,12,13,0,NA,7.965703222237616,0,0,
4648,0.5,timed-search,1,500,47,60,393,0.3,0.3,0.3,random,0,0,Randomly placed,1.002,0,0,0,0,0,true,4.5,0,372,98,10,13,75,41,6,6,29,4.518124999999979,537,20,13,8,0,NA,9.074560796790745,0,0,
4645,0.5,timed-search,1,500,53,61,386,0.3,0.3,0.3,random,0,0,Randomly placed,0.982,0,0,0,0,0,true,4.5,0,423,116,12,8,96,48,8,4,36,4.522499999999988,538,8,20,20,0,NA,10.613598673300192,0,0,
4640,0.5,timed-search,1,500,56,87,357,0.3,0.3,0.3,random,0,0,Randomly placed,1.014,0,0,0,0,0,true,4.5,0,382,87,12,15,60,35,3,9,23,4.509999999999976,536,10,15,10,0,NA,7.760532150776095,0,0,
4647,0.5,timed-search,1,500,52,58,390,0.3,0.3,0.3,random,0,0,Randomly placed,1.002,0,0,0,0,0,true,4.5,0,419,93,8,9,76,25,1,3,21,4.524374999999982,538,9,9,7,0,NA,5.5256250863379135,0,0,
4650,0.5,timed-search,1,500,48,74,378,0.3,0.3,0.3,random,0,0,Randomly placed,1.01,0,0,0,0,0,true,4.5,0,386,108,8,16,84,45,5,7,33,4.511249999999978,537,13,19,13,0,NA,9.9750623441397,0,0,
4643,0.5,timed-search,1,500,50,72,378,0.3,0.3,0.3,random,0,0,Randomly placed,0.982,0,0,0,0,0,true,4.5,0,378,92,9,9,74,40,6,4,30,4.509999999999979,537,17,10,13,0,NA,8.869179600886959,0,0,
4651,0.5,timed-search,1,500,62,73,365,0.3,0.3,0.3,random,0,0,Randomly placed,1.014,0,0,0,0,0,true,4.5,0,422,92,11,17,64,36,5,6,25,4.509999999999977,537,15,10,11,0,NA,7.982261640798267,0,0,
4646,0.5,timed-search,1,500,39,71,390,0.3,0.3,0.3,random,0,0,Randomly placed,1.042,0,0,0,0,0,true,4.5,0,411,98,6,14,78,37,2,2,33,4.519999999999974,537,9,11,17,0,NA,8.18584070796465,0,0,
4649,0.5,timed-search,1,500,50,67,383,0.3,0.3,0.3,random,0,0,Randomly placed,0.986,0,0,0,0,0,true,4.5,0,399,82,8,12,62,34,3,3,28,4.501874999999979,535,9,14,11,0,NA,7.552408718589512,0,0,
4652,0.5,timed-search,1,500,48,68,384,0.3,0.3,0.3,random,0,0,Randomly placed,0.986,0,0,0,0,0,true,4.5,0,402,104,8,11,85,37,3,1,33,4.519374999999976,537,9,11,17,0,NA,8.186972756188675,0,0,
4644,0.5,timed-search,1,500,60,72,368,0.3,0.3,0.3,random,0,0,Randomly placed,1.006,0,0,0,0,0,true,4.5,0,364,101,10,16,75,46,6,5,35,4.518749999999989,538,12,15,19,0,NA,10.179806362379,0,0,
4655,0.5,timed-search,1,500,55,73,372,0.3,0.3,0.3,random,0,0,Randomly placed,1.026,0,0,0,0,0,true,4.5,0,417,85,9,9,67,31,2,1,28,4.511874999999984,537,12,8,11,0,NA,6.870757722676296,0,0,
4653,0.5,timed-search,1,500,46,71,383,0.3,0.3,0.3,random,0,0,Randomly placed,0.966,0,0,0,0,0,true,4.5,0,387,95,11,13,71,25,2,2,21,4.5024999999999835,535,1,16,8,0,NA,5.55247084952806,0,0,
4656,0.5,timed-search,1,500,38,73,389,0.3,0.3,0.3,random,0,0,Randomly placed,0.978,0,0,0,0,0,true,4.5,0,381,99,6,12,81,38,1,6,31,4.506874999999991,537,14,12,12,0,NA,8.43156289002914,0,0,
4657,0.5,timed-search,1,500,61,70,369,0.3,0.3,0.3,random,0,0,Randomly placed,1.026,0,0,0,0,0,true,4.5,0,401,91,12,9,70,35,5,5,25,4.5231249999999665,537,13,10,12,0,NA,7.738012988807574,0,0,
4660,0.5,timed-search,1,500,56,81,363,0.3,0.3,0.3,random,0,0,Randomly placed,1.01,0,0,0,0,0,true,4.5,0,417,106,9,18,79,45,3,10,32,4.517499999999971,536,19,15,11,0,NA,9.961261759822975,0,0,
4658,0.5,timed-search,1,500,39,76,385,0.3,0.3,0.3,random,0,0,Randomly placed,1.018,0,0,0,0,0,true,4.5,0,399,91,7,18,66,31,3,8,20,4.523124999999979,538,14,9,8,0,NA,6.853668647229547,0,0,
4659,0.5,timed-search,1,500,54,79,367,0.3,0.3,0.3,random,0,0,Randomly placed,1.03,0,0,0,0,0,true,4.5,0,391,101,10,17,74,40,5,9,26,4.521874999999982,538,10,14,16,0,NA,8.845888044229476,0,0,
4661,0.5,timed-search,1,500,53,72,375,0.3,0.3,0.3,random,0,0,Randomly placed,0.994,0,0,0,0,0,true,4.5,0,422,94,8,15,71,25,1,3,21,4.514374999999988,538,10,6,9,0,NA,5.53786515298354,0,0,
4654,0.5,timed-search,1,500,55,68,377,0.3,0.3,0.3,random,0,0,Randomly placed,0.982,0,0,0,0,0,true,4.5,0,371,92,9,14,69,28,2,6,20,4.523124999999989,538,7,12,9,0,NA,6.190410391046029,0,0,
4634,0.5,timed-search,1,500,52,75,373,0.3,0.3,0.3,random,0,0,Randomly placed,1.002,0,0,0,0,0,true,4.5,0,379,102,9,20,73,35,2,9,24,4.503124999999978,535,12,15,8,0,NA,7.7723802914643,0,0,
4664,0.5,timed-search,1,500,56,72,372,0.3,0.3,0.3,random,0,0,Randomly placed,0.974,0,0,0,0,0,true,4.5,0,393,97,8,22,67,41,5,12,24,4.510625000000003,538,10,18,13,0,NA,9.08964943882499,0,0,
4663,0.5,timed-search,1,500,59,66,375,0.3,0.3,0.3,random,0,0,Randomly placed,0.974,0,0,0,0,0,true,4.5,0,390,115,12,20,83,54,6,9,39,4.518124999999979,537,20,18,16,0,NA,11.951860561626836,0,0,
4662,0.5,timed-search,1,500,45,60,395,0.3,0.3,0.3,random,0,0,Randomly placed,0.958,0,0,0,0,0,true,4.5,0,369,75,7,7,61,30,4,2,24,4.508749999999977,536,10,10,10,0,NA,6.653728860548966,0,0,
4669,0.5,timed-search,1,500,41,85,374,0.3,0.3,0.3,random,0,0,Randomly placed,1.034,0,0,0,0,0,true,4.5,0,424,114,7,16,91,40,2,5,33,4.5156249999999805,537,11,11,18,0,NA,8.858131487889311,0,0,
4666,0.5,timed-search,1,500,54,66,380,0.3,0.3,0.3,random,0,0,Randomly placed,0.966,0,0,0,0,0,true,4.5,0,423,102,12,12,78,37,4,5,28,4.523124999999973,538,16,7,14,0,NA,8.180185159596567,0,0,
4670,0.5,timed-search,1,500,51,82,367,0.3,0.3,0.3,random,0,0,Randomly placed,0.962,0,0,0,0,0,true,4.5,0,385,101,11,22,68,36,3,9,24,4.500624999999982,535,16,13,7,0,NA,7.998889043188479,0,0,
4667,0.5,timed-search,1,500,45,86,369,0.3,0.3,0.3,random,0,0,Randomly placed,0.982,0,0,0,0,0,true,4.5,0,401,96,8,16,72,40,2,9,29,4.52374999999998,538,15,11,14,0,NA,8.842221608179093,0,0,
4665,0.5,timed-search,1,500,55,76,369,0.3,0.3,0.3,random,0,0,Randomly placed,0.974,0,0,0,0,0,true,4.5,0,431,114,21,15,78,35,3,8,24,4.523749999999975,537,16,7,12,0,NA,7.736943907156716,0,0,
4668,0.5,timed-search,1,500,51,55,394,0.3,0.3,0.3,random,0,0,Randomly placed,0.998,0,0,0,0,0,true,4.5,0,457,121,7,10,104,36,3,2,31,4.503124999999992,536,15,15,6,0,NA,7.994448299791825,0,0,
4672,0.5,timed-search,1,500,53,75,372,0.3,0.3,0.3,random,0,0,Randomly placed,0.982,0,0,0,0,0,true,4.5,0,388,96,7,7,82,41,3,4,34,4.517499999999978,536,11,18,12,0,NA,9.075816270060919,0,0,
4674,0.5,timed-search,1,500,53,74,373,0.3,0.3,0.3,random,0,0,Randomly placed,1.018,0,0,0,0,0,true,4.5,0,406,102,15,16,71,35,5,6,24,4.511874999999975,537,12,14,9,0,NA,7.7573071062474455,0,0,
4673,0.5,timed-search,1,500,56,86,358,0.3,0.3,0.3,random,0,0,Randomly placed,0.986,0,0,0,0,0,true,4.5,0,417,115,11,16,88,44,3,8,33,4.50999999999998,537,13,17,14,0,NA,9.756097560975652,0,0,
4671,0.5,timed-search,1,500,43,75,382,0.3,0.3,0.3,random,0,0,Randomly placed,0.958,0,0,0,0,0,true,4.5,0,415,108,7,21,80,41,4,7,30,4.518124999999972,537,20,11,10,0,NA,9.07456079679076,0,0,
4676,0.5,timed-search,1,500,57,72,371,0.3,0.3,0.3,random,0,0,Randomly placed,0.986,0,0,0,0,0,true,4.5,0,386,86,13,8,65,41,7,3,31,4.524374999999987,538,13,17,11,0,NA,9.06202514159417,0,0,
4675,0.5,timed-search,1,500,52,80,368,0.3,0.3,0.3,random,0,0,Randomly placed,1.046,0,0,0,0,0,true,4.5,0,395,104,15,17,72,35,4,5,26,4.51312499999998,536,11,14,10,0,NA,7.7551585652957,0,0,
4678,0.5,timed-search,1,500,38,82,380,0.3,0.3,0.3,random,0,0,Randomly placed,0.982,0,0,0,0,0,true,4.5,0,418,83,9,13,61,23,2,3,18,4.50437499999997,535,11,7,5,0,NA,5.106146801720583,0,0,
4683,0.5,timed-search,1,500,60,70,370,0.3,0.3,0.3,random,0,0,Randomly placed,1.002,0,0,0,0,0,true,4.5,0,397,95,16,13,66,41,6,7,28,4.518749999999984,538,13,17,11,0,NA,9.073305670816076,0,0,
4680,0.5,timed-search,1,500,48,71,381,0.3,0.3,0.3,random,0,0,Randomly placed,1.038,0,0,0,0,0,true,4.5,0,392,115,12,17,86,46,2,7,37,4.513124999999987,537,15,10,21,0,NA,10.192494114388618,0,0,
4681,0.5,timed-search,1,500,44,76,380,0.3,0.3,0.3,random,0,0,Randomly placed,1.086,0,0,0,0,0,true,4.5,0,422,95,8,17,70,34,3,8,23,4.502499999999984,537,16,8,10,0,NA,7.5513603553581605,0,0,
4679,0.5,timed-search,1,500,54,80,366,0.3,0.3,0.3,random,0,0,Randomly placed,1.046,0,0,0,0,0,true,4.5,0,411,104,14,12,78,31,3,4,24,4.504374999999974,535,9,9,13,0,NA,6.8821978631886065,0,0,
4687,0.5,timed-search,1,500,57,91,352,0.3,0.3,0.3,random,0,0,Randomly placed,1.066,0,0,0,0,0,true,4.5,0,398,107,9,23,75,34,6,6,22,4.518124999999975,537,13,9,12,0,NA,7.525245538802089,0,0,
4689,0.5,timed-search,1,500,58,71,371,0.3,0.3,0.3,random,0,0,Randomly placed,1.026,0,0,0,0,0,true,4.5,0,387,100,14,15,71,40,7,4,29,4.512499999999978,537,14,13,13,0,NA,8.864265927977883,0,0,
4685,0.5,timed-search,1,500,43,90,367,0.3,0.3,0.3,random,0,0,Randomly placed,1.006,0,0,0,0,0,true,4.5,0,411,93,6,18,69,33,1,5,27,4.503749999999974,535,10,11,12,0,NA,7.327227310574563,0,0,
4688,0.5,timed-search,1,500,47,79,374,0.3,0.3,0.3,random,0,0,Randomly placed,1.034,0,0,0,0,0,true,4.5,0,355,82,9,9,64,34,2,6,26,4.503749999999978,535,10,11,13,0,NA,7.549264501804089,0,0,
4677,0.5,timed-search,1,500,43,81,376,0.3,0.3,0.3,random,0,0,Randomly placed,0.966,0,0,0,0,0,true,4.5,0,400,88,6,18,64,29,1,5,23,4.513749999999979,536,12,10,7,0,NA,6.424813071171451,0,0,
4690,0.5,timed-search,1,500,48,84,368,0.3,0.3,0.3,random,0,0,Randomly placed,0.982,0,0,0,0,0,true,4.5,0,415,108,12,12,84,39,7,8,24,4.502499999999975,535,13,7,19,0,NA,8.661854525263792,0,0,
4695,0.5,timed-search,1,500,48,60,392,0.3,0.3,0.3,random,0,0,Randomly placed,1.022,0,0,0,0,0,true,4.5,0,395,113,7,10,96,50,5,5,40,4.50437499999998,535,19,11,20,0,NA,11.100319134175157,0,0,
4691,0.5,timed-search,1,500,52,74,374,0.3,0.3,0.3,random,0,0,Randomly placed,1.034,0,0,0,0,0,true,4.5,0,381,89,7,15,67,35,2,7,26,4.514374999999982,537,10,14,11,0,NA,7.753011214176967,0,0,
4684,0.5,timed-search,1,500,47,63,390,0.3,0.3,0.3,random,0,0,Randomly placed,0.978,0,0,0,0,0,true,4.5,0,391,89,8,9,72,31,2,3,26,4.523124999999978,538,11,6,14,0,NA,6.853668647229548,0,0,
4696,0.5,timed-search,1,500,59,80,361,0.3,0.3,0.3,random,0,0,Randomly placed,1.022,0,0,0,0,0,true,4.5,0,392,95,11,13,71,29,4,2,23,4.50187499999999,536,7,10,12,0,NA,6.44176037762045,0,0,
4692,0.5,timed-search,1,500,50,73,377,0.3,0.3,0.3,random,0,0,Randomly placed,1.014,0,0,0,0,0,true,4.5,0,406,99,10,18,71,36,2,8,26,4.511249999999989,538,10,10,16,0,NA,7.980049875311741,0,0,
4682,0.5,timed-search,1,500,57,74,369,0.3,0.3,0.3,random,0,0,Randomly placed,1.014,0,0,0,0,0,true,4.5,0,416,98,14,12,72,35,3,5,27,4.512499999999982,536,15,7,13,0,NA,7.756232686980639,0,0,
4697,0.5,timed-search,1,500,36,78,386,0.3,0.3,0.3,random,0,0,Randomly placed,0.942,0,0,0,0,0,true,4.5,0,379,107,6,16,85,46,2,8,36,4.524999999999977,538,15,18,13,0,NA,10.165745856353642,0,0,
4693,0.5,timed-search,1,500,50,76,374,0.3,0.3,0.3,random,0,0,Randomly placed,1.018,0,0,0,0,0,true,4.5,0,421,110,9,20,81,45,3,6,36,4.505624999999987,536,14,19,12,0,NA,9.987515605493163,0,0,
4686,0.5,timed-search,1,500,56,64,380,0.3,0.3,0.3,random,0,0,Randomly placed,0.974,0,0,0,0,0,true,4.5,0,396,104,12,14,78,31,2,4,25,4.518124999999985,538,14,9,8,0,NA,6.86125328537836,0,0,
4694,0.5,timed-search,1,500,48,72,380,0.3,0.3,0.3,random,0,0,Randomly placed,1.038,0,0,0,0,0,true,4.5,0,388,99,10,14,75,49,3,8,38,4.514999999999981,537,13,19,17,0,NA,10.85271317829462,0,0,
4700,0.5,timed-search,1,500,48,82,370,0.3,0.3,0.3,random,0,0,Randomly placed,0.962,0,0,0,0,0,true,4.5,0,363,109,9,15,85,46,5,9,32,4.516874999999982,538,15,11,20,0,NA,10.184032101840362,0,0,
4701,0.5,timed-search,7,3500,319,537,2644,0.3,0.3,0.3,random,0,0,Randomly placed,0.9877142857142857,0,0,0,0,0,true,4.5,0,403,652,57,102,493,237,16,38,183,4.515624999999984,538,70,92,75,0,NA,52.48442906574413,0,0,
4706,0.5,timed-search,7,3500,323,524,2653,0.3,0.3,0.3,random,0,0,Randomly placed,1.004857142857143,0,0,0,0,0,true,4.5,0,367,612,53,101,458,240,24,39,177,4.500624999999984,536,76,69,95,0,NA,53.325926954589825,0,0,
4702,0.5,timed-search,7,3500,354,507,2639,0.3,0.3,0.3,random,0,0,Randomly placed,0.97,0,0,0,0,0,true,4.5,0,374,688,59,105,524,262,24,41,197,4.506874999999981,536,75,96,91,0,NA,58.133407294411555,0,0,
4703,0.5,timed-search,7,3500,340,516,2644,0.3,0.3,0.3,random,0,0,Randomly placed,1.0265714285714285,0,0,0,0,0,true,4.5,0,412,709,63,108,538,256,27,38,191,4.50812499999998,536,75,89,92,0,NA,56.786357964786056,0,0,
4712,0.5,timed-search,7,3500,325,528,2647,0.3,0.3,0.3,random,0,0,Randomly placed,1.0682857142857143,0,0,0,0,0,true,4.5,0,393,719,61,105,553,268,23,33,212,4.52249999999998,539,100,97,71,0,NA,59.259259259259515,0,0,
4705,0.5,timed-search,7,3500,335,547,2618,0.3,0.3,0.3,random,0,0,Randomly placed,1.0037142857142858,0,0,0,0,0,true,4.5,0,403,691,54,99,538,259,16,39,204,4.515624999999982,538,71,102,86,0,NA,57.35640138408327,0,0,
4711,0.5,timed-search,7,3500,336,551,2613,0.3,0.3,0.3,random,0,0,Randomly placed,0.9705714285714285,0,0,0,0,0,true,4.5,0,384,650,65,104,481,246,28,38,180,4.516874999999976,537,81,86,79,0,NA,54.46243254462462,0,0,
4715,0.5,timed-search,7,3500,376,525,2599,0.3,0.3,0.3,random,0,0,Randomly placed,0.9774285714285714,0,0,0,0,0,true,4.5,0,377,665,75,100,490,251,20,41,190,4.524999999999981,538,71,91,89,0,NA,55.46961325966874,0,0,
4714,0.5,timed-search,7,3500,345,534,2621,0.3,0.3,0.3,random,0,0,Randomly placed,1.014,0,0,0,0,0,true,4.5,0,384,698,69,108,521,235,16,33,186,4.50062499999998,535,89,84,62,0,NA,52.21497014303592,0,0,
4699,0.5,timed-search,1,500,45,80,375,0.3,0.3,0.3,random,0,0,Randomly placed,0.954,0,0,0,0,0,true,4.5,0,400,97,8,20,69,38,5,8,25,4.507499999999979,536,13,9,16,0,NA,8.430393788130932,0,0,
4719,0.5,timed-search,7,3500,348,512,2640,0.3,0.3,0.3,random,0,0,Randomly placed,0.9962857142857143,0,0,0,0,0,true,4.5,0,396,687,58,112,517,251,21,51,179,4.50499999999998,536,88,73,90,0,NA,55.71587125416229,0,0,
4717,0.5,timed-search,7,3500,313,534,2653,0.3,0.3,0.3,random,0,0,Randomly placed,1.018,0,0,0,0,0,true,4.5,0,410,743,62,110,571,296,33,38,225,4.518124999999979,537,95,108,93,0,NA,65.51390233780636,0,0,
4704,0.5,timed-search,7,3500,352,519,2629,0.3,0.3,0.3,random,0,0,Randomly placed,0.9757142857142858,0,0,0,0,0,true,4.5,0,403,728,75,106,547,262,26,41,195,4.501249999999982,536,84,65,113,0,NA,58.20605387392414,0,0,
4710,0.5,timed-search,7,3500,372,527,2601,0.3,0.3,0.3,random,0,0,Randomly placed,1.000857142857143,0,0,0,0,0,true,4.5,0,394,664,64,98,502,232,19,38,175,4.520624999999984,538,67,81,84,0,NA,51.320337342734874,0,0,
4721,0.5,timed-search,7,3500,340,552,2608,0.3,0.3,0.3,random,0,0,Randomly placed,0.934,0,0,0,0,0,true,4.5,0,374,636,69,95,472,255,21,39,195,4.5231249999999745,537,86,91,78,0,NA,56.37695177559794,0,0,
4716,0.5,timed-search,7,3500,327,547,2626,0.3,0.3,0.3,random,0,0,Randomly placed,0.9985714285714286,0,0,0,0,0,true,4.5,0,419,715,55,114,546,260,13,44,203,4.51874999999998,538,92,68,100,0,NA,57.538035961272726,0,0,
4720,0.5,timed-search,7,3500,340,504,2656,0.3,0.3,0.3,random,0,0,Randomly placed,1.0077142857142858,0,0,0,0,0,true,4.5,0,409,704,57,112,535,239,22,34,183,4.5112499999999836,537,97,76,66,0,NA,52.97866444998634,0,0,
4723,0.5,timed-search,7,3500,374,550,2576,0.3,0.3,0.3,random,0,0,Randomly placed,0.9951428571428572,0,0,0,0,0,true,4.5,0,349,634,64,105,465,256,26,42,188,4.519999999999974,537,80,82,94,0,NA,56.63716814159325,0,0,
4726,0.5,timed-search,7,3500,359,529,2612,0.3,0.3,0.3,random,0,0,Randomly placed,0.9877142857142857,0,0,0,0,0,true,4.5,0,380,685,70,115,500,250,28,38,184,4.5156249999999805,537,77,109,64,0,NA,55.363321799308196,0,0,
4725,0.5,timed-search,7,3500,339,489,2672,0.3,0.3,0.3,random,0,0,Randomly placed,0.9917142857142858,0,0,0,0,0,true,4.5,0,385,665,52,91,522,235,13,38,184,4.514374999999981,537,71,103,61,0,NA,52.05593243804535,0,0,
4709,0.5,timed-search,7,3500,359,502,2639,0.3,0.3,0.3,random,0,0,Randomly placed,1.034,0,0,0,0,0,true,4.5,0,387,680,73,116,491,242,27,40,175,4.509374999999985,537,95,73,74,0,NA,53.665973665973844,0,0,
4724,0.5,timed-search,7,3500,333,522,2645,0.3,0.3,0.3,random,0,0,Randomly placed,1.0534285714285714,0,0,0,0,0,true,4.5,0,409,766,81,106,579,288,25,38,225,4.50062499999998,536,109,86,93,0,NA,63.99111234550785,0,0,
4722,0.5,timed-search,7,3500,354,554,2592,0.3,0.3,0.3,random,0,0,Randomly placed,1.0511428571428572,0,0,0,0,0,true,4.5,0,425,735,86,125,524,247,33,41,173,4.522499999999984,539,89,83,75,0,NA,54.61580983969063,0,0,
4730,0.5,timed-search,7,3500,334,490,2676,0.3,0.3,0.3,random,0,0,Randomly placed,1.0002857142857142,0,0,0,0,0,true,4.5,0,391,684,62,96,526,262,20,42,200,4.516874999999984,538,89,114,59,0,NA,58.00470458004725,0,0,
4713,0.5,timed-search,7,3500,325,496,2679,0.3,0.3,0.3,random,0,0,Randomly placed,1.09,0,0,0,0,0,true,4.5,0,406,671,58,109,504,263,23,51,189,4.524374999999982,539,91,85,87,0,NA,58.12957590827485,0,0,
4729,0.5,timed-search,7,3500,342,486,2672,0.3,0.3,0.3,random,0,0,Randomly placed,0.9837142857142858,0,0,0,0,0,true,4.5,0,427,753,75,105,573,263,23,33,207,4.507499999999982,537,82,82,99,0,NA,58.34719911259037,0,0,
4733,0.5,timed-search,7,3500,357,524,2619,0.3,0.3,0.3,random,0,0,Randomly placed,1.0162857142857142,0,0,0,0,0,true,4.5,0,387,687,67,96,524,256,20,31,205,4.516874999999983,538,64,111,81,0,NA,56.67635256676374,0,0,
4727,0.5,timed-search,7,3500,322,509,2669,0.3,0.3,0.3,random,0,0,Randomly placed,0.9837142857142858,0,0,0,0,0,true,4.5,0,413,684,61,97,526,239,21,33,185,4.507499999999982,536,70,81,88,0,NA,53.02273987798136,0,0,
4731,0.5,timed-search,7,3500,318,527,2655,0.3,0.3,0.3,random,0,0,Randomly placed,1.01,0,0,0,0,0,true,4.5,0,389,651,50,94,507,242,19,40,183,4.52312499999998,538,87,62,93,0,NA,53.502832665469356,0,0,
4707,0.5,timed-search,7,3500,332,548,2620,0.3,0.3,0.3,random,0,0,Randomly placed,1.0065714285714287,0,0,0,0,0,true,4.5,0,370,655,62,95,498,252,19,32,201,4.5043749999999765,536,75,87,90,0,NA,55.945608436242836,0,0,
4698,0.5,timed-search,1,500,49,78,373,0.3,0.3,0.3,random,0,0,Randomly placed,0.97,0,0,0,0,0,true,4.5,0,427,99,11,14,74,33,2,8,23,4.523749999999989,539,11,14,8,0,NA,7.294832826747738,0,0,
4734,0.5,timed-search,7,3500,367,506,2627,0.3,0.3,0.3,random,0,0,Randomly placed,0.9837142857142858,0,0,0,0,0,true,4.5,0,382,679,75,97,507,278,28,43,207,4.501874999999979,535,107,79,92,0,NA,61.752047757878955,0,0,
4732,0.5,timed-search,7,3500,335,525,2640,0.3,0.3,0.3,random,0,0,Randomly placed,1.0242857142857142,0,0,0,0,0,true,4.5,0,378,702,57,106,539,250,21,41,188,4.516249999999975,537,65,86,99,0,NA,55.3556601162472,0,0,
4737,0.5,timed-search,7,3500,349,496,2655,0.3,0.3,0.3,random,0,0,Randomly placed,1.0305714285714287,0,0,0,0,0,true,4.5,0,372,610,52,83,475,228,24,37,167,4.52187499999998,538,70,72,86,0,NA,50.421561852108034,0,0,
4739,0.5,timed-search,7,3500,357,526,2617,0.3,0.3,0.3,random,0,0,Randomly placed,1.0014285714285713,0,0,0,0,0,true,4.5,0,395,671,78,101,492,257,28,41,188,4.513749999999983,538,95,85,77,0,NA,56.93713652727798,0,0,
4738,0.5,timed-search,7,3500,357,535,2608,0.3,0.3,0.3,random,0,0,Randomly placed,1.0397142857142856,0,0,0,0,0,true,4.5,0,360,637,69,94,474,238,20,38,180,4.504999999999975,535,79,85,74,0,NA,52.83018867924557,0,0,
4728,0.5,timed-search,7,3500,317,517,2666,0.3,0.3,0.3,random,0,0,Randomly placed,0.986,0,0,0,0,0,true,4.5,0,395,705,56,104,545,284,19,42,223,4.50624999999998,536,103,98,83,0,NA,63.023578363384466,0,0,
4741,0.5,timed-search,7,3500,336,537,2627,0.3,0.3,0.3,random,0,0,Randomly placed,0.9951428571428572,0,0,0,0,0,true,4.5,0,400,730,57,123,550,251,21,46,184,4.517499999999986,539,83,74,94,0,NA,55.56170448256797,0,0,
4708,0.5,timed-search,7,3500,352,528,2620,0.3,0.3,0.3,random,0,0,Randomly placed,0.9774285714285714,0,0,0,0,0,true,4.5,0,402,688,70,115,503,229,22,39,168,4.5037499999999815,536,89,78,62,0,NA,50.8465167915628,0,0,
4736,0.5,timed-search,7,3500,353,542,2605,0.3,0.3,0.3,random,0,0,Randomly placed,1.0842857142857143,0,0,0,0,0,true,4.5,0,408,721,72,107,542,242,22,32,188,4.500624999999985,536,61,97,84,0,NA,53.770309679211394,0,0,
4718,0.5,timed-search,7,3500,362,543,2595,0.3,0.3,0.3,random,0,0,Randomly placed,1.0442857142857143,0,0,0,0,0,true,4.5,0,369,626,70,98,458,221,23,40,158,4.509374999999978,537,63,66,92,0,NA,49.00900900900925,0,0,
4740,0.5,timed-search,7,3500,358,517,2625,0.3,0.3,0.3,random,0,0,Randomly placed,0.9831428571428571,0,0,0,0,0,true,4.5,0,389,697,69,103,525,237,25,32,180,4.502499999999977,536,82,81,74,0,NA,52.637423653526085,0,0,
4744,0.5,timed-search,7,3500,347,504,2649,0.3,0.3,0.3,random,0,0,Randomly placed,0.9802857142857143,0,0,0,0,0,true,4.5,0,382,641,53,94,494,228,15,37,176,4.5093749999999755,536,72,64,92,0,NA,50.561330561330834,0,0,
4745,0.5,timed-search,7,3500,341,521,2638,0.3,0.3,0.3,random,0,0,Randomly placed,0.9877142857142857,0,0,0,0,0,true,4.5,0,379,642,54,102,486,217,14,32,171,4.522499999999979,538,67,75,75,0,NA,47.98231066887806,0,0,
4746,0.5,timed-search,7,3500,372,525,2603,0.3,0.3,0.3,random,0,0,Randomly placed,0.962,0,0,0,0,0,true,4.5,0,412,700,83,104,513,226,29,32,165,4.521249999999987,539,88,64,74,0,NA,49.98617638927302,0,0,
4735,0.5,timed-search,7,3500,356,507,2637,0.3,0.3,0.3,random,0,0,Randomly placed,1.0494285714285714,0,0,0,0,0,true,4.5,0,397,685,67,102,516,233,27,27,179,4.524999999999976,538,92,66,75,0,NA,51.491712707182586,0,0,
4748,0.5,timed-search,7,3500,344,525,2631,0.3,0.3,0.3,random,0,0,Randomly placed,1.0431428571428571,0,0,0,0,0,true,4.5,0,393,730,75,120,535,263,24,52,187,4.509374999999983,537,83,92,88,0,NA,58.32293832293855,0,0,
4747,0.5,timed-search,7,3500,329,503,2668,0.3,0.3,0.3,random,0,0,Randomly placed,1.0665714285714285,0,0,0,0,0,true,4.5,0,401,692,63,96,533,241,20,41,180,4.515624999999986,538,71,85,85,0,NA,53.37024221453304,0,0,
4751,0.5,timed-search,7,3500,341,497,2662,0.3,0.3,0.3,random,0,0,Randomly placed,0.9905714285714285,0,0,0,0,0,true,4.5,0,383,684,57,85,542,261,24,32,205,4.517499999999979,538,83,96,82,0,NA,57.775318206973154,0,0,
4749,0.5,timed-search,7,3500,344,499,2657,0.3,0.3,0.3,random,0,0,Randomly placed,0.9848571428571429,0,0,0,0,0,true,4.5,0,392,648,51,89,508,239,17,28,194,4.514999999999982,538,100,79,60,0,NA,52.93466223698803,0,0,
4754,0.5,timed-search,7,3500,333,579,2588,0.3,0.3,0.3,random,0,0,Randomly placed,0.9728571428571428,0,0,0,0,0,true,4.5,0,420,754,70,138,546,262,21,48,193,4.501874999999974,535,88,72,102,0,NA,58.19797306677806,0,0,
4755,0.5,timed-search,7,3500,365,486,2649,0.3,0.3,0.3,random,0,0,Randomly placed,0.9985714285714286,0,0,0,0,0,true,4.5,0,398,688,71,97,520,270,33,38,199,4.505624999999983,536,96,81,93,0,NA,59.925093632959026,0,0,
4757,0.5,timed-search,7,3500,337,569,2594,0.3,0.3,0.3,random,0,0,Randomly placed,0.9962857142857143,0,0,0,0,0,true,4.5,0,386,679,76,109,494,278,30,49,199,4.50999999999998,537,74,115,89,0,NA,61.64079822616435,0,0,
4750,0.5,timed-search,7,3500,355,500,2645,0.3,0.3,0.3,random,0,0,Randomly placed,0.9808571428571428,0,0,0,0,0,true,4.5,0,382,670,60,105,505,263,27,43,193,4.515624999999982,538,80,86,97,0,NA,58.242214532872204,0,0,
4759,0.5,timed-search,7,3500,360,483,2657,0.3,0.3,0.3,random,0,0,Randomly placed,0.9694285714285714,0,0,0,0,0,true,4.5,0,400,695,69,92,534,263,17,43,203,4.513124999999978,537,87,83,93,0,NA,58.27447721922199,0,0,
4752,0.5,timed-search,7,3500,350,497,2653,0.3,0.3,0.3,random,0,0,Randomly placed,1.046,0,0,0,0,0,true,4.5,0,405,695,60,93,542,235,20,32,183,4.504999999999983,537,85,91,59,0,NA,52.16426193118777,0,0,
4761,0.5,timed-search,7,3500,347,505,2648,0.3,0.3,0.3,random,0,0,Randomly placed,1.026,0,0,0,0,0,true,4.5,0,407,719,71,106,542,273,24,38,211,4.520624999999981,538,99,88,86,0,NA,60.3898797179596,0,0,
4756,0.5,timed-search,7,3500,392,498,2610,0.3,0.3,0.3,random,0,0,Randomly placed,1.0145714285714287,0,0,0,0,0,true,4.5,0,358,627,67,74,486,266,29,35,202,4.50249999999998,536,99,89,78,0,NA,59.078289838978606,0,0,
4743,0.5,timed-search,7,3500,372,541,2587,0.3,0.3,0.3,random,0,0,Randomly placed,1.100857142857143,0,0,0,0,0,true,4.5,0,403,698,71,118,509,243,19,41,183,4.514374999999984,538,88,78,77,0,NA,53.82804928700005,0,0,
4753,0.5,timed-search,7,3500,332,527,2641,0.3,0.3,0.3,random,0,0,Randomly placed,0.9642857142857143,0,0,0,0,0,true,4.5,0,410,727,66,110,551,282,29,43,210,4.524999999999983,540,78,97,107,0,NA,62.32044198895051,0,0,
4742,0.5,timed-search,7,3500,347,548,2605,0.3,0.3,0.3,random,0,0,Randomly placed,0.9642857142857143,0,0,0,0,0,true,4.5,0,402,684,61,116,507,234,19,45,170,4.513124999999982,537,83,82,69,0,NA,51.84877440797694,0,0,
4763,0.5,timed-search,7,3500,369,513,2618,0.3,0.3,0.3,random,0,0,Randomly placed,0.9414285714285714,0,0,0,0,0,true,4.5,0,382,641,64,95,482,263,32,32,199,4.519374999999978,538,97,69,97,0,NA,58.193887429124885,0,0,
4762,0.5,timed-search,7,3500,321,530,2649,0.3,0.3,0.3,random,0,0,Randomly placed,0.9648571428571427,0,0,0,0,0,true,4.5,0,395,694,70,108,516,252,20,40,192,4.52187499999998,538,80,87,85,0,NA,55.729094678645716,0,0,
4760,0.5,timed-search,7,3500,308,506,2686,0.3,0.3,0.3,random,0,0,Randomly placed,1.0202857142857142,0,0,0,0,0,true,4.5,0,374,677,60,103,514,265,23,39,203,4.516874999999978,537,75,91,99,0,NA,58.668880586689085,0,0,
4764,0.5,timed-search,7,3500,393,501,2606,0.3,0.3,0.3,random,0,0,Randomly placed,0.9722857142857143,0,0,0,0,0,true,4.5,0,377,632,63,82,487,252,27,30,195,4.517499999999979,536,74,88,90,0,NA,55.783065855008566,0,0,
4766,0.5,timed-search,7,3500,340,508,2652,0.3,0.3,0.3,random,0,0,Randomly placed,0.9574285714285714,0,0,0,0,0,true,4.5,0,388,665,64,98,503,232,19,34,179,4.521249999999978,538,89,71,72,0,NA,51.31324301907683,0,0,
4765,0.5,timed-search,7,3500,343,510,2647,0.3,0.3,0.3,random,0,0,Randomly placed,1.002,0,0,0,0,0,true,4.5,0,380,603,68,74,461,219,26,23,170,4.514374999999981,537,69,67,83,0,NA,48.511698740135884,0,0,
4769,0.5,timed-search,7,3500,352,544,2604,0.3,0.3,0.3,random,0,0,Randomly placed,0.9242857142857143,0,0,0,0,0,true,4.5,0,389,692,70,99,523,248,26,38,184,4.512499999999983,537,67,95,86,0,NA,54.958448753462804,0,0,
4767,0.5,timed-search,7,3500,362,537,2601,0.3,0.3,0.3,random,0,0,Randomly placed,0.9717142857142856,0,0,0,0,0,true,4.5,0,404,747,83,99,565,253,33,30,190,4.519374999999979,537,71,81,101,0,NA,55.981192089614424,0,0,
4758,0.5,timed-search,7,3500,344,514,2642,0.3,0.3,0.3,random,0,0,Randomly placed,1.0065714285714287,0,0,0,0,0,true,4.5,0,405,689,64,101,524,247,17,34,196,4.5137499999999795,537,87,89,71,0,NA,54.72168374411545,0,0,
4770,0.5,timed-search,7,3500,385,521,2594,0.3,0.3,0.3,random,0,0,Randomly placed,0.9877142857142857,0,0,0,0,0,true,4.5,0,412,719,61,109,549,280,27,41,212,4.5099999999999785,537,79,94,107,0,NA,62.08425720620872,0,0,
4776,0.5,timed-search,7,3500,358,545,2597,0.3,0.3,0.3,random,0,0,Randomly placed,1.024857142857143,0,0,0,0,0,true,4.5,0,414,730,78,123,529,255,27,34,194,4.511874999999984,538,73,101,81,0,NA,56.51752320265985,0,0,
4773,0.5,timed-search,7,3500,344,480,2676,0.3,0.3,0.3,random,0,0,Randomly placed,0.994,0,0,0,0,0,true,4.5,0,382,694,62,97,535,256,27,25,204,4.516874999999981,537,89,82,85,0,NA,56.67635256676376,0,0,
4777,0.5,timed-search,7,3500,350,514,2636,0.3,0.3,0.3,random,0,0,Randomly placed,1.032857142857143,0,0,0,0,0,true,4.5,0,403,697,51,103,543,256,19,35,202,4.51249999999998,537,94,79,83,0,NA,56.731301939058426,0,0,
4771,0.5,timed-search,7,3500,348,553,2599,0.3,0.3,0.3,random,0,0,Randomly placed,1.060857142857143,0,0,0,0,0,true,4.5,0,401,693,72,101,520,246,25,38,183,4.50124999999998,535,53,106,87,0,NA,54.651485698417346,0,0,
4779,0.5,timed-search,7,3500,329,557,2614,0.3,0.3,0.3,random,0,0,Randomly placed,1.0042857142857142,0,0,0,0,0,true,4.5,0,407,692,62,122,508,271,24,48,199,4.514374999999983,538,87,95,89,0,NA,60.03045825834163,0,0,
4772,0.5,timed-search,7,3500,357,540,2603,0.3,0.3,0.3,random,0,0,Randomly placed,1.0271428571428571,0,0,0,0,0,true,4.5,0,390,710,77,101,532,278,31,39,208,4.520624999999982,538,85,104,89,0,NA,61.49592147103577,0,0,
4775,0.5,timed-search,7,3500,345,519,2636,0.3,0.3,0.3,random,0,0,Randomly placed,0.9905714285714285,0,0,0,0,0,true,4.5,0,385,666,74,98,494,235,26,34,175,4.514999999999985,538,89,60,86,0,NA,52.0487264673313,0,0,
4768,0.5,timed-search,7,3500,339,518,2643,0.3,0.3,0.3,random,0,0,Randomly placed,1.0488571428571427,0,0,0,0,0,true,4.5,0,396,697,72,105,520,234,28,32,174,4.508749999999978,537,73,80,81,0,NA,51.89908511228193,0,0,
4774,0.5,timed-search,7,3500,374,536,2590,0.3,0.3,0.3,random,0,0,Randomly placed,0.9985714285714286,0,0,0,0,0,true,4.5,0,380,657,60,104,493,227,20,34,173,4.500624999999976,535,69,93,65,0,NA,50.43743924454963,0,0,
4781,0.5,timed-search,7,3500,371,520,2609,0.3,0.3,0.3,random,0,0,Randomly placed,0.9762857142857142,0,0,0,0,0,true,4.5,0,411,725,76,101,548,244,21,34,189,4.512499999999983,537,93,73,78,0,NA,54.07202216066502,0,0,
4783,0.5,timed-search,7,3500,327,527,2646,0.3,0.3,0.3,random,0,0,Randomly placed,1.0042857142857142,0,0,0,0,0,true,4.5,0,408,669,69,99,501,241,28,34,179,4.523749999999981,538,54,89,98,0,NA,53.27438518927903,0,0,
4784,0.5,timed-search,7,3500,351,527,2622,0.3,0.3,0.3,random,0,0,Randomly placed,1.004857142857143,0,0,0,0,0,true,4.5,0,405,740,77,106,557,267,25,39,203,4.513749999999977,537,99,90,78,0,NA,59.152589310440625,0,0,
4782,0.5,timed-search,7,3500,334,518,2648,0.3,0.3,0.3,random,0,0,Randomly placed,0.9665714285714285,0,0,0,0,0,true,4.5,0,372,619,62,92,465,250,28,39,183,4.523124999999979,538,78,93,79,0,NA,55.27152134862538,0,0,
4786,0.5,timed-search,7,3500,389,502,2609,0.3,0.3,0.3,random,0,0,Randomly placed,0.9968571428571428,0,0,0,0,0,true,4.5,0,404,706,81,96,529,262,25,31,206,4.5087499999999805,537,87,92,83,0,NA,58.10923204879426,0,0,
4787,0.5,timed-search,7,3500,345,567,2588,0.3,0.3,0.3,random,0,0,Randomly placed,1.0117142857142858,0,0,0,0,0,true,4.5,0,410,707,69,115,523,253,26,45,182,4.521874999999982,539,75,81,97,0,NA,55.95024187975143,0,0,
4785,0.5,timed-search,7,3500,347,485,2668,0.3,0.3,0.3,random,0,0,Randomly placed,0.9905714285714285,0,0,0,0,0,true,4.5,0,380,675,65,79,531,240,18,34,188,4.524999999999978,538,78,108,54,0,NA,53.03867403314943,0,0,
4788,0.5,timed-search,7,3500,352,538,2610,0.3,0.3,0.3,random,0,0,Randomly placed,1.0145714285714287,0,0,0,0,0,true,4.5,0,400,731,84,117,530,274,34,46,194,4.501874999999973,535,90,84,100,0,NA,60.863529085103785,0,0,
4790,0.5,timed-search,7,3500,354,546,2600,0.3,0.3,0.3,random,0,0,Randomly placed,1.0345714285714285,0,0,0,0,0,true,4.5,0,393,694,63,98,533,245,25,35,185,4.51374999999999,538,73,77,95,0,NA,54.27859318748281,0,0,
4789,0.5,timed-search,7,3500,349,491,2660,0.3,0.3,0.3,random,0,0,Randomly placed,0.9837142857142858,0,0,0,0,0,true,4.5,0,393,733,78,91,564,273,34,39,200,4.508124999999981,537,80,103,90,0,NA,60.55732704838511,0,0,
4778,0.5,timed-search,7,3500,345,540,2615,0.3,0.3,0.3,random,0,0,Randomly placed,1.022,0,0,0,0,0,true,4.5,0,383,616,56,101,459,219,17,36,166,4.516874999999979,537,79,81,59,0,NA,48.484848484848705,0,0,
4795,0.5,timed-search,7,3500,349,512,2639,0.3,0.3,0.3,random,0,0,Randomly placed,0.9945714285714286,0,0,0,0,0,true,4.5,0,398,687,77,83,527,259,29,27,203,4.501874999999982,536,76,95,88,0,NA,57.531584062196536,0,0,
4794,0.5,timed-search,7,3500,361,515,2624,0.3,0.3,0.3,random,0,0,Randomly placed,0.998,0,0,0,0,0,true,4.5,0,396,671,74,88,509,221,23,27,171,4.5112499999999836,537,86,69,66,0,NA,48.988639512330465,0,0,
4791,0.5,timed-search,7,3500,364,502,2634,0.3,0.3,0.3,random,0,0,Randomly placed,0.9842857142857142,0,0,0,0,0,true,4.5,0,421,781,85,115,581,258,27,35,196,4.508124999999983,537,105,91,62,0,NA,57.23000138638591,0,0,
4796,0.5,timed-search,7,3500,335,540,2625,0.3,0.3,0.3,random,0,0,Randomly placed,0.9865714285714285,0,0,0,0,0,true,4.5,0,390,648,75,94,479,227,24,34,169,4.523124999999983,539,77,81,69,0,NA,50.186541384551795,0,0,
4792,0.5,timed-search,7,3500,351,513,2636,0.3,0.3,0.3,random,0,0,Randomly placed,1.0225714285714287,0,0,0,0,0,true,4.5,0,413,678,79,92,507,236,33,38,165,4.524374999999981,539,84,72,80,0,NA,52.16190081502992,0,0,
4780,0.5,timed-search,7,3500,323,548,2629,0.3,0.3,0.3,random,0,0,Randomly placed,1.0334285714285714,0,0,0,0,0,true,4.5,0,411,717,62,113,542,244,19,34,191,4.507499999999983,537,100,58,86,0,NA,54.13200221852488,0,0,
4798,0.5,timed-search,7,3500,337,516,2647,0.3,0.3,0.3,random,0,0,Randomly placed,1.008857142857143,0,0,0,0,0,true,4.5,0,417,734,78,114,542,275,26,41,208,4.504999999999985,537,107,92,76,0,NA,61.04328523862396,0,0,
4799,0.5,timed-search,7,3500,347,503,2650,0.3,0.3,0.3,random,0,0,Randomly placed,0.9757142857142858,0,0,0,0,0,true,4.5,0,395,689,83,112,494,263,36,35,192,4.515624999999983,537,82,94,87,0,NA,58.24221453287219,0,0,
4793,0.5,timed-search,7,3500,331,556,2613,0.3,0.3,0.3,random,0,0,Randomly placed,0.9911428571428571,0,0,0,0,0,true,4.5,0,383,680,72,107,501,252,23,43,186,4.513749999999981,537,79,82,91,0,NA,55.82941013569671,0,0,
4797,0.5,timed-search,7,3500,358,516,2626,0.3,0.3,0.3,random,0,0,Randomly placed,0.9351428571428572,0,0,0,0,0,true,4.5,0,389,676,68,90,518,243,24,30,189,4.509374999999982,536,76,75,92,0,NA,53.88773388773411,0,0,
4800,0.5,timed-search,7,3500,344,496,2660,0.3,0.3,0.3,random,0,0,Randomly placed,1.0065714285714287,0,0,0,0,0,true,4.5,0,405,720,70,100,550,255,25,37,193,4.504374999999984,536,96,86,73,0,NA,56.61162758429325,0,0,
