"","spatial_distribution","density_cat","intensity","predicted","rse","group","rese","search_method"
"1","Clumped-Poisson","common",0,Inf,24.7602895888644,NA,NA,"SRS"
"2","Clumped-Poisson","common",5.05050505050505,49.420979754821,24.7602895888644,NA,NA,"SRS"
"3","Clumped-Poisson","common",10.1010101010101,33.1888751919061,24.7602895888644,NA,NA,"SRS"
"4","Clumped-Poisson","common",15.1515151515152,26.2930828771983,24.7602895888644,NA,NA,"SRS"
"5","Clumped-Poisson","common",20.2020202020202,22.2881343504015,24.7602895888644,NA,NA,"SRS"
"6","Clumped-Poisson","common",25.2525252525253,19.6067807148443,24.7602895888644,NA,NA,"SRS"
"7","Clumped-Poisson","common",30.3030303030303,17.6572348494701,24.7602895888644,NA,NA,"SRS"
"8","Clumped-Poisson","common",35.3535353535353,16.1609489714391,24.7602895888644,NA,NA,"SRS"
"9","Clumped-Poisson","common",40.4040404040404,14.9676941429667,24.7602895888644,NA,NA,"SRS"
"10","Clumped-Poisson","common",45.4545454545455,13.9885168326672,24.7602895888644,NA,NA,"SRS"
"11","Clumped-Poisson","common",50.5050505050505,13.1670193769592,24.7602895888644,NA,NA,"SRS"
"12","Clumped-Poisson","common",55.5555555555556,12.4655236793915,24.7602895888644,NA,NA,"SRS"
"13","Clumped-Poisson","common",60.6060606060606,11.8577933209847,24.7602895888644,NA,NA,"SRS"
"14","Clumped-Poisson","common",65.6565656565656,11.3249343362483,24.7602895888644,NA,NA,"SRS"
"15","Clumped-Poisson","common",70.7070707070707,10.8529559927135,24.7602895888644,NA,NA,"SRS"
"16","Clumped-Poisson","common",75.7575757575758,10.4312523314588,24.7602895888644,NA,NA,"SRS"
"17","Clumped-Poisson","common",80.8080808080808,10.0516204916615,24.7602895888644,NA,NA,"SRS"
"18","Clumped-Poisson","common",85.8585858585859,9.70760534225347,24.7602895888644,NA,NA,"SRS"
"19","Clumped-Poisson","common",90.9090909090909,9.39404968461763,24.7602895888644,NA,NA,"SRS"
"20","Clumped-Poisson","common",95.959595959596,9.10677802104265,24.7602895888644,NA,NA,"SRS"
"21","Clumped-Poisson","common",101.010101010101,8.84236947384032,24.7602895888644,NA,NA,"SRS"
"22","Clumped-Poisson","common",106.060606060606,8.59799163813157,24.7602895888644,NA,NA,"SRS"
"23","Clumped-Poisson","common",111.111111111111,8.37127696880019,24.7602895888644,NA,NA,"SRS"
"24","Clumped-Poisson","common",116.161616161616,8.16022942242675,24.7602895888644,NA,NA,"SRS"
"25","Clumped-Poisson","common",121.212121212121,7.96315298753642,24.7602895888644,NA,NA,"SRS"
"26","Clumped-Poisson","common",126.262626262626,7.77859629467358,24.7602895888644,NA,NA,"SRS"
"27","Clumped-Poisson","common",131.313131313131,7.60530920485467,24.7602895888644,NA,NA,"SRS"
"28","Clumped-Poisson","common",136.363636363636,7.44220843526527,24.7602895888644,NA,NA,"SRS"
"29","Clumped-Poisson","common",141.414141414141,7.28835008315025,24.7602895888644,NA,NA,"SRS"
"30","Clumped-Poisson","common",146.464646464646,7.14290747190751,24.7602895888644,NA,NA,"SRS"
"31","Clumped-Poisson","common",151.515151515152,7.00515314430393,24.7602895888644,NA,NA,"SRS"
"32","Clumped-Poisson","common",156.565656565657,6.87444411693832,24.7602895888644,NA,NA,"SRS"
"33","Clumped-Poisson","common",161.616161616162,6.75020972123922,24.7602895888644,NA,NA,"SRS"
"34","Clumped-Poisson","common",166.666666666667,6.63194151220657,24.7602895888644,NA,NA,"SRS"
"35","Clumped-Poisson","common",171.717171717172,6.5191848424434,24.7602895888644,NA,NA,"SRS"
"36","Clumped-Poisson","common",176.767676767677,6.41153178667778,24.7602895888644,NA,NA,"SRS"
"37","Clumped-Poisson","common",181.818181818182,6.30861516862028,24.7602895888644,NA,NA,"SRS"
"38","Clumped-Poisson","common",186.868686868687,6.21010349311044,24.7602895888644,NA,NA,"SRS"
"39","Clumped-Poisson","common",191.919191919192,6.11569662601225,24.7602895888644,NA,NA,"SRS"
"40","Clumped-Poisson","common",196.969696969697,6.02512209509076,24.7602895888644,NA,NA,"SRS"
"41","Clumped-Poisson","common",202.020202020202,5.93813190924001,24.7602895888644,NA,NA,"SRS"
"42","Clumped-Poisson","common",207.070707070707,5.85449981249543,24.7602895888644,NA,NA,"SRS"
"43","Clumped-Poisson","common",212.121212121212,5.77401890441406,24.7602895888644,NA,NA,"SRS"
"44","Clumped-Poisson","common",217.171717171717,5.69649957051992,24.7602895888644,NA,NA,"SRS"
"45","Clumped-Poisson","common",222.222222222222,5.62176767625262,24.7602895888644,NA,NA,"SRS"
"46","Clumped-Poisson","common",227.272727272727,5.54966298573348,24.7602895888644,NA,NA,"SRS"
"47","Clumped-Poisson","common",232.323232323232,5.48003777306382,24.7602895888644,NA,NA,"SRS"
"48","Clumped-Poisson","common",237.373737373737,5.41275559909773,24.7602895888644,NA,NA,"SRS"
"49","Clumped-Poisson","common",242.424242424242,5.347690230921,24.7602895888644,NA,NA,"SRS"
"50","Clumped-Poisson","common",247.474747474747,5.28472468480311,24.7602895888644,NA,NA,"SRS"
"51","Clumped-Poisson","common",252.525252525253,5.22375037631587,24.7602895888644,NA,NA,"SRS"
"52","Clumped-Poisson","common",257.575757575758,5.16466636374413,24.7602895888644,NA,NA,"SRS"
"53","Clumped-Poisson","common",262.626262626263,5.10737867294413,24.7602895888644,NA,NA,"SRS"
"54","Clumped-Poisson","common",267.676767676768,5.05179969350424,24.7602895888644,NA,NA,"SRS"
"55","Clumped-Poisson","common",272.727272727273,4.99784763749196,24.7602895888644,NA,NA,"SRS"
"56","Clumped-Poisson","common",277.777777777778,4.94544605327629,24.7602895888644,NA,NA,"SRS"
"57","Clumped-Poisson","common",282.828282828283,4.89452338793417,24.7602895888644,NA,NA,"SRS"
"58","Clumped-Poisson","common",287.878787878788,4.84501259261589,24.7602895888644,NA,NA,"SRS"
"59","Clumped-Poisson","common",292.929292929293,4.79685076598155,24.7602895888644,NA,NA,"SRS"
"60","Clumped-Poisson","common",297.979797979798,4.74997883145068,24.7602895888644,NA,NA,"SRS"
"61","Clumped-Poisson","common",303.030303030303,4.7043412445463,24.7602895888644,NA,NA,"SRS"
"62","Clumped-Poisson","common",308.080808080808,4.65988572707862,24.7602895888644,NA,NA,"SRS"
"63","Clumped-Poisson","common",313.131313131313,4.61656302531199,24.7602895888644,NA,NA,"SRS"
"64","Clumped-Poisson","common",318.181818181818,4.57432668960389,24.7602895888644,NA,NA,"SRS"
"65","Clumped-Poisson","common",323.232323232323,4.53313287330257,24.7602895888644,NA,NA,"SRS"
"66","Clumped-Poisson","common",328.282828282828,4.49294014894899,24.7602895888644,NA,NA,"SRS"
"67","Clumped-Poisson","common",333.333333333333,4.45370934005357,24.7602895888644,NA,NA,"SRS"
"68","Clumped-Poisson","common",338.383838383838,4.41540336691462,24.7602895888644,NA,NA,"SRS"
"69","Clumped-Poisson","common",343.434343434343,4.37798710511631,24.7602895888644,NA,NA,"SRS"
"70","Clumped-Poisson","common",348.484848484848,4.34142725549443,24.7602895888644,NA,NA,"SRS"
"71","Clumped-Poisson","common",353.535353535354,4.30569222448954,24.7602895888644,NA,NA,"SRS"
"72","Clumped-Poisson","common",358.585858585859,4.27075201392247,24.7602895888644,NA,NA,"SRS"
"73","Clumped-Poisson","common",363.636363636364,4.23657811932957,24.7602895888644,NA,NA,"SRS"
"74","Clumped-Poisson","common",368.686868686869,4.20314343608422,24.7602895888644,NA,NA,"SRS"
"75","Clumped-Poisson","common",373.737373737374,4.17042217261096,24.7602895888644,NA,NA,"SRS"
"76","Clumped-Poisson","common",378.787878787879,4.13838977006863,24.7602895888644,NA,NA,"SRS"
"77","Clumped-Poisson","common",383.838383838384,4.10702282794145,24.7602895888644,NA,NA,"SRS"
"78","Clumped-Poisson","common",388.888888888889,4.07629903503196,24.7602895888644,NA,NA,"SRS"
"79","Clumped-Poisson","common",393.939393939394,4.04619710539948,24.7602895888644,NA,NA,"SRS"
"80","Clumped-Poisson","common",398.989898989899,4.01669671883126,24.7602895888644,NA,NA,"SRS"
"81","Clumped-Poisson","common",404.040404040404,3.98777846547279,24.7602895888644,NA,NA,"SRS"
"82","Clumped-Poisson","common",409.090909090909,3.9594237942789,24.7602895888644,NA,NA,"SRS"
"83","Clumped-Poisson","common",414.141414141414,3.9316149649784,24.7602895888644,NA,NA,"SRS"
"84","Clumped-Poisson","common",419.191919191919,3.90433500327326,24.7602895888644,NA,NA,"SRS"
"85","Clumped-Poisson","common",424.242424242424,3.87756765901856,24.7602895888644,NA,NA,"SRS"
"86","Clumped-Poisson","common",429.292929292929,3.851297367152,24.7602895888644,NA,NA,"SRS"
"87","Clumped-Poisson","common",434.343434343434,3.82550921116228,24.7602895888644,NA,NA,"SRS"
"88","Clumped-Poisson","common",439.393939393939,3.80018888890406,24.7602895888644,NA,NA,"SRS"
"89","Clumped-Poisson","common",444.444444444444,3.77532268058363,24.7602895888644,NA,NA,"SRS"
"90","Clumped-Poisson","common",449.494949494949,3.75089741875474,24.7602895888644,NA,NA,"SRS"
"91","Clumped-Poisson","common",454.545454545455,3.72690046017718,24.7602895888644,NA,NA,"SRS"
"92","Clumped-Poisson","common",459.59595959596,3.70331965940341,24.7602895888644,NA,NA,"SRS"
"93","Clumped-Poisson","common",464.646464646465,3.68014334396931,24.7602895888644,NA,NA,"SRS"
"94","Clumped-Poisson","common",469.69696969697,3.65736029107548,24.7602895888644,NA,NA,"SRS"
"95","Clumped-Poisson","common",474.747474747475,3.63495970565459,24.7602895888644,NA,NA,"SRS"
"96","Clumped-Poisson","common",479.79797979798,3.61293119972857,24.7602895888644,NA,NA,"SRS"
"97","Clumped-Poisson","common",484.848484848485,3.59126477296717,24.7602895888644,NA,NA,"SRS"
"98","Clumped-Poisson","common",489.89898989899,3.56995079436635,24.7602895888644,NA,NA,"SRS"
"99","Clumped-Poisson","common",494.949494949495,3.54897998497098,24.7602895888644,NA,NA,"SRS"
"100","Clumped-Poisson","common",500,3.52834340157267,24.7602895888644,NA,NA,"SRS"
"101","Clumped-Poisson","rare",0,155.014818766561,155.402599032716,NA,NA,"SRS"
"102","Clumped-Poisson","rare",5.05050505050505,146.334485467758,155.402599032716,NA,NA,"SRS"
"103","Clumped-Poisson","rare",10.1010101010101,138.14022302836,155.402599032716,NA,NA,"SRS"
"104","Clumped-Poisson","rare",15.1515151515152,130.40481303725,155.402599032716,NA,NA,"SRS"
"105","Clumped-Poisson","rare",20.2020202020202,123.102561227144,155.402599032716,NA,NA,"SRS"
"106","Clumped-Poisson","rare",25.2525252525253,116.209212127423,155.402599032716,NA,NA,"SRS"
"107","Clumped-Poisson","rare",30.3030303030303,109.701868496126,155.402599032716,NA,NA,"SRS"
"108","Clumped-Poisson","rare",35.3535353535353,103.558915263495,155.402599032716,NA,NA,"SRS"
"109","Clumped-Poisson","rare",40.4040404040404,97.7599477344403,155.402599032716,NA,NA,"SRS"
"110","Clumped-Poisson","rare",45.4545454545455,92.2857038114361,155.402599032716,NA,NA,"SRS"
"111","Clumped-Poisson","rare",50.5050505050505,87.1180000127163,155.402599032716,NA,NA,"SRS"
"112","Clumped-Poisson","rare",55.5555555555556,82.2396710732473,155.402599032716,NA,NA,"SRS"
"113","Clumped-Poisson","rare",60.6060606060606,77.6345129278529,155.402599032716,NA,NA,"SRS"
"114","Clumped-Poisson","rare",65.6565656565656,73.2872288871008,155.402599032716,NA,NA,"SRS"
"115","Clumped-Poisson","rare",70.7070707070707,69.1833788271678,155.402599032716,NA,NA,"SRS"
"116","Clumped-Poisson","rare",75.7575757575758,65.3093312249094,155.402599032716,NA,NA,"SRS"
"117","Clumped-Poisson","rare",80.8080808080808,61.6522178788117,155.402599032716,NA,NA,"SRS"
"118","Clumped-Poisson","rare",85.8585858585859,58.1998911654258,155.402599032716,NA,NA,"SRS"
"119","Clumped-Poisson","rare",90.9090909090909,54.9408836893038,155.402599032716,NA,NA,"SRS"
"120","Clumped-Poisson","rare",95.959595959596,51.8643701924099,155.402599032716,NA,NA,"SRS"
"121","Clumped-Poisson","rare",101.010101010101,48.9601315964821,155.402599032716,NA,NA,"SRS"
"122","Clumped-Poisson","rare",106.060606060606,46.2185210589071,155.402599032716,NA,NA,"SRS"
"123","Clumped-Poisson","rare",111.111111111111,43.6304319293562,155.402599032716,NA,NA,"SRS"
"124","Clumped-Poisson","rare",116.161616161616,41.1872675007486,155.402599032716,NA,NA,"SRS"
"125","Clumped-Poisson","rare",121.212121212121,38.8809124540622,155.402599032716,NA,NA,"SRS"
"126","Clumped-Poisson","rare",126.262626262626,36.703705902145,155.402599032716,NA,NA,"SRS"
"127","Clumped-Poisson","rare",131.313131313131,34.6484159429855,155.402599032716,NA,NA,"SRS"
"128","Clumped-Poisson","rare",136.363636363636,32.7082156379194,155.402599032716,NA,NA,"SRS"
"129","Clumped-Poisson","rare",141.414141414141,30.876660334979,155.402599032716,NA,NA,"SRS"
"130","Clumped-Poisson","rare",146.464646464646,29.147666262063,155.402599032716,NA,NA,"SRS"
"131","Clumped-Poisson","rare",151.515151515152,27.5154903188199,155.402599032716,NA,NA,"SRS"
"132","Clumped-Poisson","rare",156.565656565657,25.9747110001213,155.402599032716,NA,NA,"SRS"
"133","Clumped-Poisson","rare",161.616161616162,24.5202103877595,155.402599032716,NA,NA,"SRS"
"134","Clumped-Poisson","rare",166.666666666667,23.1471571505523,155.402599032716,NA,NA,"SRS"
"135","Clumped-Poisson","rare",171.717171717172,21.8509904963879,155.402599032716,NA,NA,"SRS"
"136","Clumped-Poisson","rare",176.767676767677,20.6274050229033,155.402599032716,NA,NA,"SRS"
"137","Clumped-Poisson","rare",181.818181818182,19.4723364164766,155.402599032716,NA,NA,"SRS"
"138","Clumped-Poisson","rare",186.868686868687,18.3819479520294,155.402599032716,NA,NA,"SRS"
"139","Clumped-Poisson","rare",191.919191919192,17.3526177487981,155.402599032716,NA,NA,"SRS"
"140","Clumped-Poisson","rare",196.969696969697,16.3809267397397,155.402599032716,NA,NA,"SRS"
"141","Clumped-Poisson","rare",202.020202020202,15.4636473146137,155.402599032716,NA,NA,"SRS"
"142","Clumped-Poisson","rare",207.070707070707,14.597732599014,155.402599032716,NA,NA,"SRS"
"143","Clumped-Poisson","rare",212.121212121212,13.7803063337416,155.402599032716,NA,NA,"SRS"
"144","Clumped-Poisson","rare",217.171717171717,13.0086533208989,155.402599032716,NA,NA,"SRS"
"145","Clumped-Poisson","rare",222.222222222222,12.2802104049734,155.402599032716,NA,NA,"SRS"
"146","Clumped-Poisson","rare",227.272727272727,11.5925579589507,155.402599032716,NA,NA,"SRS"
"147","Clumped-Poisson","rare",232.323232323232,10.9434118471786,155.402599032716,NA,NA,"SRS"
"148","Clumped-Poisson","rare",237.373737373737,10.3306158382846,155.402599032716,NA,NA,"SRS"
"149","Clumped-Poisson","rare",242.424242424242,9.75213444294628,155.402599032716,NA,NA,"SRS"
"150","Clumped-Poisson","rare",247.474747474747,9.20604615272299,155.402599032716,NA,NA,"SRS"
"151","Clumped-Poisson","rare",252.525252525253,8.69053705749169,155.402599032716,NA,NA,"SRS"
"152","Clumped-Poisson","rare",257.575757575758,8.20389482028583,155.402599032716,NA,NA,"SRS"
"153","Clumped-Poisson","rare",262.626262626263,7.74450298952389,155.402599032716,NA,NA,"SRS"
"154","Clumped-Poisson","rare",267.676767676768,7.31083562973506,155.402599032716,NA,NA,"SRS"
"155","Clumped-Poisson","rare",272.727272727273,6.9014522529469,155.402599032716,NA,NA,"SRS"
"156","Clumped-Poisson","rare",277.777777777778,6.51499303389917,155.402599032716,NA,NA,"SRS"
"157","Clumped-Poisson","rare",282.828282828283,6.15017429319036,155.402599032716,NA,NA,"SRS"
"158","Clumped-Poisson","rare",287.878787878788,5.80578423335348,155.402599032716,NA,NA,"SRS"
"159","Clumped-Poisson","rare",292.929292929293,5.480678913698,155.402599032716,NA,NA,"SRS"
"160","Clumped-Poisson","rare",297.979797979798,5.1737784505477,155.402599032716,NA,NA,"SRS"
"161","Clumped-Poisson","rare",303.030303030303,4.88406343025311,155.402599032716,NA,NA,"SRS"
"162","Clumped-Poisson","rare",308.080808080808,4.61057152306369,155.402599032716,NA,NA,"SRS"
"163","Clumped-Poisson","rare",313.131313131313,4.35239428661233,155.402599032716,NA,NA,"SRS"
"164","Clumped-Poisson","rare",318.181818181818,4.1086741483945,155.402599032716,NA,NA,"SRS"
"165","Clumped-Poisson","rare",323.232323232323,3.87860155721891,155.402599032716,NA,NA,"SRS"
"166","Clumped-Poisson","rare",328.282828282828,3.66141229416778,155.402599032716,NA,NA,"SRS"
"167","Clumped-Poisson","rare",333.333333333333,3.45638493413473,155.402599032716,NA,NA,"SRS"
"168","Clumped-Poisson","rare",338.383838383838,3.26283844950844,155.402599032716,NA,NA,"SRS"
"169","Clumped-Poisson","rare",343.434343434343,3.08012994804232,155.402599032716,NA,NA,"SRS"
"170","Clumped-Poisson","rare",348.484848484848,2.90765253739622,155.402599032716,NA,NA,"SRS"
"171","Clumped-Poisson","rare",353.535353535354,2.74483330925703,155.402599032716,NA,NA,"SRS"
"172","Clumped-Poisson","rare",358.585858585859,2.591131436342,155.402599032716,NA,NA,"SRS"
"173","Clumped-Poisson","rare",363.636363636364,2.44603637596377,155.402599032716,NA,NA,"SRS"
"174","Clumped-Poisson","rare",368.686868686869,2.30906617419013,155.402599032716,NA,NA,"SRS"
"175","Clumped-Poisson","rare",373.737373737374,2.17976586496521,155.402599032716,NA,NA,"SRS"
"176","Clumped-Poisson","rare",378.787878787879,2.05770595887492,155.402599032716,NA,NA,"SRS"
"177","Clumped-Poisson","rare",383.838383838384,1.94248101653657,155.402599032716,NA,NA,"SRS"
"178","Clumped-Poisson","rare",388.888888888889,1.83370830187421,155.402599032716,NA,NA,"SRS"
"179","Clumped-Poisson","rare",393.939393939394,1.7310265108061,155.402599032716,NA,NA,"SRS"
"180","Clumped-Poisson","rare",398.989898989899,1.63409457112175,155.402599032716,NA,NA,"SRS"
"181","Clumped-Poisson","rare",404.040404040404,1.54259050956193,155.402599032716,NA,NA,"SRS"
"182","Clumped-Poisson","rare",409.090909090909,1.45621038233853,155.402599032716,NA,NA,"SRS"
"183","Clumped-Poisson","rare",414.141414141414,1.374667265542,155.402599032716,NA,NA,"SRS"
"184","Clumped-Poisson","rare",419.191919191919,1.29769030208261,155.402599032716,NA,NA,"SRS"
"185","Clumped-Poisson","rare",424.242424242424,1.22502380200003,155.402599032716,NA,NA,"SRS"
"186","Clumped-Poisson","rare",429.292929292929,1.15642639315269,155.402599032716,NA,NA,"SRS"
"187","Clumped-Poisson","rare",434.343434343434,1.09167021946575,155.402599032716,NA,NA,"SRS"
"188","Clumped-Poisson","rare",439.393939393939,1.03054018407468,155.402599032716,NA,NA,"SRS"
"189","Clumped-Poisson","rare",444.444444444444,0.972833234850375,155.402599032716,NA,NA,"SRS"
"190","Clumped-Poisson","rare",449.494949494949,0.918357689932504,155.402599032716,NA,NA,"SRS"
"191","Clumped-Poisson","rare",454.545454545455,0.866932601030927,155.402599032716,NA,NA,"SRS"
"192","Clumped-Poisson","rare",459.59595959596,0.81838715238012,155.402599032716,NA,NA,"SRS"
"193","Clumped-Poisson","rare",464.646464646465,0.772560093350267,155.402599032716,NA,NA,"SRS"
"194","Clumped-Poisson","rare",469.69696969697,0.72929920283029,155.402599032716,NA,NA,"SRS"
"195","Clumped-Poisson","rare",474.747474747475,0.688460783603731,155.402599032716,NA,NA,"SRS"
"196","Clumped-Poisson","rare",479.79797979798,0.649909185037955,155.402599032716,NA,NA,"SRS"
"197","Clumped-Poisson","rare",484.848484848485,0.613516352501228,155.402599032716,NA,NA,"SRS"
"198","Clumped-Poisson","rare",489.89898989899,0.579161402011005,155.402599032716,NA,NA,"SRS"
"199","Clumped-Poisson","rare",494.949494949495,0.546730218700537,155.402599032716,NA,NA,"SRS"
"200","Clumped-Poisson","rare",500,0.516115077770078,155.402599032716,NA,NA,"SRS"
"201","One shore only","common",0,Inf,19.9879848663989,NA,NA,"SRS"
"202","One shore only","common",5.05050505050505,43.4115079789338,19.9879848663989,NA,NA,"SRS"
"203","One shore only","common",10.1010101010101,29.7985686032278,19.9879848663989,NA,NA,"SRS"
"204","One shore only","common",15.1515151515152,23.9115093778895,19.9879848663989,NA,NA,"SRS"
"205","One shore only","common",20.2020202020202,20.4543618072924,19.9879848663989,NA,NA,"SRS"
"206","One shore only","common",25.2525252525253,18.1209029571771,19.9879848663989,NA,NA,"SRS"
"207","One shore only","common",30.3030303030303,16.4133610136172,19.9879848663989,NA,NA,"SRS"
"208","One shore only","common",35.3535353535353,15.0958125508832,19.9879848663989,NA,NA,"SRS"
"209","One shore only","common",40.4040404040404,14.0403024895062,19.9879848663989,NA,NA,"SRS"
"210","One shore only","common",45.4545454545455,13.17070766135,19.9879848663989,NA,NA,"SRS"
"211","One shore only","common",50.5050505050505,12.4385674458466,19.9879848663989,NA,NA,"SRS"
"212","One shore only","common",55.5555555555556,11.8113893976456,19.9879848663989,NA,NA,"SRS"
"213","One shore only","common",60.6060606060606,11.2664748806044,19.9879848663989,NA,NA,"SRS"
"214","One shore only","common",65.6565656565656,10.7874297854401,19.9879848663989,NA,NA,"SRS"
"215","One shore only","common",70.7070707070707,10.3620820114623,19.9879848663989,NA,NA,"SRS"
"216","One shore only","common",75.7575757575758,9.9811815154321,19.9879848663989,NA,NA,"SRS"
"217","One shore only","common",80.8080808080808,9.63755779105044,19.9879848663989,NA,NA,"SRS"
"218","One shore only","common",85.8585858585859,9.32555609560441,19.9879848663989,NA,NA,"SRS"
"219","One shore only","common",90.9090909090909,9.04064968188266,19.9879848663989,NA,NA,"SRS"
"220","One shore only","common",95.959595959596,8.77916662659598,19.9879848663989,NA,NA,"SRS"
"221","One shore only","common",101.010101010101,8.53809329868939,19.9879848663989,NA,NA,"SRS"
"222","One shore only","common",106.060606060606,8.31493030724643,19.9879848663989,NA,NA,"SRS"
"223","One shore only","common",111.111111111111,8.10758514622381,19.9879848663989,NA,NA,"SRS"
"224","One shore only","common",116.161616161616,7.91429098514579,19.9879848663989,NA,NA,"SRS"
"225","One shore only","common",121.212121212121,7.73354440507228,19.9879848663989,NA,NA,"SRS"
"226","One shore only","common",126.262626262626,7.56405707313317,19.9879848663989,NA,NA,"SRS"
"227","One shore only","common",131.313131313131,7.40471781514544,19.9879848663989,NA,NA,"SRS"
"228","One shore only","common",136.363636363636,7.25456254389129,19.9879848663989,NA,NA,"SRS"
"229","One shore only","common",141.414141414141,7.11275019150843,19.9879848663989,NA,NA,"SRS"
"230","One shore only","common",146.464646464646,6.97854328007463,19.9879848663989,NA,NA,"SRS"
"231","One shore only","common",151.515151515152,6.85129211068187,19.9879848663989,NA,NA,"SRS"
"232","One shore only","common",156.565656565657,6.73042180134894,19.9879848663989,NA,NA,"SRS"
"233","One shore only","common",161.616161616162,6.61542158691079,19.9879848663989,NA,NA,"SRS"
"234","One shore only","common",166.666666666667,6.5058359291449,19.9879848663989,NA,NA,"SRS"
"235","One shore only","common",171.717171717172,6.40125708632299,19.9879848663989,NA,NA,"SRS"
"236","One shore only","common",176.767676767677,6.30131886750022,19.9879848663989,NA,NA,"SRS"
"237","One shore only","common",181.818181818182,6.20569135479146,19.9879848663989,NA,NA,"SRS"
"238","One shore only","common",186.868686868687,6.11407642135788,19.9879848663989,NA,NA,"SRS"
"239","One shore only","common",191.919191919192,6.026203907239,19.9879848663989,NA,NA,"SRS"
"240","One shore only","common",196.969696969697,5.9418283419928,19.9879848663989,NA,NA,"SRS"
"241","One shore only","common",202.020202020202,5.86072612417008,19.9879848663989,NA,NA,"SRS"
"242","One shore only","common",207.070707070707,5.78269308429843,19.9879848663989,NA,NA,"SRS"
"243","One shore only","common",212.121212121212,5.70754237129419,19.9879848663989,NA,NA,"SRS"
"244","One shore only","common",217.171717171717,5.63510261281852,19.9879848663989,NA,NA,"SRS"
"245","One shore only","common",222.222222222222,5.56521630862256,19.9879848663989,NA,NA,"SRS"
"246","One shore only","common",227.272727272727,5.49773842282762,19.9879848663989,NA,NA,"SRS"
"247","One shore only","common",232.323232323232,5.43253514669928,19.9879848663989,NA,NA,"SRS"
"248","One shore only","common",237.373737373737,5.36948280806168,19.9879848663989,NA,NA,"SRS"
"249","One shore only","common",242.424242424242,5.30846690726532,19.9879848663989,NA,NA,"SRS"
"250","One shore only","common",247.474747474747,5.2493812627285,19.9879848663989,NA,NA,"SRS"
"251","One shore only","common",252.525252525253,5.19212725164644,19.9879848663989,NA,NA,"SRS"
"252","One shore only","common",257.575757575758,5.13661313360246,19.9879848663989,NA,NA,"SRS"
"253","One shore only","common",262.626262626263,5.08275344660288,19.9879848663989,NA,NA,"SRS"
"254","One shore only","common",267.676767676768,5.03046846655525,19.9879848663989,NA,NA,"SRS"
"255","One shore only","common",272.727272727273,4.97968372246949,19.9879848663989,NA,NA,"SRS"
"256","One shore only","common",277.777777777778,4.93032956072455,19.9879848663989,NA,NA,"SRS"
"257","One shore only","common",282.828282828283,4.88234075264416,19.9879848663989,NA,NA,"SRS"
"258","One shore only","common",287.878787878788,4.83565614038962,19.9879848663989,NA,NA,"SRS"
"259","One shore only","common",292.929292929293,4.79021831682994,19.9879848663989,NA,NA,"SRS"
"260","One shore only","common",297.979797979798,4.74597333560612,19.9879848663989,NA,NA,"SRS"
"261","One shore only","common",303.030303030303,4.70287044808438,19.9879848663989,NA,NA,"SRS"
"262","One shore only","common",308.080808080808,4.66086186430296,19.9879848663989,NA,NA,"SRS"
"263","One shore only","common",313.131313131313,4.61990253537103,19.9879848663989,NA,NA,"SRS"
"264","One shore only","common",318.181818181818,4.5799499550834,19.9879848663989,NA,NA,"SRS"
"265","One shore only","common",323.232323232323,4.54096397877945,19.9879848663989,NA,NA,"SRS"
"266","One shore only","common",328.282828282828,4.50290665770425,19.9879848663989,NA,NA,"SRS"
"267","One shore only","common",333.333333333333,4.46574208732957,19.9879848663989,NA,NA,"SRS"
"268","One shore only","common",338.383838383838,4.42943626826688,19.9879848663989,NA,NA,"SRS"
"269","One shore only","common",343.434343434343,4.39395697855641,19.9879848663989,NA,NA,"SRS"
"270","One shore only","common",348.484848484848,4.35927365625017,19.9879848663989,NA,NA,"SRS"
"271","One shore only","common",353.535353535354,4.32535729132325,19.9879848663989,NA,NA,"SRS"
"272","One shore only","common",358.585858585859,4.29218032605121,19.9879848663989,NA,NA,"SRS"
"273","One shore only","common",363.636363636364,4.25971656308154,19.9879848663989,NA,NA,"SRS"
"274","One shore only","common",368.686868686869,4.22794108050745,19.9879848663989,NA,NA,"SRS"
"275","One shore only","common",373.737373737374,4.19683015332297,19.9879848663989,NA,NA,"SRS"
"276","One shore only","common",378.787878787879,4.16636118070086,19.9879848663989,NA,NA,"SRS"
"277","One shore only","common",383.838383838384,4.13651261859047,19.9879848663989,NA,NA,"SRS"
"278","One shore only","common",388.888888888889,4.10726391718233,19.9879848663989,NA,NA,"SRS"
"279","One shore only","common",393.939393939394,4.07859546282972,19.9879848663989,NA,NA,"SRS"
"280","One shore only","common",398.989898989899,4.05048852405728,19.9879848663989,NA,NA,"SRS"
"281","One shore only","common",404.040404040404,4.02292520132125,19.9879848663989,NA,NA,"SRS"
"282","One shore only","common",409.090909090909,3.99588838021754,19.9879848663989,NA,NA,"SRS"
"283","One shore only","common",414.141414141414,3.96936168786159,19.9879848663989,NA,NA,"SRS"
"284","One shore only","common",419.191919191919,3.94332945218952,19.9879848663989,NA,NA,"SRS"
"285","One shore only","common",424.242424242424,3.91777666395215,19.9879848663989,NA,NA,"SRS"
"286","One shore only","common",429.292929292929,3.89268894119419,19.9879848663989,NA,NA,"SRS"
"287","One shore only","common",434.343434343434,3.86805249602907,19.9879848663989,NA,NA,"SRS"
"288","One shore only","common",439.393939393939,3.84385410353604,19.9879848663989,NA,NA,"SRS"
"289","One shore only","common",444.444444444444,3.82008107262171,19.9879848663989,NA,NA,"SRS"
"290","One shore only","common",449.494949494949,3.79672121870086,19.9879848663989,NA,NA,"SRS"
"291","One shore only","common",454.545454545455,3.77376283806425,19.9879848663989,NA,NA,"SRS"
"292","One shore only","common",459.59595959596,3.75119468381153,19.9879848663989,NA,NA,"SRS"
"293","One shore only","common",464.646464646465,3.72900594323792,19.9879848663989,NA,NA,"SRS"
"294","One shore only","common",469.69696969697,3.70718621657196,19.9879848663989,NA,NA,"SRS"
"295","One shore only","common",474.747474747475,3.68572549697012,19.9879848663989,NA,NA,"SRS"
"296","One shore only","common",479.79797979798,3.66461415168147,19.9879848663989,NA,NA,"SRS"
"297","One shore only","common",484.848484848485,3.64384290430252,19.9879848663989,NA,NA,"SRS"
"298","One shore only","common",489.89898989899,3.62340281804845,19.9879848663989,NA,NA,"SRS"
"299","One shore only","common",494.949494949495,3.60328527997279,19.9879848663989,NA,NA,"SRS"
"300","One shore only","common",500,3.58348198607266,19.9879848663989,NA,NA,"SRS"
"301","One shore only","rare",0,144.330806643111,146.80585261962,NA,NA,"SRS"
"302","One shore only","rare",5.05050505050505,142.970836967326,146.533141270301,NA,NA,"SRS"
"303","One shore only","rare",10.1010101010101,121.585554747149,146.533141270301,NA,NA,"SRS"
"304","One shore only","rare",15.1515151515152,109.075966581007,146.533141270301,NA,NA,"SRS"
"305","One shore only","rare",20.2020202020202,100.200272526973,146.533141270301,NA,NA,"SRS"
"306","One shore only","rare",25.2525252525253,93.3157493632024,146.533141270301,NA,NA,"SRS"
"307","One shore only","rare",30.3030303030303,87.6906843608302,146.533141270301,NA,NA,"SRS"
"308","One shore only","rare",35.3535353535353,82.9347596669217,146.533141270301,NA,NA,"SRS"
"309","One shore only","rare",40.4040404040404,78.8149903067956,146.533141270301,NA,NA,"SRS"
"310","One shore only","rare",45.4545454545455,75.1810961946878,146.533141270301,NA,NA,"SRS"
"311","One shore only","rare",50.5050505050505,71.9304671430255,146.533141270301,NA,NA,"SRS"
"312","One shore only","rare",55.5555555555556,68.9899154813644,146.533141270301,NA,NA,"SRS"
"313","One shore only","rare",60.6060606060606,66.3054021406533,146.533141270301,NA,NA,"SRS"
"314","One shore only","rare",65.6565656565656,63.8358892561272,146.533141270301,NA,NA,"SRS"
"315","One shore only","rare",70.7070707070707,61.5494774467448,146.533141270301,NA,NA,"SRS"
"316","One shore only","rare",75.7575757575758,59.4208789768832,146.533141270301,NA,NA,"SRS"
"317","One shore only","rare",80.8080808080808,57.4297080866187,146.533141270301,NA,NA,"SRS"
"318","One shore only","rare",85.8585858585859,55.5592905427017,146.533141270301,NA,NA,"SRS"
"319","One shore only","rare",90.9090909090909,53.7958139745109,146.533141270301,NA,NA,"SRS"
"320","One shore only","rare",95.959595959596,52.127708241481,146.533141270301,NA,NA,"SRS"
"321","One shore only","rare",101.010101010101,50.5451849228486,146.533141270301,NA,NA,"SRS"
"322","One shore only","rare",106.060606060606,49.0398892806025,146.533141270301,NA,NA,"SRS"
"323","One shore only","rare",111.111111111111,47.6046332611875,146.533141270301,NA,NA,"SRS"
"324","One shore only","rare",116.161616161616,46.2331878965917,146.533141270301,NA,NA,"SRS"
"325","One shore only","rare",121.212121212121,44.9201199204764,146.533141270301,NA,NA,"SRS"
"326","One shore only","rare",126.262626262626,43.6606617590785,146.533141270301,NA,NA,"SRS"
"327","One shore only","rare",131.313131313131,42.4506070359504,146.533141270301,NA,NA,"SRS"
"328","One shore only","rare",136.363636363636,41.2862258083686,146.533141270301,NA,NA,"SRS"
"329","One shore only","rare",141.414141414141,40.164195226568,146.533141270301,NA,NA,"SRS"
"330","One shore only","rare",146.464646464646,39.0815423662674,146.533141270301,NA,NA,"SRS"
"331","One shore only","rare",151.515151515152,38.0355967567062,146.533141270301,NA,NA,"SRS"
"332","One shore only","rare",156.565656565657,37.0239506955439,146.533141270301,NA,NA,"SRS"
"333","One shore only","rare",161.616161616162,36.0444258664419,146.533141270301,NA,NA,"SRS"
"334","One shore only","rare",166.666666666667,35.0950450950451,146.533141270301,NA,NA,"SRS"
"335","One shore only","rare",171.717171717172,34.1740083225248,146.533141270301,NA,NA,"SRS"
"336","One shore only","rare",176.767676767677,33.2796720627978,146.533141270301,NA,NA,"SRS"
"337","One shore only","rare",181.818181818182,32.410531754334,146.533141270301,NA,NA,"SRS"
"338","One shore only","rare",186.868686868687,31.5652065305009,146.533141270301,NA,NA,"SRS"
"339","One shore only","rare",191.919191919192,30.7424260213041,146.533141270301,NA,NA,"SRS"
"340","One shore only","rare",196.969696969697,29.941018869808,146.533141270301,NA,NA,"SRS"
"341","One shore only","rare",202.020202020202,29.1599027026717,146.533141270301,NA,NA,"SRS"
"342","One shore only","rare",207.070707070707,28.3980753392941,146.533141270301,NA,NA,"SRS"
"343","One shore only","rare",212.121212121212,27.6546070604256,146.533141270301,NA,NA,"SRS"
"344","One shore only","rare",217.171717171717,26.928633786623,146.533141270301,NA,NA,"SRS"
"345","One shore only","rare",222.222222222222,26.2193510410106,146.533141270301,NA,NA,"SRS"
"346","One shore only","rare",227.272727272727,25.5260085905639,146.533141270301,NA,NA,"SRS"
"347","One shore only","rare",232.323232323232,24.8479056764148,146.533141270301,NA,NA,"SRS"
"348","One shore only","rare",237.373737373737,24.1843867571518,146.533141270301,NA,NA,"SRS"
"349","One shore only","rare",242.424242424242,23.5348377002995,146.533141270301,NA,NA,"SRS"
"350","One shore only","rare",247.474747474747,22.8986823665172,146.533141270301,NA,NA,"SRS"
"351","One shore only","rare",252.525252525253,22.2753795389016,146.533141270301,NA,NA,"SRS"
"352","One shore only","rare",257.575757575758,21.6644201563824,146.533141270301,NA,NA,"SRS"
"353","One shore only","rare",262.626262626263,21.0653248157735,146.533141270301,NA,NA,"SRS"
"354","One shore only","rare",267.676767676768,20.4776415117684,146.533141270301,NA,NA,"SRS"
"355","One shore only","rare",272.727272727273,19.9009435881917,146.533141270301,NA,NA,"SRS"
"356","One shore only","rare",277.777777777778,19.3348278772404,146.533141270301,NA,NA,"SRS"
"357","One shore only","rare",282.828282828283,18.7789130063911,146.533141270301,NA,NA,"SRS"
"358","One shore only","rare",287.878787878788,18.2328378551617,146.533141270301,NA,NA,"SRS"
"359","One shore only","rare",292.929292929293,17.6962601460905,146.533141270301,NA,NA,"SRS"
"360","One shore only","rare",297.979797979798,17.1688551561614,146.533141270301,NA,NA,"SRS"
"361","One shore only","rare",303.030303030303,16.6503145365294,146.533141270301,NA,NA,"SRS"
"362","One shore only","rare",308.080808080808,16.1403452298035,146.533141270301,NA,NA,"SRS"
"363","One shore only","rare",313.131313131313,15.638668475367,146.533141270301,NA,NA,"SRS"
"364","One shore only","rare",318.181818181818,15.1450188942833,146.533141270301,NA,NA,"SRS"
"365","One shore only","rare",323.232323232323,14.6591436462649,146.533141270301,NA,NA,"SRS"
"366","One shore only","rare",328.282828282828,14.1808016520033,146.533141270301,NA,NA,"SRS"
"367","One shore only","rare",333.333333333333,13.7097628748682,146.533141270301,NA,NA,"SRS"
"368","One shore only","rare",338.383838383838,13.2458076566225,146.533141270301,NA,NA,"SRS"
"369","One shore only","rare",343.434343434343,12.7887261023479,146.533141270301,NA,NA,"SRS"
"370","One shore only","rare",348.484848484848,12.3383175102724,146.533141270301,NA,NA,"SRS"
"371","One shore only","rare",353.535353535354,11.8943898426209,146.533141270301,NA,NA,"SRS"
"372","One shore only","rare",358.585858585859,11.4567592339988,146.533141270301,NA,NA,"SRS"
"373","One shore only","rare",363.636363636364,11.0252495341572,146.533141270301,NA,NA,"SRS"
"374","One shore only","rare",368.686868686869,10.5996918822952,146.533141270301,NA,NA,"SRS"
"375","One shore only","rare",373.737373737374,10.179924310324,146.533141270301,NA,NA,"SRS"
"376","One shore only","rare",378.787878787879,9.76579137275925,146.533141270301,NA,NA,"SRS"
"377","One shore only","rare",383.838383838384,9.35714380112719,146.533141270301,NA,NA,"SRS"
"378","One shore only","rare",388.888888888889,8.95383818095979,146.533141270301,NA,NA,"SRS"
"379","One shore only","rare",393.939393939394,8.55573664963109,146.533141270301,NA,NA,"SRS"
"380","One shore only","rare",398.989898989899,8.16270661344112,146.533141270301,NA,NA,"SRS"
"381","One shore only","rare",404.040404040404,7.77462048249481,146.533141270301,NA,NA,"SRS"
"382","One shore only","rare",409.090909090909,7.39135542204932,146.533141270301,NA,NA,"SRS"
"383","One shore only","rare",414.141414141414,7.01279311911725,146.533141270301,NA,NA,"SRS"
"384","One shore only","rare",419.191919191919,6.63881956321632,146.533141270301,NA,NA,"SRS"
"385","One shore only","rare",424.242424242424,6.26932484024871,146.533141270301,NA,NA,"SRS"
"386","One shore only","rare",429.292929292929,5.90420293857778,146.533141270301,NA,NA,"SRS"
"387","One shore only","rare",434.343434343434,5.54335156644612,146.533141270301,NA,NA,"SRS"
"388","One shore only","rare",439.393939393939,5.18667197994816,146.533141270301,NA,NA,"SRS"
"389","One shore only","rare",444.444444444444,4.83406882083366,146.533141270301,NA,NA,"SRS"
"390","One shore only","rare",449.494949494949,4.4854499634755,146.533141270301,NA,NA,"SRS"
"391","One shore only","rare",454.545454545455,4.14072637038703,146.533141270301,NA,NA,"SRS"
"392","One shore only","rare",459.59595959596,3.79981195572265,146.533141270301,NA,NA,"SRS"
"393","One shore only","rare",464.646464646465,3.46262345623788,146.533141270301,NA,NA,"SRS"
"394","One shore only","rare",469.69696969697,3.12908030922466,146.533141270301,NA,NA,"SRS"
"395","One shore only","rare",474.747474747475,2.79910453697485,146.533141270301,NA,NA,"SRS"
"396","One shore only","rare",479.79797979798,2.47262063735707,146.533141270301,NA,NA,"SRS"
"397","One shore only","rare",484.848484848485,2.14955548012261,146.533141270301,NA,NA,"SRS"
"398","One shore only","rare",489.89898989899,1.82983820858479,146.533141270301,NA,NA,"SRS"
"399","One shore only","rare",494.949494949495,1.51340014634027,146.533141270301,NA,NA,"SRS"
"400","One shore only","rare",500,1.20017470872585,146.533141270301,NA,NA,"SRS"
"401","One shore; 2 additional","common",0,Inf,17.8015437812624,NA,NA,"SRS"
"402","One shore; 2 additional","common",5.05050505050505,38.3549365007188,17.8015437812624,NA,NA,"SRS"
"403","One shore; 2 additional","common",10.1010101010101,26.8009878622302,17.8015437812624,NA,NA,"SRS"
"404","One shore; 2 additional","common",15.1515151515152,21.7314856275071,17.8015437812624,NA,NA,"SRS"
"405","One shore; 2 additional","common",20.2020202020202,18.7275228673093,17.8015437812624,NA,NA,"SRS"
"406","One shore; 2 additional","common",25.2525252525253,16.686514857567,17.8015437812624,NA,NA,"SRS"
"407","One shore; 2 additional","common",30.3030303030303,15.1851452685923,17.8015437812624,NA,NA,"SRS"
"408","One shore; 2 additional","common",35.3535353535353,14.0216466670363,17.8015437812624,NA,NA,"SRS"
"409","One shore; 2 additional","common",40.4040404040404,13.0860890109149,17.8015437812624,NA,NA,"SRS"
"410","One shore; 2 additional","common",45.4545454545455,12.3128209994481,17.8015437812624,NA,NA,"SRS"
"411","One shore; 2 additional","common",50.5050505050505,11.6599093353262,17.8015437812624,NA,NA,"SRS"
"412","One shore; 2 additional","common",55.5555555555556,11.0991554976608,17.8015437812624,NA,NA,"SRS"
"413","One shore; 2 additional","common",60.6060606060606,10.6108087031279,17.8015437812624,NA,NA,"SRS"
"414","One shore; 2 additional","common",65.6565656565656,10.1805699597357,17.8015437812624,NA,NA,"SRS"
"415","One shore; 2 additional","common",70.7070707070707,9.79779961634608,17.8015437812624,NA,NA,"SRS"
"416","One shore; 2 additional","common",75.7575757575758,9.4543959887303,17.8015437812624,NA,NA,"SRS"
"417","One shore; 2 additional","common",80.8080808080808,9.14406709391946,17.8015437812624,NA,NA,"SRS"
"418","One shore; 2 additional","common",85.8585858585859,8.86184241068215,17.8015437812624,NA,NA,"SRS"
"419","One shore; 2 additional","common",90.9090909090909,8.6037364746996,17.8015437812624,NA,NA,"SRS"
"420","One shore; 2 additional","common",95.959595959596,8.366511502028,17.8015437812624,NA,NA,"SRS"
"421","One shore; 2 additional","common",101.010101010101,8.14750634680169,17.8015437812624,NA,NA,"SRS"
"422","One shore; 2 additional","common",106.060606060606,7.94451095005654,17.8015437812624,NA,NA,"SRS"
"423","One shore; 2 additional","common",111.111111111111,7.75567264381305,17.8015437812624,NA,NA,"SRS"
"424","One shore; 2 additional","common",116.161616161616,7.57942518208736,17.8015437812624,NA,NA,"SRS"
"425","One shore; 2 additional","common",121.212121212121,7.41443426078013,17.8015437812624,NA,NA,"SRS"
"426","One shore; 2 additional","common",126.262626262626,7.25955518363549,17.8015437812624,NA,NA,"SRS"
"427","One shore; 2 additional","common",131.313131313131,7.11379959959906,17.8015437812624,NA,NA,"SRS"
"428","One shore; 2 additional","common",136.363636363636,6.97630910113905,17.8015437812624,NA,NA,"SRS"
"429","One shore; 2 additional","common",141.414141414141,6.84633407199966,17.8015437812624,NA,NA,"SRS"
"430","One shore; 2 additional","common",146.464646464646,6.72321659429215,17.8015437812624,NA,NA,"SRS"
"431","One shore; 2 additional","common",151.515151515152,6.60637652558568,17.8015437812624,NA,NA,"SRS"
"432","One shore; 2 additional","common",156.565656565657,6.49530007409685,17.8015437812624,NA,NA,"SRS"
"433","One shore; 2 additional","common",161.616161616162,6.38953035917452,17.8015437812624,NA,NA,"SRS"
"434","One shore; 2 additional","common",166.666666666667,6.28865956199306,17.8015437812624,NA,NA,"SRS"
"435","One shore; 2 additional","common",171.717171717172,6.19232235937185,17.8015437812624,NA,NA,"SRS"
"436","One shore; 2 additional","common",176.767676767677,6.10019040007201,17.8015437812624,NA,NA,"SRS"
"437","One shore; 2 additional","common",181.818181818182,6.0119676335256,17.8015437812624,NA,NA,"SRS"
"438","One shore; 2 additional","common",186.868686868687,5.92738633982755,17.8015437812624,NA,NA,"SRS"
"439","One shore; 2 additional","common",191.919191919192,5.8462037399243,17.8015437812624,NA,NA,"SRS"
"440","One shore; 2 additional","common",196.969696969697,5.76819908841931,17.8015437812624,NA,NA,"SRS"
"441","One shore; 2 additional","common",202.020202020202,5.69317116986969,17.8015437812624,NA,NA,"SRS"
"442","One shore; 2 additional","common",207.070707070707,5.62093613404448,17.8015437812624,NA,NA,"SRS"
"443","One shore; 2 additional","common",212.121212121212,5.5513256172339,17.8015437812624,NA,NA,"SRS"
"444","One shore; 2 additional","common",217.171717171717,5.48418510600295,17.8015437812624,NA,NA,"SRS"
"445","One shore; 2 additional","common",222.222222222222,5.41937250727474,17.8015437812624,NA,NA,"SRS"
"446","One shore; 2 additional","common",227.272727272727,5.35675689469603,17.8015437812624,NA,NA,"SRS"
"447","One shore; 2 additional","common",232.323232323232,5.29621740617399,17.8015437812624,NA,NA,"SRS"
"448","One shore; 2 additional","common",237.373737373737,5.2376422715113,17.8015437812624,NA,NA,"SRS"
"449","One shore; 2 additional","common",242.424242424242,5.18092795238359,17.8015437812624,NA,NA,"SRS"
"450","One shore; 2 additional","common",247.474747474747,5.12597837964161,17.8015437812624,NA,NA,"SRS"
"451","One shore; 2 additional","common",252.525252525253,5.07270427518916,17.8015437812624,NA,NA,"SRS"
"452","One shore; 2 additional","common",257.575757575758,5.02102254757646,17.8015437812624,NA,NA,"SRS"
"453","One shore; 2 additional","common",262.626262626263,4.97085575202605,17.8015437812624,NA,NA,"SRS"
"454","One shore; 2 additional","common",267.676767676768,4.92213160693101,17.8015437812624,NA,NA,"SRS"
"455","One shore; 2 additional","common",272.727272727273,4.87478255997867,17.8015437812624,NA,NA,"SRS"
"456","One shore; 2 additional","common",277.777777777778,4.82874539799308,17.8015437812624,NA,NA,"SRS"
"457","One shore; 2 additional","common",282.828282828283,4.78396089538558,17.8015437812624,NA,NA,"SRS"
"458","One shore; 2 additional","common",287.878787878788,4.74037349678019,17.8015437812624,NA,NA,"SRS"
"459","One shore; 2 additional","common",292.929292929293,4.69793102995728,17.8015437812624,NA,NA,"SRS"
"460","One shore; 2 additional","common",297.979797979798,4.65658444575244,17.8015437812624,NA,NA,"SRS"
"461","One shore; 2 additional","common",303.030303030303,4.61628758197073,17.8015437812624,NA,NA,"SRS"
"462","One shore; 2 additional","common",308.080808080808,4.57699694874005,17.8015437812624,NA,NA,"SRS"
"463","One shore; 2 additional","common",313.131313131313,4.53867153304112,17.8015437812624,NA,NA,"SRS"
"464","One shore; 2 additional","common",318.181818181818,4.50127262042244,17.8015437812624,NA,NA,"SRS"
"465","One shore; 2 additional","common",323.232323232323,4.46476363214362,17.8015437812624,NA,NA,"SRS"
"466","One shore; 2 additional","common",328.282828282828,4.42910997619422,17.8015437812624,NA,NA,"SRS"
"467","One shore; 2 additional","common",333.333333333333,4.39427891081283,17.8015437812624,NA,NA,"SRS"
"468","One shore; 2 additional","common",338.383838383838,4.3602394192861,17.8015437812624,NA,NA,"SRS"
"469","One shore; 2 additional","common",343.434343434343,4.32696209494262,17.8015437812624,NA,NA,"SRS"
"470","One shore; 2 additional","common",348.484848484848,4.29441903537529,17.8015437812624,NA,NA,"SRS"
"471","One shore; 2 additional","common",353.535353535354,4.26258374503003,17.8015437812624,NA,NA,"SRS"
"472","One shore; 2 additional","common",358.585858585859,4.23143104539019,17.8015437812624,NA,NA,"SRS"
"473","One shore; 2 additional","common",363.636363636364,4.20093699206673,17.8015437812624,NA,NA,"SRS"
"474","One shore; 2 additional","common",368.686868686869,4.17107879817557,17.8015437812624,NA,NA,"SRS"
"475","One shore; 2 additional","common",373.737373737374,4.14183476344668,17.8015437812624,NA,NA,"SRS"
"476","One shore; 2 additional","common",378.787878787879,4.113184208565,17.8015437812624,NA,NA,"SRS"
"477","One shore; 2 additional","common",383.838383838384,4.08510741429332,17.8015437812624,NA,NA,"SRS"
"478","One shore; 2 additional","common",388.888888888889,4.05758556497093,17.8015437812624,NA,NA,"SRS"
"479","One shore; 2 additional","common",393.939393939394,4.03060069602138,17.8015437812624,NA,NA,"SRS"
"480","One shore; 2 additional","common",398.989898989899,4.00413564513745,17.8015437812624,NA,NA,"SRS"
"481","One shore; 2 additional","common",404.040404040404,3.97817400684308,17.8015437812624,NA,NA,"SRS"
"482","One shore; 2 additional","common",409.090909090909,3.95270009015943,17.8015437812624,NA,NA,"SRS"
"483","One shore; 2 additional","common",414.141414141414,3.92769887912795,17.8015437812624,NA,NA,"SRS"
"484","One shore; 2 additional","common",419.191919191919,3.90315599596512,17.8015437812624,NA,NA,"SRS"
"485","One shore; 2 additional","common",424.242424242424,3.87905766664442,17.8015437812624,NA,NA,"SRS"
"486","One shore; 2 additional","common",429.292929292929,3.85539068871861,17.8015437812624,NA,NA,"SRS"
"487","One shore; 2 additional","common",434.343434343434,3.83214240121227,17.8015437812624,NA,NA,"SRS"
"488","One shore; 2 additional","common",439.393939393939,3.80930065642891,17.8015437812624,NA,NA,"SRS"
"489","One shore; 2 additional","common",444.444444444444,3.78685379353065,17.8015437812624,NA,NA,"SRS"
"490","One shore; 2 additional","common",449.494949494949,3.76479061376012,17.8015437812624,NA,NA,"SRS"
"491","One shore; 2 additional","common",454.545454545455,3.74310035718545,17.8015437812624,NA,NA,"SRS"
"492","One shore; 2 additional","common",459.59595959596,3.72177268085903,17.8015437812624,NA,NA,"SRS"
"493","One shore; 2 additional","common",464.646464646465,3.70079763828943,17.8015437812624,NA,NA,"SRS"
"494","One shore; 2 additional","common",469.69696969697,3.68016566013442,17.8015437812624,NA,NA,"SRS"
"495","One shore; 2 additional","common",474.747474747475,3.65986753603013,17.8015437812624,NA,NA,"SRS"
"496","One shore; 2 additional","common",479.79797979798,3.63989439747811,17.8015437812624,NA,NA,"SRS"
"497","One shore; 2 additional","common",484.848484848485,3.62023770171851,17.8015437812624,NA,NA,"SRS"
"498","One shore; 2 additional","common",489.89898989899,3.60088921652271,17.8015437812624,NA,NA,"SRS"
"499","One shore; 2 additional","common",494.949494949495,3.5818410058443,17.8015437812624,NA,NA,"SRS"
"500","One shore; 2 additional","common",500,3.56308541627168,17.8015437812624,NA,NA,"SRS"
"501","One shore; 2 additional","rare",0,135.585631789916,118.957736813636,NA,NA,"SRS"
"502","One shore; 2 additional","rare",5.05050505050505,128.843345392555,118.957736813636,NA,NA,"SRS"
"503","One shore; 2 additional","rare",10.1010101010101,122.436333649771,118.957736813636,NA,NA,"SRS"
"504","One shore; 2 additional","rare",15.1515151515152,116.347924310139,118.957736813636,NA,NA,"SRS"
"505","One shore; 2 additional","rare",20.2020202020202,110.5622741857,118.957736813636,NA,NA,"SRS"
"506","One shore; 2 additional","rare",25.2525252525253,105.064327925003,118.957736813636,NA,NA,"SRS"
"507","One shore; 2 additional","rare",30.3030303030303,99.8397788362454,118.957736813636,NA,NA,"SRS"
"508","One shore; 2 additional","rare",35.3535353535353,94.8750316585638,118.957736813636,NA,NA,"SRS"
"509","One shore; 2 additional","rare",40.4040404040404,90.1571671846061,118.957736813636,NA,NA,"SRS"
"510","One shore; 2 additional","rare",45.4545454545455,85.67390864232,118.957736813636,NA,NA,"SRS"
"511","One shore; 2 additional","rare",50.5050505050505,81.4135897484795,118.957736813636,NA,NA,"SRS"
"512","One shore; 2 additional","rare",55.5555555555556,77.3651243508182,118.957736813636,NA,NA,"SRS"
"513","One shore; 2 additional","rare",60.6060606060606,73.5179775797731,118.957736813636,NA,NA,"SRS"
"514","One shore; 2 additional","rare",65.6565656565656,69.8621384347696,118.957736813636,NA,NA,"SRS"
"515","One shore; 2 additional","rare",70.7070707070707,66.3880937337119,118.957736813636,NA,NA,"SRS"
"516","One shore; 2 additional","rare",75.7575757575758,63.0868033578917,118.957736813636,NA,NA,"SRS"
"517","One shore; 2 additional","rare",80.8080808080808,59.9496767278962,118.957736813636,NA,NA,"SRS"
"518","One shore; 2 additional","rare",85.8585858585859,56.9685504493021,118.957736813636,NA,NA,"SRS"
"519","One shore; 2 additional","rare",90.9090909090909,54.1356670699861,118.957736813636,NA,NA,"SRS"
"520","One shore; 2 additional","rare",95.959595959596,51.4436548937726,118.957736813636,NA,NA,"SRS"
"521","One shore; 2 additional","rare",101.010101010101,48.8855087978924,118.957736813636,NA,NA,"SRS"
"522","One shore; 2 additional","rare",106.060606060606,46.4545720043329,118.957736813636,NA,NA,"SRS"
"523","One shore; 2 additional","rare",111.111111111111,44.1445187576485,118.957736813636,NA,NA,"SRS"
"524","One shore; 2 additional","rare",116.161616161616,41.9493378641529,118.957736813636,NA,NA,"SRS"
"525","One shore; 2 additional","rare",121.212121212121,39.8633170496611,118.957736813636,NA,NA,"SRS"
"526","One shore; 2 additional","rare",126.262626262626,37.8810280950757,118.957736813636,NA,NA,"SRS"
"527","One shore; 2 additional","rare",131.313131313131,35.9973127111387,118.957736813636,NA,NA,"SRS"
"528","One shore; 2 additional","rare",136.363636363636,34.2072691155907,118.957736813636,NA,NA,"SRS"
"529","One shore; 2 additional","rare",141.414141414141,32.5062392778105,118.957736813636,NA,NA,"SRS"
"530","One shore; 2 additional","rare",146.464646464646,30.889796797742,118.957736813636,NA,NA,"SRS"
"531","One shore; 2 additional","rare",151.515151515152,29.3537353875671,118.957736813636,NA,NA,"SRS"
"532","One shore; 2 additional","rare",156.565656565657,27.894057926153,118.957736813636,NA,NA,"SRS"
"533","One shore; 2 additional","rare",161.616161616162,26.5069660577896,118.957736813636,NA,NA,"SRS"
"534","One shore; 2 additional","rare",166.666666666667,25.1888503081527,118.957736813636,NA,NA,"SRS"
"535","One shore; 2 additional","rare",171.717171717172,23.9362806917721,118.957736813636,NA,NA,"SRS"
"536","One shore; 2 additional","rare",176.767676767677,22.7459977865626,118.957736813636,NA,NA,"SRS"
"537","One shore; 2 additional","rare",181.818181818182,21.6149042521948,118.957736813636,NA,NA,"SRS"
"538","One shore; 2 additional","rare",186.868686868687,20.5400567702312,118.957736813636,NA,NA,"SRS"
"539","One shore; 2 additional","rare",191.919191919192,19.5186583850576,118.957736813636,NA,NA,"SRS"
"540","One shore; 2 additional","rare",196.969696969697,18.5480512256779,118.957736813636,NA,NA,"SRS"
"541","One shore; 2 additional","rare",202.020202020202,17.6257095894327,118.957736813636,NA,NA,"SRS"
"542","One shore; 2 additional","rare",207.070707070707,16.7492333696456,118.957736813636,NA,NA,"SRS"
"543","One shore; 2 additional","rare",212.121212121212,15.9163418100933,118.957736813636,NA,NA,"SRS"
"544","One shore; 2 additional","rare",217.171717171717,15.1248675700483,118.957736813636,NA,NA,"SRS"
"545","One shore; 2 additional","rare",222.222222222222,14.3727510844502,118.957736813636,NA,NA,"SRS"
"546","One shore; 2 additional","rare",227.272727272727,13.6580352045294,118.957736813636,NA,NA,"SRS"
"547","One shore; 2 additional","rare",232.323232323232,12.9788601049373,118.957736813636,NA,NA,"SRS"
"548","One shore; 2 additional","rare",237.373737373737,12.3334584441303,118.957736813636,NA,NA,"SRS"
"549","One shore; 2 additional","rare",242.424242424242,11.7201507654146,118.957736813636,NA,NA,"SRS"
"550","One shore; 2 additional","rare",247.474747474747,11.137341126683,118.957736813636,NA,NA,"SRS"
"551","One shore; 2 additional","rare",252.525252525253,10.5835129474733,118.957736813636,NA,NA,"SRS"
"552","One shore; 2 additional","rare",257.575757575758,10.0572250625401,118.957736813636,NA,NA,"SRS"
"553","One shore; 2 additional","rare",262.626262626263,9.5571079716714,118.957736813636,NA,NA,"SRS"
"554","One shore; 2 additional","rare",267.676767676768,9.08186027599112,118.957736813636,NA,NA,"SRS"
"555","One shore; 2 additional","rare",272.727272727273,8.63024529147397,118.957736813636,NA,NA,"SRS"
"556","One shore; 2 additional","rare",277.777777777778,8.20108783086078,118.957736813636,NA,NA,"SRS"
"557","One shore; 2 additional","rare",282.828282828283,7.79327114559981,118.957736813636,NA,NA,"SRS"
"558","One shore; 2 additional","rare",287.878787878788,7.40573401985672,118.957736813636,NA,NA,"SRS"
"559","One shore; 2 additional","rare",292.929292929293,7.03746800903101,118.957736813636,NA,NA,"SRS"
"560","One shore; 2 additional","rare",297.979797979798,6.68751481559327,118.957736813636,NA,NA,"SRS"
"561","One shore; 2 additional","rare",303.030303030303,6.35496379541445,118.957736813636,NA,NA,"SRS"
"562","One shore; 2 additional","rare",308.080808080808,6.03894958809833,118.957736813636,NA,NA,"SRS"
"563","One shore; 2 additional","rare",313.131313131313,5.73864986515074,118.957736813636,NA,NA,"SRS"
"564","One shore; 2 additional","rare",318.181818181818,5.45328319012594,118.957736813636,NA,NA,"SRS"
"565","One shore; 2 additional","rare",323.232323232323,5.18210698518179,118.957736813636,NA,NA,"SRS"
"566","One shore; 2 additional","rare",328.282828282828,4.9244155987523,118.957736813636,NA,NA,"SRS"
"567","One shore; 2 additional","rare",333.333333333333,4.67953846930937,118.957736813636,NA,NA,"SRS"
"568","One shore; 2 additional","rare",338.383838383838,4.44683838043535,118.957736813636,NA,NA,"SRS"
"569","One shore; 2 additional","rare",343.434343434343,4.22570980266592,118.957736813636,NA,NA,"SRS"
"570","One shore; 2 additional","rare",348.484848484848,4.01557731778835,118.957736813636,NA,NA,"SRS"
"571","One shore; 2 additional","rare",353.535353535354,3.8158941214949,118.957736813636,NA,NA,"SRS"
"572","One shore; 2 additional","rare",358.585858585859,3.62614060049506,118.957736813636,NA,NA,"SRS"
"573","One shore; 2 additional","rare",363.636363636364,3.44582298038381,118.957736813636,NA,NA,"SRS"
"574","One shore; 2 additional","rare",368.686868686869,3.27447204074771,118.957736813636,NA,NA,"SRS"
"575","One shore; 2 additional","rare",373.737373737374,3.11164189416491,118.957736813636,NA,NA,"SRS"
"576","One shore; 2 additional","rare",378.787878787879,2.95690882592215,118.957736813636,NA,NA,"SRS"
"577","One shore; 2 additional","rare",383.838383838384,2.80987019142921,118.957736813636,NA,NA,"SRS"
"578","One shore; 2 additional","rare",388.888888888889,2.67014336846187,118.957736813636,NA,NA,"SRS"
"579","One shore; 2 additional","rare",393.939393939394,2.53736476150682,118.957736813636,NA,NA,"SRS"
"580","One shore; 2 additional","rare",398.989898989899,2.41118885561763,118.957736813636,NA,NA,"SRS"
"581","One shore; 2 additional","rare",404.040404040404,2.29128731731976,118.957736813636,NA,NA,"SRS"
"582","One shore; 2 additional","rare",409.090909090909,2.17734814022503,118.957736813636,NA,NA,"SRS"
"583","One shore; 2 additional","rare",414.141414141414,2.06907483313225,118.957736813636,NA,NA,"SRS"
"584","One shore; 2 additional","rare",419.191919191919,1.9661856485012,118.957736813636,NA,NA,"SRS"
"585","One shore; 2 additional","rare",424.242424242424,1.86841284929253,118.957736813636,NA,NA,"SRS"
"586","One shore; 2 additional","rare",429.292929292929,1.7755020122655,118.957736813636,NA,NA,"SRS"
"587","One shore; 2 additional","rare",434.343434343434,1.6872113659208,118.957736813636,NA,NA,"SRS"
"588","One shore; 2 additional","rare",439.393939393939,1.60331116136559,118.957736813636,NA,NA,"SRS"
"589","One shore; 2 additional","rare",444.444444444444,1.52358307446357,118.957736813636,NA,NA,"SRS"
"590","One shore; 2 additional","rare",449.494949494949,1.44781963771444,118.957736813636,NA,NA,"SRS"
"591","One shore; 2 additional","rare",454.545454545455,1.37582370038445,118.957736813636,NA,NA,"SRS"
"592","One shore; 2 additional","rare",459.59595959596,1.30740791548297,118.957736813636,NA,NA,"SRS"
"593","One shore; 2 additional","rare",464.646464646465,1.24239425225041,118.957736813636,NA,NA,"SRS"
"594","One shore; 2 additional","rare",469.69696969697,1.18061353288859,118.957736813636,NA,NA,"SRS"
"595","One shore; 2 additional","rare",474.747474747475,1.12190499232827,118.957736813636,NA,NA,"SRS"
"596","One shore; 2 additional","rare",479.79797979798,1.06611585988814,118.957736813636,NA,NA,"SRS"
"597","One shore; 2 additional","rare",484.848484848485,1.01310096173675,118.957736813636,NA,NA,"SRS"
"598","One shore; 2 additional","rare",489.89898989899,0.962722343122828,118.957736813636,NA,NA,"SRS"
"599","One shore; 2 additional","rare",494.949494949495,0.914848909391072,118.957736813636,NA,NA,"SRS"
"600","One shore; 2 additional","rare",500,0.869356084849122,118.957736813636,NA,NA,"SRS"
"601","One shore; one middle","common",0,Inf,17.9577124476393,NA,NA,"SRS"
"602","One shore; one middle","common",5.05050505050505,39.0720254875052,17.9577124476393,NA,NA,"SRS"
"603","One shore; one middle","common",10.1010101010101,25.66411400149,17.9577124476393,NA,NA,"SRS"
"604","One shore; one middle","common",15.1515151515152,20.0700024611907,17.9577124476393,NA,NA,"SRS"
"605","One shore; one middle","common",20.2020202020202,16.8572460542672,17.9577124476393,NA,NA,"SRS"
"606","One shore; one middle","common",25.2525252525253,14.7238703375685,17.9577124476393,NA,NA,"SRS"
"607","One shore; one middle","common",30.3030303030303,13.1828034187503,17.9577124476393,NA,NA,"SRS"
"608","One shore; one middle","common",35.3535353535353,12.0063870954078,17.9577124476393,NA,NA,"SRS"
"609","One shore; one middle","common",40.4040404040404,11.0725328183006,17.9577124476393,NA,NA,"SRS"
"610","One shore; one middle","common",45.4545454545455,10.3092940221646,17.9577124476393,NA,NA,"SRS"
"611","One shore; one middle","common",50.5050505050505,9.67124386749169,17.9577124476393,NA,NA,"SRS"
"612","One shore; one middle","common",55.5555555555556,9.12814414255658,17.9577124476393,NA,NA,"SRS"
"613","One shore; one middle","common",60.6060606060606,8.65900770632512,17.9577124476393,NA,NA,"SRS"
"614","One shore; one middle","common",65.6565656565656,8.24876545989844,17.9577124476393,NA,NA,"SRS"
"615","One shore; one middle","common",70.7070707070707,7.88628906021525,17.9577124476393,NA,NA,"SRS"
"616","One shore; one middle","common",75.7575757575758,7.56316342002162,17.9577124476393,NA,NA,"SRS"
"617","One shore; one middle","common",80.8080808080808,7.27289514655388,17.9577124476393,NA,NA,"SRS"
"618","One shore; one middle","common",85.8585858585859,7.01038533156402,17.9577124476393,NA,NA,"SRS"
"619","One shore; one middle","common",90.9090909090909,6.77156850095525,17.9577124476393,NA,NA,"SRS"
"620","One shore; one middle","common",95.959595959596,6.55315929408904,17.9577124476393,NA,NA,"SRS"
"621","One shore; one middle","common",101.010101010101,6.35247090609342,17.9577124476393,NA,NA,"SRS"
"622","One shore; one middle","common",106.060606060606,6.16728248787362,17.9577124476393,NA,NA,"SRS"
"623","One shore; one middle","common",111.111111111111,5.99574066032283,17.9577124476393,NA,NA,"SRS"
"624","One shore; one middle","common",116.161616161616,5.83628525379939,17.9577124476393,NA,NA,"SRS"
"625","One shore; one middle","common",121.212121212121,5.68759254587334,17.9577124476393,NA,NA,"SRS"
"626","One shore; one middle","common",126.262626262626,5.54853133444173,17.9577124476393,NA,NA,"SRS"
"627","One shore; one middle","common",131.313131313131,5.4181285585536,17.9577124476393,NA,NA,"SRS"
"628","One shore; one middle","common",136.363636363636,5.29554211271049,17.9577124476393,NA,NA,"SRS"
"629","One shore; one middle","common",141.414141414141,5.18003914475309,17.9577124476393,NA,NA,"SRS"
"630","One shore; one middle","common",146.464646464646,5.07097857917309,17.9577124476393,NA,NA,"SRS"
"631","One shore; one middle","common",151.515151515152,4.96779692891542,17.9577124476393,NA,NA,"SRS"
"632","One shore; one middle","common",156.565656565657,4.86999669017705,17.9577124476393,NA,NA,"SRS"
"633","One shore; one middle","common",161.616161616162,4.77713678349568,17.9577124476393,NA,NA,"SRS"
"634","One shore; one middle","common",166.666666666667,4.68882462891,17.9577124476393,NA,NA,"SRS"
"635","One shore; one middle","common",171.717171717172,4.60470953575639,17.9577124476393,NA,NA,"SRS"
"636","One shore; one middle","common",176.767676767677,4.52447715749909,17.9577124476393,NA,NA,"SRS"
"637","One shore; one middle","common",181.818181818182,4.44784481503241,17.9577124476393,NA,NA,"SRS"
"638","One shore; one middle","common",186.868686868687,4.37455753252733,17.9577124476393,NA,NA,"SRS"
"639","One shore; one middle","common",191.919191919192,4.30438466127657,17.9577124476393,NA,NA,"SRS"
"640","One shore; one middle","common",196.969696969697,4.23711699141085,17.9577124476393,NA,NA,"SRS"
"641","One shore; one middle","common",202.020202020202,4.17256427049745,17.9577124476393,NA,NA,"SRS"
"642","One shore; one middle","common",207.070707070707,4.11055306313261,17.9577124476393,NA,NA,"SRS"
"643","One shore; one middle","common",212.121212121212,4.05092489763032,17.9577124476393,NA,NA,"SRS"
"644","One shore; one middle","common",217.171717171717,3.99353465548946,17.9577124476393,NA,NA,"SRS"
"645","One shore; one middle","common",222.222222222222,3.93824916701852,17.9577124476393,NA,NA,"SRS"
"646","One shore; one middle","common",227.272727272727,3.88494598271499,17.9577124476393,NA,NA,"SRS"
"647","One shore; one middle","common",232.323232323232,3.83351229504652,17.9577124476393,NA,NA,"SRS"
"648","One shore; one middle","common",237.373737373737,3.78384398940158,17.9577124476393,NA,NA,"SRS"
"649","One shore; one middle","common",242.424242424242,3.73584480635632,17.9577124476393,NA,NA,"SRS"
"650","One shore; one middle","common",247.474747474747,3.68942560018736,17.9577124476393,NA,NA,"SRS"
"651","One shore; one middle","common",252.525252525253,3.64450368086213,17.9577124476393,NA,NA,"SRS"
"652","One shore; one middle","common",257.575757575758,3.60100222865023,17.9577124476393,NA,NA,"SRS"
"653","One shore; one middle","common",262.626262626263,3.55884977209373,17.9577124476393,NA,NA,"SRS"
"654","One shore; one middle","common",267.676767676768,3.51797972140861,17.9577124476393,NA,NA,"SRS"
"655","One shore; one middle","common",272.727272727273,3.47832995051035,17.9577124476393,NA,NA,"SRS"
"656","One shore; one middle","common",277.777777777778,3.43984242180171,17.9577124476393,NA,NA,"SRS"
"657","One shore; one middle","common",282.828282828283,3.40246284865976,17.9577124476393,NA,NA,"SRS"
"658","One shore; one middle","common",287.878787878788,3.36614039123722,17.9577124476393,NA,NA,"SRS"
"659","One shore; one middle","common",292.929292929293,3.33082738177036,17.9577124476393,NA,NA,"SRS"
"660","One shore; one middle","common",297.979797979798,3.29647907607813,17.9577124476393,NA,NA,"SRS"
"661","One shore; one middle","common",303.030303030303,3.26305342835908,17.9577124476393,NA,NA,"SRS"
"662","One shore; one middle","common",308.080808080808,3.23051088675448,17.9577124476393,NA,NA,"SRS"
"663","One shore; one middle","common",313.131313131313,3.19881420745774,17.9577124476393,NA,NA,"SRS"
"664","One shore; one middle","common",318.181818181818,3.16792828541905,17.9577124476393,NA,NA,"SRS"
"665","One shore; one middle","common",323.232323232323,3.13781999992682,17.9577124476393,NA,NA,"SRS"
"666","One shore; one middle","common",328.282828282828,3.10845807354926,17.9577124476393,NA,NA,"SRS"
"667","One shore; one middle","common",333.333333333333,3.07981294309459,17.9577124476393,NA,NA,"SRS"
"668","One shore; one middle","common",338.383838383838,3.05185664140138,17.9577124476393,NA,NA,"SRS"
"669","One shore; one middle","common",343.434343434343,3.02456268890363,17.9577124476393,NA,NA,"SRS"
"670","One shore; one middle","common",348.484848484848,2.99790599403204,17.9577124476393,NA,NA,"SRS"
"671","One shore; one middle","common",353.535353535354,2.97186276161513,17.9577124476393,NA,NA,"SRS"
"672","One shore; one middle","common",358.585858585859,2.94641040853371,17.9577124476393,NA,NA,"SRS"
"673","One shore; one middle","common",363.636363636364,2.92152748596132,17.9577124476393,NA,NA,"SRS"
"674","One shore; one middle","common",368.686868686869,2.89719360759304,17.9577124476393,NA,NA,"SRS"
"675","One shore; one middle","common",373.737373737374,2.87338938332645,17.9577124476393,NA,NA,"SRS"
"676","One shore; one middle","common",378.787878787879,2.85009635791343,17.9577124476393,NA,NA,"SRS"
"677","One shore; one middle","common",383.838383838384,2.82729695414928,17.9577124476393,NA,NA,"SRS"
"678","One shore; one middle","common",388.888888888889,2.80497442020919,17.9577124476393,NA,NA,"SRS"
"679","One shore; one middle","common",393.939393939394,2.7831127807795,17.9577124476393,NA,NA,"SRS"
"680","One shore; one middle","common",398.989898989899,2.76169679166602,17.9577124476393,NA,NA,"SRS"
"681","One shore; one middle","common",404.040404040404,2.74071189759115,17.9577124476393,NA,NA,"SRS"
"682","One shore; one middle","common",409.090909090909,2.72014419291946,17.9577124476393,NA,NA,"SRS"
"683","One shore; one middle","common",414.141414141414,2.69998038507486,17.9577124476393,NA,NA,"SRS"
"684","One shore; one middle","common",419.191919191919,2.6802077604349,17.9577124476393,NA,NA,"SRS"
"685","One shore; one middle","common",424.242424242424,2.66081415250676,17.9577124476393,NA,NA,"SRS"
"686","One shore; one middle","common",429.292929292929,2.64178791220714,17.9577124476393,NA,NA,"SRS"
"687","One shore; one middle","common",434.343434343434,2.62311788008425,17.9577124476393,NA,NA,"SRS"
"688","One shore; one middle","common",439.393939393939,2.60479336033386,17.9577124476393,NA,NA,"SRS"
"689","One shore; one middle","common",444.444444444444,2.58680409647454,17.9577124476393,NA,NA,"SRS"
"690","One shore; one middle","common",449.494949494949,2.56914024855865,17.9577124476393,NA,NA,"SRS"
"691","One shore; one middle","common",454.545454545455,2.55179237180607,17.9577124476393,NA,NA,"SRS"
"692","One shore; one middle","common",459.59595959596,2.53475139655714,17.9577124476393,NA,NA,"SRS"
"693","One shore; one middle","common",464.646464646465,2.51800860944999,17.9577124476393,NA,NA,"SRS"
"694","One shore; one middle","common",469.69696969697,2.50155563573484,17.9577124476393,NA,NA,"SRS"
"695","One shore; one middle","common",474.747474747475,2.48538442264553,17.9577124476393,NA,NA,"SRS"
"696","One shore; one middle","common",479.79797979798,2.46948722375436,17.9577124476393,NA,NA,"SRS"
"697","One shore; one middle","common",484.848484848485,2.45385658424243,17.9577124476393,NA,NA,"SRS"
"698","One shore; one middle","common",489.89898989899,2.43848532702324,17.9577124476393,NA,NA,"SRS"
"699","One shore; one middle","common",494.949494949495,2.42336653966157,17.9577124476393,NA,NA,"SRS"
"700","One shore; one middle","common",500,2.40849356203478,17.9577124476393,NA,NA,"SRS"
"701","One shore; one middle","rare",0,Inf,165.088469460702,NA,NA,"SRS"
"702","One shore; one middle","rare",5.05050505050505,149.104515233063,164.789836271537,NA,NA,"SRS"
"703","One shore; one middle","rare",10.1010101010101,126.357701014617,164.789836271537,NA,NA,"SRS"
"704","One shore; one middle","rare",15.1515151515152,113.051667685955,164.789836271537,NA,NA,"SRS"
"705","One shore; one middle","rare",20.2020202020202,103.610886796171,164.789836271537,NA,NA,"SRS"
"706","One shore; one middle","rare",25.2525252525253,96.2880482300695,164.789836271537,NA,NA,"SRS"
"707","One shore; one middle","rare",30.3030303030303,90.3048534675088,164.789836271537,NA,NA,"SRS"
"708","One shore; one middle","rare",35.3535353535353,85.2461343757782,164.789836271537,NA,NA,"SRS"
"709","One shore; one middle","rare",40.4040404040404,80.8640725777245,164.789836271537,NA,NA,"SRS"
"710","One shore; one middle","rare",45.4545454545455,76.998820138847,164.789836271537,NA,NA,"SRS"
"711","One shore; one middle","rare",50.5050505050505,73.5412340116234,164.789836271537,NA,NA,"SRS"
"712","One shore; one middle","rare",55.5555555555556,70.4134669025019,164.789836271537,NA,NA,"SRS"
"713","One shore; one middle","rare",60.6060606060606,67.5580392490627,164.789836271537,NA,NA,"SRS"
"714","One shore; one middle","rare",65.6565656565656,64.9313004379483,164.789836271537,NA,NA,"SRS"
"715","One shore; one middle","rare",70.7070707070707,62.4993201573321,164.789836271537,NA,NA,"SRS"
"716","One shore; one middle","rare",75.7575757575758,60.2352006829616,164.789836271537,NA,NA,"SRS"
"717","One shore; one middle","rare",80.8080808080808,58.1172583592784,164.789836271537,NA,NA,"SRS"
"718","One shore; one middle","rare",85.8585858585859,56.1277573583395,164.789836271537,NA,NA,"SRS"
"719","One shore; one middle","rare",90.9090909090909,54.2520059204009,164.789836271537,NA,NA,"SRS"
"720","One shore; one middle","rare",95.959595959596,52.4776972713358,164.789836271537,NA,NA,"SRS"
"721","One shore; one middle","rare",101.010101010101,50.7944197931772,164.789836271537,NA,NA,"SRS"
"722","One shore; one middle","rare",106.060606060606,49.1932868286703,164.789836271537,NA,NA,"SRS"
"723","One shore; one middle","rare",111.111111111111,47.6666526840558,164.789836271537,NA,NA,"SRS"
"724","One shore; one middle","rare",116.161616161616,46.2078918130033,164.789836271537,NA,NA,"SRS"
"725","One shore; one middle","rare",121.212121212121,44.8112250306166,164.789836271537,NA,NA,"SRS"
"726","One shore; one middle","rare",126.262626262626,43.4715812270761,164.789836271537,NA,NA,"SRS"
"727","One shore; one middle","rare",131.313131313131,42.1844862195022,164.789836271537,NA,NA,"SRS"
"728","One shore; one middle","rare",136.363636363636,40.9459725917391,164.789836271537,NA,NA,"SRS"
"729","One shore; one middle","rare",141.414141414141,39.752505938886,164.789836271537,NA,NA,"SRS"
"730","One shore; one middle","rare",146.464646464646,38.600924060154,164.789836271537,NA,NA,"SRS"
"731","One shore; one middle","rare",151.515151515152,37.4883864645155,164.789836271537,NA,NA,"SRS"
"732","One shore; one middle","rare",156.565656565657,36.4123321589814,164.789836271537,NA,NA,"SRS"
"733","One shore; one middle","rare",161.616161616162,35.3704441408323,164.789836271537,NA,NA,"SRS"
"734","One shore; one middle","rare",166.666666666667,34.360619355394,164.789836271537,NA,NA,"SRS"
"735","One shore; one middle","rare",171.717171717172,33.3809431398933,164.789836271537,NA,NA,"SRS"
"736","One shore; one middle","rare",176.767676767677,32.4296673727849,164.789836271537,NA,NA,"SRS"
"737","One shore; one middle","rare",181.818181818182,31.5051917019548,164.789836271537,NA,NA,"SRS"
"738","One shore; one middle","rare",186.868686868687,30.6060473454423,164.789836271537,NA,NA,"SRS"
"739","One shore; one middle","rare",191.919191919192,29.7308830528897,164.789836271537,NA,NA,"SRS"
"740","One shore; one middle","rare",196.969696969697,28.8784528908404,164.789836271537,NA,NA,"SRS"
"741","One shore; one middle","rare",202.020202020202,28.0476055747311,164.789836271537,NA,NA,"SRS"
"742","One shore; one middle","rare",207.070707070707,27.2372751183517,164.789836271537,NA,NA,"SRS"
"743","One shore; one middle","rare",212.121212121212,26.4464726102242,164.789836271537,NA,NA,"SRS"
"744","One shore; one middle","rare",217.171717171717,25.6742789577521,164.789836271537,NA,NA,"SRS"
"745","One shore; one middle","rare",222.222222222222,24.9198384656097,164.789836271537,NA,NA,"SRS"
"746","One shore; one middle","rare",227.272727272727,24.1823531358537,164.789836271537,NA,NA,"SRS"
"747","One shore; one middle","rare",232.323232323232,23.4610775945571,164.789836271537,NA,NA,"SRS"
"748","One shore; one middle","rare",237.373737373737,22.7553145640997,164.789836271537,NA,NA,"SRS"
"749","One shore; one middle","rare",242.424242424242,22.0644108121705,164.789836271537,NA,NA,"SRS"
"750","One shore; one middle","rare",247.474747474747,21.3877535184936,164.789836271537,NA,NA,"SRS"
"751","One shore; one middle","rare",252.525252525253,20.72476700863,164.789836271537,NA,NA,"SRS"
"752","One shore; one middle","rare",257.575757575758,20.0749098112315,164.789836271537,NA,NA,"SRS"
"753","One shore; one middle","rare",262.626262626263,19.4376720010561,164.789836271537,NA,NA,"SRS"
"754","One shore; one middle","rare",267.676767676768,18.8125727950763,164.789836271537,NA,NA,"SRS"
"755","One shore; one middle","rare",272.727272727273,18.199158373293,164.789836271537,NA,NA,"SRS"
"756","One shore; one middle","rare",277.777777777778,17.5969998995085,164.789836271537,NA,NA,"SRS"
"757","One shore; one middle","rare",282.828282828283,17.0056917204399,164.789836271537,NA,NA,"SRS"
"758","One shore; one middle","rare",287.878787878788,16.4248497242279,164.789836271537,NA,NA,"SRS"
"759","One shore; one middle","rare",292.929292929293,15.8541098417079,164.789836271537,NA,NA,"SRS"
"760","One shore; one middle","rare",297.979797979798,15.2931266757957,164.789836271537,NA,NA,"SRS"
"761","One shore; one middle","rare",303.030303030303,14.7415722460694,164.789836271537,NA,NA,"SRS"
"762","One shore; one middle","rare",308.080808080808,14.1991348371181,164.789836271537,NA,NA,"SRS"
"763","One shore; one middle","rare",313.131313131313,13.6655179405353,164.789836271537,NA,NA,"SRS"
"764","One shore; one middle","rare",318.181818181818,13.1404392815624,164.789836271537,NA,NA,"SRS"
"765","One shore; one middle","rare",323.232323232323,12.6236299223861,164.789836271537,NA,NA,"SRS"
"766","One shore; one middle","rare",328.282828282828,12.114833434955,164.789836271537,NA,NA,"SRS"
"767","One shore; one middle","rare",333.333333333333,11.6138051369479,164.789836271537,NA,NA,"SRS"
"768","One shore; one middle","rare",338.383838383838,11.1203113851957,164.789836271537,NA,NA,"SRS"
"769","One shore; one middle","rare",343.434343434343,10.6341289214472,164.789836271537,NA,NA,"SRS"
"770","One shore; one middle","rare",348.484848484848,10.1550442658954,164.789836271537,NA,NA,"SRS"
"771","One shore; one middle","rare",353.535353535354,9.68285315433877,164.789836271537,NA,NA,"SRS"
"772","One shore; one middle","rare",358.585858585859,9.21736001526571,164.789836271537,NA,NA,"SRS"
"773","One shore; one middle","rare",363.636363636364,8.7583774835087,164.789836271537,NA,NA,"SRS"
"774","One shore; one middle","rare",368.686868686869,8.30572594744393,164.789836271537,NA,NA,"SRS"
"775","One shore; one middle","rare",373.737373737374,7.85923312699614,164.789836271537,NA,NA,"SRS"
"776","One shore; one middle","rare",378.787878787879,7.41873367996823,164.789836271537,NA,NA,"SRS"
"777","One shore; one middle","rare",383.838383838384,6.9840688344436,164.789836271537,NA,NA,"SRS"
"778","One shore; one middle","rare",388.888888888889,6.55508604521731,164.789836271537,NA,NA,"SRS"
"779","One shore; one middle","rare",393.939393939394,6.1316386723943,164.789836271537,NA,NA,"SRS"
"780","One shore; one middle","rare",398.989898989899,5.71358568046102,164.789836271537,NA,NA,"SRS"
"781","One shore; one middle","rare",404.040404040404,5.300791356285,164.789836271537,NA,NA,"SRS"
"782","One shore; one middle","rare",409.090909090909,4.8931250446312,164.789836271537,NA,NA,"SRS"
"783","One shore; one middle","rare",414.141414141414,4.4904608999056,164.789836271537,NA,NA,"SRS"
"784","One shore; one middle","rare",419.191919191919,4.09267765294598,164.789836271537,NA,NA,"SRS"
"785","One shore; one middle","rare",424.242424242424,3.69965839177812,164.789836271537,NA,NA,"SRS"
"786","One shore; one middle","rare",429.292929292929,3.3112903553461,164.789836271537,NA,NA,"SRS"
"787","One shore; one middle","rare",434.343434343434,2.927464739306,164.789836271537,NA,NA,"SRS"
"788","One shore; one middle","rare",439.393939393939,2.54807651304608,164.789836271537,NA,NA,"SRS"
"789","One shore; one middle","rare",444.444444444444,2.17302424716357,164.789836271537,NA,NA,"SRS"
"790","One shore; one middle","rare",449.494949494949,1.80220995068956,164.789836271537,NA,NA,"SRS"
"791","One shore; one middle","rare",454.545454545455,1.43553891740757,164.789836271537,NA,NA,"SRS"
"792","One shore; one middle","rare",459.59595959596,1.07291958066369,164.789836271537,NA,NA,"SRS"
"793","One shore; one middle","rare",464.646464646465,0.714263376111035,164.789836271537,NA,NA,"SRS"
"794","One shore; one middle","rare",469.69696969697,0.359484611873484,164.789836271537,NA,NA,"SRS"
"795","One shore; one middle","rare",474.747474747475,0.00850034565357305,164.789836271537,NA,NA,"SRS"
"796","One shore; one middle","rare",479.79797979798,-0.338769731657521,164.789836271537,NA,NA,"SRS"
"797","One shore; one middle","rare",484.848484848485,-0.682403406275625,164.789836271537,NA,NA,"SRS"
"798","One shore; one middle","rare",489.89898989899,-1.02247604610443,164.789836271537,NA,NA,"SRS"
"799","One shore; one middle","rare",494.949494949495,-1.35906069995247,164.789836271537,NA,NA,"SRS"
"800","One shore; one middle","rare",500,-1.69222819171389,164.789836271537,NA,NA,"SRS"
"801","One shore; one middle; 2 additional","common",0,Inf,18.1599394108272,NA,NA,"SRS"
"802","One shore; one middle; 2 additional","common",5.05050505050505,35.5689939461951,18.1599394108272,NA,NA,"SRS"
"803","One shore; one middle; 2 additional","common",10.1010101010101,24.5477161241268,18.1599394108272,NA,NA,"SRS"
"804","One shore; one middle; 2 additional","common",15.1515151515152,19.7604461501891,18.1599394108272,NA,NA,"SRS"
"805","One shore; one middle; 2 additional","common",20.2020202020202,16.9414509677234,18.1599394108272,NA,NA,"SRS"
"806","One shore; one middle; 2 additional","common",25.2525252525253,15.0349056383037,18.1599394108272,NA,NA,"SRS"
"807","One shore; one middle; 2 additional","common",30.3030303030303,13.6375468846463,18.1599394108272,NA,NA,"SRS"
"808","One shore; one middle; 2 additional","common",35.3535353535353,12.5579174678218,18.1599394108272,NA,NA,"SRS"
"809","One shore; one middle; 2 additional","common",40.4040404040404,11.6920351954733,18.1599394108272,NA,NA,"SRS"
"810","One shore; one middle; 2 additional","common",45.4545454545455,10.9779667270093,18.1599394108272,NA,NA,"SRS"
"811","One shore; one middle; 2 additional","common",50.5050505050505,10.3762449992374,18.1599394108272,NA,NA,"SRS"
"812","One shore; one middle; 2 additional","common",55.5555555555556,9.86038410111029,18.1599394108272,NA,NA,"SRS"
"813","One shore; one middle; 2 additional","common",60.6060606060606,9.41186669660022,18.1599394108272,NA,NA,"SRS"
"814","One shore; one middle; 2 additional","common",65.6565656565656,9.01730896425999,18.1599394108272,NA,NA,"SRS"
"815","One shore; one middle; 2 additional","common",70.7070707070707,8.6667672854795,18.1599394108272,NA,NA,"SRS"
"816","One shore; one middle; 2 additional","common",75.7575757575758,8.35268053092224,18.1599394108272,NA,NA,"SRS"
"817","One shore; one middle; 2 additional","common",80.8080808080808,8.06918411372386,18.1599394108272,NA,NA,"SRS"
"818","One shore; one middle; 2 additional","common",85.8585858585859,7.81165072474792,18.1599394108272,NA,NA,"SRS"
"819","One shore; one middle; 2 additional","common",90.9090909090909,7.57637427818115,18.1599394108272,NA,NA,"SRS"
"820","One shore; one middle; 2 additional","common",95.959595959596,7.36034714935669,18.1599394108272,NA,NA,"SRS"
"821","One shore; one middle; 2 additional","common",101.010101010101,7.16109983490039,18.1599394108272,NA,NA,"SRS"
"822","One shore; one middle; 2 additional","common",106.060606060606,6.97658337643132,18.1599394108272,NA,NA,"SRS"
"823","One shore; one middle; 2 additional","common",111.111111111111,6.80508169995068,18.1599394108272,NA,NA,"SRS"
"824","One shore; one middle; 2 additional","common",116.161616161616,6.64514527841981,18.1599394108272,NA,NA,"SRS"
"825","One shore; one middle; 2 additional","common",121.212121212121,6.49554025103318,18.1599394108272,NA,NA,"SRS"
"826","One shore; one middle; 2 additional","common",126.262626262626,6.35520891860583,18.1599394108272,NA,NA,"SRS"
"827","One shore; one middle; 2 additional","common",131.313131313131,6.22323872845656,18.1599394108272,NA,NA,"SRS"
"828","One shore; one middle; 2 additional","common",136.363636363636,6.0988376751893,18.1599394108272,NA,NA,"SRS"
"829","One shore; one middle; 2 additional","common",141.414141414141,5.98131460675115,18.1599394108272,NA,NA,"SRS"
"830","One shore; one middle; 2 additional","common",146.464646464646,5.87006332100373,18.1599394108272,NA,NA,"SRS"
"831","One shore; one middle; 2 additional","common",151.515151515152,5.76454962034521,18.1599394108272,NA,NA,"SRS"
"832","One shore; one middle; 2 additional","common",156.565656565657,5.6643006958742,18.1599394108272,NA,NA,"SRS"
"833","One shore; one middle; 2 additional","common",161.616161616162,5.56889636172002,18.1599394108272,NA,NA,"SRS"
"834","One shore; one middle; 2 additional","common",166.666666666667,5.47796177043725,18.1599394108272,NA,NA,"SRS"
"835","One shore; one middle; 2 additional","common",171.717171717172,5.39116132275241,18.1599394108272,NA,NA,"SRS"
"836","One shore; one middle; 2 additional","common",176.767676767677,5.3081935471077,18.1599394108272,NA,NA,"SRS"
"837","One shore; one middle; 2 additional","common",181.818181818182,5.22878677176705,18.1599394108272,NA,NA,"SRS"
"838","One shore; one middle; 2 additional","common",186.868686868687,5.15269544858145,18.1599394108272,NA,NA,"SRS"
"839","One shore; one middle; 2 additional","common",191.919191919192,5.07969701562959,18.1599394108272,NA,NA,"SRS"
"840","One shore; one middle; 2 additional","common",196.969696969697,5.00958920787632,18.1599394108272,NA,NA,"SRS"
"841","One shore; one middle; 2 additional","common",202.020202020202,4.9421877422111,18.1599394108272,NA,NA,"SRS"
"842","One shore; one middle; 2 additional","common",207.070707070707,4.87732431684157,18.1599394108272,NA,NA,"SRS"
"843","One shore; one middle; 2 additional","common",212.121212121212,4.81484487584891,18.1599394108272,NA,NA,"SRS"
"844","One shore; one middle; 2 additional","common",217.171717171717,4.75460809838008,18.1599394108272,NA,NA,"SRS"
"845","One shore; one middle; 2 additional","common",222.222222222222,4.69648407893048,18.1599394108272,NA,NA,"SRS"
"846","One shore; one middle; 2 additional","common",227.272727272727,4.6403531708177,18.1599394108272,NA,NA,"SRS"
"847","One shore; one middle; 2 additional","common",232.323232323232,4.58610496954134,18.1599394108272,NA,NA,"SRS"
"848","One shore; one middle; 2 additional","common",237.373737373737,4.53363741647901,18.1599394108272,NA,NA,"SRS"
"849","One shore; one middle; 2 additional","common",242.424242424242,4.4828560064533,18.1599394108272,NA,NA,"SRS"
"850","One shore; one middle; 2 additional","common",247.474747474747,4.4336730852488,18.1599394108272,NA,NA,"SRS"
"851","One shore; one middle; 2 additional","common",252.525252525253,4.38600722526602,18.1599394108272,NA,NA,"SRS"
"852","One shore; one middle; 2 additional","common",257.575757575758,4.33978266925314,18.1599394108272,NA,NA,"SRS"
"853","One shore; one middle; 2 additional","common",262.626262626263,4.29492883352034,18.1599394108272,NA,NA,"SRS"
"854","One shore; one middle; 2 additional","common",267.676767676768,4.25137986326935,18.1599394108272,NA,NA,"SRS"
"855","One shore; one middle; 2 additional","common",272.727272727273,4.20907423370325,18.1599394108272,NA,NA,"SRS"
"856","One shore; one middle; 2 additional","common",277.777777777778,4.16795439145339,18.1599394108272,NA,NA,"SRS"
"857","One shore; one middle; 2 additional","common",282.828282828283,4.12796643159841,18.1599394108272,NA,NA,"SRS"
"858","One shore; one middle; 2 additional","common",287.878787878788,4.0890598061776,18.1599394108272,NA,NA,"SRS"
"859","One shore; one middle; 2 additional","common",292.929292929293,4.05118706063552,18.1599394108272,NA,NA,"SRS"
"860","One shore; one middle; 2 additional","common",297.979797979798,4.01430359509151,18.1599394108272,NA,NA,"SRS"
"861","One shore; one middle; 2 additional","common",303.030303030303,3.97836744771958,18.1599394108272,NA,NA,"SRS"
"862","One shore; one middle; 2 additional","common",308.080808080808,3.94333909786055,18.1599394108272,NA,NA,"SRS"
"863","One shore; one middle; 2 additional","common",313.131313131313,3.90918128677879,18.1599394108272,NA,NA,"SRS"
"864","One shore; one middle; 2 additional","common",318.181818181818,3.87585885422613,18.1599394108272,NA,NA,"SRS"
"865","One shore; one middle; 2 additional","common",323.232323232323,3.84333858919305,18.1599394108272,NA,NA,"SRS"
"866","One shore; one middle; 2 additional","common",328.282828282828,3.81158909341549,18.1599394108272,NA,NA,"SRS"
"867","One shore; one middle; 2 additional","common",333.333333333333,3.78058065636961,18.1599394108272,NA,NA,"SRS"
"868","One shore; one middle; 2 additional","common",338.383838383838,3.75028514063022,18.1599394108272,NA,NA,"SRS"
"869","One shore; one middle; 2 additional","common",343.434343434343,3.72067587659322,18.1599394108272,NA,NA,"SRS"
"870","One shore; one middle; 2 additional","common",348.484848484848,3.69172756567226,18.1599394108272,NA,NA,"SRS"
"871","One shore; one middle; 2 additional","common",353.535353535354,3.6634161911757,18.1599394108272,NA,NA,"SRS"
"872","One shore; one middle; 2 additional","common",358.585858585859,3.63571893615466,18.1599394108272,NA,NA,"SRS"
"873","One shore; one middle; 2 additional","common",363.636363636364,3.6086141075873,18.1599394108272,NA,NA,"SRS"
"874","One shore; one middle; 2 additional","common",368.686868686869,3.58208106633031,18.1599394108272,NA,NA,"SRS"
"875","One shore; one middle; 2 additional","common",373.737373737374,3.55610016232659,18.1599394108272,NA,NA,"SRS"
"876","One shore; one middle; 2 additional","common",378.787878787879,3.53065267460976,18.1599394108272,NA,NA,"SRS"
"877","One shore; one middle; 2 additional","common",383.838383838384,3.50572075569172,18.1599394108272,NA,NA,"SRS"
"878","One shore; one middle; 2 additional","common",388.888888888889,3.48128737996006,18.1599394108272,NA,NA,"SRS"
"879","One shore; one middle; 2 additional","common",393.939393939394,3.45733629574845,18.1599394108272,NA,NA,"SRS"
"880","One shore; one middle; 2 additional","common",398.989898989899,3.4338519807752,18.1599394108272,NA,NA,"SRS"
"881","One shore; one middle; 2 additional","common",404.040404040404,3.41081960067401,18.1599394108272,NA,NA,"SRS"
"882","One shore; one middle; 2 additional","common",409.090909090909,3.38822497036677,18.1599394108272,NA,NA,"SRS"
"883","One shore; one middle; 2 additional","common",414.141414141414,3.36605451805125,18.1599394108272,NA,NA,"SRS"
"884","One shore; one middle; 2 additional","common",419.191919191919,3.34429525159713,18.1599394108272,NA,NA,"SRS"
"885","One shore; one middle; 2 additional","common",424.242424242424,3.32293472716254,18.1599394108272,NA,NA,"SRS"
"886","One shore; one middle; 2 additional","common",429.292929292929,3.30196101985997,18.1599394108272,NA,NA,"SRS"
"887","One shore; one middle; 2 additional","common",434.343434343434,3.28136269631528,18.1599394108272,NA,NA,"SRS"
"888","One shore; one middle; 2 additional","common",439.393939393939,3.26112878897725,18.1599394108272,NA,NA,"SRS"
"889","One shore; one middle; 2 additional","common",444.444444444444,3.24124877204741,18.1599394108272,NA,NA,"SRS"
"890","One shore; one middle; 2 additional","common",449.494949494949,3.22171253891074,18.1599394108272,NA,NA,"SRS"
"891","One shore; one middle; 2 additional","common",454.545454545455,3.20251038095808,18.1599394108272,NA,NA,"SRS"
"892","One shore; one middle; 2 additional","common",459.59595959596,3.18363296769994,18.1599394108272,NA,NA,"SRS"
"893","One shore; one middle; 2 additional","common",464.646464646465,3.16507132807986,18.1599394108272,NA,NA,"SRS"
"894","One shore; one middle; 2 additional","common",469.69696969697,3.1468168329027,18.1599394108272,NA,NA,"SRS"
"895","One shore; one middle; 2 additional","common",474.747474747475,3.12886117830025,18.1599394108272,NA,NA,"SRS"
"896","One shore; one middle; 2 additional","common",479.79797979798,3.11119637016253,18.1599394108272,NA,NA,"SRS"
"897","One shore; one middle; 2 additional","common",484.848484848485,3.09381470946901,18.1599394108272,NA,NA,"SRS"
"898","One shore; one middle; 2 additional","common",489.89898989899,3.07670877845881,18.1599394108272,NA,NA,"SRS"
"899","One shore; one middle; 2 additional","common",494.949494949495,3.05987142758396,18.1599394108272,NA,NA,"SRS"
"900","One shore; one middle; 2 additional","common",500,3.04329576319376,18.1599394108272,NA,NA,"SRS"
"901","One shore; one middle; 2 additional","rare",0,133.409765220827,121.55631355135,NA,NA,"SRS"
"902","One shore; one middle; 2 additional","rare",5.05050505050505,127.158728363154,121.55631355135,NA,NA,"SRS"
"903","One shore; one middle; 2 additional","rare",10.1010101010101,121.200589568312,121.55631355135,NA,NA,"SRS"
"904","One shore; one middle; 2 additional","rare",15.1515151515152,115.521624829043,121.55631355135,NA,NA,"SRS"
"905","One shore; one middle; 2 additional","rare",20.2020202020202,110.10875318903,121.55631355135,NA,NA,"SRS"
"906","One shore; one middle; 2 additional","rare",25.2525252525253,104.949506612156,121.55631355135,NA,NA,"SRS"
"907","One shore; one middle; 2 additional","rare",30.3030303030303,100.032001263569,121.55631355135,NA,NA,"SRS"
"908","One shore; one middle; 2 additional","rare",35.3535353535353,95.3449101363913,121.55631355135,NA,NA,"SRS"
"909","One shore; one middle; 2 additional","rare",40.4040404040404,90.8774369610388,121.55631355135,NA,NA,"SRS"
"910","One shore; one middle; 2 additional","rare",45.4545454545455,86.6192913370359,121.55631355135,NA,NA,"SRS"
"911","One shore; one middle; 2 additional","rare",50.5050505050505,82.5606650300554,121.55631355135,NA,NA,"SRS"
"912","One shore; one middle; 2 additional","rare",55.5555555555556,78.6922093795816,121.55631355135,NA,NA,"SRS"
"913","One shore; one middle; 2 additional","rare",60.6060606060606,75.0050137651581,121.55631355135,NA,NA,"SRS"
"914","One shore; one middle; 2 additional","rare",65.6565656565656,71.4905850816191,121.55631355135,NA,NA,"SRS"
"915","One shore; one middle; 2 additional","rare",70.7070707070707,68.1408281760275,121.55631355135,NA,NA,"SRS"
"916","One shore; one middle; 2 additional","rare",75.7575757575758,64.9480272012588,121.55631355135,NA,NA,"SRS"
"917","One shore; one middle; 2 additional","rare",80.8080808080808,61.9048278432792,121.55631355135,NA,NA,"SRS"
"918","One shore; one middle; 2 additional","rare",85.8585858585859,59.0042203811813,121.55631355135,NA,NA,"SRS"
"919","One shore; one middle; 2 additional","rare",90.9090909090909,56.2395235409574,121.55631355135,NA,NA,"SRS"
"920","One shore; one middle; 2 additional","rare",95.959595959596,53.6043691058185,121.55631355135,NA,NA,"SRS"
"921","One shore; one middle; 2 additional","rare",101.010101010101,51.0926872476116,121.55631355135,NA,NA,"SRS"
"922","One shore; one middle; 2 additional","rare",106.060606060606,48.6986925455467,121.55631355135,NA,NA,"SRS"
"923","One shore; one middle; 2 additional","rare",111.111111111111,46.4168706600286,121.55631355135,NA,NA,"SRS"
"924","One shore; one middle; 2 additional","rare",116.161616161616,44.2419656308997,121.55631355135,NA,NA,"SRS"
"925","One shore; one middle; 2 additional","rare",121.212121212121,42.1689677708338,121.55631355135,NA,NA,"SRS"
"926","One shore; one middle; 2 additional","rare",126.262626262626,40.1931021259975,121.55631355135,NA,NA,"SRS"
"927","One shore; one middle; 2 additional","rare",131.313131313131,38.3098174773966,121.55631355135,NA,NA,"SRS"
"928","One shore; one middle; 2 additional","rare",136.363636363636,36.5147758575756,121.55631355135,NA,NA,"SRS"
"929","One shore; one middle; 2 additional","rare",141.414141414141,34.8038425585209,121.55631355135,NA,NA,"SRS"
"930","One shore; one middle; 2 additional","rare",146.464646464646,33.1730766077537,121.55631355135,NA,NA,"SRS"
"931","One shore; one middle; 2 additional","rare",151.515151515152,31.6187216906737,121.55631355135,NA,NA,"SRS"
"932","One shore; one middle; 2 additional","rare",156.565656565657,30.1371974982448,121.55631355135,NA,NA,"SRS"
"933","One shore; one middle; 2 additional","rare",161.616161616162,28.7250914800933,121.55631355135,NA,NA,"SRS"
"934","One shore; one middle; 2 additional","rare",166.666666666667,27.3791509840219,121.55631355135,NA,NA,"SRS"
"935","One shore; one middle; 2 additional","rare",171.717171717172,26.0962757638337,121.55631355135,NA,NA,"SRS"
"936","One shore; one middle; 2 additional","rare",176.767676767677,24.87351083821,121.55631355135,NA,NA,"SRS"
"937","One shore; one middle; 2 additional","rare",181.818181818182,23.7080396841905,121.55631355135,NA,NA,"SRS"
"938","One shore; one middle; 2 additional","rare",186.868686868687,22.5971777495806,121.55631355135,NA,NA,"SRS"
"939","One shore; one middle; 2 additional","rare",191.919191919192,21.53836626934,121.55631355135,NA,NA,"SRS"
"940","One shore; one middle; 2 additional","rare",196.969696969697,20.5291663717099,121.55631355135,NA,NA,"SRS"
"941","One shore; one middle; 2 additional","rare",202.020202020202,19.567253460504,121.55631355135,NA,NA,"SRS"
"942","One shore; one middle; 2 additional","rare",207.070707070707,18.6504118606213,121.55631355135,NA,NA,"SRS"
"943","One shore; one middle; 2 additional","rare",212.121212121212,17.7765297144489,121.55631355135,NA,NA,"SRS"
"944","One shore; one middle; 2 additional","rare",217.171717171717,16.9435941173987,121.55631355135,NA,NA,"SRS"
"945","One shore; one middle; 2 additional","rare",222.222222222222,16.1496864813722,121.55631355135,NA,NA,"SRS"
"946","One shore; one middle; 2 additional","rare",227.272727272727,15.3929781154754,121.55631355135,NA,NA,"SRS"
"947","One shore; one middle; 2 additional","rare",232.323232323232,14.6717260138026,121.55631355135,NA,NA,"SRS"
"948","One shore; one middle; 2 additional","rare",237.373737373737,13.9842688405878,121.55631355135,NA,NA,"SRS"
"949","One shore; one middle; 2 additional","rare",242.424242424242,13.3290231034753,121.55631355135,NA,NA,"SRS"
"950","One shore; one middle; 2 additional","rare",247.474747474747,12.7044795060956,121.55631355135,NA,NA,"SRS"
"951","One shore; one middle; 2 additional","rare",252.525252525253,12.1091994715441,121.55631355135,NA,NA,"SRS"
"952","One shore; one middle; 2 additional","rare",257.575757575758,11.5418118287562,121.55631355135,NA,NA,"SRS"
"953","One shore; one middle; 2 additional","rare",262.626262626263,11.0010096541443,121.55631355135,NA,NA,"SRS"
"954","One shore; one middle; 2 additional","rare",267.676767676768,10.4855472612239,121.55631355135,NA,NA,"SRS"
"955","One shore; one middle; 2 additional","rare",272.727272727273,9.99423733129269,121.55631355135,NA,NA,"SRS"
"956","One shore; one middle; 2 additional","rare",277.777777777778,9.52594817855464,121.55631355135,NA,NA,"SRS"
"957","One shore; one middle; 2 additional","rare",282.828282828283,9.07960114338923,121.55631355135,NA,NA,"SRS"
"958","One shore; one middle; 2 additional","rare",287.878787878788,8.65416810776136,121.55631355135,NA,NA,"SRS"
"959","One shore; one middle; 2 additional","rare",292.929292929293,8.24866912704904,121.55631355135,NA,NA,"SRS"
"960","One shore; one middle; 2 additional","rare",297.979797979798,7.86217017283391,121.55631355135,NA,NA,"SRS"
"961","One shore; one middle; 2 additional","rare",303.030303030303,7.49378098145551,121.55631355135,NA,NA,"SRS"
"962","One shore; one middle; 2 additional","rare",308.080808080808,7.14265300337332,121.55631355135,NA,NA,"SRS"
"963","One shore; one middle; 2 additional","rare",313.131313131313,6.80797744861351,121.55631355135,NA,NA,"SRS"
"964","One shore; one middle; 2 additional","rare",318.181818181818,6.48898342379794,121.55631355135,NA,NA,"SRS"
"965","One shore; one middle; 2 additional","rare",323.232323232323,6.18493615646448,121.55631355135,NA,NA,"SRS"
"966","One shore; one middle; 2 additional","rare",328.282828282828,5.89513530258831,121.55631355135,NA,NA,"SRS"
"967","One shore; one middle; 2 additional","rare",333.333333333333,5.61891333340598,121.55631355135,NA,NA,"SRS"
"968","One shore; one middle; 2 additional","rare",338.383838383838,5.35563399782621,121.55631355135,NA,NA,"SRS"
"969","One shore; one middle; 2 additional","rare",343.434343434343,5.10469085688593,121.55631355135,NA,NA,"SRS"
"970","One shore; one middle; 2 additional","rare",348.484848484848,4.86550588687566,121.55631355135,NA,NA,"SRS"
"971","One shore; one middle; 2 additional","rare",353.535353535354,4.63752814791673,121.55631355135,NA,NA,"SRS"
"972","One shore; one middle; 2 additional","rare",358.585858585859,4.4202325149236,121.55631355135,NA,NA,"SRS"
"973","One shore; one middle; 2 additional","rare",363.636363636364,4.21311846802804,121.55631355135,NA,NA,"SRS"
"974","One shore; one middle; 2 additional","rare",368.686868686869,4.01570893967909,121.55631355135,NA,NA,"SRS"
"975","One shore; one middle; 2 additional","rare",373.737373737374,3.8275492157633,121.55631355135,NA,NA,"SRS"
"976","One shore; one middle; 2 additional","rare",378.787878787879,3.64820588821385,121.55631355135,NA,NA,"SRS"
"977","One shore; one middle; 2 additional","rare",383.838383838384,3.47726585669624,121.55631355135,NA,NA,"SRS"
"978","One shore; one middle; 2 additional","rare",388.888888888889,3.31433537707087,121.55631355135,NA,NA,"SRS"
"979","One shore; one middle; 2 additional","rare",393.939393939394,3.15903915444079,121.55631355135,NA,NA,"SRS"
"980","One shore; one middle; 2 additional","rare",398.989898989899,3.0110194786955,121.55631355135,NA,NA,"SRS"
"981","One shore; one middle; 2 additional","rare",404.040404040404,2.86993540055968,121.55631355135,NA,NA,"SRS"
"982","One shore; one middle; 2 additional","rare",409.090909090909,2.73546194624886,121.55631355135,NA,NA,"SRS"
"983","One shore; one middle; 2 additional","rare",414.141414141414,2.6072893689232,121.55631355135,NA,NA,"SRS"
"984","One shore; one middle; 2 additional","rare",419.191919191919,2.48512243521501,121.55631355135,NA,NA,"SRS"
"985","One shore; one middle; 2 additional","rare",424.242424242424,2.36867974518669,121.55631355135,NA,NA,"SRS"
"986","One shore; one middle; 2 additional","rare",429.292929292929,2.25769308415272,121.55631355135,NA,NA,"SRS"
"987","One shore; one middle; 2 additional","rare",434.343434343434,2.15190680487255,121.55631355135,NA,NA,"SRS"
"988","One shore; one middle; 2 additional","rare",439.393939393939,2.05107723869147,121.55631355135,NA,NA,"SRS"
"989","One shore; one middle; 2 additional","rare",444.444444444444,1.95497213427297,121.55631355135,NA,NA,"SRS"
"990","One shore; one middle; 2 additional","rare",449.494949494949,1.86337012262985,121.55631355135,NA,NA,"SRS"
"991","One shore; one middle; 2 additional","rare",454.545454545455,1.77606020722174,121.55631355135,NA,NA,"SRS"
"992","One shore; one middle; 2 additional","rare",459.59595959596,1.69284127794461,121.55631355135,NA,NA,"SRS"
"993","One shore; one middle; 2 additional","rare",464.646464646465,1.61352164789275,121.55631355135,NA,NA,"SRS"
"994","One shore; one middle; 2 additional","rare",469.69696969697,1.53791861182611,121.55631355135,NA,NA,"SRS"
"995","One shore; one middle; 2 additional","rare",474.747474747475,1.46585802532621,121.55631355135,NA,NA,"SRS"
"996","One shore; one middle; 2 additional","rare",479.79797979798,1.39717390367093,121.55631355135,NA,NA,"SRS"
"997","One shore; one middle; 2 additional","rare",484.848484848485,1.33170803950447,121.55631355135,NA,NA,"SRS"
"998","One shore; one middle; 2 additional","rare",489.89898989899,1.26930963842174,121.55631355135,NA,NA,"SRS"
"999","One shore; one middle; 2 additional","rare",494.949494949495,1.20983497162774,121.55631355135,NA,NA,"SRS"
"1000","One shore; one middle; 2 additional","rare",500,1.15314704487194,121.55631355135,NA,NA,"SRS"
"1001","Randomly placed","common",0,Inf,36.6881975250936,NA,NA,"SRS"
"1002","Randomly placed","common",5.05050505050505,67.7755505181183,36.6881975250936,NA,NA,"SRS"
"1003","Randomly placed","common",10.1010101010101,46.1139796248859,36.6881975250936,NA,NA,"SRS"
"1004","Randomly placed","common",15.1515151515152,36.8131695590213,36.6881975250936,NA,NA,"SRS"
"1005","Randomly placed","common",20.2020202020202,31.375608174159,36.6881975250936,NA,NA,"SRS"
"1006","Randomly placed","common",25.2525252525253,27.7174168371343,36.6881975250936,NA,NA,"SRS"
"1007","Randomly placed","common",30.3030303030303,25.0474062990955,36.6881975250936,NA,NA,"SRS"
"1008","Randomly placed","common",35.3535353535353,22.9916294726845,36.6881975250936,NA,NA,"SRS"
"1009","Randomly placed","common",40.4040404040404,21.3477300442552,36.6881975250936,NA,NA,"SRS"
"1010","Randomly placed","common",45.4545454545455,19.9955506465265,36.6881975250936,NA,NA,"SRS"
"1011","Randomly placed","common",50.5050505050505,18.8587239131373,36.6881975250936,NA,NA,"SRS"
"1012","Randomly placed","common",55.5555555555556,17.8861204603361,36.6881975250936,NA,NA,"SRS"
"1013","Randomly placed","common",60.6060606060606,17.0420686354138,36.6881975250936,NA,NA,"SRS"
"1014","Randomly placed","common",65.6565656565656,16.3008348780595,36.6881975250936,NA,NA,"SRS"
"1015","Randomly placed","common",70.7070707070707,15.6433333988615,36.6881975250936,NA,NA,"SRS"
"1016","Randomly placed","common",75.7575757575758,15.0550745506778,36.6881975250936,NA,NA,"SRS"
"1017","Randomly placed","common",80.8080808080808,14.5248364752889,36.6881975250936,NA,NA,"SRS"
"1018","Randomly placed","common",85.8585858585859,14.043777064074,36.6881975250936,NA,NA,"SRS"
"1019","Randomly placed","common",90.9090909090909,13.6048236872057,36.6881975250936,NA,NA,"SRS"
"1020","Randomly placed","common",95.959595959596,13.2022436240829,36.6881975250936,NA,NA,"SRS"
"1021","Randomly placed","common",101.010101010101,12.8313352474988,36.6881975250936,NA,NA,"SRS"
"1022","Randomly placed","common",106.060606060606,12.4882018330469,36.6881975250936,NA,NA,"SRS"
"1023","Randomly placed","common",111.111111111111,12.1695831043925,36.6881975250936,NA,NA,"SRS"
"1024","Randomly placed","common",116.161616161616,11.8727278871554,36.6881975250936,NA,NA,"SRS"
"1025","Randomly placed","common",121.212121212121,11.595296531148,36.6881975250936,NA,NA,"SRS"
"1026","Randomly placed","common",126.262626262626,11.3352852208568,36.6881975250936,NA,NA,"SRS"
"1027","Randomly placed","common",131.313131313131,11.090966605052,36.6881975250936,NA,NA,"SRS"
"1028","Randomly placed","common",136.363636363636,10.8608427485927,36.6881975250936,NA,NA,"SRS"
"1029","Randomly placed","common",141.414141414141,10.6436074971837,36.6881975250936,NA,NA,"SRS"
"1030","Randomly placed","common",146.464646464646,10.4381161099986,36.6881975250936,NA,NA,"SRS"
"1031","Randomly placed","common",151.515151515152,10.2433605595797,36.6881975250936,NA,NA,"SRS"
"1032","Randomly placed","common",156.565656565657,10.0584492915051,36.6881975250936,NA,NA,"SRS"
"1033","Randomly placed","common",161.616161616162,9.88259052351361,36.6881975250936,NA,NA,"SRS"
"1034","Randomly placed","common",166.666666666667,9.71507837599064,36.6881975250936,NA,NA,"SRS"
"1035","Randomly placed","common",171.717171717172,9.55528128415605,36.6881975250936,NA,NA,"SRS"
"1036","Randomly placed","common",176.767676767677,9.40263226174726,36.6881975250936,NA,NA,"SRS"
"1037","Randomly placed","common",181.818181818182,9.25662067686568,36.6881975250936,NA,NA,"SRS"
"1038","Randomly placed","common",186.868686868687,9.11678527038533,36.6881975250936,NA,NA,"SRS"
"1039","Randomly placed","common",191.919191919192,8.98270820125597,36.6881975250936,NA,NA,"SRS"
"1040","Randomly placed","common",196.969696969697,8.85400994506409,36.6881975250936,NA,NA,"SRS"
"1041","Randomly placed","common",202.020202020202,8.73034490520382,36.6881975250936,NA,NA,"SRS"
"1042","Randomly placed","common",207.070707070707,8.61139762207534,36.6881975250936,NA,NA,"SRS"
"1043","Randomly placed","common",212.121212121212,8.49687948645492,36.6881975250936,NA,NA,"SRS"
"1044","Randomly placed","common",217.171717171717,8.38652587976117,36.6881975250936,NA,NA,"SRS"
"1045","Randomly placed","common",222.222222222222,8.28009367728104,36.6881975250936,NA,NA,"SRS"
"1046","Randomly placed","common",227.272727272727,8.17735906120966,36.6881975250936,NA,NA,"SRS"
"1047","Randomly placed","common",232.323232323232,8.07811559913099,36.6881975250936,NA,NA,"SRS"
"1048","Randomly placed","common",237.373737373737,7.98217255073457,36.6881975250936,NA,NA,"SRS"
"1049","Randomly placed","common",242.424242424242,7.88935337144812,36.6881975250936,NA,NA,"SRS"
"1050","Randomly placed","common",247.474747474747,7.79949438651779,36.6881975250936,NA,NA,"SRS"
"1051","Randomly placed","common",252.525252525253,7.71244361308616,36.6881975250936,NA,NA,"SRS"
"1052","Randomly placed","common",257.575757575758,7.62805971115857,36.6881975250936,NA,NA,"SRS"
"1053","Randomly placed","common",262.626262626263,7.54621104713765,36.6881975250936,NA,NA,"SRS"
"1054","Randomly placed","common",267.676767676768,7.46677485594234,36.6881975250936,NA,NA,"SRS"
"1055","Randomly placed","common",272.727272727273,7.38963648969261,36.6881975250936,NA,NA,"SRS"
"1056","Randomly placed","common",277.777777777778,7.31468874259903,36.6881975250936,NA,NA,"SRS"
"1057","Randomly placed","common",282.828282828283,7.24183124310001,36.6881975250936,NA,NA,"SRS"
"1058","Randomly placed","common",287.878787878788,7.17096990548157,36.6881975250936,NA,NA,"SRS"
"1059","Randomly placed","common",292.929292929293,7.1020164342301,36.6881975250936,NA,NA,"SRS"
"1060","Randomly placed","common",297.979797979798,7.03488787523613,36.6881975250936,NA,NA,"SRS"
"1061","Randomly placed","common",303.030303030303,6.96950620871081,36.6881975250936,NA,NA,"SRS"
"1062","Randomly placed","common",308.080808080808,6.90579797931557,36.6881975250936,NA,NA,"SRS"
"1063","Randomly placed","common",313.131313131313,6.84369395955577,36.6881975250936,NA,NA,"SRS"
"1064","Randomly placed","common",318.181818181818,6.78312884296436,36.6881975250936,NA,NA,"SRS"
"1065","Randomly placed","common",323.232323232323,6.72404096401356,36.6881975250936,NA,NA,"SRS"
"1066","Randomly placed","common",328.282828282828,6.66637204204915,36.6881975250936,NA,NA,"SRS"
"1067","Randomly placed","common",333.333333333333,6.61006694685334,36.6881975250936,NA,NA,"SRS"
"1068","Randomly placed","common",338.383838383838,6.55507348371264,36.6881975250936,NA,NA,"SRS"
"1069","Randomly placed","common",343.434343434343,6.50134219610408,36.6881975250936,NA,NA,"SRS"
"1070","Randomly placed","common",348.484848484848,6.44882618432045,36.6881975250936,NA,NA,"SRS"
"1071","Randomly placed","common",353.535353535354,6.39748093853693,36.6881975250936,NA,NA,"SRS"
"1072","Randomly placed","common",358.585858585859,6.34726418498155,36.6881975250936,NA,NA,"SRS"
"1073","Randomly placed","common",363.636363636364,6.29813574401245,36.6881975250936,NA,NA,"SRS"
"1074","Randomly placed","common",368.686868686869,6.25005739902956,36.6881975250936,NA,NA,"SRS"
"1075","Randomly placed","common",373.737373737374,6.20299277525783,36.6881975250936,NA,NA,"SRS"
"1076","Randomly placed","common",378.787878787879,6.15690722753651,36.6881975250936,NA,NA,"SRS"
"1077","Randomly placed","common",383.838383838384,6.11176773633553,36.6881975250936,NA,NA,"SRS"
"1078","Randomly placed","common",388.888888888889,6.06754281129617,36.6881975250936,NA,NA,"SRS"
"1079","Randomly placed","common",393.939393939394,6.02420240166216,36.6881975250936,NA,NA,"SRS"
"1080","Randomly placed","common",398.989898989899,5.98171781302747,36.6881975250936,NA,NA,"SRS"
"1081","Randomly placed","common",404.040404040404,5.94006162988189,36.6881975250936,NA,NA,"SRS"
"1082","Randomly placed","common",409.090909090909,5.89920764348384,36.6881975250936,NA,NA,"SRS"
"1083","Randomly placed","common",414.141414141414,5.85913078463326,36.6881975250936,NA,NA,"SRS"
"1084","Randomly placed","common",419.191919191919,5.81980706095658,36.6881975250936,NA,NA,"SRS"
"1085","Randomly placed","common",424.242424242424,5.78121349835068,36.6881975250936,NA,NA,"SRS"
"1086","Randomly placed","common",429.292929292929,5.74332808626418,36.6881975250936,NA,NA,"SRS"
"1087","Randomly placed","common",434.343434343434,5.70612972652284,36.6881975250936,NA,NA,"SRS"
"1088","Randomly placed","common",439.393939393939,5.66959818543129,36.6881975250936,NA,NA,"SRS"
"1089","Randomly placed","common",444.444444444444,5.63371404890635,36.6881975250936,NA,NA,"SRS"
"1090","Randomly placed","common",449.494949494949,5.59845868041821,36.6881975250936,NA,NA,"SRS"
"1091","Randomly placed","common",454.545454545455,5.56381418153427,36.6881975250936,NA,NA,"SRS"
"1092","Randomly placed","common",459.59595959596,5.52976335487777,36.6881975250936,NA,NA,"SRS"
"1093","Randomly placed","common",464.646464646465,5.49628966932871,36.6881975250936,NA,NA,"SRS"
"1094","Randomly placed","common",469.69696969697,5.46337722730864,36.6881975250936,NA,NA,"SRS"
"1095","Randomly placed","common",474.747474747475,5.43101073400352,36.6881975250936,NA,NA,"SRS"
"1096","Randomly placed","common",479.79797979798,5.39917546839079,36.6881975250936,NA,NA,"SRS"
"1097","Randomly placed","common",484.848484848485,5.367857255947,36.6881975250936,NA,NA,"SRS"
"1098","Randomly placed","common",489.89898989899,5.3370424429222,36.6881975250936,NA,NA,"SRS"
"1099","Randomly placed","common",494.949494949495,5.30671787207608,36.6881975250936,NA,NA,"SRS"
"1100","Randomly placed","common",500,5.27687085977881,36.6881975250936,NA,NA,"SRS"
"1101","Randomly placed","rare",0,148.877007009475,129.143665136351,NA,NA,"SRS"
"1102","Randomly placed","rare",5.05050505050505,140.435942889163,129.143665136351,NA,NA,"SRS"
"1103","Randomly placed","rare",10.1010101010101,132.473472239492,129.143665136351,NA,NA,"SRS"
"1104","Randomly placed","rare",15.1515151515152,124.962459653494,129.143665136351,NA,NA,"SRS"
"1105","Randomly placed","rare",20.2020202020202,117.877308253991,129.143665136351,NA,NA,"SRS"
"1106","Randomly placed","rare",25.2525252525253,111.193872461664,129.143665136351,NA,NA,"SRS"
"1107","Randomly placed","rare",30.3030303030303,104.88937570902,129.143665136351,NA,NA,"SRS"
"1108","Randomly placed","rare",35.3535353535353,98.9423328198322,129.143665136351,NA,NA,"SRS"
"1109","Randomly placed","rare",40.4040404040404,93.3324767895303,129.143665136351,NA,NA,"SRS"
"1110","Randomly placed","rare",45.4545454545455,88.0406897170124,129.143665136351,NA,NA,"SRS"
"1111","Randomly placed","rare",50.5050505050505,83.0489376525015,129.143665136351,NA,NA,"SRS"
"1112","Randomly placed","rare",55.5555555555556,78.3402091394149,129.143665136351,NA,NA,"SRS"
"1113","Randomly placed","rare",60.6060606060606,73.8984572408002,129.143665136351,NA,NA,"SRS"
"1114","Randomly placed","rare",65.6565656565656,69.7085448527712,129.143665136351,NA,NA,"SRS"
"1115","Randomly placed","rare",70.7070707070707,65.7561931185749,129.143665136351,NA,NA,"SRS"
"1116","Randomly placed","rare",75.7575757575758,62.027932767491,129.143665136351,NA,NA,"SRS"
"1117","Randomly placed","rare",80.8080808080808,58.5110582127289,129.143665136351,NA,NA,"SRS"
"1118","Randomly placed","rare",85.8585858585859,55.1935842518943,129.143665136351,NA,NA,"SRS"
"1119","Randomly placed","rare",90.9090909090909,52.0642052224623,129.143665136351,NA,NA,"SRS"
"1120","Randomly placed","rare",95.959595959596,49.1122564730635,129.143665136351,NA,NA,"SRS"
"1121","Randomly placed","rare",101.010101010101,46.3276780192804,129.143665136351,NA,NA,"SRS"
"1122","Randomly placed","rare",106.060606060606,43.7009802600959,129.143665136351,NA,NA,"SRS"
"1123","Randomly placed","rare",111.111111111111,41.2232116381591,129.143665136351,NA,NA,"SRS"
"1124","Randomly placed","rare",116.161616161616,38.8859281336571,129.143665136351,NA,NA,"SRS"
"1125","Randomly placed","rare",121.212121212121,36.6811644878301,129.143665136351,NA,NA,"SRS"
"1126","Randomly placed","rare",126.262626262626,34.6014070580629,129.143665136351,NA,NA,"SRS"
"1127","Randomly placed","rare",131.313131313131,32.6395682120448,129.143665136351,NA,NA,"SRS"
"1128","Randomly placed","rare",136.363636363636,30.7889621737355,129.143665136351,NA,NA,"SRS"
"1129","Randomly placed","rare",141.414141414141,29.0432822388225,129.143665136351,NA,NA,"SRS"
"1130","Randomly placed","rare",146.464646464646,27.3965792820214,129.143665136351,NA,NA,"SRS"
"1131","Randomly placed","rare",151.515151515152,25.8432414829748,129.143665136351,NA,NA,"SRS"
"1132","Randomly placed","rare",156.565656565657,24.3779752016571,129.143665136351,NA,NA,"SRS"
"1133","Randomly placed","rare",161.616161616162,22.9957869381098,129.143665136351,NA,NA,"SRS"
"1134","Randomly placed","rare",166.666666666667,21.6919663150283,129.143665136351,NA,NA,"SRS"
"1135","Randomly placed","rare",171.717171717172,20.462070025206,129.143665136351,NA,NA,"SRS"
"1136","Randomly placed","rare",176.767676767677,19.3019066891304,129.143665136351,NA,NA,"SRS"
"1137","Randomly placed","rare",181.818181818182,18.2075225711259,129.143665136351,NA,NA,"SRS"
"1138","Randomly placed","rare",186.868686868687,17.1751881053671,129.143665136351,NA,NA,"SRS"
"1139","Randomly placed","rare",191.919191919192,16.2013851858432,129.143665136351,NA,NA,"SRS"
"1140","Randomly placed","rare",196.969696969697,15.2827951769584,129.143665136351,NA,NA,"SRS"
"1141","Randomly placed","rare",202.020202020202,14.4162876039114,129.143665136351,NA,NA,"SRS"
"1142","Randomly placed","rare",207.070707070707,13.5989094843088,129.143665136351,NA,NA,"SRS"
"1143","Randomly placed","rare",212.121212121212,12.8278752646589,129.143665136351,NA,NA,"SRS"
"1144","Randomly placed","rare",217.171717171717,12.1005573274475,129.143665136351,NA,NA,"SRS"
"1145","Randomly placed","rare",222.222222222222,11.414477036446,129.143665136351,NA,NA,"SRS"
"1146","Randomly placed","rare",227.272727272727,10.7672962897352,129.143665136351,NA,NA,"SRS"
"1147","Randomly placed","rare",232.323232323232,10.1568095516571,129.143665136351,NA,NA,"SRS"
"1148","Randomly placed","rare",237.373737373737,9.58093633654151,129.143665136351,NA,NA,"SRS"
"1149","Randomly placed","rare",242.424242424242,9.03771411859202,129.143665136351,NA,NA,"SRS"
"1150","Randomly placed","rare",247.474747474747,8.52529164376873,129.143665136351,NA,NA,"SRS"
"1151","Randomly placed","rare",252.525252525253,8.04192262087571,129.143665136351,NA,NA,"SRS"
"1152","Randomly placed","rare",257.575757575758,7.58595977035257,129.143665136351,NA,NA,"SRS"
"1153","Randomly placed","rare",262.626262626263,7.15584921048906,129.143665136351,NA,NA,"SRS"
"1154","Randomly placed","rare",267.676767676768,6.75012516193149,129.143665136351,NA,NA,"SRS"
"1155","Randomly placed","rare",272.727272727273,6.36740495243423,129.143665136351,NA,NA,"SRS"
"1156","Randomly placed","rare",277.777777777778,6.00638430483305,129.143665136351,NA,NA,"SRS"
"1157","Randomly placed","rare",282.828282828283,5.66583289218207,129.143665136351,NA,NA,"SRS"
"1158","Randomly placed","rare",287.878787878788,5.34459014490656,129.143665136351,NA,NA,"SRS"
"1159","Randomly placed","rare",292.929292929293,5.04156129568292,129.143665136351,NA,NA,"SRS"
"1160","Randomly placed","rare",297.979797979798,4.75571364856686,129.143665136351,NA,NA,"SRS"
"1161","Randomly placed","rare",303.030303030303,4.48607305965552,129.143665136351,NA,NA,"SRS"
"1162","Randomly placed","rare",308.080808080808,4.23172061728982,129.143665136351,NA,NA,"SRS"
"1163","Randomly placed","rare",313.131313131313,3.99178951048356,129.143665136351,NA,NA,"SRS"
"1164","Randomly placed","rare",318.181818181818,3.76546207490693,129.143665136351,NA,NA,"SRS"
"1165","Randomly placed","rare",323.232323232323,3.55196700635771,129.143665136351,NA,NA,"SRS"
"1166","Randomly placed","rare",328.282828282828,3.35057673222366,129.143665136351,NA,NA,"SRS"
"1167","Randomly placed","rare",333.333333333333,3.16060493197835,129.143665136351,NA,NA,"SRS"
"1168","Randomly placed","rare",338.383838383838,2.98140419826059,129.143665136351,NA,NA,"SRS"
"1169","Randomly placed","rare",343.434343434343,2.81236383056646,129.143665136351,NA,NA,"SRS"
"1170","Randomly placed","rare",348.484848484848,2.65290775403515,129.143665136351,NA,NA,"SRS"
"1171","Randomly placed","rare",353.535353535354,2.50249255623595,129.143665136351,NA,NA,"SRS"
"1172","Randomly placed","rare",358.585858585859,2.36060563526605,129.143665136351,NA,NA,"SRS"
"1173","Randomly placed","rare",363.636363636364,2.22676345284777,129.143665136351,NA,NA,"SRS"
"1174","Randomly placed","rare",368.686868686869,2.10050988647229,129.143665136351,NA,NA,"SRS"
"1175","Randomly placed","rare",373.737373737374,1.98141467497376,129.143665136351,NA,NA,"SRS"
"1176","Randomly placed","rare",378.787878787879,1.86907195223676,129.143665136351,NA,NA,"SRS"
"1177","Randomly placed","rare",383.838383838384,1.76309886403986,129.143665136351,NA,NA,"SRS"
"1178","Randomly placed","rare",388.888888888889,1.66313426332175,129.143665136351,NA,NA,"SRS"
"1179","Randomly placed","rare",393.939393939394,1.56883747942354,129.143665136351,NA,NA,"SRS"
"1180","Randomly placed","rare",398.989898989899,1.47988715711273,129.143665136351,NA,NA,"SRS"
"1181","Randomly placed","rare",404.040404040404,1.3959801614326,129.143665136351,NA,NA,"SRS"
"1182","Randomly placed","rare",409.090909090909,1.31683054464466,129.143665136351,NA,NA,"SRS"
"1183","Randomly placed","rare",414.141414141414,1.24216857174362,129.143665136351,NA,NA,"SRS"
"1184","Randomly placed","rare",419.191919191919,1.17173980122396,129.143665136351,NA,NA,"SRS"
"1185","Randomly placed","rare",424.242424242424,1.10530421796547,129.143665136351,NA,NA,"SRS"
"1186","Randomly placed","rare",429.292929292929,1.04263541528257,129.143665136351,NA,NA,"SRS"
"1187","Randomly placed","rare",434.343434343434,0.98351982335005,129.143665136351,NA,NA,"SRS"
"1188","Randomly placed","rare",439.393939393939,0.927755981375669,129.143665136351,NA,NA,"SRS"
"1189","Randomly placed","rare",444.444444444444,0.875153851039344,129.143665136351,NA,NA,"SRS"
"1190","Randomly placed","rare",449.494949494949,0.82553416885907,129.143665136351,NA,NA,"SRS"
"1191","Randomly placed","rare",454.545454545455,0.778727835276585,129.143665136351,NA,NA,"SRS"
"1192","Randomly placed","rare",459.59595959596,0.734575338380791,129.143665136351,NA,NA,"SRS"
"1193","Randomly placed","rare",464.646464646465,0.692926210305042,129.143665136351,NA,NA,"SRS"
"1194","Randomly placed","rare",469.69696969697,0.653638514445755,129.143665136351,NA,NA,"SRS"
"1195","Randomly placed","rare",474.747474747475,0.616578361754812,129.143665136351,NA,NA,"SRS"
"1196","Randomly placed","rare",479.79797979798,0.581619454457342,129.143665136351,NA,NA,"SRS"
"1197","Randomly placed","rare",484.848484848485,0.548642655639896,129.143665136351,NA,NA,"SRS"
"1198","Randomly placed","rare",489.89898989899,0.517535583242212,129.143665136351,NA,NA,"SRS"
"1199","Randomly placed","rare",494.949494949495,0.488192227068936,129.143665136351,NA,NA,"SRS"
"1200","Randomly placed","rare",500,0.460512587516105,129.143665136351,NA,NA,"SRS"
"1201","random","common",0,Inf,13.7462714188916,NA,NA,"SRS"
"1202","random","common",5.05050505050505,23.917076154654,13.7462714188916,NA,NA,"SRS"
"1203","random","common",10.1010101010101,16.2637350906743,13.7462714188916,NA,NA,"SRS"
"1204","random","common",15.1515151515152,12.9791488333844,13.7462714188916,NA,NA,"SRS"
"1205","random","common",20.2020202020202,11.0594237100408,13.7462714188916,NA,NA,"SRS"
"1206","random","common",25.2525252525253,9.76817587612976,13.7462714188916,NA,NA,"SRS"
"1207","random","common",30.3030303030303,8.82588812125864,13.7462714188916,NA,NA,"SRS"
"1208","random","common",35.3535353535353,8.10047342823908,13.7462714188916,NA,NA,"SRS"
"1209","random","common",40.4040404040404,7.52046514015993,13.7462714188916,NA,NA,"SRS"
"1210","random","common",45.4545454545455,7.04343220508433,13.7462714188916,NA,NA,"SRS"
"1211","random","common",50.5050505050505,6.64240995601698,13.7462714188916,NA,NA,"SRS"
"1212","random","common",55.5555555555556,6.29934673546072,13.7462714188916,NA,NA,"SRS"
"1213","random","common",60.6060606060606,6.00164942469978,13.7462714188916,NA,NA,"SRS"
"1214","random","common",65.6565656565656,5.7402340279838,13.7462714188916,NA,NA,"SRS"
"1215","random","common",70.7070707070707,5.50836369353998,13.7462714188916,NA,NA,"SRS"
"1216","random","common",75.7575757575758,5.30092423117084,13.7462714188916,NA,NA,"SRS"
"1217","random","common",80.8080808080808,5.11395506738861,13.7462714188916,NA,NA,"SRS"
"1218","random","common",85.8585858585859,4.94433569542677,13.7462714188916,NA,NA,"SRS"
"1219","random","common",90.9090909090909,4.78957021217349,13.7462714188916,NA,NA,"SRS"
"1220","random","common",95.959595959596,4.64763566168624,13.7462714188916,NA,NA,"SRS"
"1221","random","common",101.010101010101,4.51687301532033,13.7462714188916,NA,NA,"SRS"
"1222","random","common",106.060606060606,4.39590732437971,13.7462714188916,NA,NA,"SRS"
"1223","random","common",111.111111111111,4.28358825666496,13.7462714188916,NA,NA,"SRS"
"1224","random","common",116.161616161616,4.17894514597178,13.7462714188916,NA,NA,"SRS"
"1225","random","common",121.212121212121,4.08115255055629,13.7462714188916,NA,NA,"SRS"
"1226","random","common",126.262626262626,3.98950353839286,13.7462714188916,NA,NA,"SRS"
"1227","random","common",131.313131313131,3.90338873305116,13.7462714188916,NA,NA,"SRS"
"1228","random","common",136.363636363636,3.82227970912966,13.7462714188916,NA,NA,"SRS"
"1229","random","common",141.414141414141,3.74571571021193,13.7462714188916,NA,NA,"SRS"
"1230","random","common",146.464646464646,3.67329293210316,13.7462714188916,NA,NA,"SRS"
"1231","random","common",151.515151515152,3.60465580633789,13.7462714188916,NA,NA,"SRS"
"1232","random","common",156.565656565657,3.5394898577191,13.7462714188916,NA,NA,"SRS"
"1233","random","common",161.616161616162,3.47751581103845,13.7462714188916,NA,NA,"SRS"
"1234","random","common",166.666666666667,3.41848469704059,13.7462714188916,NA,NA,"SRS"
"1235","random","common",171.717171717172,3.36217376362447,13.7462714188916,NA,NA,"SRS"
"1236","random","common",176.767676767677,3.30838304043942,13.7462714188916,NA,NA,"SRS"
"1237","random","common",181.818181818182,3.25693243711217,13.7462714188916,NA,NA,"SRS"
"1238","random","common",186.868686868687,3.20765927995363,13.7462714188916,NA,NA,"SRS"
"1239","random","common",191.919191919192,3.16041621103118,13.7462714188916,NA,NA,"SRS"
"1240","random","common",196.969696969697,3.11506938832747,13.7462714188916,NA,NA,"SRS"
"1241","random","common",202.020202020202,3.07149693734995,13.7462714188916,NA,NA,"SRS"
"1242","random","common",207.070707070707,3.02958761375511,13.7462714188916,NA,NA,"SRS"
"1243","random","common",212.121212121212,2.98923964386653,13.7462714188916,NA,NA,"SRS"
"1244","random","common",217.171717171717,2.9503597158172,13.7462714188916,NA,NA,"SRS"
"1245","random","common",222.222222222222,2.91286209875474,13.7462714188916,NA,NA,"SRS"
"1246","random","common",227.272727272727,2.87666787135569,13.7462714188916,NA,NA,"SRS"
"1247","random","common",232.323232323232,2.84170424399134,13.7462714188916,NA,NA,"SRS"
"1248","random","common",237.373737373737,2.80790396141724,13.7462714188916,NA,NA,"SRS"
"1249","random","common",242.424242424242,2.7752047749349,13.7462714188916,NA,NA,"SRS"
"1250","random","common",247.474747474747,2.74354897468681,13.7462714188916,NA,NA,"SRS"
"1251","random","common",252.525252525253,2.71288297416336,13.7462714188916,NA,NA,"SRS"
"1252","random","common",257.575757575758,2.68315694017941,13.7462714188916,NA,NA,"SRS"
"1253","random","common",262.626262626263,2.65432446256244,13.7462714188916,NA,NA,"SRS"
"1254","random","common",267.676767676768,2.62634225861835,13.7462714188916,NA,NA,"SRS"
"1255","random","common",272.727272727273,2.59916990813478,13.7462714188916,NA,NA,"SRS"
"1256","random","common",277.777777777778,2.57276961526631,13.7462714188916,NA,NA,"SRS"
"1257","random","common",282.828282828283,2.54710599414175,13.7462714188916,NA,NA,"SRS"
"1258","random","common",287.878787878788,2.52214587545363,13.7462714188916,NA,NA,"SRS"
"1259","random","common",292.929292929293,2.49785813164905,13.7462714188916,NA,NA,"SRS"
"1260","random","common",297.979797979798,2.47421351864666,13.7462714188916,NA,NA,"SRS"
"1261","random","common",303.030303030303,2.45118453226703,13.7462714188916,NA,NA,"SRS"
"1262","random","common",308.080808080808,2.42874527778925,13.7462714188916,NA,NA,"SRS"
"1263","random","common",313.131313131313,2.40687135124042,13.7462714188916,NA,NA,"SRS"
"1264","random","common",318.181818181818,2.38553973119272,13.7462714188916,NA,NA,"SRS"
"1265","random","common",323.232323232323,2.36472867998772,13.7462714188916,NA,NA,"SRS"
"1266","random","common",328.282828282828,2.34441765343377,13.7462714188916,NA,NA,"SRS"
"1267","random","common",333.333333333333,2.32458721813175,13.7462714188916,NA,NA,"SRS"
"1268","random","common",338.383838383838,2.30521897568039,13.7462714188916,NA,NA,"SRS"
"1269","random","common",343.434343434343,2.28629549309536,13.7462714188916,NA,NA,"SRS"
"1270","random","common",348.484848484848,2.26780023884997,13.7462714188916,NA,NA,"SRS"
"1271","random","common",353.535353535354,2.24971752400914,13.7462714188916,NA,NA,"SRS"
"1272","random","common",358.585858585859,2.23203244798485,13.7462714188916,NA,NA,"SRS"
"1273","random","common",363.636363636364,2.21473084849083,13.7462714188916,NA,NA,"SRS"
"1274","random","common",368.686868686869,2.19779925531831,13.7462714188916,NA,NA,"SRS"
"1275","random","common",373.737373737374,2.18122484759315,13.7462714188916,NA,NA,"SRS"
"1276","random","common",378.787878787879,2.16499541420906,13.7462714188916,NA,NA,"SRS"
"1277","random","common",383.838383838384,2.14909931716223,13.7462714188916,NA,NA,"SRS"
"1278","random","common",388.888888888889,2.13352545753946,13.7462714188916,NA,NA,"SRS"
"1279","random","common",393.939393939394,2.11826324393622,13.7462714188916,NA,NA,"SRS"
"1280","random","common",398.989898989899,2.10330256310226,13.7462714188916,NA,NA,"SRS"
"1281","random","common",404.040404040404,2.08863375263186,13.7462714188916,NA,NA,"SRS"
"1282","random","common",409.090909090909,2.07424757553258,13.7462714188916,NA,NA,"SRS"
"1283","random","common",414.141414141414,2.06013519652207,13.7462714188916,NA,NA,"SRS"
"1284","random","common",419.191919191919,2.04628815991591,13.7462714188916,NA,NA,"SRS"
"1285","random","common",424.242424242424,2.03269836898215,13.7462714188916,NA,NA,"SRS"
"1286","random","common",429.292929292929,2.01935806664884,13.7462714188916,NA,NA,"SRS"
"1287","random","common",434.343434343434,2.00625981746147,13.7462714188916,NA,NA,"SRS"
"1288","random","common",439.393939393939,1.99339649069557,13.7462714188916,NA,NA,"SRS"
"1289","random","common",444.444444444444,1.98076124453842,13.7462714188916,NA,NA,"SRS"
"1290","random","common",449.494949494949,1.96834751126074,13.7462714188916,NA,NA,"SRS"
"1291","random","common",454.545454545455,1.95614898330618,13.7462714188916,NA,NA,"SRS"
"1292","random","common",459.59595959596,1.94415960023226,13.7462714188916,NA,NA,"SRS"
"1293","random","common",464.646464646465,1.93237353644195,13.7462714188916,NA,NA,"SRS"
"1294","random","common",469.69696969697,1.92078518965002,13.7462714188916,NA,NA,"SRS"
"1295","random","common",474.747474747475,1.90938917003275,13.7462714188916,NA,NA,"SRS"
"1296","random","common",479.79797979798,1.89818029001383,13.7462714188916,NA,NA,"SRS"
"1297","random","common",484.848484848485,1.88715355464271,13.7462714188916,NA,NA,"SRS"
"1298","random","common",489.89898989899,1.8763041525255,13.7462714188916,NA,NA,"SRS"
"1299","random","common",494.949494949495,1.86562744727118,13.7462714188916,NA,NA,"SRS"
"1300","random","common",500,1.85511896941898,13.7462714188916,NA,NA,"SRS"
"1301","random","rare",0,161.943307752606,178.478945885956,NA,NA,"SRS"
"1302","random","rare",5.05050505050505,155.068899625839,178.189984086476,NA,NA,"SRS"
"1303","random","rare",10.1010101010101,131.168476889608,178.189984086476,NA,NA,"SRS"
"1304","random","rare",15.1515151515152,117.187625837529,178.189984086476,NA,NA,"SRS"
"1305","random","rare",20.2020202020202,107.268054153376,178.189984086476,NA,NA,"SRS"
"1306","random","rare",25.2525252525253,99.5738365948983,178.189984086476,NA,NA,"SRS"
"1307","random","rare",30.3030303030303,93.2872031012971,178.189984086476,NA,NA,"SRS"
"1308","random","rare",35.3535353535353,87.9719302180218,178.189984086476,NA,NA,"SRS"
"1309","random","rare",40.4040404040404,83.3676314171442,178.189984086476,NA,NA,"SRS"
"1310","random","rare",45.4545454545455,79.3063520492182,178.189984086476,NA,NA,"SRS"
"1311","random","rare",50.5050505050505,75.6734138586666,178.189984086476,NA,NA,"SRS"
"1312","random","rare",55.5555555555556,72.3870215133217,178.189984086476,NA,NA,"SRS"
"1313","random","rare",60.6060606060606,69.3867803650654,178.189984086476,NA,NA,"SRS"
"1314","random","rare",65.6565656565656,66.6268260523252,178.189984086476,NA,NA,"SRS"
"1315","random","rare",70.7070707070707,64.0715074817901,178.189984086476,NA,NA,"SRS"
"1316","random","rare",75.7575757575758,61.6925628065877,178.189984086476,NA,NA,"SRS"
"1317","random","rare",80.8080808080808,59.4672086809126,178.189984086476,NA,NA,"SRS"
"1318","random","rare",85.8585858585859,57.3768098013175,178.189984086476,NA,NA,"SRS"
"1319","random","rare",90.9090909090909,55.4059293129865,178.189984086476,NA,NA,"SRS"
"1320","random","rare",95.959595959596,53.5416363016681,178.189984086476,NA,NA,"SRS"
"1321","random","rare",101.010101010101,51.7729911224349,178.189984086476,NA,NA,"SRS"
"1322","random","rare",106.060606060606,50.0906564297113,178.189984086476,NA,NA,"SRS"
"1323","random","rare",111.111111111111,48.48659877709,178.189984086476,NA,NA,"SRS"
"1324","random","rare",116.161616161616,46.9538566025416,178.189984086476,NA,NA,"SRS"
"1325","random","rare",121.212121212121,45.4863576288337,178.189984086476,NA,NA,"SRS"
"1326","random","rare",126.262626262626,44.0787735639572,178.189984086476,NA,NA,"SRS"
"1327","random","rare",131.313131313131,42.7264033160935,178.189984086476,NA,NA,"SRS"
"1328","random","rare",136.363636363636,41.4250782609077,178.189984086476,NA,NA,"SRS"
"1329","random","rare",141.414141414141,40.1710847455585,178.189984086476,NA,NA,"SRS"
"1330","random","rare",146.464646464646,38.9611001977109,178.189984086476,NA,NA,"SRS"
"1331","random","rare",151.515151515152,37.792140070356,178.189984086476,NA,NA,"SRS"
"1332","random","rare",156.565656565657,36.6615134893137,178.189984086476,NA,NA,"SRS"
"1333","random","rare",161.616161616162,35.5667859446809,178.189984086476,NA,NA,"SRS"
"1334","random","rare",166.666666666667,34.5057477250111,178.189984086476,NA,NA,"SRS"
"1335","random","rare",171.717171717172,33.4763870650859,178.189984086476,NA,NA,"SRS"
"1336","random","rare",176.767676767677,32.4768671870808,178.189984086476,NA,NA,"SRS"
"1337","random","rare",181.818181818182,31.5055065767549,178.189984086476,NA,NA,"SRS"
"1338","random","rare",186.868686868687,30.5607619626225,178.189984086476,NA,NA,"SRS"
"1339","random","rare",191.919191919192,29.6412135654365,178.189984086476,NA,NA,"SRS"
"1340","random","rare",196.969696969697,28.7455522640147,178.189984086476,NA,NA,"SRS"
"1341","random","rare",202.020202020202,27.8725683862032,178.189984086476,NA,NA,"SRS"
"1342","random","rare",207.070707070707,27.0211418841216,178.189984086476,NA,NA,"SRS"
"1343","random","rare",212.121212121212,26.1902336934796,178.189984086476,NA,NA,"SRS"
"1344","random","rare",217.171717171717,25.3788781097446,178.189984086476,NA,NA,"SRS"
"1345","random","rare",222.222222222222,24.5861760408583,178.189984086476,NA,NA,"SRS"
"1346","random","rare",227.272727272727,23.8112890182772,178.189984086476,NA,NA,"SRS"
"1347","random","rare",232.323232323232,23.0534338663099,178.189984086476,NA,NA,"SRS"
"1348","random","rare",237.373737373737,22.3118779447841,178.189984086476,NA,NA,"SRS"
"1349","random","rare",242.424242424242,21.5859348926021,178.189984086476,NA,NA,"SRS"
"1350","random","rare",247.474747474747,20.8749608102044,178.189984086476,NA,NA,"SRS"
"1351","random","rare",252.525252525253,20.1783508277256,178.189984086476,NA,NA,"SRS"
"1352","random","rare",257.575757575758,19.495536013007,178.189984086476,NA,NA,"SRS"
"1353","random","rare",262.626262626263,18.8259805798619,178.189984086476,NA,NA,"SRS"
"1354","random","rare",267.676767676768,18.1691793622705,178.189984086476,NA,NA,"SRS"
"1355","random","rare",272.727272727273,17.524655524676,178.189984086476,NA,NA,"SRS"
"1356","random","rare",277.777777777778,16.8919584823807,178.189984086476,NA,NA,"SRS"
"1357","random","rare",282.828282828283,16.2706620093268,178.189984086476,NA,NA,"SRS"
"1358","random","rare",287.878787878788,15.6603625133576,178.189984086476,NA,NA,"SRS"
"1359","random","rare",292.929292929293,15.0606774614792,178.189984086476,NA,NA,"SRS"
"1360","random","rare",297.979797979798,14.4712439397363,178.189984086476,NA,NA,"SRS"
"1361","random","rare",303.030303030303,13.8917173341244,178.189984086476,NA,NA,"SRS"
"1362","random","rare",308.080808080808,13.3217701205332,178.189984086476,NA,NA,"SRS"
"1363","random","rare",313.131313131313,12.761090753082,178.189984086476,NA,NA,"SRS"
"1364","random","rare",318.181818181818,12.2093826414008,178.189984086476,NA,NA,"SRS"
"1365","random","rare",323.232323232323,11.6663632084492,178.189984086476,NA,NA,"SRS"
"1366","random","rare",328.282828282828,11.1317630213842,178.189984086476,NA,NA,"SRS"
"1367","random","rare",333.333333333333,10.6053249887794,178.189984086476,NA,NA,"SRS"
"1368","random","rare",338.383838383838,10.0868036182132,178.189984086476,NA,NA,"SRS"
"1369","random","rare",343.434343434343,9.57596432885418,178.189984086476,NA,NA,"SRS"
"1370","random","rare",348.484848484848,9.07258281423108,178.189984086476,NA,NA,"SRS"
"1371","random","rare",353.535353535354,8.57644445084912,178.189984086476,NA,NA,"SRS"
"1372","random","rare",358.585858585859,8.08734374875434,178.189984086476,NA,NA,"SRS"
"1373","random","rare",363.636363636364,7.60508384052318,178.189984086476,NA,NA,"SRS"
"1374","random","rare",368.686868686869,7.12947600549813,178.189984086476,NA,NA,"SRS"
"1375","random","rare",373.737373737374,6.66033922639082,178.189984086476,NA,NA,"SRS"
"1376","random","rare",378.787878787879,6.19749977564675,178.189984086476,NA,NA,"SRS"
"1377","random","rare",383.838383838384,5.74079082920477,178.189984086476,NA,NA,"SRS"
"1378","random","rare",388.888888888889,5.2900521055042,178.189984086476,NA,NA,"SRS"
"1379","random","rare",393.939393939394,4.845129527783,178.189984086476,NA,NA,"SRS"
"1380","random","rare",398.989898989899,4.40587490788775,178.189984086476,NA,NA,"SRS"
"1381","random","rare",404.040404040404,3.97214564997157,178.189984086476,NA,NA,"SRS"
"1382","random","rare",409.090909090909,3.54380447259715,178.189984086476,NA,NA,"SRS"
"1383","random","rare",414.141414141414,3.12071914788996,178.189984086476,NA,NA,"SRS"
"1384","random","rare",419.191919191919,2.70276225650179,178.189984086476,NA,NA,"SRS"
"1385","random","rare",424.242424242424,2.28981095724794,178.189984086476,NA,NA,"SRS"
"1386","random","rare",429.292929292929,1.88174677037654,178.189984086476,NA,NA,"SRS"
"1387","random","rare",434.343434343434,1.47845537351299,178.189984086476,NA,NA,"SRS"
"1388","random","rare",439.393939393939,1.07982640940034,178.189984086476,NA,NA,"SRS"
"1389","random","rare",444.444444444444,0.685753304626644,178.189984086476,NA,NA,"SRS"
"1390","random","rare",449.494949494949,0.296133098594453,178.189984086476,NA,NA,"SRS"
"1391","random","rare",454.545454545455,-0.0891337179544678,178.189984086476,NA,NA,"SRS"
"1392","random","rare",459.59595959596,-0.470143355492297,178.189984086476,NA,NA,"SRS"
"1393","random","rare",464.646464646465,-0.846988869921717,178.189984086476,NA,NA,"SRS"
"1394","random","rare",469.69696969697,-1.21976029899682,178.189984086476,NA,NA,"SRS"
"1395","random","rare",474.747474747475,-1.58854479144759,178.189984086476,NA,NA,"SRS"
"1396","random","rare",479.79797979798,-1.95342672927288,178.189984086476,NA,NA,"SRS"
"1397","random","rare",484.848484848485,-2.31448784362962,178.189984086476,NA,NA,"SRS"
"1398","random","rare",489.89898989899,-2.67180732471735,178.189984086476,NA,NA,"SRS"
"1399","random","rare",494.949494949495,-3.02546192602733,178.189984086476,NA,NA,"SRS"
"1400","random","rare",500,-3.37552606329939,178.189984086476,NA,NA,"SRS"
"1401","Clumped-Poisson","common",0,88.9879829267325,36.8979029777816,NA,NA,"ACS"
"1402","Clumped-Poisson","common",5.05050505050505,76.8259735173183,36.2290701492528,NA,NA,"ACS"
"1403","Clumped-Poisson","common",10.1010101010101,65.1928502498103,36.2290701492528,NA,NA,"ACS"
"1404","Clumped-Poisson","common",15.1515151515152,58.3879093720514,36.2290701492528,NA,NA,"ACS"
"1405","Clumped-Poisson","common",20.2020202020202,53.5597269823023,36.2290701492528,NA,NA,"ACS"
"1406","Clumped-Poisson","common",25.2525252525253,49.8146977712036,36.2290701492528,NA,NA,"ACS"
"1407","Clumped-Poisson","common",30.3030303030303,46.7547861045433,36.2290701492528,NA,NA,"ACS"
"1408","Clumped-Poisson","common",35.3535353535353,44.1676676533768,36.2290701492528,NA,NA,"ACS"
"1409","Clumped-Poisson","common",40.4040404040404,41.9266037147943,36.2290701492528,NA,NA,"ACS"
"1410","Clumped-Poisson","common",45.4545454545455,39.9498452267844,36.2290701492528,NA,NA,"ACS"
"1411","Clumped-Poisson","common",50.5050505050505,38.1815745036955,36.2290701492528,NA,NA,"ACS"
"1412","Clumped-Poisson","common",55.5555555555556,36.5819790621958,36.2290701492528,NA,NA,"ACS"
"1413","Clumped-Poisson","common",60.6060606060606,35.1216628370353,36.2290701492528,NA,NA,"ACS"
"1414","Clumped-Poisson","common",65.6565656565656,33.7783021322004,36.2290701492528,NA,NA,"ACS"
"1415","Clumped-Poisson","common",70.7070707070707,32.5345443858688,36.2290701492528,NA,NA,"ACS"
"1416","Clumped-Poisson","common",75.7575757575758,31.3766336259366,36.2290701492528,NA,NA,"ACS"
"1417","Clumped-Poisson","common",80.8080808080808,30.2934804472862,36.2290701492528,NA,NA,"ACS"
"1418","Clumped-Poisson","common",85.8585858585859,29.2760144336945,36.2290701492528,NA,NA,"ACS"
"1419","Clumped-Poisson","common",90.9090909090909,28.3167219592763,36.2290701492528,NA,NA,"ACS"
"1420","Clumped-Poisson","common",95.959595959596,27.4093091219902,36.2290701492528,NA,NA,"ACS"
"1421","Clumped-Poisson","common",101.010101010101,26.5484512361875,36.2290701492528,NA,NA,"ACS"
"1422","Clumped-Poisson","common",106.060606060606,25.7296035081098,36.2290701492528,NA,NA,"ACS"
"1423","Clumped-Poisson","common",111.111111111111,24.9488557946878,36.2290701492528,NA,NA,"ACS"
"1424","Clumped-Poisson","common",116.161616161616,24.2028196742974,36.2290701492528,NA,NA,"ACS"
"1425","Clumped-Poisson","common",121.212121212121,23.4885395695273,36.2290701492528,NA,NA,"ACS"
"1426","Clumped-Poisson","common",126.262626262626,22.8034220250888,36.2290701492528,NA,NA,"ACS"
"1427","Clumped-Poisson","common",131.313131313131,22.1451788646923,36.2290701492528,NA,NA,"ACS"
"1428","Clumped-Poisson","common",136.363636363636,21.5117810815174,36.2290701492528,NA,NA,"ACS"
"1429","Clumped-Poisson","common",141.414141414141,20.9014211183608,36.2290701492528,NA,NA,"ACS"
"1430","Clumped-Poisson","common",146.464646464646,20.312481769788,36.2290701492528,NA,NA,"ACS"
"1431","Clumped-Poisson","common",151.515151515152,19.7435103584286,36.2290701492528,NA,NA,"ACS"
"1432","Clumped-Poisson","common",156.565656565657,19.1931971471544,36.2290701492528,NA,NA,"ACS"
"1433","Clumped-Poisson","common",161.616161616162,18.6603571797782,36.2290701492528,NA,NA,"ACS"
"1434","Clumped-Poisson","common",166.666666666667,18.1439149169288,36.2290701492528,NA,NA,"ACS"
"1435","Clumped-Poisson","common",171.717171717172,17.6428911661865,36.2290701492528,NA,NA,"ACS"
"1436","Clumped-Poisson","common",176.767676767677,17.1563919072621,36.2290701492528,NA,NA,"ACS"
"1437","Clumped-Poisson","common",181.818181818182,16.6835986917683,36.2290701492528,NA,NA,"ACS"
"1438","Clumped-Poisson","common",186.868686868687,16.2237603586222,36.2290701492528,NA,NA,"ACS"
"1439","Clumped-Poisson","common",191.919191919192,15.7761858544822,36.2290701492528,NA,NA,"ACS"
"1440","Clumped-Poisson","common",196.969696969697,15.3402379869334,36.2290701492528,NA,NA,"ACS"
"1441","Clumped-Poisson","common",202.020202020202,14.9153279686795,36.2290701492528,NA,NA,"ACS"
"1442","Clumped-Poisson","common",207.070707070707,14.5009106355114,36.2290701492528,NA,NA,"ACS"
"1443","Clumped-Poisson","common",212.121212121212,14.0964802406018,36.2290701492528,NA,NA,"ACS"
"1444","Clumped-Poisson","common",217.171717171717,13.7015667437346,36.2290701492528,NA,NA,"ACS"
"1445","Clumped-Poisson","common",222.222222222222,13.3157325271798,36.2290701492528,NA,NA,"ACS"
"1446","Clumped-Poisson","common",227.272727272727,12.9385694806696,36.2290701492528,NA,NA,"ACS"
"1447","Clumped-Poisson","common",232.323232323232,12.5696964067893,36.2290701492528,NA,NA,"ACS"
"1448","Clumped-Poisson","common",237.373737373737,12.2087567054265,36.2290701492528,NA,NA,"ACS"
"1449","Clumped-Poisson","common",242.424242424242,11.8554163020192,36.2290701492528,NA,NA,"ACS"
"1450","Clumped-Poisson","common",247.474747474747,11.5093617894353,36.2290701492528,NA,NA,"ACS"
"1451","Clumped-Poisson","common",252.525252525253,11.1702987575808,36.2290701492528,NA,NA,"ACS"
"1452","Clumped-Poisson","common",257.575757575758,10.8379502884275,36.2290701492528,NA,NA,"ACS"
"1453","Clumped-Poisson","common",262.626262626263,10.5120555971843,36.2290701492528,NA,NA,"ACS"
"1454","Clumped-Poisson","common",267.676767676768,10.192368802904,36.2290701492528,NA,NA,"ACS"
"1455","Clumped-Poisson","common",272.727272727273,9.87865781400933,36.2290701492528,NA,NA,"ACS"
"1456","Clumped-Poisson","common",277.777777777778,9.57070331608107,36.2290701492528,NA,NA,"ACS"
"1457","Clumped-Poisson","common",282.828282828283,9.26829785085275,36.2290701492528,NA,NA,"ACS"
"1458","Clumped-Poisson","common",287.878787878788,8.97124497672324,36.2290701492528,NA,NA,"ACS"
"1459","Clumped-Poisson","common",292.929292929293,8.67935850227994,36.2290701492528,NA,NA,"ACS"
"1460","Clumped-Poisson","common",297.979797979798,8.39246178534272,36.2290701492528,NA,NA,"ACS"
"1461","Clumped-Poisson","common",303.030303030303,8.11038709092053,36.2290701492528,NA,NA,"ACS"
"1462","Clumped-Poisson","common",308.080808080808,7.83297500223691,36.2290701492528,NA,NA,"ACS"
"1463","Clumped-Poisson","common",313.131313131313,7.56007387964632,36.2290701492528,NA,NA,"ACS"
"1464","Clumped-Poisson","common",318.181818181818,7.29153936284285,36.2290701492528,NA,NA,"ACS"
"1465","Clumped-Poisson","common",323.232323232323,7.02723391227015,36.2290701492528,NA,NA,"ACS"
"1466","Clumped-Poisson","common",328.282828282828,6.76702638608559,36.2290701492528,NA,NA,"ACS"
"1467","Clumped-Poisson","common",333.333333333333,6.5107916494208,36.2290701492528,NA,NA,"ACS"
"1468","Clumped-Poisson","common",338.383838383838,6.25841021302509,36.2290701492528,NA,NA,"ACS"
"1469","Clumped-Poisson","common",343.434343434343,6.00976789867848,36.2290701492528,NA,NA,"ACS"
"1470","Clumped-Poisson","common",348.484848484848,5.76475552903037,36.2290701492528,NA,NA,"ACS"
"1471","Clumped-Poisson","common",353.535353535354,5.52326863975404,36.2290701492528,NA,NA,"ACS"
"1472","Clumped-Poisson","common",358.585858585859,5.28520721211794,36.2290701492528,NA,NA,"ACS"
"1473","Clumped-Poisson","common",363.636363636364,5.05047542426027,36.2290701492528,NA,NA,"ACS"
"1474","Clumped-Poisson","common",368.686868686869,4.81898141961859,36.2290701492528,NA,NA,"ACS"
"1475","Clumped-Poisson","common",373.737373737374,4.59063709111415,36.2290701492528,NA,NA,"ACS"
"1476","Clumped-Poisson","common",378.787878787879,4.36535787982181,36.2290701492528,NA,NA,"ACS"
"1477","Clumped-Poisson","common",383.838383838384,4.14306258697418,36.2290701492528,NA,NA,"ACS"
"1478","Clumped-Poisson","common",388.888888888889,3.92367319825432,36.2290701492528,NA,NA,"ACS"
"1479","Clumped-Poisson","common",393.939393939394,3.70711471942532,36.2290701492528,NA,NA,"ACS"
"1480","Clumped-Poisson","common",398.989898989899,3.49331502243011,36.2290701492528,NA,NA,"ACS"
"1481","Clumped-Poisson","common",404.040404040404,3.28220470117145,36.2290701492528,NA,NA,"ACS"
"1482","Clumped-Poisson","common",409.090909090909,3.07371693625036,36.2290701492528,NA,NA,"ACS"
"1483","Clumped-Poisson","common",414.141414141414,2.86778736800339,36.2290701492528,NA,NA,"ACS"
"1484","Clumped-Poisson","common",419.191919191919,2.66435397723527,36.2290701492528,NA,NA,"ACS"
"1485","Clumped-Poisson","common",424.242424242424,2.46335697309378,36.2290701492528,NA,NA,"ACS"
"1486","Clumped-Poisson","common",429.292929292929,2.26473868757977,36.2290701492528,NA,NA,"ACS"
"1487","Clumped-Poisson","common",434.343434343434,2.06844347622658,36.2290701492528,NA,NA,"ACS"
"1488","Clumped-Poisson","common",439.393939393939,1.87441762452097,36.2290701492528,NA,NA,"ACS"
"1489","Clumped-Poisson","common",444.444444444444,1.68260925967174,36.2290701492528,NA,NA,"ACS"
"1490","Clumped-Poisson","common",449.494949494949,1.49296826736354,36.2290701492528,NA,NA,"ACS"
"1491","Clumped-Poisson","common",454.545454545455,1.30544621316156,36.2290701492528,NA,NA,"ACS"
"1492","Clumped-Poisson","common",459.59595959596,1.11999626825883,36.2290701492528,NA,NA,"ACS"
"1493","Clumped-Poisson","common",464.646464646465,0.936573139281307,36.2290701492528,NA,NA,"ACS"
"1494","Clumped-Poisson","common",469.69696969697,0.755133001887344,36.2290701492528,NA,NA,"ACS"
"1495","Clumped-Poisson","common",474.747474747475,0.575633437918484,36.2290701492528,NA,NA,"ACS"
"1496","Clumped-Poisson","common",479.79797979798,0.398033375875471,36.2290701492528,NA,NA,"ACS"
"1497","Clumped-Poisson","common",484.848484848485,0.222293034511196,36.2290701492528,NA,NA,"ACS"
"1498","Clumped-Poisson","common",489.89898989899,0.0483738693462215,36.2290701492528,NA,NA,"ACS"
"1499","Clumped-Poisson","common",494.949494949495,-0.123761478072709,36.2290701492528,NA,NA,"ACS"
"1500","Clumped-Poisson","common",500,-0.294149228338156,36.2290701492528,NA,NA,"ACS"
"1501","Clumped-Poisson","rare",0,213.990901165737,429.525381704277,NA,NA,"ACS"
"1502","Clumped-Poisson","rare",5.05050505050505,184.780555540036,429.525381704277,NA,NA,"ACS"
"1503","Clumped-Poisson","rare",10.1010101010101,159.55750230352,429.525381704277,NA,NA,"ACS"
"1504","Clumped-Poisson","rare",15.1515151515152,137.777465096005,429.525381704277,NA,NA,"ACS"
"1505","Clumped-Poisson","rare",20.2020202020202,118.97046277505,429.525381704277,NA,NA,"ACS"
"1506","Clumped-Poisson","rare",25.2525252525253,102.73066791472,429.525381704277,NA,NA,"ACS"
"1507","Clumped-Poisson","rare",30.3030303030303,88.7076496471165,429.525381704277,NA,NA,"ACS"
"1508","Clumped-Poisson","rare",35.3535353535353,76.5988118800893,429.525381704277,NA,NA,"ACS"
"1509","Clumped-Poisson","rare",40.4040404040404,66.142863718992,429.525381704277,NA,NA,"ACS"
"1510","Clumped-Poisson","rare",45.4545454545455,57.114181193799,429.525381704277,NA,NA,"ACS"
"1511","Clumped-Poisson","rare",50.5050505050505,49.3179386259543,429.525381704277,NA,NA,"ACS"
"1512","Clumped-Poisson","rare",55.5555555555556,42.5859045770137,429.525381704277,NA,NA,"ACS"
"1513","Clumped-Poisson","rare",60.6060606060606,36.7728116618423,429.525381704277,NA,NA,"ACS"
"1514","Clumped-Poisson","rare",65.6565656565656,31.7532218922788,429.525381704277,NA,NA,"ACS"
"1515","Clumped-Poisson","rare",70.7070707070707,27.418819909997,429.525381704277,NA,NA,"ACS"
"1516","Clumped-Poisson","rare",75.7575757575758,23.6760757005152,429.525381704277,NA,NA,"ACS"
"1517","Clumped-Poisson","rare",80.8080808080808,20.4442263531606,429.525381704277,NA,NA,"ACS"
"1518","Clumped-Poisson","rare",85.8585858585859,17.6535333163414,429.525381704277,NA,NA,"ACS"
"1519","Clumped-Poisson","rare",90.9090909090909,15.2437775422594,429.525381704277,NA,NA,"ACS"
"1520","Clumped-Poisson","rare",95.959595959596,13.1629600485014,429.525381704277,NA,NA,"ACS"
"1521","Clumped-Poisson","rare",101.010101010101,11.3661798565426,429.525381704277,NA,NA,"ACS"
"1522","Clumped-Poisson","rare",106.060606060606,9.81466509472407,429.525381704277,NA,NA,"ACS"
"1523","Clumped-Poisson","rare",111.111111111111,8.47493635833565,429.525381704277,NA,NA,"ACS"
"1524","Clumped-Poisson","rare",116.161616161616,7.31808427334411,429.525381704277,NA,NA,"ACS"
"1525","Clumped-Poisson","rare",121.212121212121,6.31914567465656,429.525381704277,NA,NA,"ACS"
"1526","Clumped-Poisson","rare",126.262626262626,5.45656493776387,429.525381704277,NA,NA,"ACS"
"1527","Clumped-Poisson","rare",131.313131313131,4.71172884009393,429.525381704277,NA,NA,"ACS"
"1528","Clumped-Poisson","rare",136.363636363636,4.06856491506737,429.525381704277,NA,NA,"ACS"
"1529","Clumped-Poisson","rare",141.414141414141,3.51319463192774,429.525381704277,NA,NA,"ACS"
"1530","Clumped-Poisson","rare",146.464646464646,3.03363391747716,429.525381704277,NA,NA,"ACS"
"1531","Clumped-Poisson","rare",151.515151515152,2.61953455741733,429.525381704277,NA,NA,"ACS"
"1532","Clumped-Poisson","rare",156.565656565657,2.2619608971178,429.525381704277,NA,NA,"ACS"
"1533","Clumped-Poisson","rare",161.616161616162,1.95319702334236,429.525381704277,NA,NA,"ACS"
"1534","Clumped-Poisson","rare",166.666666666667,1.68658026619934,429.525381704277,NA,NA,"ACS"
"1535","Clumped-Poisson","rare",171.717171717172,1.45635742853293,429.525381704277,NA,NA,"ACS"
"1536","Clumped-Poisson","rare",176.767676767677,1.25756064039727,429.525381704277,NA,NA,"ACS"
"1537","Clumped-Poisson","rare",181.818181818182,1.08590015973584,429.525381704277,NA,NA,"ACS"
"1538","Clumped-Poisson","rare",186.868686868687,0.937671806062429,429.525381704277,NA,NA,"ACS"
"1539","Clumped-Poisson","rare",191.919191919192,0.809677029698806,429.525381704277,NA,NA,"ACS"
"1540","Clumped-Poisson","rare",196.969696969697,0.699153891781015,429.525381704277,NA,NA,"ACS"
"1541","Clumped-Poisson","rare",202.020202020202,0.603717465684281,429.525381704277,NA,NA,"ACS"
"1542","Clumped-Poisson","rare",207.070707070707,0.521308373817092,429.525381704277,NA,NA,"ACS"
"1543","Clumped-Poisson","rare",212.121212121212,0.450148349284201,429.525381704277,NA,NA,"ACS"
"1544","Clumped-Poisson","rare",217.171717171717,0.388701863504666,429.525381704277,NA,NA,"ACS"
"1545","Clumped-Poisson","rare",222.222222222222,0.335642991765389,429.525381704277,NA,NA,"ACS"
"1546","Clumped-Poisson","rare",227.272727272727,0.28982680171758,429.525381704277,NA,NA,"ACS"
"1547","Clumped-Poisson","rare",232.323232323232,0.250264647422033,429.525381704277,NA,NA,"ACS"
"1548","Clumped-Poisson","rare",237.373737373737,0.216102835825054,429.525381704277,NA,NA,"ACS"
"1549","Clumped-Poisson","rare",242.424242424242,0.186604205319008,429.525381704277,NA,NA,"ACS"
"1550","Clumped-Poisson","rare",247.474747474747,0.16113221887994,429.525381704277,NA,NA,"ACS"
"1551","Clumped-Poisson","rare",252.525252525253,0.13913722853559,429.525381704277,NA,NA,"ACS"
"1552","Clumped-Poisson","rare",257.575757575758,0.120144614771237,429.525381704277,NA,NA,"ACS"
"1553","Clumped-Poisson","rare",262.626262626263,0.103744544939219,429.525381704277,NA,NA,"ACS"
"1554","Clumped-Poisson","rare",267.676767676768,0.0895831296736768,429.525381704277,NA,NA,"ACS"
"1555","Clumped-Poisson","rare",272.727272727273,0.0773547864789661,429.525381704277,NA,NA,"ACS"
"1556","Clumped-Poisson","rare",277.777777777778,0.0667956457092244,429.525381704277,NA,NA,"ACS"
"1557","Clumped-Poisson","rare",282.828282828283,0.0576778566498328,429.525381704277,NA,NA,"ACS"
"1558","Clumped-Poisson","rare",287.878787878788,0.0498046708343931,429.525381704277,NA,NA,"ACS"
"1559","Clumped-Poisson","rare",292.929292929293,0.0430061965024395,429.525381704277,NA,NA,"ACS"
"1560","Clumped-Poisson","rare",297.979797979798,0.0371357325853306,429.525381704277,NA,NA,"ACS"
"1561","Clumped-Poisson","rare",303.030303030303,0.0320666031131342,429.525381704277,NA,NA,"ACS"
"1562","Clumped-Poisson","rare",308.080808080808,0.0276894237336644,429.525381704277,NA,NA,"ACS"
"1563","Clumped-Poisson","rare",313.131313131313,0.023909741359177,429.525381704277,NA,NA,"ACS"
"1564","Clumped-Poisson","rare",318.181818181818,0.0206459960077718,429.525381704277,NA,NA,"ACS"
"1565","Clumped-Poisson","rare",323.232323232323,0.017827760859041,429.525381704277,NA,NA,"ACS"
"1566","Clumped-Poisson","rare",328.282828282828,0.0153942225469537,429.525381704277,NA,NA,"ACS"
"1567","Clumped-Poisson","rare",333.333333333333,0.0132928688969347,429.525381704277,NA,NA,"ACS"
"1568","Clumped-Poisson","rare",338.383838383838,0.0114783557904365,429.525381704277,NA,NA,"ACS"
"1569","Clumped-Poisson","rare",343.434343434343,0.00991152870560759,429.525381704277,NA,NA,"ACS"
"1570","Clumped-Poisson","rare",348.484848484848,0.0085585778203472,429.525381704277,NA,NA,"ACS"
"1571","Clumped-Poisson","rare",353.535353535354,0.00739030844611258,429.525381704277,NA,NA,"ACS"
"1572","Clumped-Poisson","rare",358.585858585859,0.00638151104951538,429.525381704277,NA,NA,"ACS"
"1573","Clumped-Poisson","rare",363.636363636364,0.00551041726769986,429.525381704277,NA,NA,"ACS"
"1574","Clumped-Poisson","rare",368.686868686869,0.00475823017911576,429.525381704277,NA,NA,"ACS"
"1575","Clumped-Poisson","rare",373.737373737374,0.00410871869362057,429.525381704277,NA,NA,"ACS"
"1576","Clumped-Poisson","rare",378.787878787879,0.00354786730944662,429.525381704277,NA,NA,"ACS"
"1577","Clumped-Poisson","rare",383.838383838384,0.00306357367930393,429.525381704277,NA,NA,"ACS"
"1578","Clumped-Poisson","rare",388.888888888889,0.0026453874595405,429.525381704277,NA,NA,"ACS"
"1579","Clumped-Poisson","rare",393.939393939394,0.00228428480710938,429.525381704277,NA,NA,"ACS"
"1580","Clumped-Poisson","rare",398.989898989899,0.00197247365831889,429.525381704277,NA,NA,"ACS"
"1581","Clumped-Poisson","rare",404.040404040404,0.00170322558756815,429.525381704277,NA,NA,"ACS"
"1582","Clumped-Poisson","rare",409.090909090909,0.00147073061782704,429.525381704277,NA,NA,"ACS"
"1583","Clumped-Poisson","rare",414.141414141414,0.00126997184988412,429.525381704277,NA,NA,"ACS"
"1584","Clumped-Poisson","rare",419.191919191919,0.0010966172050467,429.525381704277,NA,NA,"ACS"
"1585","Clumped-Poisson","rare",424.242424242424,0.000946925945259466,429.525381704277,NA,NA,"ACS"
"1586","Clumped-Poisson","rare",429.292929292929,0.000817667953483687,429.525381704277,NA,NA,"ACS"
"1587","Clumped-Poisson","rare",434.343434343434,0.000706054032526275,429.525381704277,NA,NA,"ACS"
"1588","Clumped-Poisson","rare",439.393939393939,0.000609675718270105,429.525381704277,NA,NA,"ACS"
"1589","Clumped-Poisson","rare",444.444444444444,0.000526453308563656,429.525381704277,NA,NA,"ACS"
"1590","Clumped-Poisson","rare",449.494949494949,0.000454590986309926,429.525381704277,NA,NA,"ACS"
"1591","Clumped-Poisson","rare",454.545454545455,0.00039253806837695,429.525381704277,NA,NA,"ACS"
"1592","Clumped-Poisson","rare",459.59595959596,0.00033895554413843,429.525381704277,NA,NA,"ACS"
"1593","Clumped-Poisson","rare",464.646464646465,0.000292687181595471,429.525381704277,NA,NA,"ACS"
"1594","Clumped-Poisson","rare",469.69696969697,0.000252734577592021,429.525381704277,NA,NA,"ACS"
"1595","Clumped-Poisson","rare",474.747474747475,0.000218235613744439,429.525381704277,NA,NA,"ACS"
"1596","Clumped-Poisson","rare",479.79797979798,0.000188445853195812,429.525381704277,NA,NA,"ACS"
"1597","Clumped-Poisson","rare",484.848484848485,0.000162722476764417,429.525381704277,NA,NA,"ACS"
"1598","Clumped-Poisson","rare",489.89898989899,0.000140510411852006,429.525381704277,NA,NA,"ACS"
"1599","Clumped-Poisson","rare",494.949494949495,0.000121330354794216,429.525381704277,NA,NA,"ACS"
"1600","Clumped-Poisson","rare",500,0.000104768428193033,429.525381704277,NA,NA,"ACS"
"1601","One shore only","common",0,84.612106745849,34.1357044255816,NA,NA,"ACS"
"1602","One shore only","common",5.05050505050505,75.0196004179784,32.7711483824549,NA,NA,"ACS"
"1603","One shore only","common",10.1010101010101,63.4194886618639,32.7711483824549,NA,NA,"ACS"
"1604","One shore only","common",15.1515151515152,56.6338582803622,32.7711483824549,NA,NA,"ACS"
"1605","One shore only","common",20.2020202020202,51.8193769057493,32.7711483824549,NA,NA,"ACS"
"1606","One shore only","common",25.2525252525253,48.0849750276229,32.7711483824549,NA,NA,"ACS"
"1607","One shore only","common",30.3030303030303,45.0337465242477,32.7711483824549,NA,NA,"ACS"
"1608","One shore only","common",35.3535353535353,42.453969583032,32.7711483824549,NA,NA,"ACS"
"1609","One shore only","common",40.4040404040404,40.2192651496348,32.7711483824549,NA,NA,"ACS"
"1610","One shore only","common",45.4545454545455,38.2481161427461,32.7711483824549,NA,NA,"ACS"
"1611","One shore only","common",50.5050505050505,36.4848632715084,32.7711483824549,NA,NA,"ACS"
"1612","One shore only","common",55.5555555555556,34.8898070291496,32.7711483824549,NA,NA,"ACS"
"1613","One shore only","common",60.6060606060606,33.4336347681332,32.7711483824549,NA,NA,"ACS"
"1614","One shore only","common",65.6565656565656,32.0940861407768,32.7711483824549,NA,NA,"ACS"
"1615","One shore only","common",70.7070707070707,30.8538578269175,32.7711483824549,NA,NA,"ACS"
"1616","One shore only","common",75.7575757575758,29.6992328900067,32.7711483824549,NA,NA,"ACS"
"1617","One shore only","common",80.8080808080808,28.6191533935203,32.7711483824549,NA,NA,"ACS"
"1618","One shore only","common",85.8585858585859,27.604574660509,32.7711483824549,NA,NA,"ACS"
"1619","One shore only","common",90.9090909090909,26.6480043866315,32.7711483824549,NA,NA,"ACS"
"1620","One shore only","common",95.959595959596,25.7431665301591,32.7711483824549,NA,NA,"ACS"
"1621","One shore only","common",101.010101010101,24.8847515153938,32.7711483824549,NA,NA,"ACS"
"1622","One shore only","common",106.060606060606,24.0682274454158,32.7711483824549,NA,NA,"ACS"
"1623","One shore only","common",111.111111111111,23.289695273035,32.7711483824549,NA,NA,"ACS"
"1624","One shore only","common",116.161616161616,22.545776192009,32.7711483824549,NA,NA,"ACS"
"1625","One shore only","common",121.212121212121,21.8335230120186,32.7711483824549,NA,NA,"ACS"
"1626","One shore only","common",126.262626262626,21.1503496372674,32.7711483824549,NA,NA,"ACS"
"1627","One shore only","common",131.313131313131,20.4939743846623,32.7711483824549,NA,NA,"ACS"
"1628","One shore only","common",136.363636363636,19.8623740051299,32.7711483824549,NA,NA,"ACS"
"1629","One shore only","common",141.414141414141,19.2537460708029,32.7711483824549,NA,NA,"ACS"
"1630","One shore only","common",146.464646464646,18.6664779654181,32.7711483824549,NA,NA,"ACS"
"1631","One shore only","common",151.515151515152,18.0991211338922,32.7711483824549,NA,NA,"ACS"
"1632","One shore only","common",156.565656565657,17.5503695557604,32.7711483824549,NA,NA,"ACS"
"1633","One shore only","common",161.616161616162,17.0190416374057,32.7711483824549,NA,NA,"ACS"
"1634","One shore only","common",166.666666666667,16.5040648915334,32.7711483824549,NA,NA,"ACS"
"1635","One shore only","common",171.717171717172,16.0044629043945,32.7711483824549,NA,NA,"ACS"
"1636","One shore only","common",176.767676767677,15.5193441926765,32.7711483824549,NA,NA,"ACS"
"1637","One shore only","common",181.818181818182,15.047892630517,32.7711483824549,NA,NA,"ACS"
"1638","One shore only","common",186.868686868687,14.5893591884156,32.7711483824549,NA,NA,"ACS"
"1639","One shore only","common",191.919191919192,14.1430547740446,32.7711483824549,NA,NA,"ACS"
"1640","One shore only","common",196.969696969697,13.7083440031606,32.7711483824549,NA,NA,"ACS"
"1641","One shore only","common",202.020202020202,13.2846397592793,32.7711483824549,NA,NA,"ACS"
"1642","One shore only","common",207.070707070707,12.8713984252132,32.7711483824549,NA,NA,"ACS"
"1643","One shore only","common",212.121212121212,12.4681156893013,32.7711483824549,NA,NA,"ACS"
"1644","One shore only","common",217.171717171717,12.0743228451687,32.7711483824549,NA,NA,"ACS"
"1645","One shore only","common",222.222222222222,11.6895835169205,32.7711483824549,NA,NA,"ACS"
"1646","One shore only","common",227.272727272727,11.3134907523905,32.7711483824549,NA,NA,"ACS"
"1647","One shore only","common",232.323232323232,10.9456644358945,32.7711483824549,NA,NA,"ACS"
"1648","One shore only","common",237.373737373737,10.5857489792499,32.7711483824549,NA,NA,"ACS"
"1649","One shore only","common",242.424242424242,10.2334112559041,32.7711483824549,NA,NA,"ACS"
"1650","One shore only","common",247.474747474747,9.88833874808557,32.7711483824549,NA,NA,"ACS"
"1651","One shore only","common",252.525252525253,9.55023788115284,32.7711483824549,NA,NA,"ACS"
"1652","One shore only","common",257.575757575758,9.21883252289285,32.7711483824549,NA,NA,"ACS"
"1653","One shore only","common",262.626262626263,8.89386262854771,32.7711483824549,NA,NA,"ACS"
"1654","One shore only","common",267.676767676768,8.57508301491093,32.7711483824549,NA,NA,"ACS"
"1655","One shore only","common",272.727272727273,8.26226224901535,32.7711483824549,NA,NA,"ACS"
"1656","One shore only","common",277.777777777778,7.95518163879404,32.7711483824549,NA,NA,"ACS"
"1657","One shore only","common",282.828282828283,7.65363431468839,32.7711483824549,NA,NA,"ACS"
"1658","One shore only","common",287.878787878788,7.35742439254292,32.7711483824549,NA,NA,"ACS"
"1659","One shore only","common",292.929292929293,7.06636620930355,32.7711483824549,NA,NA,"ACS"
"1660","One shore only","common",297.979797979798,6.78028362405067,32.7711483824549,NA,NA,"ACS"
"1661","One shore only","common",303.030303030303,6.49900937777765,32.7711483824549,NA,NA,"ACS"
"1662","One shore only","common",308.080808080808,6.22238450608776,32.7711483824549,NA,NA,"ACS"
"1663","One shore only","common",313.131313131313,5.95025779964584,32.7711483824549,NA,NA,"ACS"
"1664","One shore only","common",318.181818181818,5.68248530779965,32.7711483824549,NA,NA,"ACS"
"1665","One shore only","common",323.232323232323,5.41892988129121,32.7711483824549,NA,NA,"ACS"
"1666","One shore only","common",328.282828282828,5.15946075042126,32.7711483824549,NA,NA,"ACS"
"1667","One shore only","common",333.333333333333,4.90395313541885,32.7711483824549,NA,NA,"ACS"
"1668","One shore only","common",338.383838383838,4.65228788610992,32.7711483824549,NA,NA,"ACS"
"1669","One shore only","common",343.434343434343,4.40435114827996,32.7711483824549,NA,NA,"ACS"
"1670","One shore only","common",348.484848484848,4.16003405439282,32.7711483824549,NA,NA,"ACS"
"1671","One shore only","common",353.535353535354,3.91923243656194,32.7711483824549,NA,NA,"ACS"
"1672","One shore only","common",358.585858585859,3.68184655988065,32.7711483824549,NA,NA,"ACS"
"1673","One shore only","common",363.636363636364,3.44778087440245,32.7711483824549,NA,NA,"ACS"
"1674","One shore only","common",368.686868686869,3.21694378422787,32.7711483824549,NA,NA,"ACS"
"1675","One shore only","common",373.737373737374,2.98924743230107,32.7711483824549,NA,NA,"ACS"
"1676","One shore only","common",378.787878787879,2.76460749965121,32.7711483824549,NA,NA,"ACS"
"1677","One shore only","common",383.838383838384,2.54294301793003,32.7711483824549,NA,NA,"ACS"
"1678","One shore only","common",388.888888888889,2.32417619420315,32.7711483824549,NA,NA,"ACS"
"1679","One shore only","common",393.939393939394,2.10823224704606,32.7711483824549,NA,NA,"ACS"
"1680","One shore only","common",398.989898989899,1.89503925308072,32.7711483824549,NA,NA,"ACS"
"1681","One shore only","common",404.040404040404,1.68452800316476,32.7711483824549,NA,NA,"ACS"
"1682","One shore only","common",409.090909090909,1.4766318675137,32.7711483824549,NA,NA,"ACS"
"1683","One shore only","common",414.141414141414,1.27128666909866,32.7711483824549,NA,NA,"ACS"
"1684","One shore only","common",419.191919191919,1.06843056471723,32.7711483824549,NA,NA,"ACS"
"1685","One shore only","common",424.242424242424,0.868003933186756,32.7711483824549,NA,NA,"ACS"
"1686","One shore only","common",429.292929292929,0.669949270153509,32.7711483824549,NA,NA,"ACS"
"1687","One shore only","common",434.343434343434,0.474211089054108,32.7711483824549,NA,NA,"ACS"
"1688","One shore only","common",439.393939393939,0.280735827801905,32.7711483824549,NA,NA,"ACS"
"1689","One shore only","common",444.444444444444,0.0894717608059636,32.7711483824549,NA,NA,"ACS"
"1690","One shore only","common",449.494949494949,-0.0996310840388048,32.7711483824549,NA,NA,"ACS"
"1691","One shore only","common",454.545454545455,-0.28662100372398,32.7711483824549,NA,NA,"ACS"
"1692","One shore only","common",459.59595959596,-0.471544694169651,32.7711483824549,NA,NA,"ACS"
"1693","One shore only","common",464.646464646465,-0.654447320220072,32.7711483824549,NA,NA,"ACS"
"1694","One shore only","common",469.69696969697,-0.835372581855808,32.7711483824549,NA,NA,"ACS"
"1695","One shore only","common",474.747474747475,-1.01436277686462,32.7711483824549,NA,NA,"ACS"
"1696","One shore only","common",479.79797979798,-1.19145886019642,32.7711483824549,NA,NA,"ACS"
"1697","One shore only","common",484.848484848485,-1.36670050021043,32.7711483824549,NA,NA,"ACS"
"1698","One shore only","common",489.89898989899,-1.54012613200777,32.7711483824549,NA,NA,"ACS"
"1699","One shore only","common",494.949494949495,-1.71177300802896,32.7711483824549,NA,NA,"ACS"
"1700","One shore only","common",500,-1.88167724608277,32.7711483824549,NA,NA,"ACS"
"1701","One shore only","rare",0,266.132418397186,640.272753683268,NA,NA,"ACS"
"1702","One shore only","rare",5.05050505050505,212.406149787102,640.272753683268,NA,NA,"ACS"
"1703","One shore only","rare",10.1010101010101,169.526030459196,640.272753683268,NA,NA,"ACS"
"1704","One shore only","rare",15.1515151515152,135.302461967593,640.272753683268,NA,NA,"ACS"
"1705","One shore only","rare",20.2020202020202,107.987877524793,640.272753683268,NA,NA,"ACS"
"1706","One shore only","rare",25.2525252525253,86.1875055540585,640.272753683268,NA,NA,"ACS"
"1707","One shore only","rare",30.3030303030303,68.7881481134341,640.272753683268,NA,NA,"ACS"
"1708","One shore only","rare",35.3535353535353,54.9013373859378,640.272753683268,NA,NA,"ACS"
"1709","One shore only","rare",40.4040404040404,43.8179676213135,640.272753683268,NA,NA,"ACS"
"1710","One shore only","rare",45.4545454545455,34.9720858886446,640.272753683268,NA,NA,"ACS"
"1711","One shore only","rare",50.5050505050505,27.9119926778128,640.272753683268,NA,NA,"ACS"
"1712","One shore only","rare",55.5555555555556,22.2771766524581,640.272753683268,NA,NA,"ACS"
"1713","One shore only","rare",60.6060606060606,17.7799057678641,640.272753683268,NA,NA,"ACS"
"1714","One shore only","rare",65.6565656565656,14.1905347363327,640.272753683268,NA,NA,"ACS"
"1715","One shore only","rare",70.7070707070707,11.3257785914158,640.272753683268,NA,NA,"ACS"
"1716","One shore only","rare",75.7575757575758,9.03935356102887,640.272753683268,NA,NA,"ACS"
"1717","One shore only","rare",80.8080808080808,7.21450734196904,640.272753683268,NA,NA,"ACS"
"1718","One shore only","rare",85.8585858585859,5.7580573473443,640.272753683268,NA,NA,"ACS"
"1719","One shore only","rare",90.9090909090909,4.59563250042472,640.272753683268,NA,NA,"ACS"
"1720","One shore only","rare",95.959595959596,3.66787560542459,640.272753683268,NA,NA,"ACS"
"1721","One shore only","rare",101.010101010101,2.92741237590809,640.272753683268,NA,NA,"ACS"
"1722","One shore only","rare",106.060606060606,2.33643234954471,640.272753683268,NA,NA,"ACS"
"1723","One shore only","rare",111.111111111111,1.86475816284872,640.272753683268,NA,NA,"ACS"
"1724","One shore only","rare",116.161616161616,1.48830459678773,640.272753683268,NA,NA,"ACS"
"1725","One shore only","rare",121.212121212121,1.18784870711365,640.272753683268,NA,NA,"ACS"
"1726","One shore only","rare",126.262626262626,0.948048238268541,640.272753683268,NA,NA,"ACS"
"1727","One shore only","rare",131.313131313131,0.756658197884529,640.272753683268,NA,NA,"ACS"
"1728","One shore only","rare",136.363636363636,0.603905587622313,640.272753683268,NA,NA,"ACS"
"1729","One shore only","rare",141.414141414141,0.481990362069807,640.272753683268,NA,NA,"ACS"
"1730","One shore only","rare",146.464646464646,0.384687133038211,640.272753683268,NA,NA,"ACS"
"1731","One shore only","rare",151.515151515152,0.307027280980622,640.272753683268,NA,NA,"ACS"
"1732","One shore only","rare",156.565656565657,0.245045241107636,640.272753683268,NA,NA,"ACS"
"1733","One shore only","rare",161.616161616162,0.195576008743306,640.272753683268,NA,NA,"ACS"
"1734","One shore only","rare",166.666666666667,0.156093523885902,640.272753683268,NA,NA,"ACS"
"1735","One shore only","rare",171.717171717172,0.124581682363189,640.272753683268,NA,NA,"ACS"
"1736","One shore only","rare",176.767676767677,0.0994313869919899,640.272753683268,NA,NA,"ACS"
"1737","One shore only","rare",181.818181818182,0.0793583818392237,640.272753683268,NA,NA,"ACS"
"1738","One shore only","rare",186.868686868687,0.0633376739343622,640.272753683268,NA,NA,"ACS"
"1739","One shore only","rare",191.919191919192,0.0505511937925223,640.272753683268,NA,NA,"ACS"
"1740","One shore only","rare",196.969696969697,0.0403460221241685,640.272753683268,NA,NA,"ACS"
"1741","One shore only","rare",202.020202020202,0.0322010496512682,640.272753683268,NA,NA,"ACS"
"1742","One shore only","rare",207.070707070707,0.02570036757161,640.272753683268,NA,NA,"ACS"
"1743","One shore only","rare",212.121212121212,0.0205120299017908,640.272753683268,NA,NA,"ACS"
"1744","One shore only","rare",217.171717171717,0.0163711032349878,640.272753683268,NA,NA,"ACS"
"1745","One shore only","rare",222.222222222222,0.0130661383789826,640.272753683268,NA,NA,"ACS"
"1746","One shore only","rare",227.272727272727,0.010428373072247,640.272753683268,NA,NA,"ACS"
"1747","One shore only","rare",232.323232323232,0.00832311443363378,640.272753683268,NA,NA,"ACS"
"1748","One shore only","rare",237.373737373737,0.00664286110550861,640.272753683268,NA,NA,"ACS"
"1749","One shore only","rare",242.424242424242,0.00530181388456693,640.272753683268,NA,NA,"ACS"
"1750","One shore only","rare",247.474747474747,0.00423149453528045,640.272753683268,NA,NA,"ACS"
"1751","One shore only","rare",252.525252525253,0.00337724906832916,640.272753683268,NA,NA,"ACS"
"1752","One shore only","rare",257.575757575758,0.00269545693003577,640.272753683268,NA,NA,"ACS"
"1753","One shore only","rare",262.626262626263,0.00215130359493219,640.272753683268,NA,NA,"ACS"
"1754","One shore only","rare",267.676767676768,0.00171700282278549,640.272753683268,NA,NA,"ACS"
"1755","One shore only","rare",272.727272727273,0.00137037780274163,640.272753683268,NA,NA,"ACS"
"1756","One shore only","rare",277.777777777778,0.00109372873318892,640.272753683268,NA,NA,"ACS"
"1757","One shore only","rare",282.828282828283,0.00087292901228391,640.272753683268,NA,NA,"ACS"
"1758","One shore only","rare",287.878787878788,0.000696703887686325,640.272753683268,NA,NA,"ACS"
"1759","One shore only","rare",292.929292929293,0.000556054731011015,640.272753683268,NA,NA,"ACS"
"1760","One shore only","rare",297.979797979798,0.000443799538576625,640.272753683268,NA,NA,"ACS"
"1761","One shore only","rare",303.030303030303,0.000354206194923866,640.272753683268,NA,NA,"ACS"
"1762","One shore only","rare",308.080808080808,0.000282699772345035,640.272753683268,NA,NA,"ACS"
"1763","One shore only","rare",313.131313131313,0.000225628920186201,640.272753683268,NA,NA,"ACS"
"1764","One shore only","rare",318.181818181818,0.000180079414999518,640.272753683268,NA,NA,"ACS"
"1765","One shore only","rare",323.232323232323,0.00014372535080967,640.272753683268,NA,NA,"ACS"
"1766","One shore only","rare",328.282828282828,0.000114710370785123,640.272753683268,NA,NA,"ACS"
"1767","One shore only","rare",333.333333333333,9.15528756168114e-05,640.272753683268,NA,NA,"ACS"
"1768","One shore only","rare",338.383838383838,7.30703682355673e-05,640.272753683268,NA,NA,"ACS"
"1769","One shore only","rare",343.434343434343,5.83190716633367e-05,640.272753683268,NA,NA,"ACS"
"1770","One shore only","rare",348.484848484848,4.654573668917e-05,640.272753683268,NA,NA,"ACS"
"1771","One shore only","rare",353.535353535354,3.71491785130654e-05,640.272753683268,NA,NA,"ACS"
"1772","One shore only","rare",358.585858585859,2.96495782935304e-05,640.272753683268,NA,NA,"ACS"
"1773","One shore only","rare",363.636363636364,2.36639820359691e-05,640.272753683268,NA,NA,"ACS"
"1774","One shore only","rare",368.686868686869,1.88867457153973e-05,640.272753683268,NA,NA,"ACS"
"1775","One shore only","rare",373.737373737374,1.50739280978104e-05,640.272753683268,NA,NA,"ACS"
"1776","One shore only","rare",378.787878787879,1.20308343068715e-05,640.272753683268,NA,NA,"ACS"
"1777","One shore only","rare",383.838383838384,9.60207406989152e-06,640.272753683268,NA,NA,"ACS"
"1778","One shore only","rare",388.888888888889,7.6636269847905e-06,640.272753683268,NA,NA,"ACS"
"1779","One shore only","rare",393.939393939394,6.11650963474318e-06,640.272753683268,NA,NA,"ACS"
"1780","One shore only","rare",398.989898989899,4.88172117277559e-06,640.272753683268,NA,NA,"ACS"
"1781","One shore only","rare",404.040404040404,3.89620928141087e-06,640.272753683268,NA,NA,"ACS"
"1782","One shore only","rare",409.090909090909,3.10965051613572e-06,640.272753683268,NA,NA,"ACS"
"1783","One shore only","rare",414.141414141414,2.4818806265462e-06,640.272753683268,NA,NA,"ACS"
"1784","One shore only","rare",419.191919191919,1.980843639008e-06,640.272753683268,NA,NA,"ACS"
"1785","One shore only","rare",424.242424242424,1.58095497431669e-06,640.272753683268,NA,NA,"ACS"
"1786","One shore only","rare",429.292929292929,1.2617950158188e-06,640.272753683268,NA,NA,"ACS"
"1787","One shore only","rare",434.343434343434,1.00706641733002e-06,640.272753683268,NA,NA,"ACS"
"1788","One shore only","rare",439.393939393939,8.03761907599387e-07,640.272753683268,NA,NA,"ACS"
"1789","One shore only","rare",444.444444444444,6.41500096707225e-07,640.272753683268,NA,NA,"ACS"
"1790","One shore only","rare",449.494949494949,5.11995368509665e-07,640.272753683268,NA,NA,"ACS"
"1791","One shore only","rare",454.545454545455,4.08634790112878e-07,640.272753683268,NA,NA,"ACS"
"1792","One shore only","rare",459.59595959596,3.26140433997779e-07,640.272753683268,NA,NA,"ACS"
"1793","One shore only","rare",464.646464646465,2.60299869863939e-07,640.272753683268,NA,NA,"ACS"
"1794","One shore only","rare",469.69696969697,2.07751064229114e-07,640.272753683268,NA,NA,"ACS"
"1795","One shore only","rare",474.747474747475,1.65810704057938e-07,640.272753683268,NA,NA,"ACS"
"1796","One shore only","rare",479.79797979798,1.32337178065517e-07,640.272753683268,NA,NA,"ACS"
"1797","One shore only","rare",484.848484848485,1.05621219075368e-07,640.272753683268,NA,NA,"ACS"
"1798","One shore only","rare",489.89898989899,8.42986232745863e-08,640.272753683268,NA,NA,"ACS"
"1799","One shore only","rare",494.949494949495,6.72805895273735e-08,640.272753683268,NA,NA,"ACS"
"1800","One shore only","rare",500,5.36981216455474e-08,640.272753683268,NA,NA,"ACS"
"1801","One shore; 2 additional","common",0,104.37670671595,36.0987421978186,NA,NA,"ACS"
"1802","One shore; 2 additional","common",5.05050505050505,72.0712691176215,35.0500111171919,NA,NA,"ACS"
"1803","One shore; 2 additional","common",10.1010101010101,60.854250498717,35.0500111171919,NA,NA,"ACS"
"1804","One shore; 2 additional","common",15.1515151515152,54.2927152367668,35.0500111171919,NA,NA,"ACS"
"1805","One shore; 2 additional","common",20.2020202020202,49.6372318798125,35.0500111171919,NA,NA,"ACS"
"1806","One shore; 2 additional","common",25.2525252525253,46.0261584455125,35.0500111171919,NA,NA,"ACS"
"1807","One shore; 2 additional","common",30.3030303030303,43.0756966178623,35.0500111171919,NA,NA,"ACS"
"1808","One shore; 2 additional","common",35.3535353535353,40.5811166870281,35.0500111171919,NA,NA,"ACS"
"1809","One shore; 2 additional","common",40.4040404040404,38.4202132609079,35.0500111171919,NA,NA,"ACS"
"1810","One shore; 2 additional","common",45.4545454545455,36.5141613559121,35.0500111171919,NA,NA,"ACS"
"1811","One shore; 2 additional","common",50.5050505050505,34.8091398266079,35.0500111171919,NA,NA,"ACS"
"1812","One shore; 2 additional","common",55.5555555555556,33.2667602405399,35.0500111171919,NA,NA,"ACS"
"1813","One shore; 2 additional","common",60.6060606060606,31.8586779989578,35.0500111171919,NA,NA,"ACS"
"1814","One shore; 2 additional","common",65.6565656565656,30.5633679010991,35.0500111171919,NA,NA,"ACS"
"1815","One shore; 2 additional","common",70.7070707070707,29.3640980681236,35.0500111171919,NA,NA,"ACS"
"1816","One shore; 2 additional","common",75.7575757575758,28.2476045646578,35.0500111171919,NA,NA,"ACS"
"1817","One shore; 2 additional","common",80.8080808080808,27.2031946420034,35.0500111171919,NA,NA,"ACS"
"1818","One shore; 2 additional","common",85.8585858585859,26.2221223232361,35.0500111171919,NA,NA,"ACS"
"1819","One shore; 2 additional","common",90.9090909090909,25.2971427370076,35.0500111171919,NA,NA,"ACS"
"1820","One shore; 2 additional","common",95.959595959596,24.422187107568,35.0500111171919,NA,NA,"ACS"
"1821","One shore; 2 additional","common",101.010101010101,23.5921212077034,35.0500111171919,NA,NA,"ACS"
"1822","One shore; 2 additional","common",106.060606060606,22.8025628061734,35.0500111171919,NA,NA,"ACS"
"1823","One shore; 2 additional","common",111.111111111111,22.0497416216354,35.0500111171919,NA,NA,"ACS"
"1824","One shore; 2 additional","common",116.161616161616,21.3303904327618,35.0500111171919,NA,NA,"ACS"
"1825","One shore; 2 additional","common",121.212121212121,20.6416593800533,35.0500111171919,NA,NA,"ACS"
"1826","One shore; 2 additional","common",126.262626262626,19.9810477734034,35.0500111171919,NA,NA,"ACS"
"1827","One shore; 2 additional","common",131.313131313131,19.3463492821946,35.0500111171919,NA,NA,"ACS"
"1828","One shore; 2 additional","common",136.363636363636,18.7356074750575,35.0500111171919,NA,NA,"ACS"
"1829","One shore; 2 additional","common",141.414141414141,18.147079449219,35.0500111171919,NA,NA,"ACS"
"1830","One shore; 2 additional","common",146.464646464646,17.5792058449912,35.0500111171919,NA,NA,"ACS"
"1831","One shore; 2 additional","common",151.515151515152,17.0305859457532,35.0500111171919,NA,NA,"ACS"
"1832","One shore; 2 additional","common",156.565656565657,16.4999568623038,35.0500111171919,NA,NA,"ACS"
"1833","One shore; 2 additional","common",161.616161616162,15.9861760230989,35.0500111171919,NA,NA,"ACS"
"1834","One shore; 2 additional","common",166.666666666667,15.4882063596853,35.0500111171919,NA,NA,"ACS"
"1835","One shore; 2 additional","common",171.717171717172,15.0051037043315,35.0500111171919,NA,NA,"ACS"
"1836","One shore; 2 additional","common",176.767676767677,14.5360060149191,35.0500111171919,NA,NA,"ACS"
"1837","One shore; 2 additional","common",181.818181818182,14.0801241181031,35.0500111171919,NA,NA,"ACS"
"1838","One shore; 2 additional","common",186.868686868687,13.6367337210467,35.0500111171919,NA,NA,"ACS"
"1839","One shore; 2 additional","common",191.919191919192,13.2051684886635,35.0500111171919,NA,NA,"ACS"
"1840","One shore; 2 additional","common",196.969696969697,12.7848140202444,35.0500111171919,NA,NA,"ACS"
"1841","One shore; 2 additional","common",202.020202020202,12.3751025887989,35.0500111171919,NA,NA,"ACS"
"1842","One shore; 2 additional","common",207.070707070707,11.9755085300712,35.0500111171919,NA,NA,"ACS"
"1843","One shore; 2 additional","common",212.121212121212,11.5855441872689,35.0500111171919,NA,NA,"ACS"
"1844","One shore; 2 additional","common",217.171717171717,11.2047563330227,35.0500111171919,NA,NA,"ACS"
"1845","One shore; 2 additional","common",222.222222222222,10.8327230027309,35.0500111171919,NA,NA,"ACS"
"1846","One shore; 2 additional","common",227.272727272727,10.4690506838031,35.0500111171919,NA,NA,"ACS"
"1847","One shore; 2 additional","common",232.323232323232,10.1133718138573,35.0500111171919,NA,NA,"ACS"
"1848","One shore; 2 additional","common",237.373737373737,9.76534254799395,35.0500111171919,NA,NA,"ACS"
"1849","One shore; 2 additional","common",242.424242424242,9.42464076114874,35.0500111171919,NA,NA,"ACS"
"1850","One shore; 2 additional","common",247.474747474747,9.0909642564347,35.0500111171919,NA,NA,"ACS"
"1851","One shore; 2 additional","common",252.525252525253,8.76402915449887,35.0500111171919,NA,NA,"ACS"
"1852","One shore; 2 additional","common",257.575757575758,8.44356844238138,35.0500111171919,NA,NA,"ACS"
"1853","One shore; 2 additional","common",262.626262626263,8.12933066329003,35.0500111171919,NA,NA,"ACS"
"1854","One shore; 2 additional","common",267.676767676768,7.82107873118204,35.0500111171919,NA,NA,"ACS"
"1855","One shore; 2 additional","common",272.727272727273,7.51858885615293,35.0500111171919,NA,NA,"ACS"
"1856","One shore; 2 additional","common",277.777777777778,7.22164956843088,35.0500111171919,NA,NA,"ACS"
"1857","One shore; 2 additional","common",282.828282828283,6.93006083031453,35.0500111171919,NA,NA,"ACS"
"1858","One shore; 2 additional","common",287.878787878788,6.64363322671333,35.0500111171919,NA,NA,"ACS"
"1859","One shore; 2 additional","common",292.929292929293,6.36218722608669,35.0500111171919,NA,NA,"ACS"
"1860","One shore; 2 additional","common",297.979797979798,6.08555250456045,35.0500111171919,NA,NA,"ACS"
"1861","One shore; 2 additional","common",303.030303030303,5.81356732684874,35.0500111171919,NA,NA,"ACS"
"1862","One shore; 2 additional","common",308.080808080808,5.54607797834637,35.0500111171919,NA,NA,"ACS"
"1863","One shore; 2 additional","common",313.131313131313,5.28293824339931,35.0500111171919,NA,NA,"ACS"
"1864","One shore; 2 additional","common",318.181818181818,5.02400892531874,35.0500111171919,NA,NA,"ACS"
"1865","One shore; 2 additional","common",323.232323232323,4.76915740419436,35.0500111171919,NA,NA,"ACS"
"1866","One shore; 2 additional","common",328.282828282828,4.51825722899002,35.0500111171919,NA,NA,"ACS"
"1867","One shore; 2 additional","common",333.333333333333,4.27118774078072,35.0500111171919,NA,NA,"ACS"
"1868","One shore; 2 additional","common",338.383838383838,4.02783372432121,35.0500111171919,NA,NA,"ACS"
"1869","One shore; 2 additional","common",343.434343434343,3.78808508542701,35.0500111171919,NA,NA,"ACS"
"1870","One shore; 2 additional","common",348.484848484848,3.55183655190714,35.0500111171919,NA,NA,"ACS"
"1871","One shore; 2 additional","common",353.535353535354,3.31898739601453,35.0500111171919,NA,NA,"ACS"
"1872","One shore; 2 additional","common",358.585858585859,3.08944117658304,35.0500111171919,NA,NA,"ACS"
"1873","One shore; 2 additional","common",363.636363636364,2.86310549919858,35.0500111171919,NA,NA,"ACS"
"1874","One shore; 2 additional","common",368.686868686869,2.63989179291188,35.0500111171919,NA,NA,"ACS"
"1875","One shore; 2 additional","common",373.737373737374,2.41971510214222,35.0500111171919,NA,NA,"ACS"
"1876","One shore; 2 additional","common",378.787878787879,2.20249389254873,35.0500111171919,NA,NA,"ACS"
"1877","One shore; 2 additional","common",383.838383838384,1.98814986975897,35.0500111171919,NA,NA,"ACS"
"1878","One shore; 2 additional","common",388.888888888889,1.77660780994653,35.0500111171919,NA,NA,"ACS"
"1879","One shore; 2 additional","common",393.939393939394,1.56779540133986,35.0500111171919,NA,NA,"ACS"
"1880","One shore; 2 additional","common",398.989898989899,1.36164309582706,35.0500111171919,NA,NA,"ACS"
"1881","One shore; 2 additional","common",404.040404040404,1.15808396989436,35.0500111171919,NA,NA,"ACS"
"1882","One shore; 2 additional","common",409.090909090909,0.957053594202776,35.0500111171919,NA,NA,"ACS"
"1883","One shore; 2 additional","common",414.141414141414,0.758489911166691,35.0500111171919,NA,NA,"ACS"
"1884","One shore; 2 additional","common",419.191919191919,0.562333119952541,35.0500111171919,NA,NA,"ACS"
"1885","One shore; 2 additional","common",424.242424242424,0.36852556836439,35.0500111171919,NA,NA,"ACS"
"1886","One shore; 2 additional","common",429.292929292929,0.177011651127017,35.0500111171919,NA,NA,"ACS"
"1887","One shore; 2 additional","common",434.343434343434,-0.0122622858818318,35.0500111171919,NA,NA,"ACS"
"1888","One shore; 2 additional","common",439.393939393939,-0.199348035863466,35.0500111171919,NA,NA,"ACS"
"1889","One shore; 2 additional","common",444.444444444444,-0.384295616173645,35.0500111171919,NA,NA,"ACS"
"1890","One shore; 2 additional","common",449.494949494949,-0.567153348591035,35.0500111171919,NA,NA,"ACS"
"1891","One shore; 2 additional","common",454.545454545455,-0.747967935101428,35.0500111171919,NA,NA,"ACS"
"1892","One shore; 2 additional","common",459.59595959596,-0.926784529494341,35.0500111171919,NA,NA,"ACS"
"1893","One shore; 2 additional","common",464.646464646465,-1.10364680504722,35.0500111171919,NA,NA,"ACS"
"1894","One shore; 2 additional","common",469.69696969697,-1.27859701855084,35.0500111171919,NA,NA,"ACS"
"1895","One shore; 2 additional","common",474.747474747475,-1.45167607091057,35.0500111171919,NA,NA,"ACS"
"1896","One shore; 2 additional","common",479.79797979798,-1.62292356454103,35.0500111171919,NA,NA,"ACS"
"1897","One shore; 2 additional","common",484.848484848485,-1.79237785775578,35.0500111171919,NA,NA,"ACS"
"1898","One shore; 2 additional","common",489.89898989899,-1.96007611633857,35.0500111171919,NA,NA,"ACS"
"1899","One shore; 2 additional","common",494.949494949495,-2.12605436246982,35.0500111171919,NA,NA,"ACS"
"1900","One shore; 2 additional","common",500,-2.29034752116942,35.0500111171919,NA,NA,"ACS"
"1901","One shore; 2 additional","rare",0,213.289203935281,442.528519596743,NA,NA,"ACS"
"1902","One shore; 2 additional","rare",5.05050505050505,185.14707118717,442.528519596743,NA,NA,"ACS"
"1903","One shore; 2 additional","rare",10.1010101010101,160.718111075085,442.528519596743,NA,NA,"ACS"
"1904","One shore; 2 additional","rare",15.1515151515152,139.512394454412,442.528519596743,NA,NA,"ACS"
"1905","One shore; 2 additional","rare",20.2020202020202,121.104635166538,442.528519596743,NA,NA,"ACS"
"1906","One shore; 2 additional","rare",25.2525252525253,105.125660814407,442.528519596743,NA,NA,"ACS"
"1907","One shore; 2 additional","rare",30.3030303030303,91.2550089141375,442.528519596743,NA,NA,"ACS"
"1908","One shore; 2 additional","rare",35.3535353535353,79.2144999366135,442.528519596743,NA,NA,"ACS"
"1909","One shore; 2 additional","rare",40.4040404040404,68.7626583447258,442.528519596743,NA,NA,"ACS"
"1910","One shore; 2 additional","rare",45.4545454545455,59.6898697387097,442.528519596743,NA,NA,"ACS"
"1911","One shore; 2 additional","rare",50.5050505050505,51.8141769848753,442.528519596743,NA,NA,"ACS"
"1912","One shore; 2 additional","rare",55.5555555555556,44.9776310179968,442.528519596743,NA,NA,"ACS"
"1913","One shore; 2 additional","rare",60.6060606060606,39.0431231317557,442.528519596743,NA,NA,"ACS"
"1914","One shore; 2 additional","rare",65.6565656565656,33.891635227998,442.528519596743,NA,NA,"ACS"
"1915","One shore; 2 additional","rare",70.7070707070707,29.4198528778408,442.528519596743,NA,NA,"ACS"
"1916","One shore; 2 additional","rare",75.7575757575758,25.5380933239475,442.528519596743,NA,NA,"ACS"
"1917","One shore; 2 additional","rare",80.8080808080808,22.1685068695189,442.528519596743,NA,NA,"ACS"
"1918","One shore; 2 additional","rare",85.8585858585859,19.2435155823898,442.528519596743,NA,NA,"ACS"
"1919","One shore; 2 additional","rare",90.9090909090909,16.7044580020339,442.528519596743,NA,NA,"ACS"
"1920","One shore; 2 additional","rare",95.959595959596,14.5004126687261,442.528519596743,NA,NA,"ACS"
"1921","One shore; 2 additional","rare",101.010101010101,12.5871768804323,442.528519596743,NA,NA,"ACS"
"1922","One shore; 2 additional","rare",106.060606060606,10.9263801961305,442.528519596743,NA,NA,"ACS"
"1923","One shore; 2 additional","rare",111.111111111111,9.48471490664342,442.528519596743,NA,NA,"ACS"
"1924","One shore; 2 additional","rare",116.161616161616,8.2332680398731,442.528519596743,NA,NA,"ACS"
"1925","One shore; 2 additional","rare",121.212121212121,7.14694150363082,442.528519596743,NA,NA,"ACS"
"1926","One shore; 2 additional","rare",126.262626262626,6.2039487368746,442.528519596743,NA,NA,"ACS"
"1927","One shore; 2 additional","rare",131.313131313131,5.38537777456478,442.528519596743,NA,NA,"ACS"
"1928","One shore; 2 additional","rare",136.363636363636,4.67481196328952,442.528519596743,NA,NA,"ACS"
"1929","One shore; 2 additional","rare",141.414141414141,4.05800072101366,442.528519596743,NA,NA,"ACS"
"1930","One shore; 2 additional","rare",146.464646464646,3.52257373795197,442.528519596743,NA,NA,"ACS"
"1931","One shore; 2 additional","rare",151.515151515152,3.05779288679115,442.528519596743,NA,NA,"ACS"
"1932","One shore; 2 additional","rare",156.565656565657,2.65433686675548,442.528519596743,NA,NA,"ACS"
"1933","One shore; 2 additional","rare",161.616161616162,2.30411426249698,442.528519596743,NA,NA,"ACS"
"1934","One shore; 2 additional","rare",166.666666666667,2.00010126865749,442.528519596743,NA,NA,"ACS"
"1935","One shore; 2 additional","rare",171.717171717172,1.73620082562661,442.528519596743,NA,NA,"ACS"
"1936","One shore; 2 additional","rare",176.767676767677,1.50712034142644,442.528519596743,NA,NA,"ACS"
"1937","One shore; 2 additional","rare",181.818181818182,1.30826554740381,442.528519596743,NA,NA,"ACS"
"1938","One shore; 2 additional","rare",186.868686868687,1.13564835897833,442.528519596743,NA,NA,"ACS"
"1939","One shore; 2 additional","rare",191.919191919192,0.985806893569511,442.528519596743,NA,NA,"ACS"
"1940","One shore; 2 additional","rare",196.969696969697,0.855736041641844,442.528519596743,NA,NA,"ACS"
"1941","One shore; 2 additional","rare",202.020202020202,0.742827198451942,442.528519596743,NA,NA,"ACS"
"1942","One shore; 2 additional","rare",207.070707070707,0.644815947802402,442.528519596743,NA,NA,"ACS"
"1943","One shore; 2 additional","rare",212.121212121212,0.559736648586393,442.528519596743,NA,NA,"ACS"
"1944","One shore; 2 additional","rare",217.171717171717,0.485883013344355,442.528519596743,NA,NA,"ACS"
"1945","One shore; 2 additional","rare",222.222222222222,0.421773888225495,442.528519596743,NA,NA,"ACS"
"1946","One shore; 2 additional","rare",227.272727272727,0.366123548062332,442.528519596743,NA,NA,"ACS"
"1947","One shore; 2 additional","rare",232.323232323232,0.317815910818274,442.528519596743,NA,NA,"ACS"
"1948","One shore; 2 additional","rare",237.373737373737,0.275882154272286,442.528519596743,NA,NA,"ACS"
"1949","One shore; 2 additional","rare",242.424242424242,0.23948128603743,442.528519596743,NA,NA,"ACS"
"1950","One shore; 2 additional","rare",247.474747474747,0.207883277239954,442.528519596743,NA,NA,"ACS"
"1951","One shore; 2 additional","rare",252.525252525253,0.18045442160048,442.528519596743,NA,NA,"ACS"
"1952","One shore; 2 additional","rare",257.575757575758,0.15664462628986,442.528519596743,NA,NA,"ACS"
"1953","One shore; 2 additional","rare",262.626262626263,0.135976379674503,442.528519596743,NA,NA,"ACS"
"1954","One shore; 2 additional","rare",267.676767676768,0.118035174696456,442.528519596743,NA,NA,"ACS"
"1955","One shore; 2 additional","rare",272.727272727273,0.102461195826611,442.528519596743,NA,NA,"ACS"
"1956","One shore; 2 additional","rare",277.777777777778,0.08894210287075,442.528519596743,NA,NA,"ACS"
"1957","One shore; 2 additional","rare",282.828282828283,0.0772067669057648,442.528519596743,NA,NA,"ACS"
"1958","One shore; 2 additional","rare",287.878787878788,0.0670198327186328,442.528519596743,NA,NA,"ACS"
"1959","One shore; 2 additional","rare",292.929292929293,0.0581769986964465,442.528519596743,NA,NA,"ACS"
"1960","One shore; 2 additional","rare",297.979797979798,0.0505009195044642,442.528519596743,NA,NA,"ACS"
"1961","One shore; 2 additional","rare",303.030303030303,0.0438376493793269,442.528519596743,NA,NA,"ACS"
"1962","One shore; 2 additional","rare",308.080808080808,0.0380535547067596,442.528519596743,NA,NA,"ACS"
"1963","One shore; 2 additional","rare",313.131313131313,0.0330326339647043,442.528519596743,NA,NA,"ACS"
"1964","One shore; 2 additional","rare",318.181818181818,0.0286741912826427,442.528519596743,NA,NA,"ACS"
"1965","One shore; 2 additional","rare",323.232323232323,0.0248908169597412,442.528519596743,NA,NA,"ACS"
"1966","One shore; 2 additional","rare",328.282828282828,0.0216066344405805,442.528519596743,NA,NA,"ACS"
"1967","One shore; 2 additional","rare",333.333333333333,0.0187557785911151,442.528519596743,NA,NA,"ACS"
"1968","One shore; 2 additional","rare",338.383838383838,0.0162810747562904,442.528519596743,NA,NA,"ACS"
"1969","One shore; 2 additional","rare",343.434343434343,0.0141328921074749,442.528519596743,NA,NA,"ACS"
"1970","One shore; 2 additional","rare",348.484848484848,0.0122681482832916,442.528519596743,NA,NA,"ACS"
"1971","One shore; 2 additional","rare",353.535353535354,0.0106494453616629,442.528519596743,NA,NA,"ACS"
"1972","One shore; 2 additional","rare",358.585858585859,0.00924431983476279,442.528519596743,NA,NA,"ACS"
"1973","One shore; 2 additional","rare",363.636363636364,0.00802459154492947,442.528519596743,NA,NA,"ACS"
"1974","One shore; 2 additional","rare",368.686868686869,0.006965798524279,442.528519596743,NA,NA,"ACS"
"1975","One shore; 2 additional","rare",373.737373737374,0.00604670640358105,442.528519596743,NA,NA,"ACS"
"1976","One shore; 2 additional","rare",378.787878787879,0.00524888255146492,442.528519596743,NA,NA,"ACS"
"1977","One shore; 2 additional","rare",383.838383838384,0.00455632640320628,442.528519596743,NA,NA,"ACS"
"1978","One shore; 2 additional","rare",388.888888888889,0.00395514856524285,442.528519596743,NA,NA,"ACS"
"1979","One shore; 2 additional","rare",393.939393939394,0.00343329225977631,442.528519596743,NA,NA,"ACS"
"1980","One shore; 2 additional","rare",398.989898989899,0.00298029152295982,442.528519596743,NA,NA,"ACS"
"1981","One shore; 2 additional","rare",404.040404040404,0.0025870613072727,442.528519596743,NA,NA,"ACS"
"1982","One shore; 2 additional","rare",409.090909090909,0.00224571527853108,442.528519596743,NA,NA,"ACS"
"1983","One shore; 2 additional","rare",414.141414141414,0.001949407653406,442.528519596743,NA,NA,"ACS"
"1984","One shore; 2 additional","rare",419.191919191919,0.00169219590545939,442.528519596743,NA,NA,"ACS"
"1985","One shore; 2 additional","rare",424.242424242424,0.00146892158623178,442.528519596743,NA,NA,"ACS"
"1986","One shore; 2 additional","rare",429.292929292929,0.00127510687121768,442.528519596743,NA,NA,"ACS"
"1987","One shore; 2 additional","rare",434.343434343434,0.00110686475593123,442.528519596743,NA,NA,"ACS"
"1988","One shore; 2 additional","rare",439.393939393939,0.000960821101020903,442.528519596743,NA,NA,"ACS"
"1989","One shore; 2 additional","rare",444.444444444444,0.000834046963027867,442.528519596743,NA,NA,"ACS"
"1990","One shore; 2 additional","rare",449.494949494949,0.000723999853663573,442.528519596743,NA,NA,"ACS"
"1991","One shore; 2 additional","rare",454.545454545455,0.000628472749546314,442.528519596743,NA,NA,"ACS"
"1992","One shore; 2 additional","rare",459.59595959596,0.000545549829773641,442.528519596743,NA,NA,"ACS"
"1993","One shore; 2 additional","rare",464.646464646465,0.000473568053636216,442.528519596743,NA,NA,"ACS"
"1994","One shore; 2 additional","rare",469.69696969697,0.000411083807904122,442.528519596743,NA,NA,"ACS"
"1995","One shore; 2 additional","rare",474.747474747475,0.000356843954788317,442.528519596743,NA,NA,"ACS"
"1996","One shore; 2 additional","rare",479.79797979798,0.000309760699936557,442.528519596743,NA,NA,"ACS"
"1997","One shore; 2 additional","rare",484.848484848485,0.000268889776434928,442.528519596743,NA,NA,"ACS"
"1998","One shore; 2 additional","rare",489.89898989899,0.000233411507289446,442.528519596743,NA,NA,"ACS"
"1999","One shore; 2 additional","rare",494.949494949495,0.000202614366590897,442.528519596743,NA,NA,"ACS"
"2000","One shore; 2 additional","rare",500,0.000175880709677791,442.528519596743,NA,NA,"ACS"
"2001","One shore; one middle","common",0,109.892404613673,32.4989714004394,NA,NA,"ACS"
"2002","One shore; one middle","common",5.05050505050505,70.060204480235,31.7391789199803,NA,NA,"ACS"
"2003","One shore; one middle","common",10.1010101010101,58.9828105619992,31.7391789199803,NA,NA,"ACS"
"2004","One shore; one middle","common",15.1515151515152,52.5029505141147,31.7391789199803,NA,NA,"ACS"
"2005","One shore; one middle","common",20.2020202020202,47.9054166437634,31.7391789199803,NA,NA,"ACS"
"2006","One shore; one middle","common",25.2525252525253,44.3392923233489,31.7391789199803,NA,NA,"ACS"
"2007","One shore; one middle","common",30.3030303030303,41.4255565958789,31.7391789199803,NA,NA,"ACS"
"2008","One shore; one middle","common",35.3535353535353,38.9620281403048,31.7391789199803,NA,NA,"ACS"
"2009","One shore; one middle","common",40.4040404040404,36.8280227255276,31.7391789199803,NA,NA,"ACS"
"2010","One shore; one middle","common",45.4545454545455,34.9456965479943,31.7391789199803,NA,NA,"ACS"
"2011","One shore; one middle","common",50.5050505050505,33.2618984051131,31.7391789199803,NA,NA,"ACS"
"2012","One shore; one middle","common",55.5555555555556,31.7387177073896,31.7391789199803,NA,NA,"ACS"
"2013","One shore; one middle","common",60.6060606060606,30.348162677643,31.7391789199803,NA,NA,"ACS"
"2014","One shore; one middle","common",65.6565656565656,29.0689760517007,31.7391789199803,NA,NA,"ACS"
"2015","One shore; one middle","common",70.7070707070707,27.884634222069,31.7391789199803,NA,NA,"ACS"
"2016","One shore; one middle","common",75.7575757575758,26.7820383572285,31.7391789199803,NA,NA,"ACS"
"2017","One shore; one middle","common",80.8080808080808,25.7506288072918,31.7391789199803,NA,NA,"ACS"
"2018","One shore; one middle","common",85.8585858585859,24.7817684615537,31.7391789199803,NA,NA,"ACS"
"2019","One shore; one middle","common",90.9090909090909,23.8683026297585,31.7391789199803,NA,NA,"ACS"
"2020","One shore; one middle","common",95.959595959596,23.0042380777085,31.7391789199803,NA,NA,"ACS"
"2021","One shore; one middle","common",101.010101010101,22.1845044868773,31.7391789199803,NA,NA,"ACS"
"2022","One shore; one middle","common",106.060606060606,21.4047741741844,31.7391789199803,NA,NA,"ACS"
"2023","One shore; one middle","common",111.111111111111,20.6613237891538,31.7391789199803,NA,NA,"ACS"
"2024","One shore; one middle","common",116.161616161616,19.9509267794462,31.7391789199803,NA,NA,"ACS"
"2025","One shore; one middle","common",121.212121212121,19.2707687594072,31.7391789199803,NA,NA,"ACS"
"2026","One shore; one middle","common",126.262626262626,18.6183801664628,31.7391789199803,NA,NA,"ACS"
"2027","One shore; one middle","common",131.313131313131,17.9915821334649,31.7391789199803,NA,NA,"ACS"
"2028","One shore; one middle","common",136.363636363636,17.388442581874,31.7391789199803,NA,NA,"ACS"
"2029","One shore; one middle","common",141.414141414141,16.8072403038331,31.7391789199803,NA,NA,"ACS"
"2030","One shore; one middle","common",146.464646464646,16.2464353499037,31.7391789199803,NA,NA,"ACS"
"2031","One shore; one middle","common",151.515151515152,15.7046444389927,31.7391789199803,NA,NA,"ACS"
"2032","One shore; one middle","common",156.565656565657,15.1806204018092,31.7391789199803,NA,NA,"ACS"
"2033","One shore; one middle","common",161.616161616162,14.673234889056,31.7391789199803,NA,NA,"ACS"
"2034","One shore; one middle","common",166.666666666667,14.1814637412692,31.7391789199803,NA,NA,"ACS"
"2035","One shore; one middle","common",171.717171717172,13.7043745433178,31.7391789199803,NA,NA,"ACS"
"2036","One shore; one middle","common",176.767676767677,13.2411159834186,31.7391789199803,NA,NA,"ACS"
"2037","One shore; one middle","common",181.818181818182,12.7909087115227,31.7391789199803,NA,NA,"ACS"
"2038","One shore; one middle","common",186.868686868687,12.3530374504838,31.7391789199803,NA,NA,"ACS"
"2039","One shore; one middle","common",191.919191919192,11.9268441594727,31.7391789199803,NA,NA,"ACS"
"2040","One shore; one middle","common",196.969696969697,11.5117220855803,31.7391789199803,NA,NA,"ACS"
"2041","One shore; one middle","common",202.020202020202,11.1071105686415,31.7391789199803,NA,NA,"ACS"
"2042","One shore; one middle","common",207.070707070707,10.7124904876466,31.7391789199803,NA,NA,"ACS"
"2043","One shore; one middle","common",212.121212121212,10.3273802559486,31.7391789199803,NA,NA,"ACS"
"2044","One shore; one middle","common",217.171717171717,9.95133228776066,31.7391789199803,NA,NA,"ACS"
"2045","One shore; one middle","common",222.222222222222,9.58392987091794,31.7391789199803,NA,NA,"ACS"
"2046","One shore; one middle","common",227.272727272727,9.22478439110819,31.7391789199803,NA,NA,"ACS"
"2047","One shore; one middle","common",232.323232323232,8.87353286121038,31.7391789199803,NA,NA,"ACS"
"2048","One shore; one middle","common",237.373737373737,8.52983571636074,31.7391789199803,NA,NA,"ACS"
"2049","One shore; one middle","common",242.424242424242,8.19337484117143,31.7391789199803,NA,NA,"ACS"
"2050","One shore; one middle","common",247.474747474747,7.86385180037448,31.7391789199803,NA,NA,"ACS"
"2051","One shore; one middle","common",252.525252525253,7.54098624822696,31.7391789199803,NA,NA,"ACS"
"2052","One shore; one middle","common",257.575757575758,7.22451449543328,31.7391789199803,NA,NA,"ACS"
"2053","One shore; one middle","common",262.626262626263,6.91418821522905,31.7391789199803,NA,NA,"ACS"
"2054","One shore; one middle","common",267.676767676768,6.60977327271813,31.7391789199803,NA,NA,"ACS"
"2055","One shore; one middle","common",272.727272727273,6.31104866363815,31.7391789199803,NA,NA,"ACS"
"2056","One shore; one middle","common",277.777777777778,6.01780555050343,31.7391789199803,NA,NA,"ACS"
"2057","One shore; one middle","common",282.828282828283,5.72984638559731,31.7391789199803,NA,NA,"ACS"
"2058","One shore; one middle","common",287.878787878788,5.44698411158812,31.7391789199803,NA,NA,"ACS"
"2059","One shore; one middle","common",292.929292929293,5.16904143166791,31.7391789199803,NA,NA,"ACS"
"2060","One shore; one middle","common",297.979797979798,4.895850142082,31.7391789199803,NA,NA,"ACS"
"2061","One shore; one middle","common",303.030303030303,4.62725052075692,31.7391789199803,NA,NA,"ACS"
"2062","One shore; one middle","common",308.080808080808,4.36309076646187,31.7391789199803,NA,NA,"ACS"
"2063","One shore; one middle","common",313.131313131313,4.10322648357335,31.7391789199803,NA,NA,"ACS"
"2064","One shore; one middle","common",318.181818181818,3.84752020806404,31.7391789199803,NA,NA,"ACS"
"2065","One shore; one middle","common",323.232323232323,3.59584097082015,31.7391789199803,NA,NA,"ACS"
"2066","One shore; one middle","common",328.282828282828,3.34806389481453,31.7391789199803,NA,NA,"ACS"
"2067","One shore; one middle","common",333.333333333333,3.10406982303338,31.7391789199803,NA,NA,"ACS"
"2068","One shore; one middle","common",338.383838383838,2.86374497438212,31.7391789199803,NA,NA,"ACS"
"2069","One shore; one middle","common",343.434343434343,2.62698062508203,31.7391789199803,NA,NA,"ACS"
"2070","One shore; one middle","common",348.484848484848,2.39367281332582,31.7391789199803,NA,NA,"ACS"
"2071","One shore; one middle","common",353.535353535354,2.16372206518281,31.7391789199803,NA,NA,"ACS"
"2072","One shore; one middle","common",358.585858585859,1.93703313994567,31.7391789199803,NA,NA,"ACS"
"2073","One shore; one middle","common",363.636363636364,1.71351479328688,31.7391789199803,NA,NA,"ACS"
"2074","One shore; one middle","common",368.686868686869,1.49307955675087,31.7391789199803,NA,NA,"ACS"
"2075","One shore; one middle","common",373.737373737374,1.27564353224801,31.7391789199803,NA,NA,"ACS"
"2076","One shore; one middle","common",378.787878787879,1.06112620034241,31.7391789199803,NA,NA,"ACS"
"2077","One shore; one middle","common",383.838383838384,0.849450241236866,31.7391789199803,NA,NA,"ACS"
"2078","One shore; one middle","common",388.888888888889,0.640541367459292,31.7391789199803,NA,NA,"ACS"
"2079","One shore; one middle","common",393.939393939394,0.434328167344489,31.7391789199803,NA,NA,"ACS"
"2080","One shore; one middle","common",398.989898989899,0.230741958485993,31.7391789199803,NA,NA,"ACS"
"2081","One shore; one middle","common",404.040404040404,0.0297166504056463,31.7391789199803,NA,NA,"ACS"
"2082","One shore; one middle","common",409.090909090909,-0.168811384246411,31.7391789199803,NA,NA,"ACS"
"2083","One shore; one middle","common",414.141414141414,-0.364903430589223,31.7391789199803,NA,NA,"ACS"
"2084","One shore; one middle","common",419.191919191919,-0.55861854508089,31.7391789199803,NA,NA,"ACS"
"2085","One shore; one middle","common",424.242424242424,-0.750013662287216,31.7391789199803,NA,NA,"ACS"
"2086","One shore; one middle","common",429.292929292929,-0.93914369533249,31.7391789199803,NA,NA,"ACS"
"2087","One shore; one middle","common",434.343434343434,-1.12606163047515,31.7391789199803,NA,NA,"ACS"
"2088","One shore; one middle","common",439.393939393939,-1.31081861621665,31.7391789199803,NA,NA,"ACS"
"2089","One shore; one middle","common",444.444444444444,-1.49346404731787,31.7391789199803,NA,NA,"ACS"
"2090","One shore; one middle","common",449.494949494949,-1.67404564406847,31.7391789199803,NA,NA,"ACS"
"2091","One shore; one middle","common",454.545454545455,-1.85260952712763,31.7391789199803,NA,NA,"ACS"
"2092","One shore; one middle","common",459.59595959596,-2.02920028822963,31.7391789199803,NA,NA,"ACS"
"2093","One shore; one middle","common",464.646464646465,-2.20386105702543,31.7391789199803,NA,NA,"ACS"
"2094","One shore; one middle","common",469.69696969697,-2.37663356431121,31.7391789199803,NA,NA,"ACS"
"2095","One shore; one middle","common",474.747474747475,-2.54755820187508,31.7391789199803,NA,NA,"ACS"
"2096","One shore; one middle","common",479.79797979798,-2.71667407917765,31.7391789199803,NA,NA,"ACS"
"2097","One shore; one middle","common",484.848484848485,-2.88401907706438,31.7391789199803,NA,NA,"ACS"
"2098","One shore; one middle","common",489.89898989899,-3.04962989869509,31.7391789199803,NA,NA,"ACS"
"2099","One shore; one middle","common",494.949494949495,-3.21354211786134,31.7391789199803,NA,NA,"ACS"
"2100","One shore; one middle","common",500,-3.37579022485114,31.7391789199803,NA,NA,"ACS"
"2101","One shore; one middle","rare",0,147.807020326907,194.229639701682,NA,NA,"ACS"
"2102","One shore; one middle","rare",5.05050505050505,137.812469740615,194.229639701682,NA,NA,"ACS"
"2103","One shore; one middle","rare",10.1010101010101,128.493739837271,194.229639701682,NA,NA,"ACS"
"2104","One shore; one middle","rare",15.1515151515152,119.805132354452,194.229639701682,NA,NA,"ACS"
"2105","One shore; one middle","rare",20.2020202020202,111.704039096732,194.229639701682,NA,NA,"ACS"
"2106","One shore; one middle","rare",25.2525252525253,104.150732988699,194.229639701682,NA,NA,"ACS"
"2107","One shore; one middle","rare",30.3030303030303,97.1081732567406,194.229639701682,NA,NA,"ACS"
"2108","One shore; one middle","rare",35.3535353535353,90.5418237842301,194.229639701682,NA,NA,"ACS"
"2109","One shore; one middle","rare",40.4040404040404,84.4194837493304,194.229639701682,NA,NA,"ACS"
"2110","One shore; one middle","rare",45.4545454545455,78.7111297148923,194.229639701682,NA,NA,"ACS"
"2111","One shore; one middle","rare",50.5050505050505,73.3887683960606,194.229639701682,NA,NA,"ACS"
"2112","One shore; one middle","rare",55.5555555555556,68.4262993835749,194.229639701682,NA,NA,"ACS"
"2113","One shore; one middle","rare",60.6060606060606,63.799387149573,194.229639701682,NA,NA,"ACS"
"2114","One shore; one middle","rare",65.6565656565656,59.4853417082228,194.229639701682,NA,NA,"ACS"
"2115","One shore; one middle","rare",70.7070707070707,55.4630073459523,194.229639701682,NA,NA,"ACS"
"2116","One shore; one middle","rare",75.7575757575758,51.7126588756225,194.229639701682,NA,NA,"ACS"
"2117","One shore; one middle","rare",80.8080808080808,48.2159049058789,194.229639701682,NA,NA,"ACS"
"2118","One shore; one middle","rare",85.8585858585859,44.9555976513259,194.229639701682,NA,NA,"ACS"
"2119","One shore; one middle","rare",90.9090909090909,41.9157488412394,194.229639701682,NA,NA,"ACS"
"2120","One shore; one middle","rare",95.959595959596,39.0814513144403,194.229639701682,NA,NA,"ACS"
"2121","One shore; one middle","rare",101.010101010101,36.4388059158389,194.229639701682,NA,NA,"ACS"
"2122","One shore; one middle","rare",106.060606060606,33.9748533361545,194.229639701682,NA,NA,"ACS"
"2123","One shore; one middle","rare",111.111111111111,31.6775105605607,194.229639701682,NA,NA,"ACS"
"2124","One shore; one middle","rare",116.161616161616,29.5355116146034,194.229639701682,NA,NA,"ACS"
"2125","One shore; one middle","rare",121.212121212121,27.5383523168157,194.229639701682,NA,NA,"ACS"
"2126","One shore; one middle","rare",126.262626262626,25.6762387671019,194.229639701682,NA,NA,"ACS"
"2127","One shore; one middle","rare",131.313131313131,23.9400393182804,194.229639701682,NA,NA,"ACS"
"2128","One shore; one middle","rare",136.363636363636,22.3212397952592,194.229639701682,NA,NA,"ACS"
"2129","One shore; one middle","rare",141.414141414141,20.811901742242,194.229639701682,NA,NA,"ACS"
"2130","One shore; one middle","rare",146.464646464646,19.4046234932134,194.229639701682,NA,NA,"ACS"
"2131","One shore; one middle","rare",151.515151515152,18.0925038747952,194.229639701682,NA,NA,"ACS"
"2132","One shore; one middle","rare",156.565656565657,16.8691083634765,194.229639701682,NA,NA,"ACS"
"2133","One shore; one middle","rare",161.616161616162,15.7284375312554,194.229639701682,NA,NA,"ACS"
"2134","One shore; one middle","rare",166.666666666667,14.6648976249519,194.229639701682,NA,NA,"ACS"
"2135","One shore; one middle","rare",171.717171717172,13.6732731349161,194.229639701682,NA,NA,"ACS"
"2136","One shore; one middle","rare",176.767676767677,12.7487012186102,194.229639701682,NA,NA,"ACS"
"2137","One shore; one middle","rare",181.818181818182,11.8866478536407,194.229639701682,NA,NA,"ACS"
"2138","One shore; one middle","rare",186.868686868687,11.0828856032963,194.229639701682,NA,NA,"ACS"
"2139","One shore; one middle","rare",191.919191919192,10.3334728855563,194.229639701682,NA,NA,"ACS"
"2140","One shore; one middle","rare",196.969696969697,9.63473464390618,194.229639701682,NA,NA,"ACS"
"2141","One shore; one middle","rare",202.020202020202,8.98324432517134,194.229639701682,NA,NA,"ACS"
"2142","One shore; one middle","rare",207.070707070707,8.3758070759908,194.229639701682,NA,NA,"ACS"
"2143","One shore; one middle","rare",212.121212121212,7.80944407552663,194.229639701682,NA,NA,"ACS"
"2144","One shore; one middle","rare",217.171717171717,7.28137792757883,194.229639701682,NA,NA,"ACS"
"2145","One shore; one middle","rare",222.222222222222,6.78901904046952,194.229639701682,NA,NA,"ACS"
"2146","One shore; one middle","rare",227.272727272727,6.32995292790462,194.229639701682,NA,NA,"ACS"
"2147","One shore; one middle","rare",232.323232323232,5.90192836853749,194.229639701682,NA,NA,"ACS"
"2148","One shore; one middle","rare",237.373737373737,5.50284636617008,194.229639701682,NA,NA,"ACS"
"2149","One shore; one middle","rare",242.424242424242,5.13074985645328,194.229639701682,NA,NA,"ACS"
"2150","One shore; one middle","rare",247.474747474747,4.78381410960906,194.229639701682,NA,NA,"ACS"
"2151","One shore; one middle","rare",252.525252525253,4.46033778211014,194.229639701682,NA,NA,"ACS"
"2152","One shore; one middle","rare",257.575757575758,4.15873457343537,194.229639701682,NA,NA,"ACS"
"2153","One shore; one middle","rare",262.626262626263,3.87752544698635,194.229639701682,NA,NA,"ACS"
"2154","One shore; one middle","rare",267.676767676768,3.61533137701709,194.229639701682,NA,NA,"ACS"
"2155","One shore; one middle","rare",272.727272727273,3.37086658600858,194.229639701682,NA,NA,"ACS"
"2156","One shore; one middle","rare",277.777777777778,3.1429322393247,194.229639701682,NA,NA,"ACS"
"2157","One shore; one middle","rare",282.828282828283,2.93041056622862,194.229639701682,NA,NA,"ACS"
"2158","One shore; one middle","rare",287.878787878788,2.73225937842982,194.229639701682,NA,NA,"ACS"
"2159","One shore; one middle","rare",292.929292929293,2.54750695928091,194.229639701682,NA,NA,"ACS"
"2160","One shore; one middle","rare",297.979797979798,2.37524729856147,194.229639701682,NA,NA,"ACS"
"2161","One shore; one middle","rare",303.030303030303,2.21463564948065,194.229639701682,NA,NA,"ACS"
"2162","One shore; one middle","rare",308.080808080808,2.06488438611044,194.229639701682,NA,NA,"ACS"
"2163","One shore; one middle","rare",313.131313131313,1.92525914093479,194.229639701682,NA,NA,"ACS"
"2164","One shore; one middle","rare",318.181818181818,1.79507520357352,194.229639701682,NA,NA,"ACS"
"2165","One shore; one middle","rare",323.232323232323,1.67369416302054,194.229639701682,NA,NA,"ACS"
"2166","One shore; one middle","rare",328.282828282828,1.5605207769304,194.229639701682,NA,NA,"ACS"
"2167","One shore; one middle","rare",333.333333333333,1.45500005260015,194.229639701682,NA,NA,"ACS"
"2168","One shore; one middle","rare",338.383838383838,1.35661452533218,194.229639701682,NA,NA,"ACS"
"2169","One shore; one middle","rare",343.434343434343,1.26488172083112,194.229639701682,NA,NA,"ACS"
"2170","One shore; one middle","rare",348.484848484848,1.17935178919078,194.229639701682,NA,NA,"ACS"
"2171","One shore; one middle","rare",353.535353535354,1.09960529886825,194.229639701682,NA,NA,"ACS"
"2172","One shore; one middle","rare",358.585858585859,1.02525117982717,194.229639701682,NA,NA,"ACS"
"2173","One shore; one middle","rare",363.636363636364,0.955924805763375,194.229639701682,NA,NA,"ACS"
"2174","One shore; one middle","rare",368.686868686869,0.891286206008351,194.229639701682,NA,NA,"ACS"
"2175","One shore; one middle","rare",373.737373737374,0.831018398341887,194.229639701682,NA,NA,"ACS"
"2176","One shore; one middle","rare",378.787878787879,0.774825834538098,194.229639701682,NA,NA,"ACS"
"2177","One shore; one middle","rare",383.838383838384,0.722432951021945,194.229639701682,NA,NA,"ACS"
"2178","One shore; one middle","rare",388.888888888889,0.673582817528802,194.229639701682,NA,NA,"ACS"
"2179","One shore; one middle","rare",393.939393939394,0.628035877140183,194.229639701682,NA,NA,"ACS"
"2180","One shore; one middle","rare",398.989898989899,0.585568771516909,194.229639701682,NA,NA,"ACS"
"2181","One shore; one middle","rare",404.040404040404,0.545973245568719,194.229639701682,NA,NA,"ACS"
"2182","One shore; one middle","rare",409.090909090909,0.509055126188935,194.229639701682,NA,NA,"ACS"
"2183","One shore; one middle","rare",414.141414141414,0.474633370046,194.229639701682,NA,NA,"ACS"
"2184","One shore; one middle","rare",419.191919191919,0.442539175762295,194.229639701682,NA,NA,"ACS"
"2185","One shore; one middle","rare",424.242424242424,0.412615156126489,194.229639701682,NA,NA,"ACS"
"2186","One shore; one middle","rare",429.292929292929,0.38471456627997,194.229639701682,NA,NA,"ACS"
"2187","One shore; one middle","rare",434.343434343434,0.35870058409249,194.229639701682,NA,NA,"ACS"
"2188","One shore; one middle","rare",439.393939393939,0.334445639198019,194.229639701682,NA,NA,"ACS"
"2189","One shore; one middle","rare",444.444444444444,0.311830787400476,194.229639701682,NA,NA,"ACS"
"2190","One shore; one middle","rare",449.494949494949,0.290745127381457,194.229639701682,NA,NA,"ACS"
"2191","One shore; one middle","rare",454.545454545455,0.271085256849563,194.229639701682,NA,NA,"ACS"
"2192","One shore; one middle","rare",459.59595959596,0.252754765464319,194.229639701682,NA,NA,"ACS"
"2193","One shore; one middle","rare",464.646464646465,0.235663762048023,194.229639701682,NA,NA,"ACS"
"2194","One shore; one middle","rare",469.69696969697,0.219728433767028,194.229639701682,NA,NA,"ACS"
"2195","One shore; one middle","rare",474.747474747475,0.204870635120697,194.229639701682,NA,NA,"ACS"
"2196","One shore; one middle","rare",479.79797979798,0.191017504722486,194.229639701682,NA,NA,"ACS"
"2197","One shore; one middle","rare",484.848484848485,0.178101107993875,194.229639701682,NA,NA,"ACS"
"2198","One shore; one middle","rare",489.89898989899,0.166058104018945,194.229639701682,NA,NA,"ACS"
"2199","One shore; one middle","rare",494.949494949495,0.154829434925891,194.229639701682,NA,NA,"ACS"
"2200","One shore; one middle","rare",500,0.144360036272219,194.229639701682,NA,NA,"ACS"
"2201","One shore; one middle; 2 additional","common",0,109.107274611632,32.336571248067,NA,NA,"ACS"
"2202","One shore; one middle; 2 additional","common",5.05050505050505,67.6550467997953,31.8725646269042,NA,NA,"ACS"
"2203","One shore; one middle; 2 additional","common",10.1010101010101,56.8890047699003,31.8725646269042,NA,NA,"ACS"
"2204","One shore; one middle; 2 additional","common",15.1515151515152,50.5912739012239,31.8725646269042,NA,NA,"ACS"
"2205","One shore; one middle; 2 additional","common",20.2020202020202,46.1229627400053,31.8725646269042,NA,NA,"ACS"
"2206","One shore; one middle; 2 additional","common",25.2525252525253,42.6570713398439,31.8725646269042,NA,NA,"ACS"
"2207","One shore; one middle; 2 additional","common",30.3030303030303,39.8252318713289,31.8725646269042,NA,NA,"ACS"
"2208","One shore; one middle; 2 additional","common",35.3535353535353,37.4309457160905,31.8725646269042,NA,NA,"ACS"
"2209","One shore; one middle; 2 additional","common",40.4040404040404,35.3569207101103,31.8725646269042,NA,NA,"ACS"
"2210","One shore; one middle; 2 additional","common",45.4545454545455,33.5275010026524,31.8725646269042,NA,NA,"ACS"
"2211","One shore; one middle; 2 additional","common",50.5050505050505,31.8910293099489,31.8725646269042,NA,NA,"ACS"
"2212","One shore; one middle; 2 additional","common",55.5555555555556,30.4106605939985,31.8725646269042,NA,NA,"ACS"
"2213","One shore; one middle; 2 additional","common",60.6060606060606,29.0591898414339,31.8725646269042,NA,NA,"ACS"
"2214","One shore; one middle; 2 additional","common",65.6565656565656,27.8159572651955,31.8725646269042,NA,NA,"ACS"
"2215","One shore; one middle; 2 additional","common",70.7070707070707,26.6649036861955,31.8725646269042,NA,NA,"ACS"
"2216","One shore; one middle; 2 additional","common",75.7575757575758,25.5932984412725,31.8725646269042,NA,NA,"ACS"
"2217","One shore; one middle; 2 additional","common",80.8080808080808,24.5908786802153,31.8725646269042,NA,NA,"ACS"
"2218","One shore; one middle; 2 additional","common",85.8585858585859,23.6492500552601,31.8725646269042,NA,NA,"ACS"
"2219","One shore; one middle; 2 additional","common",90.9090909090909,22.7614589727574,31.8725646269042,NA,NA,"ACS"
"2220","One shore; one middle; 2 additional","common",95.959595959596,21.9216806501143,31.8725646269042,NA,NA,"ACS"
"2221","One shore; one middle; 2 additional","common",101.010101010101,21.1249872800539,31.8725646269042,NA,NA,"ACS"
"2222","One shore; one middle; 2 additional","common",106.060606060606,20.3671728175191,31.8725646269042,NA,NA,"ACS"
"2223","One shore; one middle; 2 additional","common",111.111111111111,19.6446185641035,31.8725646269042,NA,NA,"ACS"
"2224","One shore; one middle; 2 additional","common",116.161616161616,18.9541886560515,31.8725646269042,NA,NA,"ACS"
"2225","One shore; one middle; 2 additional","common",121.212121212121,18.2931478115389,31.8725646269042,NA,NA,"ACS"
"2226","One shore; one middle; 2 additional","common",126.262626262626,17.6590958798926,31.8725646269042,NA,NA,"ACS"
"2227","One shore; one middle; 2 additional","common",131.313131313131,17.0499152353005,31.8725646269042,NA,NA,"ACS"
"2228","One shore; one middle; 2 additional","common",136.363636363636,16.463728104081,31.8725646269042,NA,NA,"ACS"
"2229","One shore; one middle; 2 additional","common",141.414141414141,15.8988616563005,31.8725646269042,NA,NA,"ACS"
"2230","One shore; one middle; 2 additional","common",146.464646464646,15.3538192258207,31.8725646269042,NA,NA,"ACS"
"2231","One shore; one middle; 2 additional","common",151.515151515152,14.8272564113775,31.8725646269042,NA,NA,"ACS"
"2232","One shore; one middle; 2 additional","common",156.565656565657,14.3179610978195,31.8725646269042,NA,NA,"ACS"
"2233","One shore; one middle; 2 additional","common",161.616161616162,13.8248366503203,31.8725646269042,NA,NA,"ACS"
"2234","One shore; one middle; 2 additional","common",166.666666666667,13.346887695427,31.8725646269042,NA,NA,"ACS"
"2235","One shore; one middle; 2 additional","common",171.717171717172,12.8832080253651,31.8725646269042,NA,NA,"ACS"
"2236","One shore; one middle; 2 additional","common",176.767676767677,12.4329702561392,31.8725646269042,NA,NA,"ACS"
"2237","One shore; one middle; 2 additional","common",181.818181818182,11.9954169428624,31.8725646269042,NA,NA,"ACS"
"2238","One shore; one middle; 2 additional","common",186.868686868687,11.5698529126561,31.8725646269042,NA,NA,"ACS"
"2239","One shore; one middle; 2 additional","common",191.919191919192,11.1556386202193,31.8725646269042,NA,NA,"ACS"
"2240","One shore; one middle; 2 additional","common",196.969696969697,10.752184366624,31.8725646269042,NA,NA,"ACS"
"2241","One shore; one middle; 2 additional","common",202.020202020202,10.3589452501589,31.8725646269042,NA,NA,"ACS"
"2242","One shore; one middle; 2 additional","common",207.070707070707,9.9754167407288,31.8725646269042,NA,NA,"ACS"
"2243","One shore; one middle; 2 additional","common",212.121212121212,9.6011307876241,31.8725646269042,NA,NA,"ACS"
"2244","One shore; one middle; 2 additional","common",217.171717171717,9.23565238533463,31.8725646269042,NA,NA,"ACS"
"2245","One shore; one middle; 2 additional","common",222.222222222222,8.87857653420848,31.8725646269042,NA,NA,"ACS"
"2246","One shore; one middle; 2 additional","common",227.272727272727,8.52952554270104,31.8725646269042,NA,NA,"ACS"
"2247","One shore; one middle; 2 additional","common",232.323232323232,8.18814662615647,31.8725646269042,NA,NA,"ACS"
"2248","One shore; one middle; 2 additional","common",237.373737373737,7.85410976384766,31.8725646269042,NA,NA,"ACS"
"2249","One shore; one middle; 2 additional","common",242.424242424242,7.52710578164385,31.8725646269042,NA,NA,"ACS"
"2250","One shore; one middle; 2 additional","common",247.474747474747,7.20684463238577,31.8725646269042,NA,NA,"ACS"
"2251","One shore; one middle; 2 additional","common",252.525252525253,6.89305384999757,31.8725646269042,NA,NA,"ACS"
"2252","One shore; one middle; 2 additional","common",257.575757575758,6.58547715668867,31.8725646269042,NA,NA,"ACS"
"2253","One shore; one middle; 2 additional","common",262.626262626263,6.28387320540551,31.8725646269042,NA,NA,"ACS"
"2254","One shore; one middle; 2 additional","common",267.676767676768,5.98801444207263,31.8725646269042,NA,NA,"ACS"
"2255","One shore; one middle; 2 additional","common",272.727272727273,5.69768607418595,31.8725646269042,NA,NA,"ACS"
"2256","One shore; one middle; 2 additional","common",277.777777777778,5.41268513404709,31.8725646269042,NA,NA,"ACS"
"2257","One shore; one middle; 2 additional","common",282.828282828283,5.13281962640554,31.8725646269042,NA,NA,"ACS"
"2258","One shore; one middle; 2 additional","common",287.878787878788,4.85790775154285,31.8725646269042,NA,NA,"ACS"
"2259","One shore; one middle; 2 additional","common",292.929292929293,4.58777719592574,31.8725646269042,NA,NA,"ACS"
"2260","One shore; one middle; 2 additional","common",297.979797979798,4.32226448349603,31.8725646269042,NA,NA,"ACS"
"2261","One shore; one middle; 2 additional","common",303.030303030303,4.06121438148249,31.8725646269042,NA,NA,"ACS"
"2262","One shore; one middle; 2 additional","common",308.080808080808,3.8044793553257,31.8725646269042,NA,NA,"ACS"
"2263","One shore; one middle; 2 additional","common",313.131313131313,3.55191906792447,31.8725646269042,NA,NA,"ACS"
"2264","One shore; one middle; 2 additional","common",318.181818181818,3.30339991894763,31.8725646269042,NA,NA,"ACS"
"2265","One shore; one middle; 2 additional","common",323.232323232323,3.0587946204253,31.8725646269042,NA,NA,"ACS"
"2266","One shore; one middle; 2 additional","common",328.282828282828,2.81798180524413,31.8725646269042,NA,NA,"ACS"
"2267","One shore; one middle; 2 additional","common",333.333333333333,2.58084566553201,31.8725646269042,NA,NA,"ACS"
"2268","One shore; one middle; 2 additional","common",338.383838383838,2.3472756182352,31.8725646269042,NA,NA,"ACS"
"2269","One shore; one middle; 2 additional","common",343.434343434343,2.11716599547012,31.8725646269042,NA,NA,"ACS"
"2270","One shore; one middle; 2 additional","common",348.484848484848,1.89041575748001,31.8725646269042,NA,NA,"ACS"
"2271","One shore; one middle; 2 additional","common",353.535353535354,1.66692822624417,31.8725646269042,NA,NA,"ACS"
"2272","One shore; one middle; 2 additional","common",358.585858585859,1.44661083798219,31.8725646269042,NA,NA,"ACS"
"2273","One shore; one middle; 2 additional","common",363.636363636364,1.2293749129674,31.8725646269042,NA,NA,"ACS"
"2274","One shore; one middle; 2 additional","common",368.686868686869,1.01513544121677,31.8725646269042,NA,NA,"ACS"
"2275","One shore; one middle; 2 additional","common",373.737373737374,0.803810882761056,31.8725646269042,NA,NA,"ACS"
"2276","One shore; one middle; 2 additional","common",378.787878787879,0.595322981321118,31.8725646269042,NA,NA,"ACS"
"2277","One shore; one middle; 2 additional","common",383.838383838384,0.389596590324302,31.8725646269042,NA,NA,"ACS"
"2278","One shore; one middle; 2 additional","common",388.888888888889,0.186559510293705,31.8725646269042,NA,NA,"ACS"
"2279","One shore; one middle; 2 additional","common",393.939393939394,-0.0138576632709544,31.8725646269042,NA,NA,"ACS"
"2280","One shore; one middle; 2 additional","common",398.989898989899,-0.211721682322334,31.8725646269042,NA,NA,"ACS"
"2281","One shore; one middle; 2 additional","common",404.040404040404,-0.407096779736065,31.8725646269042,NA,NA,"ACS"
"2282","One shore; one middle; 2 additional","common",409.090909090909,-0.600044794490501,31.8725646269042,NA,NA,"ACS"
"2283","One shore; one middle; 2 additional","common",414.141414141414,-0.790625289166201,31.8725646269042,NA,NA,"ACS"
"2284","One shore; one middle; 2 additional","common",419.191919191919,-0.978895660323616,31.8725646269042,NA,NA,"ACS"
"2285","One shore; one middle; 2 additional","common",424.242424242424,-1.1649112422709,31.8725646269042,NA,NA,"ACS"
"2286","One shore; one middle; 2 additional","common",429.292929292929,-1.34872540469125,31.8725646269042,NA,NA,"ACS"
"2287","One shore; one middle; 2 additional","common",434.343434343434,-1.53038964456037,31.8725646269042,NA,NA,"ACS"
"2288","One shore; one middle; 2 additional","common",439.393939393939,-1.70995367275073,31.8725646269042,NA,NA,"ACS"
"2289","One shore; one middle; 2 additional","common",444.444444444444,-1.88746549568653,31.8725646269042,NA,NA,"ACS"
"2290","One shore; one middle; 2 additional","common",449.494949494949,-2.06297149238507,31.8725646269042,NA,NA,"ACS"
"2291","One shore; one middle; 2 additional","common",454.545454545455,-2.23651648719397,31.8725646269042,NA,NA,"ACS"
"2292","One shore; one middle; 2 additional","common",459.59595959596,-2.40814381850927,31.8725646269042,NA,NA,"ACS"
"2293","One shore; one middle; 2 additional","common",464.646464646465,-2.57789540373854,31.8725646269042,NA,NA,"ACS"
"2294","One shore; one middle; 2 additional","common",469.69696969697,-2.74581180075198,31.8725646269042,NA,NA,"ACS"
"2295","One shore; one middle; 2 additional","common",474.747474747475,-2.91193226604734,31.8725646269042,NA,NA,"ACS"
"2296","One shore; one middle; 2 additional","common",479.79797979798,-3.07629480983707,31.8725646269042,NA,NA,"ACS"
"2297","One shore; one middle; 2 additional","common",484.848484848485,-3.23893624825115,31.8725646269042,NA,NA,"ACS"
"2298","One shore; one middle; 2 additional","common",489.89898989899,-3.39989225283507,31.8725646269042,NA,NA,"ACS"
"2299","One shore; one middle; 2 additional","common",494.949494949495,-3.55919739750924,31.8725646269042,NA,NA,"ACS"
"2300","One shore; one middle; 2 additional","common",500,-3.71688520314443,31.8725646269042,NA,NA,"ACS"
"2301","One shore; one middle; 2 additional","rare",0,162.389548478966,219.902465412278,NA,NA,"ACS"
"2302","One shore; one middle; 2 additional","rare",5.05050505050505,148.000090239726,219.902465412278,NA,NA,"ACS"
"2303","One shore; one middle; 2 additional","rare",10.1010101010101,134.885692559236,219.902465412278,NA,NA,"ACS"
"2304","One shore; one middle; 2 additional","rare",15.1515151515152,122.933371376426,219.902465412278,NA,NA,"ACS"
"2305","One shore; one middle; 2 additional","rare",20.2020202020202,112.04015423161,219.902465412278,NA,NA,"ACS"
"2306","One shore; one middle; 2 additional","rare",25.2525252525253,102.112193131068,219.902465412278,NA,NA,"ACS"
"2307","One shore; one middle; 2 additional","rare",30.3030303030303,93.0639560213565,219.902465412278,NA,NA,"ACS"
"2308","One shore; one middle; 2 additional","rare",35.3535353535353,84.8174899076754,219.902465412278,NA,NA,"ACS"
"2309","One shore; one middle; 2 additional","rare",40.4040404040404,77.3017492678661,219.902465412278,NA,NA,"ACS"
"2310","One shore; one middle; 2 additional","rare",45.4545454545455,70.4519839761409,219.902465412278,NA,NA,"ACS"
"2311","One shore; one middle; 2 additional","rare",50.5050505050505,64.209181463345,219.902465412278,NA,NA,"ACS"
"2312","One shore; one middle; 2 additional","rare",55.5555555555556,58.5195583078114,219.902465412278,NA,NA,"ACS"
"2313","One shore; one middle; 2 additional","rare",60.6060606060606,53.3340968767262,219.902465412278,NA,NA,"ACS"
"2314","One shore; one middle; 2 additional","rare",65.6565656565656,48.6081230260468,219.902465412278,NA,NA,"ACS"
"2315","One shore; one middle; 2 additional","rare",70.7070707070707,44.3009212207426,219.902465412278,NA,NA,"ACS"
"2316","One shore; one middle; 2 additional","rare",75.7575757575758,40.3753837595168,219.902465412278,NA,NA,"ACS"
"2317","One shore; one middle; 2 additional","rare",80.8080808080808,36.7976910819852,219.902465412278,NA,NA,"ACS"
"2318","One shore; one middle; 2 additional","rare",85.8585858585859,33.5370204040736,219.902465412278,NA,NA,"ACS"
"2319","One shore; one middle; 2 additional","rare",90.9090909090909,30.5652801714473,219.902465412278,NA,NA,"ACS"
"2320","One shore; one middle; 2 additional","rare",95.959595959596,27.8568680432205,219.902465412278,NA,NA,"ACS"
"2321","One shore; one middle; 2 additional","rare",101.010101010101,25.3884503209072,219.902465412278,NA,NA,"ACS"
"2322","One shore; one middle; 2 additional","rare",106.060606060606,23.1387609223371,219.902465412278,NA,NA,"ACS"
"2323","One shore; one middle; 2 additional","rare",111.111111111111,21.0884181686417,219.902465412278,NA,NA,"ACS"
"2324","One shore; one middle; 2 additional","rare",116.161616161616,19.2197578058807,219.902465412278,NA,NA,"ACS"
"2325","One shore; one middle; 2 additional","rare",121.212121212121,17.5166808227468,219.902465412278,NA,NA,"ACS"
"2326","One shore; one middle; 2 additional","rare",126.262626262626,15.9645147532559,219.902465412278,NA,NA,"ACS"
"2327","One shore; one middle; 2 additional","rare",131.313131313131,14.5498872695083,219.902465412278,NA,NA,"ACS"
"2328","One shore; one middle; 2 additional","rare",136.363636363636,13.2606109754902,219.902465412278,NA,NA,"ACS"
"2329","One shore; one middle; 2 additional","rare",141.414141414141,12.0855784093806,219.902465412278,NA,NA,"ACS"
"2330","One shore; one middle; 2 additional","rare",146.464646464646,11.0146663497823,219.902465412278,NA,NA,"ACS"
"2331","One shore; one middle; 2 additional","rare",151.515151515152,10.0386486014487,219.902465412278,NA,NA,"ACS"
"2332","One shore; one middle; 2 additional","rare",156.565656565657,9.14911650913142,219.902465412278,NA,NA,"ACS"
"2333","One shore; one middle; 2 additional","rare",161.616161616162,8.33840651475552,219.902465412278,NA,NA,"ACS"
"2334","One shore; one middle; 2 additional","rare",166.666666666667,7.59953413380656,219.902465412278,NA,NA,"ACS"
"2335","One shore; one middle; 2 additional","rare",171.717171717172,6.9261337821192,219.902465412278,NA,NA,"ACS"
"2336","One shore; one middle; 2 additional","rare",176.767676767677,6.31240393465859,219.902465412278,NA,NA,"ACS"
"2337","One shore; one middle; 2 additional","rare",181.818181818182,5.75305714382279,219.902465412278,NA,NA,"ACS"
"2338","One shore; one middle; 2 additional","rare",186.868686868687,5.24327448666046,219.902465412278,NA,NA,"ACS"
"2339","One shore; one middle; 2 additional","rare",191.919191919192,4.77866404855431,219.902465412278,NA,NA,"ACS"
"2340","One shore; one middle; 2 additional","rare",196.969696969697,4.35522308569619,219.902465412278,NA,NA,"ACS"
"2341","One shore; one middle; 2 additional","rare",202.020202020202,3.96930354037325,219.902465412278,NA,NA,"ACS"
"2342","One shore; one middle; 2 additional","rare",207.070707070707,3.61758061197022,219.902465412278,NA,NA,"ACS"
"2343","One shore; one middle; 2 additional","rare",212.121212121212,3.29702411291836,219.902465412278,NA,NA,"ACS"
"2344","One shore; one middle; 2 additional","rare",217.171717171717,3.00487236281512,219.902465412278,NA,NA,"ACS"
"2345","One shore; one middle; 2 additional","rare",222.222222222222,2.73860839580511,219.902465412278,NA,NA,"ACS"
"2346","One shore; one middle; 2 additional","rare",227.272727272727,2.49593827624274,219.902465412278,NA,NA,"ACS"
"2347","One shore; one middle; 2 additional","rare",232.323232323232,2.27477133582005,219.902465412278,NA,NA,"ACS"
"2348","One shore; one middle; 2 additional","rare",237.373737373737,2.07320216189724,219.902465412278,NA,NA,"ACS"
"2349","One shore; one middle; 2 additional","rare",242.424242424242,1.88949418186067,219.902465412278,NA,NA,"ACS"
"2350","One shore; one middle; 2 additional","rare",247.474747474747,1.72206470208296,219.902465412278,NA,NA,"ACS"
"2351","One shore; one middle; 2 additional","rare",252.525252525253,1.56947127259201,219.902465412278,NA,NA,"ACS"
"2352","One shore; one middle; 2 additional","rare",257.575757575758,1.43039925997677,219.902465412278,NA,NA,"ACS"
"2353","One shore; one middle; 2 additional","rare",262.626262626263,1.30365052146703,219.902465412278,NA,NA,"ACS"
"2354","One shore; one middle; 2 additional","rare",267.676767676768,1.1881330826114,219.902465412278,NA,NA,"ACS"
"2355","One shore; one middle; 2 additional","rare",272.727272727273,1.08285172962389,219.902465412278,NA,NA,"ACS"
"2356","One shore; one middle; 2 additional","rare",277.777777777778,0.986899435349668,219.902465412278,NA,NA,"ACS"
"2357","One shore; one middle; 2 additional","rare",282.828282828283,0.899449544982291,219.902465412278,NA,NA,"ACS"
"2358","One shore; one middle; 2 additional","rare",287.878787878788,0.819748654210355,219.902465412278,NA,NA,"ACS"
"2359","One shore; one middle; 2 additional","rare",292.929292929293,0.747110118436848,219.902465412278,NA,NA,"ACS"
"2360","One shore; one middle; 2 additional","rare",297.979797979798,0.680908137151377,219.902465412278,NA,NA,"ACS"
"2361","One shore; one middle; 2 additional","rare",303.030303030303,0.620572362490562,219.902465412278,NA,NA,"ACS"
"2362","One shore; one middle; 2 additional","rare",308.080808080808,0.565582985537888,219.902465412278,NA,NA,"ACS"
"2363","One shore; one middle; 2 additional","rare",313.131313131313,0.515466258030168,219.902465412278,NA,NA,"ACS"
"2364","One shore; one middle; 2 additional","rare",318.181818181818,0.469790410888915,219.902465412278,NA,NA,"ACS"
"2365","One shore; one middle; 2 additional","rare",323.232323232323,0.428161934413676,219.902465412278,NA,NA,"ACS"
"2366","One shore; one middle; 2 additional","rare",328.282828282828,0.390222188090188,219.902465412278,NA,NA,"ACS"
"2367","One shore; one middle; 2 additional","rare",333.333333333333,0.355644310805949,219.902465412278,NA,NA,"ACS"
"2368","One shore; one middle; 2 additional","rare",338.383838383838,0.324130404853878,219.902465412278,NA,NA,"ACS"
"2369","One shore; one middle; 2 additional","rare",343.434343434343,0.29540896946349,219.902465412278,NA,NA,"ACS"
"2370","One shore; one middle; 2 additional","rare",348.484848484848,0.269232561748789,219.902465412278,NA,NA,"ACS"
"2371","One shore; one middle; 2 additional","rare",353.535353535354,0.245375664921284,219.902465412278,NA,NA,"ACS"
"2372","One shore; one middle; 2 additional","rare",358.585858585859,0.223632745402249,219.902465412278,NA,NA,"ACS"
"2373","One shore; one middle; 2 additional","rare",363.636363636364,0.203816482095691,219.902465412278,NA,NA,"ACS"
"2374","One shore; one middle; 2 additional","rare",368.686868686869,0.185756152566759,219.902465412278,NA,NA,"ACS"
"2375","One shore; one middle; 2 additional","rare",373.737373737374,0.169296162222075,219.902465412278,NA,NA,"ACS"
"2376","One shore; one middle; 2 additional","rare",378.787878787879,0.154294703820498,219.902465412278,NA,NA,"ACS"
"2377","One shore; one middle; 2 additional","rare",383.838383838384,0.140622535765615,219.902465412278,NA,NA,"ACS"
"2378","One shore; one middle; 2 additional","rare",388.888888888889,0.128161868654656,219.902465412278,NA,NA,"ACS"
"2379","One shore; one middle; 2 additional","rare",393.939393939394,0.116805350491124,219.902465412278,NA,NA,"ACS"
"2380","One shore; one middle; 2 additional","rare",398.989898989899,0.106455141818492,219.902465412278,NA,NA,"ACS"
"2381","One shore; one middle; 2 additional","rare",404.040404040404,0.0970220728069852,219.902465412278,NA,NA,"ACS"
"2382","One shore; one middle; 2 additional","rare",409.090909090909,0.0884248750315296,219.902465412278,NA,NA,"ACS"
"2383","One shore; one middle; 2 additional","rare",414.141414141414,0.0805894813224265,219.902465412278,NA,NA,"ACS"
"2384","One shore; one middle; 2 additional","rare",419.191919191919,0.0734483876567754,219.902465412278,NA,NA,"ACS"
"2385","One shore; one middle; 2 additional","rare",424.242424242424,0.0669400715931738,219.902465412278,NA,NA,"ACS"
"2386","One shore; one middle; 2 additional","rare",429.292929292929,0.061008462239346,219.902465412278,NA,NA,"ACS"
"2387","One shore; one middle; 2 additional","rare",434.343434343434,0.055602457186336,219.902465412278,NA,NA,"ACS"
"2388","One shore; one middle; 2 additional","rare",439.393939393939,0.0506754822475175,219.902465412278,NA,NA,"ACS"
"2389","One shore; one middle; 2 additional","rare",444.444444444444,0.0461850902094582,219.902465412278,NA,NA,"ACS"
"2390","One shore; one middle; 2 additional","rare",449.494949494949,0.0420925951377658,219.902465412278,NA,NA,"ACS"
"2391","One shore; one middle; 2 additional","rare",454.545454545455,0.0383627390873651,219.902465412278,NA,NA,"ACS"
"2392","One shore; one middle; 2 additional","rare",459.59595959596,0.034963388345824,219.902465412278,NA,NA,"ACS"
"2393","One shore; one middle; 2 additional","rare",464.646464646465,0.0318652565927837,219.902465412278,NA,NA,"ACS"
"2394","One shore; one middle; 2 additional","rare",469.69696969697,0.0290416525904368,219.902465412278,NA,NA,"ACS"
"2395","One shore; one middle; 2 additional","rare",474.747474747475,0.0264682502313389,219.902465412278,NA,NA,"ACS"
"2396","One shore; one middle; 2 additional","rare",479.79797979798,0.024122878962455,219.902465412278,NA,NA,"ACS"
"2397","One shore; one middle; 2 additional","rare",484.848484848485,0.021985332779885,219.902465412278,NA,NA,"ACS"
"2398","One shore; one middle; 2 additional","rare",489.89898989899,0.0200371961487093,219.902465412278,NA,NA,"ACS"
"2399","One shore; one middle; 2 additional","rare",494.949494949495,0.0182616853482057,219.902465412278,NA,NA,"ACS"
"2400","One shore; one middle; 2 additional","rare",500,0.0166435038755835,219.902465412278,NA,NA,"ACS"
"2401","Randomly placed","common",0,115.953465707939,55.0449906698093,NA,NA,"ACS"
"2402","Randomly placed","common",5.05050505050505,105.403883831953,55.0449906698093,NA,NA,"ACS"
"2403","Randomly placed","common",10.1010101010101,95.8141152489858,55.0449906698093,NA,NA,"ACS"
"2404","Randomly placed","common",15.1515151515152,87.0968350234829,55.0449906698093,NA,NA,"ACS"
"2405","Randomly placed","common",20.2020202020202,79.1726631446205,55.0449906698093,NA,NA,"ACS"
"2406","Randomly placed","common",25.2525252525253,71.9694416877662,55.0449906698093,NA,NA,"ACS"
"2407","Randomly placed","common",30.3030303030303,65.4215777406335,55.0449906698093,NA,NA,"ACS"
"2408","Randomly placed","common",35.3535353535353,59.469446110783,55.0449906698093,NA,NA,"ACS"
"2409","Randomly placed","common",40.4040404040404,54.0588463754937,55.0449906698093,NA,NA,"ACS"
"2410","Randomly placed","common",45.4545454545455,49.1405093298716,55.0449906698093,NA,NA,"ACS"
"2411","Randomly placed","common",50.5050505050505,44.6696483388866,55.0449906698093,NA,NA,"ACS"
"2412","Randomly placed","common",55.5555555555556,40.6055515079255,55.0449906698093,NA,NA,"ACS"
"2413","Randomly placed","common",60.6060606060606,36.9112109581449,55.0449906698093,NA,NA,"ACS"
"2414","Randomly placed","common",65.6565656565656,33.5529858307861,55.0449906698093,NA,NA,"ACS"
"2415","Randomly placed","common",70.7070707070707,30.5002959517509,55.0449906698093,NA,NA,"ACS"
"2416","Randomly placed","common",75.7575757575758,27.7253433669333,55.0449906698093,NA,NA,"ACS"
"2417","Randomly placed","common",80.8080808080808,25.2028592125915,55.0449906698093,NA,NA,"ACS"
"2418","Randomly placed","common",85.8585858585859,22.9098736157497,55.0449906698093,NA,NA,"ACS"
"2419","Randomly placed","common",90.9090909090909,20.8255065293307,55.0449906698093,NA,NA,"ACS"
"2420","Randomly placed","common",95.959595959596,18.9307775973518,55.0449906698093,NA,NA,"ACS"
"2421","Randomly placed","common",101.010101010101,17.2084333188084,55.0449906698093,NA,NA,"ACS"
"2422","Randomly placed","common",106.060606060606,15.6427899363891,55.0449906698093,NA,NA,"ACS"
"2423","Randomly placed","common",111.111111111111,14.2195906193592,55.0449906698093,NA,NA,"ACS"
"2424","Randomly placed","common",116.161616161616,12.9258756401124,55.0449906698093,NA,NA,"ACS"
"2425","Randomly placed","common",121.212121212121,11.749864362212,55.0449906698093,NA,NA,"ACS"
"2426","Randomly placed","common",126.262626262626,10.6808479652972,55.0449906698093,NA,NA,"ACS"
"2427","Randomly placed","common",131.313131313131,9.70909193000388,55.0449906698093,NA,NA,"ACS"
"2428","Randomly placed","common",136.363636363636,8.82574739492079,55.0449906698093,NA,NA,"ACS"
"2429","Randomly placed","common",141.414141414141,8.02277057839332,55.0449906698093,NA,NA,"ACS"
"2430","Randomly placed","common",146.464646464646,7.29284953142613,55.0449906698093,NA,NA,"ACS"
"2431","Randomly placed","common",151.515151515152,6.62933755469218,55.0449906698093,NA,NA,"ACS"
"2432","Randomly placed","common",156.565656565657,6.02619267334012,55.0449906698093,NA,NA,"ACS"
"2433","Randomly placed","common",161.616161616162,5.4779226184545,55.0449906698093,NA,NA,"ACS"
"2434","Randomly placed","common",166.666666666667,4.97953481416703,55.0449906698093,NA,NA,"ACS"
"2435","Randomly placed","common",171.717171717172,4.52649091499894,55.0449906698093,NA,NA,"ACS"
"2436","Randomly placed","common",176.767676767677,4.11466547944907,55.0449906698093,NA,NA,"ACS"
"2437","Randomly placed","common",181.818181818182,3.74030840350727,55.0449906698093,NA,NA,"ACS"
"2438","Randomly placed","common",186.868686868687,3.40001077201062,55.0449906698093,NA,NA,"ACS"
"2439","Randomly placed","common",191.919191919192,3.09067381688324,55.0449906698093,NA,NA,"ACS"
"2440","Randomly placed","common",196.969696969697,2.80948069959168,55.0449906698093,NA,NA,"ACS"
"2441","Randomly placed","common",202.020202020202,2.55387086086552,55.0449906698093,NA,NA,"ACS"
"2442","Randomly placed","common",207.070707070707,2.32151670411045,55.0449906698093,NA,NA,"ACS"
"2443","Randomly placed","common",212.121212121212,2.11030240019158,55.0449906698093,NA,NA,"ACS"
"2444","Randomly placed","common",217.171717171717,1.91830462058242,55.0449906698093,NA,NA,"ACS"
"2445","Randomly placed","common",222.222222222222,1.74377502343446,55.0449906698093,NA,NA,"ACS"
"2446","Randomly placed","common",227.272727272727,1.58512433308462,55.0449906698093,NA,NA,"ACS"
"2447","Randomly placed","common",232.323232323232,1.44090786802773,55.0449906698093,NA,NA,"ACS"
"2448","Randomly placed","common",237.373737373737,1.30981238557101,55.0449906698093,NA,NA,"ACS"
"2449","Randomly placed","common",242.424242424242,1.19064412337722,55.0449906698093,NA,NA,"ACS"
"2450","Randomly placed","common",247.474747474747,1.08231792900225,55.0449906698093,NA,NA,"ACS"
"2451","Randomly placed","common",252.525252525253,0.983847378440038,55.0449906698093,NA,NA,"ACS"
"2452","Randomly placed","common",257.575757575758,0.894335793693875,55.0449906698093,NA,NA,"ACS"
"2453","Randomly placed","common",262.626262626263,0.812968077579526,55.0449906698093,NA,NA,"ACS"
"2454","Randomly placed","common",267.676767676768,0.739003291407541,55.0449906698093,NA,NA,"ACS"
"2455","Randomly placed","common",272.727272727273,0.671767907956701,55.0449906698093,NA,NA,"ACS"
"2456","Randomly placed","common",277.777777777778,0.610649678299819,55.0449906698093,NA,NA,"ACS"
"2457","Randomly placed","common",282.828282828283,0.555092056632911,55.0449906698093,NA,NA,"ACS"
"2458","Randomly placed","common",287.878787878788,0.504589132339916,55.0449906698093,NA,NA,"ACS"
"2459","Randomly placed","common",292.929292929293,0.458681023144105,55.0449906698093,NA,NA,"ACS"
"2460","Randomly placed","common",297.979797979798,0.416949687395953,55.0449906698093,NA,NA,"ACS"
"2461","Randomly placed","common",303.030303030303,0.379015117363958,55.0449906698093,NA,NA,"ACS"
"2462","Randomly placed","common",308.080808080808,0.34453187886431,55.0449906698093,NA,NA,"ACS"
"2463","Randomly placed","common",313.131313131313,0.313185965719107,55.0449906698093,NA,NA,"ACS"
"2464","Randomly placed","common",318.181818181818,0.284691940399626,55.0449906698093,NA,NA,"ACS"
"2465","Randomly placed","common",323.232323232323,0.258790334817228,55.0449906698093,NA,NA,"ACS"
"2466","Randomly placed","common",328.282828282828,0.235245287593328,55.0449906698093,NA,NA,"ACS"
"2467","Randomly placed","common",333.333333333333,0.213842396293325,55.0449906698093,NA,NA,"ACS"
"2468","Randomly placed","common",338.383838383838,0.19438676506678,55.0449906698093,NA,NA,"ACS"
"2469","Randomly placed","common",343.434343434343,0.176701229915589,55.0449906698093,NA,NA,"ACS"
"2470","Randomly placed","common",348.484848484848,0.160624745429328,55.0449906698093,NA,NA,"ACS"
"2471","Randomly placed","common",353.535353535354,0.146010918297293,55.0449906698093,NA,NA,"ACS"
"2472","Randomly placed","common",358.585858585859,0.132726674243346,55.0449906698093,NA,NA,"ACS"
"2473","Randomly placed","common",363.636363636364,0.120651046244573,55.0449906698093,NA,NA,"ACS"
"2474","Randomly placed","common",368.686868686869,0.109674072999233,55.0449906698093,NA,NA,"ACS"
"2475","Randomly placed","common",373.737373737374,0.0996957976133767,55.0449906698093,NA,NA,"ACS"
"2476","Randomly placed","common",378.787878787879,0.09062535738813,55.0449906698093,NA,NA,"ACS"
"2477","Randomly placed","common",383.838383838384,0.082380156419194,55.0449906698093,NA,NA,"ACS"
"2478","Randomly placed","common",388.888888888889,0.0748851134742092,55.0449906698093,NA,NA,"ACS"
"2479","Randomly placed","common",393.939393939394,0.0680719782991163,55.0449906698093,NA,NA,"ACS"
"2480","Randomly placed","common",398.989898989899,0.0618787101277648,55.0449906698093,NA,NA,"ACS"
"2481","Randomly placed","common",404.040404040404,0.0562489127354426,55.0449906698093,NA,NA,"ACS"
"2482","Randomly placed","common",409.090909090909,0.0511313208918974,55.0449906698093,NA,NA,"ACS"
"2483","Randomly placed","common",414.141414141414,0.0464793335374612,55.0449906698093,NA,NA,"ACS"
"2484","Randomly placed","common",419.191919191919,0.0422505894313577,55.0449906698093,NA,NA,"ACS"
"2485","Randomly placed","common",424.242424242424,0.038406581408023,55.0449906698093,NA,NA,"ACS"
"2486","Randomly placed","common",429.292929292929,0.0349123057288362,55.0449906698093,NA,NA,"ACS"
"2487","Randomly placed","common",434.343434343434,0.0317359433362407,55.0449906698093,NA,NA,"ACS"
"2488","Randomly placed","common",439.393939393939,0.028848570107737,55.0449906698093,NA,NA,"ACS"
"2489","Randomly placed","common",444.444444444444,0.0262238934713071,55.0449906698093,NA,NA,"ACS"
"2490","Randomly placed","common",449.494949494949,0.023838012983875,55.0449906698093,NA,NA,"ACS"
"2491","Randomly placed","common",454.545454545455,0.0216692026926188,55.0449906698093,NA,NA,"ACS"
"2492","Randomly placed","common",459.59595959596,0.0196977132973046,55.0449906698093,NA,NA,"ACS"
"2493","Randomly placed","common",464.646464646465,0.0179055923121241,55.0449906698093,NA,NA,"ACS"
"2494","Randomly placed","common",469.69696969697,0.0162765205894162,55.0449906698093,NA,NA,"ACS"
"2495","Randomly placed","common",474.747474747475,0.0147956637166538,55.0449906698093,NA,NA,"ACS"
"2496","Randomly placed","common",479.79797979798,0.0134495369335049,55.0449906698093,NA,NA,"ACS"
"2497","Randomly placed","common",484.848484848485,0.012225882338898,55.0449906698093,NA,NA,"ACS"
"2498","Randomly placed","common",489.89898989899,0.0111135572699325,55.0449906698093,NA,NA,"ACS"
"2499","Randomly placed","common",494.949494949495,0.0101024328362055,55.0449906698093,NA,NA,"ACS"
"2500","Randomly placed","common",500,0.00918330168560548,55.0449906698093,NA,NA,"ACS"
"2501","Randomly placed","rare",0,209.279724108257,438.817538139327,NA,NA,"ACS"
"2502","Randomly placed","rare",5.05050505050505,188.285318935338,438.817538139327,NA,NA,"ACS"
"2503","Randomly placed","rare",10.1010101010101,169.397018644022,438.817538139327,NA,NA,"ACS"
"2504","Randomly placed","rare",15.1515151515152,152.403544194211,438.817538139327,NA,NA,"ACS"
"2505","Randomly placed","rare",20.2020202020202,137.114811517237,438.817538139327,NA,NA,"ACS"
"2506","Randomly placed","rare",25.2525252525253,123.35980529068,438.817538139327,NA,NA,"ACS"
"2507","Randomly placed","rare",30.3030303030303,110.984666010655,438.817538139327,NA,NA,"ACS"
"2508","Randomly placed","rare",35.3535353535353,99.8509689640966,438.817538139327,NA,NA,"ACS"
"2509","Randomly placed","rare",40.4040404040404,89.8341758501284,438.817538139327,NA,NA,"ACS"
"2510","Randomly placed","rare",45.4545454545455,80.8222417308097,438.817538139327,NA,NA,"ACS"
"2511","Randomly placed","rare",50.5050505050505,72.7143617290068,438.817538139327,NA,NA,"ACS"
"2512","Randomly placed","rare",55.5555555555556,65.4198434543208,438.817538139327,NA,NA,"ACS"
"2513","Randomly placed","rare",60.6060606060606,58.8570925443548,438.817538139327,NA,NA,"ACS"
"2514","Randomly placed","rare",65.6565656565656,52.9526999738784,438.817538139327,NA,NA,"ACS"
"2515","Randomly placed","rare",70.7070707070707,47.6406209227969,438.817538139327,NA,NA,"ACS"
"2516","Randomly placed","rare",75.7575757575758,42.8614360179791,438.817538139327,NA,NA,"ACS"
"2517","Randomly placed","rare",80.8080808080808,38.5616866854107,438.817538139327,NA,NA,"ACS"
"2518","Randomly placed","rare",85.8585858585859,34.6932771781148,438.817538139327,NA,NA,"ACS"
"2519","Randomly placed","rare",90.9090909090909,31.2129365910977,438.817538139327,NA,NA,"ACS"
"2520","Randomly placed","rare",95.959595959596,28.0817348455758,438.817538139327,NA,NA,"ACS"
"2521","Randomly placed","rare",101.010101010101,25.2646472284232,438.817538139327,NA,NA,"ACS"
"2522","Randomly placed","rare",106.060606060606,22.7301626159053,438.817538139327,NA,NA,"ACS"
"2523","Randomly placed","rare",111.111111111111,20.4499309994025,438.817538139327,NA,NA,"ACS"
"2524","Randomly placed","rare",116.161616161616,18.3984463704492,438.817538139327,NA,NA,"ACS"
"2525","Randomly placed","rare",121.212121212121,16.5527614179327,438.817538139327,NA,NA,"ACS"
"2526","Randomly placed","rare",126.262626262626,14.892230846137,438.817538139327,NA,NA,"ACS"
"2527","Randomly placed","rare",131.313131313131,13.3982804424624,438.817538139327,NA,NA,"ACS"
"2528","Randomly placed","rare",136.363636363636,12.0541993116791,438.817538139327,NA,NA,"ACS"
"2529","Randomly placed","rare",141.414141414141,10.8449529527074,438.817538139327,NA,NA,"ACS"
"2530","Randomly placed","rare",146.464646464646,9.75701508705637,438.817538139327,NA,NA,"ACS"
"2531","Randomly placed","rare",151.515151515152,8.77821635780166,438.817538139327,NA,NA,"ACS"
"2532","Randomly placed","rare",156.565656565657,7.89760820669431,438.817538139327,NA,NA,"ACS"
"2533","Randomly placed","rare",161.616161616162,7.10534040676861,438.817538139327,NA,NA,"ACS"
"2534","Randomly placed","rare",166.666666666667,6.3925508805647,438.817538139327,NA,NA,"ACS"
"2535","Randomly placed","rare",171.717171717172,5.75126657150451,438.817538139327,NA,NA,"ACS"
"2536","Randomly placed","rare",176.767676767677,5.17431425959699,438.817538139327,NA,NA,"ACS"
"2537","Randomly placed","rare",181.818181818182,4.6552403238831,438.817538139327,NA,NA,"ACS"
"2538","Randomly placed","rare",186.868686868687,4.18823855410653,438.817538139327,NA,NA,"ACS"
"2539","Randomly placed","rare",191.919191919192,3.76808520413238,438.817538139327,NA,NA,"ACS"
"2540","Randomly placed","rare",196.969696969697,3.39008056064043,438.817538139327,NA,NA,"ACS"
"2541","Randomly placed","rare",202.020202020202,3.04999637349718,438.817538139327,NA,NA,"ACS"
"2542","Randomly placed","rare",207.070707070707,2.74402855977812,438.817538139327,NA,NA,"ACS"
"2543","Randomly placed","rare",212.121212121212,2.46875465240121,438.817538139327,NA,NA,"ACS"
"2544","Randomly placed","rare",217.171717171717,2.22109551740433,438.817538139327,NA,NA,"ACS"
"2545","Randomly placed","rare",222.222222222222,1.99828091164721,438.817538139327,NA,NA,"ACS"
"2546","Randomly placed","rare",227.272727272727,1.79781849567647,438.817538139327,NA,NA,"ACS"
"2547","Randomly placed","rare",232.323232323232,1.61746595514047,438.817538139327,NA,NA,"ACS"
"2548","Randomly placed","rare",237.373737373737,1.45520591891233,438.817538139327,NA,NA,"ACS"
"2549","Randomly placed","rare",242.424242424242,1.3092233933626,438.817538139327,NA,NA,"ACS"
"2550","Randomly placed","rare",247.474747474747,1.17788546036772,438.817538139327,NA,NA,"ACS"
"2551","Randomly placed","rare",252.525252525253,1.05972301196226,438.817538139327,NA,NA,"ACS"
"2552","Randomly placed","rare",257.575757575758,0.953414317324016,438.817538139327,NA,NA,"ACS"
"2553","Randomly placed","rare",262.626262626263,0.857770238276933,438.817538139327,NA,NA,"ACS"
"2554","Randomly placed","rare",267.676767676768,0.771720927936954,438.817538139327,NA,NA,"ACS"
"2555","Randomly placed","rare",272.727272727273,0.694303863715539,438.817538139327,NA,NA,"ACS"
"2556","Randomly placed","rare",277.777777777778,0.624653080821604,438.817538139327,NA,NA,"ACS"
"2557","Randomly placed","rare",282.828282828283,0.561989485830927,438.817538139327,NA,NA,"ACS"
"2558","Randomly placed","rare",287.878787878788,0.505612141973424,438.817538139327,NA,NA,"ACS"
"2559","Randomly placed","rare",292.929292929293,0.454890428658061,438.817538139327,NA,NA,"ACS"
"2560","Randomly placed","rare",297.979797979798,0.409256987534115,438.817538139327,NA,NA,"ACS"
"2561","Randomly placed","rare",303.030303030303,0.368201376185475,438.817538139327,NA,NA,"ACS"
"2562","Randomly placed","rare",308.080808080808,0.331264358470059,438.817538139327,NA,NA,"ACS"
"2563","Randomly placed","rare",313.131313131313,0.298032767637735,438.817538139327,NA,NA,"ACS"
"2564","Randomly placed","rare",318.181818181818,0.268134884767074,438.817538139327,NA,NA,"ACS"
"2565","Randomly placed","rare",323.232323232323,0.241236280825482,438.817538139327,NA,NA,"ACS"
"2566","Randomly placed","rare",328.282828282828,0.217036075843186,438.817538139327,NA,NA,"ACS"
"2567","Randomly placed","rare",333.333333333333,0.195263573357302,438.817538139327,NA,NA,"ACS"
"2568","Randomly placed","rare",338.383838383838,0.175675232479834,438.817538139327,NA,NA,"ACS"
"2569","Randomly placed","rare",343.434343434343,0.158051943720047,438.817538139327,NA,NA,"ACS"
"2570","Randomly placed","rare",348.484848484848,0.142196578089359,438.817538139327,NA,NA,"ACS"
"2571","Randomly placed","rare",353.535353535354,0.127931782073734,438.817538139327,NA,NA,"ACS"
"2572","Randomly placed","rare",358.585858585859,0.115097993808799,438.817538139327,NA,NA,"ACS"
"2573","Randomly placed","rare",363.636363636364,0.103551658267177,438.817538139327,NA,NA,"ACS"
"2574","Randomly placed","rare",368.686868686869,0.0931636214936569,438.817538139327,NA,NA,"ACS"
"2575","Randomly placed","rare",373.737373737374,0.0838176859265664,438.817538139327,NA,NA,"ACS"
"2576","Randomly placed","rare",378.787878787879,0.0754093106456028,438.817538139327,NA,NA,"ACS"
"2577","Randomly placed","rare",383.838383838384,0.067844442007467,438.817538139327,NA,NA,"ACS"
"2578","Randomly placed","rare",388.888888888889,0.0610384615891321,438.817538139327,NA,NA,"ACS"
"2579","Randomly placed","rare",393.939393939394,0.0549152396707441,438.817538139327,NA,NA,"ACS"
"2580","Randomly placed","rare",398.989898989899,0.0494062836706916,438.817538139327,NA,NA,"ACS"
"2581","Randomly placed","rare",404.040404040404,0.0444499720074839,438.817538139327,NA,NA,"ACS"
"2582","Randomly placed","rare",409.090909090909,0.039990864818642,438.817538139327,NA,NA,"ACS"
"2583","Randomly placed","rare",414.141414141414,0.0359790838265012,438.817538139327,NA,NA,"ACS"
"2584","Randomly placed","rare",419.191919191919,0.0323697544142871,438.817538139327,NA,NA,"ACS"
"2585","Randomly placed","rare",424.242424242424,0.0291225036716884,438.817538139327,NA,NA,"ACS"
"2586","Randomly placed","rare",429.292929292929,0.0262010087952093,438.817538139327,NA,NA,"ACS"
"2587","Randomly placed","rare",434.343434343434,0.0235725907918423,438.817538139327,NA,NA,"ACS"
"2588","Randomly placed","rare",439.393939393939,0.0212078489413449,438.817538139327,NA,NA,"ACS"
"2589","Randomly placed","rare",444.444444444444,0.019080331928324,438.817538139327,NA,NA,"ACS"
"2590","Randomly placed","rare",449.494949494949,0.0171662419655056,438.817538139327,NA,NA,"ACS"
"2591","Randomly placed","rare",454.545454545455,0.0154441685986,438.817538139327,NA,NA,"ACS"
"2592","Randomly placed","rare",459.59595959596,0.0138948492151793,438.817538139327,NA,NA,"ACS"
"2593","Randomly placed","rare",464.646464646465,0.0125009535786905,438.817538139327,NA,NA,"ACS"
"2594","Randomly placed","rare",469.69696969697,0.011246889977464,438.817538139327,NA,NA,"ACS"
"2595","Randomly placed","rare",474.747474747475,0.0101186308203563,438.817538139327,NA,NA,"ACS"
"2596","Randomly placed","rare",479.79797979798,0.00910355572818996,438.817538139327,NA,NA,"ACS"
"2597","Randomly placed","rare",484.848484848485,0.00819031036585856,438.817538139327,NA,NA,"ACS"
"2598","Randomly placed","rare",489.89898989899,0.0073686794360326,438.817538139327,NA,NA,"ACS"
"2599","Randomly placed","rare",494.949494949495,0.006629472413811,438.817538139327,NA,NA,"ACS"
"2600","Randomly placed","rare",500,0.00596442074417942,438.817538139327,NA,NA,"ACS"
"2601","random","common",0,Inf,24.9932888856687,NA,NA,"ACS"
"2602","random","common",5.05050505050505,44.09206936771,24.9932888856687,NA,NA,"ACS"
"2603","random","common",10.1010101010101,31.8267675270232,24.9932888856687,NA,NA,"ACS"
"2604","random","common",15.1515151515152,26.30150438363,24.9932888856687,NA,NA,"ACS"
"2605","random","common",20.2020202020202,22.9733633677214,24.9932888856687,NA,NA,"ACS"
"2606","random","common",25.2525252525253,20.6847311903388,24.9932888856687,NA,NA,"ACS"
"2607","random","common",30.3030303030303,18.9850891018012,24.9932888856687,NA,NA,"ACS"
"2608","random","common",35.3535353535353,17.6574912833061,24.9932888856687,NA,NA,"ACS"
"2609","random","common",40.4040404040404,16.582752991715,24.9932888856687,NA,NA,"ACS"
"2610","random","common",45.4545454545455,15.6891963285513,24.9932888856687,NA,NA,"ACS"
"2611","random","common",50.5050505050505,14.9307605742813,24.9932888856687,NA,NA,"ACS"
"2612","random","common",55.5555555555556,14.2763057107412,24.9932888856687,NA,NA,"ACS"
"2613","random","common",60.6060606060606,13.7039160553745,24.9932888856687,NA,NA,"ACS"
"2614","random","common",65.6565656565656,13.1976563803696,24.9932888856687,NA,NA,"ACS"
"2615","random","common",70.7070707070707,12.745622472321,24.9932888856687,NA,NA,"ACS"
"2616","random","common",75.7575757575758,12.3387165963982,24.9932888856687,NA,NA,"ACS"
"2617","random","common",80.8080808080808,11.969849272075,24.9932888856687,NA,NA,"ACS"
"2618","random","common",85.8585858585859,11.6334022904073,24.9932888856687,NA,NA,"ACS"
"2619","random","common",90.9090909090909,11.3248575400344,24.9932888856687,NA,NA,"ACS"
"2620","random","common",95.959595959596,11.0405343128829,24.9932888856687,NA,NA,"ACS"
"2621","random","common",101.010101010101,10.7773994873395,24.9932888856687,NA,NA,"ACS"
"2622","random","common",106.060606060606,10.5329278269686,24.9932888856687,NA,NA,"ACS"
"2623","random","common",111.111111111111,10.3049974636306,24.9932888856687,NA,NA,"ACS"
"2624","random","common",116.161616161616,10.0918105442128,24.9932888856687,NA,NA,"ACS"
"2625","random","common",121.212121212121,9.89183217659664,24.9932888856687,NA,NA,"ACS"
"2626","random","common",126.262626262626,9.70374288510735,24.9932888856687,NA,NA,"ACS"
"2627","random","common",131.313131313131,9.52640117696912,24.9932888856687,NA,NA,"ACS"
"2628","random","common",136.363636363636,9.35881377146747,24.9932888856687,NA,NA,"ACS"
"2629","random","common",141.414141414141,9.20011170332674,24.9932888856687,NA,NA,"ACS"
"2630","random","common",146.464646464646,9.04953097700945,24.9932888856687,NA,NA,"ACS"
"2631","random","common",151.515151515152,8.90639678125372,24.9932888856687,NA,NA,"ACS"
"2632","random","common",156.565656565657,8.77011051406301,24.9932888856687,NA,NA,"ACS"
"2633","random","common",161.616161616162,8.64013904493282,24.9932888856687,NA,NA,"ACS"
"2634","random","common",166.666666666667,8.51600577196052,24.9932888856687,NA,NA,"ACS"
"2635","random","common",171.717171717172,8.39728312947547,24.9932888856687,NA,NA,"ACS"
"2636","random","common",176.767676767677,8.28358627591234,24.9932888856687,NA,NA,"ACS"
"2637","random","common",181.818181818182,8.17456774816938,24.9932888856687,NA,NA,"ACS"
"2638","random","common",186.868686868687,8.06991291217597,24.9932888856687,NA,NA,"ACS"
"2639","random","common",191.919191919192,7.96933607311196,24.9932888856687,NA,NA,"ACS"
"2640","random","common",196.969696969697,7.87257713506496,24.9932888856687,NA,NA,"ACS"
"2641","random","common",202.020202020202,7.77939872063724,24.9932888856687,NA,NA,"ACS"
"2642","random","common",207.070707070707,7.68958367742907,24.9932888856687,NA,NA,"ACS"
"2643","random","common",212.121212121212,7.60293291140792,24.9932888856687,NA,NA,"ACS"
"2644","random","common",217.171717171717,7.51926349766213,24.9932888856687,NA,NA,"ACS"
"2645","random","common",222.222222222222,7.43840702749416,24.9932888856687,NA,NA,"ACS"
"2646","random","common",227.272727272727,7.36020815766465,24.9932888856687,NA,NA,"ACS"
"2647","random","common",232.323232323232,7.28452333318333,24.9932888856687,NA,NA,"ACS"
"2648","random","common",237.373737373737,7.21121965961615,24.9932888856687,NA,NA,"ACS"
"2649","random","common",242.424242424242,7.14017390463931,24.9932888856687,NA,NA,"ACS"
"2650","random","common",247.474747474747,7.07127161167813,24.9932888856687,NA,NA,"ACS"
"2651","random","common",252.525252525253,7.00440631104716,24.9932888856687,NA,NA,"ACS"
"2652","random","common",257.575757575758,6.93947881615543,24.9932888856687,NA,NA,"ACS"
"2653","random","common",262.626262626263,6.87639659413661,24.9932888856687,NA,NA,"ACS"
"2654","random","common",267.676767676768,6.81507320177162,24.9932888856687,NA,NA,"ACS"
"2655","random","common",272.727272727273,6.75542777884068,24.9932888856687,NA,NA,"ACS"
"2656","random","common",277.777777777778,6.69738459211533,24.9932888856687,NA,NA,"ACS"
"2657","random","common",282.828282828283,6.64087262411093,24.9932888856687,NA,NA,"ACS"
"2658","random","common",287.878787878788,6.58582520149445,24.9932888856687,NA,NA,"ACS"
"2659","random","common",292.929292929293,6.53217965870296,24.9932888856687,NA,NA,"ACS"
"2660","random","common",297.979797979798,6.47987703289366,24.9932888856687,NA,NA,"ACS"
"2661","random","common",303.030303030303,6.42886178683139,24.9932888856687,NA,NA,"ACS"
"2662","random","common",308.080808080808,6.37908155673699,24.9932888856687,NA,NA,"ACS"
"2663","random","common",313.131313131313,6.33048692248037,24.9932888856687,NA,NA,"ACS"
"2664","random","common",318.181818181818,6.28303119781336,24.9932888856687,NA,NA,"ACS"
"2665","random","common",323.232323232323,6.23667023860792,24.9932888856687,NA,NA,"ACS"
"2666","random","common",328.282828282828,6.19136226729979,24.9932888856687,NA,NA,"ACS"
"2667","random","common",333.333333333333,6.14706771194241,24.9932888856687,NA,NA,"ACS"
"2668","random","common",338.383838383838,6.10374905845452,24.9932888856687,NA,NA,"ACS"
"2669","random","common",343.434343434343,6.06137071480095,24.9932888856687,NA,NA,"ACS"
"2670","random","common",348.484848484848,6.01989888598329,24.9932888856687,NA,NA,"ACS"
"2671","random","common",353.535353535354,5.97930145883725,24.9932888856687,NA,NA,"ACS"
"2672","random","common",358.585858585859,5.93954789573988,24.9932888856687,NA,NA,"ACS"
"2673","random","common",363.636363636364,5.90060913642259,24.9932888856687,NA,NA,"ACS"
"2674","random","common",368.686868686869,5.86245750716922,24.9932888856687,NA,NA,"ACS"
"2675","random","common",373.737373737374,5.82506663675075,24.9932888856687,NA,NA,"ACS"
"2676","random","common",378.787878787879,5.78841137851372,24.9932888856687,NA,NA,"ACS"
"2677","random","common",383.838383838384,5.75246773809626,24.9932888856687,NA,NA,"ACS"
"2678","random","common",388.888888888889,5.71721280629743,24.9932888856687,NA,NA,"ACS"
"2679","random","common",393.939393939394,5.6826246966708,24.9932888856687,NA,NA,"ACS"
"2680","random","common",398.989898989899,5.64868248745407,24.9932888856687,NA,NA,"ACS"
"2681","random","common",404.040404040404,5.61536616748279,24.9932888856687,NA,NA,"ACS"
"2682","random","common",409.090909090909,5.58265658576896,24.9932888856687,NA,NA,"ACS"
"2683","random","common",414.141414141414,5.55053540445425,24.9932888856687,NA,NA,"ACS"
"2684","random","common",419.191919191919,5.51898505487407,24.9932888856687,NA,NA,"ACS"
"2685","random","common",424.242424242424,5.487988696492,24.9932888856687,NA,NA,"ACS"
"2686","random","common",429.292929292929,5.45753017848537,24.9932888856687,NA,NA,"ACS"
"2687","random","common",434.343434343434,5.42759400378202,24.9932888856687,NA,NA,"ACS"
"2688","random","common",439.393939393939,5.39816529536525,24.9932888856687,NA,NA,"ACS"
"2689","random","common",444.444444444444,5.36922976467974,24.9932888856687,NA,NA,"ACS"
"2690","random","common",449.494949494949,5.34077368198527,24.9932888856687,NA,NA,"ACS"
"2691","random","common",454.545454545455,5.31278384851772,24.9932888856687,NA,NA,"ACS"
"2692","random","common",459.59595959596,5.28524757032849,24.9932888856687,NA,NA,"ACS"
"2693","random","common",464.646464646465,5.258152633684,24.9932888856687,NA,NA,"ACS"
"2694","random","common",469.69696969697,5.23148728191633,24.9932888856687,NA,NA,"ACS"
"2695","random","common",474.747474747475,5.20524019362493,24.9932888856687,NA,NA,"ACS"
"2696","random","common",479.79797979798,5.17940046213701,24.9932888856687,NA,NA,"ACS"
"2697","random","common",484.848484848485,5.15395757614166,24.9932888856687,NA,NA,"ACS"
"2698","random","common",489.89898989899,5.12890140141906,24.9932888856687,NA,NA,"ACS"
"2699","random","common",494.949494949495,5.10422216359239,24.9932888856687,NA,NA,"ACS"
"2700","random","common",500,5.07991043183534,24.9932888856687,NA,NA,"ACS"
"2701","random","rare",0,244.3805223358,637.181636828274,NA,NA,"ACS"
"2702","random","rare",5.05050505050505,204.115137390345,637.181636828274,NA,NA,"ACS"
"2703","random","rare",10.1010101010101,170.48408323897,637.181636828274,NA,NA,"ACS"
"2704","random","rare",15.1515151515152,142.394253603293,637.181636828274,NA,NA,"ACS"
"2705","random","rare",20.2020202020202,118.932647986955,637.181636828274,NA,NA,"ACS"
"2706","random","rare",25.2525252525253,99.3366965256647,637.181636828274,NA,NA,"ACS"
"2707","random","rare",30.3030303030303,82.9694742667661,637.181636828274,NA,NA,"ACS"
"2708","random","rare",35.3535353535353,69.298999270879,637.181636828274,NA,NA,"ACS"
"2709","random","rare",40.4040404040404,57.8809416642152,637.181636828274,NA,NA,"ACS"
"2710","random","rare",45.4545454545455,48.3441816358827,637.181636828274,NA,NA,"ACS"
"2711","random","rare",50.5050505050505,40.3787469734302,637.181636828274,NA,NA,"ACS"
"2712","random","rare",55.5555555555556,33.7257380717379,637.181636828274,NA,NA,"ACS"
"2713","random","rare",60.6060606060606,28.1689129489806,637.181636828274,NA,NA,"ACS"
"2714","random","rare",65.6565656565656,23.5276587584065,637.181636828274,NA,NA,"ACS"
"2715","random","rare",70.7070707070707,19.6511213497876,637.181636828274,NA,NA,"ACS"
"2716","random","rare",75.7575757575758,16.4133020743554,637.181636828274,NA,NA,"ACS"
"2717","random","rare",80.8080808080808,13.7089624652361,637.181636828274,NA,NA,"ACS"
"2718","random","rare",85.8585858585859,11.4502036836871,637.181636828274,NA,NA,"ACS"
"2719","random","rare",90.9090909090909,9.56360955326773,637.181636828274,NA,NA,"ACS"
"2720","random","rare",95.959595959596,7.98786032231543,637.181636828274,NA,NA,"ACS"
"2721","random","rare",101.010101010101,6.67173959512177,637.181636828274,NA,NA,"ACS"
"2722","random","rare",106.060606060606,5.57246965132372,637.181636828274,NA,NA,"ACS"
"2723","random","rare",111.111111111111,4.65432104658712,637.181636828274,NA,NA,"ACS"
"2724","random","rare",116.161616161616,3.88745130259398,637.181636828274,NA,NA,"ACS"
"2725","random","rare",121.212121212121,3.24693494040791,637.181636828274,NA,NA,"ACS"
"2726","random","rare",126.262626262626,2.71195333050396,637.181636828274,NA,NA,"ACS"
"2727","random","rare",131.313131313131,2.26511802725175,637.181636828274,NA,NA,"ACS"
"2728","random","rare",136.363636363636,1.89190559427046,637.181636828274,NA,NA,"ACS"
"2729","random","rare",141.414141414141,1.58018555084947,637.181636828274,NA,NA,"ACS"
"2730","random","rare",146.464646464646,1.31982609633136,637.181636828274,NA,NA,"ACS"
"2731","random","rare",151.515151515152,1.10236479736246,637.181636828274,NA,NA,"ACS"
"2732","random","rare",156.565656565657,0.920733534396562,637.181636828274,NA,NA,"ACS"
"2733","random","rare",161.616161616162,0.769028767419573,637.181636828274,NA,NA,"ACS"
"2734","random","rare",166.666666666667,0.642319653868661,637.181636828274,NA,NA,"ACS"
"2735","random","rare",171.717171717172,0.536487782024493,637.181636828274,NA,NA,"ACS"
"2736","random","rare",176.767676767677,0.448093310749623,637.181636828274,NA,NA,"ACS"
"2737","random","rare",181.818181818182,0.374263164728309,637.181636828274,NA,NA,"ACS"
"2738","random","rare",186.868686868687,0.312597651230541,637.181636828274,NA,NA,"ACS"
"2739","random","rare",191.919191919192,0.261092463175712,637.181636828274,NA,NA,"ACS"
"2740","random","rare",196.969696969697,0.21807353337049,637.181636828274,NA,NA,"ACS"
"2741","random","rare",202.020202020202,0.182142622495716,637.181636828274,NA,NA,"ACS"
"2742","random","rare",207.070707070707,0.1521318722949,637.181636828274,NA,NA,"ACS"
"2743","random","rare",212.121212121212,0.127065846811863,637.181636828274,NA,NA,"ACS"
"2744","random","rare",217.171717171717,0.106129827908239,637.181636828274,NA,NA,"ACS"
"2745","random","rare",222.222222222222,0.0886433345736831,637.181636828274,NA,NA,"ACS"
"2746","random","rare",227.272727272727,0.0740380053299979,637.181636828274,NA,NA,"ACS"
"2747","random","rare",232.323232323232,0.061839124843485,637.181636828274,NA,NA,"ACS"
"2748","random","rare",237.373737373737,0.0516501943071489,637.181636828274,NA,NA,"ACS"
"2749","random","rare",242.424242424242,0.0431400440856546,637.181636828274,NA,NA,"ACS"
"2750","random","rare",247.474747474747,0.0360320697468243,637.181636828274,NA,NA,"ACS"
"2751","random","rare",252.525252525253,0.0300952416196473,637.181636828274,NA,NA,"ACS"
"2752","random","rare",257.575757575758,0.0251365956635,637.181636828274,NA,NA,"ACS"
"2753","random","rare",262.626262626263,0.0209949615801653,637.181636828274,NA,NA,"ACS"
"2754","random","rare",267.676767676768,0.0175357243141986,637.181636828274,NA,NA,"ACS"
"2755","random","rare",272.727272727273,0.0146464486752901,637.181636828274,NA,NA,"ACS"
"2756","random","rare",277.777777777778,0.0122332248702273,637.181636828274,NA,NA,"ACS"
"2757","random","rare",282.828282828283,0.010217616163707,637.181636828274,NA,NA,"ACS"
"2758","random","rare",287.878787878788,0.00853410945816342,637.181636828274,NA,NA,"ACS"
"2759","random","rare",292.929292929293,0.00712798592910645,637.181636828274,NA,NA,"ACS"
"2760","random","rare",297.979797979798,0.00595354250547351,637.181636828274,NA,NA,"ACS"
"2761","random","rare",303.030303030303,0.00497260638797631,637.181636828274,NA,NA,"ACS"
"2762","random","rare",308.080808080808,0.00415329432300342,637.181636828274,NA,NA,"ACS"
"2763","random","rare",313.131313131313,0.00346897630490167,637.181636828274,NA,NA,"ACS"
"2764","random","rare",318.181818181818,0.00289741002397033,637.181636828274,NA,NA,"ACS"
"2765","random","rare",323.232323232323,0.00242001792723163,637.181636828274,NA,NA,"ACS"
"2766","random","rare",328.282828282828,0.00202128339436658,637.181636828274,NA,NA,"ACS"
"2767","random","rare",333.333333333333,0.00168824640279246,637.181636828274,NA,NA,"ACS"
"2768","random","rare",338.383838383838,0.00141008228954201,637.181636828274,NA,NA,"ACS"
"2769","random","rare",343.434343434343,0.00117774991849011,637.181636828274,NA,NA,"ACS"
"2770","random","rare",348.484848484848,0.000983697817347944,637.181636828274,NA,NA,"ACS"
"2771","random","rare",353.535353535354,0.000821618733029214,637.181636828274,NA,NA,"ACS"
"2772","random","rare",358.585858585859,0.000686244627729775,637.181636828274,NA,NA,"ACS"
"2773","random","rare",363.636363636364,0.000573175452501803,637.181636828274,NA,NA,"ACS"
"2774","random","rare",368.686868686869,0.000478736132969791,637.181636828274,NA,NA,"ACS"
"2775","random","rare",373.737373737374,0.000399857118811535,637.181636828274,NA,NA,"ACS"
"2776","random","rare",378.787878787879,0.000333974614517663,637.181636828274,NA,NA,"ACS"
"2777","random","rare",383.838383838384,0.000278947248641566,637.181636828274,NA,NA,"ACS"
"2778","random","rare",388.888888888889,0.000232986473049989,637.181636828274,NA,NA,"ACS"
"2779","random","rare",393.939393939394,0.00019459842994911,637.181636828274,NA,NA,"ACS"
"2780","random","rare",398.989898989899,0.000162535397196789,637.181636828274,NA,NA,"ACS"
"2781","random","rare",404.040404040404,0.000135755233733523,637.181636828274,NA,NA,"ACS"
"2782","random","rare",409.090909090909,0.000113387506991661,637.181636828274,NA,NA,"ACS"
"2783","random","rare",414.141414141414,9.47052013259454e-05,637.181636828274,NA,NA,"ACS"
"2784","random","rare",419.191919191919,7.91010879077484e-05,637.181636828274,NA,NA,"ACS"
"2785","random","rare",424.242424242424,6.60679880364205e-05,637.181636828274,NA,NA,"ACS"
"2786","random","rare",429.292929292929,5.51822883684134e-05,637.181636828274,NA,NA,"ACS"
"2787","random","rare",434.343434343434,4.60901722615816e-05,637.181636828274,NA,NA,"ACS"
"2788","random","rare",439.393939393939,3.84961197136259e-05,637.181636828274,NA,NA,"ACS"
"2789","random","rare",444.444444444444,3.21533021095062e-05,637.181636828274,NA,NA,"ACS"
"2790","random","rare",449.494949494949,2.68555595794047e-05,637.181636828274,NA,NA,"ACS"
"2791","random","rare",454.545454545455,2.24307002082292e-05,637.181636828274,NA,NA,"ACS"
"2792","random","rare",459.59595959596,1.87349033016353e-05,637.181636828274,NA,NA,"ACS"
"2793","random","rare",464.646464646465,1.56480447985683e-05,637.181636828274,NA,NA,"ACS"
"2794","random","rare",469.69696969697,1.30697928927461e-05,637.181636828274,NA,NA,"ACS"
"2795","random","rare",474.747474747475,1.09163469595196e-05,637.181636828274,NA,NA,"ACS"
"2796","random","rare",479.79797979798,9.11771379382391e-06,637.181636828274,NA,NA,"ACS"
"2797","random","rare",484.848484848485,7.61543262909862e-06,637.181636828274,NA,NA,"ACS"
"2798","random","rare",489.89898989899,6.36067499372747e-06,637.181636828274,NA,NA,"ACS"
"2799","random","rare",494.949494949495,5.31265764485118e-06,637.181636828274,NA,NA,"ACS"
"2800","random","rare",500,4.43731699532342e-06,637.181636828274,NA,NA,"ACS"
"2801","Clumped-Poisson","common",0,Inf,24.1985510622487,NA,NA,"TRS"
"2802","Clumped-Poisson","common",5.05050505050505,48.6849891312748,24.1985510622487,NA,NA,"TRS"
"2803","Clumped-Poisson","common",10.1010101010101,31.3385954021564,24.1985510622487,NA,NA,"TRS"
"2804","Clumped-Poisson","common",15.1515151515152,24.2196077348056,24.1985510622487,NA,NA,"TRS"
"2805","Clumped-Poisson","common",20.2020202020202,20.1726975666337,24.1985510622487,NA,NA,"TRS"
"2806","Clumped-Poisson","common",25.2525252525253,17.5054841684216,24.1985510622487,NA,NA,"TRS"
"2807","Clumped-Poisson","common",30.3030303030303,15.590195276688,24.1985510622487,NA,NA,"TRS"
"2808","Clumped-Poisson","common",35.3535353535353,14.1352803568973,24.1985510622487,NA,NA,"TRS"
"2809","Clumped-Poisson","common",40.4040404040404,12.9851935574263,24.1985510622487,NA,NA,"TRS"
"2810","Clumped-Poisson","common",45.4545454545455,12.0486706332863,24.1985510622487,NA,NA,"TRS"
"2811","Clumped-Poisson","common",50.5050505050505,11.2683045731771,24.1985510622487,NA,NA,"TRS"
"2812","Clumped-Poisson","common",55.5555555555556,10.6060095744946,24.1985510622487,NA,NA,"TRS"
"2813","Clumped-Poisson","common",60.6060606060606,10.035430442417,24.1985510622487,NA,NA,"TRS"
"2814","Clumped-Poisson","common",65.6565656565656,9.53769472456482,24.1985510622487,NA,NA,"TRS"
"2815","Clumped-Poisson","common",70.7070707070707,9.09889967945554,24.1985510622487,NA,NA,"TRS"
"2816","Clumped-Poisson","common",75.7575757575758,8.70855611416093,24.1985510622487,NA,NA,"TRS"
"2817","Clumped-Poisson","common",80.8080808080808,8.35858720267142,24.1985510622487,NA,NA,"TRS"
"2818","Clumped-Poisson","common",85.8585858585859,8.04266308592568,24.1985510622487,NA,NA,"TRS"
"2819","Clumped-Poisson","common",90.9090909090909,7.755746090284,24.1985510622487,NA,NA,"TRS"
"2820","Clumped-Poisson","common",95.959595959596,7.49377223597855,24.1985510622487,NA,NA,"TRS"
"2821","Clumped-Poisson","common",101.010101010101,7.2534233690568,24.1985510622487,NA,NA,"TRS"
"2822","Clumped-Poisson","common",106.060606060606,7.03196101250913,24.1985510622487,NA,NA,"TRS"
"2823","Clumped-Poisson","common",111.111111111111,6.82710315473744,24.1985510622487,NA,NA,"TRS"
"2824","Clumped-Poisson","common",116.161616161616,6.63693148236721,24.1985510622487,NA,NA,"TRS"
"2825","Clumped-Poisson","common",121.212121212121,6.45982057166282,24.1985510622487,NA,NA,"TRS"
"2826","Clumped-Poisson","common",126.262626262626,6.2943831648923,24.1985510622487,NA,NA,"TRS"
"2827","Clumped-Poisson","common",131.313131313131,6.13942739591594,24.1985510622487,NA,NA,"TRS"
"2828","Clumped-Poisson","common",136.363636363636,5.99392300729934,24.1985510622487,NA,NA,"TRS"
"2829","Clumped-Poisson","common",141.414141414141,5.85697441341508,24.1985510622487,NA,NA,"TRS"
"2830","Clumped-Poisson","common",146.464646464646,5.72779903268523,24.1985510622487,NA,NA,"TRS"
"2831","Clumped-Poisson","common",151.515151515152,5.60570971604361,24.1985510622487,NA,NA,"TRS"
"2832","Clumped-Poisson","common",156.565656565657,5.49010038939627,24.1985510622487,NA,NA,"TRS"
"2833","Clumped-Poisson","common",161.616161616162,5.38043423963486,24.1985510622487,NA,NA,"TRS"
"2834","Clumped-Poisson","common",166.666666666667,5.27623392978924,24.1985510622487,NA,NA,"TRS"
"2835","Clumped-Poisson","common",171.717171717172,5.17707344508313,24.1985510622487,NA,NA,"TRS"
"2836","Clumped-Poisson","common",176.767676767677,5.08257125901073,24.1985510622487,NA,NA,"TRS"
"2837","Clumped-Poisson","common",181.818181818182,4.99238457484076,24.1985510622487,NA,NA,"TRS"
"2838","Clumped-Poisson","common",186.868686868687,4.90620444869081,24.1985510622487,NA,NA,"TRS"
"2839","Clumped-Poisson","common",191.919191919192,4.8237516394634,24.1985510622487,NA,NA,"TRS"
"2840","Clumped-Poisson","common",196.969696969697,4.74477306137248,24.1985510622487,NA,NA,"TRS"
"2841","Clumped-Poisson","common",202.020202020202,4.66903873862413,24.1985510622487,NA,NA,"TRS"
"2842","Clumped-Poisson","common",207.070707070707,4.5963391806063,24.1985510622487,NA,NA,"TRS"
"2843","Clumped-Poisson","common",212.121212121212,4.52648311085268,24.1985510622487,NA,NA,"TRS"
"2844","Clumped-Poisson","common",217.171717171717,4.45929549494831,24.1985510622487,NA,NA,"TRS"
"2845","Clumped-Poisson","common",222.222222222222,4.39461582210072,24.1985510622487,NA,NA,"TRS"
"2846","Clumped-Poisson","common",227.272727272727,4.33229660281528,24.1985510622487,NA,NA,"TRS"
"2847","Clumped-Poisson","common",232.323232323232,4.27220205137373,24.1985510622487,NA,NA,"TRS"
"2848","Clumped-Poisson","common",237.373737373737,4.21420692692072,24.1985510622487,NA,NA,"TRS"
"2849","Clumped-Poisson","common",242.424242424242,4.15819551114619,24.1985510622487,NA,NA,"TRS"
"2850","Clumped-Poisson","common",247.474747474747,4.10406070399496,24.1985510622487,NA,NA,"TRS"
"2851","Clumped-Poisson","common",252.525252525253,4.05170322168129,24.1985510622487,NA,NA,"TRS"
"2852","Clumped-Poisson","common",257.575757575758,4.00103088364848,24.1985510622487,NA,NA,"TRS"
"2853","Clumped-Poisson","common",262.626262626263,3.95195797708266,24.1985510622487,NA,NA,"TRS"
"2854","Clumped-Poisson","common",267.676767676768,3.90440468923674,24.1985510622487,NA,NA,"TRS"
"2855","Clumped-Poisson","common",272.727272727273,3.85829659920296,24.1985510622487,NA,NA,"TRS"
"2856","Clumped-Poisson","common",277.777777777778,3.81356422193747,24.1985510622487,NA,NA,"TRS"
"2857","Clumped-Poisson","common",282.828282828283,3.77014259832477,24.1985510622487,NA,NA,"TRS"
"2858","Clumped-Poisson","common",287.878787878788,3.72797092590467,24.1985510622487,NA,NA,"TRS"
"2859","Clumped-Poisson","common",292.929292929293,3.68699222559496,24.1985510622487,NA,NA,"TRS"
"2860","Clumped-Poisson","common",297.979797979798,3.64715304034835,24.1985510622487,NA,NA,"TRS"
"2861","Clumped-Poisson","common",303.030303030303,3.60840316220129,24.1985510622487,NA,NA,"TRS"
"2862","Clumped-Poisson","common",308.080808080808,3.57069538461651,24.1985510622487,NA,NA,"TRS"
"2863","Clumped-Poisson","common",313.131313131313,3.53398527740425,24.1985510622487,NA,NA,"TRS"
"2864","Clumped-Poisson","common",318.181818181818,3.49823098183688,24.1985510622487,NA,NA,"TRS"
"2865","Clumped-Poisson","common",323.232323232323,3.4633930238573,24.1985510622487,NA,NA,"TRS"
"2866","Clumped-Poisson","common",328.282828282828,3.42943414352851,24.1985510622487,NA,NA,"TRS"
"2867","Clumped-Poisson","common",333.333333333333,3.39631913908707,24.1985510622487,NA,NA,"TRS"
"2868","Clumped-Poisson","common",338.383838383838,3.36401472414997,24.1985510622487,NA,NA,"TRS"
"2869","Clumped-Poisson","common",343.434343434343,3.33248939678791,24.1985510622487,NA,NA,"TRS"
"2870","Clumped-Poisson","common",348.484848484848,3.30171331932074,24.1985510622487,NA,NA,"TRS"
"2871","Clumped-Poisson","common",353.535353535354,3.27165820781596,24.1985510622487,NA,NA,"TRS"
"2872","Clumped-Poisson","common",358.585858585859,3.24229723038105,24.1985510622487,NA,NA,"TRS"
"2873","Clumped-Poisson","common",363.636363636364,3.2136049134372,24.1985510622487,NA,NA,"TRS"
"2874","Clumped-Poisson","common",368.686868686869,3.18555705524692,24.1985510622487,NA,NA,"TRS"
"2875","Clumped-Poisson","common",373.737373737374,3.15813064604365,24.1985510622487,NA,NA,"TRS"
"2876","Clumped-Poisson","common",378.787878787879,3.1313037941776,24.1985510622487,NA,NA,"TRS"
"2877","Clumped-Poisson","common",383.838383838384,3.10505565775144,24.1985510622487,NA,NA,"TRS"
"2878","Clumped-Poisson","common",388.888888888889,3.07936638127155,24.1985510622487,NA,NA,"TRS"
"2879","Clumped-Poisson","common",393.939393939394,3.05421703688711,24.1985510622487,NA,NA,"TRS"
"2880","Clumped-Poisson","common",398.989898989899,3.0295895698307,24.1985510622487,NA,NA,"TRS"
"2881","Clumped-Poisson","common",404.040404040404,3.00546674771138,24.1985510622487,NA,NA,"TRS"
"2882","Clumped-Poisson","common",409.090909090909,2.98183211334354,24.1985510622487,NA,NA,"TRS"
"2883","Clumped-Poisson","common",414.141414141414,2.95866994082511,24.1985510622487,NA,NA,"TRS"
"2884","Clumped-Poisson","common",419.191919191919,2.93596519460457,24.1985510622487,NA,NA,"TRS"
"2885","Clumped-Poisson","common",424.242424242424,2.91370349130017,24.1985510622487,NA,NA,"TRS"
"2886","Clumped-Poisson","common",429.292929292929,2.89187106405614,24.1985510622487,NA,NA,"TRS"
"2887","Clumped-Poisson","common",434.343434343434,2.87045472923955,24.1985510622487,NA,NA,"TRS"
"2888","Clumped-Poisson","common",439.393939393939,2.84944185529908,24.1985510622487,NA,NA,"TRS"
"2889","Clumped-Poisson","common",444.444444444444,2.82882033362227,24.1985510622487,NA,NA,"TRS"
"2890","Clumped-Poisson","common",449.494949494949,2.8085785512419,24.1985510622487,NA,NA,"TRS"
"2891","Clumped-Poisson","common",454.545454545455,2.78870536525494,24.1985510622487,NA,NA,"TRS"
"2892","Clumped-Poisson","common",459.59595959596,2.769190078829,24.1985510622487,NA,NA,"TRS"
"2893","Clumped-Poisson","common",464.646464646465,2.75002241868136,24.1985510622487,NA,NA,"TRS"
"2894","Clumped-Poisson","common",469.69696969697,2.73119251392548,24.1985510622487,NA,NA,"TRS"
"2895","Clumped-Poisson","common",474.747474747475,2.71269087618825,24.1985510622487,NA,NA,"TRS"
"2896","Clumped-Poisson","common",479.79797979798,2.69450838090893,24.1985510622487,NA,NA,"TRS"
"2897","Clumped-Poisson","common",484.848484848485,2.67663624973805,24.1985510622487,NA,NA,"TRS"
"2898","Clumped-Poisson","common",489.89898989899,2.65906603396088,24.1985510622487,NA,NA,"TRS"
"2899","Clumped-Poisson","common",494.949494949495,2.64178959887588,24.1985510622487,NA,NA,"TRS"
"2900","Clumped-Poisson","common",500,2.62479910906413,24.1985510622487,NA,NA,"TRS"
"2901","Clumped-Poisson","rare",0,135.267988056114,121.767751152048,NA,NA,"TRS"
"2902","Clumped-Poisson","rare",5.05050505050505,128.032120792013,121.767751152048,NA,NA,"TRS"
"2903","Clumped-Poisson","rare",10.1010101010101,121.183320533315,121.767751152048,NA,NA,"TRS"
"2904","Clumped-Poisson","rare",15.1515151515152,114.700881971145,121.767751152048,NA,NA,"TRS"
"2905","Clumped-Poisson","rare",20.2020202020202,108.565207382164,121.767751152048,NA,NA,"TRS"
"2906","Clumped-Poisson","rare",25.2525252525253,102.757747380681,121.767751152048,NA,NA,"TRS"
"2907","Clumped-Poisson","rare",30.3030303030303,97.2609448401109,121.767751152048,NA,NA,"TRS"
"2908","Clumped-Poisson","rare",35.3535353535353,92.0581818142267,121.767751152048,NA,NA,"TRS"
"2909","Clumped-Poisson","rare",40.4040404040404,87.133729297746,121.767751152048,NA,NA,"TRS"
"2910","Clumped-Poisson","rare",45.4545454545455,82.4726996743657,121.767751152048,NA,NA,"TRS"
"2911","Clumped-Poisson","rare",50.5050505050505,78.0610017084862,121.767751152048,NA,NA,"TRS"
"2912","Clumped-Poisson","rare",55.5555555555556,73.8852979445546,121.767751152048,NA,NA,"TRS"
"2913","Clumped-Poisson","rare",60.6060606060606,69.9329643852385,121.767751152048,NA,NA,"TRS"
"2914","Clumped-Poisson","rare",65.6565656565656,66.1920523265275,121.767751152048,NA,NA,"TRS"
"2915","Clumped-Poisson","rare",70.7070707070707,62.6512522343838,121.767751152048,NA,NA,"TRS"
"2916","Clumped-Poisson","rare",75.7575757575758,59.2998595537324,121.767751152048,NA,NA,"TRS"
"2917","Clumped-Poisson","rare",80.8080808080808,56.1277423464251,121.767751152048,NA,NA,"TRS"
"2918","Clumped-Poisson","rare",85.8585858585859,53.1253106603419,121.767751152048,NA,NA,"TRS"
"2919","Clumped-Poisson","rare",90.9090909090909,50.2834875370255,121.767751152048,NA,NA,"TRS"
"2920","Clumped-Poisson","rare",95.959595959596,47.5936815701986,121.767751152048,NA,NA,"TRS"
"2921","Clumped-Poisson","rare",101.010101010101,45.0477609322057,121.767751152048,NA,NA,"TRS"
"2922","Clumped-Poisson","rare",106.060606060606,42.6380287898515,121.767751152048,NA,NA,"TRS"
"2923","Clumped-Poisson","rare",111.111111111111,40.357200035318,121.767751152048,NA,NA,"TRS"
"2924","Clumped-Poisson","rare",116.161616161616,38.1983792618088,121.767751152048,NA,NA,"TRS"
"2925","Clumped-Poisson","rare",121.212121212121,36.1550399173397,121.767751152048,NA,NA,"TRS"
"2926","Clumped-Poisson","rare",126.262626262626,34.2210045736513,121.767751152048,NA,NA,"TRS"
"2927","Clumped-Poisson","rare",131.313131313131,32.3904262505937,121.767751152048,NA,NA,"TRS"
"2928","Clumped-Poisson","rare",136.363636363636,30.6577707395225,121.767751152048,NA,NA,"TRS"
"2929","Clumped-Poisson","rare",141.414141414141,29.017799872266,121.767751152048,NA,NA,"TRS"
"2930","Clumped-Poisson","rare",146.464646464646,27.4655556850836,121.767751152048,NA,NA,"TRS"
"2931","Clumped-Poisson","rare",151.515151515152,25.9963454297378,121.767751152048,NA,NA,"TRS"
"2932","Clumped-Poisson","rare",156.565656565657,24.605727386367,121.767751152048,NA,NA,"TRS"
"2933","Clumped-Poisson","rare",161.616161616162,23.2894974352676,121.767751152048,NA,NA,"TRS"
"2934","Clumped-Poisson","rare",166.666666666667,22.0436763469898,121.767751152048,NA,NA,"TRS"
"2935","Clumped-Poisson","rare",171.717171717172,20.8644977523215,121.767751152048,NA,NA,"TRS"
"2936","Clumped-Poisson","rare",176.767676767677,19.7483967557923,121.767751152048,NA,NA,"TRS"
"2937","Clumped-Poisson","rare",181.818181818182,18.6919991582732,121.767751152048,NA,NA,"TRS"
"2938","Clumped-Poisson","rare",186.868686868687,17.6921112560901,121.767751152048,NA,NA,"TRS"
"2939","Clumped-Poisson","rare",191.919191919192,16.7457101858113,121.767751152048,NA,NA,"TRS"
"2940","Clumped-Poisson","rare",196.969696969697,15.8499347855195,121.767751152048,NA,NA,"TRS"
"2941","Clumped-Poisson","rare",202.020202020202,15.0020769449408,121.767751152048,NA,NA,"TRS"
"2942","Clumped-Poisson","rare",207.070707070707,14.1995734182794,121.767751152048,NA,NA,"TRS"
"2943","Clumped-Poisson","rare",212.121212121212,13.4399980750068,121.767751152048,NA,NA,"TRS"
"2944","Clumped-Poisson","rare",217.171717171717,12.7210545651781,121.767751152048,NA,NA,"TRS"
"2945","Clumped-Poisson","rare",222.222222222222,12.0405693771022,121.767751152048,NA,NA,"TRS"
"2946","Clumped-Poisson","rare",227.272727272727,11.3964852663755,121.767751152048,NA,NA,"TRS"
"2947","Clumped-Poisson","rare",232.323232323232,10.7868550364162,121.767751152048,NA,NA,"TRS"
"2948","Clumped-Poisson","rare",237.373737373737,10.2098356516951,121.767751152048,NA,NA,"TRS"
"2949","Clumped-Poisson","rare",242.424242424242,9.66368266586592,121.767751152048,NA,NA,"TRS"
"2950","Clumped-Poisson","rare",247.474747474747,9.14674494795152,121.767751152048,NA,NA,"TRS"
"2951","Clumped-Poisson","rare",252.525252525253,8.65745969064062,121.767751152048,NA,NA,"TRS"
"2952","Clumped-Poisson","rare",257.575757575758,8.19434768560516,121.767751152048,NA,NA,"TRS"
"2953","Clumped-Poisson","rare",262.626262626263,7.75600885155423,121.767751152048,NA,NA,"TRS"
"2954","Clumped-Poisson","rare",267.676767676768,7.34111800150508,121.767751152048,NA,NA,"TRS"
"2955","Clumped-Poisson","rare",272.727272727273,6.94842083647475,121.767751152048,NA,NA,"TRS"
"2956","Clumped-Poisson","rare",277.777777777778,6.57673015348043,121.767751152048,NA,NA,"TRS"
"2957","Clumped-Poisson","rare",282.828282828283,6.22492225638468,121.767751152048,NA,NA,"TRS"
"2958","Clumped-Poisson","rare",287.878787878788,5.89193355873463,121.767751152048,NA,NA,"TRS"
"2959","Clumped-Poisson","rare",292.929292929293,5.57675736832497,121.767751152048,NA,NA,"TRS"
"2960","Clumped-Poisson","rare",297.979797979798,5.27844084376369,121.767751152048,NA,NA,"TRS"
"2961","Clumped-Poisson","rare",303.030303030303,4.9960821138398,121.767751152048,NA,NA,"TRS"
"2962","Clumped-Poisson","rare",308.080808080808,4.7288275509842,121.767751152048,NA,NA,"TRS"
"2963","Clumped-Poisson","rare",313.131313131313,4.47586919058077,121.767751152048,NA,NA,"TRS"
"2964","Clumped-Poisson","rare",318.181818181818,4.23644228832592,121.767751152048,NA,NA,"TRS"
"2965","Clumped-Poisson","rare",323.232323232323,4.0098230082518,121.767751152048,NA,NA,"TRS"
"2966","Clumped-Poisson","rare",328.282828282828,3.79532623442375,121.767751152048,NA,NA,"TRS"
"2967","Clumped-Poisson","rare",333.333333333333,3.59230349969617,121.767751152048,NA,NA,"TRS"
"2968","Clumped-Poisson","rare",338.383838383838,3.40014102526516,121.767751152048,NA,NA,"TRS"
"2969","Clumped-Poisson","rare",343.434343434343,3.21825786509102,121.767751152048,NA,NA,"TRS"
"2970","Clumped-Poisson","rare",348.484848484848,3.04610414958084,121.767751152048,NA,NA,"TRS"
"2971","Clumped-Poisson","rare",353.535353535354,2.88315942322141,121.767751152048,NA,NA,"TRS"
"2972","Clumped-Poisson","rare",358.585858585859,2.72893107113697,121.767751152048,NA,NA,"TRS"
"2973","Clumped-Poisson","rare",363.636363636364,2.58295282981474,121.767751152048,NA,NA,"TRS"
"2974","Clumped-Poisson","rare",368.686868686869,2.44478337749598,121.767751152048,NA,NA,"TRS"
"2975","Clumped-Poisson","rare",373.737373737374,2.31400499997104,121.767751152048,NA,NA,"TRS"
"2976","Clumped-Poisson","rare",378.787878787879,2.19022232774478,121.767751152048,NA,NA,"TRS"
"2977","Clumped-Poisson","rare",383.838383838384,2.07306114075457,121.767751152048,NA,NA,"TRS"
"2978","Clumped-Poisson","rare",388.888888888889,1.96216723702738,121.767751152048,NA,NA,"TRS"
"2979","Clumped-Poisson","rare",393.939393939394,1.85720536185549,121.767751152048,NA,NA,"TRS"
"2980","Clumped-Poisson","rare",398.989898989899,1.75785819425374,121.767751152048,NA,NA,"TRS"
"2981","Clumped-Poisson","rare",404.040404040404,1.66382538763392,121.767751152048,NA,NA,"TRS"
"2982","Clumped-Poisson","rare",409.090909090909,1.57482266179633,121.767751152048,NA,NA,"TRS"
"2983","Clumped-Poisson","rare",414.141414141414,1.49058094349319,121.767751152048,NA,NA,"TRS"
"2984","Clumped-Poisson","rare",419.191919191919,1.41084555296575,121.767751152048,NA,NA,"TRS"
"2985","Clumped-Poisson","rare",424.242424242424,1.3353754339959,121.767751152048,NA,NA,"TRS"
"2986","Clumped-Poisson","rare",429.292929292929,1.26394242514441,121.767751152048,NA,NA,"TRS"
"2987","Clumped-Poisson","rare",434.343434343434,1.19633056997275,121.767751152048,NA,NA,"TRS"
"2988","Clumped-Poisson","rare",439.393939393939,1.13233546416311,121.767751152048,NA,NA,"TRS"
"2989","Clumped-Poisson","rare",444.444444444444,1.07176363756272,121.767751152048,NA,NA,"TRS"
"2990","Clumped-Poisson","rare",449.494949494949,1.01443196928451,121.767751152048,NA,NA,"TRS"
"2991","Clumped-Poisson","rare",454.545454545455,0.960167134095579,121.767751152048,NA,NA,"TRS"
"2992","Clumped-Poisson","rare",459.59595959596,0.908805078419954,121.767751152048,NA,NA,"TRS"
"2993","Clumped-Poisson","rare",464.646464646465,0.860190524371441,121.767751152048,NA,NA,"TRS"
"2994","Clumped-Poisson","rare",469.69696969697,0.814176500317152,121.767751152048,NA,NA,"TRS"
"2995","Clumped-Poisson","rare",474.747474747475,0.770623896552533,121.767751152048,NA,NA,"TRS"
"2996","Clumped-Poisson","rare",479.79797979798,0.72940104474457,121.767751152048,NA,NA,"TRS"
"2997","Clumped-Poisson","rare",484.848484848485,0.690383319871788,121.767751152048,NA,NA,"TRS"
"2998","Clumped-Poisson","rare",489.89898989899,0.653452763457588,121.767751152048,NA,NA,"TRS"
"2999","Clumped-Poisson","rare",494.949494949495,0.618497726957913,121.767751152048,NA,NA,"TRS"
"3000","Clumped-Poisson","rare",500,0.585412534225106,121.767751152048,NA,NA,"TRS"
"3001","One shore only","common",0,Inf,18.2094137518827,NA,NA,"TRS"
"3002","One shore only","common",5.05050505050505,40.0304968261105,18.2094137518827,NA,NA,"TRS"
"3003","One shore only","common",10.1010101010101,26.539386661224,18.2094137518827,NA,NA,"TRS"
"3004","One shore only","common",15.1515151515152,20.8677208247322,18.2094137518827,NA,NA,"TRS"
"3005","One shore only","common",20.2020202020202,17.5950612707494,18.2094137518827,NA,NA,"TRS"
"3006","One shore only","common",25.2525252525253,15.4143986606258,18.2094137518827,NA,NA,"TRS"
"3007","One shore only","common",30.3030303030303,13.8348648059948,18.2094137518827,NA,NA,"TRS"
"3008","One shore only","common",35.3535353535353,12.6263507785061,18.2094137518827,NA,NA,"TRS"
"3009","One shore only","common",40.4040404040404,11.6651596012109,18.2094137518827,NA,NA,"TRS"
"3010","One shore only","common",45.4545454545455,10.8782505076211,18.2094137518827,NA,NA,"TRS"
"3011","One shore only","common",50.5050505050505,10.2194256539371,18.2094137518827,NA,NA,"TRS"
"3012","One shore only","common",55.5555555555556,9.65788647257955,18.2094137518827,NA,NA,"TRS"
"3013","One shore only","common",60.6060606060606,9.17222756657281,18.2094137518827,NA,NA,"TRS"
"3014","One shore only","common",65.6565656565656,8.74706042262201,18.2094137518827,NA,NA,"TRS"
"3015","One shore only","common",70.7070707070707,8.37100790646315,18.2094137518827,NA,NA,"TRS"
"3016","One shore only","common",75.7575757575758,8.03545779929604,18.2094137518827,NA,NA,"TRS"
"3017","One shore only","common",80.8080808080808,7.73375815109777,18.2094137518827,NA,NA,"TRS"
"3018","One shore only","common",85.8585858585859,7.46068082730796,18.2094137518827,NA,NA,"TRS"
"3019","One shore only","common",90.9090909090909,7.21205379172566,18.2094137518827,NA,NA,"TRS"
"3020","One shore only","common",95.959595959596,6.98450288732463,18.2094137518827,NA,NA,"TRS"
"3021","One shore only","common",101.010101010101,6.77526661893846,18.2094137518827,NA,NA,"TRS"
"3022","One shore only","common",106.060606060606,6.58206077795027,18.2094137518827,NA,NA,"TRS"
"3023","One shore only","common",111.111111111111,6.4029778231183,18.2094137518827,NA,NA,"TRS"
"3024","One shore only","common",116.161616161616,6.23641095984078,18.2094137518827,NA,NA,"TRS"
"3025","One shore only","common",121.212121212121,6.08099607135616,18.2094137518827,NA,NA,"TRS"
"3026","One shore only","common",126.262626262626,5.9355667530392,18.2094137518827,NA,NA,"TRS"
"3027","One shore only","common",131.313131313131,5.79911909945712,18.2094137518827,NA,NA,"TRS"
"3028","One shore only","common",136.363636363636,5.67078384364371,18.2094137518827,NA,NA,"TRS"
"3029","One shore only","common",141.414141414141,5.54980410407698,18.2094137518827,NA,NA,"TRS"
"3030","One shore only","common",146.464646464646,5.43551745502167,18.2094137518827,NA,NA,"TRS"
"3031","One shore only","common",151.515151515152,5.32734136330694,18.2094137518827,NA,NA,"TRS"
"3032","One shore only","common",156.565656565657,5.22476127062657,18.2094137518827,NA,NA,"TRS"
"3033","One shore only","common",161.616161616162,5.12732077265899,18.2094137518827,NA,NA,"TRS"
"3034","One shore only","common",166.666666666667,5.03461347337791,18.2094137518827,NA,NA,"TRS"
"3035","One shore only","common",171.717171717172,4.9462761876779,18.2094137518827,NA,NA,"TRS"
"3036","One shore only","common",176.767676767677,4.86198323678678,18.2094137518827,NA,NA,"TRS"
"3037","One shore only","common",181.818181818182,4.78144163515123,18.2094137518827,NA,NA,"TRS"
"3038","One shore only","common",186.868686868687,4.70438700903388,18.2094137518827,NA,NA,"TRS"
"3039","One shore only","common",191.919191919192,4.63058011916147,18.2094137518827,NA,NA,"TRS"
"3040","One shore only","common",196.969696969697,4.55980388475422,18.2094137518827,NA,NA,"TRS"
"3041","One shore only","common",202.020202020202,4.49186082585932,18.2094137518827,NA,NA,"TRS"
"3042","One shore only","common",207.070707070707,4.42657085637653,18.2094137518827,NA,NA,"TRS"
"3043","One shore only","common",212.121212121212,4.36376937244902,18.2094137518827,NA,NA,"TRS"
"3044","One shore only","common",217.171717171717,4.30330559071023,18.2094137518827,NA,NA,"TRS"
"3045","One shore only","common",222.222222222222,4.24504109876894,18.2094137518827,NA,NA,"TRS"
"3046","One shore only","common",227.272727272727,4.18884858669188,18.2094137518827,NA,NA,"TRS"
"3047","One shore only","common",232.323232323232,4.13461073342344,18.2094137518827,NA,NA,"TRS"
"3048","One shore only","common",237.373737373737,4.08221922631153,18.2094137518827,NA,NA,"TRS"
"3049","One shore only","common",242.424242424242,4.03157389537665,18.2094137518827,NA,NA,"TRS"
"3050","One shore only","common",247.474747474747,3.98258194681945,18.2094137518827,NA,NA,"TRS"
"3051","One shore only","common",252.525252525253,3.93515728262618,18.2094137518827,NA,NA,"TRS"
"3052","One shore only","common",257.575757575758,3.8892198950962,18.2094137518827,NA,NA,"TRS"
"3053","One shore only","common",262.626262626263,3.84469532675384,18.2094137518827,NA,NA,"TRS"
"3054","One shore only","common",267.676767676768,3.80151418747907,18.2094137518827,NA,NA,"TRS"
"3055","One shore only","common",272.727272727273,3.75961172184396,18.2094137518827,NA,NA,"TRS"
"3056","One shore only","common",277.777777777778,3.71892742061355,18.2094137518827,NA,NA,"TRS"
"3057","One shore only","common",282.828282828283,3.67940467119248,18.2094137518827,NA,NA,"TRS"
"3058","One shore only","common",287.878787878788,3.64099044249579,18.2094137518827,NA,NA,"TRS"
"3059","One shore only","common",292.929292929293,3.60363500031705,18.2094137518827,NA,NA,"TRS"
"3060","One shore only","common",297.979797979798,3.56729164977363,18.2094137518827,NA,NA,"TRS"
"3061","One shore only","common",303.030303030303,3.53191650184353,18.2094137518827,NA,NA,"TRS"
"3062","One shore only","common",308.080808080808,3.49746826138096,18.2094137518827,NA,NA,"TRS"
"3063","One shore only","common",313.131313131313,3.46390803431902,18.2094137518827,NA,NA,"TRS"
"3064","One shore only","common",318.181818181818,3.43119915204488,18.2094137518827,NA,NA,"TRS"
"3065","One shore only","common",323.232323232323,3.39930701117267,18.2094137518827,NA,NA,"TRS"
"3066","One shore only","common",328.282828282828,3.36819892714727,18.2094137518827,NA,NA,"TRS"
"3067","One shore only","common",333.333333333333,3.33784400029308,18.2094137518827,NA,NA,"TRS"
"3068","One shore only","common",338.383838383838,3.30821299307923,18.2094137518827,NA,NA,"TRS"
"3069","One shore only","common",343.434343434343,3.27927821751053,18.2094137518827,NA,NA,"TRS"
"3070","One shore only","common",348.484848484848,3.25101343167372,18.2094137518827,NA,NA,"TRS"
"3071","One shore only","common",353.535353535354,3.22339374457399,18.2094137518827,NA,NA,"TRS"
"3072","One shore only","common",358.585858585859,3.19639552848996,18.2094137518827,NA,NA,"TRS"
"3073","One shore only","common",363.636363636364,3.16999633815645,18.2094137518827,NA,NA,"TRS"
"3074","One shore only","common",368.686868686869,3.14417483615676,18.2094137518827,NA,NA,"TRS"
"3075","One shore only","common",373.737373737374,3.11891072396965,18.2094137518827,NA,NA,"TRS"
"3076","One shore only","common",378.787878787879,3.0941846781725,18.2094137518827,NA,NA,"TRS"
"3077","One shore only","common",383.838383838384,3.06997829135221,18.2094137518827,NA,NA,"TRS"
"3078","One shore only","common",388.888888888889,3.04627401731967,18.2094137518827,NA,NA,"TRS"
"3079","One shore only","common",393.939393939394,3.02305512026296,18.2094137518827,NA,NA,"TRS"
"3080","One shore only","common",398.989898989899,3.00030562750984,18.2094137518827,NA,NA,"TRS"
"3081","One shore only","common",404.040404040404,2.97801028560125,18.2094137518827,NA,NA,"TRS"
"3082","One shore only","common",409.090909090909,2.95615451940561,18.2094137518827,NA,NA,"TRS"
"3083","One shore only","common",414.141414141414,2.93472439402888,18.2094137518827,NA,NA,"TRS"
"3084","One shore only","common",419.191919191919,2.91370657929764,18.2094137518827,NA,NA,"TRS"
"3085","One shore only","common",424.242424242424,2.89308831661293,18.2094137518827,NA,NA,"TRS"
"3086","One shore only","common",429.292929292929,2.87285738799026,18.2094137518827,NA,NA,"TRS"
"3087","One shore only","common",434.343434343434,2.85300208711805,18.2094137518827,NA,NA,"TRS"
"3088","One shore only","common",439.393939393939,2.83351119228095,18.2094137518827,NA,NA,"TRS"
"3089","One shore only","common",444.444444444444,2.81437394100818,18.2094137518827,NA,NA,"TRS"
"3090","One shore only","common",449.494949494949,2.79558000631869,18.2094137518827,NA,NA,"TRS"
"3091","One shore only","common",454.545454545455,2.77711947444593,18.2094137518827,NA,NA,"TRS"
"3092","One shore only","common",459.59595959596,2.75898282393474,18.2094137518827,NA,NA,"TRS"
"3093","One shore only","common",464.646464646465,2.741160906012,18.2094137518827,NA,NA,"TRS"
"3094","One shore only","common",469.69696969697,2.72364492614022,18.2094137518827,NA,NA,"TRS"
"3095","One shore only","common",474.747474747475,2.70642642667123,18.2094137518827,NA,NA,"TRS"
"3096","One shore only","common",479.79797979798,2.68949727052325,18.2094137518827,NA,NA,"TRS"
"3097","One shore only","common",484.848484848485,2.672849625811,18.2094137518827,NA,NA,"TRS"
"3098","One shore only","common",489.89898989899,2.65647595136394,18.2094137518827,NA,NA,"TRS"
"3099","One shore only","common",494.949494949495,2.64036898307268,18.2094137518827,NA,NA,"TRS"
"3100","One shore only","common",500,2.62452172100841,18.2094137518827,NA,NA,"TRS"
"3101","One shore only","rare",0,156.567026010975,163.904100040746,NA,NA,"TRS"
"3102","One shore only","rare",5.05050505050505,153.067336908274,163.713614652634,NA,NA,"TRS"
"3103","One shore only","rare",10.1010101010101,129.844544620991,163.713614652634,NA,NA,"TRS"
"3104","One shore only","rare",15.1515151515152,116.260081970894,163.713614652634,NA,NA,"TRS"
"3105","One shore only","rare",20.2020202020202,106.621752333708,163.713614652634,NA,NA,"TRS"
"3106","One shore only","rare",25.2525252525253,99.1456830546976,163.713614652634,NA,NA,"TRS"
"3107","One shore only","rare",30.3030303030303,93.0372896836104,163.713614652634,NA,NA,"TRS"
"3108","One shore only","rare",35.3535353535353,87.8727166766481,163.713614652634,NA,NA,"TRS"
"3109","One shore only","rare",40.4040404040404,83.3989600464243,163.713614652634,NA,NA,"TRS"
"3110","One shore only","rare",45.4545454545455,79.4528270335132,163.713614652634,NA,NA,"TRS"
"3111","One shore only","rare",50.5050505050505,75.9228907674143,163.713614652634,NA,NA,"TRS"
"3112","One shore only","rare",55.5555555555556,72.7296749966,163.713614652634,NA,NA,"TRS"
"3113","One shore only","rare",60.6060606060606,69.8144973963271,163.713614652634,NA,NA,"TRS"
"3114","One shore only","rare",65.6565656565656,67.1327939622705,163.713614652634,NA,NA,"TRS"
"3115","One shore only","rare",70.7070707070707,64.6499243893648,163.713614652634,NA,NA,"TRS"
"3116","One shore only","rare",75.7575757575758,62.3384281173171,163.713614652634,NA,NA,"TRS"
"3117","One shore only","rare",80.8080808080808,60.176167759141,163.713614652634,NA,NA,"TRS"
"3118","One shore only","rare",85.8585858585859,58.1450363639288,163.713614652634,NA,NA,"TRS"
"3119","One shore only","rare",90.9090909090909,56.2300347462299,163.713614652634,NA,NA,"TRS"
"3120","One shore only","rare",95.959595959596,54.4185986121381,163.713614652634,NA,NA,"TRS"
"3121","One shore only","rare",101.010101010101,52.700098480131,163.713614652634,NA,NA,"TRS"
"3122","One shore only","rare",106.060606060606,51.0654617392676,163.713614652634,NA,NA,"TRS"
"3123","One shore only","rare",111.111111111111,49.5068827093168,163.713614652634,NA,NA,"TRS"
"3124","One shore only","rare",116.161616161616,48.0175972041053,163.713614652634,NA,NA,"TRS"
"3125","One shore only","rare",121.212121212121,46.5917051090439,163.713614652634,NA,NA,"TRS"
"3126","One shore only","rare",126.262626262626,45.224029201121,163.713614652634,NA,NA,"TRS"
"3127","One shore only","rare",131.313131313131,43.9100016749872,163.713614652634,NA,NA,"TRS"
"3128","One shore only","rare",136.363636363636,42.6455720961327,163.713614652634,NA,NA,"TRS"
"3129","One shore only","rare",141.414141414141,41.4271321020815,163.713614652634,NA,NA,"TRS"
"3130","One shore only","rare",146.464646464646,40.2514533228568,163.713614652634,NA,NA,"TRS"
"3131","One shore only","rare",151.515151515152,39.1156358300338,163.713614652634,NA,NA,"TRS"
"3132","One shore only","rare",156.565656565657,38.0170650417346,163.713614652634,NA,NA,"TRS"
"3133","One shore only","rare",161.616161616162,36.9533754718578,163.713614652634,NA,NA,"TRS"
"3134","One shore only","rare",166.666666666667,35.9224200592195,163.713614652634,NA,NA,"TRS"
"3135","One shore only","rare",171.717171717172,34.9222440766455,163.713614652634,NA,NA,"TRS"
"3136","One shore only","rare",176.767676767677,33.9510628230715,163.713614652634,NA,NA,"TRS"
"3137","One shore only","rare",181.818181818182,33.0072424589466,163.713614652634,NA,NA,"TRS"
"3138","One shore only","rare",186.868686868687,32.0892834679842,163.713614652634,NA,NA,"TRS"
"3139","One shore only","rare",191.919191919192,31.1958063248547,163.713614652634,NA,NA,"TRS"
"3140","One shore only","rare",196.969696969697,30.32553902489,163.713614652634,NA,NA,"TRS"
"3141","One shore only","rare",202.020202020202,29.4773061928477,163.713614652634,NA,NA,"TRS"
"3142","One shore only","rare",207.070707070707,28.6500195367102,163.713614652634,NA,NA,"TRS"
"3143","One shore only","rare",212.121212121212,27.8426694519843,163.713614652634,NA,NA,"TRS"
"3144","One shore only","rare",217.171717171717,27.0543176140212,163.713614652634,NA,NA,"TRS"
"3145","One shore only","rare",222.222222222222,26.2840904220334,163.713614652634,NA,NA,"TRS"
"3146","One shore only","rare",227.272727272727,25.5311731799366,163.713614652634,NA,NA,"TRS"
"3147","One shore only","rare",232.323232323232,24.794804916822,163.713614652634,NA,NA,"TRS"
"3148","One shore only","rare",237.373737373737,24.074273764505,163.713614652634,NA,NA,"TRS"
"3149","One shore only","rare",242.424242424242,23.3689128217605,163.713614652634,NA,NA,"TRS"
"3150","One shore only","rare",247.474747474747,22.678096445022,163.713614652634,NA,NA,"TRS"
"3151","One shore only","rare",252.525252525253,22.0012369138377,163.713614652634,NA,NA,"TRS"
"3152","One shore only","rare",257.575757575758,21.3377814265483,163.713614652634,NA,NA,"TRS"
"3153","One shore only","rare",262.626262626263,20.6872093877039,163.713614652634,NA,NA,"TRS"
"3154","One shore only","rare",267.676767676768,20.0490299538717,163.713614652634,NA,NA,"TRS"
"3155","One shore only","rare",272.727272727273,19.4227798088494,163.713614652634,NA,NA,"TRS"
"3156","One shore only","rare",277.777777777778,18.8080211430234,163.713614652634,NA,NA,"TRS"
"3157","One shore only","rare",282.828282828283,18.2043398147982,163.713614652634,NA,NA,"TRS"
"3158","One shore only","rare",287.878787878788,17.6113436747575,163.713614652634,NA,NA,"TRS"
"3159","One shore only","rare",292.929292929293,17.0286610355735,163.713614652634,NA,NA,"TRS"
"3160","One shore only","rare",297.979797979798,16.4559392727134,163.713614652634,NA,NA,"TRS"
"3161","One shore only","rare",303.030303030303,15.8928435427505,163.713614652634,NA,NA,"TRS"
"3162","One shore only","rare",308.080808080808,15.3390556076158,163.713614652634,NA,NA,"TRS"
"3163","One shore only","rare",313.131313131313,14.7942727544512,163.713614652634,NA,NA,"TRS"
"3164","One shore only","rare",318.181818181818,14.2582068018871,163.713614652634,NA,NA,"TRS"
"3165","One shore only","rare",323.232323232323,13.7305831845744,163.713614652634,NA,NA,"TRS"
"3166","One shore only","rare",328.282828282828,13.2111401086939,163.713614652634,NA,NA,"TRS"
"3167","One shore only","rare",333.333333333333,12.6996277719362,163.713614652634,NA,NA,"TRS"
"3168","One shore only","rare",338.383838383838,12.1958076421389,163.713614652634,NA,NA,"TRS"
"3169","One shore only","rare",343.434343434343,11.6994517893622,163.713614652634,NA,NA,"TRS"
"3170","One shore only","rare",348.484848484848,11.2103422667248,163.713614652634,NA,NA,"TRS"
"3171","One shore only","rare",353.535353535354,10.7282705357882,163.713614652634,NA,NA,"TRS"
"3172","One shore only","rare",358.585858585859,10.2530369326983,163.713614652634,NA,NA,"TRS"
"3173","One shore only","rare",363.636363636364,9.78445017166334,163.713614652634,NA,NA,"TRS"
"3174","One shore only","rare",368.686868686869,9.32232688267865,163.713614652634,NA,NA,"TRS"
"3175","One shore only","rare",373.737373737374,8.86649118070093,163.713614652634,NA,NA,"TRS"
"3176","One shore only","rare",378.787878787879,8.41677426374045,163.713614652634,NA,NA,"TRS"
"3177","One shore only","rare",383.838383838384,7.97301403757143,163.713614652634,NA,NA,"TRS"
"3178","One shore only","rare",388.888888888889,7.53505476497389,163.713614652634,NA,NA,"TRS"
"3179","One shore only","rare",393.939393939394,7.10274673760671,163.713614652634,NA,NA,"TRS"
"3180","One shore only","rare",398.989898989899,6.67594596878209,163.713614652634,NA,NA,"TRS"
"3181","One shore only","rare",404.040404040404,6.25451390556441,163.713614652634,NA,NA,"TRS"
"3182","One shore only","rare",409.090909090909,5.83831715875218,163.713614652634,NA,NA,"TRS"
"3183","One shore only","rare",414.141414141414,5.42722724942695,163.713614652634,NA,NA,"TRS"
"3184","One shore only","rare",419.191919191919,5.02112037086397,163.713614652634,NA,NA,"TRS"
"3185","One shore only","rare",424.242424242424,4.61987716470102,163.713614652634,NA,NA,"TRS"
"3186","One shore only","rare",429.292929292929,4.22338251035214,163.713614652634,NA,NA,"TRS"
"3187","One shore only","rare",434.343434343434,3.83152532673785,163.713614652634,NA,NA,"TRS"
"3188","One shore only","rare",439.393939393939,3.44419838547631,163.713614652634,NA,NA,"TRS"
"3189","One shore only","rare",444.444444444444,3.06129813475013,163.713614652634,NA,NA,"TRS"
"3190","One shore only","rare",449.494949494949,2.6827245331252,163.713614652634,NA,NA,"TRS"
"3191","One shore only","rare",454.545454545455,2.30838089265328,163.713614652634,NA,NA,"TRS"
"3192","One shore only","rare",459.59595959596,1.93817373064437,163.713614652634,NA,NA,"TRS"
"3193","One shore only","rare",464.646464646465,1.5720126295387,163.713614652634,NA,NA,"TRS"
"3194","One shore only","rare",469.69696969697,1.20981010435403,163.713614652634,NA,NA,"TRS"
"3195","One shore only","rare",474.747474747475,0.851481477221711,163.713614652634,NA,NA,"TRS"
"3196","One shore only","rare",479.79797979798,0.496944758561398,163.713614652634,NA,NA,"TRS"
"3197","One shore only","rare",484.848484848485,0.146120534477234,163.713614652634,NA,NA,"TRS"
"3198","One shore only","rare",489.89898989899,-0.20106814001096,163.713614652634,NA,NA,"TRS"
"3199","One shore only","rare",494.949494949495,-0.544695842261319,163.713614652634,NA,NA,"TRS"
"3200","One shore only","rare",500,-0.884834878160973,163.713614652634,NA,NA,"TRS"
"3201","One shore; 2 additional","common",0,Inf,17.7184704402115,NA,NA,"TRS"
"3202","One shore; 2 additional","common",5.05050505050505,40.0437000656328,17.7184704402115,NA,NA,"TRS"
"3203","One shore; 2 additional","common",10.1010101010101,25.6658775798741,17.7184704402115,NA,NA,"TRS"
"3204","One shore; 2 additional","common",15.1515151515152,19.785825973772,17.7184704402115,NA,NA,"TRS"
"3205","One shore; 2 additional","common",20.2020202020202,16.4504596444733,17.7184704402115,NA,NA,"TRS"
"3206","One shore; 2 additional","common",25.2525252525253,14.2557012486392,17.7184704402115,NA,NA,"TRS"
"3207","One shore; 2 additional","common",30.3030303030303,12.6816599471875,17.7184704402115,NA,NA,"TRS"
"3208","One shore; 2 additional","common",35.3535353535353,11.4872153372483,17.7184704402115,NA,NA,"TRS"
"3209","One shore; 2 additional","common",40.4040404040404,10.5438678912211,17.7184704402115,NA,NA,"TRS"
"3210","One shore; 2 additional","common",45.4545454545455,9.77629212142594,17.7184704402115,NA,NA,"TRS"
"3211","One shore; 2 additional","common",50.5050505050505,9.13714473095983,17.7184704402115,NA,NA,"TRS"
"3212","One shore; 2 additional","common",55.5555555555556,8.59503871485112,17.7184704402115,NA,NA,"TRS"
"3213","One shore; 2 additional","common",60.6060606060606,8.12826814656556,17.7184704402115,NA,NA,"TRS"
"3214","One shore; 2 additional","common",65.6565656565656,7.7212987255583,17.7184704402115,NA,NA,"TRS"
"3215","One shore; 2 additional","common",70.7070707070707,7.36269281051033,17.7184704402115,NA,NA,"TRS"
"3216","One shore; 2 additional","common",75.7575757575758,7.04382521039147,17.7184704402115,NA,NA,"TRS"
"3217","One shore; 2 additional","common",80.8080808080808,6.75805737409121,17.7184704402115,NA,NA,"TRS"
"3218","One shore; 2 additional","common",85.8585858585859,6.50018879393194,17.7184704402115,NA,NA,"TRS"
"3219","One shore; 2 additional","common",90.9090909090909,6.26608221423959,17.7184704402115,NA,NA,"TRS"
"3220","One shore; 2 additional","common",95.959595959596,6.05240126187104,17.7184704402115,NA,NA,"TRS"
"3221","One shore; 2 additional","common",101.010101010101,5.85642280084093,17.7184704402115,NA,NA,"TRS"
"3222","One shore; 2 additional","common",106.060606060606,5.67590015941367,17.7184704402115,NA,NA,"TRS"
"3223","One shore; 2 additional","common",111.111111111111,5.50896173650485,17.7184704402115,NA,NA,"TRS"
"3224","One shore; 2 additional","common",116.161616161616,5.3540346853573,17.7184704402115,NA,NA,"TRS"
"3225","One shore; 2 additional","common",121.212121212121,5.20978667915826,17.7184704402115,NA,NA,"TRS"
"3226","One shore; 2 additional","common",126.262626262626,5.07508091803108,17.7184704402115,NA,NA,"TRS"
"3227","One shore; 2 additional","common",131.313131313131,4.94894097006532,17.7184704402115,NA,NA,"TRS"
"3228","One shore; 2 additional","common",136.363636363636,4.83052301026756,17.7184704402115,NA,NA,"TRS"
"3229","One shore; 2 additional","common",141.414141414141,4.71909369071915,17.7184704402115,NA,NA,"TRS"
"3230","One shore; 2 additional","common",146.464646464646,4.61401234383271,17.7184704402115,NA,NA,"TRS"
"3231","One shore; 2 additional","common",151.515151515152,4.51471655335609,17.7184704402115,NA,NA,"TRS"
"3232","One shore; 2 additional","common",156.565656565657,4.42071036719695,17.7184704402115,NA,NA,"TRS"
"3233","One shore; 2 additional","common",161.616161616162,4.3315546005214,17.7184704402115,NA,NA,"TRS"
"3234","One shore; 2 additional","common",166.666666666667,4.246858806033,17.7184704402115,NA,NA,"TRS"
"3235","One shore; 2 additional","common",171.717171717172,4.1662745839591,17.7184704402115,NA,NA,"TRS"
"3236","One shore; 2 additional","common",176.767676767677,4.08948997615586,17.7184704402115,NA,NA,"TRS"
"3237","One shore; 2 additional","common",181.818181818182,4.01622474328057,17.7184704402115,NA,NA,"TRS"
"3238","One shore; 2 additional","common",186.868686868687,3.94622636571443,17.7184704402115,NA,NA,"TRS"
"3239","One shore; 2 additional","common",191.919191919192,3.87926664111586,17.7184704402115,NA,NA,"TRS"
"3240","One shore; 2 additional","common",196.969696969697,3.8151387765118,17.7184704402115,NA,NA,"TRS"
"3241","One shore; 2 additional","common",202.020202020202,3.75365489243013,17.7184704402115,NA,NA,"TRS"
"3242","One shore; 2 additional","common",207.070707070707,3.69464387202226,17.7184704402115,NA,NA,"TRS"
"3243","One shore; 2 additional","common",212.121212121212,3.6379495003791,17.7184704402115,NA,NA,"TRS"
"3244","One shore; 2 additional","common",217.171717171717,3.5834288490238,17.7184704402115,NA,NA,"TRS"
"3245","One shore; 2 additional","common",222.222222222222,3.53095086841621,17.7184704402115,NA,NA,"TRS"
"3246","One shore; 2 additional","common",227.272727272727,3.48039515764141,17.7184704402115,NA,NA,"TRS"
"3247","One shore; 2 additional","common",232.323232323232,3.43165088559628,17.7184704402115,NA,NA,"TRS"
"3248","One shore; 2 additional","common",237.373737373737,3.38461584218137,17.7184704402115,NA,NA,"TRS"
"3249","One shore; 2 additional","common",242.424242424242,3.33919560143979,17.7184704402115,NA,NA,"TRS"
"3250","One shore; 2 additional","common",247.474747474747,3.2953027814121,17.7184704402115,NA,NA,"TRS"
"3251","One shore; 2 additional","common",252.525252525253,3.25285638781249,17.7184704402115,NA,NA,"TRS"
"3252","One shore; 2 additional","common",257.575757575758,3.21178123057065,17.7184704402115,NA,NA,"TRS"
"3253","One shore; 2 additional","common",262.626262626263,3.17200740389955,17.7184704402115,NA,NA,"TRS"
"3254","One shore; 2 additional","common",267.676767676768,3.13346982190069,17.7184704402115,NA,NA,"TRS"
"3255","One shore; 2 additional","common",272.727272727273,3.09610780285254,17.7184704402115,NA,NA,"TRS"
"3256","One shore; 2 additional","common",277.777777777778,3.05986469628376,17.7184704402115,NA,NA,"TRS"
"3257","One shore; 2 additional","common",282.828282828283,3.02468754773999,17.7184704402115,NA,NA,"TRS"
"3258","One shore; 2 additional","common",287.878787878788,2.990526796838,17.7184704402115,NA,NA,"TRS"
"3259","One shore; 2 additional","common",292.929292929293,2.95733600478328,17.7184704402115,NA,NA,"TRS"
"3260","One shore; 2 additional","common",297.979797979798,2.925071608024,17.7184704402115,NA,NA,"TRS"
"3261","One shore; 2 additional","common",303.030303030303,2.89369269513925,17.7184704402115,NA,NA,"TRS"
"3262","One shore; 2 additional","common",308.080808080808,2.86316080442427,17.7184704402115,NA,NA,"TRS"
"3263","One shore; 2 additional","common",313.131313131313,2.83343973994888,17.7184704402115,NA,NA,"TRS"
"3264","One shore; 2 additional","common",318.181818181818,2.8044954041359,17.7184704402115,NA,NA,"TRS"
"3265","One shore; 2 additional","common",323.232323232323,2.77629564514036,17.7184704402115,NA,NA,"TRS"
"3266","One shore; 2 additional","common",328.282828282828,2.74881011751276,17.7184704402115,NA,NA,"TRS"
"3267","One shore; 2 additional","common",333.333333333333,2.72201015480589,17.7184704402115,NA,NA,"TRS"
"3268","One shore; 2 additional","common",338.383838383838,2.6958686529381,17.7184704402115,NA,NA,"TRS"
"3269","One shore; 2 additional","common",343.434343434343,2.67035996325944,17.7184704402115,NA,NA,"TRS"
"3270","One shore; 2 additional","common",348.484848484848,2.64545979438437,17.7184704402115,NA,NA,"TRS"
"3271","One shore; 2 additional","common",353.535353535354,2.62114512195691,17.7184704402115,NA,NA,"TRS"
"3272","One shore; 2 additional","common",358.585858585859,2.59739410560442,17.7184704402115,NA,NA,"TRS"
"3273","One shore; 2 additional","common",363.636363636364,2.57418601241518,17.7184704402115,NA,NA,"TRS"
"3274","One shore; 2 additional","common",368.686868686869,2.5515011463446,17.7184704402115,NA,NA,"TRS"
"3275","One shore; 2 additional","common",373.737373737374,2.52932078301685,17.7184704402115,NA,NA,"TRS"
"3276","One shore; 2 additional","common",378.787878787879,2.50762710944272,17.7184704402115,NA,NA,"TRS"
"3277","One shore; 2 additional","common",383.838383838384,2.48640316822321,17.7184704402115,NA,NA,"TRS"
"3278","One shore; 2 additional","common",388.888888888889,2.46563280585096,17.7184704402115,NA,NA,"TRS"
"3279","One shore; 2 additional","common",393.939393939394,2.44530062475972,17.7184704402115,NA,NA,"TRS"
"3280","One shore; 2 additional","common",398.989898989899,2.4253919388061,17.7184704402115,NA,NA,"TRS"
"3281","One shore; 2 additional","common",404.040404040404,2.40589273189795,17.7184704402115,NA,NA,"TRS"
"3282","One shore; 2 additional","common",409.090909090909,2.38678961951077,17.7184704402115,NA,NA,"TRS"
"3283","One shore; 2 additional","common",414.141414141414,2.36806981285777,17.7184704402115,NA,NA,"TRS"
"3284","One shore; 2 additional","common",419.191919191919,2.3497210855007,17.7184704402115,NA,NA,"TRS"
"3285","One shore; 2 additional","common",424.242424242424,2.33173174220805,17.7184704402115,NA,NA,"TRS"
"3286","One shore; 2 additional","common",429.292929292929,2.3140905898847,17.7184704402115,NA,NA,"TRS"
"3287","One shore; 2 additional","common",434.343434343434,2.29678691041262,17.7184704402115,NA,NA,"TRS"
"3288","One shore; 2 additional","common",439.393939393939,2.27981043525647,17.7184704402115,NA,NA,"TRS"
"3289","One shore; 2 additional","common",444.444444444444,2.26315132170064,17.7184704402115,NA,NA,"TRS"
"3290","One shore; 2 additional","common",449.494949494949,2.24680013059568,17.7184704402115,NA,NA,"TRS"
"3291","One shore; 2 additional","common",454.545454545455,2.23074780550251,17.7184704402115,NA,NA,"TRS"
"3292","One shore; 2 additional","common",459.59595959596,2.21498565313228,17.7184704402115,NA,NA,"TRS"
"3293","One shore; 2 additional","common",464.646464646465,2.19950532498798,17.7184704402115,NA,NA,"TRS"
"3294","One shore; 2 additional","common",469.69696969697,2.18429880012203,17.7184704402115,NA,NA,"TRS"
"3295","One shore; 2 additional","common",474.747474747475,2.16935836893066,17.7184704402115,NA,NA,"TRS"
"3296","One shore; 2 additional","common",479.79797979798,2.15467661791251,17.7184704402115,NA,NA,"TRS"
"3297","One shore; 2 additional","common",484.848484848485,2.14024641532469,17.7184704402115,NA,NA,"TRS"
"3298","One shore; 2 additional","common",489.89898989899,2.12606089767468,17.7184704402115,NA,NA,"TRS"
"3299","One shore; 2 additional","common",494.949494949495,2.11211345699118,17.7184704402115,NA,NA,"TRS"
"3300","One shore; 2 additional","common",500,2.09839772882192,17.7184704402115,NA,NA,"TRS"
"3301","One shore; 2 additional","rare",0,147.702337989063,140.088545479356,NA,NA,"TRS"
"3302","One shore; 2 additional","rare",5.05050505050505,139.963109066872,140.088545479356,NA,NA,"TRS"
"3303","One shore; 2 additional","rare",10.1010101010101,132.629396165114,140.088545479356,NA,NA,"TRS"
"3304","One shore; 2 additional","rare",15.1515151515152,125.679951270004,140.088545479356,NA,NA,"TRS"
"3305","One shore; 2 additional","rare",20.2020202020202,119.094639709936,140.088545479356,NA,NA,"TRS"
"3306","One shore; 2 additional","rare",25.2525252525253,112.854381819168,140.088545479356,NA,NA,"TRS"
"3307","One shore; 2 additional","rare",30.3030303030303,106.941097658184,140.088545479356,NA,NA,"TRS"
"3308","One shore; 2 additional","rare",35.3535353535353,101.33765463057,140.088545479356,NA,NA,"TRS"
"3309","One shore; 2 additional","rare",40.4040404040404,96.0278178446276,140.088545479356,NA,NA,"TRS"
"3310","One shore; 2 additional","rare",45.4545454545455,90.9962030759221,140.088545479356,NA,NA,"TRS"
"3311","One shore; 2 additional","rare",50.5050505050505,86.2282321944662,140.088545479356,NA,NA,"TRS"
"3312","One shore; 2 additional","rare",55.5555555555556,81.7100909274113,140.088545479356,NA,NA,"TRS"
"3313","One shore; 2 additional","rare",60.6060606060606,77.4286888348651,140.088545479356,NA,NA,"TRS"
"3314","One shore; 2 additional","rare",65.6565656565656,73.3716213828756,140.088545479356,NA,NA,"TRS"
"3315","One shore; 2 additional","rare",70.7070707070707,69.5271340036948,140.088545479356,NA,NA,"TRS"
"3316","One shore; 2 additional","rare",75.7575757575758,65.8840880391932,140.088545479356,NA,NA,"TRS"
"3317","One shore; 2 additional","rare",80.8080808080808,62.4319284687543,140.088545479356,NA,NA,"TRS"
"3318","One shore; 2 additional","rare",85.8585858585859,59.1606533281443,140.088545479356,NA,NA,"TRS"
"3319","One shore; 2 additional","rare",90.9090909090909,56.0607847307574,140.088545479356,NA,NA,"TRS"
"3320","One shore; 2 additional","rare",95.959595959596,53.1233414072727,140.088545479356,NA,NA,"TRS"
"3321","One shore; 2 additional","rare",101.010101010101,50.3398126841656,140.088545479356,NA,NA,"TRS"
"3322","One shore; 2 additional","rare",106.060606060606,47.7021338256775,140.088545479356,NA,NA,"TRS"
"3323","One shore; 2 additional","rare",111.111111111111,45.2026626678054,140.088545479356,NA,NA,"TRS"
"3324","One shore; 2 additional","rare",116.161616161616,42.8341574766103,140.088545479356,NA,NA,"TRS"
"3325","One shore; 2 additional","rare",121.212121212121,40.5897559666948,140.088545479356,NA,NA,"TRS"
"3326","One shore; 2 additional","rare",126.262626262626,38.4629554190595,140.088545479356,NA,NA,"TRS"
"3327","One shore; 2 additional","rare",131.313131313131,36.447593840733,140.088545479356,NA,NA,"TRS"
"3328","One shore; 2 additional","rare",136.363636363636,34.5378321115897,140.088545479356,NA,NA,"TRS"
"3329","One shore; 2 additional","rare",141.414141414141,32.7281370666297,140.088545479356,NA,NA,"TRS"
"3330","One shore; 2 additional","rare",146.464646464646,31.0132654647037,140.088545479356,NA,NA,"TRS"
"3331","One shore; 2 additional","rare",151.515151515152,29.3882487972369,140.088545479356,NA,NA,"TRS"
"3332","One shore; 2 additional","rare",156.565656565657,27.8483788929366,140.088545479356,NA,NA,"TRS"
"3333","One shore; 2 additional","rare",161.616161616162,26.3891942767775,140.088545479356,NA,NA,"TRS"
"3334","One shore; 2 additional","rare",166.666666666667,25.006467243741,140.088545479356,NA,NA,"TRS"
"3335","One shore; 2 additional","rare",171.717171717172,23.6961916098581,140.088545479356,NA,NA,"TRS"
"3336","One shore; 2 additional","rare",176.767676767677,22.454571105067,140.088545479356,NA,NA,"TRS"
"3337","One shore; 2 additional","rare",181.818181818182,21.2780083742549,140.088545479356,NA,NA,"TRS"
"3338","One shore; 2 additional","rare",186.868686868687,20.1630945546181,140.088545479356,NA,NA,"TRS"
"3339","One shore; 2 additional","rare",191.919191919192,19.1065993991417,140.088545479356,NA,NA,"TRS"
"3340","One shore; 2 additional","rare",196.969696969697,18.1054619175839,140.088545479356,NA,NA,"TRS"
"3341","One shore; 2 additional","rare",202.020202020202,17.1567815078494,140.088545479356,NA,NA,"TRS"
"3342","One shore; 2 additional","rare",207.070707070707,16.2578095520561,140.088545479356,NA,NA,"TRS"
"3343","One shore; 2 additional","rare",212.121212121212,15.4059414529467,140.088545479356,NA,NA,"TRS"
"3344","One shore; 2 additional","rare",217.171717171717,14.5987090875723,140.088545479356,NA,NA,"TRS"
"3345","One shore; 2 additional","rare",222.222222222222,13.8337736563838,140.088545479356,NA,NA,"TRS"
"3346","One shore; 2 additional","rare",227.272727272727,13.1089189070131,140.088545479356,NA,NA,"TRS"
"3347","One shore; 2 additional","rare",232.323232323232,12.4220447131101,140.088545479356,NA,NA,"TRS"
"3348","One shore; 2 additional","rare",237.373737373737,11.7711609896339,140.088545479356,NA,NA,"TRS"
"3349","One shore; 2 additional","rare",242.424242424242,11.154381926966,140.088545479356,NA,NA,"TRS"
"3350","One shore; 2 additional","rare",247.474747474747,10.5699205271421,140.088545479356,NA,NA,"TRS"
"3351","One shore; 2 additional","rare",252.525252525253,10.0160834263714,140.088545479356,NA,NA,"TRS"
"3352","One shore; 2 additional","rare",257.575757575758,9.49126598884238,140.088545479356,NA,NA,"TRS"
"3353","One shore; 2 additional","rare",262.626262626263,8.99394765760173,140.088545479356,NA,NA,"TRS"
"3354","One shore; 2 additional","rare",267.676767676768,8.52268754903429,140.088545479356,NA,NA,"TRS"
"3355","One shore; 2 additional","rare",272.727272727273,8.07612027818193,140.088545479356,NA,NA,"TRS"
"3356","One shore; 2 additional","rare",277.777777777778,7.65295200280478,140.088545479356,NA,NA,"TRS"
"3357","One shore; 2 additional","rare",282.828282828283,7.2519566747238,140.088545479356,NA,NA,"TRS"
"3358","One shore; 2 additional","rare",287.878787878788,6.87197248758344,140.088545479356,NA,NA,"TRS"
"3359","One shore; 2 additional","rare",292.929292929293,6.5118985107426,140.088545479356,NA,NA,"TRS"
"3360","One shore; 2 additional","rare",297.979797979798,6.17069149954114,140.088545479356,NA,NA,"TRS"
"3361","One shore; 2 additional","rare",303.030303030303,5.84736287270039,140.088545479356,NA,NA,"TRS"
"3362","One shore; 2 additional","rare",308.080808080808,5.54097584810025,140.088545479356,NA,NA,"TRS"
"3363","One shore; 2 additional","rare",313.131313131313,5.25064272863427,140.088545479356,NA,NA,"TRS"
"3364","One shore; 2 additional","rare",318.181818181818,4.97552233027909,140.088545479356,NA,NA,"TRS"
"3365","One shore; 2 additional","rare",323.232323232323,4.71481754492655,140.088545479356,NA,NA,"TRS"
"3366","One shore; 2 additional","rare",328.282828282828,4.4677730309172,140.088545479356,NA,NA,"TRS"
"3367","One shore; 2 additional","rare",333.333333333333,4.23367302458404,140.088545479356,NA,NA,"TRS"
"3368","One shore; 2 additional","rare",338.383838383838,4.0118392664658,140.088545479356,NA,NA,"TRS"
"3369","One shore; 2 additional","rare",343.434343434343,3.80162903618146,140.088545479356,NA,NA,"TRS"
"3370","One shore; 2 additional","rare",348.484848484848,3.60243329027229,140.088545479356,NA,NA,"TRS"
"3371","One shore; 2 additional","rare",353.535353535354,3.41367489761634,140.088545479356,NA,NA,"TRS"
"3372","One shore; 2 additional","rare",358.585858585859,3.23480696730268,140.088545479356,NA,NA,"TRS"
"3373","One shore; 2 additional","rare",363.636363636364,3.06531126412085,140.088545479356,NA,NA,"TRS"
"3374","One shore; 2 additional","rare",368.686868686869,2.90469670707463,140.088545479356,NA,NA,"TRS"
"3375","One shore; 2 additional","rare",373.737373737374,2.75249794656989,140.088545479356,NA,NA,"TRS"
"3376","One shore; 2 additional","rare",378.787878787879,2.60827401615422,140.088545479356,NA,NA,"TRS"
"3377","One shore; 2 additional","rare",383.838383838384,2.47160705490194,140.088545479356,NA,NA,"TRS"
"3378","One shore; 2 additional","rare",388.888888888889,2.342101096743,140.088545479356,NA,NA,"TRS"
"3379","One shore; 2 additional","rare",393.939393939394,2.21938092322785,140.088545479356,NA,NA,"TRS"
"3380","One shore; 2 additional","rare",398.989898989899,2.10309097640468,140.088545479356,NA,NA,"TRS"
"3381","One shore; 2 additional","rare",404.040404040404,1.99289432865902,140.088545479356,NA,NA,"TRS"
"3382","One shore; 2 additional","rare",409.090909090909,1.88847170653118,140.088545479356,NA,NA,"TRS"
"3383","One shore; 2 additional","rare",414.141414141414,1.78952056568324,140.088545479356,NA,NA,"TRS"
"3384","One shore; 2 additional","rare",419.191919191919,1.69575421433531,140.088545479356,NA,NA,"TRS"
"3385","One shore; 2 additional","rare",424.242424242424,1.60690098263166,140.088545479356,NA,NA,"TRS"
"3386","One shore; 2 additional","rare",429.292929292929,1.52270343552986,140.088545479356,NA,NA,"TRS"
"3387","One shore; 2 additional","rare",434.343434343434,1.44291762693253,140.088545479356,NA,NA,"TRS"
"3388","One shore; 2 additional","rare",439.393939393939,1.3673123929008,140.088545479356,NA,NA,"TRS"
"3389","One shore; 2 additional","rare",444.444444444444,1.2956686819015,140.088545479356,NA,NA,"TRS"
"3390","One shore; 2 additional","rare",449.494949494949,1.22777892014774,140.088545479356,NA,NA,"TRS"
"3391","One shore; 2 additional","rare",454.545454545455,1.16344641019405,140.088545479356,NA,NA,"TRS"
"3392","One shore; 2 additional","rare",459.59595959596,1.10248476104358,140.088545479356,NA,NA,"TRS"
"3393","One shore; 2 additional","rare",464.646464646465,1.04471734811627,140.088545479356,NA,NA,"TRS"
"3394","One shore; 2 additional","rare",469.69696969697,0.989976801513301,140.088545479356,NA,NA,"TRS"
"3395","One shore; 2 additional","rare",474.747474747475,0.938104521095249,140.088545479356,NA,NA,"TRS"
"3396","One shore; 2 additional","rare",479.79797979798,0.888950216968819,140.088545479356,NA,NA,"TRS"
"3397","One shore; 2 additional","rare",484.848484848485,0.842371474050998,140.088545479356,NA,NA,"TRS"
"3398","One shore; 2 additional","rare",489.89898989899,0.798233339448907,140.088545479356,NA,NA,"TRS"
"3399","One shore; 2 additional","rare",494.949494949495,0.756407931459914,140.088545479356,NA,NA,"TRS"
"3400","One shore; 2 additional","rare",500,0.716774069059148,140.088545479356,NA,NA,"TRS"
"3401","One shore; one middle","common",0,Inf,15.827228647433,NA,NA,"TRS"
"3402","One shore; one middle","common",5.05050505050505,36.2884409645997,15.827228647433,NA,NA,"TRS"
"3403","One shore; one middle","common",10.1010101010101,23.6408065369997,15.827228647433,NA,NA,"TRS"
"3404","One shore; one middle","common",15.1515151515152,18.399128195527,15.827228647433,NA,NA,"TRS"
"3405","One shore; one middle","common",20.2020202020202,15.4012605354156,15.827228647433,NA,NA,"TRS"
"3406","One shore; one middle","common",25.2525252525253,13.4166320909691,15.827228647433,NA,NA,"TRS"
"3407","One shore; one middle","common",30.3030303030303,11.9864678271583,15.827228647433,NA,NA,"TRS"
"3408","One shore; one middle","common",35.3535353535353,10.8968922192673,15.827228647433,NA,NA,"TRS"
"3409","One shore; one middle","common",40.4040404040404,10.0334489734313,15.827228647433,NA,NA,"TRS"
"3410","One shore; one middle","common",45.4545454545455,9.32880855051551,15.827228647433,NA,NA,"TRS"
"3411","One shore; one middle","common",50.5050505050505,8.74052439866786,15.827228647433,NA,NA,"TRS"
"3412","One shore; one middle","common",55.5555555555556,8.24038031030322,15.827228647433,NA,NA,"TRS"
"3413","One shore; one middle","common",60.6060606060606,7.80881623545787,15.827228647433,NA,NA,"TRS"
"3414","One shore; one middle","common",65.6565656565656,7.4318031409681,15.827228647433,NA,NA,"TRS"
"3415","One shore; one middle","common",70.7070707070707,7.09899113774387,15.827228647433,NA,NA,"TRS"
"3416","One shore; one middle","common",75.7575757575758,6.80256101480838,15.827228647433,NA,NA,"TRS"
"3417","One shore; one middle","common",80.8080808080808,6.53648433976929,15.827228647433,NA,NA,"TRS"
"3418","One shore; one middle","common",85.8585858585859,6.29603108581908,15.827228647433,NA,NA,"TRS"
"3419","One shore; one middle","common",90.9090909090909,6.07743271138565,15.827228647433,NA,NA,"TRS"
"3420","One shore; one middle","common",95.959595959596,5.87764594818288,15.827228647433,NA,NA,"TRS"
"3421","One shore; one middle","common",101.010101010101,5.69418362564564,15.827228647433,NA,NA,"TRS"
"3422","One shore; one middle","common",106.060606060606,5.52499119680356,15.827228647433,NA,NA,"TRS"
"3423","One shore; one middle","common",111.111111111111,5.36835508853139,15.827228647433,NA,NA,"TRS"
"3424","One shore; one middle","common",116.161616161616,5.2228336370178,15.827228647433,NA,NA,"TRS"
"3425","One shore; one middle","common",121.212121212121,5.08720432728235,15.827228647433,NA,NA,"TRS"
"3426","One shore; one middle","common",126.262626262626,4.96042298538045,15.827228647433,NA,NA,"TRS"
"3427","One shore; one middle","common",131.313131313131,4.84159185697967,15.827228647433,NA,NA,"TRS"
"3428","One shore; one middle","common",136.363636363636,4.72993437772385,15.827228647433,NA,NA,"TRS"
"3429","One shore; one middle","common",141.414141414141,4.62477504225096,15.827228647433,NA,NA,"TRS"
"3430","One shore; one middle","common",146.464646464646,4.52552320017743,15.827228647433,NA,NA,"TRS"
"3431","One shore; one middle","common",151.515151515152,4.43165990691369,15.827228647433,NA,NA,"TRS"
"3432","One shore; one middle","common",156.565656565657,4.34272717290138,15.827228647433,NA,NA,"TRS"
"3433","One shore; one middle","common",161.616161616162,4.25831911212057,15.827228647433,NA,NA,"TRS"
"3434","One shore; one middle","common",166.666666666667,4.17807460665147,15.827228647433,NA,NA,"TRS"
"3435","One shore; one middle","common",171.717171717172,4.10167119044836,15.827228647433,NA,NA,"TRS"
"3436","One shore; one middle","common",176.767676767677,4.02881992046653,15.827228647433,NA,NA,"TRS"
"3437","One shore; one middle","common",181.818181818182,3.9592610526217,15.827228647433,NA,NA,"TRS"
"3438","One shore; one middle","common",186.868686868687,3.89276037784569,15.827228647433,NA,NA,"TRS"
"3439","One shore; one middle","common",191.919191919192,3.82910610267118,15.827228647433,NA,NA,"TRS"
"3440","One shore; one middle","common",196.969696969697,3.7681061814693,15.827228647433,NA,NA,"TRS"
"3441","One shore; one middle","common",202.020202020202,3.70958602524039,15.827228647433,NA,NA,"TRS"
"3442","One shore; one middle","common",207.070707070707,3.65338652588072,15.827228647433,NA,NA,"TRS"
"3443","One shore; one middle","common",212.121212121212,3.59936234597892,15.827228647433,NA,NA,"TRS"
"3444","One shore; one middle","common",217.171717171717,3.54738043308565,15.827228647433,NA,NA,"TRS"
"3445","One shore; one middle","common",222.222222222222,3.49731872454081,15.827228647433,NA,NA,"TRS"
"3446","One shore; one middle","common",227.272727272727,3.44906501470954,15.827228647433,NA,NA,"TRS"
"3447","One shore; one middle","common",232.323232323232,3.40251596116025,15.827228647433,NA,NA,"TRS"
"3448","One shore; one middle","common",237.373737373737,3.35757621013765,15.827228647433,NA,NA,"TRS"
"3449","One shore; one middle","common",242.424242424242,3.31415762481479,15.827228647433,NA,NA,"TRS"
"3450","One shore; one middle","common",247.474747474747,3.27217860238647,15.827228647433,NA,NA,"TRS"
"3451","One shore; one middle","common",252.525252525253,3.23156346819815,15.827228647433,NA,NA,"TRS"
"3452","One shore; one middle","common",257.575757575758,3.192241936875,15.827228647433,NA,NA,"TRS"
"3453","One shore; one middle","common",262.626262626263,3.15414863189155,15.827228647433,NA,NA,"TRS"
"3454","One shore; one middle","common",267.676767676768,3.11722265625709,15.827228647433,NA,NA,"TRS"
"3455","One shore; one middle","common",272.727272727273,3.08140720802958,15.827228647433,NA,NA,"TRS"
"3456","One shore; one middle","common",277.777777777778,3.04664923524426,15.827228647433,NA,NA,"TRS"
"3457","One shore; one middle","common",282.828282828283,3.01289912558263,15.827228647433,NA,NA,"TRS"
"3458","One shore; one middle","common",287.878787878788,2.98011042673432,15.827228647433,NA,NA,"TRS"
"3459","One shore; one middle","common",292.929292929293,2.94823959393755,15.827228647433,NA,NA,"TRS"
"3460","One shore; one middle","common",297.979797979798,2.91724576163948,15.827228647433,NA,NA,"TRS"
"3461","One shore; one middle","common",303.030303030303,2.88709053660719,15.827228647433,NA,NA,"TRS"
"3462","One shore; one middle","common",308.080808080808,2.85773781015458,15.827228647433,NA,NA,"TRS"
"3463","One shore; one middle","common",313.131313131313,2.8291535874381,15.827228647433,NA,NA,"TRS"
"3464","One shore; one middle","common",318.181818181818,2.80130583202275,15.827228647433,NA,NA,"TRS"
"3465","One shore; one middle","common",323.232323232323,2.77416432413442,15.827228647433,NA,NA,"TRS"
"3466","One shore; one middle","common",328.282828282828,2.74770053120075,15.827228647433,NA,NA,"TRS"
"3467","One shore; one middle","common",333.333333333333,2.72188748944475,15.827228647433,NA,NA,"TRS"
"3468","One shore; one middle","common",338.383838383838,2.69669969543614,15.827228647433,NA,NA,"TRS"
"3469","One shore; one middle","common",343.434343434343,2.67211300662843,15.827228647433,NA,NA,"TRS"
"3470","One shore; one middle","common",348.484848484848,2.64810455001758,15.827228647433,NA,NA,"TRS"
"3471","One shore; one middle","common",353.535353535354,2.624652638152,15.827228647433,NA,NA,"TRS"
"3472","One shore; one middle","common",358.585858585859,2.60173669180702,15.827228647433,NA,NA,"TRS"
"3473","One shore; one middle","common",363.636363636364,2.57933716870936,15.827228647433,NA,NA,"TRS"
"3474","One shore; one middle","common",368.686868686869,2.55743549776173,15.827228647433,NA,NA,"TRS"
"3475","One shore; one middle","common",373.737373737374,2.53601401827439,15.827228647433,NA,NA,"TRS"
"3476","One shore; one middle","common",378.787878787879,2.5150559237606,15.827228647433,NA,NA,"TRS"
"3477","One shore; one middle","common",383.838383838384,2.4945452098976,15.827228647433,NA,NA,"TRS"
"3478","One shore; one middle","common",388.888888888889,2.47446662629412,15.827228647433,NA,NA,"TRS"
"3479","One shore; one middle","common",393.939393939394,2.45480563174067,15.827228647433,NA,NA,"TRS"
"3480","One shore; one middle","common",398.989898989899,2.43554835265012,15.827228647433,NA,NA,"TRS"
"3481","One shore; one middle","common",404.040404040404,2.41668154442393,15.827228647433,NA,NA,"TRS"
"3482","One shore; one middle","common",409.090909090909,2.3981925555046,15.827228647433,NA,NA,"TRS"
"3483","One shore; one middle","common",414.141414141414,2.38006929389672,15.827228647433,NA,NA,"TRS"
"3484","One shore; one middle","common",419.191919191919,2.36230019595963,15.827228647433,NA,NA,"TRS"
"3485","One shore; one middle","common",424.242424242424,2.34487419729214,15.827228647433,NA,NA,"TRS"
"3486","One shore; one middle","common",429.292929292929,2.32778070554597,15.827228647433,NA,NA,"TRS"
"3487","One shore; one middle","common",434.343434343434,2.31100957501939,15.827228647433,NA,NA,"TRS"
"3488","One shore; one middle","common",439.393939393939,2.29455108289506,15.827228647433,NA,NA,"TRS"
"3489","One shore; one middle","common",444.444444444444,2.27839590699836,15.827228647433,NA,NA,"TRS"
"3490","One shore; one middle","common",449.494949494949,2.26253510496276,15.827228647433,NA,NA,"TRS"
"3491","One shore; one middle","common",454.545454545455,2.24696009469862,15.827228647433,NA,NA,"TRS"
"3492","One shore; one middle","common",459.59595959596,2.23166263607034,15.827228647433,NA,NA,"TRS"
"3493","One shore; one middle","common",464.646464646465,2.21663481369488,15.827228647433,NA,NA,"TRS"
"3494","One shore; one middle","common",469.69696969697,2.20186902078151,15.827228647433,NA,NA,"TRS"
"3495","One shore; one middle","common",474.747474747475,2.1873579439395,15.827228647433,NA,NA,"TRS"
"3496","One shore; one middle","common",479.79797979798,2.17309454888605,15.827228647433,NA,NA,"TRS"
"3497","One shore; one middle","common",484.848484848485,2.15907206699237,15.827228647433,NA,NA,"TRS"
"3498","One shore; one middle","common",489.89898989899,2.14528398261049,15.827228647433,NA,NA,"TRS"
"3499","One shore; one middle","common",494.949494949495,2.13172402112816,15.827228647433,NA,NA,"TRS"
"3500","One shore; one middle","common",500,2.11838613770285,15.827228647433,NA,NA,"TRS"
"3501","One shore; one middle","rare",0,Inf,176.538501473054,NA,NA,"TRS"
"3502","One shore; one middle","rare",5.05050505050505,151.982290472697,176.295556529186,NA,NA,"TRS"
"3503","One shore; one middle","rare",10.1010101010101,128.588699911662,176.295556529186,NA,NA,"TRS"
"3504","One shore; one middle","rare",15.1515151515152,114.904326676232,176.295556529186,NA,NA,"TRS"
"3505","One shore; one middle","rare",20.2020202020202,105.195109350627,176.295556529186,NA,NA,"TRS"
"3506","One shore; one middle","rare",25.2525252525253,97.6640553087375,176.295556529186,NA,NA,"TRS"
"3507","One shore; one middle","rare",30.3030303030303,91.5107361151965,176.295556529186,NA,NA,"TRS"
"3508","One shore; one middle","rare",35.3535353535353,86.3081788665744,176.295556529186,NA,NA,"TRS"
"3509","One shore; one middle","rare",40.4040404040404,81.8015187895912,176.295556529186,NA,NA,"TRS"
"3510","One shore; one middle","rare",45.4545454545455,77.8263628797664,176.295556529186,NA,NA,"TRS"
"3511","One shore; one middle","rare",50.5050505050505,74.2704647477021,176.295556529186,NA,NA,"TRS"
"3512","One shore; one middle","rare",55.5555555555556,71.0537636123965,176.295556529186,NA,NA,"TRS"
"3513","One shore; one middle","rare",60.6060606060606,68.1171455541611,176.295556529186,NA,NA,"TRS"
"3514","One shore; one middle","rare",65.6565656565656,65.4157188107115,176.295556529186,NA,NA,"TRS"
"3515","One shore; one middle","rare",70.7070707070707,62.914588305539,176.295556529186,NA,NA,"TRS"
"3516","One shore; one middle","rare",75.7575757575758,60.586091512272,176.295556529186,NA,NA,"TRS"
"3517","One shore; one middle","rare",80.8080808080808,58.4079282285558,176.295556529186,NA,NA,"TRS"
"3518","One shore; one middle","rare",85.8585858585859,56.3618583310405,176.295556529186,NA,NA,"TRS"
"3519","One shore; one middle","rare",90.9090909090909,54.432772318731,176.295556529186,NA,NA,"TRS"
"3520","One shore; one middle","rare",95.959595959596,52.608013490241,176.295556529186,NA,NA,"TRS"
"3521","One shore; one middle","rare",101.010101010101,50.8768741866667,176.295556529186,NA,NA,"TRS"
"3522","One shore; one middle","rare",106.060606060606,49.2302150701089,176.295556529186,NA,NA,"TRS"
"3523","One shore; one middle","rare",111.111111111111,47.6601730513611,176.295556529186,NA,NA,"TRS"
"3524","One shore; one middle","rare",116.161616161616,46.1599341952233,176.295556529186,NA,NA,"TRS"
"3525","One shore; one middle","rare",121.212121212121,44.7235549931257,176.295556529186,NA,NA,"TRS"
"3526","One shore; one middle","rare",126.262626262626,43.3458201447776,176.295556529186,NA,NA,"TRS"
"3527","One shore; one middle","rare",131.313131313131,42.0221282496761,176.295556529186,NA,NA,"TRS"
"3528","One shore; one middle","rare",136.363636363636,40.7483990833009,176.295556529186,NA,NA,"TRS"
"3529","One shore; one middle","rare",141.414141414141,39.5209977445036,176.295556529186,NA,NA,"TRS"
"3530","One shore; one middle","rare",146.464646464646,38.3366721193917,176.295556529186,NA,NA,"TRS"
"3531","One shore; one middle","rare",151.515151515152,37.1925009512366,176.295556529186,NA,NA,"TRS"
"3532","One shore; one middle","rare",156.565656565657,36.0858504285146,176.295556529186,NA,NA,"TRS"
"3533","One shore; one middle","rare",161.616161616162,35.0143376675204,176.295556529186,NA,NA,"TRS"
"3534","One shore; one middle","rare",166.666666666667,33.975799815931,176.295556529186,NA,NA,"TRS"
"3535","One shore; one middle","rare",171.717171717172,32.9682677700051,176.295556529186,NA,NA,"TRS"
"3536","One shore; one middle","rare",176.767676767677,31.9899437026145,176.295556529186,NA,NA,"TRS"
"3537","One shore; one middle","rare",181.818181818182,31.0391817576956,176.295556529186,NA,NA,"TRS"
"3538","One shore; one middle","rare",186.868686868687,30.1144713903659,176.295556529186,NA,NA,"TRS"
"3539","One shore; one middle","rare",191.919191919192,29.2144229292056,176.295556529186,NA,NA,"TRS"
"3540","One shore; one middle","rare",196.969696969697,28.337755014246,176.295556529186,NA,NA,"TRS"
"3541","One shore; one middle","rare",202.020202020202,27.4832836256313,176.295556529186,NA,NA,"TRS"
"3542","One shore; one middle","rare",207.070707070707,26.6499124672075,176.295556529186,NA,NA,"TRS"
"3543","One shore; one middle","rare",212.121212121212,25.8366245090735,176.295556529186,NA,NA,"TRS"
"3544","One shore; one middle","rare",217.171717171717,25.0424745254193,176.295556529186,NA,NA,"TRS"
"3545","One shore; one middle","rare",222.222222222222,24.2665824903257,176.295556529186,NA,NA,"TRS"
"3546","One shore; one middle","rare",227.272727272727,23.5081277158065,176.295556529186,NA,NA,"TRS"
"3547","One shore; one middle","rare",232.323232323232,22.7663436341878,176.295556529186,NA,NA,"TRS"
"3548","One shore; one middle","rare",237.373737373737,22.040513141659,176.295556529186,NA,NA,"TRS"
"3549","One shore; one middle","rare",242.424242424242,21.3299644320903,176.295556529186,NA,NA,"TRS"
"3550","One shore; one middle","rare",247.474747474747,20.6340672604513,176.295556529186,NA,NA,"TRS"
"3551","One shore; one middle","rare",252.525252525253,19.9522295837422,176.295556529186,NA,NA,"TRS"
"3552","One shore; one middle","rare",257.575757575758,19.283894534575,176.295556529186,NA,NA,"TRS"
"3553","One shore; one middle","rare",262.626262626263,18.6285376886407,176.295556529186,NA,NA,"TRS"
"3554","One shore; one middle","rare",267.676767676768,17.9856645924661,176.295556529186,NA,NA,"TRS"
"3555","One shore; one middle","rare",272.727272727273,17.3548085222655,176.295556529186,NA,NA,"TRS"
"3556","One shore; one middle","rare",277.777777777778,16.7355284484366,176.295556529186,NA,NA,"TRS"
"3557","One shore; one middle","rare",282.828282828283,16.1274071834682,176.295556529186,NA,NA,"TRS"
"3558","One shore; one middle","rare",287.878787878788,15.5300496937755,176.295556529186,NA,NA,"TRS"
"3559","One shore; one middle","rare",292.929292929293,14.9430815583563,176.295556529186,NA,NA,"TRS"
"3560","One shore; one middle","rare",297.979797979798,14.3661475592057,176.295556529186,NA,NA,"TRS"
"3561","One shore; one middle","rare",303.030303030303,13.7989103902012,176.295556529186,NA,NA,"TRS"
"3562","One shore; one middle","rare",308.080808080808,13.241049472706,176.295556529186,NA,NA,"TRS"
"3563","One shore; one middle","rare",313.131313131313,12.6922598674792,176.295556529186,NA,NA,"TRS"
"3564","One shore; one middle","rare",318.181818181818,12.1522512736434,176.295556529186,NA,NA,"TRS"
"3565","One shore; one middle","rare",323.232323232323,11.620747106485,176.295556529186,NA,NA,"TRS"
"3566","One shore; one middle","rare",328.282828282828,11.0974836467516,176.295556529186,NA,NA,"TRS"
"3567","One shore; one middle","rare",333.333333333333,10.5822092548956,176.295556529186,NA,NA,"TRS"
"3568","One shore; one middle","rare",338.383838383838,10.0746836444056,176.295556529186,NA,NA,"TRS"
"3569","One shore; one middle","rare",343.434343434343,9.57467720896972,176.295556529186,NA,NA,"TRS"
"3570","One shore; one middle","rare",348.484848484848,9.08197039875773,176.295556529186,NA,NA,"TRS"
"3571","One shore; one middle","rare",353.535353535354,8.59635314157904,176.295556529186,NA,NA,"TRS"
"3572","One shore; one middle","rare",358.585858585859,8.11762430509802,176.295556529186,NA,NA,"TRS"
"3573","One shore; one middle","rare",363.636363636364,7.64559119666021,176.295556529186,NA,NA,"TRS"
"3574","One shore; one middle","rare",368.686868686869,7.18006909761672,176.295556529186,NA,NA,"TRS"
"3575","One shore; one middle","rare",373.737373737374,6.7208808293305,176.295556529186,NA,NA,"TRS"
"3576","One shore; one middle","rare",378.787878787879,6.26785634831208,176.295556529186,NA,NA,"TRS"
"3577","One shore; one middle","rare",383.838383838384,5.82083236817016,176.295556529186,NA,NA,"TRS"
"3578","One shore; one middle","rare",388.888888888889,5.37965200627346,176.295556529186,NA,NA,"TRS"
"3579","One shore; one middle","rare",393.939393939394,4.94416445321056,176.295556529186,NA,NA,"TRS"
"3580","One shore; one middle","rare",398.989898989899,4.51422466330484,176.295556529186,NA,NA,"TRS"
"3581","One shore; one middle","rare",404.040404040404,4.08969306459588,176.295556529186,NA,NA,"TRS"
"3582","One shore; one middle","rare",409.090909090909,3.67043528683539,176.295556529186,NA,NA,"TRS"
"3583","One shore; one middle","rare",414.141414141414,3.2563219061721,176.295556529186,NA,NA,"TRS"
"3584","One shore; one middle","rare",419.191919191919,2.8472282053115,176.295556529186,NA,NA,"TRS"
"3585","One shore; one middle","rare",424.242424242424,2.44303394803808,176.295556529186,NA,NA,"TRS"
"3586","One shore; one middle","rare",429.292929292929,2.0436231670806,176.295556529186,NA,NA,"TRS"
"3587","One shore; one middle","rare",434.343434343434,1.64888396438391,176.295556529186,NA,NA,"TRS"
"3588","One shore; one middle","rare",439.393939393939,1.25870832292617,176.295556529186,NA,NA,"TRS"
"3589","One shore; one middle","rare",444.444444444444,0.872991929290293,176.295556529186,NA,NA,"TRS"
"3590","One shore; one middle","rare",449.494949494949,0.491634006260483,176.295556529186,NA,NA,"TRS"
"3591","One shore; one middle","rare",454.545454545455,0.114537154771085,176.295556529186,NA,NA,"TRS"
"3592","One shore; one middle","rare",459.59595959596,-0.258392795411623,176.295556529186,NA,NA,"TRS"
"3593","One shore; one middle","rare",464.646464646465,-0.627246926847562,176.295556529186,NA,NA,"TRS"
"3594","One shore; one middle","rare",469.69696969697,-0.992113367950935,176.295556529186,NA,NA,"TRS"
"3595","One shore; one middle","rare",474.747474747475,-1.35307741937643,176.295556529186,NA,NA,"TRS"
"3596","One shore; one middle","rare",479.79797979798,-1.71022167371893,176.295556529186,NA,NA,"TRS"
"3597","One shore; one middle","rare",484.848484848485,-2.06362612894509,176.295556529186,NA,NA,"TRS"
"3598","One shore; one middle","rare",489.89898989899,-2.41336829594772,176.295556529186,NA,NA,"TRS"
"3599","One shore; one middle","rare",494.949494949495,-2.75952330058408,176.295556529186,NA,NA,"TRS"
"3600","One shore; one middle","rare",500,-3.1021639805345,176.295556529186,NA,NA,"TRS"
"3601","One shore; one middle; 2 additional","common",0,Inf,16.0768266380216,NA,NA,"TRS"
"3602","One shore; one middle; 2 additional","common",5.05050505050505,35.4183688169746,16.0768266380216,NA,NA,"TRS"
"3603","One shore; one middle; 2 additional","common",10.1010101010101,23.1598094212507,16.0768266380216,NA,NA,"TRS"
"3604","One shore; one middle; 2 additional","common",15.1515151515152,18.0639681361808,16.0768266380216,NA,NA,"TRS"
"3605","One shore; one middle; 2 additional","common",20.2020202020202,15.1440280945854,16.0768266380216,NA,NA,"TRS"
"3606","One shore; one middle; 2 additional","common",25.2525252525253,13.2083248516642,16.0768266380216,NA,NA,"TRS"
"3607","One shore; one middle; 2 additional","common",30.3030303030303,11.8118951662446,16.0768266380216,NA,NA,"TRS"
"3608","One shore; one middle; 2 additional","common",35.3535353535353,10.7470584538453,16.0768266380216,NA,NA,"TRS"
"3609","One shore; one middle; 2 additional","common",40.4040404040404,9.90256796842013,16.0768266380216,NA,NA,"TRS"
"3610","One shore; one middle; 2 additional","common",45.4545454545455,9.21292977977487,16.0768266380216,NA,NA,"TRS"
"3611","One shore; one middle; 2 additional","common",50.5050505050505,8.63682593400247,16.0768266380216,NA,NA,"TRS"
"3612","One shore; one middle; 2 additional","common",55.5555555555556,8.14677365522729,16.0768266380216,NA,NA,"TRS"
"3613","One shore; one middle; 2 additional","common",60.6060606060606,7.72371089046061,16.0768266380216,NA,NA,"TRS"
"3614","One shore; one middle; 2 additional","common",65.6565656565656,7.35395900446303,16.0768266380216,NA,NA,"TRS"
"3615","One shore; one middle; 2 additional","common",70.7070707070707,7.02742203957201,16.0768266380216,NA,NA,"TRS"
"3616","One shore; one middle; 2 additional","common",75.7575757575758,6.73646944289646,16.0768266380216,NA,NA,"TRS"
"3617","One shore; one middle; 2 additional","common",80.8080808080808,6.47521595685901,16.0768266380216,NA,NA,"TRS"
"3618","One shore; one middle; 2 additional","common",85.8585858585859,6.23904222727785,16.0768266380216,NA,NA,"TRS"
"3619","One shore; one middle; 2 additional","common",90.9090909090909,6.0242666457494,16.0768266380216,NA,NA,"TRS"
"3620","One shore; one middle; 2 additional","common",95.959595959596,5.82791520253779,16.0768266380216,NA,NA,"TRS"
"3621","One shore; one middle; 2 additional","common",101.010101010101,5.64755660176387,16.0768266380216,NA,NA,"TRS"
"3622","One shore; one middle; 2 additional","common",106.060606060606,5.48118188251777,16.0768266380216,NA,NA,"TRS"
"3623","One shore; one middle; 2 additional","common",111.111111111111,5.32711504101521,16.0768266380216,NA,NA,"TRS"
"3624","One shore; one middle; 2 additional","common",116.161616161616,5.18394565982849,16.0768266380216,NA,NA,"TRS"
"3625","One shore; one middle; 2 additional","common",121.212121212121,5.05047742803379,16.0768266380216,NA,NA,"TRS"
"3626","One shore; one middle; 2 additional","common",126.262626262626,4.92568831412353,16.0768266380216,NA,NA,"TRS"
"3627","One shore; one middle; 2 additional","common",131.313131313131,4.80869940440137,16.0768266380216,NA,NA,"TRS"
"3628","One shore; one middle; 2 additional","common",136.363636363636,4.69875026833435,16.0768266380216,NA,NA,"TRS"
"3629","One shore; one middle; 2 additional","common",141.414141414141,4.59517929807041,16.0768266380216,NA,NA,"TRS"
"3630","One shore; one middle; 2 additional","common",146.464646464646,4.4974078798559,16.0768266380216,NA,NA,"TRS"
"3631","One shore; one middle; 2 additional","common",151.515151515152,4.40492754693967,16.0768266380216,NA,NA,"TRS"
"3632","One shore; one middle; 2 additional","common",156.565656565657,4.31728947377469,16.0768266380216,NA,NA,"TRS"
"3633","One shore; one middle; 2 additional","common",161.616161616162,4.23409582460567,16.0768266380216,NA,NA,"TRS"
"3634","One shore; one middle; 2 additional","common",166.666666666667,4.15499258255433,16.0768266380216,NA,NA,"TRS"
"3635","One shore; one middle; 2 additional","common",171.717171717172,4.07966356953287,16.0768266380216,NA,NA,"TRS"
"3636","One shore; one middle; 2 additional","common",176.767676767677,4.00782543068953,16.0768266380216,NA,NA,"TRS"
"3637","One shore; one middle; 2 additional","common",181.818181818182,3.93922340521471,16.0768266380216,NA,NA,"TRS"
"3638","One shore; one middle; 2 additional","common",186.868686868687,3.87362774219709,16.0768266380216,NA,NA,"TRS"
"3639","One shore; one middle; 2 additional","common",191.919191919192,3.81083064868016,16.0768266380216,NA,NA,"TRS"
"3640","One shore; one middle; 2 additional","common",196.969696969697,3.75064367921242,16.0768266380216,NA,NA,"TRS"
"3641","One shore; one middle; 2 additional","common",202.020202020202,3.69289549353531,16.0768266380216,NA,NA,"TRS"
"3642","One shore; one middle; 2 additional","common",207.070707070707,3.63742992274101,16.0768266380216,NA,NA,"TRS"
"3643","One shore; one middle; 2 additional","common",212.121212121212,3.58410429509912,16.0768266380216,NA,NA,"TRS"
"3644","One shore; one middle; 2 additional","common",217.171717171717,3.5327879814321,16.0768266380216,NA,NA,"TRS"
"3645","One shore; one middle; 2 additional","common",222.222222222222,3.48336112689248,16.0768266380216,NA,NA,"TRS"
"3646","One shore; one middle; 2 additional","common",227.272727272727,3.43571354162751,16.0768266380216,NA,NA,"TRS"
"3647","One shore; one middle; 2 additional","common",232.323232323232,3.38974372739062,16.0768266380216,NA,NA,"TRS"
"3648","One shore; one middle; 2 additional","common",237.373737373737,3.34535802089051,16.0768266380216,NA,NA,"TRS"
"3649","One shore; one middle; 2 additional","common",242.424242424242,3.30246983772817,16.0768266380216,NA,NA,"TRS"
"3650","One shore; one middle; 2 additional","common",247.474747474747,3.26099900329156,16.0768266380216,NA,NA,"TRS"
"3651","One shore; one middle; 2 additional","common",252.525252525253,3.22087115906109,16.0768266380216,NA,NA,"TRS"
"3652","One shore; one middle; 2 additional","common",257.575757575758,3.18201723450969,16.0768266380216,NA,NA,"TRS"
"3653","One shore; one middle; 2 additional","common",262.626262626263,3.14437297622365,16.0768266380216,NA,NA,"TRS"
"3654","One shore; one middle; 2 additional","common",267.676767676768,3.10787852707806,16.0768266380216,NA,NA,"TRS"
"3655","One shore; one middle; 2 additional","common",272.727272727273,3.07247804931434,16.0768266380216,NA,NA,"TRS"
"3656","One shore; one middle; 2 additional","common",277.777777777778,3.03811938622229,16.0768266380216,NA,NA,"TRS"
"3657","One shore; one middle; 2 additional","common",282.828282828283,3.00475375785184,16.0768266380216,NA,NA,"TRS"
"3658","One shore; one middle; 2 additional","common",287.878787878788,2.97233548679272,16.0768266380216,NA,NA,"TRS"
"3659","One shore; one middle; 2 additional","common",292.929292929293,2.94082175058198,16.0768266380216,NA,NA,"TRS"
"3660","One shore; one middle; 2 additional","common",297.979797979798,2.91017235774506,16.0768266380216,NA,NA,"TRS"
"3661","One shore; one middle; 2 additional","common",303.030303030303,2.88034954485671,16.0768266380216,NA,NA,"TRS"
"3662","One shore; one middle; 2 additional","common",308.080808080808,2.85131779233596,16.0768266380216,NA,NA,"TRS"
"3663","One shore; one middle; 2 additional","common",313.131313131313,2.82304365697026,16.0768266380216,NA,NA,"TRS"
"3664","One shore; one middle; 2 additional","common",318.181818181818,2.79549561940752,16.0768266380216,NA,NA,"TRS"
"3665","One shore; one middle; 2 additional","common",323.232323232323,2.76864394506457,16.0768266380216,NA,NA,"TRS"
"3666","One shore; one middle; 2 additional","common",328.282828282828,2.74246055708292,16.0768266380216,NA,NA,"TRS"
"3667","One shore; one middle; 2 additional","common",333.333333333333,2.71691892012118,16.0768266380216,NA,NA,"TRS"
"3668","One shore; one middle; 2 additional","common",338.383838383838,2.69199393391138,16.0768266380216,NA,NA,"TRS"
"3669","One shore; one middle; 2 additional","common",343.434343434343,2.66766183562688,16.0768266380216,NA,NA,"TRS"
"3670","One shore; one middle; 2 additional","common",348.484848484848,2.643900110215,16.0768266380216,NA,NA,"TRS"
"3671","One shore; one middle; 2 additional","common",353.535353535354,2.62068740793975,16.0768266380216,NA,NA,"TRS"
"3672","One shore; one middle; 2 additional","common",358.585858585859,2.59800346846139,16.0768266380216,NA,NA,"TRS"
"3673","One shore; one middle; 2 additional","common",363.636363636364,2.57582905085056,16.0768266380216,NA,NA,"TRS"
"3674","One shore; one middle; 2 additional","common",368.686868686869,2.5541458689982,16.0768266380216,NA,NA,"TRS"
"3675","One shore; one middle; 2 additional","common",373.737373737374,2.53293653193759,16.0768266380216,NA,NA,"TRS"
"3676","One shore; one middle; 2 additional","common",378.787878787879,2.51218448864427,16.0768266380216,NA,NA,"TRS"
"3677","One shore; one middle; 2 additional","common",383.838383838384,2.49187397692338,16.0768266380216,NA,NA,"TRS"
"3678","One shore; one middle; 2 additional","common",388.888888888889,2.47198997603225,16.0768266380216,NA,NA,"TRS"
"3679","One shore; one middle; 2 additional","common",393.939393939394,2.4525181627209,16.0768266380216,NA,NA,"TRS"
"3680","One shore; one middle; 2 additional","common",398.989898989899,2.43344487040366,16.0768266380216,NA,NA,"TRS"
"3681","One shore; one middle; 2 additional","common",404.040404040404,2.4147570512023,16.0768266380216,NA,NA,"TRS"
"3682","One shore; one middle; 2 additional","common",409.090909090909,2.39644224062583,16.0768266380216,NA,NA,"TRS"
"3683","One shore; one middle; 2 additional","common",414.141414141414,2.37848852467374,16.0768266380216,NA,NA,"TRS"
"3684","One shore; one middle; 2 additional","common",419.191919191919,2.36088450916914,16.0768266380216,NA,NA,"TRS"
"3685","One shore; one middle; 2 additional","common",424.242424242424,2.34361929114588,16.0768266380216,NA,NA,"TRS"
"3686","One shore; one middle; 2 additional","common",429.292929292929,2.32668243212944,16.0768266380216,NA,NA,"TRS"
"3687","One shore; one middle; 2 additional","common",434.343434343434,2.31006393316566,16.0768266380216,NA,NA,"TRS"
"3688","One shore; one middle; 2 additional","common",439.393939393939,2.29375421146413,16.0768266380216,NA,NA,"TRS"
"3689","One shore; one middle; 2 additional","common",444.444444444444,2.27774407853472,16.0768266380216,NA,NA,"TRS"
"3690","One shore; one middle; 2 additional","common",449.494949494949,2.26202471970591,16.0768266380216,NA,NA,"TRS"
"3691","One shore; one middle; 2 additional","common",454.545454545455,2.24658767492331,16.0768266380216,NA,NA,"TRS"
"3692","One shore; one middle; 2 additional","common",459.59595959596,2.23142482073506,16.0768266380216,NA,NA,"TRS"
"3693","One shore; one middle; 2 additional","common",464.646464646465,2.21652835337866,16.0768266380216,NA,NA,"TRS"
"3694","One shore; one middle; 2 additional","common",469.69696969697,2.20189077289066,16.0768266380216,NA,NA,"TRS"
"3695","One shore; one middle; 2 additional","common",474.747474747475,2.18750486816729,16.0768266380216,NA,NA,"TRS"
"3696","One shore; one middle; 2 additional","common",479.79797979798,2.17336370290941,16.0768266380216,NA,NA,"TRS"
"3697","One shore; one middle; 2 additional","common",484.848484848485,2.15946060239107,16.0768266380216,NA,NA,"TRS"
"3698","One shore; one middle; 2 additional","common",489.89898989899,2.1457891409951,16.0768266380216,NA,NA,"TRS"
"3699","One shore; one middle; 2 additional","common",494.949494949495,2.13234313046413,16.0768266380216,NA,NA,"TRS"
"3700","One shore; one middle; 2 additional","common",500,2.11911660881903,16.0768266380216,NA,NA,"TRS"
"3701","One shore; one middle; 2 additional","rare",0,148.72001369002,160.498205589752,NA,NA,"TRS"
"3702","One shore; one middle; 2 additional","rare",5.05050505050505,146.309562598294,160.490509245989,NA,NA,"TRS"
"3703","One shore; one middle; 2 additional","rare",10.1010101010101,124.542188400954,160.490509245989,NA,NA,"TRS"
"3704","One shore; one middle; 2 additional","rare",15.1515151515152,111.809090756345,160.490509245989,NA,NA,"TRS"
"3705","One shore; one middle; 2 additional","rare",20.2020202020202,102.774814203614,160.490509245989,NA,NA,"TRS"
"3706","One shore; one middle; 2 additional","rare",25.2525252525253,95.7672848975638,160.490509245989,NA,NA,"TRS"
"3707","One shore; one middle; 2 additional","rare",30.3030303030303,90.0417165590046,160.490509245989,NA,NA,"TRS"
"3708","One shore; one middle; 2 additional","rare",35.3535353535353,85.2008175051215,160.490509245989,NA,NA,"TRS"
"3709","One shore; one middle; 2 additional","rare",40.4040404040404,81.0074400062737,160.490509245989,NA,NA,"TRS"
"3710","One shore; one middle; 2 additional","rare",45.4545454545455,77.3086189143953,160.490509245989,NA,NA,"TRS"
"3711","One shore; one middle; 2 additional","rare",50.5050505050505,73.9999107002236,160.490509245989,NA,NA,"TRS"
"3712","One shore; one middle; 2 additional","rare",55.5555555555556,71.006820045306,160.490509245989,NA,NA,"TRS"
"3713","One shore; one middle; 2 additional","rare",60.6060606060606,68.2743423616644,160.490509245989,NA,NA,"TRS"
"3714","One shore; one middle; 2 additional","rare",65.6565656565656,65.760706558817,160.490509245989,NA,NA,"TRS"
"3715","One shore; one middle; 2 additional","rare",70.7070707070707,63.4334433077814,160.490509245989,NA,NA,"TRS"
"3716","One shore; one middle; 2 additional","rare",75.7575757575758,61.2668130556144,160.490509245989,NA,NA,"TRS"
"3717","One shore; one middle; 2 additional","rare",80.8080808080808,59.2400658089335,160.490509245989,NA,NA,"TRS"
"3718","One shore; one middle; 2 additional","rare",85.8585858585859,57.3362294150749,160.490509245989,NA,NA,"TRS"
"3719","One shore; one middle; 2 additional","rare",90.9090909090909,55.5412447170552,160.490509245989,NA,NA,"TRS"
"3720","One shore; one middle; 2 additional","rare",95.959595959596,53.843334849991,160.490509245989,NA,NA,"TRS"
"3721","One shore; one middle; 2 additional","rare",101.010101010101,52.2325365028835,160.490509245989,NA,NA,"TRS"
"3722","One shore; one middle; 2 additional","rare",106.060606060606,50.7003456631722,160.490509245989,NA,NA,"TRS"
"3723","One shore; one middle; 2 additional","rare",111.111111111111,49.2394458479658,160.490509245989,NA,NA,"TRS"
"3724","One shore; one middle; 2 additional","rare",116.161616161616,47.8434967959492,160.490509245989,NA,NA,"TRS"
"3725","One shore; one middle; 2 additional","rare",121.212121212121,46.5069681643243,160.490509245989,NA,NA,"TRS"
"3726","One shore; one middle; 2 additional","rare",126.262626262626,45.2250071968335,160.490509245989,NA,NA,"TRS"
"3727","One shore; one middle; 2 additional","rare",131.313131313131,43.9933323614769,160.490509245989,NA,NA,"TRS"
"3728","One shore; one middle; 2 additional","rare",136.363636363636,42.8081470724459,160.490509245989,NA,NA,"TRS"
"3729","One shore; one middle; 2 additional","rare",141.414141414141,41.6660691104413,160.490509245989,NA,NA,"TRS"
"3730","One shore; one middle; 2 additional","rare",146.464646464646,40.5640724337854,160.490509245989,NA,NA,"TRS"
"3731","One shore; one middle; 2 additional","rare",151.515151515152,39.4994388582742,160.490509245989,NA,NA,"TRS"
"3732","One shore; one middle; 2 additional","rare",156.565656565657,38.4697176630211,160.490509245989,NA,NA,"TRS"
"3733","One shore; one middle; 2 additional","rare",161.616161616162,37.4726916115934,160.490509245989,NA,NA,"TRS"
"3734","One shore; one middle; 2 additional","rare",166.666666666667,36.5063482033566,160.490509245989,NA,NA,"TRS"
"3735","One shore; one middle; 2 additional","rare",171.717171717172,35.5688552177347,160.490509245989,NA,NA,"TRS"
"3736","One shore; one middle; 2 additional","rare",176.767676767677,34.6585398043913,160.490509245989,NA,NA,"TRS"
"3737","One shore; one middle; 2 additional","rare",181.818181818182,33.773870519715,160.490509245989,NA,NA,"TRS"
"3738","One shore; one middle; 2 additional","rare",186.868686868687,32.9134418250558,160.490509245989,NA,NA,"TRS"
"3739","One shore; one middle; 2 additional","rare",191.919191919192,32.0759606526508,160.490509245989,NA,NA,"TRS"
"3740","One shore; one middle; 2 additional","rare",196.969696969697,31.2602347168677,160.490509245989,NA,NA,"TRS"
"3741","One shore; one middle; 2 additional","rare",202.020202020202,30.4651623055434,160.490509245989,NA,NA,"TRS"
"3742","One shore; one middle; 2 additional","rare",207.070707070707,29.6897233320625,160.490509245989,NA,NA,"TRS"
"3743","One shore; one middle; 2 additional","rare",212.121212121212,28.9329714658321,160.490509245989,NA,NA,"TRS"
"3744","One shore; one middle; 2 additional","rare",217.171717171717,28.1940271888554,160.490509245989,NA,NA,"TRS"
"3745","One shore; one middle; 2 additional","rare",222.222222222222,27.4720716506257,160.490509245989,NA,NA,"TRS"
"3746","One shore; one middle; 2 additional","rare",227.272727272727,26.766341213665,160.490509245989,NA,NA,"TRS"
"3747","One shore; one middle; 2 additional","rare",232.323232323232,26.0761225986091,160.490509245989,NA,NA,"TRS"
"3748","One shore; one middle; 2 additional","rare",237.373737373737,25.4007485514531,160.490509245989,NA,NA,"TRS"
"3749","One shore; one middle; 2 additional","rare",242.424242424242,24.7395939669842,160.490509245989,NA,NA,"TRS"
"3750","One shore; one middle; 2 additional","rare",247.474747474747,24.0920724119491,160.490509245989,NA,NA,"TRS"
"3751","One shore; one middle; 2 additional","rare",252.525252525253,23.4576329994933,160.490509245989,NA,NA,"TRS"
"3752","One shore; one middle; 2 additional","rare",257.575757575758,22.8357575731255,160.490509245989,NA,NA,"TRS"
"3753","One shore; one middle; 2 additional","rare",262.626262626263,22.2259581641368,160.490509245989,NA,NA,"TRS"
"3754","One shore; one middle; 2 additional","rare",267.676767676768,21.6277746912183,160.490509245989,NA,NA,"TRS"
"3755","One shore; one middle; 2 additional","rare",272.727272727273,21.0407728751058,160.490509245989,NA,NA,"TRS"
"3756","One shore; one middle; 2 additional","rare",277.777777777778,20.4645423445757,160.490509245989,NA,NA,"TRS"
"3757","One shore; one middle; 2 additional","rare",282.828282828283,19.8986949131012,160.490509245989,NA,NA,"TRS"
"3758","One shore; one middle; 2 additional","rare",287.878787878788,19.3428630080416,160.490509245989,NA,NA,"TRS"
"3759","One shore; one middle; 2 additional","rare",292.929292929293,18.7966982364453,160.490509245989,NA,NA,"TRS"
"3760","One shore; one middle; 2 additional","rare",297.979797979798,18.2598700734529,160.490509245989,NA,NA,"TRS"
"3761","One shore; one middle; 2 additional","rare",303.030303030303,17.7320646609342,160.490509245989,NA,NA,"TRS"
"3762","One shore; one middle; 2 additional","rare",308.080808080808,17.212983705426,160.490509245989,NA,NA,"TRS"
"3763","One shore; one middle; 2 additional","rare",313.131313131313,16.702343465681,160.490509245989,NA,NA,"TRS"
"3764","One shore; one middle; 2 additional","rare",318.181818181818,16.1998738212228,160.490509245989,NA,NA,"TRS"
"3765","One shore; one middle; 2 additional","rare",323.232323232323,15.7053174142533,160.490509245989,NA,NA,"TRS"
"3766","One shore; one middle; 2 additional","rare",328.282828282828,15.2184288580868,160.490509245989,NA,NA,"TRS"
"3767","One shore; one middle; 2 additional","rare",333.333333333333,14.7389740060164,160.490509245989,NA,NA,"TRS"
"3768","One shore; one middle; 2 additional","rare",338.383838383838,14.2667292751597,160.490509245989,NA,NA,"TRS"
"3769","One shore; one middle; 2 additional","rare",343.434343434343,13.8014810203946,160.490509245989,NA,NA,"TRS"
"3770","One shore; one middle; 2 additional","rare",348.484848484848,13.3430249539998,160.490509245989,NA,NA,"TRS"
"3771","One shore; one middle; 2 additional","rare",353.535353535354,12.8911656070511,160.490509245989,NA,NA,"TRS"
"3772","One shore; one middle; 2 additional","rare",358.585858585859,12.4457158290211,160.490509245989,NA,NA,"TRS"
"3773","One shore; one middle; 2 additional","rare",363.636363636364,12.0064963223749,160.490509245989,NA,NA,"TRS"
"3774","One shore; one middle; 2 additional","rare",368.686868686869,11.5733352092669,160.490509245989,NA,NA,"TRS"
"3775","One shore; one middle; 2 additional","rare",373.737373737374,11.1460676277156,160.490509245989,NA,NA,"TRS"
"3776","One shore; one middle; 2 additional","rare",378.787878787879,10.7245353548841,160.490509245989,NA,NA,"TRS"
"3777","One shore; one middle; 2 additional","rare",383.838383838384,10.3085864553107,160.490509245989,NA,NA,"TRS"
"3778","One shore; one middle; 2 additional","rare",388.888888888889,9.89807495213347,160.490509245989,NA,NA,"TRS"
"3779","One shore; one middle; 2 additional","rare",393.939393939394,9.49286051952757,160.490509245989,NA,NA,"TRS"
"3780","One shore; one middle; 2 additional","rare",398.989898989899,9.09280819473435,160.490509245989,NA,NA,"TRS"
"3781","One shore; one middle; 2 additional","rare",404.040404040404,8.69778810820324,160.490509245989,NA,NA,"TRS"
"3782","One shore; one middle; 2 additional","rare",409.090909090909,8.30767523049653,160.490509245989,NA,NA,"TRS"
"3783","One shore; one middle; 2 additional","rare",414.141414141414,7.92234913472237,160.490509245989,NA,NA,"TRS"
"3784","One shore; one middle; 2 additional","rare",419.191919191919,7.54169377336711,160.490509245989,NA,NA,"TRS"
"3785","One shore; one middle; 2 additional","rare",424.242424242424,7.16559726849195,160.490509245989,NA,NA,"TRS"
"3786","One shore; one middle; 2 additional","rare",429.292929292929,6.79395171434456,160.490509245989,NA,NA,"TRS"
"3787","One shore; one middle; 2 additional","rare",434.343434343434,6.42665299151531,160.490509245989,NA,NA,"TRS"
"3788","One shore; one middle; 2 additional","rare",439.393939393939,6.06360059183606,160.490509245989,NA,NA,"TRS"
"3789","One shore; one middle; 2 additional","rare",444.444444444444,5.70469745328558,160.490509245989,NA,NA,"TRS"
"3790","One shore; one middle; 2 additional","rare",449.494949494949,5.34984980422325,160.490509245989,NA,NA,"TRS"
"3791","One shore; one middle; 2 additional","rare",454.545454545455,4.99896701632488,160.490509245989,NA,NA,"TRS"
"3792","One shore; one middle; 2 additional","rare",459.59595959596,4.65196146564458,160.490509245989,NA,NA,"TRS"
"3793","One shore; one middle; 2 additional","rare",464.646464646465,4.30874840126896,160.490509245989,NA,NA,"TRS"
"3794","One shore; one middle; 2 additional","rare",469.69696969697,3.96924582107175,160.490509245989,NA,NA,"TRS"
"3795","One shore; one middle; 2 additional","rare",474.747474747475,3.63337435411302,160.490509245989,NA,NA,"TRS"
"3796","One shore; one middle; 2 additional","rare",479.79797979798,3.30105714926066,160.490509245989,NA,NA,"TRS"
"3797","One shore; one middle; 2 additional","rare",484.848484848485,2.97221976964406,160.490509245989,NA,NA,"TRS"
"3798","One shore; one middle; 2 additional","rare",489.89898989899,2.64679009257623,160.490509245989,NA,NA,"TRS"
"3799","One shore; one middle; 2 additional","rare",494.949494949495,2.32469821460893,160.490509245989,NA,NA,"TRS"
"3800","One shore; one middle; 2 additional","rare",500,2.00587636140722,160.490509245989,NA,NA,"TRS"
"3801","Randomly placed","common",0,Inf,27.5338847727009,NA,NA,"TRS"
"3802","Randomly placed","common",5.05050505050505,57.8330026275866,27.5338847727009,NA,NA,"TRS"
"3803","Randomly placed","common",10.1010101010101,38.6243564292412,27.5338847727009,NA,NA,"TRS"
"3804","Randomly placed","common",15.1515151515152,30.5006332833265,27.5338847727009,NA,NA,"TRS"
"3805","Randomly placed","common",20.2020202020202,25.7956675564594,27.5338847727009,NA,NA,"TRS"
"3806","Randomly placed","common",25.2525252525253,22.6520813789852,27.5338847727009,NA,NA,"TRS"
"3807","Randomly placed","common",30.3030303030303,20.370156791597,27.5338847727009,NA,NA,"TRS"
"3808","Randomly placed","common",35.3535353535353,18.6211182941261,27.5338847727009,NA,NA,"TRS"
"3809","Randomly placed","common",40.4040404040404,17.227897787822,27.5338847727009,NA,NA,"TRS"
"3810","Randomly placed","common",45.4545454545455,16.0857743574984,27.5338847727009,NA,NA,"TRS"
"3811","Randomly placed","common",50.5050505050505,15.1284219268387,27.5338847727009,NA,NA,"TRS"
"3812","Randomly placed","common",55.5555555555556,14.3115696638981,27.5338847727009,NA,NA,"TRS"
"3813","Randomly placed","common",60.6060606060606,13.6044154840903,27.5338847727009,NA,NA,"TRS"
"3814","Randomly placed","common",65.6565656565656,12.9847938217093,27.5338847727009,NA,NA,"TRS"
"3815","Randomly placed","common",70.7070707070707,12.436302412566,27.5338847727009,NA,NA,"TRS"
"3816","Randomly placed","common",75.7575757575758,11.9465148938149,27.5338847727009,NA,NA,"TRS"
"3817","Randomly placed","common",80.8080808080808,11.5058259895011,27.5338847727009,NA,NA,"TRS"
"3818","Randomly placed","common",85.8585858585859,11.1066810043462,27.5338847727009,NA,NA,"TRS"
"3819","Randomly placed","common",90.9090909090909,10.743047291271,27.5338847727009,NA,NA,"TRS"
"3820","Randomly placed","common",95.959595959596,10.4100428534111,27.5338847727009,NA,NA,"TRS"
"3821","Randomly placed","common",101.010101010101,10.1036697761814,27.5338847727009,NA,NA,"TRS"
"3822","Randomly placed","common",106.060606060606,9.82061927636567,27.5338847727009,NA,NA,"TRS"
"3823","Randomly placed","common",111.111111111111,9.55812672082565,27.5338847727009,NA,NA,"TRS"
"3824","Randomly placed","common",116.161616161616,9.31386217431856,27.5338847727009,NA,NA,"TRS"
"3825","Randomly placed","common",121.212121212121,9.085846641107,27.5338847727009,NA,NA,"TRS"
"3826","Randomly placed","common",126.262626262626,8.87238717492094,27.5338847727009,NA,NA,"TRS"
"3827","Randomly placed","common",131.313131313131,8.67202603951737,27.5338847727009,NA,NA,"TRS"
"3828","Randomly placed","common",136.363636363636,8.48350046626083,27.5338847727009,NA,NA,"TRS"
"3829","Randomly placed","common",141.414141414141,8.30571049782662,27.5338847727009,NA,NA,"TRS"
"3830","Randomly placed","common",146.464646464646,8.13769306866947,27.5338847727009,NA,NA,"TRS"
"3831","Randomly placed","common",151.515151515152,7.97860094377741,27.5338847727009,NA,NA,"TRS"
"3832","Randomly placed","common",156.565656565657,7.82768547680634,27.5338847727009,NA,NA,"TRS"
"3833","Randomly placed","common",161.616161616162,7.68428239655905,27.5338847727009,NA,NA,"TRS"
"3834","Randomly placed","common",166.666666666667,7.54780001374369,27.5338847727009,NA,NA,"TRS"
"3835","Randomly placed","common",171.717171717172,7.41770937643,27.5338847727009,NA,NA,"TRS"
"3836","Randomly placed","common",176.767676767677,7.29353600542695,27.5338847727009,NA,NA,"TRS"
"3837","Randomly placed","common",181.818181818182,7.1748529189511,27.5338847727009,NA,NA,"TRS"
"3838","Randomly placed","common",186.868686868687,7.06127471586672,27.5338847727009,NA,NA,"TRS"
"3839","Randomly placed","common",191.919191919192,6.95245253308068,27.5338847727009,NA,NA,"TRS"
"3840","Randomly placed","common",196.969696969697,6.84806972873035,27.5338847727009,NA,NA,"TRS"
"3841","Randomly placed","common",202.020202020202,6.74783817107971,27.5338847727009,NA,NA,"TRS"
"3842","Randomly placed","common",207.070707070707,6.65149503536513,27.5338847727009,NA,NA,"TRS"
"3843","Randomly placed","common",212.121212121212,6.55880002857208,27.5338847727009,NA,NA,"TRS"
"3844","Randomly placed","common",217.171717171717,6.46953297630597,27.5338847727009,NA,NA,"TRS"
"3845","Randomly placed","common",222.222222222222,6.38349171732137,27.5338847727009,NA,NA,"TRS"
"3846","Randomly placed","common",227.272727272727,6.30049026049076,27.5338847727009,NA,NA,"TRS"
"3847","Randomly placed","common",232.323232323232,6.22035716648246,27.5338847727009,NA,NA,"TRS"
"3848","Randomly placed","common",237.373737373737,6.1429341225326,27.5338847727009,NA,NA,"TRS"
"3849","Randomly placed","common",242.424242424242,6.06807468371257,27.5338847727009,NA,NA,"TRS"
"3850","Randomly placed","common",247.474747474747,5.99564315822741,27.5338847727009,NA,NA,"TRS"
"3851","Randomly placed","common",252.525252525253,5.92551361770226,27.5338847727009,NA,NA,"TRS"
"3852","Randomly placed","common",257.575757575758,5.85756901625685,27.5338847727009,NA,NA,"TRS"
"3853","Randomly placed","common",262.626262626263,5.79170040454041,27.5338847727009,NA,NA,"TRS"
"3854","Randomly placed","common",267.676767676768,5.72780622688522,27.5338847727009,NA,NA,"TRS"
"3855","Randomly placed","common",272.727272727273,5.66579169140688,27.5338847727009,NA,NA,"TRS"
"3856","Randomly placed","common",277.777777777778,5.60556820428682,27.5338847727009,NA,NA,"TRS"
"3857","Randomly placed","common",282.828282828283,5.54705286066405,27.5338847727009,NA,NA,"TRS"
"3858","Randomly placed","common",287.878787878788,5.49016798557424,27.5338847727009,NA,NA,"TRS"
"3859","Randomly placed","common",292.929292929293,5.43484071923539,27.5338847727009,NA,NA,"TRS"
"3860","Randomly placed","common",297.979797979798,5.3810026417144,27.5338847727009,NA,NA,"TRS"
"3861","Randomly placed","common",303.030303030303,5.32858943263896,27.5338847727009,NA,NA,"TRS"
"3862","Randomly placed","common",308.080808080808,5.27754056215959,27.5338847727009,NA,NA,"TRS"
"3863","Randomly placed","common",313.131313131313,5.22779900983294,27.5338847727009,NA,NA,"TRS"
"3864","Randomly placed","common",318.181818181818,5.17931100849876,27.5338847727009,NA,NA,"TRS"
"3865","Randomly placed","common",323.232323232323,5.13202581057179,27.5338847727009,NA,NA,"TRS"
"3866","Randomly placed","common",328.282828282828,5.08589547447083,27.5338847727009,NA,NA,"TRS"
"3867","Randomly placed","common",333.333333333333,5.04087466917042,27.5338847727009,NA,NA,"TRS"
"3868","Randomly placed","common",338.383838383838,4.9969204950888,27.5338847727009,NA,NA,"TRS"
"3869","Randomly placed","common",343.434343434343,4.95399231972599,27.5338847727009,NA,NA,"TRS"
"3870","Randomly placed","common",348.484848484848,4.91205162664042,27.5338847727009,NA,NA,"TRS"
"3871","Randomly placed","common",353.535353535354,4.87106187650611,27.5338847727009,NA,NA,"TRS"
"3872","Randomly placed","common",358.585858585859,4.83098837912686,27.5338847727009,NA,NA,"TRS"
"3873","Randomly placed","common",363.636363636364,4.79179817540304,27.5338847727009,NA,NA,"TRS"
"3874","Randomly placed","common",368.686868686869,4.75345992835072,27.5338847727009,NA,NA,"TRS"
"3875","Randomly placed","common",373.737373737374,4.71594382236568,27.5338847727009,NA,NA,"TRS"
"3876","Randomly placed","common",378.787878787879,4.67922147000663,27.5338847727009,NA,NA,"TRS"
"3877","Randomly placed","common",383.838383838384,4.64326582564463,27.5338847727009,NA,NA,"TRS"
"3878","Randomly placed","common",388.888888888889,4.60805110538999,27.5338847727009,NA,NA,"TRS"
"3879","Randomly placed","common",393.939393939394,4.57355271276559,27.5338847727009,NA,NA,"TRS"
"3880","Randomly placed","common",398.989898989899,4.53974716964641,27.5338847727009,NA,NA,"TRS"
"3881","Randomly placed","common",404.040404040404,4.50661205203099,27.5338847727009,NA,NA,"TRS"
"3882","Randomly placed","common",409.090909090909,4.47412593025086,27.5338847727009,NA,NA,"TRS"
"3883","Randomly placed","common",414.141414141414,4.44226831326105,27.5338847727009,NA,NA,"TRS"
"3884","Randomly placed","common",419.191919191919,4.41101959668698,27.5338847727009,NA,NA,"TRS"
"3885","Randomly placed","common",424.242424242424,4.38036101433278,27.5338847727009,NA,NA,"TRS"
"3886","Randomly placed","common",429.292929292929,4.35027459288219,27.5338847727009,NA,NA,"TRS"
"3887","Randomly placed","common",434.343434343434,4.32074310954723,27.5338847727009,NA,NA,"TRS"
"3888","Randomly placed","common",439.393939393939,4.29175005244083,27.5338847727009,NA,NA,"TRS"
"3889","Randomly placed","common",444.444444444444,4.26327958346953,27.5338847727009,NA,NA,"TRS"
"3890","Randomly placed","common",449.494949494949,4.23531650355902,27.5338847727009,NA,NA,"TRS"
"3891","Randomly placed","common",454.545454545455,4.2078462200418,27.5338847727009,NA,NA,"TRS"
"3892","Randomly placed","common",459.59595959596,4.18085471605014,27.5338847727009,NA,NA,"TRS"
"3893","Randomly placed","common",464.646464646465,4.15432852177036,27.5338847727009,NA,NA,"TRS"
"3894","Randomly placed","common",469.69696969697,4.12825468742663,27.5338847727009,NA,NA,"TRS"
"3895","Randomly placed","common",474.747474747475,4.10262075787277,27.5338847727009,NA,NA,"TRS"
"3896","Randomly placed","common",479.79797979798,4.07741474868037,27.5338847727009,NA,NA,"TRS"
"3897","Randomly placed","common",484.848484848485,4.05262512362052,27.5338847727009,NA,NA,"TRS"
"3898","Randomly placed","common",489.89898989899,4.02824077344426,27.5338847727009,NA,NA,"TRS"
"3899","Randomly placed","common",494.949494949495,4.00425099587434,27.5338847727009,NA,NA,"TRS"
"3900","Randomly placed","common",500,3.98064547672769,27.5338847727009,NA,NA,"TRS"
"3901","Randomly placed","rare",0,161.873845089275,182.006609934238,NA,NA,"TRS"
"3902","Randomly placed","rare",5.05050505050505,157.67274762169,181.469791701875,NA,NA,"TRS"
"3903","Randomly placed","rare",10.1010101010101,133.447427740485,181.469791701875,NA,NA,"TRS"
"3904","Randomly placed","rare",15.1515151515152,119.276524042005,181.469791701875,NA,NA,"TRS"
"3905","Randomly placed","rare",20.2020202020202,109.22210785928,181.469791701875,NA,NA,"TRS"
"3906","Randomly placed","rare",25.2525252525253,101.423296781886,181.469791701875,NA,NA,"TRS"
"3907","Randomly placed","rare",30.3030303030303,95.0512041608,181.469791701875,NA,NA,"TRS"
"3908","Randomly placed","rare",35.3535353535353,89.6636766147688,181.469791701875,NA,NA,"TRS"
"3909","Randomly placed","rare",40.4040404040404,84.9967879780745,181.469791701875,NA,NA,"TRS"
"3910","Randomly placed","rare",45.4545454545455,80.8803004623202,181.469791701875,NA,NA,"TRS"
"3911","Randomly placed","rare",50.5050505050505,77.1979769006811,181.469791701875,NA,NA,"TRS"
"3912","Randomly placed","rare",55.5555555555556,73.8669100530461,181.469791701875,NA,NA,"TRS"
"3913","Randomly placed","rare",60.6060606060606,70.8258842795947,181.469791701875,NA,NA,"TRS"
"3914","Randomly placed","rare",65.6565656565656,68.0284117486053,181.469791701875,NA,NA,"TRS"
"3915","Randomly placed","rare",70.7070707070707,65.4383567335635,181.469791701875,NA,NA,"TRS"
"3916","Randomly placed","rare",75.7575757575758,63.0270732022013,181.469791701875,NA,NA,"TRS"
"3917","Randomly placed","rare",80.8080808080808,60.7714680968692,181.469791701875,NA,NA,"TRS"
"3918","Randomly placed","rare",85.8585858585859,58.6526527898607,181.469791701875,NA,NA,"TRS"
"3919","Randomly placed","rare",90.9090909090909,56.654980581115,181.469791701875,NA,NA,"TRS"
"3920","Randomly placed","rare",95.959595959596,54.7653447763466,181.469791701875,NA,NA,"TRS"
"3921","Randomly placed","rare",101.010101010101,52.9726570194759,181.469791701875,NA,NA,"TRS"
"3922","Randomly placed","rare",106.060606060606,51.2674530350837,181.469791701875,NA,NA,"TRS"
"3923","Randomly placed","rare",111.111111111111,49.6415901718408,181.469791701875,NA,NA,"TRS"
"3924","Randomly placed","rare",116.161616161616,48.0880122337585,181.469791701875,NA,NA,"TRS"
"3925","Randomly placed","rare",121.212121212121,46.6005643983895,181.469791701875,NA,NA,"TRS"
"3926","Randomly placed","rare",126.262626262626,45.1738459420825,181.469791701875,NA,NA,"TRS"
"3927","Randomly placed","rare",131.313131313131,43.8030918674,181.469791701875,NA,NA,"TRS"
"3928","Randomly placed","rare",136.363636363636,42.4840768826352,181.469791701875,NA,NA,"TRS"
"3929","Randomly placed","rare",141.414141414141,41.2130368523582,181.469791701875,NA,NA,"TRS"
"3930","Randomly placed","rare",146.464646464646,39.986604037909,181.469791701875,NA,NA,"TRS"
"3931","Randomly placed","rare",151.515151515152,38.8017533209961,181.469791701875,NA,NA,"TRS"
"3932","Randomly placed","rare",156.565656565657,37.6557572482813,181.469791701875,NA,NA,"TRS"
"3933","Randomly placed","rare",161.616161616162,36.5461482156639,181.469791701875,NA,NA,"TRS"
"3934","Randomly placed","rare",166.666666666667,35.470686473361,181.469791701875,NA,NA,"TRS"
"3935","Randomly placed","rare",171.717171717172,34.4273329086554,181.469791701875,NA,NA,"TRS"
"3936","Randomly placed","rare",176.767676767677,33.4142257749648,181.469791701875,NA,NA,"TRS"
"3937","Randomly placed","rare",181.818181818182,32.4296606999096,181.469791701875,NA,NA,"TRS"
"3938","Randomly placed","rare",186.868686868687,31.4720734331076,181.469791701875,NA,NA,"TRS"
"3939","Randomly placed","rare",191.919191919192,30.5400248951412,181.469791701875,NA,NA,"TRS"
"3940","Randomly placed","rare",196.969696969697,29.6321881689202,181.469791701875,NA,NA,"TRS"
"3941","Randomly placed","rare",202.020202020202,28.7473371382706,181.469791701875,NA,NA,"TRS"
"3942","Randomly placed","rare",207.070707070707,27.8843365296246,181.469791701875,NA,NA,"TRS"
"3943","Randomly placed","rare",212.121212121212,27.0421331538784,181.469791701875,NA,NA,"TRS"
"3944","Randomly placed","rare",217.171717171717,26.2197481789221,181.469791701875,NA,NA,"TRS"
"3945","Randomly placed","rare",222.222222222222,25.4162702906355,181.469791701875,NA,NA,"TRS"
"3946","Randomly placed","rare",227.272727272727,24.6308496225163,181.469791701875,NA,NA,"TRS"
"3947","Randomly placed","rare",232.323232323232,23.8626923525532,181.469791701875,NA,NA,"TRS"
"3948","Randomly placed","rare",237.373737373737,23.1110558812229,181.469791701875,NA,NA,"TRS"
"3949","Randomly placed","rare",242.424242424242,22.3752445171841,181.469791701875,NA,NA,"TRS"
"3950","Randomly placed","rare",247.474747474747,21.6546056078472,181.469791701875,NA,NA,"TRS"
"3951","Randomly placed","rare",252.525252525253,20.9485260608772,181.469791701875,NA,NA,"TRS"
"3952","Randomly placed","rare",257.575757575758,20.2564292101756,181.469791701875,NA,NA,"TRS"
"3953","Randomly placed","rare",262.626262626263,19.5777719861947,181.469791701875,NA,NA,"TRS"
"3954","Randomly placed","rare",267.676767676768,18.912042355798,181.469791701875,NA,NA,"TRS"
"3955","Randomly placed","rare",272.727272727273,18.2587570014298,181.469791701875,NA,NA,"TRS"
"3956","Randomly placed","rare",277.777777777778,17.6174592132421,181.469791701875,NA,NA,"TRS"
"3957","Randomly placed","rare",282.828282828283,16.9877169711529,181.469791701875,NA,NA,"TRS"
"3958","Randomly placed","rare",287.878787878788,16.3691211966615,181.469791701875,NA,NA,"TRS"
"3959","Randomly placed","rare",292.929292929293,15.7612841567037,181.469791701875,NA,NA,"TRS"
"3960","Randomly placed","rare",297.979797979798,15.1638380039508,181.469791701875,NA,NA,"TRS"
"3961","Randomly placed","rare",303.030303030303,14.5764334397908,181.469791701875,NA,NA,"TRS"
"3962","Randomly placed","rare",308.080808080808,13.9987384878217,181.469791701875,NA,NA,"TRS"
"3963","Randomly placed","rare",313.131313131313,13.430437367076,181.469791701875,NA,NA,"TRS"
"3964","Randomly placed","rare",318.181818181818,12.8712294553986,181.469791701875,NA,NA,"TRS"
"3965","Randomly placed","rare",323.232323232323,12.3208283344586,181.469791701875,NA,NA,"TRS"
"3966","Randomly placed","rare",328.282828282828,11.7789609088013,181.469791701875,NA,NA,"TRS"
"3967","Randomly placed","rare",333.333333333333,11.2453665921557,181.469791701875,NA,NA,"TRS"
"3968","Randomly placed","rare",338.383838383838,10.7197965549292,181.469791701875,NA,NA,"TRS"
"3969","Randomly placed","rare",343.434343434343,10.2020130274501,181.469791701875,NA,NA,"TRS"
"3970","Randomly placed","rare",348.484848484848,9.69178865407343,181.469791701875,NA,NA,"TRS"
"3971","Randomly placed","rare",353.535353535354,9.18890589375954,181.469791701875,NA,NA,"TRS"
"3972","Randomly placed","rare",358.585858585859,8.69315646316863,181.469791701875,NA,NA,"TRS"
"3973","Randomly placed","rare",363.636363636364,8.20434081870437,181.469791701875,NA,NA,"TRS"
"3974","Randomly placed","rare",368.686868686869,7.72226767428154,181.469791701875,NA,NA,"TRS"
"3975","Randomly placed","rare",373.737373737374,7.24675355190226,181.469791701875,NA,NA,"TRS"
"3976","Randomly placed","rare",378.787878787879,6.77762236239744,181.469791701875,NA,NA,"TRS"
"3977","Randomly placed","rare",383.838383838384,6.31470501393596,181.469791701875,NA,NA,"TRS"
"3978","Randomly placed","rare",388.888888888889,5.85783904612444,181.469791701875,NA,NA,"TRS"
"3979","Randomly placed","rare",393.939393939394,5.4068682877149,181.469791701875,NA,NA,"TRS"
"3980","Randomly placed","rare",398.989898989899,4.96164253611644,181.469791701875,NA,NA,"TRS"
"3981","Randomly placed","rare",404.040404040404,4.52201725706527,181.469791701875,NA,NA,"TRS"
"3982","Randomly placed","rare",409.090909090909,4.08785330295007,181.469791701875,NA,NA,"TRS"
"3983","Randomly placed","rare",414.141414141414,3.65901664841937,181.469791701875,NA,NA,"TRS"
"3984","Randomly placed","rare",419.191919191919,3.23537814201404,181.469791701875,NA,NA,"TRS"
"3985","Randomly placed","rare",424.242424242424,2.81681327267313,181.469791701875,NA,NA,"TRS"
"3986","Randomly placed","rare",429.292929292929,2.40320195005671,181.469791701875,NA,NA,"TRS"
"3987","Randomly placed","rare",434.343434343434,1.99442829771678,181.469791701875,NA,NA,"TRS"
"3988","Randomly placed","rare",439.393939393939,1.59038045822388,181.469791701875,NA,NA,"TRS"
"3989","Randomly placed","rare",444.444444444444,1.19095040943017,181.469791701875,NA,NA,"TRS"
"3990","Randomly placed","rare",449.494949494949,0.796033791114354,181.469791701875,NA,NA,"TRS"
"3991","Randomly placed","rare",454.545454545455,0.405529741311,181.469791701875,NA,NA,"TRS"
"3992","Randomly placed","rare",459.59595959596,0.0193407416836635,181.469791701875,NA,NA,"TRS"
"3993","Randomly placed","rare",464.646464646465,-0.362627528652041,181.469791701875,NA,NA,"TRS"
"3994","Randomly placed","rare",469.69696969697,-0.74046633140378,181.469791701875,NA,NA,"TRS"
"3995","Randomly placed","rare",474.747474747475,-1.11426399998243,181.469791701875,NA,NA,"TRS"
"3996","Randomly placed","rare",479.79797979798,-1.4841060634574,181.469791701875,NA,NA,"TRS"
"3997","Randomly placed","rare",484.848484848485,-1.85007536402114,181.469791701875,NA,NA,"TRS"
"3998","Randomly placed","rare",489.89898989899,-2.21225216836757,181.469791701875,NA,NA,"TRS"
"3999","Randomly placed","rare",494.949494949495,-2.57071427335813,181.469791701875,NA,NA,"TRS"
"4000","Randomly placed","rare",500,-2.9255371063241,181.469791701875,NA,NA,"TRS"
"4001","random","common",0,Inf,14.0422985106659,NA,NA,"TRS"
"4002","random","common",5.05050505050505,25.006741627748,14.0422985106659,NA,NA,"TRS"
"4003","random","common",10.1010101010101,17.1804946979175,14.0422985106659,NA,NA,"TRS"
"4004","random","common",15.1515151515152,13.7934922231686,14.0422985106659,NA,NA,"TRS"
"4005","random","common",20.2020202020202,11.8035929054286,14.0422985106659,NA,NA,"TRS"
"4006","random","common",25.2525252525253,10.4600326560921,14.0422985106659,NA,NA,"TRS"
"4007","random","common",30.3030303030303,9.47660529042929,14.0422985106659,NA,NA,"TRS"
"4008","random","common",35.3535353535353,8.71762250370486,14.0422985106659,NA,NA,"TRS"
"4009","random","common",40.4040404040404,8.10947577044864,14.0422985106659,NA,NA,"TRS"
"4010","random","common",45.4545454545455,7.60836539773326,14.0422985106659,NA,NA,"TRS"
"4011","random","common",50.5050505050505,7.18640350123127,14.0422985106659,NA,NA,"TRS"
"4012","random","common",55.5555555555556,6.82488873469651,14.0422985106659,NA,NA,"TRS"
"4013","random","common",60.6060606060606,6.51075495440864,14.0422985106659,NA,NA,"TRS"
"4014","random","common",65.6565656565656,6.23456400131912,14.0422985106659,NA,NA,"TRS"
"4015","random","common",70.7070707070707,5.98930758084676,14.0422985106659,NA,NA,"TRS"
"4016","random","common",75.7575757575758,5.76965928802974,14.0422985106659,NA,NA,"TRS"
"4017","random","common",80.8080808080808,5.57148978267866,14.0422985106659,NA,NA,"TRS"
"4018","random","common",85.8585858585859,5.39154233771705,14.0422985106659,NA,NA,"TRS"
"4019","random","common",90.9090909090909,5.22720965895574,14.0422985106659,NA,NA,"TRS"
"4020","random","common",95.959595959596,5.07637664804873,14.0422985106659,NA,NA,"TRS"
"4021","random","common",101.010101010101,4.93730727049217,14.0422985106659,NA,NA,"TRS"
"4022","random","common",106.060606060606,4.80856162707519,14.0422985106659,NA,NA,"TRS"
"4023","random","common",111.111111111111,4.68893414687108,14.0422985106659,NA,NA,"TRS"
"4024","random","common",116.161616161616,4.57740683003392,14.0422985106659,NA,NA,"TRS"
"4025","random","common",121.212121212121,4.4731133963306,14.0422985106659,NA,NA,"TRS"
"4026","random","common",126.262626262626,4.37531145781531,14.0422985106659,NA,NA,"TRS"
"4027","random","common",131.313131313131,4.28336067781161,14.0422985106659,NA,NA,"TRS"
"4028","random","common",136.363636363636,4.19670545274914,14.0422985106659,NA,NA,"TRS"
"4029","random","common",141.414141414141,4.11486105101976,14.0422985106659,NA,NA,"TRS"
"4030","random","common",146.464646464646,4.03740242252776,14.0422985106659,NA,NA,"TRS"
"4031","random","common",151.515151515152,3.96395509188584,14.0422985106659,NA,NA,"TRS"
"4032","random","common",156.565656565657,3.89418769214401,14.0422985106659,NA,NA,"TRS"
"4033","random","common",161.616161616162,3.82780580116036,14.0422985106659,NA,NA,"TRS"
"4034","random","common",166.666666666667,3.76454682050895,14.0422985106659,NA,NA,"TRS"
"4035","random","common",171.717171717172,3.70417569492388,14.0422985106659,NA,NA,"TRS"
"4036","random","common",176.767676767677,3.64648131410505,14.0422985106659,NA,NA,"TRS"
"4037","random","common",181.818181818182,3.59127347206809,14.0422985106659,NA,NA,"TRS"
"4038","random","common",186.868686868687,3.53838028482789,14.0422985106659,NA,NA,"TRS"
"4039","random","common",191.919191919192,3.48764598701888,14.0422985106659,NA,NA,"TRS"
"4040","random","common",196.969696969697,3.43892904350317,14.0422985106659,NA,NA,"TRS"
"4041","random","common",202.020202020202,3.3921005241465,14.0422985106659,NA,NA,"TRS"
"4042","random","common",207.070707070707,3.34704269952973,14.0422985106659,NA,NA,"TRS"
"4043","random","common",212.121212121212,3.30364782298967,14.0422985106659,NA,NA,"TRS"
"4044","random","common",217.171717171717,3.26181707048655,14.0422985106659,NA,NA,"TRS"
"4045","random","common",222.222222222222,3.22145961470701,14.0422985106659,NA,NA,"TRS"
"4046","random","common",227.272727272727,3.18249181378605,14.0422985106659,NA,NA,"TRS"
"4047","random","common",232.323232323232,3.14483649826438,14.0422985106659,NA,NA,"TRS"
"4048","random","common",237.373737373737,3.10842234253951,14.0422985106659,NA,NA,"TRS"
"4049","random","common",242.424242424242,3.07318330923877,14.0422985106659,NA,NA,"TRS"
"4050","random","common",247.474747474747,3.03905815673216,14.0422985106659,NA,NA,"TRS"
"4051","random","common",252.525252525253,3.00599000148517,14.0422985106659,NA,NA,"TRS"
"4052","random","common",257.575757575758,2.97392592818506,14.0422985106659,NA,NA,"TRS"
"4053","random","common",262.626262626263,2.94281664160329,14.0422985106659,NA,NA,"TRS"
"4054","random","common",267.676767676768,2.91261615501992,14.0422985106659,NA,NA,"TRS"
"4055","random","common",272.727272727273,2.88328151076159,14.0422985106659,NA,NA,"TRS"
"4056","random","common",277.777777777778,2.85477252901698,14.0422985106659,NA,NA,"TRS"
"4057","random","common",282.828282828283,2.82705158161298,14.0422985106659,NA,NA,"TRS"
"4058","random","common",287.878787878788,2.80008338787482,14.0422985106659,NA,NA,"TRS"
"4059","random","common",292.929292929293,2.77383483006954,14.0422985106659,NA,NA,"TRS"
"4060","random","common",297.979797979798,2.74827478625274,14.0422985106659,NA,NA,"TRS"
"4061","random","common",303.030303030303,2.72337397861381,14.0422985106659,NA,NA,"TRS"
"4062","random","common",308.080808080808,2.69910483565116,14.0422985106659,NA,NA,"TRS"
"4063","random","common",313.131313131313,2.67544136671279,14.0422985106659,NA,NA,"TRS"
"4064","random","common",318.181818181818,2.65235904761342,14.0422985106659,NA,NA,"TRS"
"4065","random","common",323.232323232323,2.62983471619192,14.0422985106659,NA,NA,"TRS"
"4066","random","common",328.282828282828,2.60784647680494,14.0422985106659,NA,NA,"TRS"
"4067","random","common",333.333333333333,2.58637361286804,14.0422985106659,NA,NA,"TRS"
"4068","random","common",338.383838383838,2.5653965066557,14.0422985106659,NA,NA,"TRS"
"4069","random","common",343.434343434343,2.54489656565967,14.0422985106659,NA,NA,"TRS"
"4070","random","common",348.484848484848,2.52485615488154,14.0422985106659,NA,NA,"TRS"
"4071","random","common",353.535353535354,2.5052585345034,14.0422985106659,NA,NA,"TRS"
"4072","random","common",358.585858585859,2.48608780243924,14.0422985106659,NA,NA,"TRS"
"4073","random","common",363.636363636364,2.4673288413223,14.0422985106659,NA,NA,"TRS"
"4074","random","common",368.686868686869,2.44896726952956,14.0422985106659,NA,NA,"TRS"
"4075","random","common",373.737373737374,2.43098939588539,14.0422985106659,NA,NA,"TRS"
"4076","random","common",378.787878787879,2.41338217772241,14.0422985106659,NA,NA,"TRS"
"4077","random","common",383.838383838384,2.39613318200973,14.0422985106659,NA,NA,"TRS"
"4078","random","common",388.888888888889,2.37923054928728,14.0422985106659,NA,NA,"TRS"
"4079","random","common",393.939393939394,2.36266296016997,14.0422985106659,NA,NA,"TRS"
"4080","random","common",398.989898989899,2.34641960420849,14.0422985106659,NA,NA,"TRS"
"4081","random","common",404.040404040404,2.33049015091337,14.0422985106659,NA,NA,"TRS"
"4082","random","common",409.090909090909,2.31486472276707,14.0422985106659,NA,NA,"TRS"
"4083","random","common",414.141414141414,2.29953387006512,14.0422985106659,NA,NA,"TRS"
"4084","random","common",419.191919191919,2.28448854744174,14.0422985106659,NA,NA,"TRS"
"4085","random","common",424.242424242424,2.26972009194834,14.0422985106659,NA,NA,"TRS"
"4086","random","common",429.292929292929,2.25522020256512,14.0422985106659,NA,NA,"TRS"
"4087","random","common",434.343434343434,2.24098092103644,14.0422985106659,NA,NA,"TRS"
"4088","random","common",439.393939393939,2.22699461393019,14.0422985106659,NA,NA,"TRS"
"4089","random","common",444.444444444444,2.21325395582989,14.0422985106659,NA,NA,"TRS"
"4090","random","common",449.494949494949,2.19975191357601,14.0422985106659,NA,NA,"TRS"
"4091","random","common",454.545454545455,2.18648173148022,14.0422985106659,NA,NA,"TRS"
"4092","random","common",459.59595959596,2.17343691744226,14.0422985106659,NA,NA,"TRS"
"4093","random","common",464.646464646465,2.16061122990514,14.0422985106659,NA,NA,"TRS"
"4094","random","common",469.69696969697,2.14799866558963,14.0422985106659,NA,NA,"TRS"
"4095","random","common",474.747474747475,2.13559344795364,14.0422985106659,NA,NA,"TRS"
"4096","random","common",479.79797979798,2.12339001632636,14.0422985106659,NA,NA,"TRS"
"4097","random","common",484.848484848485,2.1113830156712,14.0422985106659,NA,NA,"TRS"
"4098","random","common",489.89898989899,2.09956728693497,14.0422985106659,NA,NA,"TRS"
"4099","random","common",494.949494949495,2.08793785794402,14.0422985106659,NA,NA,"TRS"
"4100","random","common",500,2.07648993481126,14.0422985106659,NA,NA,"TRS"
"4101","random","rare",0,147.111458501296,160.628408040613,NA,NA,"TRS"
"4102","random","rare",5.05050505050505,144.105863550804,160.262042967414,NA,NA,"TRS"
"4103","random","rare",10.1010101010101,122.192333560905,160.262042967414,NA,NA,"TRS"
"4104","random","rare",15.1515151515152,109.373740258385,160.262042967414,NA,NA,"TRS"
"4105","random","rare",20.2020202020202,100.278803571006,160.262042967414,NA,NA,"TRS"
"4106","random","rare",25.2525252525253,93.2242226091004,160.262042967414,NA,NA,"TRS"
"4107","random","rare",30.3030303030303,87.4602102684863,160.262042967414,NA,NA,"TRS"
"4108","random","rare",35.3535353535353,82.5868072740038,160.262042967414,NA,NA,"TRS"
"4109","random","rare",40.4040404040404,78.3652735811067,160.262042967414,NA,NA,"TRS"
"4110","random","rare",45.4545454545455,74.6416169659669,160.262042967414,NA,NA,"TRS"
"4111","random","rare",50.5050505050505,71.3106926192014,160.262042967414,NA,NA,"TRS"
"4112","random","rare",55.5555555555556,68.2975050277904,160.262042967414,NA,NA,"TRS"
"4113","random","rare",60.6060606060606,65.5466802785873,160.262042967414,NA,NA,"TRS"
"4114","random","rare",65.6565656565656,63.0161668115054,160.262042967414,NA,NA,"TRS"
"4115","random","rare",70.7070707070707,60.6732772841048,160.262042967414,NA,NA,"TRS"
"4116","random","rare",75.7575757575758,58.492099316682,160.262042967414,NA,NA,"TRS"
"4117","random","rare",80.8080808080808,56.4517435912076,160.262042967414,NA,NA,"TRS"
"4118","random","rare",85.8585858585859,54.5351239964666,160.262042967414,NA,NA,"TRS"
"4119","random","rare",90.9090909090909,52.7280869760679,160.262042967414,NA,NA,"TRS"
"4120","random","rare",95.959595959596,51.0187765900406,160.262042967414,NA,NA,"TRS"
"4121","random","rare",101.010101010101,49.3971626293024,160.262042967414,NA,NA,"TRS"
"4122","random","rare",106.060606060606,47.8546839815854,160.262042967414,NA,NA,"TRS"
"4123","random","rare",111.111111111111,46.3839750378914,160.262042967414,NA,NA,"TRS"
"4124","random","rare",116.161616161616,44.9786529655821,160.262042967414,NA,NA,"TRS"
"4125","random","rare",121.212121212121,43.6331502886883,160.262042967414,NA,NA,"TRS"
"4126","random","rare",126.262626262626,42.3425816673971,160.262042967414,NA,NA,"TRS"
"4127","random","rare",131.313131313131,41.1026368216064,160.262042967414,NA,NA,"TRS"
"4128","random","rare",136.363636363636,39.9094936735485,160.262042967414,NA,NA,"TRS"
"4129","random","rare",141.414141414141,38.7597472942058,160.262042967414,NA,NA,"TRS"
"4130","random","rare",146.464646464646,37.6503513237162,160.262042967414,NA,NA,"TRS"
"4131","random","rare",151.515151515152,36.578569326783,160.262042967414,NA,NA,"TRS"
"4132","random","rare",156.565656565657,35.5419341272939,160.262042967414,NA,NA,"TRS"
"4133","random","rare",161.616161616162,34.5382136013086,160.262042967414,NA,NA,"TRS"
"4134","random","rare",166.666666666667,33.565381735372,160.262042967414,NA,NA,"TRS"
"4135","random","rare",171.717171717172,32.6215940065675,160.262042967414,NA,NA,"TRS"
"4136","random","rare",176.767676767677,31.7051663323005,160.262042967414,NA,NA,"TRS"
"4137","random","rare",181.818181818182,30.8145569861689,160.262042967414,NA,NA,"TRS"
"4138","random","rare",186.868686868687,29.9483509921133,160.262042967414,NA,NA,"TRS"
"4139","random","rare",191.919191919192,29.1052466001416,160.262042967414,NA,NA,"TRS"
"4140","random","rare",196.969696969697,28.284043519087,160.262042967414,NA,NA,"TRS"
"4141","random","rare",202.020202020202,27.4836326394034,160.262042967414,NA,NA,"TRS"
"4142","random","rare",207.070707070707,26.7029870251617,160.262042967414,NA,NA,"TRS"
"4143","random","rare",212.121212121212,25.9411539916864,160.262042967414,NA,NA,"TRS"
"4144","random","rare",217.171717171717,25.1972481155073,160.262042967414,NA,NA,"TRS"
"4145","random","rare",222.222222222222,24.4704450479924,160.262042967414,NA,NA,"TRS"
"4146","random","rare",227.272727272727,23.7599760242636,160.262042967414,NA,NA,"TRS"
"4147","random","rare",232.323232323232,23.0651229756831,160.262042967414,NA,NA,"TRS"
"4148","random","rare",237.373737373737,22.3852141680071,160.262042967414,NA,NA,"TRS"
"4149","random","rare",242.424242424242,21.7196202987893,160.262042967414,NA,NA,"TRS"
"4150","random","rare",247.474747474747,21.0677509972039,160.262042967414,NA,NA,"TRS"
"4151","random","rare",252.525252525253,20.4290516774981,160.262042967414,NA,NA,"TRS"
"4152","random","rare",257.575757575758,19.8030007040481,160.262042967414,NA,NA,"TRS"
"4153","random","rare",262.626262626263,19.1891068317074,160.262042967414,NA,NA,"TRS"
"4154","random","rare",267.676767676768,18.586906889977,160.262042967414,NA,NA,"TRS"
"4155","random","rare",272.727272727273,17.9959636836495,160.262042967414,NA,NA,"TRS"
"4156","random","rare",277.777777777778,17.4158640860871,160.262042967414,NA,NA,"TRS"
"4157","random","rare",282.828282828283,16.8462173043067,160.262042967414,NA,NA,"TRS"
"4158","random","rare",287.878787878788,16.2866532976221,160.262042967414,NA,NA,"TRS"
"4159","random","rare",292.929292929293,15.7368213338172,160.262042967414,NA,NA,"TRS"
"4160","random","rare",297.979797979798,15.196388668742,160.262042967414,NA,NA,"TRS"
"4161","random","rare",303.030303030303,14.665039336884,160.262042967414,NA,NA,"TRS"
"4162","random","rare",308.080808080808,14.1424730419056,160.262042967414,NA,NA,"TRS"
"4163","random","rare",313.131313131313,13.6284041373949,160.262042967414,NA,NA,"TRS"
"4164","random","rare",318.181818181818,13.122560689167,160.262042967414,NA,NA,"TRS"
"4165","random","rare",323.232323232323,12.6246836114096,160.262042967414,NA,NA,"TRS"
"4166","random","rare",328.282828282828,12.1345258698021,160.262042967414,NA,NA,"TRS"
"4167","random","rare",333.333333333333,11.651851745473,160.262042967414,NA,NA,"TRS"
"4168","random","rare",338.383838383838,11.1764361543051,160.262042967414,NA,NA,"TRS"
"4169","random","rare",343.434343434343,10.7080640166685,160.262042967414,NA,NA,"TRS"
"4170","random","rare",348.484848484848,10.2465296731637,160.262042967414,NA,NA,"TRS"
"4171","random","rare",353.535353535354,9.79163634240146,160.262042967414,NA,NA,"TRS"
"4172","random","rare",358.585858585859,9.34319561724277,160.262042967414,NA,NA,"TRS"
"4173","random","rare",363.636363636364,8.90102699626988,160.262042967414,NA,NA,"TRS"
"4174","random","rare",368.686868686869,8.464957447573,160.262042967414,NA,NA,"TRS"
"4175","random","rare",373.737373737374,8.03482100221433,160.262042967414,NA,NA,"TRS"
"4176","random","rare",378.787878787879,7.61045837497872,160.262042967414,NA,NA,"TRS"
"4177","random","rare",383.838383838384,7.19171661024251,160.262042967414,NA,NA,"TRS"
"4178","random","rare",388.888888888889,6.77844875099046,160.262042967414,NA,NA,"TRS"
"4179","random","rare",393.939393939394,6.370513529188,160.262042967414,NA,NA,"TRS"
"4180","random","rare",398.989898989899,5.96777507587672,160.262042967414,NA,NA,"TRS"
"4181","random","rare",404.040404040404,5.57010264950432,160.262042967414,NA,NA,"TRS"
"4182","random","rare",409.090909090909,5.17737038113012,160.262042967414,NA,NA,"TRS"
"4183","random","rare",414.141414141414,4.78945703526273,160.262042967414,NA,NA,"TRS"
"4184","random","rare",419.191919191919,4.4062457851941,160.262042967414,NA,NA,"TRS"
"4185","random","rare",424.242424242424,4.02762400178736,160.262042967414,NA,NA,"TRS"
"4186","random","rare",429.292929292929,3.65348305476326,160.262042967414,NA,NA,"TRS"
"4187","random","rare",434.343434343434,3.28371812560823,160.262042967414,NA,NA,"TRS"
"4188","random","rare",439.393939393939,2.91822803129779,160.262042967414,NA,NA,"TRS"
"4189","random","rare",444.444444444444,2.55691505809335,160.262042967414,NA,NA,"TRS"
"4190","random","rare",449.494949494949,2.19968480472991,160.262042967414,NA,NA,"TRS"
"4191","random","rare",454.545454545455,1.84644603436459,160.262042967414,NA,NA,"TRS"
"4192","random","rare",459.59595959596,1.49711053470548,160.262042967414,NA,NA,"TRS"
"4193","random","rare",464.646464646465,1.15159298578408,160.262042967414,NA,NA,"TRS"
"4194","random","rare",469.69696969697,0.809810834875464,160.262042967414,NA,NA,"TRS"
"4195","random","rare",474.747474747475,0.471684178108063,160.262042967414,NA,NA,"TRS"
"4196","random","rare",479.79797979798,0.137135648337249,160.262042967414,NA,NA,"TRS"
"4197","random","rare",484.848484848485,-0.193909691109752,160.262042967414,NA,NA,"TRS"
"4198","random","rare",489.89898989899,-0.521524447183566,160.262042967414,NA,NA,"TRS"
"4199","random","rare",494.949494949495,-0.845778992695159,160.262042967414,NA,NA,"TRS"
"4200","random","rare",500,-1.16674155704638,160.262042967414,NA,NA,"TRS"
