"","spatial_distribution","density_cat","intensity","predicted","rse","search_method"
"1","Clumped-Poisson","common",0,-0.0110763686649577,0.0580977584286401,"QTS"
"2","Clumped-Poisson","common",5.05050505050505,-0.006346190258965,0.0580977584286401,"QTS"
"3","Clumped-Poisson","common",10.1010101010101,-0.00163228191751488,0.0580977584286401,"QTS"
"4","Clumped-Poisson","common",15.1515151515152,0.00306535635939264,0.0580977584286401,"QTS"
"5","Clumped-Poisson","common",20.2020202020202,0.00774672457175766,0.0580977584286401,"QTS"
"6","Clumped-Poisson","common",25.2525252525253,0.01241182271958,0.0580977584286401,"QTS"
"7","Clumped-Poisson","common",30.3030303030303,0.0170606508028599,0.0580977584286401,"QTS"
"8","Clumped-Poisson","common",35.3535353535353,0.0216932088215971,0.0580977584286401,"QTS"
"9","Clumped-Poisson","common",40.4040404040404,0.0263094967757919,0.0580977584286401,"QTS"
"10","Clumped-Poisson","common",45.4545454545455,0.0309095146654439,0.0580977584286401,"QTS"
"11","Clumped-Poisson","common",50.5050505050505,0.0354932624905535,0.0580977584286401,"QTS"
"12","Clumped-Poisson","common",55.5555555555556,0.0400607402511205,0.0580977584286401,"QTS"
"13","Clumped-Poisson","common",60.6060606060606,0.044611947947145,0.0580977584286401,"QTS"
"14","Clumped-Poisson","common",65.6565656565656,0.0491468855786268,0.0580977584286401,"QTS"
"15","Clumped-Poisson","common",70.7070707070707,0.0536655531455661,0.0580977584286401,"QTS"
"16","Clumped-Poisson","common",75.7575757575758,0.0581679506479628,0.0580977584286401,"QTS"
"17","Clumped-Poisson","common",80.8080808080808,0.0626540780858169,0.0580977584286401,"QTS"
"18","Clumped-Poisson","common",85.8585858585859,0.0671239354591285,0.0580977584286401,"QTS"
"19","Clumped-Poisson","common",90.9090909090909,0.0715775227678975,0.0580977584286401,"QTS"
"20","Clumped-Poisson","common",95.959595959596,0.0760148400121239,0.0580977584286401,"QTS"
"21","Clumped-Poisson","common",101.010101010101,0.0804358871918078,0.0580977584286401,"QTS"
"22","Clumped-Poisson","common",106.060606060606,0.0848406643069491,0.0580977584286401,"QTS"
"23","Clumped-Poisson","common",111.111111111111,0.0892291713575478,0.0580977584286401,"QTS"
"24","Clumped-Poisson","common",116.161616161616,0.093601408343604,0.0580977584286401,"QTS"
"25","Clumped-Poisson","common",121.212121212121,0.0979573752651176,0.0580977584286401,"QTS"
"26","Clumped-Poisson","common",126.262626262626,0.102297072122089,0.0580977584286401,"QTS"
"27","Clumped-Poisson","common",131.313131313131,0.106620498914517,0.0580977584286401,"QTS"
"28","Clumped-Poisson","common",136.363636363636,0.110927655642403,0.0580977584286401,"QTS"
"29","Clumped-Poisson","common",141.414141414141,0.115218542305746,0.0580977584286401,"QTS"
"30","Clumped-Poisson","common",146.464646464646,0.119493158904547,0.0580977584286401,"QTS"
"31","Clumped-Poisson","common",151.515151515152,0.123751505438805,0.0580977584286401,"QTS"
"32","Clumped-Poisson","common",156.565656565657,0.127993581908521,0.0580977584286401,"QTS"
"33","Clumped-Poisson","common",161.616161616162,0.132219388313694,0.0580977584286401,"QTS"
"34","Clumped-Poisson","common",166.666666666667,0.136428924654324,0.0580977584286401,"QTS"
"35","Clumped-Poisson","common",171.717171717172,0.140622190930412,0.0580977584286401,"QTS"
"36","Clumped-Poisson","common",176.767676767677,0.144799187141957,0.0580977584286401,"QTS"
"37","Clumped-Poisson","common",181.818181818182,0.14895991328896,0.0580977584286401,"QTS"
"38","Clumped-Poisson","common",186.868686868687,0.15310436937142,0.0580977584286401,"QTS"
"39","Clumped-Poisson","common",191.919191919192,0.157232555389338,0.0580977584286401,"QTS"
"40","Clumped-Poisson","common",196.969696969697,0.161344471342713,0.0580977584286401,"QTS"
"41","Clumped-Poisson","common",202.020202020202,0.165440117231546,0.0580977584286401,"QTS"
"42","Clumped-Poisson","common",207.070707070707,0.169519493055835,0.0580977584286401,"QTS"
"43","Clumped-Poisson","common",212.121212121212,0.173582598815583,0.0580977584286401,"QTS"
"44","Clumped-Poisson","common",217.171717171717,0.177629434510787,0.0580977584286401,"QTS"
"45","Clumped-Poisson","common",222.222222222222,0.18166000014145,0.0580977584286401,"QTS"
"46","Clumped-Poisson","common",227.272727272727,0.185674295707569,0.0580977584286401,"QTS"
"47","Clumped-Poisson","common",232.323232323232,0.189672321209146,0.0580977584286401,"QTS"
"48","Clumped-Poisson","common",237.373737373737,0.193654076646181,0.0580977584286401,"QTS"
"49","Clumped-Poisson","common",242.424242424242,0.197619562018673,0.0580977584286401,"QTS"
"50","Clumped-Poisson","common",247.474747474747,0.201568777326622,0.0580977584286401,"QTS"
"51","Clumped-Poisson","common",252.525252525253,0.205501722570029,0.0580977584286401,"QTS"
"52","Clumped-Poisson","common",257.575757575758,0.209418397748893,0.0580977584286401,"QTS"
"53","Clumped-Poisson","common",262.626262626263,0.213318802863215,0.0580977584286401,"QTS"
"54","Clumped-Poisson","common",267.676767676768,0.217202937912994,0.0580977584286401,"QTS"
"55","Clumped-Poisson","common",272.727272727273,0.22107080289823,0.0580977584286401,"QTS"
"56","Clumped-Poisson","common",277.777777777778,0.224922397818924,0.0580977584286401,"QTS"
"57","Clumped-Poisson","common",282.828282828283,0.228757722675076,0.0580977584286401,"QTS"
"58","Clumped-Poisson","common",287.878787878788,0.232576777466684,0.0580977584286401,"QTS"
"59","Clumped-Poisson","common",292.929292929293,0.236379562193751,0.0580977584286401,"QTS"
"60","Clumped-Poisson","common",297.979797979798,0.240166076856274,0.0580977584286401,"QTS"
"61","Clumped-Poisson","common",303.030303030303,0.243936321454255,0.0580977584286401,"QTS"
"62","Clumped-Poisson","common",308.080808080808,0.247690295987694,0.0580977584286401,"QTS"
"63","Clumped-Poisson","common",313.131313131313,0.25142800045659,0.0580977584286401,"QTS"
"64","Clumped-Poisson","common",318.181818181818,0.255149434860943,0.0580977584286401,"QTS"
"65","Clumped-Poisson","common",323.232323232323,0.258854599200754,0.0580977584286401,"QTS"
"66","Clumped-Poisson","common",328.282828282828,0.262543493476022,0.0580977584286401,"QTS"
"67","Clumped-Poisson","common",333.333333333333,0.266216117686748,0.0580977584286401,"QTS"
"68","Clumped-Poisson","common",338.383838383838,0.269872471832931,0.0580977584286401,"QTS"
"69","Clumped-Poisson","common",343.434343434343,0.273512555914572,0.0580977584286401,"QTS"
"70","Clumped-Poisson","common",348.484848484848,0.27713636993167,0.0580977584286401,"QTS"
"71","Clumped-Poisson","common",353.535353535354,0.280743913884225,0.0580977584286401,"QTS"
"72","Clumped-Poisson","common",358.585858585859,0.284335187772238,0.0580977584286401,"QTS"
"73","Clumped-Poisson","common",363.636363636364,0.287910191595708,0.0580977584286401,"QTS"
"74","Clumped-Poisson","common",368.686868686869,0.291468925354636,0.0580977584286401,"QTS"
"75","Clumped-Poisson","common",373.737373737374,0.295011389049021,0.0580977584286401,"QTS"
"76","Clumped-Poisson","common",378.787878787879,0.298537582678863,0.0580977584286401,"QTS"
"77","Clumped-Poisson","common",383.838383838384,0.302047506244163,0.0580977584286401,"QTS"
"78","Clumped-Poisson","common",388.888888888889,0.305541159744921,0.0580977584286401,"QTS"
"79","Clumped-Poisson","common",393.939393939394,0.309018543181136,0.0580977584286401,"QTS"
"80","Clumped-Poisson","common",398.989898989899,0.312479656552808,0.0580977584286401,"QTS"
"81","Clumped-Poisson","common",404.040404040404,0.315924499859938,0.0580977584286401,"QTS"
"82","Clumped-Poisson","common",409.090909090909,0.319353073102525,0.0580977584286401,"QTS"
"83","Clumped-Poisson","common",414.141414141414,0.322765376280569,0.0580977584286401,"QTS"
"84","Clumped-Poisson","common",419.191919191919,0.326161409394071,0.0580977584286401,"QTS"
"85","Clumped-Poisson","common",424.242424242424,0.329541172443031,0.0580977584286401,"QTS"
"86","Clumped-Poisson","common",429.292929292929,0.332904665427448,0.0580977584286401,"QTS"
"87","Clumped-Poisson","common",434.343434343434,0.336251888347322,0.0580977584286401,"QTS"
"88","Clumped-Poisson","common",439.393939393939,0.339582841202654,0.0580977584286401,"QTS"
"89","Clumped-Poisson","common",444.444444444444,0.342897523993443,0.0580977584286401,"QTS"
"90","Clumped-Poisson","common",449.494949494949,0.346195936719689,0.0580977584286401,"QTS"
"91","Clumped-Poisson","common",454.545454545455,0.349478079381393,0.0580977584286401,"QTS"
"92","Clumped-Poisson","common",459.59595959596,0.352743951978555,0.0580977584286401,"QTS"
"93","Clumped-Poisson","common",464.646464646465,0.355993554511174,0.0580977584286401,"QTS"
"94","Clumped-Poisson","common",469.69696969697,0.35922688697925,0.0580977584286401,"QTS"
"95","Clumped-Poisson","common",474.747474747475,0.362443949382784,0.0580977584286401,"QTS"
"96","Clumped-Poisson","common",479.79797979798,0.365644741721775,0.0580977584286401,"QTS"
"97","Clumped-Poisson","common",484.848484848485,0.368829263996223,0.0580977584286401,"QTS"
"98","Clumped-Poisson","common",489.89898989899,0.371997516206129,0.0580977584286401,"QTS"
"99","Clumped-Poisson","common",494.949494949495,0.375149498351493,0.0580977584286401,"QTS"
"100","Clumped-Poisson","common",500,0.378285210432314,0.0580977584286401,"QTS"
"101","Clumped-Poisson","rare",0,-0.00190221968471555,0.124303326201761,"QTS"
"102","Clumped-Poisson","rare",5.05050505050505,0.00179544328005557,0.124303326201761,"QTS"
"103","Clumped-Poisson","rare",10.1010101010101,0.00547936506697584,0.124303326201761,"QTS"
"104","Clumped-Poisson","rare",15.1515151515152,0.00914954567604516,0.124303326201761,"QTS"
"105","Clumped-Poisson","rare",20.2020202020202,0.0128059851072635,0.124303326201761,"QTS"
"106","Clumped-Poisson","rare",25.2525252525253,0.016448683360631,0.124303326201761,"QTS"
"107","Clumped-Poisson","rare",30.3030303030303,0.0200776404361475,0.124303326201761,"QTS"
"108","Clumped-Poisson","rare",35.3535353535353,0.0236928563338131,0.124303326201761,"QTS"
"109","Clumped-Poisson","rare",40.4040404040404,0.0272943310536278,0.124303326201761,"QTS"
"110","Clumped-Poisson","rare",45.4545454545455,0.0308820645955915,0.124303326201761,"QTS"
"111","Clumped-Poisson","rare",50.5050505050505,0.0344560569597043,0.124303326201761,"QTS"
"112","Clumped-Poisson","rare",55.5555555555556,0.0380163081459662,0.124303326201761,"QTS"
"113","Clumped-Poisson","rare",60.6060606060606,0.0415628181543772,0.124303326201761,"QTS"
"114","Clumped-Poisson","rare",65.6565656565656,0.0450955869849372,0.124303326201761,"QTS"
"115","Clumped-Poisson","rare",70.7070707070707,0.0486146146376463,0.124303326201761,"QTS"
"116","Clumped-Poisson","rare",75.7575757575758,0.0521199011125045,0.124303326201761,"QTS"
"117","Clumped-Poisson","rare",80.8080808080808,0.0556114464095117,0.124303326201761,"QTS"
"118","Clumped-Poisson","rare",85.8585858585859,0.059089250528668,0.124303326201761,"QTS"
"119","Clumped-Poisson","rare",90.9090909090909,0.0625533134699734,0.124303326201761,"QTS"
"120","Clumped-Poisson","rare",95.959595959596,0.0660036352334279,0.124303326201761,"QTS"
"121","Clumped-Poisson","rare",101.010101010101,0.0694402158190314,0.124303326201761,"QTS"
"122","Clumped-Poisson","rare",106.060606060606,0.072863055226784,0.124303326201761,"QTS"
"123","Clumped-Poisson","rare",111.111111111111,0.0762721534566856,0.124303326201761,"QTS"
"124","Clumped-Poisson","rare",116.161616161616,0.0796675105087364,0.124303326201761,"QTS"
"125","Clumped-Poisson","rare",121.212121212121,0.0830491263829362,0.124303326201761,"QTS"
"126","Clumped-Poisson","rare",126.262626262626,0.0864170010792851,0.124303326201761,"QTS"
"127","Clumped-Poisson","rare",131.313131313131,0.089771134597783,0.124303326201761,"QTS"
"128","Clumped-Poisson","rare",136.363636363636,0.0931115269384301,0.124303326201761,"QTS"
"129","Clumped-Poisson","rare",141.414141414141,0.0964381781012261,0.124303326201761,"QTS"
"130","Clumped-Poisson","rare",146.464646464646,0.0997510880861713,0.124303326201761,"QTS"
"131","Clumped-Poisson","rare",151.515151515152,0.103050256893266,0.124303326201761,"QTS"
"132","Clumped-Poisson","rare",156.565656565657,0.106335684522509,0.124303326201761,"QTS"
"133","Clumped-Poisson","rare",161.616161616162,0.109607370973901,0.124303326201761,"QTS"
"134","Clumped-Poisson","rare",166.666666666667,0.112865316247443,0.124303326201761,"QTS"
"135","Clumped-Poisson","rare",171.717171717172,0.116109520343133,0.124303326201761,"QTS"
"136","Clumped-Poisson","rare",176.767676767677,0.119339983260973,0.124303326201761,"QTS"
"137","Clumped-Poisson","rare",181.818181818182,0.122556705000961,0.124303326201761,"QTS"
"138","Clumped-Poisson","rare",186.868686868687,0.125759685563099,0.124303326201761,"QTS"
"139","Clumped-Poisson","rare",191.919191919192,0.128948924947386,0.124303326201761,"QTS"
"140","Clumped-Poisson","rare",196.969696969697,0.132124423153822,0.124303326201761,"QTS"
"141","Clumped-Poisson","rare",202.020202020202,0.135286180182407,0.124303326201761,"QTS"
"142","Clumped-Poisson","rare",207.070707070707,0.138434196033141,0.124303326201761,"QTS"
"143","Clumped-Poisson","rare",212.121212121212,0.141568470706024,0.124303326201761,"QTS"
"144","Clumped-Poisson","rare",217.171717171717,0.144689004201056,0.124303326201761,"QTS"
"145","Clumped-Poisson","rare",222.222222222222,0.147795796518237,0.124303326201761,"QTS"
"146","Clumped-Poisson","rare",227.272727272727,0.150888847657568,0.124303326201761,"QTS"
"147","Clumped-Poisson","rare",232.323232323232,0.153968157619047,0.124303326201761,"QTS"
"148","Clumped-Poisson","rare",237.373737373737,0.157033726402676,0.124303326201761,"QTS"
"149","Clumped-Poisson","rare",242.424242424242,0.160085554008453,0.124303326201761,"QTS"
"150","Clumped-Poisson","rare",247.474747474747,0.16312364043638,0.124303326201761,"QTS"
"151","Clumped-Poisson","rare",252.525252525253,0.166147985686455,0.124303326201761,"QTS"
"152","Clumped-Poisson","rare",257.575757575758,0.16915858975868,0.124303326201761,"QTS"
"153","Clumped-Poisson","rare",262.626262626263,0.172155452653054,0.124303326201761,"QTS"
"154","Clumped-Poisson","rare",267.676767676768,0.175138574369577,0.124303326201761,"QTS"
"155","Clumped-Poisson","rare",272.727272727273,0.178107954908249,0.124303326201761,"QTS"
"156","Clumped-Poisson","rare",277.777777777778,0.18106359426907,0.124303326201761,"QTS"
"157","Clumped-Poisson","rare",282.828282828283,0.18400549245204,0.124303326201761,"QTS"
"158","Clumped-Poisson","rare",287.878787878788,0.186933649457159,0.124303326201761,"QTS"
"159","Clumped-Poisson","rare",292.929292929293,0.189848065284427,0.124303326201761,"QTS"
"160","Clumped-Poisson","rare",297.979797979798,0.192748739933845,0.124303326201761,"QTS"
"161","Clumped-Poisson","rare",303.030303030303,0.195635673405411,0.124303326201761,"QTS"
"162","Clumped-Poisson","rare",308.080808080808,0.198508865699126,0.124303326201761,"QTS"
"163","Clumped-Poisson","rare",313.131313131313,0.201368316814991,0.124303326201761,"QTS"
"164","Clumped-Poisson","rare",318.181818181818,0.204214026753005,0.124303326201761,"QTS"
"165","Clumped-Poisson","rare",323.232323232323,0.207045995513167,0.124303326201761,"QTS"
"166","Clumped-Poisson","rare",328.282828282828,0.209864223095479,0.124303326201761,"QTS"
"167","Clumped-Poisson","rare",333.333333333333,0.21266870949994,0.124303326201761,"QTS"
"168","Clumped-Poisson","rare",338.383838383838,0.21545945472655,0.124303326201761,"QTS"
"169","Clumped-Poisson","rare",343.434343434343,0.218236458775309,0.124303326201761,"QTS"
"170","Clumped-Poisson","rare",348.484848484848,0.220999721646217,0.124303326201761,"QTS"
"171","Clumped-Poisson","rare",353.535353535354,0.223749243339274,0.124303326201761,"QTS"
"172","Clumped-Poisson","rare",358.585858585859,0.22648502385448,0.124303326201761,"QTS"
"173","Clumped-Poisson","rare",363.636363636364,0.229207063191835,0.124303326201761,"QTS"
"174","Clumped-Poisson","rare",368.686868686869,0.231915361351339,0.124303326201761,"QTS"
"175","Clumped-Poisson","rare",373.737373737374,0.234609918332993,0.124303326201761,"QTS"
"176","Clumped-Poisson","rare",378.787878787879,0.237290734136795,0.124303326201761,"QTS"
"177","Clumped-Poisson","rare",383.838383838384,0.239957808762747,0.124303326201761,"QTS"
"178","Clumped-Poisson","rare",388.888888888889,0.242611142210847,0.124303326201761,"QTS"
"179","Clumped-Poisson","rare",393.939393939394,0.245250734481097,0.124303326201761,"QTS"
"180","Clumped-Poisson","rare",398.989898989899,0.247876585573496,0.124303326201761,"QTS"
"181","Clumped-Poisson","rare",404.040404040404,0.250488695488044,0.124303326201761,"QTS"
"182","Clumped-Poisson","rare",409.090909090909,0.25308706422474,0.124303326201761,"QTS"
"183","Clumped-Poisson","rare",414.141414141414,0.255671691783586,0.124303326201761,"QTS"
"184","Clumped-Poisson","rare",419.191919191919,0.258242578164581,0.124303326201761,"QTS"
"185","Clumped-Poisson","rare",424.242424242424,0.260799723367726,0.124303326201761,"QTS"
"186","Clumped-Poisson","rare",429.292929292929,0.263343127393019,0.124303326201761,"QTS"
"187","Clumped-Poisson","rare",434.343434343434,0.265872790240461,0.124303326201761,"QTS"
"188","Clumped-Poisson","rare",439.393939393939,0.268388711910052,0.124303326201761,"QTS"
"189","Clumped-Poisson","rare",444.444444444444,0.270890892401793,0.124303326201761,"QTS"
"190","Clumped-Poisson","rare",449.494949494949,0.273379331715682,0.124303326201761,"QTS"
"191","Clumped-Poisson","rare",454.545454545455,0.275854029851721,0.124303326201761,"QTS"
"192","Clumped-Poisson","rare",459.59595959596,0.278314986809908,0.124303326201761,"QTS"
"193","Clumped-Poisson","rare",464.646464646465,0.280762202590245,0.124303326201761,"QTS"
"194","Clumped-Poisson","rare",469.69696969697,0.283195677192731,0.124303326201761,"QTS"
"195","Clumped-Poisson","rare",474.747474747475,0.285615410617365,0.124303326201761,"QTS"
"196","Clumped-Poisson","rare",479.79797979798,0.288021402864149,0.124303326201761,"QTS"
"197","Clumped-Poisson","rare",484.848484848485,0.290413653933082,0.124303326201761,"QTS"
"198","Clumped-Poisson","rare",489.89898989899,0.292792163824164,0.124303326201761,"QTS"
"199","Clumped-Poisson","rare",494.949494949495,0.295156932537395,0.124303326201761,"QTS"
"200","Clumped-Poisson","rare",500,0.297507960072775,0.124303326201761,"QTS"
"201","One shore only","common",0,0.000380615432740247,0.0608247231708351,"QTS"
"202","One shore only","common",5.05050505050505,0.00305611618337342,0.0608247231708351,"QTS"
"203","One shore only","common",10.1010101010101,0.00572161371625408,0.0608247231708351,"QTS"
"204","One shore only","common",15.1515151515152,0.00837710803138219,0.0608247231708351,"QTS"
"205","One shore only","common",20.2020202020202,0.0110225991287578,0.0608247231708351,"QTS"
"206","One shore only","common",25.2525252525253,0.0136580870083809,0.0608247231708351,"QTS"
"207","One shore only","common",30.3030303030303,0.0162835716702514,0.0608247231708351,"QTS"
"208","One shore only","common",35.3535353535353,0.0188990531143694,0.0608247231708351,"QTS"
"209","One shore only","common",40.4040404040404,0.0215045313407349,0.0608247231708351,"QTS"
"210","One shore only","common",45.4545454545455,0.0241000063493478,0.0608247231708351,"QTS"
"211","One shore only","common",50.5050505050505,0.0266854781402083,0.0608247231708351,"QTS"
"212","One shore only","common",55.5555555555556,0.0292609467133162,0.0608247231708351,"QTS"
"213","One shore only","common",60.6060606060606,0.0318264120686715,0.0608247231708351,"QTS"
"214","One shore only","common",65.6565656565656,0.0343818742062744,0.0608247231708351,"QTS"
"215","One shore only","common",70.7070707070707,0.0369273331261247,0.0608247231708351,"QTS"
"216","One shore only","common",75.7575757575758,0.0394627888282225,0.0608247231708351,"QTS"
"217","One shore only","common",80.8080808080808,0.0419882413125677,0.0608247231708351,"QTS"
"218","One shore only","common",85.8585858585859,0.0445036905791605,0.0608247231708351,"QTS"
"219","One shore only","common",90.9090909090909,0.0470091366280006,0.0608247231708351,"QTS"
"220","One shore only","common",95.959595959596,0.0495045794590883,0.0608247231708351,"QTS"
"221","One shore only","common",101.010101010101,0.0519900190724235,0.0608247231708351,"QTS"
"222","One shore only","common",106.060606060606,0.0544654554680061,0.0608247231708351,"QTS"
"223","One shore only","common",111.111111111111,0.0569308886458361,0.0608247231708351,"QTS"
"224","One shore only","common",116.161616161616,0.0593863186059137,0.0608247231708351,"QTS"
"225","One shore only","common",121.212121212121,0.0618317453482387,0.0608247231708351,"QTS"
"226","One shore only","common",126.262626262626,0.0642671688728112,0.0608247231708351,"QTS"
"227","One shore only","common",131.313131313131,0.0666925891796312,0.0608247231708351,"QTS"
"228","One shore only","common",136.363636363636,0.0691080062686986,0.0608247231708351,"QTS"
"229","One shore only","common",141.414141414141,0.0715134201400136,0.0608247231708351,"QTS"
"230","One shore only","common",146.464646464646,0.0739088307935759,0.0608247231708351,"QTS"
"231","One shore only","common",151.515151515152,0.0762942382293858,0.0608247231708351,"QTS"
"232","One shore only","common",156.565656565657,0.0786696424474431,0.0608247231708351,"QTS"
"233","One shore only","common",161.616161616162,0.0810350434477479,0.0608247231708351,"QTS"
"234","One shore only","common",166.666666666667,0.0833904412303002,0.0608247231708351,"QTS"
"235","One shore only","common",171.717171717172,0.0857358357950999,0.0608247231708351,"QTS"
"236","One shore only","common",176.767676767677,0.0880712271421471,0.0608247231708351,"QTS"
"237","One shore only","common",181.818181818182,0.0903966152714418,0.0608247231708351,"QTS"
"238","One shore only","common",186.868686868687,0.092712000182984,0.0608247231708351,"QTS"
"239","One shore only","common",191.919191919192,0.0950173818767736,0.0608247231708351,"QTS"
"240","One shore only","common",196.969696969697,0.0973127603528107,0.0608247231708351,"QTS"
"241","One shore only","common",202.020202020202,0.0995981356110953,0.0608247231708351,"QTS"
"242","One shore only","common",207.070707070707,0.101873507651627,0.0608247231708351,"QTS"
"243","One shore only","common",212.121212121212,0.104138876474407,0.0608247231708351,"QTS"
"244","One shore only","common",217.171717171717,0.106394242079434,0.0608247231708351,"QTS"
"245","One shore only","common",222.222222222222,0.108639604466708,0.0608247231708351,"QTS"
"246","One shore only","common",227.272727272727,0.11087496363623,0.0608247231708351,"QTS"
"247","One shore only","common",232.323232323232,0.113100319588,0.0608247231708351,"QTS"
"248","One shore only","common",237.373737373737,0.115315672322016,0.0608247231708351,"QTS"
"249","One shore only","common",242.424242424242,0.117521021838281,0.0608247231708351,"QTS"
"250","One shore only","common",247.474747474747,0.119716368136793,0.0608247231708351,"QTS"
"251","One shore only","common",252.525252525253,0.121901711217552,0.0608247231708351,"QTS"
"252","One shore only","common",257.575757575758,0.124077051080559,0.0608247231708351,"QTS"
"253","One shore only","common",262.626262626263,0.126242387725813,0.0608247231708351,"QTS"
"254","One shore only","common",267.676767676768,0.128397721153315,0.0608247231708351,"QTS"
"255","One shore only","common",272.727272727273,0.130543051363064,0.0608247231708351,"QTS"
"256","One shore only","common",277.777777777778,0.13267837835506,0.0608247231708351,"QTS"
"257","One shore only","common",282.828282828283,0.134803702129305,0.0608247231708351,"QTS"
"258","One shore only","common",287.878787878788,0.136919022685796,0.0608247231708351,"QTS"
"259","One shore only","common",292.929292929293,0.139024340024535,0.0608247231708351,"QTS"
"260","One shore only","common",297.979797979798,0.141119654145522,0.0608247231708351,"QTS"
"261","One shore only","common",303.030303030303,0.143204965048756,0.0608247231708351,"QTS"
"262","One shore only","common",308.080808080808,0.145280272734237,0.0608247231708351,"QTS"
"263","One shore only","common",313.131313131313,0.147345577201966,0.0608247231708351,"QTS"
"264","One shore only","common",318.181818181818,0.149400878451943,0.0608247231708351,"QTS"
"265","One shore only","common",323.232323232323,0.151446176484166,0.0608247231708351,"QTS"
"266","One shore only","common",328.282828282828,0.153481471298638,0.0608247231708351,"QTS"
"267","One shore only","common",333.333333333333,0.155506762895357,0.0608247231708351,"QTS"
"268","One shore only","common",338.383838383838,0.157522051274323,0.0608247231708351,"QTS"
"269","One shore only","common",343.434343434343,0.159527336435537,0.0608247231708351,"QTS"
"270","One shore only","common",348.484848484848,0.161522618378998,0.0608247231708351,"QTS"
"271","One shore only","common",353.535353535354,0.163507897104707,0.0608247231708351,"QTS"
"272","One shore only","common",358.585858585859,0.165483172612663,0.0608247231708351,"QTS"
"273","One shore only","common",363.636363636364,0.167448444902867,0.0608247231708351,"QTS"
"274","One shore only","common",368.686868686869,0.169403713975318,0.0608247231708351,"QTS"
"275","One shore only","common",373.737373737374,0.171348979830016,0.0608247231708351,"QTS"
"276","One shore only","common",378.787878787879,0.173284242466962,0.0608247231708351,"QTS"
"277","One shore only","common",383.838383838384,0.175209501886156,0.0608247231708351,"QTS"
"278","One shore only","common",388.888888888889,0.177124758087597,0.0608247231708351,"QTS"
"279","One shore only","common",393.939393939394,0.179030011071285,0.0608247231708351,"QTS"
"280","One shore only","common",398.989898989899,0.180925260837221,0.0608247231708351,"QTS"
"281","One shore only","common",404.040404040404,0.182810507385405,0.0608247231708351,"QTS"
"282","One shore only","common",409.090909090909,0.184685750715836,0.0608247231708351,"QTS"
"283","One shore only","common",414.141414141414,0.186550990828514,0.0608247231708351,"QTS"
"284","One shore only","common",419.191919191919,0.18840622772344,0.0608247231708351,"QTS"
"285","One shore only","common",424.242424242424,0.190251461400613,0.0608247231708351,"QTS"
"286","One shore only","common",429.292929292929,0.192086691860034,0.0608247231708351,"QTS"
"287","One shore only","common",434.343434343434,0.193911919101702,0.0608247231708351,"QTS"
"288","One shore only","common",439.393939393939,0.195727143125618,0.0608247231708351,"QTS"
"289","One shore only","common",444.444444444444,0.197532363931781,0.0608247231708351,"QTS"
"290","One shore only","common",449.494949494949,0.199327581520192,0.0608247231708351,"QTS"
"291","One shore only","common",454.545454545455,0.20111279589085,0.0608247231708351,"QTS"
"292","One shore only","common",459.59595959596,0.202888007043756,0.0608247231708351,"QTS"
"293","One shore only","common",464.646464646465,0.204653214978909,0.0608247231708351,"QTS"
"294","One shore only","common",469.69696969697,0.206408419696309,0.0608247231708351,"QTS"
"295","One shore only","common",474.747474747475,0.208153621195957,0.0608247231708351,"QTS"
"296","One shore only","common",479.79797979798,0.209888819477853,0.0608247231708351,"QTS"
"297","One shore only","common",484.848484848485,0.211614014541996,0.0608247231708351,"QTS"
"298","One shore only","common",489.89898989899,0.213329206388386,0.0608247231708351,"QTS"
"299","One shore only","common",494.949494949495,0.215034395017024,0.0608247231708351,"QTS"
"300","One shore only","common",500,0.21672958042791,0.0608247231708351,"QTS"
"301","One shore only","rare",0,-0.0069454455966005,0.126158026409708,"QTS"
"302","One shore only","rare",5.05050505050505,-0.00414159464647857,0.126158026409708,"QTS"
"303","One shore only","rare",10.1010101010101,-0.00134704657635828,0.126158026409708,"QTS"
"304","One shore only","rare",15.1515151515152,0.00143819861376035,0.126158026409708,"QTS"
"305","One shore only","rare",20.2020202020202,0.00421414092387734,0.126158026409708,"QTS"
"306","One shore only","rare",25.2525252525253,0.00698078035399267,0.126158026409708,"QTS"
"307","One shore only","rare",30.3030303030303,0.00973811690410637,0.126158026409708,"QTS"
"308","One shore only","rare",35.3535353535353,0.0124861505742184,0.126158026409708,"QTS"
"309","One shore only","rare",40.4040404040404,0.0152248813643288,0.126158026409708,"QTS"
"310","One shore only","rare",45.4545454545455,0.0179543092744376,0.126158026409708,"QTS"
"311","One shore only","rare",50.5050505050505,0.0206744343045447,0.126158026409708,"QTS"
"312","One shore only","rare",55.5555555555556,0.0233852564546501,0.126158026409708,"QTS"
"313","One shore only","rare",60.6060606060606,0.0260867757247539,0.126158026409708,"QTS"
"314","One shore only","rare",65.6565656565656,0.0287789921148561,0.126158026409708,"QTS"
"315","One shore only","rare",70.7070707070707,0.0314619056249566,0.126158026409708,"QTS"
"316","One shore only","rare",75.7575757575758,0.0341355162550555,0.126158026409708,"QTS"
"317","One shore only","rare",80.8080808080808,0.0367998240051527,0.126158026409708,"QTS"
"318","One shore only","rare",85.8585858585859,0.0394548288752483,0.126158026409708,"QTS"
"319","One shore only","rare",90.9090909090909,0.0421005308653422,0.126158026409708,"QTS"
"320","One shore only","rare",95.959595959596,0.0447369299754345,0.126158026409708,"QTS"
"321","One shore only","rare",101.010101010101,0.0473640262055251,0.126158026409708,"QTS"
"322","One shore only","rare",106.060606060606,0.0499818195556141,0.126158026409708,"QTS"
"323","One shore only","rare",111.111111111111,0.0525903100257014,0.126158026409708,"QTS"
"324","One shore only","rare",116.161616161616,0.0551894976157871,0.126158026409708,"QTS"
"325","One shore only","rare",121.212121212121,0.0577793823258711,0.126158026409708,"QTS"
"326","One shore only","rare",126.262626262626,0.0603599641559535,0.126158026409708,"QTS"
"327","One shore only","rare",131.313131313131,0.0629312431060343,0.126158026409708,"QTS"
"328","One shore only","rare",136.363636363636,0.0654932191761134,0.126158026409708,"QTS"
"329","One shore only","rare",141.414141414141,0.0680458923661908,0.126158026409708,"QTS"
"330","One shore only","rare",146.464646464646,0.0705892626762666,0.126158026409708,"QTS"
"331","One shore only","rare",151.515151515152,0.0731233301063408,0.126158026409708,"QTS"
"332","One shore only","rare",156.565656565657,0.0756480946564133,0.126158026409708,"QTS"
"333","One shore only","rare",161.616161616162,0.0781635563264841,0.126158026409708,"QTS"
"334","One shore only","rare",166.666666666667,0.0806697151165534,0.126158026409708,"QTS"
"335","One shore only","rare",171.717171717172,0.0831665710266209,0.126158026409708,"QTS"
"336","One shore only","rare",176.767676767677,0.0856541240566868,0.126158026409708,"QTS"
"337","One shore only","rare",181.818181818182,0.0881323742067511,0.126158026409708,"QTS"
"338","One shore only","rare",186.868686868687,0.0906013214768137,0.126158026409708,"QTS"
"339","One shore only","rare",191.919191919192,0.0930609658668747,0.126158026409708,"QTS"
"340","One shore only","rare",196.969696969697,0.0955113073769341,0.126158026409708,"QTS"
"341","One shore only","rare",202.020202020202,0.0979523460069917,0.126158026409708,"QTS"
"342","One shore only","rare",207.070707070707,0.100384081757048,0.126158026409708,"QTS"
"343","One shore only","rare",212.121212121212,0.102806514627102,0.126158026409708,"QTS"
"344","One shore only","rare",217.171717171717,0.105219644617155,0.126158026409708,"QTS"
"345","One shore only","rare",222.222222222222,0.107623471727206,0.126158026409708,"QTS"
"346","One shore only","rare",227.272727272727,0.110017995957255,0.126158026409708,"QTS"
"347","One shore only","rare",232.323232323232,0.112403217307303,0.126158026409708,"QTS"
"348","One shore only","rare",237.373737373737,0.114779135777349,0.126158026409708,"QTS"
"349","One shore only","rare",242.424242424242,0.117145751367394,0.126158026409708,"QTS"
"350","One shore only","rare",247.474747474747,0.119503064077437,0.126158026409708,"QTS"
"351","One shore only","rare",252.525252525253,0.121851073907478,0.126158026409708,"QTS"
"352","One shore only","rare",257.575757575758,0.124189780857518,0.126158026409708,"QTS"
"353","One shore only","rare",262.626262626263,0.126519184927555,0.126158026409708,"QTS"
"354","One shore only","rare",267.676767676768,0.128839286117592,0.126158026409708,"QTS"
"355","One shore only","rare",272.727272727273,0.131150084427626,0.126158026409708,"QTS"
"356","One shore only","rare",277.777777777778,0.133451579857659,0.126158026409708,"QTS"
"357","One shore only","rare",282.828282828283,0.135743772407691,0.126158026409708,"QTS"
"358","One shore only","rare",287.878787878788,0.13802666207772,0.126158026409708,"QTS"
"359","One shore only","rare",292.929292929293,0.140300248867748,0.126158026409708,"QTS"
"360","One shore only","rare",297.979797979798,0.142564532777775,0.126158026409708,"QTS"
"361","One shore only","rare",303.030303030303,0.144819513807799,0.126158026409708,"QTS"
"362","One shore only","rare",308.080808080808,0.147065191957823,0.126158026409708,"QTS"
"363","One shore only","rare",313.131313131313,0.149301567227844,0.126158026409708,"QTS"
"364","One shore only","rare",318.181818181818,0.151528639617864,0.126158026409708,"QTS"
"365","One shore only","rare",323.232323232323,0.153746409127882,0.126158026409708,"QTS"
"366","One shore only","rare",328.282828282828,0.155954875757898,0.126158026409708,"QTS"
"367","One shore only","rare",333.333333333333,0.158154039507913,0.126158026409708,"QTS"
"368","One shore only","rare",338.383838383838,0.160343900377926,0.126158026409708,"QTS"
"369","One shore only","rare",343.434343434343,0.162524458367938,0.126158026409708,"QTS"
"370","One shore only","rare",348.484848484848,0.164695713477948,0.126158026409708,"QTS"
"371","One shore only","rare",353.535353535354,0.166857665707956,0.126158026409708,"QTS"
"372","One shore only","rare",358.585858585859,0.169010315057963,0.126158026409708,"QTS"
"373","One shore only","rare",363.636363636364,0.171153661527968,0.126158026409708,"QTS"
"374","One shore only","rare",368.686868686869,0.173287705117971,0.126158026409708,"QTS"
"375","One shore only","rare",373.737373737374,0.175412445827973,0.126158026409708,"QTS"
"376","One shore only","rare",378.787878787879,0.177527883657973,0.126158026409708,"QTS"
"377","One shore only","rare",383.838383838384,0.179634018607971,0.126158026409708,"QTS"
"378","One shore only","rare",388.888888888889,0.181730850677968,0.126158026409708,"QTS"
"379","One shore only","rare",393.939393939394,0.183818379867963,0.126158026409708,"QTS"
"380","One shore only","rare",398.989898989899,0.185896606177956,0.126158026409708,"QTS"
"381","One shore only","rare",404.040404040404,0.187965529607948,0.126158026409708,"QTS"
"382","One shore only","rare",409.090909090909,0.190025150157938,0.126158026409708,"QTS"
"383","One shore only","rare",414.141414141414,0.192075467827927,0.126158026409708,"QTS"
"384","One shore only","rare",419.191919191919,0.194116482617914,0.126158026409708,"QTS"
"385","One shore only","rare",424.242424242424,0.196148194527899,0.126158026409708,"QTS"
"386","One shore only","rare",429.292929292929,0.198170603557882,0.126158026409708,"QTS"
"387","One shore only","rare",434.343434343434,0.200183709707864,0.126158026409708,"QTS"
"388","One shore only","rare",439.393939393939,0.202187512977845,0.126158026409708,"QTS"
"389","One shore only","rare",444.444444444444,0.204182013367823,0.126158026409708,"QTS"
"390","One shore only","rare",449.494949494949,0.2061672108778,0.126158026409708,"QTS"
"391","One shore only","rare",454.545454545455,0.208143105507775,0.126158026409708,"QTS"
"392","One shore only","rare",459.59595959596,0.210109697257749,0.126158026409708,"QTS"
"393","One shore only","rare",464.646464646465,0.212066986127721,0.126158026409708,"QTS"
"394","One shore only","rare",469.69696969697,0.214014972117692,0.126158026409708,"QTS"
"395","One shore only","rare",474.747474747475,0.21595365522766,0.126158026409708,"QTS"
"396","One shore only","rare",479.79797979798,0.217883035457627,0.126158026409708,"QTS"
"397","One shore only","rare",484.848484848485,0.219803112807593,0.126158026409708,"QTS"
"398","One shore only","rare",489.89898989899,0.221713887277557,0.126158026409708,"QTS"
"399","One shore only","rare",494.949494949495,0.223615358867519,0.126158026409708,"QTS"
"400","One shore only","rare",500,0.225507527577479,0.126158026409708,"QTS"
"401","One shore; 2 additional","common",0,0.00258440429756019,0.0478031457385689,"QTS"
"402","One shore; 2 additional","common",5.05050505050505,0.00543104571231724,0.0478031457385689,"QTS"
"403","One shore; 2 additional","common",10.1010101010101,0.00826865638788815,0.0478031457385689,"QTS"
"404","One shore; 2 additional","common",15.1515151515152,0.0110972363242729,0.0478031457385689,"QTS"
"405","One shore; 2 additional","common",20.2020202020202,0.0139167855214715,0.0478031457385689,"QTS"
"406","One shore; 2 additional","common",25.2525252525253,0.016727303979484,0.0478031457385689,"QTS"
"407","One shore; 2 additional","common",30.3030303030303,0.0195287916983103,0.0478031457385689,"QTS"
"408","One shore; 2 additional","common",35.3535353535353,0.0223212486779504,0.0478031457385689,"QTS"
"409","One shore; 2 additional","common",40.4040404040404,0.0251046749184045,0.0478031457385689,"QTS"
"410","One shore; 2 additional","common",45.4545454545455,0.0278790704196723,0.0478031457385689,"QTS"
"411","One shore; 2 additional","common",50.5050505050505,0.030644435181754,0.0478031457385689,"QTS"
"412","One shore; 2 additional","common",55.5555555555556,0.0334007692046496,0.0478031457385689,"QTS"
"413","One shore; 2 additional","common",60.6060606060606,0.036148072488359,0.0478031457385689,"QTS"
"414","One shore; 2 additional","common",65.6565656565656,0.0388863450328823,0.0478031457385689,"QTS"
"415","One shore; 2 additional","common",70.7070707070707,0.0416155868382194,0.0478031457385689,"QTS"
"416","One shore; 2 additional","common",75.7575757575758,0.0443357979043703,0.0478031457385689,"QTS"
"417","One shore; 2 additional","common",80.8080808080808,0.0470469782313352,0.0478031457385689,"QTS"
"418","One shore; 2 additional","common",85.8585858585859,0.0497491278191138,0.0478031457385689,"QTS"
"419","One shore; 2 additional","common",90.9090909090909,0.0524422466677063,0.0478031457385689,"QTS"
"420","One shore; 2 additional","common",95.959595959596,0.0551263347771127,0.0478031457385689,"QTS"
"421","One shore; 2 additional","common",101.010101010101,0.057801392147333,0.0478031457385689,"QTS"
"422","One shore; 2 additional","common",106.060606060606,0.060467418778367,0.0478031457385689,"QTS"
"423","One shore; 2 additional","common",111.111111111111,0.0631244146702149,0.0478031457385689,"QTS"
"424","One shore; 2 additional","common",116.161616161616,0.0657723798228767,0.0478031457385689,"QTS"
"425","One shore; 2 additional","common",121.212121212121,0.0684113142363523,0.0478031457385689,"QTS"
"426","One shore; 2 additional","common",126.262626262626,0.0710412179106418,0.0478031457385689,"QTS"
"427","One shore; 2 additional","common",131.313131313131,0.0736620908457451,0.0478031457385689,"QTS"
"428","One shore; 2 additional","common",136.363636363636,0.0762739330416623,0.0478031457385689,"QTS"
"429","One shore; 2 additional","common",141.414141414141,0.0788767444983933,0.0478031457385689,"QTS"
"430","One shore; 2 additional","common",146.464646464646,0.0814705252159382,0.0478031457385689,"QTS"
"431","One shore; 2 additional","common",151.515151515152,0.0840552751942969,0.0478031457385689,"QTS"
"432","One shore; 2 additional","common",156.565656565657,0.0866309944334695,0.0478031457385689,"QTS"
"433","One shore; 2 additional","common",161.616161616162,0.0891976829334559,0.0478031457385689,"QTS"
"434","One shore; 2 additional","common",166.666666666667,0.0917553406942562,0.0478031457385689,"QTS"
"435","One shore; 2 additional","common",171.717171717172,0.0943039677158704,0.0478031457385689,"QTS"
"436","One shore; 2 additional","common",176.767676767677,0.0968435639982983,0.0478031457385689,"QTS"
"437","One shore; 2 additional","common",181.818181818182,0.0993741295415402,0.0478031457385689,"QTS"
"438","One shore; 2 additional","common",186.868686868687,0.101895664345596,0.0478031457385689,"QTS"
"439","One shore; 2 additional","common",191.919191919192,0.104408168410465,0.0478031457385689,"QTS"
"440","One shore; 2 additional","common",196.969696969697,0.106911641736149,0.0478031457385689,"QTS"
"441","One shore; 2 additional","common",202.020202020202,0.109406084322646,0.0478031457385689,"QTS"
"442","One shore; 2 additional","common",207.070707070707,0.111891496169957,0.0478031457385689,"QTS"
"443","One shore; 2 additional","common",212.121212121212,0.114367877278082,0.0478031457385689,"QTS"
"444","One shore; 2 additional","common",217.171717171717,0.116835227647021,0.0478031457385689,"QTS"
"445","One shore; 2 additional","common",222.222222222222,0.119293547276773,0.0478031457385689,"QTS"
"446","One shore; 2 additional","common",227.272727272727,0.12174283616734,0.0478031457385689,"QTS"
"447","One shore; 2 additional","common",232.323232323232,0.12418309431872,0.0478031457385689,"QTS"
"448","One shore; 2 additional","common",237.373737373737,0.126614321730914,0.0478031457385689,"QTS"
"449","One shore; 2 additional","common",242.424242424242,0.129036518403923,0.0478031457385689,"QTS"
"450","One shore; 2 additional","common",247.474747474747,0.131449684337744,0.0478031457385689,"QTS"
"451","One shore; 2 additional","common",252.525252525253,0.13385381953238,0.0478031457385689,"QTS"
"452","One shore; 2 additional","common",257.575757575758,0.13624892398783,0.0478031457385689,"QTS"
"453","One shore; 2 additional","common",262.626262626263,0.138634997704093,0.0478031457385689,"QTS"
"454","One shore; 2 additional","common",267.676767676768,0.14101204068117,0.0478031457385689,"QTS"
"455","One shore; 2 additional","common",272.727272727273,0.143380052919062,0.0478031457385689,"QTS"
"456","One shore; 2 additional","common",277.777777777778,0.145739034417767,0.0478031457385689,"QTS"
"457","One shore; 2 additional","common",282.828282828283,0.148088985177285,0.0478031457385689,"QTS"
"458","One shore; 2 additional","common",287.878787878788,0.150429905197618,0.0478031457385689,"QTS"
"459","One shore; 2 additional","common",292.929292929293,0.152761794478765,0.0478031457385689,"QTS"
"460","One shore; 2 additional","common",297.979797979798,0.155084653020725,0.0478031457385689,"QTS"
"461","One shore; 2 additional","common",303.030303030303,0.157398480823499,0.0478031457385689,"QTS"
"462","One shore; 2 additional","common",308.080808080808,0.159703277887087,0.0478031457385689,"QTS"
"463","One shore; 2 additional","common",313.131313131313,0.161999044211489,0.0478031457385689,"QTS"
"464","One shore; 2 additional","common",318.181818181818,0.164285779796705,0.0478031457385689,"QTS"
"465","One shore; 2 additional","common",323.232323232323,0.166563484642735,0.0478031457385689,"QTS"
"466","One shore; 2 additional","common",328.282828282828,0.168832158749578,0.0478031457385689,"QTS"
"467","One shore; 2 additional","common",333.333333333333,0.171091802117236,0.0478031457385689,"QTS"
"468","One shore; 2 additional","common",338.383838383838,0.173342414745707,0.0478031457385689,"QTS"
"469","One shore; 2 additional","common",343.434343434343,0.175583996634992,0.0478031457385689,"QTS"
"470","One shore; 2 additional","common",348.484848484848,0.177816547785091,0.0478031457385689,"QTS"
"471","One shore; 2 additional","common",353.535353535354,0.180040068196004,0.0478031457385689,"QTS"
"472","One shore; 2 additional","common",358.585858585859,0.18225455786773,0.0478031457385689,"QTS"
"473","One shore; 2 additional","common",363.636363636364,0.184460016800271,0.0478031457385689,"QTS"
"474","One shore; 2 additional","common",368.686868686869,0.186656444993625,0.0478031457385689,"QTS"
"475","One shore; 2 additional","common",373.737373737374,0.188843842447793,0.0478031457385689,"QTS"
"476","One shore; 2 additional","common",378.787878787879,0.191022209162775,0.0478031457385689,"QTS"
"477","One shore; 2 additional","common",383.838383838384,0.193191545138571,0.0478031457385689,"QTS"
"478","One shore; 2 additional","common",388.888888888889,0.195351850375181,0.0478031457385689,"QTS"
"479","One shore; 2 additional","common",393.939393939394,0.197503124872604,0.0478031457385689,"QTS"
"480","One shore; 2 additional","common",398.989898989899,0.199645368630842,0.0478031457385689,"QTS"
"481","One shore; 2 additional","common",404.040404040404,0.201778581649893,0.0478031457385689,"QTS"
"482","One shore; 2 additional","common",409.090909090909,0.203902763929758,0.0478031457385689,"QTS"
"483","One shore; 2 additional","common",414.141414141414,0.206017915470437,0.0478031457385689,"QTS"
"484","One shore; 2 additional","common",419.191919191919,0.20812403627193,0.0478031457385689,"QTS"
"485","One shore; 2 additional","common",424.242424242424,0.210221126334237,0.0478031457385689,"QTS"
"486","One shore; 2 additional","common",429.292929292929,0.212309185657357,0.0478031457385689,"QTS"
"487","One shore; 2 additional","common",434.343434343434,0.214388214241292,0.0478031457385689,"QTS"
"488","One shore; 2 additional","common",439.393939393939,0.21645821208604,0.0478031457385689,"QTS"
"489","One shore; 2 additional","common",444.444444444444,0.218519179191602,0.0478031457385689,"QTS"
"490","One shore; 2 additional","common",449.494949494949,0.220571115557978,0.0478031457385689,"QTS"
"491","One shore; 2 additional","common",454.545454545455,0.222614021185168,0.0478031457385689,"QTS"
"492","One shore; 2 additional","common",459.59595959596,0.224647896073171,0.0478031457385689,"QTS"
"493","One shore; 2 additional","common",464.646464646465,0.226672740221989,0.0478031457385689,"QTS"
"494","One shore; 2 additional","common",469.69696969697,0.22868855363162,0.0478031457385689,"QTS"
"495","One shore; 2 additional","common",474.747474747475,0.230695336302065,0.0478031457385689,"QTS"
"496","One shore; 2 additional","common",479.79797979798,0.232693088233324,0.0478031457385689,"QTS"
"497","One shore; 2 additional","common",484.848484848485,0.234681809425397,0.0478031457385689,"QTS"
"498","One shore; 2 additional","common",489.89898989899,0.236661499878284,0.0478031457385689,"QTS"
"499","One shore; 2 additional","common",494.949494949495,0.238632159591984,0.0478031457385689,"QTS"
"500","One shore; 2 additional","common",500,0.240593788566499,0.0478031457385689,"QTS"
"501","One shore; 2 additional","rare",0,0.00173087581423762,0.123534579040645,"QTS"
"502","One shore; 2 additional","rare",5.05050505050505,0.00439854618190238,0.123534579040645,"QTS"
"503","One shore; 2 additional","rare",10.1010101010101,0.00706042419551543,0.123534579040645,"QTS"
"504","One shore; 2 additional","rare",15.1515151515152,0.00971650985507675,0.123534579040645,"QTS"
"505","One shore; 2 additional","rare",20.2020202020202,0.0123668031605864,0.123534579040645,"QTS"
"506","One shore; 2 additional","rare",25.2525252525253,0.0150113041120443,0.123534579040645,"QTS"
"507","One shore; 2 additional","rare",30.3030303030303,0.0176500127094504,0.123534579040645,"QTS"
"508","One shore; 2 additional","rare",35.3535353535353,0.0202829289528049,0.123534579040645,"QTS"
"509","One shore; 2 additional","rare",40.4040404040404,0.0229100528421076,0.123534579040645,"QTS"
"510","One shore; 2 additional","rare",45.4545454545455,0.0255313843773586,0.123534579040645,"QTS"
"511","One shore; 2 additional","rare",50.5050505050505,0.0281469235585579,0.123534579040645,"QTS"
"512","One shore; 2 additional","rare",55.5555555555556,0.0307566703857055,0.123534579040645,"QTS"
"513","One shore; 2 additional","rare",60.6060606060606,0.0333606248588013,0.123534579040645,"QTS"
"514","One shore; 2 additional","rare",65.6565656565656,0.0359587869778454,0.123534579040645,"QTS"
"515","One shore; 2 additional","rare",70.7070707070707,0.0385511567428379,0.123534579040645,"QTS"
"516","One shore; 2 additional","rare",75.7575757575758,0.0411377341537786,0.123534579040645,"QTS"
"517","One shore; 2 additional","rare",80.8080808080808,0.0437185192106676,0.123534579040645,"QTS"
"518","One shore; 2 additional","rare",85.8585858585859,0.0462935119135048,0.123534579040645,"QTS"
"519","One shore; 2 additional","rare",90.9090909090909,0.0488627122622903,0.123534579040645,"QTS"
"520","One shore; 2 additional","rare",95.959595959596,0.0514261202570241,0.123534579040645,"QTS"
"521","One shore; 2 additional","rare",101.010101010101,0.0539837358977062,0.123534579040645,"QTS"
"522","One shore; 2 additional","rare",106.060606060606,0.0565355591843366,0.123534579040645,"QTS"
"523","One shore; 2 additional","rare",111.111111111111,0.0590815901169153,0.123534579040645,"QTS"
"524","One shore; 2 additional","rare",116.161616161616,0.0616218286954422,0.123534579040645,"QTS"
"525","One shore; 2 additional","rare",121.212121212121,0.0641562749199174,0.123534579040645,"QTS"
"526","One shore; 2 additional","rare",126.262626262626,0.0666849287903409,0.123534579040645,"QTS"
"527","One shore; 2 additional","rare",131.313131313131,0.0692077903067127,0.123534579040645,"QTS"
"528","One shore; 2 additional","rare",136.363636363636,0.0717248594690328,0.123534579040645,"QTS"
"529","One shore; 2 additional","rare",141.414141414141,0.0742361362773011,0.123534579040645,"QTS"
"530","One shore; 2 additional","rare",146.464646464646,0.0767416207315177,0.123534579040645,"QTS"
"531","One shore; 2 additional","rare",151.515151515152,0.0792413128316826,0.123534579040645,"QTS"
"532","One shore; 2 additional","rare",156.565656565657,0.0817352125777958,0.123534579040645,"QTS"
"533","One shore; 2 additional","rare",161.616161616162,0.0842233199698573,0.123534579040645,"QTS"
"534","One shore; 2 additional","rare",166.666666666667,0.086705635007867,0.123534579040645,"QTS"
"535","One shore; 2 additional","rare",171.717171717172,0.089182157691825,0.123534579040645,"QTS"
"536","One shore; 2 additional","rare",176.767676767677,0.0916528880217313,0.123534579040645,"QTS"
"537","One shore; 2 additional","rare",181.818181818182,0.0941178259975859,0.123534579040645,"QTS"
"538","One shore; 2 additional","rare",186.868686868687,0.0965769716193888,0.123534579040645,"QTS"
"539","One shore; 2 additional","rare",191.919191919192,0.0990303248871399,0.123534579040645,"QTS"
"540","One shore; 2 additional","rare",196.969696969697,0.101477885800839,0.123534579040645,"QTS"
"541","One shore; 2 additional","rare",202.020202020202,0.103919654360487,0.123534579040645,"QTS"
"542","One shore; 2 additional","rare",207.070707070707,0.106355630566083,0.123534579040645,"QTS"
"543","One shore; 2 additional","rare",212.121212121212,0.108785814417627,0.123534579040645,"QTS"
"544","One shore; 2 additional","rare",217.171717171717,0.11121020591512,0.123534579040645,"QTS"
"545","One shore; 2 additional","rare",222.222222222222,0.113628805058561,0.123534579040645,"QTS"
"546","One shore; 2 additional","rare",227.272727272727,0.11604161184795,0.123534579040645,"QTS"
"547","One shore; 2 additional","rare",232.323232323232,0.118448626283287,0.123534579040645,"QTS"
"548","One shore; 2 additional","rare",237.373737373737,0.120849848364573,0.123534579040645,"QTS"
"549","One shore; 2 additional","rare",242.424242424242,0.123245278091807,0.123534579040645,"QTS"
"550","One shore; 2 additional","rare",247.474747474747,0.125634915464989,0.123534579040645,"QTS"
"551","One shore; 2 additional","rare",252.525252525253,0.12801876048412,0.123534579040645,"QTS"
"552","One shore; 2 additional","rare",257.575757575758,0.130396813149198,0.123534579040645,"QTS"
"553","One shore; 2 additional","rare",262.626262626263,0.132769073460225,0.123534579040645,"QTS"
"554","One shore; 2 additional","rare",267.676767676768,0.135135541417201,0.123534579040645,"QTS"
"555","One shore; 2 additional","rare",272.727272727273,0.137496217020124,0.123534579040645,"QTS"
"556","One shore; 2 additional","rare",277.777777777778,0.139851100268996,0.123534579040645,"QTS"
"557","One shore; 2 additional","rare",282.828282828283,0.142200191163816,0.123534579040645,"QTS"
"558","One shore; 2 additional","rare",287.878787878788,0.144543489704585,0.123534579040645,"QTS"
"559","One shore; 2 additional","rare",292.929292929293,0.146880995891302,0.123534579040645,"QTS"
"560","One shore; 2 additional","rare",297.979797979798,0.149212709723967,0.123534579040645,"QTS"
"561","One shore; 2 additional","rare",303.030303030303,0.15153863120258,0.123534579040645,"QTS"
"562","One shore; 2 additional","rare",308.080808080808,0.153858760327142,0.123534579040645,"QTS"
"563","One shore; 2 additional","rare",313.131313131313,0.156173097097652,0.123534579040645,"QTS"
"564","One shore; 2 additional","rare",318.181818181818,0.15848164151411,0.123534579040645,"QTS"
"565","One shore; 2 additional","rare",323.232323232323,0.160784393576516,0.123534579040645,"QTS"
"566","One shore; 2 additional","rare",328.282828282828,0.163081353284871,0.123534579040645,"QTS"
"567","One shore; 2 additional","rare",333.333333333333,0.165372520639174,0.123534579040645,"QTS"
"568","One shore; 2 additional","rare",338.383838383838,0.167657895639425,0.123534579040645,"QTS"
"569","One shore; 2 additional","rare",343.434343434343,0.169937478285625,0.123534579040645,"QTS"
"570","One shore; 2 additional","rare",348.484848484848,0.172211268577772,0.123534579040645,"QTS"
"571","One shore; 2 additional","rare",353.535353535354,0.174479266515869,0.123534579040645,"QTS"
"572","One shore; 2 additional","rare",358.585858585859,0.176741472099913,0.123534579040645,"QTS"
"573","One shore; 2 additional","rare",363.636363636364,0.178997885329906,0.123534579040645,"QTS"
"574","One shore; 2 additional","rare",368.686868686869,0.181248506205847,0.123534579040645,"QTS"
"575","One shore; 2 additional","rare",373.737373737374,0.183493334727736,0.123534579040645,"QTS"
"576","One shore; 2 additional","rare",378.787878787879,0.185732370895573,0.123534579040645,"QTS"
"577","One shore; 2 additional","rare",383.838383838384,0.187965614709359,0.123534579040645,"QTS"
"578","One shore; 2 additional","rare",388.888888888889,0.190193066169093,0.123534579040645,"QTS"
"579","One shore; 2 additional","rare",393.939393939394,0.192414725274776,0.123534579040645,"QTS"
"580","One shore; 2 additional","rare",398.989898989899,0.194630592026406,0.123534579040645,"QTS"
"581","One shore; 2 additional","rare",404.040404040404,0.196840666423985,0.123534579040645,"QTS"
"582","One shore; 2 additional","rare",409.090909090909,0.199044948467512,0.123534579040645,"QTS"
"583","One shore; 2 additional","rare",414.141414141414,0.201243438156988,0.123534579040645,"QTS"
"584","One shore; 2 additional","rare",419.191919191919,0.203436135492412,0.123534579040645,"QTS"
"585","One shore; 2 additional","rare",424.242424242424,0.205623040473784,0.123534579040645,"QTS"
"586","One shore; 2 additional","rare",429.292929292929,0.207804153101104,0.123534579040645,"QTS"
"587","One shore; 2 additional","rare",434.343434343434,0.209979473374373,0.123534579040645,"QTS"
"588","One shore; 2 additional","rare",439.393939393939,0.21214900129359,0.123534579040645,"QTS"
"589","One shore; 2 additional","rare",444.444444444444,0.214312736858755,0.123534579040645,"QTS"
"590","One shore; 2 additional","rare",449.494949494949,0.216470680069868,0.123534579040645,"QTS"
"591","One shore; 2 additional","rare",454.545454545455,0.21862283092693,0.123534579040645,"QTS"
"592","One shore; 2 additional","rare",459.59595959596,0.22076918942994,0.123534579040645,"QTS"
"593","One shore; 2 additional","rare",464.646464646465,0.222909755578898,0.123534579040645,"QTS"
"594","One shore; 2 additional","rare",469.69696969697,0.225044529373805,0.123534579040645,"QTS"
"595","One shore; 2 additional","rare",474.747474747475,0.22717351081466,0.123534579040645,"QTS"
"596","One shore; 2 additional","rare",479.79797979798,0.229296699901463,0.123534579040645,"QTS"
"597","One shore; 2 additional","rare",484.848484848485,0.231414096634214,0.123534579040645,"QTS"
"598","One shore; 2 additional","rare",489.89898989899,0.233525701012914,0.123534579040645,"QTS"
"599","One shore; 2 additional","rare",494.949494949495,0.235631513037562,0.123534579040645,"QTS"
"600","One shore; 2 additional","rare",500,0.237731532708158,0.123534579040645,"QTS"
"601","One shore; one middle","common",0,-0.00377652459223007,0.0319592891594296,"QTS"
"602","One shore; one middle","common",5.05050505050505,0.000121529459201491,0.0319592891594296,"QTS"
"603","One shore; one middle","common",10.1010101010101,0.00400519883749889,0.0319592891594296,"QTS"
"604","One shore; one middle","common",15.1515151515152,0.00787448354266211,0.0319592891594296,"QTS"
"605","One shore; one middle","common",20.2020202020202,0.0117293835746912,0.0319592891594296,"QTS"
"606","One shore; one middle","common",25.2525252525253,0.015569898933586,0.0319592891594296,"QTS"
"607","One shore; one middle","common",30.3030303030303,0.0193960296193467,0.0319592891594296,"QTS"
"608","One shore; one middle","common",35.3535353535353,0.0232077756319733,0.0319592891594296,"QTS"
"609","One shore; one middle","common",40.4040404040404,0.0270051369714656,0.0319592891594296,"QTS"
"610","One shore; one middle","common",45.4545454545455,0.0307881136378238,0.0319592891594296,"QTS"
"611","One shore; one middle","common",50.5050505050505,0.0345567056310478,0.0319592891594296,"QTS"
"612","One shore; one middle","common",55.5555555555556,0.0383109129511376,0.0319592891594296,"QTS"
"613","One shore; one middle","common",60.6060606060606,0.0420507355980932,0.0319592891594296,"QTS"
"614","One shore; one middle","common",65.6565656565656,0.0457761735719147,0.0319592891594296,"QTS"
"615","One shore; one middle","common",70.7070707070707,0.049487226872602,0.0319592891594296,"QTS"
"616","One shore; one middle","common",75.7575757575758,0.0531838955001551,0.0319592891594296,"QTS"
"617","One shore; one middle","common",80.8080808080808,0.056866179454574,0.0319592891594296,"QTS"
"618","One shore; one middle","common",85.8585858585859,0.0605340787358588,0.0319592891594296,"QTS"
"619","One shore; one middle","common",90.9090909090909,0.0641875933440094,0.0319592891594296,"QTS"
"620","One shore; one middle","common",95.959595959596,0.0678267232790258,0.0319592891594296,"QTS"
"621","One shore; one middle","common",101.010101010101,0.071451468540908,0.0319592891594296,"QTS"
"622","One shore; one middle","common",106.060606060606,0.0750618291296561,0.0319592891594296,"QTS"
"623","One shore; one middle","common",111.111111111111,0.0786578050452699,0.0319592891594296,"QTS"
"624","One shore; one middle","common",116.161616161616,0.0822393962877496,0.0319592891594296,"QTS"
"625","One shore; one middle","common",121.212121212121,0.0858066028570952,0.0319592891594296,"QTS"
"626","One shore; one middle","common",126.262626262626,0.0893594247533065,0.0319592891594296,"QTS"
"627","One shore; one middle","common",131.313131313131,0.0928978619763837,0.0319592891594296,"QTS"
"628","One shore; one middle","common",136.363636363636,0.0964219145263267,0.0319592891594296,"QTS"
"629","One shore; one middle","common",141.414141414141,0.0999315824031355,0.0319592891594296,"QTS"
"630","One shore; one middle","common",146.464646464646,0.10342686560681,0.0319592891594296,"QTS"
"631","One shore; one middle","common",151.515151515152,0.106907764137351,0.0319592891594296,"QTS"
"632","One shore; one middle","common",156.565656565657,0.110374277994757,0.0319592891594296,"QTS"
"633","One shore; one middle","common",161.616161616162,0.113826407179029,0.0319592891594296,"QTS"
"634","One shore; one middle","common",166.666666666667,0.117264151690167,0.0319592891594296,"QTS"
"635","One shore; one middle","common",171.717171717172,0.120687511528171,0.0319592891594296,"QTS"
"636","One shore; one middle","common",176.767676767677,0.12409648669304,0.0319592891594296,"QTS"
"637","One shore; one middle","common",181.818181818182,0.127491077184776,0.0319592891594296,"QTS"
"638","One shore; one middle","common",186.868686868687,0.130871283003377,0.0319592891594296,"QTS"
"639","One shore; one middle","common",191.919191919192,0.134237104148844,0.0319592891594296,"QTS"
"640","One shore; one middle","common",196.969696969697,0.137588540621177,0.0319592891594296,"QTS"
"641","One shore; one middle","common",202.020202020202,0.140925592420376,0.0319592891594296,"QTS"
"642","One shore; one middle","common",207.070707070707,0.14424825954644,0.0319592891594296,"QTS"
"643","One shore; one middle","common",212.121212121212,0.147556541999371,0.0319592891594296,"QTS"
"644","One shore; one middle","common",217.171717171717,0.150850439779167,0.0319592891594296,"QTS"
"645","One shore; one middle","common",222.222222222222,0.154129952885829,0.0319592891594296,"QTS"
"646","One shore; one middle","common",227.272727272727,0.157395081319357,0.0319592891594296,"QTS"
"647","One shore; one middle","common",232.323232323232,0.16064582507975,0.0319592891594296,"QTS"
"648","One shore; one middle","common",237.373737373737,0.16388218416701,0.0319592891594296,"QTS"
"649","One shore; one middle","common",242.424242424242,0.167104158581135,0.0319592891594296,"QTS"
"650","One shore; one middle","common",247.474747474747,0.170311748322126,0.0319592891594296,"QTS"
"651","One shore; one middle","common",252.525252525253,0.173504953389983,0.0319592891594296,"QTS"
"652","One shore; one middle","common",257.575757575758,0.176683773784706,0.0319592891594296,"QTS"
"653","One shore; one middle","common",262.626262626263,0.179848209506294,0.0319592891594296,"QTS"
"654","One shore; one middle","common",267.676767676768,0.182998260554749,0.0319592891594296,"QTS"
"655","One shore; one middle","common",272.727272727273,0.186133926930069,0.0319592891594296,"QTS"
"656","One shore; one middle","common",277.777777777778,0.189255208632255,0.0319592891594296,"QTS"
"657","One shore; one middle","common",282.828282828283,0.192362105661307,0.0319592891594296,"QTS"
"658","One shore; one middle","common",287.878787878788,0.195454618017225,0.0319592891594296,"QTS"
"659","One shore; one middle","common",292.929292929293,0.198532745700008,0.0319592891594296,"QTS"
"660","One shore; one middle","common",297.979797979798,0.201596488709658,0.0319592891594296,"QTS"
"661","One shore; one middle","common",303.030303030303,0.204645847046173,0.0319592891594296,"QTS"
"662","One shore; one middle","common",308.080808080808,0.207680820709554,0.0319592891594296,"QTS"
"663","One shore; one middle","common",313.131313131313,0.210701409699801,0.0319592891594296,"QTS"
"664","One shore; one middle","common",318.181818181818,0.213707614016914,0.0319592891594296,"QTS"
"665","One shore; one middle","common",323.232323232323,0.216699433660892,0.0319592891594296,"QTS"
"666","One shore; one middle","common",328.282828282828,0.219676868631736,0.0319592891594296,"QTS"
"667","One shore; one middle","common",333.333333333333,0.222639918929446,0.0319592891594296,"QTS"
"668","One shore; one middle","common",338.383838383838,0.225588584554022,0.0319592891594296,"QTS"
"669","One shore; one middle","common",343.434343434343,0.228522865505464,0.0319592891594296,"QTS"
"670","One shore; one middle","common",348.484848484848,0.231442761783772,0.0319592891594296,"QTS"
"671","One shore; one middle","common",353.535353535354,0.234348273388945,0.0319592891594296,"QTS"
"672","One shore; one middle","common",358.585858585859,0.237239400320984,0.0319592891594296,"QTS"
"673","One shore; one middle","common",363.636363636364,0.24011614257989,0.0319592891594296,"QTS"
"674","One shore; one middle","common",368.686868686869,0.24297850016566,0.0319592891594296,"QTS"
"675","One shore; one middle","common",373.737373737374,0.245826473078297,0.0319592891594296,"QTS"
"676","One shore; one middle","common",378.787878787879,0.2486600613178,0.0319592891594296,"QTS"
"677","One shore; one middle","common",383.838383838384,0.251479264884168,0.0319592891594296,"QTS"
"678","One shore; one middle","common",388.888888888889,0.254284083777402,0.0319592891594296,"QTS"
"679","One shore; one middle","common",393.939393939394,0.257074517997502,0.0319592891594296,"QTS"
"680","One shore; one middle","common",398.989898989899,0.259850567544468,0.0319592891594296,"QTS"
"681","One shore; one middle","common",404.040404040404,0.2626122324183,0.0319592891594296,"QTS"
"682","One shore; one middle","common",409.090909090909,0.265359512618997,0.0319592891594296,"QTS"
"683","One shore; one middle","common",414.141414141414,0.268092408146561,0.0319592891594296,"QTS"
"684","One shore; one middle","common",419.191919191919,0.27081091900099,0.0319592891594296,"QTS"
"685","One shore; one middle","common",424.242424242424,0.273515045182285,0.0319592891594296,"QTS"
"686","One shore; one middle","common",429.292929292929,0.276204786690446,0.0319592891594296,"QTS"
"687","One shore; one middle","common",434.343434343434,0.278880143525472,0.0319592891594296,"QTS"
"688","One shore; one middle","common",439.393939393939,0.281541115687365,0.0319592891594296,"QTS"
"689","One shore; one middle","common",444.444444444444,0.284187703176123,0.0319592891594296,"QTS"
"690","One shore; one middle","common",449.494949494949,0.286819905991747,0.0319592891594296,"QTS"
"691","One shore; one middle","common",454.545454545455,0.289437724134237,0.0319592891594296,"QTS"
"692","One shore; one middle","common",459.59595959596,0.292041157603593,0.0319592891594296,"QTS"
"693","One shore; one middle","common",464.646464646465,0.294630206399814,0.0319592891594296,"QTS"
"694","One shore; one middle","common",469.69696969697,0.297204870522902,0.0319592891594296,"QTS"
"695","One shore; one middle","common",474.747474747475,0.299765149972855,0.0319592891594296,"QTS"
"696","One shore; one middle","common",479.79797979798,0.302311044749674,0.0319592891594296,"QTS"
"697","One shore; one middle","common",484.848484848485,0.304842554853359,0.0319592891594296,"QTS"
"698","One shore; one middle","common",489.89898989899,0.307359680283909,0.0319592891594296,"QTS"
"699","One shore; one middle","common",494.949494949495,0.309862421041326,0.0319592891594296,"QTS"
"700","One shore; one middle","common",500,0.312350777125608,0.0319592891594296,"QTS"
"701","One shore; one middle","rare",0,-0.00344415655036772,0.126286831894142,"QTS"
"702","One shore; one middle","rare",5.05050505050505,-0.00011818758550108,0.126286831894142,"QTS"
"703","One shore; one middle","rare",10.1010101010101,0.00319530011539234,0.126286831894142,"QTS"
"704","One shore; one middle","rare",15.1515151515152,0.00649630655231243,0.126286831894142,"QTS"
"705","One shore; one middle","rare",20.2020202020202,0.00978483172525927,0.126286831894142,"QTS"
"706","One shore; one middle","rare",25.2525252525253,0.0130608756342328,0.126286831894142,"QTS"
"707","One shore; one middle","rare",30.3030303030303,0.0163244382792331,0.126286831894142,"QTS"
"708","One shore; one middle","rare",35.3535353535353,0.0195755196602601,0.126286831894142,"QTS"
"709","One shore; one middle","rare",40.4040404040404,0.0228141197773138,0.126286831894142,"QTS"
"710","One shore; one middle","rare",45.4545454545455,0.0260402386303942,0.126286831894142,"QTS"
"711","One shore; one middle","rare",50.5050505050505,0.0292538762195014,0.126286831894142,"QTS"
"712","One shore; one middle","rare",55.5555555555556,0.0324550325446353,0.126286831894142,"QTS"
"713","One shore; one middle","rare",60.6060606060606,0.0356437076057959,0.126286831894142,"QTS"
"714","One shore; one middle","rare",65.6565656565656,0.0388199014029832,0.126286831894142,"QTS"
"715","One shore; one middle","rare",70.7070707070707,0.0419836139361972,0.126286831894142,"QTS"
"716","One shore; one middle","rare",75.7575757575758,0.045134845205438,0.126286831894142,"QTS"
"717","One shore; one middle","rare",80.8080808080808,0.0482735952107055,0.126286831894142,"QTS"
"718","One shore; one middle","rare",85.8585858585859,0.0513998639519997,0.126286831894142,"QTS"
"719","One shore; one middle","rare",90.9090909090909,0.0545136514293206,0.126286831894142,"QTS"
"720","One shore; one middle","rare",95.959595959596,0.0576149576426682,0.126286831894142,"QTS"
"721","One shore; one middle","rare",101.010101010101,0.0607037825920426,0.126286831894142,"QTS"
"722","One shore; one middle","rare",106.060606060606,0.0637801262774437,0.126286831894142,"QTS"
"723","One shore; one middle","rare",111.111111111111,0.0668439886988715,0.126286831894142,"QTS"
"724","One shore; one middle","rare",116.161616161616,0.069895369856326,0.126286831894142,"QTS"
"725","One shore; one middle","rare",121.212121212121,0.0729342697498072,0.126286831894142,"QTS"
"726","One shore; one middle","rare",126.262626262626,0.0759606883793152,0.126286831894142,"QTS"
"727","One shore; one middle","rare",131.313131313131,0.0789746257448499,0.126286831894142,"QTS"
"728","One shore; one middle","rare",136.363636363636,0.0819760818464113,0.126286831894142,"QTS"
"729","One shore; one middle","rare",141.414141414141,0.0849650566839994,0.126286831894142,"QTS"
"730","One shore; one middle","rare",146.464646464646,0.0879415502576142,0.126286831894142,"QTS"
"731","One shore; one middle","rare",151.515151515152,0.0909055625672558,0.126286831894142,"QTS"
"732","One shore; one middle","rare",156.565656565657,0.0938570936129241,0.126286831894142,"QTS"
"733","One shore; one middle","rare",161.616161616162,0.0967961433946191,0.126286831894142,"QTS"
"734","One shore; one middle","rare",166.666666666667,0.0997227119123408,0.126286831894142,"QTS"
"735","One shore; one middle","rare",171.717171717172,0.102636799166089,0.126286831894142,"QTS"
"736","One shore; one middle","rare",176.767676767677,0.105538405155864,0.126286831894142,"QTS"
"737","One shore; one middle","rare",181.818181818182,0.108427529881666,0.126286831894142,"QTS"
"738","One shore; one middle","rare",186.868686868687,0.111304173343495,0.126286831894142,"QTS"
"739","One shore; one middle","rare",191.919191919192,0.11416833554135,0.126286831894142,"QTS"
"740","One shore; one middle","rare",196.969696969697,0.117020016475232,0.126286831894142,"QTS"
"741","One shore; one middle","rare",202.020202020202,0.119859216145141,0.126286831894142,"QTS"
"742","One shore; one middle","rare",207.070707070707,0.122685934551077,0.126286831894142,"QTS"
"743","One shore; one middle","rare",212.121212121212,0.125500171693039,0.126286831894142,"QTS"
"744","One shore; one middle","rare",217.171717171717,0.128301927571028,0.126286831894142,"QTS"
"745","One shore; one middle","rare",222.222222222222,0.131091202185043,0.126286831894142,"QTS"
"746","One shore; one middle","rare",227.272727272727,0.133867995535086,0.126286831894142,"QTS"
"747","One shore; one middle","rare",232.323232323232,0.136632307621155,0.126286831894142,"QTS"
"748","One shore; one middle","rare",237.373737373737,0.139384138443251,0.126286831894142,"QTS"
"749","One shore; one middle","rare",242.424242424242,0.142123488001373,0.126286831894142,"QTS"
"750","One shore; one middle","rare",247.474747474747,0.144850356295522,0.126286831894142,"QTS"
"751","One shore; one middle","rare",252.525252525253,0.147564743325698,0.126286831894142,"QTS"
"752","One shore; one middle","rare",257.575757575758,0.150266649091901,0.126286831894142,"QTS"
"753","One shore; one middle","rare",262.626262626263,0.152956073594131,0.126286831894142,"QTS"
"754","One shore; one middle","rare",267.676767676768,0.155633016832387,0.126286831894142,"QTS"
"755","One shore; one middle","rare",272.727272727273,0.15829747880667,0.126286831894142,"QTS"
"756","One shore; one middle","rare",277.777777777778,0.160949459516979,0.126286831894142,"QTS"
"757","One shore; one middle","rare",282.828282828283,0.163588958963315,0.126286831894142,"QTS"
"758","One shore; one middle","rare",287.878787878788,0.166215977145678,0.126286831894142,"QTS"
"759","One shore; one middle","rare",292.929292929293,0.168830514064068,0.126286831894142,"QTS"
"760","One shore; one middle","rare",297.979797979798,0.171432569718485,0.126286831894142,"QTS"
"761","One shore; one middle","rare",303.030303030303,0.174022144108928,0.126286831894142,"QTS"
"762","One shore; one middle","rare",308.080808080808,0.176599237235398,0.126286831894142,"QTS"
"763","One shore; one middle","rare",313.131313131313,0.179163849097894,0.126286831894142,"QTS"
"764","One shore; one middle","rare",318.181818181818,0.181715979696418,0.126286831894142,"QTS"
"765","One shore; one middle","rare",323.232323232323,0.184255629030968,0.126286831894142,"QTS"
"766","One shore; one middle","rare",328.282828282828,0.186782797101545,0.126286831894142,"QTS"
"767","One shore; one middle","rare",333.333333333333,0.189297483908148,0.126286831894142,"QTS"
"768","One shore; one middle","rare",338.383838383838,0.191799689450778,0.126286831894142,"QTS"
"769","One shore; one middle","rare",343.434343434343,0.194289413729435,0.126286831894142,"QTS"
"770","One shore; one middle","rare",348.484848484848,0.196766656744119,0.126286831894142,"QTS"
"771","One shore; one middle","rare",353.535353535354,0.199231418494829,0.126286831894142,"QTS"
"772","One shore; one middle","rare",358.585858585859,0.201683698981566,0.126286831894142,"QTS"
"773","One shore; one middle","rare",363.636363636364,0.20412349820433,0.126286831894142,"QTS"
"774","One shore; one middle","rare",368.686868686869,0.206550816163121,0.126286831894142,"QTS"
"775","One shore; one middle","rare",373.737373737374,0.208965652857938,0.126286831894142,"QTS"
"776","One shore; one middle","rare",378.787878787879,0.211368008288782,0.126286831894142,"QTS"
"777","One shore; one middle","rare",383.838383838384,0.213757882455653,0.126286831894142,"QTS"
"778","One shore; one middle","rare",388.888888888889,0.21613527535855,0.126286831894142,"QTS"
"779","One shore; one middle","rare",393.939393939394,0.218500186997474,0.126286831894142,"QTS"
"780","One shore; one middle","rare",398.989898989899,0.220852617372425,0.126286831894142,"QTS"
"781","One shore; one middle","rare",404.040404040404,0.223192566483403,0.126286831894142,"QTS"
"782","One shore; one middle","rare",409.090909090909,0.225520034330407,0.126286831894142,"QTS"
"783","One shore; one middle","rare",414.141414141414,0.227835020913438,0.126286831894142,"QTS"
"784","One shore; one middle","rare",419.191919191919,0.230137526232496,0.126286831894142,"QTS"
"785","One shore; one middle","rare",424.242424242424,0.23242755028758,0.126286831894142,"QTS"
"786","One shore; one middle","rare",429.292929292929,0.234705093078692,0.126286831894142,"QTS"
"787","One shore; one middle","rare",434.343434343434,0.236970154605829,0.126286831894142,"QTS"
"788","One shore; one middle","rare",439.393939393939,0.239222734868994,0.126286831894142,"QTS"
"789","One shore; one middle","rare",444.444444444444,0.241462833868185,0.126286831894142,"QTS"
"790","One shore; one middle","rare",449.494949494949,0.243690451603403,0.126286831894142,"QTS"
"791","One shore; one middle","rare",454.545454545455,0.245905588074648,0.126286831894142,"QTS"
"792","One shore; one middle","rare",459.59595959596,0.24810824328192,0.126286831894142,"QTS"
"793","One shore; one middle","rare",464.646464646465,0.250298417225218,0.126286831894142,"QTS"
"794","One shore; one middle","rare",469.69696969697,0.252476109904543,0.126286831894142,"QTS"
"795","One shore; one middle","rare",474.747474747475,0.254641321319895,0.126286831894142,"QTS"
"796","One shore; one middle","rare",479.79797979798,0.256794051471273,0.126286831894142,"QTS"
"797","One shore; one middle","rare",484.848484848485,0.258934300358678,0.126286831894142,"QTS"
"798","One shore; one middle","rare",489.89898989899,0.26106206798211,0.126286831894142,"QTS"
"799","One shore; one middle","rare",494.949494949495,0.263177354341569,0.126286831894142,"QTS"
"800","One shore; one middle","rare",500,0.265280159437054,0.126286831894142,"QTS"
"801","One shore; one middle; 2 additional","common",0,-0.00302040520422875,0.0297624787762399,"QTS"
"802","One shore; one middle; 2 additional","common",5.05050505050505,0.000637818672105817,0.0297624787762399,"QTS"
"803","One shore; one middle; 2 additional","common",10.1010101010101,0.00428362677107916,0.0297624787762399,"QTS"
"804","One shore; one middle; 2 additional","common",15.1515151515152,0.00791701909269124,0.0297624787762399,"QTS"
"805","One shore; one middle; 2 additional","common",20.2020202020202,0.0115379956369421,0.0297624787762399,"QTS"
"806","One shore; one middle; 2 additional","common",25.2525252525253,0.0151465564038317,0.0297624787762399,"QTS"
"807","One shore; one middle; 2 additional","common",30.3030303030303,0.0187427013933602,0.0297624787762399,"QTS"
"808","One shore; one middle; 2 additional","common",35.3535353535353,0.0223264306055273,0.0297624787762399,"QTS"
"809","One shore; one middle; 2 additional","common",40.4040404040404,0.0258977440403333,0.0297624787762399,"QTS"
"810","One shore; one middle; 2 additional","common",45.4545454545455,0.029456641697778,0.0297624787762399,"QTS"
"811","One shore; one middle; 2 additional","common",50.5050505050505,0.0330031235778615,0.0297624787762399,"QTS"
"812","One shore; one middle; 2 additional","common",55.5555555555556,0.0365371896805838,0.0297624787762399,"QTS"
"813","One shore; one middle; 2 additional","common",60.6060606060606,0.0400588400059448,0.0297624787762399,"QTS"
"814","One shore; one middle; 2 additional","common",65.6565656565656,0.0435680745539446,0.0297624787762399,"QTS"
"815","One shore; one middle; 2 additional","common",70.7070707070707,0.0470648933245832,0.0297624787762399,"QTS"
"816","One shore; one middle; 2 additional","common",75.7575757575758,0.0505492963178605,0.0297624787762399,"QTS"
"817","One shore; one middle; 2 additional","common",80.8080808080808,0.0540212835337766,0.0297624787762399,"QTS"
"818","One shore; one middle; 2 additional","common",85.8585858585859,0.0574808549723315,0.0297624787762399,"QTS"
"819","One shore; one middle; 2 additional","common",90.9090909090909,0.0609280106335251,0.0297624787762399,"QTS"
"820","One shore; one middle; 2 additional","common",95.959595959596,0.0643627505173576,0.0297624787762399,"QTS"
"821","One shore; one middle; 2 additional","common",101.010101010101,0.0677850746238288,0.0297624787762399,"QTS"
"822","One shore; one middle; 2 additional","common",106.060606060606,0.0711949829529387,0.0297624787762399,"QTS"
"823","One shore; one middle; 2 additional","common",111.111111111111,0.0745924755046874,0.0297624787762399,"QTS"
"824","One shore; one middle; 2 additional","common",116.161616161616,0.0779775522790749,0.0297624787762399,"QTS"
"825","One shore; one middle; 2 additional","common",121.212121212121,0.0813502132761012,0.0297624787762399,"QTS"
"826","One shore; one middle; 2 additional","common",126.262626262626,0.0847104584957662,0.0297624787762399,"QTS"
"827","One shore; one middle; 2 additional","common",131.313131313131,0.08805828793807,0.0297624787762399,"QTS"
"828","One shore; one middle; 2 additional","common",136.363636363636,0.0913937016030126,0.0297624787762399,"QTS"
"829","One shore; one middle; 2 additional","common",141.414141414141,0.0947166994905939,0.0297624787762399,"QTS"
"830","One shore; one middle; 2 additional","common",146.464646464646,0.098027281600814,0.0297624787762399,"QTS"
"831","One shore; one middle; 2 additional","common",151.515151515152,0.101325447933673,0.0297624787762399,"QTS"
"832","One shore; one middle; 2 additional","common",156.565656565657,0.104611198489171,0.0297624787762399,"QTS"
"833","One shore; one middle; 2 additional","common",161.616161616162,0.107884533267307,0.0297624787762399,"QTS"
"834","One shore; one middle; 2 additional","common",166.666666666667,0.111145452268082,0.0297624787762399,"QTS"
"835","One shore; one middle; 2 additional","common",171.717171717172,0.114393955491496,0.0297624787762399,"QTS"
"836","One shore; one middle; 2 additional","common",176.767676767677,0.117630042937549,0.0297624787762399,"QTS"
"837","One shore; one middle; 2 additional","common",181.818181818182,0.12085371460624,0.0297624787762399,"QTS"
"838","One shore; one middle; 2 additional","common",186.868686868687,0.124064970497571,0.0297624787762399,"QTS"
"839","One shore; one middle; 2 additional","common",191.919191919192,0.12726381061154,0.0297624787762399,"QTS"
"840","One shore; one middle; 2 additional","common",196.969696969697,0.130450234948148,0.0297624787762399,"QTS"
"841","One shore; one middle; 2 additional","common",202.020202020202,0.133624243507394,0.0297624787762399,"QTS"
"842","One shore; one middle; 2 additional","common",207.070707070707,0.136785836289279,0.0297624787762399,"QTS"
"843","One shore; one middle; 2 additional","common",212.121212121212,0.139935013293804,0.0297624787762399,"QTS"
"844","One shore; one middle; 2 additional","common",217.171717171717,0.143071774520966,0.0297624787762399,"QTS"
"845","One shore; one middle; 2 additional","common",222.222222222222,0.146196119970768,0.0297624787762399,"QTS"
"846","One shore; one middle; 2 additional","common",227.272727272727,0.149308049643209,0.0297624787762399,"QTS"
"847","One shore; one middle; 2 additional","common",232.323232323232,0.152407563538288,0.0297624787762399,"QTS"
"848","One shore; one middle; 2 additional","common",237.373737373737,0.155494661656006,0.0297624787762399,"QTS"
"849","One shore; one middle; 2 additional","common",242.424242424242,0.158569343996362,0.0297624787762399,"QTS"
"850","One shore; one middle; 2 additional","common",247.474747474747,0.161631610559358,0.0297624787762399,"QTS"
"851","One shore; one middle; 2 additional","common",252.525252525253,0.164681461344992,0.0297624787762399,"QTS"
"852","One shore; one middle; 2 additional","common",257.575757575758,0.167718896353265,0.0297624787762399,"QTS"
"853","One shore; one middle; 2 additional","common",262.626262626263,0.170743915584177,0.0297624787762399,"QTS"
"854","One shore; one middle; 2 additional","common",267.676767676768,0.173756519037728,0.0297624787762399,"QTS"
"855","One shore; one middle; 2 additional","common",272.727272727273,0.176756706713917,0.0297624787762399,"QTS"
"856","One shore; one middle; 2 additional","common",277.777777777778,0.179744478612745,0.0297624787762399,"QTS"
"857","One shore; one middle; 2 additional","common",282.828282828283,0.182719834734212,0.0297624787762399,"QTS"
"858","One shore; one middle; 2 additional","common",287.878787878788,0.185682775078318,0.0297624787762399,"QTS"
"859","One shore; one middle; 2 additional","common",292.929292929293,0.188633299645062,0.0297624787762399,"QTS"
"860","One shore; one middle; 2 additional","common",297.979797979798,0.191571408434445,0.0297624787762399,"QTS"
"861","One shore; one middle; 2 additional","common",303.030303030303,0.194497101446467,0.0297624787762399,"QTS"
"862","One shore; one middle; 2 additional","common",308.080808080808,0.197410378681128,0.0297624787762399,"QTS"
"863","One shore; one middle; 2 additional","common",313.131313131313,0.200311240138428,0.0297624787762399,"QTS"
"864","One shore; one middle; 2 additional","common",318.181818181818,0.203199685818366,0.0297624787762399,"QTS"
"865","One shore; one middle; 2 additional","common",323.232323232323,0.206075715720943,0.0297624787762399,"QTS"
"866","One shore; one middle; 2 additional","common",328.282828282828,0.208939329846159,0.0297624787762399,"QTS"
"867","One shore; one middle; 2 additional","common",333.333333333333,0.211790528194013,0.0297624787762399,"QTS"
"868","One shore; one middle; 2 additional","common",338.383838383838,0.214629310764507,0.0297624787762399,"QTS"
"869","One shore; one middle; 2 additional","common",343.434343434343,0.217455677557639,0.0297624787762399,"QTS"
"870","One shore; one middle; 2 additional","common",348.484848484848,0.22026962857341,0.0297624787762399,"QTS"
"871","One shore; one middle; 2 additional","common",353.535353535354,0.223071163811819,0.0297624787762399,"QTS"
"872","One shore; one middle; 2 additional","common",358.585858585859,0.225860283272868,0.0297624787762399,"QTS"
"873","One shore; one middle; 2 additional","common",363.636363636364,0.228636986956555,0.0297624787762399,"QTS"
"874","One shore; one middle; 2 additional","common",368.686868686869,0.231401274862881,0.0297624787762399,"QTS"
"875","One shore; one middle; 2 additional","common",373.737373737374,0.234153146991846,0.0297624787762399,"QTS"
"876","One shore; one middle; 2 additional","common",378.787878787879,0.236892603343449,0.0297624787762399,"QTS"
"877","One shore; one middle; 2 additional","common",383.838383838384,0.239619643917692,0.0297624787762399,"QTS"
"878","One shore; one middle; 2 additional","common",388.888888888889,0.242334268714573,0.0297624787762399,"QTS"
"879","One shore; one middle; 2 additional","common",393.939393939394,0.245036477734092,0.0297624787762399,"QTS"
"880","One shore; one middle; 2 additional","common",398.989898989899,0.247726270976251,0.0297624787762399,"QTS"
"881","One shore; one middle; 2 additional","common",404.040404040404,0.250403648441048,0.0297624787762399,"QTS"
"882","One shore; one middle; 2 additional","common",409.090909090909,0.253068610128485,0.0297624787762399,"QTS"
"883","One shore; one middle; 2 additional","common",414.141414141414,0.255721156038559,0.0297624787762399,"QTS"
"884","One shore; one middle; 2 additional","common",419.191919191919,0.258361286171273,0.0297624787762399,"QTS"
"885","One shore; one middle; 2 additional","common",424.242424242424,0.260989000526626,0.0297624787762399,"QTS"
"886","One shore; one middle; 2 additional","common",429.292929292929,0.263604299104617,0.0297624787762399,"QTS"
"887","One shore; one middle; 2 additional","common",434.343434343434,0.266207181905247,0.0297624787762399,"QTS"
"888","One shore; one middle; 2 additional","common",439.393939393939,0.268797648928515,0.0297624787762399,"QTS"
"889","One shore; one middle; 2 additional","common",444.444444444444,0.271375700174423,0.0297624787762399,"QTS"
"890","One shore; one middle; 2 additional","common",449.494949494949,0.273941335642969,0.0297624787762399,"QTS"
"891","One shore; one middle; 2 additional","common",454.545454545455,0.276494555334154,0.0297624787762399,"QTS"
"892","One shore; one middle; 2 additional","common",459.59595959596,0.279035359247978,0.0297624787762399,"QTS"
"893","One shore; one middle; 2 additional","common",464.646464646465,0.281563747384441,0.0297624787762399,"QTS"
"894","One shore; one middle; 2 additional","common",469.69696969697,0.284079719743542,0.0297624787762399,"QTS"
"895","One shore; one middle; 2 additional","common",474.747474747475,0.286583276325282,0.0297624787762399,"QTS"
"896","One shore; one middle; 2 additional","common",479.79797979798,0.289074417129661,0.0297624787762399,"QTS"
"897","One shore; one middle; 2 additional","common",484.848484848485,0.291553142156679,0.0297624787762399,"QTS"
"898","One shore; one middle; 2 additional","common",489.89898989899,0.294019451406335,0.0297624787762399,"QTS"
"899","One shore; one middle; 2 additional","common",494.949494949495,0.296473344878631,0.0297624787762399,"QTS"
"900","One shore; one middle; 2 additional","common",500,0.298914822573565,0.0297624787762399,"QTS"
"901","One shore; one middle; 2 additional","rare",0,-0.00227219460889793,0.11893305695041,"QTS"
"902","One shore; one middle; 2 additional","rare",5.05050505050505,0.000758304011419754,0.11893305695041,"QTS"
"903","One shore; one middle; 2 additional","rare",10.1010101010101,0.00378086156600136,0.11893305695041,"QTS"
"904","One shore; one middle; 2 additional","rare",15.1515151515152,0.00679547805484681,0.11893305695041,"QTS"
"905","One shore; one middle; 2 additional","rare",20.2020202020202,0.00980215347795615,0.11893305695041,"QTS"
"906","One shore; one middle; 2 additional","rare",25.2525252525253,0.0128008878353293,0.11893305695041,"QTS"
"907","One shore; one middle; 2 additional","rare",30.3030303030303,0.0157916811269664,0.11893305695041,"QTS"
"908","One shore; one middle; 2 additional","rare",35.3535353535353,0.0187745333528673,0.11893305695041,"QTS"
"909","One shore; one middle; 2 additional","rare",40.4040404040404,0.0217494445130321,0.11893305695041,"QTS"
"910","One shore; one middle; 2 additional","rare",45.4545454545455,0.0247164146074607,0.11893305695041,"QTS"
"911","One shore; one middle; 2 additional","rare",50.5050505050505,0.0276754436361532,0.11893305695041,"QTS"
"912","One shore; one middle; 2 additional","rare",55.5555555555556,0.0306265315991096,0.11893305695041,"QTS"
"913","One shore; one middle; 2 additional","rare",60.6060606060606,0.0335696784963299,0.11893305695041,"QTS"
"914","One shore; one middle; 2 additional","rare",65.6565656565656,0.036504884327814,0.11893305695041,"QTS"
"915","One shore; one middle; 2 additional","rare",70.7070707070707,0.0394321490935619,0.11893305695041,"QTS"
"916","One shore; one middle; 2 additional","rare",75.7575757575758,0.0423514727935738,0.11893305695041,"QTS"
"917","One shore; one middle; 2 additional","rare",80.8080808080808,0.0452628554278495,0.11893305695041,"QTS"
"918","One shore; one middle; 2 additional","rare",85.8585858585859,0.0481662969963891,0.11893305695041,"QTS"
"919","One shore; one middle; 2 additional","rare",90.9090909090909,0.0510617974991925,0.11893305695041,"QTS"
"920","One shore; one middle; 2 additional","rare",95.959595959596,0.0539493569362598,0.11893305695041,"QTS"
"921","One shore; one middle; 2 additional","rare",101.010101010101,0.056828975307591,0.11893305695041,"QTS"
"922","One shore; one middle; 2 additional","rare",106.060606060606,0.059700652613186,0.11893305695041,"QTS"
"923","One shore; one middle; 2 additional","rare",111.111111111111,0.0625643888530449,0.11893305695041,"QTS"
"924","One shore; one middle; 2 additional","rare",116.161616161616,0.0654201840271677,0.11893305695041,"QTS"
"925","One shore; one middle; 2 additional","rare",121.212121212121,0.0682680381355543,0.11893305695041,"QTS"
"926","One shore; one middle; 2 additional","rare",126.262626262626,0.0711079511782048,0.11893305695041,"QTS"
"927","One shore; one middle; 2 additional","rare",131.313131313131,0.0739399231551191,0.11893305695041,"QTS"
"928","One shore; one middle; 2 additional","rare",136.363636363636,0.0767639540662974,0.11893305695041,"QTS"
"929","One shore; one middle; 2 additional","rare",141.414141414141,0.0795800439117395,0.11893305695041,"QTS"
"930","One shore; one middle; 2 additional","rare",146.464646464646,0.0823881926914454,0.11893305695041,"QTS"
"931","One shore; one middle; 2 additional","rare",151.515151515152,0.0851884004054152,0.11893305695041,"QTS"
"932","One shore; one middle; 2 additional","rare",156.565656565657,0.0879806670536489,0.11893305695041,"QTS"
"933","One shore; one middle; 2 additional","rare",161.616161616162,0.0907649926361465,0.11893305695041,"QTS"
"934","One shore; one middle; 2 additional","rare",166.666666666667,0.0935413771529079,0.11893305695041,"QTS"
"935","One shore; one middle; 2 additional","rare",171.717171717172,0.0963098206039332,0.11893305695041,"QTS"
"936","One shore; one middle; 2 additional","rare",176.767676767677,0.0990703229892223,0.11893305695041,"QTS"
"937","One shore; one middle; 2 additional","rare",181.818181818182,0.101822884308775,0.11893305695041,"QTS"
"938","One shore; one middle; 2 additional","rare",186.868686868687,0.104567504562592,0.11893305695041,"QTS"
"939","One shore; one middle; 2 additional","rare",191.919191919192,0.107304183750673,0.11893305695041,"QTS"
"940","One shore; one middle; 2 additional","rare",196.969696969697,0.110032921873018,0.11893305695041,"QTS"
"941","One shore; one middle; 2 additional","rare",202.020202020202,0.112753718929626,0.11893305695041,"QTS"
"942","One shore; one middle; 2 additional","rare",207.070707070707,0.115466574920498,0.11893305695041,"QTS"
"943","One shore; one middle; 2 additional","rare",212.121212121212,0.118171489845635,0.11893305695041,"QTS"
"944","One shore; one middle; 2 additional","rare",217.171717171717,0.120868463705035,0.11893305695041,"QTS"
"945","One shore; one middle; 2 additional","rare",222.222222222222,0.123557496498699,0.11893305695041,"QTS"
"946","One shore; one middle; 2 additional","rare",227.272727272727,0.126238588226626,0.11893305695041,"QTS"
"947","One shore; one middle; 2 additional","rare",232.323232323232,0.128911738888818,0.11893305695041,"QTS"
"948","One shore; one middle; 2 additional","rare",237.373737373737,0.131576948485274,0.11893305695041,"QTS"
"949","One shore; one middle; 2 additional","rare",242.424242424242,0.134234217015993,0.11893305695041,"QTS"
"950","One shore; one middle; 2 additional","rare",247.474747474747,0.136883544480976,0.11893305695041,"QTS"
"951","One shore; one middle; 2 additional","rare",252.525252525253,0.139524930880223,0.11893305695041,"QTS"
"952","One shore; one middle; 2 additional","rare",257.575757575758,0.142158376213734,0.11893305695041,"QTS"
"953","One shore; one middle; 2 additional","rare",262.626262626263,0.144783880481509,0.11893305695041,"QTS"
"954","One shore; one middle; 2 additional","rare",267.676767676768,0.147401443683548,0.11893305695041,"QTS"
"955","One shore; one middle; 2 additional","rare",272.727272727273,0.15001106581985,0.11893305695041,"QTS"
"956","One shore; one middle; 2 additional","rare",277.777777777778,0.152612746890417,0.11893305695041,"QTS"
"957","One shore; one middle; 2 additional","rare",282.828282828283,0.155206486895247,0.11893305695041,"QTS"
"958","One shore; one middle; 2 additional","rare",287.878787878788,0.157792285834341,0.11893305695041,"QTS"
"959","One shore; one middle; 2 additional","rare",292.929292929293,0.160370143707699,0.11893305695041,"QTS"
"960","One shore; one middle; 2 additional","rare",297.979797979798,0.162940060515321,0.11893305695041,"QTS"
"961","One shore; one middle; 2 additional","rare",303.030303030303,0.165502036257207,0.11893305695041,"QTS"
"962","One shore; one middle; 2 additional","rare",308.080808080808,0.168056070933357,0.11893305695041,"QTS"
"963","One shore; one middle; 2 additional","rare",313.131313131313,0.17060216454377,0.11893305695041,"QTS"
"964","One shore; one middle; 2 additional","rare",318.181818181818,0.173140317088448,0.11893305695041,"QTS"
"965","One shore; one middle; 2 additional","rare",323.232323232323,0.175670528567389,0.11893305695041,"QTS"
"966","One shore; one middle; 2 additional","rare",328.282828282828,0.178192798980594,0.11893305695041,"QTS"
"967","One shore; one middle; 2 additional","rare",333.333333333333,0.180707128328063,0.11893305695041,"QTS"
"968","One shore; one middle; 2 additional","rare",338.383838383838,0.183213516609796,0.11893305695041,"QTS"
"969","One shore; one middle; 2 additional","rare",343.434343434343,0.185711963825793,0.11893305695041,"QTS"
"970","One shore; one middle; 2 additional","rare",348.484848484848,0.188202469976053,0.11893305695041,"QTS"
"971","One shore; one middle; 2 additional","rare",353.535353535354,0.190685035060578,0.11893305695041,"QTS"
"972","One shore; one middle; 2 additional","rare",358.585858585859,0.193159659079366,0.11893305695041,"QTS"
"973","One shore; one middle; 2 additional","rare",363.636363636364,0.195626342032418,0.11893305695041,"QTS"
"974","One shore; one middle; 2 additional","rare",368.686868686869,0.198085083919734,0.11893305695041,"QTS"
"975","One shore; one middle; 2 additional","rare",373.737373737374,0.200535884741314,0.11893305695041,"QTS"
"976","One shore; one middle; 2 additional","rare",378.787878787879,0.202978744497158,0.11893305695041,"QTS"
"977","One shore; one middle; 2 additional","rare",383.838383838384,0.205413663187265,0.11893305695041,"QTS"
"978","One shore; one middle; 2 additional","rare",388.888888888889,0.207840640811637,0.11893305695041,"QTS"
"979","One shore; one middle; 2 additional","rare",393.939393939394,0.210259677370272,0.11893305695041,"QTS"
"980","One shore; one middle; 2 additional","rare",398.989898989899,0.212670772863171,0.11893305695041,"QTS"
"981","One shore; one middle; 2 additional","rare",404.040404040404,0.215073927290334,0.11893305695041,"QTS"
"982","One shore; one middle; 2 additional","rare",409.090909090909,0.217469140651761,0.11893305695041,"QTS"
"983","One shore; one middle; 2 additional","rare",414.141414141414,0.219856412947452,0.11893305695041,"QTS"
"984","One shore; one middle; 2 additional","rare",419.191919191919,0.222235744177407,0.11893305695041,"QTS"
"985","One shore; one middle; 2 additional","rare",424.242424242424,0.224607134341625,0.11893305695041,"QTS"
"986","One shore; one middle; 2 additional","rare",429.292929292929,0.226970583440108,0.11893305695041,"QTS"
"987","One shore; one middle; 2 additional","rare",434.343434343434,0.229326091472854,0.11893305695041,"QTS"
"988","One shore; one middle; 2 additional","rare",439.393939393939,0.231673658439864,0.11893305695041,"QTS"
"989","One shore; one middle; 2 additional","rare",444.444444444444,0.234013284341138,0.11893305695041,"QTS"
"990","One shore; one middle; 2 additional","rare",449.494949494949,0.236344969176676,0.11893305695041,"QTS"
"991","One shore; one middle; 2 additional","rare",454.545454545455,0.238668712946478,0.11893305695041,"QTS"
"992","One shore; one middle; 2 additional","rare",459.59595959596,0.240984515650543,0.11893305695041,"QTS"
"993","One shore; one middle; 2 additional","rare",464.646464646465,0.243292377288873,0.11893305695041,"QTS"
"994","One shore; one middle; 2 additional","rare",469.69696969697,0.245592297861466,0.11893305695041,"QTS"
"995","One shore; one middle; 2 additional","rare",474.747474747475,0.247884277368324,0.11893305695041,"QTS"
"996","One shore; one middle; 2 additional","rare",479.79797979798,0.250168315809445,0.11893305695041,"QTS"
"997","One shore; one middle; 2 additional","rare",484.848484848485,0.252444413184829,0.11893305695041,"QTS"
"998","One shore; one middle; 2 additional","rare",489.89898989899,0.254712569494478,0.11893305695041,"QTS"
"999","One shore; one middle; 2 additional","rare",494.949494949495,0.256972784738391,0.11893305695041,"QTS"
"1000","One shore; one middle; 2 additional","rare",500,0.259225058916567,0.11893305695041,"QTS"
"1001","Randomly placed","common",0,-0.0121325327160818,0.0798106056134728,"QTS"
"1002","Randomly placed","common",5.05050505050505,-0.00644290211057248,0.0798106056134728,"QTS"
"1003","Randomly placed","common",10.1010101010101,-0.000779225071518765,0.0798106056134728,"QTS"
"1004","Randomly placed","common",15.1515151515152,0.00485849840107935,0.0798106056134728,"QTS"
"1005","Randomly placed","common",20.2020202020202,0.0104702683072219,0.0798106056134728,"QTS"
"1006","Randomly placed","common",25.2525252525253,0.0160560846469087,0.0798106056134728,"QTS"
"1007","Randomly placed","common",30.3030303030303,0.0216159474201399,0.0798106056134728,"QTS"
"1008","Randomly placed","common",35.3535353535353,0.0271498566269155,0.0798106056134728,"QTS"
"1009","Randomly placed","common",40.4040404040404,0.0326578122672355,0.0798106056134728,"QTS"
"1010","Randomly placed","common",45.4545454545455,0.0381398143410998,0.0798106056134728,"QTS"
"1011","Randomly placed","common",50.5050505050505,0.0435958628485086,0.0798106056134728,"QTS"
"1012","Randomly placed","common",55.5555555555556,0.0490259577894617,0.0798106056134728,"QTS"
"1013","Randomly placed","common",60.6060606060606,0.0544300991639592,0.0798106056134728,"QTS"
"1014","Randomly placed","common",65.6565656565656,0.059808286972001,0.0798106056134728,"QTS"
"1015","Randomly placed","common",70.7070707070707,0.0651605212135872,0.0798106056134728,"QTS"
"1016","Randomly placed","common",75.7575757575758,0.0704868018887179,0.0798106056134728,"QTS"
"1017","Randomly placed","common",80.8080808080808,0.0757871289973928,0.0798106056134728,"QTS"
"1018","Randomly placed","common",85.8585858585859,0.0810615025396122,0.0798106056134728,"QTS"
"1019","Randomly placed","common",90.9090909090909,0.086309922515376,0.0798106056134728,"QTS"
"1020","Randomly placed","common",95.959595959596,0.0915323889246841,0.0798106056134728,"QTS"
"1021","Randomly placed","common",101.010101010101,0.0967289017675366,0.0798106056134728,"QTS"
"1022","Randomly placed","common",106.060606060606,0.101899461043933,0.0798106056134728,"QTS"
"1023","Randomly placed","common",111.111111111111,0.107044066753875,0.0798106056134728,"QTS"
"1024","Randomly placed","common",116.161616161616,0.11216271889736,0.0798106056134728,"QTS"
"1025","Randomly placed","common",121.212121212121,0.11725541747439,0.0798106056134728,"QTS"
"1026","Randomly placed","common",126.262626262626,0.122322162484965,0.0798106056134728,"QTS"
"1027","Randomly placed","common",131.313131313131,0.127362953929083,0.0798106056134728,"QTS"
"1028","Randomly placed","common",136.363636363636,0.132377791806746,0.0798106056134728,"QTS"
"1029","Randomly placed","common",141.414141414141,0.137366676117954,0.0798106056134728,"QTS"
"1030","Randomly placed","common",146.464646464646,0.142329606862706,0.0798106056134728,"QTS"
"1031","Randomly placed","common",151.515151515152,0.147266584041002,0.0798106056134728,"QTS"
"1032","Randomly placed","common",156.565656565657,0.152177607652843,0.0798106056134728,"QTS"
"1033","Randomly placed","common",161.616161616162,0.157062677698228,0.0798106056134728,"QTS"
"1034","Randomly placed","common",166.666666666667,0.161921794177157,0.0798106056134728,"QTS"
"1035","Randomly placed","common",171.717171717172,0.166754957089631,0.0798106056134728,"QTS"
"1036","Randomly placed","common",176.767676767677,0.171562166435649,0.0798106056134728,"QTS"
"1037","Randomly placed","common",181.818181818182,0.176343422215211,0.0798106056134728,"QTS"
"1038","Randomly placed","common",186.868686868687,0.181098724428318,0.0798106056134728,"QTS"
"1039","Randomly placed","common",191.919191919192,0.18582807307497,0.0798106056134728,"QTS"
"1040","Randomly placed","common",196.969696969697,0.190531468155165,0.0798106056134728,"QTS"
"1041","Randomly placed","common",202.020202020202,0.195208909668905,0.0798106056134728,"QTS"
"1042","Randomly placed","common",207.070707070707,0.19986039761619,0.0798106056134728,"QTS"
"1043","Randomly placed","common",212.121212121212,0.204485931997018,0.0798106056134728,"QTS"
"1044","Randomly placed","common",217.171717171717,0.209085512811391,0.0798106056134728,"QTS"
"1045","Randomly placed","common",222.222222222222,0.213659140059309,0.0798106056134728,"QTS"
"1046","Randomly placed","common",227.272727272727,0.218206813740771,0.0798106056134728,"QTS"
"1047","Randomly placed","common",232.323232323232,0.222728533855777,0.0798106056134728,"QTS"
"1048","Randomly placed","common",237.373737373737,0.227224300404328,0.0798106056134728,"QTS"
"1049","Randomly placed","common",242.424242424242,0.231694113386423,0.0798106056134728,"QTS"
"1050","Randomly placed","common",247.474747474747,0.236137972802062,0.0798106056134728,"QTS"
"1051","Randomly placed","common",252.525252525253,0.240555878651246,0.0798106056134728,"QTS"
"1052","Randomly placed","common",257.575757575758,0.244947830933974,0.0798106056134728,"QTS"
"1053","Randomly placed","common",262.626262626263,0.249313829650246,0.0798106056134728,"QTS"
"1054","Randomly placed","common",267.676767676768,0.253653874800063,0.0798106056134728,"QTS"
"1055","Randomly placed","common",272.727272727273,0.257967966383425,0.0798106056134728,"QTS"
"1056","Randomly placed","common",277.777777777778,0.26225610440033,0.0798106056134728,"QTS"
"1057","Randomly placed","common",282.828282828283,0.26651828885078,0.0798106056134728,"QTS"
"1058","Randomly placed","common",287.878787878788,0.270754519734775,0.0798106056134728,"QTS"
"1059","Randomly placed","common",292.929292929293,0.274964797052313,0.0798106056134728,"QTS"
"1060","Randomly placed","common",297.979797979798,0.279149120803397,0.0798106056134728,"QTS"
"1061","Randomly placed","common",303.030303030303,0.283307490988024,0.0798106056134728,"QTS"
"1062","Randomly placed","common",308.080808080808,0.287439907606196,0.0798106056134728,"QTS"
"1063","Randomly placed","common",313.131313131313,0.291546370657912,0.0798106056134728,"QTS"
"1064","Randomly placed","common",318.181818181818,0.295626880143173,0.0798106056134728,"QTS"
"1065","Randomly placed","common",323.232323232323,0.299681436061978,0.0798106056134728,"QTS"
"1066","Randomly placed","common",328.282828282828,0.303710038414327,0.0798106056134728,"QTS"
"1067","Randomly placed","common",333.333333333333,0.307712687200221,0.0798106056134728,"QTS"
"1068","Randomly placed","common",338.383838383838,0.311689382419659,0.0798106056134728,"QTS"
"1069","Randomly placed","common",343.434343434343,0.315640124072642,0.0798106056134728,"QTS"
"1070","Randomly placed","common",348.484848484848,0.319564912159169,0.0798106056134728,"QTS"
"1071","Randomly placed","common",353.535353535354,0.32346374667924,0.0798106056134728,"QTS"
"1072","Randomly placed","common",358.585858585859,0.327336627632856,0.0798106056134728,"QTS"
"1073","Randomly placed","common",363.636363636364,0.331183555020016,0.0798106056134728,"QTS"
"1074","Randomly placed","common",368.686868686869,0.33500452884072,0.0798106056134728,"QTS"
"1075","Randomly placed","common",373.737373737374,0.338799549094969,0.0798106056134728,"QTS"
"1076","Randomly placed","common",378.787878787879,0.342568615782762,0.0798106056134728,"QTS"
"1077","Randomly placed","common",383.838383838384,0.346311728904099,0.0798106056134728,"QTS"
"1078","Randomly placed","common",388.888888888889,0.350028888458981,0.0798106056134728,"QTS"
"1079","Randomly placed","common",393.939393939394,0.353720094447408,0.0798106056134728,"QTS"
"1080","Randomly placed","common",398.989898989899,0.357385346869378,0.0798106056134728,"QTS"
"1081","Randomly placed","common",404.040404040404,0.361024645724893,0.0798106056134728,"QTS"
"1082","Randomly placed","common",409.090909090909,0.364637991013953,0.0798106056134728,"QTS"
"1083","Randomly placed","common",414.141414141414,0.368225382736557,0.0798106056134728,"QTS"
"1084","Randomly placed","common",419.191919191919,0.371786820892705,0.0798106056134728,"QTS"
"1085","Randomly placed","common",424.242424242424,0.375322305482397,0.0798106056134728,"QTS"
"1086","Randomly placed","common",429.292929292929,0.378831836505634,0.0798106056134728,"QTS"
"1087","Randomly placed","common",434.343434343434,0.382315413962415,0.0798106056134728,"QTS"
"1088","Randomly placed","common",439.393939393939,0.385773037852741,0.0798106056134728,"QTS"
"1089","Randomly placed","common",444.444444444444,0.389204708176611,0.0798106056134728,"QTS"
"1090","Randomly placed","common",449.494949494949,0.392610424934026,0.0798106056134728,"QTS"
"1091","Randomly placed","common",454.545454545455,0.395990188124984,0.0798106056134728,"QTS"
"1092","Randomly placed","common",459.59595959596,0.399343997749487,0.0798106056134728,"QTS"
"1093","Randomly placed","common",464.646464646465,0.402671853807535,0.0798106056134728,"QTS"
"1094","Randomly placed","common",469.69696969697,0.405973756299127,0.0798106056134728,"QTS"
"1095","Randomly placed","common",474.747474747475,0.409249705224263,0.0798106056134728,"QTS"
"1096","Randomly placed","common",479.79797979798,0.412499700582944,0.0798106056134728,"QTS"
"1097","Randomly placed","common",484.848484848485,0.415723742375169,0.0798106056134728,"QTS"
"1098","Randomly placed","common",489.89898989899,0.418921830600938,0.0798106056134728,"QTS"
"1099","Randomly placed","common",494.949494949495,0.422093965260252,0.0798106056134728,"QTS"
"1100","Randomly placed","common",500,0.42524014635311,0.0798106056134728,"QTS"
"1101","Randomly placed","rare",0,-0.000190272819712709,0.134461334786561,"QTS"
"1102","Randomly placed","rare",5.05050505050505,0.00350984169241168,0.134461334786561,"QTS"
"1103","Randomly placed","rare",10.1010101010101,0.00719905687975658,0.134461334786561,"QTS"
"1104","Randomly placed","rare",15.1515151515152,0.0108773727423219,0.134461334786561,"QTS"
"1105","Randomly placed","rare",20.2020202020202,0.0145447892801077,0.134461334786561,"QTS"
"1106","Randomly placed","rare",25.2525252525253,0.018201306493114,0.134461334786561,"QTS"
"1107","Randomly placed","rare",30.3030303030303,0.0218469243813407,0.134461334786561,"QTS"
"1108","Randomly placed","rare",35.3535353535353,0.0254816429447879,0.134461334786561,"QTS"
"1109","Randomly placed","rare",40.4040404040404,0.0291054621834555,0.134461334786561,"QTS"
"1110","Randomly placed","rare",45.4545454545455,0.0327183820973437,0.134461334786561,"QTS"
"1111","Randomly placed","rare",50.5050505050505,0.0363204026864523,0.134461334786561,"QTS"
"1112","Randomly placed","rare",55.5555555555556,0.0399115239507813,0.134461334786561,"QTS"
"1113","Randomly placed","rare",60.6060606060606,0.0434917458903308,0.134461334786561,"QTS"
"1114","Randomly placed","rare",65.6565656565656,0.0470610685051008,0.134461334786561,"QTS"
"1115","Randomly placed","rare",70.7070707070707,0.0506194917950912,0.134461334786561,"QTS"
"1116","Randomly placed","rare",75.7575757575758,0.0541670157603021,0.134461334786561,"QTS"
"1117","Randomly placed","rare",80.8080808080808,0.0577036404007335,0.134461334786561,"QTS"
"1118","Randomly placed","rare",85.8585858585859,0.0612293657163853,0.134461334786561,"QTS"
"1119","Randomly placed","rare",90.9090909090909,0.0647441917072576,0.134461334786561,"QTS"
"1120","Randomly placed","rare",95.959595959596,0.0682481183733504,0.134461334786561,"QTS"
"1121","Randomly placed","rare",101.010101010101,0.0717411457146636,0.134461334786561,"QTS"
"1122","Randomly placed","rare",106.060606060606,0.0752232737311973,0.134461334786561,"QTS"
"1123","Randomly placed","rare",111.111111111111,0.0786945024229515,0.134461334786561,"QTS"
"1124","Randomly placed","rare",116.161616161616,0.0821548317899261,0.134461334786561,"QTS"
"1125","Randomly placed","rare",121.212121212121,0.0856042618321212,0.134461334786561,"QTS"
"1126","Randomly placed","rare",126.262626262626,0.0890427925495368,0.134461334786561,"QTS"
"1127","Randomly placed","rare",131.313131313131,0.0924704239421728,0.134461334786561,"QTS"
"1128","Randomly placed","rare",136.363636363636,0.0958871560100292,0.134461334786561,"QTS"
"1129","Randomly placed","rare",141.414141414141,0.0992929887531061,0.134461334786561,"QTS"
"1130","Randomly placed","rare",146.464646464646,0.102687922171404,0.134461334786561,"QTS"
"1131","Randomly placed","rare",151.515151515152,0.106071956264921,0.134461334786561,"QTS"
"1132","Randomly placed","rare",156.565656565657,0.10944509103366,0.134461334786561,"QTS"
"1133","Randomly placed","rare",161.616161616162,0.112807326477619,0.134461334786561,"QTS"
"1134","Randomly placed","rare",166.666666666667,0.116158662596798,0.134461334786561,"QTS"
"1135","Randomly placed","rare",171.717171717172,0.119499099391198,0.134461334786561,"QTS"
"1136","Randomly placed","rare",176.767676767677,0.122828636860818,0.134461334786561,"QTS"
"1137","Randomly placed","rare",181.818181818182,0.126147275005658,0.134461334786561,"QTS"
"1138","Randomly placed","rare",186.868686868687,0.12945501382572,0.134461334786561,"QTS"
"1139","Randomly placed","rare",191.919191919192,0.132751853321001,0.134461334786561,"QTS"
"1140","Randomly placed","rare",196.969696969697,0.136037793491503,0.134461334786561,"QTS"
"1141","Randomly placed","rare",202.020202020202,0.139312834337226,0.134461334786561,"QTS"
"1142","Randomly placed","rare",207.070707070707,0.142576975858169,0.134461334786561,"QTS"
"1143","Randomly placed","rare",212.121212121212,0.145830218054332,0.134461334786561,"QTS"
"1144","Randomly placed","rare",217.171717171717,0.149072560925716,0.134461334786561,"QTS"
"1145","Randomly placed","rare",222.222222222222,0.15230400447232,0.134461334786561,"QTS"
"1146","Randomly placed","rare",227.272727272727,0.155524548694145,0.134461334786561,"QTS"
"1147","Randomly placed","rare",232.323232323232,0.158734193591191,0.134461334786561,"QTS"
"1148","Randomly placed","rare",237.373737373737,0.161932939163456,0.134461334786561,"QTS"
"1149","Randomly placed","rare",242.424242424242,0.165120785410943,0.134461334786561,"QTS"
"1150","Randomly placed","rare",247.474747474747,0.168297732333649,0.134461334786561,"QTS"
"1151","Randomly placed","rare",252.525252525253,0.171463779931576,0.134461334786561,"QTS"
"1152","Randomly placed","rare",257.575757575758,0.174618928204724,0.134461334786561,"QTS"
"1153","Randomly placed","rare",262.626262626263,0.177763177153092,0.134461334786561,"QTS"
"1154","Randomly placed","rare",267.676767676768,0.180896526776681,0.134461334786561,"QTS"
"1155","Randomly placed","rare",272.727272727273,0.18401897707549,0.134461334786561,"QTS"
"1156","Randomly placed","rare",277.777777777778,0.187130528049519,0.134461334786561,"QTS"
"1157","Randomly placed","rare",282.828282828283,0.190231179698769,0.134461334786561,"QTS"
"1158","Randomly placed","rare",287.878787878788,0.193320932023239,0.134461334786561,"QTS"
"1159","Randomly placed","rare",292.929292929293,0.19639978502293,0.134461334786561,"QTS"
"1160","Randomly placed","rare",297.979797979798,0.199467738697842,0.134461334786561,"QTS"
"1161","Randomly placed","rare",303.030303030303,0.202524793047973,0.134461334786561,"QTS"
"1162","Randomly placed","rare",308.080808080808,0.205570948073326,0.134461334786561,"QTS"
"1163","Randomly placed","rare",313.131313131313,0.208606203773898,0.134461334786561,"QTS"
"1164","Randomly placed","rare",318.181818181818,0.211630560149692,0.134461334786561,"QTS"
"1165","Randomly placed","rare",323.232323232323,0.214644017200705,0.134461334786561,"QTS"
"1166","Randomly placed","rare",328.282828282828,0.217646574926939,0.134461334786561,"QTS"
"1167","Randomly placed","rare",333.333333333333,0.220638233328394,0.134461334786561,"QTS"
"1168","Randomly placed","rare",338.383838383838,0.223618992405069,0.134461334786561,"QTS"
"1169","Randomly placed","rare",343.434343434343,0.226588852156965,0.134461334786561,"QTS"
"1170","Randomly placed","rare",348.484848484848,0.229547812584081,0.134461334786561,"QTS"
"1171","Randomly placed","rare",353.535353535354,0.232495873686417,0.134461334786561,"QTS"
"1172","Randomly placed","rare",358.585858585859,0.235433035463974,0.134461334786561,"QTS"
"1173","Randomly placed","rare",363.636363636364,0.238359297916751,0.134461334786561,"QTS"
"1174","Randomly placed","rare",368.686868686869,0.241274661044749,0.134461334786561,"QTS"
"1175","Randomly placed","rare",373.737373737374,0.244179124847967,0.134461334786561,"QTS"
"1176","Randomly placed","rare",378.787878787879,0.247072689326406,0.134461334786561,"QTS"
"1177","Randomly placed","rare",383.838383838384,0.249955354480065,0.134461334786561,"QTS"
"1178","Randomly placed","rare",388.888888888889,0.252827120308945,0.134461334786561,"QTS"
"1179","Randomly placed","rare",393.939393939394,0.255687986813045,0.134461334786561,"QTS"
"1180","Randomly placed","rare",398.989898989899,0.258537953992366,0.134461334786561,"QTS"
"1181","Randomly placed","rare",404.040404040404,0.261377021846907,0.134461334786561,"QTS"
"1182","Randomly placed","rare",409.090909090909,0.264205190376669,0.134461334786561,"QTS"
"1183","Randomly placed","rare",414.141414141414,0.267022459581651,0.134461334786561,"QTS"
"1184","Randomly placed","rare",419.191919191919,0.269828829461853,0.134461334786561,"QTS"
"1185","Randomly placed","rare",424.242424242424,0.272624300017276,0.134461334786561,"QTS"
"1186","Randomly placed","rare",429.292929292929,0.275408871247919,0.134461334786561,"QTS"
"1187","Randomly placed","rare",434.343434343434,0.278182543153783,0.134461334786561,"QTS"
"1188","Randomly placed","rare",439.393939393939,0.280945315734868,0.134461334786561,"QTS"
"1189","Randomly placed","rare",444.444444444444,0.283697188991172,0.134461334786561,"QTS"
"1190","Randomly placed","rare",449.494949494949,0.286438162922698,0.134461334786561,"QTS"
"1191","Randomly placed","rare",454.545454545455,0.289168237529443,0.134461334786561,"QTS"
"1192","Randomly placed","rare",459.59595959596,0.29188741281141,0.134461334786561,"QTS"
"1193","Randomly placed","rare",464.646464646465,0.294595688768596,0.134461334786561,"QTS"
"1194","Randomly placed","rare",469.69696969697,0.297293065401003,0.134461334786561,"QTS"
"1195","Randomly placed","rare",474.747474747475,0.299979542708631,0.134461334786561,"QTS"
"1196","Randomly placed","rare",479.79797979798,0.302655120691479,0.134461334786561,"QTS"
"1197","Randomly placed","rare",484.848484848485,0.305319799349548,0.134461334786561,"QTS"
"1198","Randomly placed","rare",489.89898989899,0.307973578682837,0.134461334786561,"QTS"
"1199","Randomly placed","rare",494.949494949495,0.310616458691346,0.134461334786561,"QTS"
"1200","Randomly placed","rare",500,0.313248439375076,0.134461334786561,"QTS"
"1201","random","common",0,0.00290642646295872,0.0113767812789994,"QTS"
"1202","random","common",5.05050505050505,0.00562149046192333,0.0113767812789994,"QTS"
"1203","random","common",10.1010101010101,0.00833008924359179,0.0113767812789994,"QTS"
"1204","random","common",15.1515151515152,0.011032222807964,0.0113767812789994,"QTS"
"1205","random","common",20.2020202020202,0.01372789115504,0.0113767812789994,"QTS"
"1206","random","common",25.2525252525253,0.0164170942848198,0.0113767812789994,"QTS"
"1207","random","common",30.3030303030303,0.0190998321973033,0.0113767812789994,"QTS"
"1208","random","common",35.3535353535353,0.0217761048924907,0.0113767812789994,"QTS"
"1209","random","common",40.4040404040404,0.0244459123703818,0.0113767812789994,"QTS"
"1210","random","common",45.4545454545455,0.0271092546309768,0.0113767812789994,"QTS"
"1211","random","common",50.5050505050505,0.0297661316742755,0.0113767812789994,"QTS"
"1212","random","common",55.5555555555556,0.032416543500278,0.0113767812789994,"QTS"
"1213","random","common",60.6060606060606,0.0350604901089843,0.0113767812789994,"QTS"
"1214","random","common",65.6565656565656,0.0376979715003943,0.0113767812789994,"QTS"
"1215","random","common",70.7070707070707,0.0403289876745082,0.0113767812789994,"QTS"
"1216","random","common",75.7575757575758,0.0429535386313258,0.0113767812789994,"QTS"
"1217","random","common",80.8080808080808,0.0455716243708473,0.0113767812789994,"QTS"
"1218","random","common",85.8585858585859,0.0481832448930725,0.0113767812789994,"QTS"
"1219","random","common",90.9090909090909,0.0507884001980015,0.0113767812789994,"QTS"
"1220","random","common",95.959595959596,0.0533870902856343,0.0113767812789994,"QTS"
"1221","random","common",101.010101010101,0.0559793151559709,0.0113767812789994,"QTS"
"1222","random","common",106.060606060606,0.0585650748090112,0.0113767812789994,"QTS"
"1223","random","common",111.111111111111,0.0611443692447554,0.0113767812789994,"QTS"
"1224","random","common",116.161616161616,0.0637171984632033,0.0113767812789994,"QTS"
"1225","random","common",121.212121212121,0.066283562464355,0.0113767812789994,"QTS"
"1226","random","common",126.262626262626,0.0688434612482106,0.0113767812789994,"QTS"
"1227","random","common",131.313131313131,0.0713968948147699,0.0113767812789994,"QTS"
"1228","random","common",136.363636363636,0.0739438631640329,0.0113767812789994,"QTS"
"1229","random","common",141.414141414141,0.0764843662959998,0.0113767812789994,"QTS"
"1230","random","common",146.464646464646,0.0790184042106705,0.0113767812789994,"QTS"
"1231","random","common",151.515151515152,0.0815459769080449,0.0113767812789994,"QTS"
"1232","random","common",156.565656565657,0.0840670843881231,0.0113767812789994,"QTS"
"1233","random","common",161.616161616162,0.0865817266509052,0.0113767812789994,"QTS"
"1234","random","common",166.666666666667,0.089089903696391,0.0113767812789994,"QTS"
"1235","random","common",171.717171717172,0.0915916155245806,0.0113767812789994,"QTS"
"1236","random","common",176.767676767677,0.0940868621354739,0.0113767812789994,"QTS"
"1237","random","common",181.818181818182,0.0965756435290711,0.0113767812789994,"QTS"
"1238","random","common",186.868686868687,0.0990579597053721,0.0113767812789994,"QTS"
"1239","random","common",191.919191919192,0.101533810664377,0.0113767812789994,"QTS"
"1240","random","common",196.969696969697,0.104003196406085,0.0113767812789994,"QTS"
"1241","random","common",202.020202020202,0.106466116930498,0.0113767812789994,"QTS"
"1242","random","common",207.070707070707,0.108922572237614,0.0113767812789994,"QTS"
"1243","random","common",212.121212121212,0.111372562327434,0.0113767812789994,"QTS"
"1244","random","common",217.171717171717,0.113816087199957,0.0113767812789994,"QTS"
"1245","random","common",222.222222222222,0.116253146855185,0.0113767812789994,"QTS"
"1246","random","common",227.272727272727,0.118683741293116,0.0113767812789994,"QTS"
"1247","random","common",232.323232323232,0.121107870513751,0.0113767812789994,"QTS"
"1248","random","common",237.373737373737,0.12352553451709,0.0113767812789994,"QTS"
"1249","random","common",242.424242424242,0.125936733303132,0.0113767812789994,"QTS"
"1250","random","common",247.474747474747,0.128341466871879,0.0113767812789994,"QTS"
"1251","random","common",252.525252525253,0.130739735223329,0.0113767812789994,"QTS"
"1252","random","common",257.575757575758,0.133131538357483,0.0113767812789994,"QTS"
"1253","random","common",262.626262626263,0.135516876274341,0.0113767812789994,"QTS"
"1254","random","common",267.676767676768,0.137895748973902,0.0113767812789994,"QTS"
"1255","random","common",272.727272727273,0.140268156456168,0.0113767812789994,"QTS"
"1256","random","common",277.777777777778,0.142634098721137,0.0113767812789994,"QTS"
"1257","random","common",282.828282828283,0.14499357576881,0.0113767812789994,"QTS"
"1258","random","common",287.878787878788,0.147346587599186,0.0113767812789994,"QTS"
"1259","random","common",292.929292929293,0.149693134212267,0.0113767812789994,"QTS"
"1260","random","common",297.979797979798,0.152033215608051,0.0113767812789994,"QTS"
"1261","random","common",303.030303030303,0.154366831786539,0.0113767812789994,"QTS"
"1262","random","common",308.080808080808,0.156693982747731,0.0113767812789994,"QTS"
"1263","random","common",313.131313131313,0.159014668491626,0.0113767812789994,"QTS"
"1264","random","common",318.181818181818,0.161328889018226,0.0113767812789994,"QTS"
"1265","random","common",323.232323232323,0.163636644327529,0.0113767812789994,"QTS"
"1266","random","common",328.282828282828,0.165937934419536,0.0113767812789994,"QTS"
"1267","random","common",333.333333333333,0.168232759294247,0.0113767812789994,"QTS"
"1268","random","common",338.383838383838,0.170521118951661,0.0113767812789994,"QTS"
"1269","random","common",343.434343434343,0.17280301339178,0.0113767812789994,"QTS"
"1270","random","common",348.484848484848,0.175078442614602,0.0113767812789994,"QTS"
"1271","random","common",353.535353535354,0.177347406620128,0.0113767812789994,"QTS"
"1272","random","common",358.585858585859,0.179609905408357,0.0113767812789994,"QTS"
"1273","random","common",363.636363636364,0.181865938979291,0.0113767812789994,"QTS"
"1274","random","common",368.686868686869,0.184115507332928,0.0113767812789994,"QTS"
"1275","random","common",373.737373737374,0.186358610469269,0.0113767812789994,"QTS"
"1276","random","common",378.787878787879,0.188595248388314,0.0113767812789994,"QTS"
"1277","random","common",383.838383838384,0.190825421090063,0.0113767812789994,"QTS"
"1278","random","common",388.888888888889,0.193049128574515,0.0113767812789994,"QTS"
"1279","random","common",393.939393939394,0.195266370841671,0.0113767812789994,"QTS"
"1280","random","common",398.989898989899,0.197477147891531,0.0113767812789994,"QTS"
"1281","random","common",404.040404040404,0.199681459724095,0.0113767812789994,"QTS"
"1282","random","common",409.090909090909,0.201879306339363,0.0113767812789994,"QTS"
"1283","random","common",414.141414141414,0.204070687737334,0.0113767812789994,"QTS"
"1284","random","common",419.191919191919,0.206255603918009,0.0113767812789994,"QTS"
"1285","random","common",424.242424242424,0.208434054881388,0.0113767812789994,"QTS"
"1286","random","common",429.292929292929,0.210606040627471,0.0113767812789994,"QTS"
"1287","random","common",434.343434343434,0.212771561156257,0.0113767812789994,"QTS"
"1288","random","common",439.393939393939,0.214930616467748,0.0113767812789994,"QTS"
"1289","random","common",444.444444444444,0.217083206561942,0.0113767812789994,"QTS"
"1290","random","common",449.494949494949,0.219229331438839,0.0113767812789994,"QTS"
"1291","random","common",454.545454545455,0.221368991098441,0.0113767812789994,"QTS"
"1292","random","common",459.59595959596,0.223502185540747,0.0113767812789994,"QTS"
"1293","random","common",464.646464646465,0.225628914765756,0.0113767812789994,"QTS"
"1294","random","common",469.69696969697,0.227749178773469,0.0113767812789994,"QTS"
"1295","random","common",474.747474747475,0.229862977563886,0.0113767812789994,"QTS"
"1296","random","common",479.79797979798,0.231970311137006,0.0113767812789994,"QTS"
"1297","random","common",484.848484848485,0.23407117949283,0.0113767812789994,"QTS"
"1298","random","common",489.89898989899,0.236165582631359,0.0113767812789994,"QTS"
"1299","random","common",494.949494949495,0.238253520552591,0.0113767812789994,"QTS"
"1300","random","common",500,0.240334993256526,0.0113767812789994,"QTS"
"1301","random","rare",0,-0.000609737181477008,0.0999438422918173,"QTS"
"1302","random","rare",5.05050505050505,0.00216024974095769,0.0999438422918173,"QTS"
"1303","random","rare",10.1010101010101,0.00492388634937976,0.0999438422918173,"QTS"
"1304","random","rare",15.1515151515152,0.00768117264378915,0.0999438422918173,"QTS"
"1305","random","rare",20.2020202020202,0.0104321086241859,0.0999438422918173,"QTS"
"1306","random","rare",25.2525252525253,0.01317669429057,0.0999438422918173,"QTS"
"1307","random","rare",30.3030303030303,0.0159149296429414,0.0999438422918173,"QTS"
"1308","random","rare",35.3535353535353,0.0186468146813002,0.0999438422918173,"QTS"
"1309","random","rare",40.4040404040404,0.0213723494056463,0.0999438422918173,"QTS"
"1310","random","rare",45.4545454545455,0.0240915338159798,0.0999438422918173,"QTS"
"1311","random","rare",50.5050505050505,0.0268043679123006,0.0999438422918173,"QTS"
"1312","random","rare",55.5555555555556,0.0295108516946087,0.0999438422918173,"QTS"
"1313","random","rare",60.6060606060606,0.0322109851629043,0.0999438422918173,"QTS"
"1314","random","rare",65.6565656565656,0.0349047683171871,0.0999438422918173,"QTS"
"1315","random","rare",70.7070707070707,0.0375922011574573,0.0999438422918173,"QTS"
"1316","random","rare",75.7575757575758,0.0402732836837148,0.0999438422918173,"QTS"
"1317","random","rare",80.8080808080808,0.0429480158959597,0.0999438422918173,"QTS"
"1318","random","rare",85.8585858585859,0.045616397794192,0.0999438422918173,"QTS"
"1319","random","rare",90.9090909090909,0.0482784293784115,0.0999438422918173,"QTS"
"1320","random","rare",95.959595959596,0.0509341106486185,0.0999438422918173,"QTS"
"1321","random","rare",101.010101010101,0.0535834416048127,0.0999438422918173,"QTS"
"1322","random","rare",106.060606060606,0.0562264222469943,0.0999438422918173,"QTS"
"1323","random","rare",111.111111111111,0.0588630525751633,0.0999438422918173,"QTS"
"1324","random","rare",116.161616161616,0.0614933325893196,0.0999438422918173,"QTS"
"1325","random","rare",121.212121212121,0.0641172622894632,0.0999438422918173,"QTS"
"1326","random","rare",126.262626262626,0.0667348416755942,0.0999438422918173,"QTS"
"1327","random","rare",131.313131313131,0.0693460707477126,0.0999438422918173,"QTS"
"1328","random","rare",136.363636363636,0.0719509495058182,0.0999438422918173,"QTS"
"1329","random","rare",141.414141414141,0.0745494779499113,0.0999438422918173,"QTS"
"1330","random","rare",146.464646464646,0.0771416560799917,0.0999438422918173,"QTS"
"1331","random","rare",151.515151515152,0.0797274838960594,0.0999438422918173,"QTS"
"1332","random","rare",156.565656565657,0.0823069613981145,0.0999438422918173,"QTS"
"1333","random","rare",161.616161616162,0.0848800885861569,0.0999438422918173,"QTS"
"1334","random","rare",166.666666666667,0.0874468654601866,0.0999438422918173,"QTS"
"1335","random","rare",171.717171717172,0.0900072920202037,0.0999438422918173,"QTS"
"1336","random","rare",176.767676767677,0.0925613682662082,0.0999438422918173,"QTS"
"1337","random","rare",181.818181818182,0.0951090941981999,0.0999438422918173,"QTS"
"1338","random","rare",186.868686868687,0.0976504698161791,0.0999438422918173,"QTS"
"1339","random","rare",191.919191919192,0.100185495120146,0.0999438422918173,"QTS"
"1340","random","rare",196.969696969697,0.102714170110099,0.0999438422918173,"QTS"
"1341","random","rare",202.020202020202,0.105236494786041,0.0999438422918173,"QTS"
"1342","random","rare",207.070707070707,0.107752469147969,0.0999438422918173,"QTS"
"1343","random","rare",212.121212121212,0.110262093195885,0.0999438422918173,"QTS"
"1344","random","rare",217.171717171717,0.112765366929788,0.0999438422918173,"QTS"
"1345","random","rare",222.222222222222,0.115262290349679,0.0999438422918173,"QTS"
"1346","random","rare",227.272727272727,0.117752863455557,0.0999438422918173,"QTS"
"1347","random","rare",232.323232323232,0.120237086247422,0.0999438422918173,"QTS"
"1348","random","rare",237.373737373737,0.122714958725274,0.0999438422918173,"QTS"
"1349","random","rare",242.424242424242,0.125186480889114,0.0999438422918173,"QTS"
"1350","random","rare",247.474747474747,0.127651652738942,0.0999438422918173,"QTS"
"1351","random","rare",252.525252525253,0.130110474274756,0.0999438422918173,"QTS"
"1352","random","rare",257.575757575758,0.132562945496558,0.0999438422918173,"QTS"
"1353","random","rare",262.626262626263,0.135009066404348,0.0999438422918173,"QTS"
"1354","random","rare",267.676767676768,0.137448836998124,0.0999438422918173,"QTS"
"1355","random","rare",272.727272727273,0.139882257277888,0.0999438422918173,"QTS"
"1356","random","rare",277.777777777778,0.14230932724364,0.0999438422918173,"QTS"
"1357","random","rare",282.828282828283,0.144730046895378,0.0999438422918173,"QTS"
"1358","random","rare",287.878787878788,0.147144416233104,0.0999438422918173,"QTS"
"1359","random","rare",292.929292929293,0.149552435256818,0.0999438422918173,"QTS"
"1360","random","rare",297.979797979798,0.151954103966518,0.0999438422918173,"QTS"
"1361","random","rare",303.030303030303,0.154349422362207,0.0999438422918173,"QTS"
"1362","random","rare",308.080808080808,0.156738390443882,0.0999438422918173,"QTS"
"1363","random","rare",313.131313131313,0.159121008211545,0.0999438422918173,"QTS"
"1364","random","rare",318.181818181818,0.161497275665195,0.0999438422918173,"QTS"
"1365","random","rare",323.232323232323,0.163867192804832,0.0999438422918173,"QTS"
"1366","random","rare",328.282828282828,0.166230759630457,0.0999438422918173,"QTS"
"1367","random","rare",333.333333333333,0.168587976142069,0.0999438422918173,"QTS"
"1368","random","rare",338.383838383838,0.170938842339669,0.0999438422918173,"QTS"
"1369","random","rare",343.434343434343,0.173283358223256,0.0999438422918173,"QTS"
"1370","random","rare",348.484848484848,0.17562152379283,0.0999438422918173,"QTS"
"1371","random","rare",353.535353535354,0.177953339048391,0.0999438422918173,"QTS"
"1372","random","rare",358.585858585859,0.18027880398994,0.0999438422918173,"QTS"
"1373","random","rare",363.636363636364,0.182597918617476,0.0999438422918173,"QTS"
"1374","random","rare",368.686868686869,0.184910682931,0.0999438422918173,"QTS"
"1375","random","rare",373.737373737374,0.187217096930511,0.0999438422918173,"QTS"
"1376","random","rare",378.787878787879,0.189517160616009,0.0999438422918173,"QTS"
"1377","random","rare",383.838383838384,0.191810873987495,0.0999438422918173,"QTS"
"1378","random","rare",388.888888888889,0.194098237044968,0.0999438422918173,"QTS"
"1379","random","rare",393.939393939394,0.196379249788428,0.0999438422918173,"QTS"
"1380","random","rare",398.989898989899,0.198653912217876,0.0999438422918173,"QTS"
"1381","random","rare",404.040404040404,0.200922224333311,0.0999438422918173,"QTS"
"1382","random","rare",409.090909090909,0.203184186134733,0.0999438422918173,"QTS"
"1383","random","rare",414.141414141414,0.205439797622143,0.0999438422918173,"QTS"
"1384","random","rare",419.191919191919,0.20768905879554,0.0999438422918173,"QTS"
"1385","random","rare",424.242424242424,0.209931969654924,0.0999438422918173,"QTS"
"1386","random","rare",429.292929292929,0.212168530200296,0.0999438422918173,"QTS"
"1387","random","rare",434.343434343434,0.214398740431655,0.0999438422918173,"QTS"
"1388","random","rare",439.393939393939,0.216622600349001,0.0999438422918173,"QTS"
"1389","random","rare",444.444444444444,0.218840109952335,0.0999438422918173,"QTS"
"1390","random","rare",449.494949494949,0.221051269241656,0.0999438422918173,"QTS"
"1391","random","rare",454.545454545455,0.223256078216964,0.0999438422918173,"QTS"
"1392","random","rare",459.59595959596,0.22545453687826,0.0999438422918173,"QTS"
"1393","random","rare",464.646464646465,0.227646645225543,0.0999438422918173,"QTS"
"1394","random","rare",469.69696969697,0.229832403258814,0.0999438422918173,"QTS"
"1395","random","rare",474.747474747475,0.232011810978072,0.0999438422918173,"QTS"
"1396","random","rare",479.79797979798,0.234184868383317,0.0999438422918173,"QTS"
"1397","random","rare",484.848484848485,0.236351575474549,0.0999438422918173,"QTS"
"1398","random","rare",489.89898989899,0.238511932251769,0.0999438422918173,"QTS"
"1399","random","rare",494.949494949495,0.240665938714976,0.0999438422918173,"QTS"
"1400","random","rare",500,0.242813594864171,0.0999438422918173,"QTS"
"1401","Clumped-Poisson","common",0,-0.000370548639934882,0.0167972663036626,"SRS"
"1402","Clumped-Poisson","common",5.05050505050505,0.00981873815371555,0.0167972663036626,"SRS"
"1403","Clumped-Poisson","common",10.1010101010101,0.0200063487635497,0.0167972663036626,"SRS"
"1404","Clumped-Poisson","common",15.1515151515152,0.0301922831895675,0.0167972663036626,"SRS"
"1405","Clumped-Poisson","common",20.2020202020202,0.0403765414317691,0.0167972663036626,"SRS"
"1406","Clumped-Poisson","common",25.2525252525253,0.0505591234901543,0.0167972663036626,"SRS"
"1407","Clumped-Poisson","common",30.3030303030303,0.0607400293647232,0.0167972663036626,"SRS"
"1408","Clumped-Poisson","common",35.3535353535353,0.0709192590554759,0.0167972663036626,"SRS"
"1409","Clumped-Poisson","common",40.4040404040404,0.0810968125624122,0.0167972663036626,"SRS"
"1410","Clumped-Poisson","common",45.4545454545455,0.0912726898855323,0.0167972663036626,"SRS"
"1411","Clumped-Poisson","common",50.5050505050505,0.101446891024836,0.0167972663036626,"SRS"
"1412","Clumped-Poisson","common",55.5555555555556,0.111619415980323,0.0167972663036626,"SRS"
"1413","Clumped-Poisson","common",60.6060606060606,0.121790264751995,0.0167972663036626,"SRS"
"1414","Clumped-Poisson","common",65.6565656565656,0.131959437339849,0.0167972663036626,"SRS"
"1415","Clumped-Poisson","common",70.7070707070707,0.142126933743888,0.0167972663036626,"SRS"
"1416","Clumped-Poisson","common",75.7575757575758,0.15229275396411,0.0167972663036626,"SRS"
"1417","Clumped-Poisson","common",80.8080808080808,0.162456898000516,0.0167972663036626,"SRS"
"1418","Clumped-Poisson","common",85.8585858585859,0.172619365853106,0.0167972663036626,"SRS"
"1419","Clumped-Poisson","common",90.9090909090909,0.182780157521879,0.0167972663036626,"SRS"
"1420","Clumped-Poisson","common",95.959595959596,0.192939273006836,0.0167972663036626,"SRS"
"1421","Clumped-Poisson","common",101.010101010101,0.203096712307977,0.0167972663036626,"SRS"
"1422","Clumped-Poisson","common",106.060606060606,0.213252475425301,0.0167972663036626,"SRS"
"1423","Clumped-Poisson","common",111.111111111111,0.22340656235881,0.0167972663036626,"SRS"
"1424","Clumped-Poisson","common",116.161616161616,0.233558973108501,0.0167972663036626,"SRS"
"1425","Clumped-Poisson","common",121.212121212121,0.243709707674377,0.0167972663036626,"SRS"
"1426","Clumped-Poisson","common",126.262626262626,0.253858766056436,0.0167972663036626,"SRS"
"1427","Clumped-Poisson","common",131.313131313131,0.264006148254679,0.0167972663036626,"SRS"
"1428","Clumped-Poisson","common",136.363636363636,0.274151854269106,0.0167972663036626,"SRS"
"1429","Clumped-Poisson","common",141.414141414141,0.284295884099716,0.0167972663036626,"SRS"
"1430","Clumped-Poisson","common",146.464646464646,0.29443823774651,0.0167972663036626,"SRS"
"1431","Clumped-Poisson","common",151.515151515152,0.304578915209488,0.0167972663036626,"SRS"
"1432","Clumped-Poisson","common",156.565656565657,0.31471791648865,0.0167972663036626,"SRS"
"1433","Clumped-Poisson","common",161.616161616162,0.324855241583995,0.0167972663036626,"SRS"
"1434","Clumped-Poisson","common",166.666666666667,0.334990890495524,0.0167972663036626,"SRS"
"1435","Clumped-Poisson","common",171.717171717172,0.345124863223236,0.0167972663036626,"SRS"
"1436","Clumped-Poisson","common",176.767676767677,0.355257159767133,0.0167972663036626,"SRS"
"1437","Clumped-Poisson","common",181.818181818182,0.365387780127212,0.0167972663036626,"SRS"
"1438","Clumped-Poisson","common",186.868686868687,0.375516724303476,0.0167972663036626,"SRS"
"1439","Clumped-Poisson","common",191.919191919192,0.385643992295924,0.0167972663036626,"SRS"
"1440","Clumped-Poisson","common",196.969696969697,0.395769584104555,0.0167972663036626,"SRS"
"1441","Clumped-Poisson","common",202.020202020202,0.405893499729369,0.0167972663036626,"SRS"
"1442","Clumped-Poisson","common",207.070707070707,0.416015739170368,0.0167972663036626,"SRS"
"1443","Clumped-Poisson","common",212.121212121212,0.42613630242755,0.0167972663036626,"SRS"
"1444","Clumped-Poisson","common",217.171717171717,0.436255189500916,0.0167972663036626,"SRS"
"1445","Clumped-Poisson","common",222.222222222222,0.446372400390465,0.0167972663036626,"SRS"
"1446","Clumped-Poisson","common",227.272727272727,0.456487935096199,0.0167972663036626,"SRS"
"1447","Clumped-Poisson","common",232.323232323232,0.466601793618116,0.0167972663036626,"SRS"
"1448","Clumped-Poisson","common",237.373737373737,0.476713975956216,0.0167972663036626,"SRS"
"1449","Clumped-Poisson","common",242.424242424242,0.486824482110501,0.0167972663036626,"SRS"
"1450","Clumped-Poisson","common",247.474747474747,0.496933312080969,0.0167972663036626,"SRS"
"1451","Clumped-Poisson","common",252.525252525253,0.507040465867621,0.0167972663036626,"SRS"
"1452","Clumped-Poisson","common",257.575757575758,0.517145943470456,0.0167972663036626,"SRS"
"1453","Clumped-Poisson","common",262.626262626263,0.527249744889475,0.0167972663036626,"SRS"
"1454","Clumped-Poisson","common",267.676767676768,0.537351870124678,0.0167972663036626,"SRS"
"1455","Clumped-Poisson","common",272.727272727273,0.547452319176065,0.0167972663036626,"SRS"
"1456","Clumped-Poisson","common",277.777777777778,0.557551092043635,0.0167972663036626,"SRS"
"1457","Clumped-Poisson","common",282.828282828283,0.567648188727389,0.0167972663036626,"SRS"
"1458","Clumped-Poisson","common",287.878787878788,0.577743609227327,0.0167972663036626,"SRS"
"1459","Clumped-Poisson","common",292.929292929293,0.587837353543448,0.0167972663036626,"SRS"
"1460","Clumped-Poisson","common",297.979797979798,0.597929421675753,0.0167972663036626,"SRS"
"1461","Clumped-Poisson","common",303.030303030303,0.608019813624242,0.0167972663036626,"SRS"
"1462","Clumped-Poisson","common",308.080808080808,0.618108529388915,0.0167972663036626,"SRS"
"1463","Clumped-Poisson","common",313.131313131313,0.628195568969771,0.0167972663036626,"SRS"
"1464","Clumped-Poisson","common",318.181818181818,0.638280932366811,0.0167972663036626,"SRS"
"1465","Clumped-Poisson","common",323.232323232323,0.648364619580034,0.0167972663036626,"SRS"
"1466","Clumped-Poisson","common",328.282828282828,0.658446630609442,0.0167972663036626,"SRS"
"1467","Clumped-Poisson","common",333.333333333333,0.668526965455033,0.0167972663036626,"SRS"
"1468","Clumped-Poisson","common",338.383838383838,0.678605624116807,0.0167972663036626,"SRS"
"1469","Clumped-Poisson","common",343.434343434343,0.688682606594766,0.0167972663036626,"SRS"
"1470","Clumped-Poisson","common",348.484848484848,0.698757912888908,0.0167972663036626,"SRS"
"1471","Clumped-Poisson","common",353.535353535354,0.708831542999234,0.0167972663036626,"SRS"
"1472","Clumped-Poisson","common",358.585858585859,0.718903496925743,0.0167972663036626,"SRS"
"1473","Clumped-Poisson","common",363.636363636364,0.728973774668437,0.0167972663036626,"SRS"
"1474","Clumped-Poisson","common",368.686868686869,0.739042376227313,0.0167972663036626,"SRS"
"1475","Clumped-Poisson","common",373.737373737374,0.749109301602374,0.0167972663036626,"SRS"
"1476","Clumped-Poisson","common",378.787878787879,0.759174550793618,0.0167972663036626,"SRS"
"1477","Clumped-Poisson","common",383.838383838384,0.769238123801047,0.0167972663036626,"SRS"
"1478","Clumped-Poisson","common",388.888888888889,0.779300020624658,0.0167972663036626,"SRS"
"1479","Clumped-Poisson","common",393.939393939394,0.789360241264454,0.0167972663036626,"SRS"
"1480","Clumped-Poisson","common",398.989898989899,0.799418785720433,0.0167972663036626,"SRS"
"1481","Clumped-Poisson","common",404.040404040404,0.809475653992596,0.0167972663036626,"SRS"
"1482","Clumped-Poisson","common",409.090909090909,0.819530846080942,0.0167972663036626,"SRS"
"1483","Clumped-Poisson","common",414.141414141414,0.829584361985472,0.0167972663036626,"SRS"
"1484","Clumped-Poisson","common",419.191919191919,0.839636201706186,0.0167972663036626,"SRS"
"1485","Clumped-Poisson","common",424.242424242424,0.849686365243084,0.0167972663036626,"SRS"
"1486","Clumped-Poisson","common",429.292929292929,0.859734852596165,0.0167972663036626,"SRS"
"1487","Clumped-Poisson","common",434.343434343434,0.86978166376543,0.0167972663036626,"SRS"
"1488","Clumped-Poisson","common",439.393939393939,0.879826798750879,0.0167972663036626,"SRS"
"1489","Clumped-Poisson","common",444.444444444444,0.889870257552511,0.0167972663036626,"SRS"
"1490","Clumped-Poisson","common",449.494949494949,0.899912040170328,0.0167972663036626,"SRS"
"1491","Clumped-Poisson","common",454.545454545455,0.909952146604327,0.0167972663036626,"SRS"
"1492","Clumped-Poisson","common",459.59595959596,0.919990576854511,0.0167972663036626,"SRS"
"1493","Clumped-Poisson","common",464.646464646465,0.930027330920878,0.0167972663036626,"SRS"
"1494","Clumped-Poisson","common",469.69696969697,0.940062408803429,0.0167972663036626,"SRS"
"1495","Clumped-Poisson","common",474.747474747475,0.950095810502164,0.0167972663036626,"SRS"
"1496","Clumped-Poisson","common",479.79797979798,0.960127536017082,0.0167972663036626,"SRS"
"1497","Clumped-Poisson","common",484.848484848485,0.970157585348184,0.0167972663036626,"SRS"
"1498","Clumped-Poisson","common",489.89898989899,0.98018595849547,0.0167972663036626,"SRS"
"1499","Clumped-Poisson","common",494.949494949495,0.990212655458939,0.0167972663036626,"SRS"
"1500","Clumped-Poisson","common",500,1.00023767623859,0.0167972663036626,"SRS"
"1501","Clumped-Poisson","rare",0,0.00356999014446467,0.0925719533891471,"SRS"
"1502","Clumped-Poisson","rare",5.05050505050505,0.0130452838536075,0.0925719533891471,"SRS"
"1503","Clumped-Poisson","rare",10.1010101010101,0.0225323709981063,0.0925719533891471,"SRS"
"1504","Clumped-Poisson","rare",15.1515151515152,0.0320312515779611,0.0925719533891471,"SRS"
"1505","Clumped-Poisson","rare",20.2020202020202,0.0415419255931717,0.0925719533891471,"SRS"
"1506","Clumped-Poisson","rare",25.2525252525253,0.0510643930437384,0.0925719533891471,"SRS"
"1507","Clumped-Poisson","rare",30.3030303030303,0.0605986539296609,0.0925719533891471,"SRS"
"1508","Clumped-Poisson","rare",35.3535353535353,0.0701447082509395,0.0925719533891471,"SRS"
"1509","Clumped-Poisson","rare",40.4040404040404,0.0797025560075739,0.0925719533891471,"SRS"
"1510","Clumped-Poisson","rare",45.4545454545455,0.0892721971995644,0.0925719533891471,"SRS"
"1511","Clumped-Poisson","rare",50.5050505050505,0.0988536318269107,0.0925719533891471,"SRS"
"1512","Clumped-Poisson","rare",55.5555555555556,0.108446859889613,0.0925719533891471,"SRS"
"1513","Clumped-Poisson","rare",60.6060606060606,0.118051881387671,0.0925719533891471,"SRS"
"1514","Clumped-Poisson","rare",65.6565656565656,0.127668696321086,0.0925719533891471,"SRS"
"1515","Clumped-Poisson","rare",70.7070707070707,0.137297304689856,0.0925719533891471,"SRS"
"1516","Clumped-Poisson","rare",75.7575757575758,0.146937706493982,0.0925719533891471,"SRS"
"1517","Clumped-Poisson","rare",80.8080808080808,0.156589901733464,0.0925719533891471,"SRS"
"1518","Clumped-Poisson","rare",85.8585858585859,0.166253890408302,0.0925719533891471,"SRS"
"1519","Clumped-Poisson","rare",90.9090909090909,0.175929672518496,0.0925719533891471,"SRS"
"1520","Clumped-Poisson","rare",95.959595959596,0.185617248064046,0.0925719533891471,"SRS"
"1521","Clumped-Poisson","rare",101.010101010101,0.195316617044952,0.0925719533891471,"SRS"
"1522","Clumped-Poisson","rare",106.060606060606,0.205027779461213,0.0925719533891471,"SRS"
"1523","Clumped-Poisson","rare",111.111111111111,0.214750735312831,0.0925719533891471,"SRS"
"1524","Clumped-Poisson","rare",116.161616161616,0.224485484599805,0.0925719533891471,"SRS"
"1525","Clumped-Poisson","rare",121.212121212121,0.234232027322135,0.0925719533891471,"SRS"
"1526","Clumped-Poisson","rare",126.262626262626,0.24399036347982,0.0925719533891471,"SRS"
"1527","Clumped-Poisson","rare",131.313131313131,0.253760493072862,0.0925719533891471,"SRS"
"1528","Clumped-Poisson","rare",136.363636363636,0.263542416101259,0.0925719533891471,"SRS"
"1529","Clumped-Poisson","rare",141.414141414141,0.273336132565013,0.0925719533891471,"SRS"
"1530","Clumped-Poisson","rare",146.464646464646,0.283141642464122,0.0925719533891471,"SRS"
"1531","Clumped-Poisson","rare",151.515151515152,0.292958945798587,0.0925719533891471,"SRS"
"1532","Clumped-Poisson","rare",156.565656565657,0.302788042568409,0.0925719533891471,"SRS"
"1533","Clumped-Poisson","rare",161.616161616162,0.312628932773586,0.0925719533891471,"SRS"
"1534","Clumped-Poisson","rare",166.666666666667,0.322481616414119,0.0925719533891471,"SRS"
"1535","Clumped-Poisson","rare",171.717171717172,0.332346093490008,0.0925719533891471,"SRS"
"1536","Clumped-Poisson","rare",176.767676767677,0.342222364001253,0.0925719533891471,"SRS"
"1537","Clumped-Poisson","rare",181.818181818182,0.352110427947854,0.0925719533891471,"SRS"
"1538","Clumped-Poisson","rare",186.868686868687,0.362010285329811,0.0925719533891471,"SRS"
"1539","Clumped-Poisson","rare",191.919191919192,0.371921936147124,0.0925719533891471,"SRS"
"1540","Clumped-Poisson","rare",196.969696969697,0.381845380399793,0.0925719533891471,"SRS"
"1541","Clumped-Poisson","rare",202.020202020202,0.391780618087818,0.0925719533891471,"SRS"
"1542","Clumped-Poisson","rare",207.070707070707,0.401727649211199,0.0925719533891471,"SRS"
"1543","Clumped-Poisson","rare",212.121212121212,0.411686473769936,0.0925719533891471,"SRS"
"1544","Clumped-Poisson","rare",217.171717171717,0.421657091764028,0.0925719533891471,"SRS"
"1545","Clumped-Poisson","rare",222.222222222222,0.431639503193477,0.0925719533891471,"SRS"
"1546","Clumped-Poisson","rare",227.272727272727,0.441633708058281,0.0925719533891471,"SRS"
"1547","Clumped-Poisson","rare",232.323232323232,0.451639706358442,0.0925719533891471,"SRS"
"1548","Clumped-Poisson","rare",237.373737373737,0.461657498093959,0.0925719533891471,"SRS"
"1549","Clumped-Poisson","rare",242.424242424242,0.471687083264831,0.0925719533891471,"SRS"
"1550","Clumped-Poisson","rare",247.474747474747,0.481728461871059,0.0925719533891471,"SRS"
"1551","Clumped-Poisson","rare",252.525252525253,0.491781633912644,0.0925719533891471,"SRS"
"1552","Clumped-Poisson","rare",257.575757575758,0.501846599389584,0.0925719533891471,"SRS"
"1553","Clumped-Poisson","rare",262.626262626263,0.51192335830188,0.0925719533891471,"SRS"
"1554","Clumped-Poisson","rare",267.676767676768,0.522011910649532,0.0925719533891471,"SRS"
"1555","Clumped-Poisson","rare",272.727272727273,0.53211225643254,0.0925719533891471,"SRS"
"1556","Clumped-Poisson","rare",277.777777777778,0.542224395650904,0.0925719533891471,"SRS"
"1557","Clumped-Poisson","rare",282.828282828283,0.552348328304624,0.0925719533891471,"SRS"
"1558","Clumped-Poisson","rare",287.878787878788,0.5624840543937,0.0925719533891471,"SRS"
"1559","Clumped-Poisson","rare",292.929292929293,0.572631573918132,0.0925719533891471,"SRS"
"1560","Clumped-Poisson","rare",297.979797979798,0.58279088687792,0.0925719533891471,"SRS"
"1561","Clumped-Poisson","rare",303.030303030303,0.592961993273064,0.0925719533891471,"SRS"
"1562","Clumped-Poisson","rare",308.080808080808,0.603144893103564,0.0925719533891471,"SRS"
"1563","Clumped-Poisson","rare",313.131313131313,0.613339586369419,0.0925719533891471,"SRS"
"1564","Clumped-Poisson","rare",318.181818181818,0.623546073070631,0.0925719533891471,"SRS"
"1565","Clumped-Poisson","rare",323.232323232323,0.633764353207199,0.0925719533891471,"SRS"
"1566","Clumped-Poisson","rare",328.282828282828,0.643994426779122,0.0925719533891471,"SRS"
"1567","Clumped-Poisson","rare",333.333333333333,0.654236293786402,0.0925719533891471,"SRS"
"1568","Clumped-Poisson","rare",338.383838383838,0.664489954229037,0.0925719533891471,"SRS"
"1569","Clumped-Poisson","rare",343.434343434343,0.674755408107028,0.0925719533891471,"SRS"
"1570","Clumped-Poisson","rare",348.484848484848,0.685032655420376,0.0925719533891471,"SRS"
"1571","Clumped-Poisson","rare",353.535353535354,0.695321696169079,0.0925719533891471,"SRS"
"1572","Clumped-Poisson","rare",358.585858585859,0.705622530353138,0.0925719533891471,"SRS"
"1573","Clumped-Poisson","rare",363.636363636364,0.715935157972554,0.0925719533891471,"SRS"
"1574","Clumped-Poisson","rare",368.686868686869,0.726259579027325,0.0925719533891471,"SRS"
"1575","Clumped-Poisson","rare",373.737373737374,0.736595793517452,0.0925719533891471,"SRS"
"1576","Clumped-Poisson","rare",378.787878787879,0.746943801442935,0.0925719533891471,"SRS"
"1577","Clumped-Poisson","rare",383.838383838384,0.757303602803774,0.0925719533891471,"SRS"
"1578","Clumped-Poisson","rare",388.888888888889,0.767675197599969,0.0925719533891471,"SRS"
"1579","Clumped-Poisson","rare",393.939393939394,0.77805858583152,0.0925719533891471,"SRS"
"1580","Clumped-Poisson","rare",398.989898989899,0.788453767498426,0.0925719533891471,"SRS"
"1581","Clumped-Poisson","rare",404.040404040404,0.798860742600689,0.0925719533891471,"SRS"
"1582","Clumped-Poisson","rare",409.090909090909,0.809279511138308,0.0925719533891471,"SRS"
"1583","Clumped-Poisson","rare",414.141414141414,0.819710073111283,0.0925719533891471,"SRS"
"1584","Clumped-Poisson","rare",419.191919191919,0.830152428519613,0.0925719533891471,"SRS"
"1585","Clumped-Poisson","rare",424.242424242424,0.8406065773633,0.0925719533891471,"SRS"
"1586","Clumped-Poisson","rare",429.292929292929,0.851072519642342,0.0925719533891471,"SRS"
"1587","Clumped-Poisson","rare",434.343434343434,0.861550255356741,0.0925719533891471,"SRS"
"1588","Clumped-Poisson","rare",439.393939393939,0.872039784506495,0.0925719533891471,"SRS"
"1589","Clumped-Poisson","rare",444.444444444444,0.882541107091606,0.0925719533891471,"SRS"
"1590","Clumped-Poisson","rare",449.494949494949,0.893054223112072,0.0925719533891471,"SRS"
"1591","Clumped-Poisson","rare",454.545454545455,0.903579132567894,0.0925719533891471,"SRS"
"1592","Clumped-Poisson","rare",459.59595959596,0.914115835459072,0.0925719533891471,"SRS"
"1593","Clumped-Poisson","rare",464.646464646465,0.924664331785606,0.0925719533891471,"SRS"
"1594","Clumped-Poisson","rare",469.69696969697,0.935224621547497,0.0925719533891471,"SRS"
"1595","Clumped-Poisson","rare",474.747474747475,0.945796704744743,0.0925719533891471,"SRS"
"1596","Clumped-Poisson","rare",479.79797979798,0.956380581377345,0.0925719533891471,"SRS"
"1597","Clumped-Poisson","rare",484.848484848485,0.966976251445303,0.0925719533891471,"SRS"
"1598","Clumped-Poisson","rare",489.89898989899,0.977583714948617,0.0925719533891471,"SRS"
"1599","Clumped-Poisson","rare",494.949494949495,0.988202971887286,0.0925719533891471,"SRS"
"1600","Clumped-Poisson","rare",500,0.998834022261312,0.0925719533891471,"SRS"
"1601","One shore only","common",0,-4.3000848732465e-06,0.0148791554676307,"SRS"
"1602","One shore only","common",5.05050505050505,0.0100152892468929,0.0148791554676307,"SRS"
"1603","One shore only","common",10.1010101010101,0.0200365523002718,0.0148791554676307,"SRS"
"1604","One shore only","common",15.1515151515152,0.0300594890752636,0.0148791554676307,"SRS"
"1605","One shore only","common",20.2020202020202,0.0400840995718683,0.0148791554676307,"SRS"
"1606","One shore only","common",25.2525252525253,0.0501103837900859,0.0148791554676307,"SRS"
"1607","One shore only","common",30.3030303030303,0.0601383417299162,0.0148791554676307,"SRS"
"1608","One shore only","common",35.3535353535353,0.0701679733913595,0.0148791554676307,"SRS"
"1609","One shore only","common",40.4040404040404,0.0801992787744155,0.0148791554676307,"SRS"
"1610","One shore only","common",45.4545454545455,0.0902322578790845,0.0148791554676307,"SRS"
"1611","One shore only","common",50.5050505050505,0.100266910705366,0.0148791554676307,"SRS"
"1612","One shore only","common",55.5555555555556,0.110303237253261,0.0148791554676307,"SRS"
"1613","One shore only","common",60.6060606060606,0.120341237522768,0.0148791554676307,"SRS"
"1614","One shore only","common",65.6565656565656,0.130380911513889,0.0148791554676307,"SRS"
"1615","One shore only","common",70.7070707070707,0.140422259226622,0.0148791554676307,"SRS"
"1616","One shore only","common",75.7575757575758,0.150465280660968,0.0148791554676307,"SRS"
"1617","One shore only","common",80.8080808080808,0.160509975816927,0.0148791554676307,"SRS"
"1618","One shore only","common",85.8585858585859,0.170556344694499,0.0148791554676307,"SRS"
"1619","One shore only","common",90.9090909090909,0.180604387293684,0.0148791554676307,"SRS"
"1620","One shore only","common",95.959595959596,0.190654103614481,0.0148791554676307,"SRS"
"1621","One shore only","common",101.010101010101,0.200705493656892,0.0148791554676307,"SRS"
"1622","One shore only","common",106.060606060606,0.210758557420915,0.0148791554676307,"SRS"
"1623","One shore only","common",111.111111111111,0.220813294906551,0.0148791554676307,"SRS"
"1624","One shore only","common",116.161616161616,0.2308697061138,0.0148791554676307,"SRS"
"1625","One shore only","common",121.212121212121,0.240927791042662,0.0148791554676307,"SRS"
"1626","One shore only","common",126.262626262626,0.250987549693136,0.0148791554676307,"SRS"
"1627","One shore only","common",131.313131313131,0.261048982065224,0.0148791554676307,"SRS"
"1628","One shore only","common",136.363636363636,0.271112088158924,0.0148791554676307,"SRS"
"1629","One shore only","common",141.414141414141,0.281176867974237,0.0148791554676307,"SRS"
"1630","One shore only","common",146.464646464646,0.291243321511163,0.0148791554676307,"SRS"
"1631","One shore only","common",151.515151515152,0.301311448769702,0.0148791554676307,"SRS"
"1632","One shore only","common",156.565656565657,0.311381249749854,0.0148791554676307,"SRS"
"1633","One shore only","common",161.616161616162,0.321452724451619,0.0148791554676307,"SRS"
"1634","One shore only","common",166.666666666667,0.331525872874996,0.0148791554676307,"SRS"
"1635","One shore only","common",171.717171717172,0.341600695019987,0.0148791554676307,"SRS"
"1636","One shore only","common",176.767676767677,0.35167719088659,0.0148791554676307,"SRS"
"1637","One shore only","common",181.818181818182,0.361755360474806,0.0148791554676307,"SRS"
"1638","One shore only","common",186.868686868687,0.371835203784635,0.0148791554676307,"SRS"
"1639","One shore only","common",191.919191919192,0.381916720816077,0.0148791554676307,"SRS"
"1640","One shore only","common",196.969696969697,0.391999911569131,0.0148791554676307,"SRS"
"1641","One shore only","common",202.020202020202,0.402084776043799,0.0148791554676307,"SRS"
"1642","One shore only","common",207.070707070707,0.412171314240079,0.0148791554676307,"SRS"
"1643","One shore only","common",212.121212121212,0.422259526157972,0.0148791554676307,"SRS"
"1644","One shore only","common",217.171717171717,0.432349411797478,0.0148791554676307,"SRS"
"1645","One shore only","common",222.222222222222,0.442440971158597,0.0148791554676307,"SRS"
"1646","One shore only","common",227.272727272727,0.452534204241329,0.0148791554676307,"SRS"
"1647","One shore only","common",232.323232323232,0.462629111045674,0.0148791554676307,"SRS"
"1648","One shore only","common",237.373737373737,0.472725691571631,0.0148791554676307,"SRS"
"1649","One shore only","common",242.424242424242,0.482823945819202,0.0148791554676307,"SRS"
"1650","One shore only","common",247.474747474747,0.492923873788385,0.0148791554676307,"SRS"
"1651","One shore only","common",252.525252525253,0.503025475479181,0.0148791554676307,"SRS"
"1652","One shore only","common",257.575757575758,0.51312875089159,0.0148791554676307,"SRS"
"1653","One shore only","common",262.626262626263,0.523233700025611,0.0148791554676307,"SRS"
"1654","One shore only","common",267.676767676768,0.533340322881246,0.0148791554676307,"SRS"
"1655","One shore only","common",272.727272727273,0.543448619458494,0.0148791554676307,"SRS"
"1656","One shore only","common",277.777777777778,0.553558589757354,0.0148791554676307,"SRS"
"1657","One shore only","common",282.828282828283,0.563670233777827,0.0148791554676307,"SRS"
"1658","One shore only","common",287.878787878788,0.573783551519913,0.0148791554676307,"SRS"
"1659","One shore only","common",292.929292929293,0.583898542983612,0.0148791554676307,"SRS"
"1660","One shore only","common",297.979797979798,0.594015208168924,0.0148791554676307,"SRS"
"1661","One shore only","common",303.030303030303,0.604133547075848,0.0148791554676307,"SRS"
"1662","One shore only","common",308.080808080808,0.614253559704386,0.0148791554676307,"SRS"
"1663","One shore only","common",313.131313131313,0.624375246054536,0.0148791554676307,"SRS"
"1664","One shore only","common",318.181818181818,0.634498606126299,0.0148791554676307,"SRS"
"1665","One shore only","common",323.232323232323,0.644623639919676,0.0148791554676307,"SRS"
"1666","One shore only","common",328.282828282828,0.654750347434664,0.0148791554676307,"SRS"
"1667","One shore only","common",333.333333333333,0.664878728671266,0.0148791554676307,"SRS"
"1668","One shore only","common",338.383838383838,0.675008783629481,0.0148791554676307,"SRS"
"1669","One shore only","common",343.434343434343,0.685140512309308,0.0148791554676307,"SRS"
"1670","One shore only","common",348.484848484848,0.695273914710749,0.0148791554676307,"SRS"
"1671","One shore only","common",353.535353535354,0.705408990833802,0.0148791554676307,"SRS"
"1672","One shore only","common",358.585858585859,0.715545740678468,0.0148791554676307,"SRS"
"1673","One shore only","common",363.636363636364,0.725684164244747,0.0148791554676307,"SRS"
"1674","One shore only","common",368.686868686869,0.735824261532638,0.0148791554676307,"SRS"
"1675","One shore only","common",373.737373737374,0.745966032542143,0.0148791554676307,"SRS"
"1676","One shore only","common",378.787878787879,0.75610947727326,0.0148791554676307,"SRS"
"1677","One shore only","common",383.838383838384,0.766254595725991,0.0148791554676307,"SRS"
"1678","One shore only","common",388.888888888889,0.776401387900334,0.0148791554676307,"SRS"
"1679","One shore only","common",393.939393939394,0.78654985379629,0.0148791554676307,"SRS"
"1680","One shore only","common",398.989898989899,0.796699993413859,0.0148791554676307,"SRS"
"1681","One shore only","common",404.040404040404,0.806851806753041,0.0148791554676307,"SRS"
"1682","One shore only","common",409.090909090909,0.817005293813835,0.0148791554676307,"SRS"
"1683","One shore only","common",414.141414141414,0.827160454596243,0.0148791554676307,"SRS"
"1684","One shore only","common",419.191919191919,0.837317289100263,0.0148791554676307,"SRS"
"1685","One shore only","common",424.242424242424,0.847475797325896,0.0148791554676307,"SRS"
"1686","One shore only","common",429.292929292929,0.857635979273142,0.0148791554676307,"SRS"
"1687","One shore only","common",434.343434343434,0.867797834942001,0.0148791554676307,"SRS"
"1688","One shore only","common",439.393939393939,0.877961364332473,0.0148791554676307,"SRS"
"1689","One shore only","common",444.444444444444,0.888126567444557,0.0148791554676307,"SRS"
"1690","One shore only","common",449.494949494949,0.898293444278255,0.0148791554676307,"SRS"
"1691","One shore only","common",454.545454545455,0.908461994833565,0.0148791554676307,"SRS"
"1692","One shore only","common",459.59595959596,0.918632219110488,0.0148791554676307,"SRS"
"1693","One shore only","common",464.646464646465,0.928804117109024,0.0148791554676307,"SRS"
"1694","One shore only","common",469.69696969697,0.938977688829173,0.0148791554676307,"SRS"
"1695","One shore only","common",474.747474747475,0.949152934270935,0.0148791554676307,"SRS"
"1696","One shore only","common",479.79797979798,0.95932985343431,0.0148791554676307,"SRS"
"1697","One shore only","common",484.848484848485,0.969508446319297,0.0148791554676307,"SRS"
"1698","One shore only","common",489.89898989899,0.979688712925897,0.0148791554676307,"SRS"
"1699","One shore only","common",494.949494949495,0.98987065325411,0.0148791554676307,"SRS"
"1700","One shore only","common",500,1.00005426730394,0.0148791554676307,"SRS"
"1701","One shore only","rare",0,-0.000317498503676596,0.0968959043888449,"SRS"
"1702","One shore only","rare",5.05050505050505,0.00977213763837131,0.0968959043888449,"SRS"
"1703","One shore only","rare",10.1010101010101,0.0198617737804192,0.0968959043888449,"SRS"
"1704","One shore only","rare",15.1515151515152,0.0299514099224671,0.0968959043888449,"SRS"
"1705","One shore only","rare",20.2020202020202,0.040041046064515,0.0968959043888449,"SRS"
"1706","One shore only","rare",25.2525252525253,0.050130682206563,0.0968959043888449,"SRS"
"1707","One shore only","rare",30.3030303030303,0.0602203183486109,0.0968959043888449,"SRS"
"1708","One shore only","rare",35.3535353535353,0.0703099544906588,0.0968959043888449,"SRS"
"1709","One shore only","rare",40.4040404040404,0.0803995906327067,0.0968959043888449,"SRS"
"1710","One shore only","rare",45.4545454545455,0.0904892267747546,0.0968959043888449,"SRS"
"1711","One shore only","rare",50.5050505050505,0.100578862916803,0.0968959043888449,"SRS"
"1712","One shore only","rare",55.5555555555556,0.11066849905885,0.0968959043888449,"SRS"
"1713","One shore only","rare",60.6060606060606,0.120758135200898,0.0968959043888449,"SRS"
"1714","One shore only","rare",65.6565656565656,0.130847771342946,0.0968959043888449,"SRS"
"1715","One shore only","rare",70.7070707070707,0.140937407484994,0.0968959043888449,"SRS"
"1716","One shore only","rare",75.7575757575758,0.151027043627042,0.0968959043888449,"SRS"
"1717","One shore only","rare",80.8080808080808,0.16111667976909,0.0968959043888449,"SRS"
"1718","One shore only","rare",85.8585858585859,0.171206315911138,0.0968959043888449,"SRS"
"1719","One shore only","rare",90.9090909090909,0.181295952053186,0.0968959043888449,"SRS"
"1720","One shore only","rare",95.959595959596,0.191385588195234,0.0968959043888449,"SRS"
"1721","One shore only","rare",101.010101010101,0.201475224337282,0.0968959043888449,"SRS"
"1722","One shore only","rare",106.060606060606,0.211564860479329,0.0968959043888449,"SRS"
"1723","One shore only","rare",111.111111111111,0.221654496621377,0.0968959043888449,"SRS"
"1724","One shore only","rare",116.161616161616,0.231744132763425,0.0968959043888449,"SRS"
"1725","One shore only","rare",121.212121212121,0.241833768905473,0.0968959043888449,"SRS"
"1726","One shore only","rare",126.262626262626,0.251923405047521,0.0968959043888449,"SRS"
"1727","One shore only","rare",131.313131313131,0.262013041189569,0.0968959043888449,"SRS"
"1728","One shore only","rare",136.363636363636,0.272102677331617,0.0968959043888449,"SRS"
"1729","One shore only","rare",141.414141414141,0.282192313473665,0.0968959043888449,"SRS"
"1730","One shore only","rare",146.464646464646,0.292281949615713,0.0968959043888449,"SRS"
"1731","One shore only","rare",151.515151515152,0.302371585757761,0.0968959043888449,"SRS"
"1732","One shore only","rare",156.565656565657,0.312461221899809,0.0968959043888449,"SRS"
"1733","One shore only","rare",161.616161616162,0.322550858041857,0.0968959043888449,"SRS"
"1734","One shore only","rare",166.666666666667,0.332640494183904,0.0968959043888449,"SRS"
"1735","One shore only","rare",171.717171717172,0.342730130325952,0.0968959043888449,"SRS"
"1736","One shore only","rare",176.767676767677,0.352819766468,0.0968959043888449,"SRS"
"1737","One shore only","rare",181.818181818182,0.362909402610048,0.0968959043888449,"SRS"
"1738","One shore only","rare",186.868686868687,0.372999038752096,0.0968959043888449,"SRS"
"1739","One shore only","rare",191.919191919192,0.383088674894144,0.0968959043888449,"SRS"
"1740","One shore only","rare",196.969696969697,0.393178311036192,0.0968959043888449,"SRS"
"1741","One shore only","rare",202.020202020202,0.40326794717824,0.0968959043888449,"SRS"
"1742","One shore only","rare",207.070707070707,0.413357583320288,0.0968959043888449,"SRS"
"1743","One shore only","rare",212.121212121212,0.423447219462336,0.0968959043888449,"SRS"
"1744","One shore only","rare",217.171717171717,0.433536855604384,0.0968959043888449,"SRS"
"1745","One shore only","rare",222.222222222222,0.443626491746431,0.0968959043888449,"SRS"
"1746","One shore only","rare",227.272727272727,0.453716127888479,0.0968959043888449,"SRS"
"1747","One shore only","rare",232.323232323232,0.463805764030527,0.0968959043888449,"SRS"
"1748","One shore only","rare",237.373737373737,0.473895400172575,0.0968959043888449,"SRS"
"1749","One shore only","rare",242.424242424242,0.483985036314623,0.0968959043888449,"SRS"
"1750","One shore only","rare",247.474747474747,0.494074672456671,0.0968959043888449,"SRS"
"1751","One shore only","rare",252.525252525253,0.504164308598719,0.0968959043888449,"SRS"
"1752","One shore only","rare",257.575757575758,0.514253944740767,0.0968959043888449,"SRS"
"1753","One shore only","rare",262.626262626263,0.524343580882815,0.0968959043888449,"SRS"
"1754","One shore only","rare",267.676767676768,0.534433217024863,0.0968959043888449,"SRS"
"1755","One shore only","rare",272.727272727273,0.544522853166911,0.0968959043888449,"SRS"
"1756","One shore only","rare",277.777777777778,0.554612489308958,0.0968959043888449,"SRS"
"1757","One shore only","rare",282.828282828283,0.564702125451006,0.0968959043888449,"SRS"
"1758","One shore only","rare",287.878787878788,0.574791761593054,0.0968959043888449,"SRS"
"1759","One shore only","rare",292.929292929293,0.584881397735102,0.0968959043888449,"SRS"
"1760","One shore only","rare",297.979797979798,0.59497103387715,0.0968959043888449,"SRS"
"1761","One shore only","rare",303.030303030303,0.605060670019198,0.0968959043888449,"SRS"
"1762","One shore only","rare",308.080808080808,0.615150306161246,0.0968959043888449,"SRS"
"1763","One shore only","rare",313.131313131313,0.625239942303294,0.0968959043888449,"SRS"
"1764","One shore only","rare",318.181818181818,0.635329578445342,0.0968959043888449,"SRS"
"1765","One shore only","rare",323.232323232323,0.64541921458739,0.0968959043888449,"SRS"
"1766","One shore only","rare",328.282828282828,0.655508850729438,0.0968959043888449,"SRS"
"1767","One shore only","rare",333.333333333333,0.665598486871485,0.0968959043888449,"SRS"
"1768","One shore only","rare",338.383838383838,0.675688123013533,0.0968959043888449,"SRS"
"1769","One shore only","rare",343.434343434343,0.685777759155581,0.0968959043888449,"SRS"
"1770","One shore only","rare",348.484848484848,0.695867395297629,0.0968959043888449,"SRS"
"1771","One shore only","rare",353.535353535354,0.705957031439677,0.0968959043888449,"SRS"
"1772","One shore only","rare",358.585858585859,0.716046667581725,0.0968959043888449,"SRS"
"1773","One shore only","rare",363.636363636364,0.726136303723773,0.0968959043888449,"SRS"
"1774","One shore only","rare",368.686868686869,0.736225939865821,0.0968959043888449,"SRS"
"1775","One shore only","rare",373.737373737374,0.746315576007869,0.0968959043888449,"SRS"
"1776","One shore only","rare",378.787878787879,0.756405212149917,0.0968959043888449,"SRS"
"1777","One shore only","rare",383.838383838384,0.766494848291965,0.0968959043888449,"SRS"
"1778","One shore only","rare",388.888888888889,0.776584484434013,0.0968959043888449,"SRS"
"1779","One shore only","rare",393.939393939394,0.78667412057606,0.0968959043888449,"SRS"
"1780","One shore only","rare",398.989898989899,0.796763756718108,0.0968959043888449,"SRS"
"1781","One shore only","rare",404.040404040404,0.806853392860156,0.0968959043888449,"SRS"
"1782","One shore only","rare",409.090909090909,0.816943029002204,0.0968959043888449,"SRS"
"1783","One shore only","rare",414.141414141414,0.827032665144252,0.0968959043888449,"SRS"
"1784","One shore only","rare",419.191919191919,0.8371223012863,0.0968959043888449,"SRS"
"1785","One shore only","rare",424.242424242424,0.847211937428348,0.0968959043888449,"SRS"
"1786","One shore only","rare",429.292929292929,0.857301573570396,0.0968959043888449,"SRS"
"1787","One shore only","rare",434.343434343434,0.867391209712444,0.0968959043888449,"SRS"
"1788","One shore only","rare",439.393939393939,0.877480845854492,0.0968959043888449,"SRS"
"1789","One shore only","rare",444.444444444444,0.887570481996539,0.0968959043888449,"SRS"
"1790","One shore only","rare",449.494949494949,0.897660118138587,0.0968959043888449,"SRS"
"1791","One shore only","rare",454.545454545455,0.907749754280635,0.0968959043888449,"SRS"
"1792","One shore only","rare",459.59595959596,0.917839390422683,0.0968959043888449,"SRS"
"1793","One shore only","rare",464.646464646465,0.927929026564731,0.0968959043888449,"SRS"
"1794","One shore only","rare",469.69696969697,0.938018662706779,0.0968959043888449,"SRS"
"1795","One shore only","rare",474.747474747475,0.948108298848827,0.0968959043888449,"SRS"
"1796","One shore only","rare",479.79797979798,0.958197934990875,0.0968959043888449,"SRS"
"1797","One shore only","rare",484.848484848485,0.968287571132923,0.0968959043888449,"SRS"
"1798","One shore only","rare",489.89898989899,0.978377207274971,0.0968959043888449,"SRS"
"1799","One shore only","rare",494.949494949495,0.988466843417019,0.0968959043888449,"SRS"
"1800","One shore only","rare",500,0.998556479559067,0.0968959043888449,"SRS"
"1801","One shore; 2 additional","common",0,-0.000127009483422938,0.0146371384737516,"SRS"
"1802","One shore; 2 additional","common",5.05050505050505,0.00997365137579868,0.0146371384737516,"SRS"
"1803","One shore; 2 additional","common",10.1010101010101,0.0200743122350203,0.0146371384737516,"SRS"
"1804","One shore; 2 additional","common",15.1515151515152,0.0301749730942419,0.0146371384737516,"SRS"
"1805","One shore; 2 additional","common",20.2020202020202,0.0402756339534635,0.0146371384737516,"SRS"
"1806","One shore; 2 additional","common",25.2525252525253,0.0503762948126852,0.0146371384737516,"SRS"
"1807","One shore; 2 additional","common",30.3030303030303,0.0604769556719068,0.0146371384737516,"SRS"
"1808","One shore; 2 additional","common",35.3535353535353,0.0705776165311284,0.0146371384737516,"SRS"
"1809","One shore; 2 additional","common",40.4040404040404,0.08067827739035,0.0146371384737516,"SRS"
"1810","One shore; 2 additional","common",45.4545454545455,0.0907789382495716,0.0146371384737516,"SRS"
"1811","One shore; 2 additional","common",50.5050505050505,0.100879599108793,0.0146371384737516,"SRS"
"1812","One shore; 2 additional","common",55.5555555555556,0.110980259968015,0.0146371384737516,"SRS"
"1813","One shore; 2 additional","common",60.6060606060606,0.121080920827236,0.0146371384737516,"SRS"
"1814","One shore; 2 additional","common",65.6565656565656,0.131181581686458,0.0146371384737516,"SRS"
"1815","One shore; 2 additional","common",70.7070707070707,0.14128224254568,0.0146371384737516,"SRS"
"1816","One shore; 2 additional","common",75.7575757575758,0.151382903404901,0.0146371384737516,"SRS"
"1817","One shore; 2 additional","common",80.8080808080808,0.161483564264123,0.0146371384737516,"SRS"
"1818","One shore; 2 additional","common",85.8585858585859,0.171584225123345,0.0146371384737516,"SRS"
"1819","One shore; 2 additional","common",90.9090909090909,0.181684885982566,0.0146371384737516,"SRS"
"1820","One shore; 2 additional","common",95.959595959596,0.191785546841788,0.0146371384737516,"SRS"
"1821","One shore; 2 additional","common",101.010101010101,0.201886207701009,0.0146371384737516,"SRS"
"1822","One shore; 2 additional","common",106.060606060606,0.211986868560231,0.0146371384737516,"SRS"
"1823","One shore; 2 additional","common",111.111111111111,0.222087529419453,0.0146371384737516,"SRS"
"1824","One shore; 2 additional","common",116.161616161616,0.232188190278674,0.0146371384737516,"SRS"
"1825","One shore; 2 additional","common",121.212121212121,0.242288851137896,0.0146371384737516,"SRS"
"1826","One shore; 2 additional","common",126.262626262626,0.252389511997118,0.0146371384737516,"SRS"
"1827","One shore; 2 additional","common",131.313131313131,0.262490172856339,0.0146371384737516,"SRS"
"1828","One shore; 2 additional","common",136.363636363636,0.272590833715561,0.0146371384737516,"SRS"
"1829","One shore; 2 additional","common",141.414141414141,0.282691494574782,0.0146371384737516,"SRS"
"1830","One shore; 2 additional","common",146.464646464646,0.292792155434004,0.0146371384737516,"SRS"
"1831","One shore; 2 additional","common",151.515151515152,0.302892816293226,0.0146371384737516,"SRS"
"1832","One shore; 2 additional","common",156.565656565657,0.312993477152447,0.0146371384737516,"SRS"
"1833","One shore; 2 additional","common",161.616161616162,0.323094138011669,0.0146371384737516,"SRS"
"1834","One shore; 2 additional","common",166.666666666667,0.333194798870891,0.0146371384737516,"SRS"
"1835","One shore; 2 additional","common",171.717171717172,0.343295459730112,0.0146371384737516,"SRS"
"1836","One shore; 2 additional","common",176.767676767677,0.353396120589334,0.0146371384737516,"SRS"
"1837","One shore; 2 additional","common",181.818181818182,0.363496781448555,0.0146371384737516,"SRS"
"1838","One shore; 2 additional","common",186.868686868687,0.373597442307777,0.0146371384737516,"SRS"
"1839","One shore; 2 additional","common",191.919191919192,0.383698103166999,0.0146371384737516,"SRS"
"1840","One shore; 2 additional","common",196.969696969697,0.39379876402622,0.0146371384737516,"SRS"
"1841","One shore; 2 additional","common",202.020202020202,0.403899424885442,0.0146371384737516,"SRS"
"1842","One shore; 2 additional","common",207.070707070707,0.414000085744663,0.0146371384737516,"SRS"
"1843","One shore; 2 additional","common",212.121212121212,0.424100746603885,0.0146371384737516,"SRS"
"1844","One shore; 2 additional","common",217.171717171717,0.434201407463107,0.0146371384737516,"SRS"
"1845","One shore; 2 additional","common",222.222222222222,0.444302068322328,0.0146371384737516,"SRS"
"1846","One shore; 2 additional","common",227.272727272727,0.45440272918155,0.0146371384737516,"SRS"
"1847","One shore; 2 additional","common",232.323232323232,0.464503390040772,0.0146371384737516,"SRS"
"1848","One shore; 2 additional","common",237.373737373737,0.474604050899993,0.0146371384737516,"SRS"
"1849","One shore; 2 additional","common",242.424242424242,0.484704711759215,0.0146371384737516,"SRS"
"1850","One shore; 2 additional","common",247.474747474747,0.494805372618436,0.0146371384737516,"SRS"
"1851","One shore; 2 additional","common",252.525252525253,0.504906033477658,0.0146371384737516,"SRS"
"1852","One shore; 2 additional","common",257.575757575758,0.51500669433688,0.0146371384737516,"SRS"
"1853","One shore; 2 additional","common",262.626262626263,0.525107355196101,0.0146371384737516,"SRS"
"1854","One shore; 2 additional","common",267.676767676768,0.535208016055323,0.0146371384737516,"SRS"
"1855","One shore; 2 additional","common",272.727272727273,0.545308676914544,0.0146371384737516,"SRS"
"1856","One shore; 2 additional","common",277.777777777778,0.555409337773766,0.0146371384737516,"SRS"
"1857","One shore; 2 additional","common",282.828282828283,0.565509998632988,0.0146371384737516,"SRS"
"1858","One shore; 2 additional","common",287.878787878788,0.575610659492209,0.0146371384737516,"SRS"
"1859","One shore; 2 additional","common",292.929292929293,0.585711320351431,0.0146371384737516,"SRS"
"1860","One shore; 2 additional","common",297.979797979798,0.595811981210653,0.0146371384737516,"SRS"
"1861","One shore; 2 additional","common",303.030303030303,0.605912642069874,0.0146371384737516,"SRS"
"1862","One shore; 2 additional","common",308.080808080808,0.616013302929096,0.0146371384737516,"SRS"
"1863","One shore; 2 additional","common",313.131313131313,0.626113963788317,0.0146371384737516,"SRS"
"1864","One shore; 2 additional","common",318.181818181818,0.636214624647539,0.0146371384737516,"SRS"
"1865","One shore; 2 additional","common",323.232323232323,0.646315285506761,0.0146371384737516,"SRS"
"1866","One shore; 2 additional","common",328.282828282828,0.656415946365982,0.0146371384737516,"SRS"
"1867","One shore; 2 additional","common",333.333333333333,0.666516607225204,0.0146371384737516,"SRS"
"1868","One shore; 2 additional","common",338.383838383838,0.676617268084426,0.0146371384737516,"SRS"
"1869","One shore; 2 additional","common",343.434343434343,0.686717928943647,0.0146371384737516,"SRS"
"1870","One shore; 2 additional","common",348.484848484848,0.696818589802869,0.0146371384737516,"SRS"
"1871","One shore; 2 additional","common",353.535353535354,0.70691925066209,0.0146371384737516,"SRS"
"1872","One shore; 2 additional","common",358.585858585859,0.717019911521312,0.0146371384737516,"SRS"
"1873","One shore; 2 additional","common",363.636363636364,0.727120572380534,0.0146371384737516,"SRS"
"1874","One shore; 2 additional","common",368.686868686869,0.737221233239755,0.0146371384737516,"SRS"
"1875","One shore; 2 additional","common",373.737373737374,0.747321894098977,0.0146371384737516,"SRS"
"1876","One shore; 2 additional","common",378.787878787879,0.757422554958199,0.0146371384737516,"SRS"
"1877","One shore; 2 additional","common",383.838383838384,0.76752321581742,0.0146371384737516,"SRS"
"1878","One shore; 2 additional","common",388.888888888889,0.777623876676642,0.0146371384737516,"SRS"
"1879","One shore; 2 additional","common",393.939393939394,0.787724537535863,0.0146371384737516,"SRS"
"1880","One shore; 2 additional","common",398.989898989899,0.797825198395085,0.0146371384737516,"SRS"
"1881","One shore; 2 additional","common",404.040404040404,0.807925859254307,0.0146371384737516,"SRS"
"1882","One shore; 2 additional","common",409.090909090909,0.818026520113528,0.0146371384737516,"SRS"
"1883","One shore; 2 additional","common",414.141414141414,0.82812718097275,0.0146371384737516,"SRS"
"1884","One shore; 2 additional","common",419.191919191919,0.838227841831972,0.0146371384737516,"SRS"
"1885","One shore; 2 additional","common",424.242424242424,0.848328502691193,0.0146371384737516,"SRS"
"1886","One shore; 2 additional","common",429.292929292929,0.858429163550415,0.0146371384737516,"SRS"
"1887","One shore; 2 additional","common",434.343434343434,0.868529824409636,0.0146371384737516,"SRS"
"1888","One shore; 2 additional","common",439.393939393939,0.878630485268858,0.0146371384737516,"SRS"
"1889","One shore; 2 additional","common",444.444444444444,0.88873114612808,0.0146371384737516,"SRS"
"1890","One shore; 2 additional","common",449.494949494949,0.898831806987301,0.0146371384737516,"SRS"
"1891","One shore; 2 additional","common",454.545454545455,0.908932467846523,0.0146371384737516,"SRS"
"1892","One shore; 2 additional","common",459.59595959596,0.919033128705744,0.0146371384737516,"SRS"
"1893","One shore; 2 additional","common",464.646464646465,0.929133789564966,0.0146371384737516,"SRS"
"1894","One shore; 2 additional","common",469.69696969697,0.939234450424188,0.0146371384737516,"SRS"
"1895","One shore; 2 additional","common",474.747474747475,0.949335111283409,0.0146371384737516,"SRS"
"1896","One shore; 2 additional","common",479.79797979798,0.959435772142631,0.0146371384737516,"SRS"
"1897","One shore; 2 additional","common",484.848484848485,0.969536433001853,0.0146371384737516,"SRS"
"1898","One shore; 2 additional","common",489.89898989899,0.979637093861074,0.0146371384737516,"SRS"
"1899","One shore; 2 additional","common",494.949494949495,0.989737754720296,0.0146371384737516,"SRS"
"1900","One shore; 2 additional","common",500,0.999838415579517,0.0146371384737516,"SRS"
"1901","One shore; 2 additional","rare",0,0.0015459669102973,0.0964284155442598,"SRS"
"1902","One shore; 2 additional","rare",5.05050505050505,0.0112197988976573,0.0964284155442598,"SRS"
"1903","One shore; 2 additional","rare",10.1010101010101,0.0209016052605515,0.0964284155442598,"SRS"
"1904","One shore; 2 additional","rare",15.1515151515152,0.0305913859989799,0.0964284155442598,"SRS"
"1905","One shore; 2 additional","rare",20.2020202020202,0.0402891411129425,0.0964284155442598,"SRS"
"1906","One shore; 2 additional","rare",25.2525252525253,0.0499948706024392,0.0964284155442598,"SRS"
"1907","One shore; 2 additional","rare",30.3030303030303,0.05970857446747,0.0964284155442598,"SRS"
"1908","One shore; 2 additional","rare",35.3535353535353,0.0694302527080351,0.0964284155442598,"SRS"
"1909","One shore; 2 additional","rare",40.4040404040404,0.0791599053241343,0.0964284155442598,"SRS"
"1910","One shore; 2 additional","rare",45.4545454545455,0.0888975323157677,0.0964284155442598,"SRS"
"1911","One shore; 2 additional","rare",50.5050505050505,0.0986431336829353,0.0964284155442598,"SRS"
"1912","One shore; 2 additional","rare",55.5555555555556,0.108396709425637,0.0964284155442598,"SRS"
"1913","One shore; 2 additional","rare",60.6060606060606,0.118158259543873,0.0964284155442598,"SRS"
"1914","One shore; 2 additional","rare",65.6565656565656,0.127927784037643,0.0964284155442598,"SRS"
"1915","One shore; 2 additional","rare",70.7070707070707,0.137705282906947,0.0964284155442598,"SRS"
"1916","One shore; 2 additional","rare",75.7575757575758,0.147490756151786,0.0964284155442598,"SRS"
"1917","One shore; 2 additional","rare",80.8080808080808,0.157284203772158,0.0964284155442598,"SRS"
"1918","One shore; 2 additional","rare",85.8585858585859,0.167085625768065,0.0964284155442598,"SRS"
"1919","One shore; 2 additional","rare",90.9090909090909,0.176895022139506,0.0964284155442598,"SRS"
"1920","One shore; 2 additional","rare",95.959595959596,0.186712392886481,0.0964284155442598,"SRS"
"1921","One shore; 2 additional","rare",101.010101010101,0.19653773800899,0.0964284155442598,"SRS"
"1922","One shore; 2 additional","rare",106.060606060606,0.206371057507034,0.0964284155442598,"SRS"
"1923","One shore; 2 additional","rare",111.111111111111,0.216212351380611,0.0964284155442598,"SRS"
"1924","One shore; 2 additional","rare",116.161616161616,0.226061619629723,0.0964284155442598,"SRS"
"1925","One shore; 2 additional","rare",121.212121212121,0.235918862254369,0.0964284155442598,"SRS"
"1926","One shore; 2 additional","rare",126.262626262626,0.245784079254549,0.0964284155442598,"SRS"
"1927","One shore; 2 additional","rare",131.313131313131,0.255657270630263,0.0964284155442598,"SRS"
"1928","One shore; 2 additional","rare",136.363636363636,0.265538436381512,0.0964284155442598,"SRS"
"1929","One shore; 2 additional","rare",141.414141414141,0.275427576508294,0.0964284155442598,"SRS"
"1930","One shore; 2 additional","rare",146.464646464646,0.285324691010611,0.0964284155442598,"SRS"
"1931","One shore; 2 additional","rare",151.515151515152,0.295229779888462,0.0964284155442598,"SRS"
"1932","One shore; 2 additional","rare",156.565656565657,0.305142843141847,0.0964284155442598,"SRS"
"1933","One shore; 2 additional","rare",161.616161616162,0.315063880770766,0.0964284155442598,"SRS"
"1934","One shore; 2 additional","rare",166.666666666667,0.32499289277522,0.0964284155442598,"SRS"
"1935","One shore; 2 additional","rare",171.717171717172,0.334929879155207,0.0964284155442598,"SRS"
"1936","One shore; 2 additional","rare",176.767676767677,0.344874839910729,0.0964284155442598,"SRS"
"1937","One shore; 2 additional","rare",181.818181818182,0.354827775041785,0.0964284155442598,"SRS"
"1938","One shore; 2 additional","rare",186.868686868687,0.364788684548375,0.0964284155442598,"SRS"
"1939","One shore; 2 additional","rare",191.919191919192,0.3747575684305,0.0964284155442598,"SRS"
"1940","One shore; 2 additional","rare",196.969696969697,0.384734426688158,0.0964284155442598,"SRS"
"1941","One shore; 2 additional","rare",202.020202020202,0.394719259321351,0.0964284155442598,"SRS"
"1942","One shore; 2 additional","rare",207.070707070707,0.404712066330077,0.0964284155442598,"SRS"
"1943","One shore; 2 additional","rare",212.121212121212,0.414712847714338,0.0964284155442598,"SRS"
"1944","One shore; 2 additional","rare",217.171717171717,0.424721603474133,0.0964284155442598,"SRS"
"1945","One shore; 2 additional","rare",222.222222222222,0.434738333609463,0.0964284155442598,"SRS"
"1946","One shore; 2 additional","rare",227.272727272727,0.444763038120326,0.0964284155442598,"SRS"
"1947","One shore; 2 additional","rare",232.323232323232,0.454795717006724,0.0964284155442598,"SRS"
"1948","One shore; 2 additional","rare",237.373737373737,0.464836370268656,0.0964284155442598,"SRS"
"1949","One shore; 2 additional","rare",242.424242424242,0.474884997906122,0.0964284155442598,"SRS"
"1950","One shore; 2 additional","rare",247.474747474747,0.484941599919122,0.0964284155442598,"SRS"
"1951","One shore; 2 additional","rare",252.525252525253,0.495006176307656,0.0964284155442598,"SRS"
"1952","One shore; 2 additional","rare",257.575757575758,0.505078727071725,0.0964284155442598,"SRS"
"1953","One shore; 2 additional","rare",262.626262626263,0.515159252211327,0.0964284155442598,"SRS"
"1954","One shore; 2 additional","rare",267.676767676768,0.525247751726464,0.0964284155442598,"SRS"
"1955","One shore; 2 additional","rare",272.727272727273,0.535344225617135,0.0964284155442598,"SRS"
"1956","One shore; 2 additional","rare",277.777777777778,0.54544867388334,0.0964284155442598,"SRS"
"1957","One shore; 2 additional","rare",282.828282828283,0.55556109652508,0.0964284155442598,"SRS"
"1958","One shore; 2 additional","rare",287.878787878788,0.565681493542353,0.0964284155442598,"SRS"
"1959","One shore; 2 additional","rare",292.929292929293,0.575809864935161,0.0964284155442598,"SRS"
"1960","One shore; 2 additional","rare",297.979797979798,0.585946210703503,0.0964284155442598,"SRS"
"1961","One shore; 2 additional","rare",303.030303030303,0.596090530847379,0.0964284155442598,"SRS"
"1962","One shore; 2 additional","rare",308.080808080808,0.606242825366789,0.0964284155442598,"SRS"
"1963","One shore; 2 additional","rare",313.131313131313,0.616403094261733,0.0964284155442598,"SRS"
"1964","One shore; 2 additional","rare",318.181818181818,0.626571337532212,0.0964284155442598,"SRS"
"1965","One shore; 2 additional","rare",323.232323232323,0.636747555178224,0.0964284155442598,"SRS"
"1966","One shore; 2 additional","rare",328.282828282828,0.646931747199771,0.0964284155442598,"SRS"
"1967","One shore; 2 additional","rare",333.333333333333,0.657123913596852,0.0964284155442598,"SRS"
"1968","One shore; 2 additional","rare",338.383838383838,0.667324054369467,0.0964284155442598,"SRS"
"1969","One shore; 2 additional","rare",343.434343434343,0.677532169517617,0.0964284155442598,"SRS"
"1970","One shore; 2 additional","rare",348.484848484848,0.6877482590413,0.0964284155442598,"SRS"
"1971","One shore; 2 additional","rare",353.535353535354,0.697972322940518,0.0964284155442598,"SRS"
"1972","One shore; 2 additional","rare",358.585858585859,0.70820436121527,0.0964284155442598,"SRS"
"1973","One shore; 2 additional","rare",363.636363636364,0.718444373865556,0.0964284155442598,"SRS"
"1974","One shore; 2 additional","rare",368.686868686869,0.728692360891376,0.0964284155442598,"SRS"
"1975","One shore; 2 additional","rare",373.737373737374,0.73894832229273,0.0964284155442598,"SRS"
"1976","One shore; 2 additional","rare",378.787878787879,0.749212258069619,0.0964284155442598,"SRS"
"1977","One shore; 2 additional","rare",383.838383838384,0.759484168222042,0.0964284155442598,"SRS"
"1978","One shore; 2 additional","rare",388.888888888889,0.769764052749998,0.0964284155442598,"SRS"
"1979","One shore; 2 additional","rare",393.939393939394,0.78005191165349,0.0964284155442598,"SRS"
"1980","One shore; 2 additional","rare",398.989898989899,0.790347744932515,0.0964284155442598,"SRS"
"1981","One shore; 2 additional","rare",404.040404040404,0.800651552587074,0.0964284155442598,"SRS"
"1982","One shore; 2 additional","rare",409.090909090909,0.810963334617168,0.0964284155442598,"SRS"
"1983","One shore; 2 additional","rare",414.141414141414,0.821283091022795,0.0964284155442598,"SRS"
"1984","One shore; 2 additional","rare",419.191919191919,0.831610821803957,0.0964284155442598,"SRS"
"1985","One shore; 2 additional","rare",424.242424242424,0.841946526960653,0.0964284155442598,"SRS"
"1986","One shore; 2 additional","rare",429.292929292929,0.852290206492884,0.0964284155442598,"SRS"
"1987","One shore; 2 additional","rare",434.343434343434,0.862641860400648,0.0964284155442598,"SRS"
"1988","One shore; 2 additional","rare",439.393939393939,0.873001488683947,0.0964284155442598,"SRS"
"1989","One shore; 2 additional","rare",444.444444444444,0.883369091342779,0.0964284155442598,"SRS"
"1990","One shore; 2 additional","rare",449.494949494949,0.893744668377146,0.0964284155442598,"SRS"
"1991","One shore; 2 additional","rare",454.545454545455,0.904128219787047,0.0964284155442598,"SRS"
"1992","One shore; 2 additional","rare",459.59595959596,0.914519745572483,0.0964284155442598,"SRS"
"1993","One shore; 2 additional","rare",464.646464646465,0.924919245733452,0.0964284155442598,"SRS"
"1994","One shore; 2 additional","rare",469.69696969697,0.935326720269956,0.0964284155442598,"SRS"
"1995","One shore; 2 additional","rare",474.747474747475,0.945742169181993,0.0964284155442598,"SRS"
"1996","One shore; 2 additional","rare",479.79797979798,0.956165592469565,0.0964284155442598,"SRS"
"1997","One shore; 2 additional","rare",484.848484848485,0.966596990132671,0.0964284155442598,"SRS"
"1998","One shore; 2 additional","rare",489.89898989899,0.977036362171311,0.0964284155442598,"SRS"
"1999","One shore; 2 additional","rare",494.949494949495,0.987483708585486,0.0964284155442598,"SRS"
"2000","One shore; 2 additional","rare",500,0.997939029375195,0.0964284155442598,"SRS"
"2001","One shore; one middle","common",0,-0.000304451764306659,0.0141778953654983,"SRS"
"2002","One shore; one middle","common",5.05050505050505,0.00980194564881111,0.0141778953654983,"SRS"
"2003","One shore; one middle","common",10.1010101010101,0.0199083430619289,0.0141778953654983,"SRS"
"2004","One shore; one middle","common",15.1515151515152,0.0300147404750467,0.0141778953654983,"SRS"
"2005","One shore; one middle","common",20.2020202020202,0.0401211378881644,0.0141778953654983,"SRS"
"2006","One shore; one middle","common",25.2525252525253,0.0502275353012822,0.0141778953654983,"SRS"
"2007","One shore; one middle","common",30.3030303030303,0.0603339327144,0.0141778953654983,"SRS"
"2008","One shore; one middle","common",35.3535353535353,0.0704403301275177,0.0141778953654983,"SRS"
"2009","One shore; one middle","common",40.4040404040404,0.0805467275406355,0.0141778953654983,"SRS"
"2010","One shore; one middle","common",45.4545454545455,0.0906531249537533,0.0141778953654983,"SRS"
"2011","One shore; one middle","common",50.5050505050505,0.100759522366871,0.0141778953654983,"SRS"
"2012","One shore; one middle","common",55.5555555555556,0.110865919779989,0.0141778953654983,"SRS"
"2013","One shore; one middle","common",60.6060606060606,0.120972317193107,0.0141778953654983,"SRS"
"2014","One shore; one middle","common",65.6565656565656,0.131078714606224,0.0141778953654983,"SRS"
"2015","One shore; one middle","common",70.7070707070707,0.141185112019342,0.0141778953654983,"SRS"
"2016","One shore; one middle","common",75.7575757575758,0.15129150943246,0.0141778953654983,"SRS"
"2017","One shore; one middle","common",80.8080808080808,0.161397906845578,0.0141778953654983,"SRS"
"2018","One shore; one middle","common",85.8585858585859,0.171504304258695,0.0141778953654983,"SRS"
"2019","One shore; one middle","common",90.9090909090909,0.181610701671813,0.0141778953654983,"SRS"
"2020","One shore; one middle","common",95.959595959596,0.191717099084931,0.0141778953654983,"SRS"
"2021","One shore; one middle","common",101.010101010101,0.201823496498049,0.0141778953654983,"SRS"
"2022","One shore; one middle","common",106.060606060606,0.211929893911167,0.0141778953654983,"SRS"
"2023","One shore; one middle","common",111.111111111111,0.222036291324284,0.0141778953654983,"SRS"
"2024","One shore; one middle","common",116.161616161616,0.232142688737402,0.0141778953654983,"SRS"
"2025","One shore; one middle","common",121.212121212121,0.24224908615052,0.0141778953654983,"SRS"
"2026","One shore; one middle","common",126.262626262626,0.252355483563638,0.0141778953654983,"SRS"
"2027","One shore; one middle","common",131.313131313131,0.262461880976755,0.0141778953654983,"SRS"
"2028","One shore; one middle","common",136.363636363636,0.272568278389873,0.0141778953654983,"SRS"
"2029","One shore; one middle","common",141.414141414141,0.282674675802991,0.0141778953654983,"SRS"
"2030","One shore; one middle","common",146.464646464646,0.292781073216109,0.0141778953654983,"SRS"
"2031","One shore; one middle","common",151.515151515152,0.302887470629226,0.0141778953654983,"SRS"
"2032","One shore; one middle","common",156.565656565657,0.312993868042344,0.0141778953654983,"SRS"
"2033","One shore; one middle","common",161.616161616162,0.323100265455462,0.0141778953654983,"SRS"
"2034","One shore; one middle","common",166.666666666667,0.33320666286858,0.0141778953654983,"SRS"
"2035","One shore; one middle","common",171.717171717172,0.343313060281698,0.0141778953654983,"SRS"
"2036","One shore; one middle","common",176.767676767677,0.353419457694815,0.0141778953654983,"SRS"
"2037","One shore; one middle","common",181.818181818182,0.363525855107933,0.0141778953654983,"SRS"
"2038","One shore; one middle","common",186.868686868687,0.373632252521051,0.0141778953654983,"SRS"
"2039","One shore; one middle","common",191.919191919192,0.383738649934169,0.0141778953654983,"SRS"
"2040","One shore; one middle","common",196.969696969697,0.393845047347286,0.0141778953654983,"SRS"
"2041","One shore; one middle","common",202.020202020202,0.403951444760404,0.0141778953654983,"SRS"
"2042","One shore; one middle","common",207.070707070707,0.414057842173522,0.0141778953654983,"SRS"
"2043","One shore; one middle","common",212.121212121212,0.42416423958664,0.0141778953654983,"SRS"
"2044","One shore; one middle","common",217.171717171717,0.434270636999757,0.0141778953654983,"SRS"
"2045","One shore; one middle","common",222.222222222222,0.444377034412875,0.0141778953654983,"SRS"
"2046","One shore; one middle","common",227.272727272727,0.454483431825993,0.0141778953654983,"SRS"
"2047","One shore; one middle","common",232.323232323232,0.464589829239111,0.0141778953654983,"SRS"
"2048","One shore; one middle","common",237.373737373737,0.474696226652229,0.0141778953654983,"SRS"
"2049","One shore; one middle","common",242.424242424242,0.484802624065346,0.0141778953654983,"SRS"
"2050","One shore; one middle","common",247.474747474747,0.494909021478464,0.0141778953654983,"SRS"
"2051","One shore; one middle","common",252.525252525253,0.505015418891582,0.0141778953654983,"SRS"
"2052","One shore; one middle","common",257.575757575758,0.5151218163047,0.0141778953654983,"SRS"
"2053","One shore; one middle","common",262.626262626263,0.525228213717817,0.0141778953654983,"SRS"
"2054","One shore; one middle","common",267.676767676768,0.535334611130935,0.0141778953654983,"SRS"
"2055","One shore; one middle","common",272.727272727273,0.545441008544053,0.0141778953654983,"SRS"
"2056","One shore; one middle","common",277.777777777778,0.555547405957171,0.0141778953654983,"SRS"
"2057","One shore; one middle","common",282.828282828283,0.565653803370288,0.0141778953654983,"SRS"
"2058","One shore; one middle","common",287.878787878788,0.575760200783406,0.0141778953654983,"SRS"
"2059","One shore; one middle","common",292.929292929293,0.585866598196524,0.0141778953654983,"SRS"
"2060","One shore; one middle","common",297.979797979798,0.595972995609642,0.0141778953654983,"SRS"
"2061","One shore; one middle","common",303.030303030303,0.606079393022759,0.0141778953654983,"SRS"
"2062","One shore; one middle","common",308.080808080808,0.616185790435877,0.0141778953654983,"SRS"
"2063","One shore; one middle","common",313.131313131313,0.626292187848995,0.0141778953654983,"SRS"
"2064","One shore; one middle","common",318.181818181818,0.636398585262113,0.0141778953654983,"SRS"
"2065","One shore; one middle","common",323.232323232323,0.646504982675231,0.0141778953654983,"SRS"
"2066","One shore; one middle","common",328.282828282828,0.656611380088348,0.0141778953654983,"SRS"
"2067","One shore; one middle","common",333.333333333333,0.666717777501466,0.0141778953654983,"SRS"
"2068","One shore; one middle","common",338.383838383838,0.676824174914584,0.0141778953654983,"SRS"
"2069","One shore; one middle","common",343.434343434343,0.686930572327702,0.0141778953654983,"SRS"
"2070","One shore; one middle","common",348.484848484848,0.697036969740819,0.0141778953654983,"SRS"
"2071","One shore; one middle","common",353.535353535354,0.707143367153937,0.0141778953654983,"SRS"
"2072","One shore; one middle","common",358.585858585859,0.717249764567055,0.0141778953654983,"SRS"
"2073","One shore; one middle","common",363.636363636364,0.727356161980173,0.0141778953654983,"SRS"
"2074","One shore; one middle","common",368.686868686869,0.737462559393291,0.0141778953654983,"SRS"
"2075","One shore; one middle","common",373.737373737374,0.747568956806408,0.0141778953654983,"SRS"
"2076","One shore; one middle","common",378.787878787879,0.757675354219526,0.0141778953654983,"SRS"
"2077","One shore; one middle","common",383.838383838384,0.767781751632644,0.0141778953654983,"SRS"
"2078","One shore; one middle","common",388.888888888889,0.777888149045762,0.0141778953654983,"SRS"
"2079","One shore; one middle","common",393.939393939394,0.787994546458879,0.0141778953654983,"SRS"
"2080","One shore; one middle","common",398.989898989899,0.798100943871997,0.0141778953654983,"SRS"
"2081","One shore; one middle","common",404.040404040404,0.808207341285115,0.0141778953654983,"SRS"
"2082","One shore; one middle","common",409.090909090909,0.818313738698233,0.0141778953654983,"SRS"
"2083","One shore; one middle","common",414.141414141414,0.82842013611135,0.0141778953654983,"SRS"
"2084","One shore; one middle","common",419.191919191919,0.838526533524468,0.0141778953654983,"SRS"
"2085","One shore; one middle","common",424.242424242424,0.848632930937586,0.0141778953654983,"SRS"
"2086","One shore; one middle","common",429.292929292929,0.858739328350704,0.0141778953654983,"SRS"
"2087","One shore; one middle","common",434.343434343434,0.868845725763822,0.0141778953654983,"SRS"
"2088","One shore; one middle","common",439.393939393939,0.878952123176939,0.0141778953654983,"SRS"
"2089","One shore; one middle","common",444.444444444444,0.889058520590057,0.0141778953654983,"SRS"
"2090","One shore; one middle","common",449.494949494949,0.899164918003175,0.0141778953654983,"SRS"
"2091","One shore; one middle","common",454.545454545455,0.909271315416293,0.0141778953654983,"SRS"
"2092","One shore; one middle","common",459.59595959596,0.91937771282941,0.0141778953654983,"SRS"
"2093","One shore; one middle","common",464.646464646465,0.929484110242528,0.0141778953654983,"SRS"
"2094","One shore; one middle","common",469.69696969697,0.939590507655646,0.0141778953654983,"SRS"
"2095","One shore; one middle","common",474.747474747475,0.949696905068764,0.0141778953654983,"SRS"
"2096","One shore; one middle","common",479.79797979798,0.959803302481882,0.0141778953654983,"SRS"
"2097","One shore; one middle","common",484.848484848485,0.969909699894999,0.0141778953654983,"SRS"
"2098","One shore; one middle","common",489.89898989899,0.980016097308117,0.0141778953654983,"SRS"
"2099","One shore; one middle","common",494.949494949495,0.990122494721235,0.0141778953654983,"SRS"
"2100","One shore; one middle","common",500,1.00022889213435,0.0141778953654983,"SRS"
"2101","One shore; one middle","rare",0,-0.000195264117289515,0.0905233803801853,"SRS"
"2102","One shore; one middle","rare",5.05050505050505,0.00945073160211805,0.0905233803801853,"SRS"
"2103","One shore; one middle","rare",10.1010101010101,0.0191060502257505,0.0905233803801853,"SRS"
"2104","One shore; one middle","rare",15.1515151515152,0.028770691753608,0.0905233803801853,"SRS"
"2105","One shore; one middle","rare",20.2020202020202,0.0384446561856904,0.0905233803801853,"SRS"
"2106","One shore; one middle","rare",25.2525252525253,0.0481279435219977,0.0905233803801853,"SRS"
"2107","One shore; one middle","rare",30.3030303030303,0.0578205537625299,0.0905233803801853,"SRS"
"2108","One shore; one middle","rare",35.3535353535353,0.0675224869072872,0.0905233803801853,"SRS"
"2109","One shore; one middle","rare",40.4040404040404,0.0772337429562694,0.0905233803801853,"SRS"
"2110","One shore; one middle","rare",45.4545454545455,0.0869543219094765,0.0905233803801853,"SRS"
"2111","One shore; one middle","rare",50.5050505050505,0.0966842237669086,0.0905233803801853,"SRS"
"2112","One shore; one middle","rare",55.5555555555556,0.106423448528566,0.0905233803801853,"SRS"
"2113","One shore; one middle","rare",60.6060606060606,0.116171996194447,0.0905233803801853,"SRS"
"2114","One shore; one middle","rare",65.6565656565656,0.125929866764554,0.0905233803801853,"SRS"
"2115","One shore; one middle","rare",70.7070707070707,0.135697060238886,0.0905233803801853,"SRS"
"2116","One shore; one middle","rare",75.7575757575758,0.145473576617443,0.0905233803801853,"SRS"
"2117","One shore; one middle","rare",80.8080808080808,0.155259415900225,0.0905233803801853,"SRS"
"2118","One shore; one middle","rare",85.8585858585859,0.165054578087232,0.0905233803801853,"SRS"
"2119","One shore; one middle","rare",90.9090909090909,0.174859063178463,0.0905233803801853,"SRS"
"2120","One shore; one middle","rare",95.959595959596,0.18467287117392,0.0905233803801853,"SRS"
"2121","One shore; one middle","rare",101.010101010101,0.194496002073601,0.0905233803801853,"SRS"
"2122","One shore; one middle","rare",106.060606060606,0.204328455877508,0.0905233803801853,"SRS"
"2123","One shore; one middle","rare",111.111111111111,0.214170232585639,0.0905233803801853,"SRS"
"2124","One shore; one middle","rare",116.161616161616,0.224021332197996,0.0905233803801853,"SRS"
"2125","One shore; one middle","rare",121.212121212121,0.233881754714577,0.0905233803801853,"SRS"
"2126","One shore; one middle","rare",126.262626262626,0.243751500135383,0.0905233803801853,"SRS"
"2127","One shore; one middle","rare",131.313131313131,0.253630568460414,0.0905233803801853,"SRS"
"2128","One shore; one middle","rare",136.363636363636,0.263518959689671,0.0905233803801853,"SRS"
"2129","One shore; one middle","rare",141.414141414141,0.273416673823152,0.0905233803801853,"SRS"
"2130","One shore; one middle","rare",146.464646464646,0.283323710860858,0.0905233803801853,"SRS"
"2131","One shore; one middle","rare",151.515151515152,0.293240070802789,0.0905233803801853,"SRS"
"2132","One shore; one middle","rare",156.565656565657,0.303165753648945,0.0905233803801853,"SRS"
"2133","One shore; one middle","rare",161.616161616162,0.313100759399326,0.0905233803801853,"SRS"
"2134","One shore; one middle","rare",166.666666666667,0.323045088053932,0.0905233803801853,"SRS"
"2135","One shore; one middle","rare",171.717171717172,0.332998739612762,0.0905233803801853,"SRS"
"2136","One shore; one middle","rare",176.767676767677,0.342961714075818,0.0905233803801853,"SRS"
"2137","One shore; one middle","rare",181.818181818182,0.352934011443099,0.0905233803801853,"SRS"
"2138","One shore; one middle","rare",186.868686868687,0.362915631714605,0.0905233803801853,"SRS"
"2139","One shore; one middle","rare",191.919191919192,0.372906574890335,0.0905233803801853,"SRS"
"2140","One shore; one middle","rare",196.969696969697,0.382906840970291,0.0905233803801853,"SRS"
"2141","One shore; one middle","rare",202.020202020202,0.392916429954471,0.0905233803801853,"SRS"
"2142","One shore; one middle","rare",207.070707070707,0.402935341842877,0.0905233803801853,"SRS"
"2143","One shore; one middle","rare",212.121212121212,0.412963576635507,0.0905233803801853,"SRS"
"2144","One shore; one middle","rare",217.171717171717,0.423001134332362,0.0905233803801853,"SRS"
"2145","One shore; one middle","rare",222.222222222222,0.433048014933442,0.0905233803801853,"SRS"
"2146","One shore; one middle","rare",227.272727272727,0.443104218438748,0.0905233803801853,"SRS"
"2147","One shore; one middle","rare",232.323232323232,0.453169744848278,0.0905233803801853,"SRS"
"2148","One shore; one middle","rare",237.373737373737,0.463244594162033,0.0905233803801853,"SRS"
"2149","One shore; one middle","rare",242.424242424242,0.473328766380013,0.0905233803801853,"SRS"
"2150","One shore; one middle","rare",247.474747474747,0.483422261502218,0.0905233803801853,"SRS"
"2151","One shore; one middle","rare",252.525252525253,0.493525079528648,0.0905233803801853,"SRS"
"2152","One shore; one middle","rare",257.575757575758,0.503637220459303,0.0905233803801853,"SRS"
"2153","One shore; one middle","rare",262.626262626263,0.513758684294183,0.0905233803801853,"SRS"
"2154","One shore; one middle","rare",267.676767676768,0.523889471033288,0.0905233803801853,"SRS"
"2155","One shore; one middle","rare",272.727272727273,0.534029580676617,0.0905233803801853,"SRS"
"2156","One shore; one middle","rare",277.777777777778,0.544179013224172,0.0905233803801853,"SRS"
"2157","One shore; one middle","rare",282.828282828283,0.554337768675952,0.0905233803801853,"SRS"
"2158","One shore; one middle","rare",287.878787878788,0.564505847031956,0.0905233803801853,"SRS"
"2159","One shore; one middle","rare",292.929292929293,0.574683248292186,0.0905233803801853,"SRS"
"2160","One shore; one middle","rare",297.979797979798,0.58486997245664,0.0905233803801853,"SRS"
"2161","One shore; one middle","rare",303.030303030303,0.59506601952532,0.0905233803801853,"SRS"
"2162","One shore; one middle","rare",308.080808080808,0.605271389498224,0.0905233803801853,"SRS"
"2163","One shore; one middle","rare",313.131313131313,0.615486082375354,0.0905233803801853,"SRS"
"2164","One shore; one middle","rare",318.181818181818,0.625710098156708,0.0905233803801853,"SRS"
"2165","One shore; one middle","rare",323.232323232323,0.635943436842287,0.0905233803801853,"SRS"
"2166","One shore; one middle","rare",328.282828282828,0.646186098432091,0.0905233803801853,"SRS"
"2167","One shore; one middle","rare",333.333333333333,0.65643808292612,0.0905233803801853,"SRS"
"2168","One shore; one middle","rare",338.383838383838,0.666699390324374,0.0905233803801853,"SRS"
"2169","One shore; one middle","rare",343.434343434343,0.676970020626853,0.0905233803801853,"SRS"
"2170","One shore; one middle","rare",348.484848484848,0.687249973833557,0.0905233803801853,"SRS"
"2171","One shore; one middle","rare",353.535353535354,0.697539249944486,0.0905233803801853,"SRS"
"2172","One shore; one middle","rare",358.585858585859,0.70783784895964,0.0905233803801853,"SRS"
"2173","One shore; one middle","rare",363.636363636364,0.718145770879019,0.0905233803801853,"SRS"
"2174","One shore; one middle","rare",368.686868686869,0.728463015702623,0.0905233803801853,"SRS"
"2175","One shore; one middle","rare",373.737373737374,0.738789583430451,0.0905233803801853,"SRS"
"2176","One shore; one middle","rare",378.787878787879,0.749125474062505,0.0905233803801853,"SRS"
"2177","One shore; one middle","rare",383.838383838384,0.759470687598784,0.0905233803801853,"SRS"
"2178","One shore; one middle","rare",388.888888888889,0.769825224039287,0.0905233803801853,"SRS"
"2179","One shore; one middle","rare",393.939393939394,0.780189083384016,0.0905233803801853,"SRS"
"2180","One shore; one middle","rare",398.989898989899,0.790562265632969,0.0905233803801853,"SRS"
"2181","One shore; one middle","rare",404.040404040404,0.800944770786147,0.0905233803801853,"SRS"
"2182","One shore; one middle","rare",409.090909090909,0.811336598843551,0.0905233803801853,"SRS"
"2183","One shore; one middle","rare",414.141414141414,0.821737749805179,0.0905233803801853,"SRS"
"2184","One shore; one middle","rare",419.191919191919,0.832148223671032,0.0905233803801853,"SRS"
"2185","One shore; one middle","rare",424.242424242424,0.84256802044111,0.0905233803801853,"SRS"
"2186","One shore; one middle","rare",429.292929292929,0.852997140115413,0.0905233803801853,"SRS"
"2187","One shore; one middle","rare",434.343434343434,0.863435582693941,0.0905233803801853,"SRS"
"2188","One shore; one middle","rare",439.393939393939,0.873883348176694,0.0905233803801853,"SRS"
"2189","One shore; one middle","rare",444.444444444444,0.884340436563672,0.0905233803801853,"SRS"
"2190","One shore; one middle","rare",449.494949494949,0.894806847854875,0.0905233803801853,"SRS"
"2191","One shore; one middle","rare",454.545454545455,0.905282582050303,0.0905233803801853,"SRS"
"2192","One shore; one middle","rare",459.59595959596,0.915767639149956,0.0905233803801853,"SRS"
"2193","One shore; one middle","rare",464.646464646465,0.926262019153834,0.0905233803801853,"SRS"
"2194","One shore; one middle","rare",469.69696969697,0.936765722061936,0.0905233803801853,"SRS"
"2195","One shore; one middle","rare",474.747474747475,0.947278747874264,0.0905233803801853,"SRS"
"2196","One shore; one middle","rare",479.79797979798,0.957801096590817,0.0905233803801853,"SRS"
"2197","One shore; one middle","rare",484.848484848485,0.968332768211594,0.0905233803801853,"SRS"
"2198","One shore; one middle","rare",489.89898989899,0.978873762736596,0.0905233803801853,"SRS"
"2199","One shore; one middle","rare",494.949494949495,0.989424080165824,0.0905233803801853,"SRS"
"2200","One shore; one middle","rare",500,0.999983720499277,0.0905233803801853,"SRS"
"2201","One shore; one middle; 2 additional","common",0,3.75539215795798e-06,0.0128562631312095,"SRS"
"2202","One shore; one middle; 2 additional","common",5.05050505050505,0.0101094785046491,0.0128562631312095,"SRS"
"2203","One shore; one middle; 2 additional","common",10.1010101010101,0.0202152016171401,0.0128562631312095,"SRS"
"2204","One shore; one middle; 2 additional","common",15.1515151515152,0.0303209247296312,0.0128562631312095,"SRS"
"2205","One shore; one middle; 2 additional","common",20.2020202020202,0.0404266478421223,0.0128562631312095,"SRS"
"2206","One shore; one middle; 2 additional","common",25.2525252525253,0.0505323709546134,0.0128562631312095,"SRS"
"2207","One shore; one middle; 2 additional","common",30.3030303030303,0.0606380940671045,0.0128562631312095,"SRS"
"2208","One shore; one middle; 2 additional","common",35.3535353535353,0.0707438171795956,0.0128562631312095,"SRS"
"2209","One shore; one middle; 2 additional","common",40.4040404040404,0.0808495402920867,0.0128562631312095,"SRS"
"2210","One shore; one middle; 2 additional","common",45.4545454545455,0.0909552634045778,0.0128562631312095,"SRS"
"2211","One shore; one middle; 2 additional","common",50.5050505050505,0.101060986517069,0.0128562631312095,"SRS"
"2212","One shore; one middle; 2 additional","common",55.5555555555556,0.11116670962956,0.0128562631312095,"SRS"
"2213","One shore; one middle; 2 additional","common",60.6060606060606,0.121272432742051,0.0128562631312095,"SRS"
"2214","One shore; one middle; 2 additional","common",65.6565656565656,0.131378155854542,0.0128562631312095,"SRS"
"2215","One shore; one middle; 2 additional","common",70.7070707070707,0.141483878967033,0.0128562631312095,"SRS"
"2216","One shore; one middle; 2 additional","common",75.7575757575758,0.151589602079524,0.0128562631312095,"SRS"
"2217","One shore; one middle; 2 additional","common",80.8080808080808,0.161695325192015,0.0128562631312095,"SRS"
"2218","One shore; one middle; 2 additional","common",85.8585858585859,0.171801048304507,0.0128562631312095,"SRS"
"2219","One shore; one middle; 2 additional","common",90.9090909090909,0.181906771416998,0.0128562631312095,"SRS"
"2220","One shore; one middle; 2 additional","common",95.959595959596,0.192012494529489,0.0128562631312095,"SRS"
"2221","One shore; one middle; 2 additional","common",101.010101010101,0.20211821764198,0.0128562631312095,"SRS"
"2222","One shore; one middle; 2 additional","common",106.060606060606,0.212223940754471,0.0128562631312095,"SRS"
"2223","One shore; one middle; 2 additional","common",111.111111111111,0.222329663866962,0.0128562631312095,"SRS"
"2224","One shore; one middle; 2 additional","common",116.161616161616,0.232435386979453,0.0128562631312095,"SRS"
"2225","One shore; one middle; 2 additional","common",121.212121212121,0.242541110091944,0.0128562631312095,"SRS"
"2226","One shore; one middle; 2 additional","common",126.262626262626,0.252646833204435,0.0128562631312095,"SRS"
"2227","One shore; one middle; 2 additional","common",131.313131313131,0.262752556316926,0.0128562631312095,"SRS"
"2228","One shore; one middle; 2 additional","common",136.363636363636,0.272858279429417,0.0128562631312095,"SRS"
"2229","One shore; one middle; 2 additional","common",141.414141414141,0.282964002541909,0.0128562631312095,"SRS"
"2230","One shore; one middle; 2 additional","common",146.464646464646,0.2930697256544,0.0128562631312095,"SRS"
"2231","One shore; one middle; 2 additional","common",151.515151515152,0.303175448766891,0.0128562631312095,"SRS"
"2232","One shore; one middle; 2 additional","common",156.565656565657,0.313281171879382,0.0128562631312095,"SRS"
"2233","One shore; one middle; 2 additional","common",161.616161616162,0.323386894991873,0.0128562631312095,"SRS"
"2234","One shore; one middle; 2 additional","common",166.666666666667,0.333492618104364,0.0128562631312095,"SRS"
"2235","One shore; one middle; 2 additional","common",171.717171717172,0.343598341216855,0.0128562631312095,"SRS"
"2236","One shore; one middle; 2 additional","common",176.767676767677,0.353704064329346,0.0128562631312095,"SRS"
"2237","One shore; one middle; 2 additional","common",181.818181818182,0.363809787441837,0.0128562631312095,"SRS"
"2238","One shore; one middle; 2 additional","common",186.868686868687,0.373915510554328,0.0128562631312095,"SRS"
"2239","One shore; one middle; 2 additional","common",191.919191919192,0.38402123366682,0.0128562631312095,"SRS"
"2240","One shore; one middle; 2 additional","common",196.969696969697,0.394126956779311,0.0128562631312095,"SRS"
"2241","One shore; one middle; 2 additional","common",202.020202020202,0.404232679891802,0.0128562631312095,"SRS"
"2242","One shore; one middle; 2 additional","common",207.070707070707,0.414338403004293,0.0128562631312095,"SRS"
"2243","One shore; one middle; 2 additional","common",212.121212121212,0.424444126116784,0.0128562631312095,"SRS"
"2244","One shore; one middle; 2 additional","common",217.171717171717,0.434549849229275,0.0128562631312095,"SRS"
"2245","One shore; one middle; 2 additional","common",222.222222222222,0.444655572341766,0.0128562631312095,"SRS"
"2246","One shore; one middle; 2 additional","common",227.272727272727,0.454761295454257,0.0128562631312095,"SRS"
"2247","One shore; one middle; 2 additional","common",232.323232323232,0.464867018566748,0.0128562631312095,"SRS"
"2248","One shore; one middle; 2 additional","common",237.373737373737,0.474972741679239,0.0128562631312095,"SRS"
"2249","One shore; one middle; 2 additional","common",242.424242424242,0.485078464791731,0.0128562631312095,"SRS"
"2250","One shore; one middle; 2 additional","common",247.474747474747,0.495184187904222,0.0128562631312095,"SRS"
"2251","One shore; one middle; 2 additional","common",252.525252525253,0.505289911016713,0.0128562631312095,"SRS"
"2252","One shore; one middle; 2 additional","common",257.575757575758,0.515395634129204,0.0128562631312095,"SRS"
"2253","One shore; one middle; 2 additional","common",262.626262626263,0.525501357241695,0.0128562631312095,"SRS"
"2254","One shore; one middle; 2 additional","common",267.676767676768,0.535607080354186,0.0128562631312095,"SRS"
"2255","One shore; one middle; 2 additional","common",272.727272727273,0.545712803466677,0.0128562631312095,"SRS"
"2256","One shore; one middle; 2 additional","common",277.777777777778,0.555818526579168,0.0128562631312095,"SRS"
"2257","One shore; one middle; 2 additional","common",282.828282828283,0.565924249691659,0.0128562631312095,"SRS"
"2258","One shore; one middle; 2 additional","common",287.878787878788,0.57602997280415,0.0128562631312095,"SRS"
"2259","One shore; one middle; 2 additional","common",292.929292929293,0.586135695916641,0.0128562631312095,"SRS"
"2260","One shore; one middle; 2 additional","common",297.979797979798,0.596241419029133,0.0128562631312095,"SRS"
"2261","One shore; one middle; 2 additional","common",303.030303030303,0.606347142141624,0.0128562631312095,"SRS"
"2262","One shore; one middle; 2 additional","common",308.080808080808,0.616452865254115,0.0128562631312095,"SRS"
"2263","One shore; one middle; 2 additional","common",313.131313131313,0.626558588366606,0.0128562631312095,"SRS"
"2264","One shore; one middle; 2 additional","common",318.181818181818,0.636664311479097,0.0128562631312095,"SRS"
"2265","One shore; one middle; 2 additional","common",323.232323232323,0.646770034591588,0.0128562631312095,"SRS"
"2266","One shore; one middle; 2 additional","common",328.282828282828,0.656875757704079,0.0128562631312095,"SRS"
"2267","One shore; one middle; 2 additional","common",333.333333333333,0.66698148081657,0.0128562631312095,"SRS"
"2268","One shore; one middle; 2 additional","common",338.383838383838,0.677087203929061,0.0128562631312095,"SRS"
"2269","One shore; one middle; 2 additional","common",343.434343434343,0.687192927041552,0.0128562631312095,"SRS"
"2270","One shore; one middle; 2 additional","common",348.484848484848,0.697298650154043,0.0128562631312095,"SRS"
"2271","One shore; one middle; 2 additional","common",353.535353535354,0.707404373266534,0.0128562631312095,"SRS"
"2272","One shore; one middle; 2 additional","common",358.585858585859,0.717510096379026,0.0128562631312095,"SRS"
"2273","One shore; one middle; 2 additional","common",363.636363636364,0.727615819491517,0.0128562631312095,"SRS"
"2274","One shore; one middle; 2 additional","common",368.686868686869,0.737721542604008,0.0128562631312095,"SRS"
"2275","One shore; one middle; 2 additional","common",373.737373737374,0.747827265716499,0.0128562631312095,"SRS"
"2276","One shore; one middle; 2 additional","common",378.787878787879,0.75793298882899,0.0128562631312095,"SRS"
"2277","One shore; one middle; 2 additional","common",383.838383838384,0.768038711941481,0.0128562631312095,"SRS"
"2278","One shore; one middle; 2 additional","common",388.888888888889,0.778144435053972,0.0128562631312095,"SRS"
"2279","One shore; one middle; 2 additional","common",393.939393939394,0.788250158166463,0.0128562631312095,"SRS"
"2280","One shore; one middle; 2 additional","common",398.989898989899,0.798355881278954,0.0128562631312095,"SRS"
"2281","One shore; one middle; 2 additional","common",404.040404040404,0.808461604391446,0.0128562631312095,"SRS"
"2282","One shore; one middle; 2 additional","common",409.090909090909,0.818567327503937,0.0128562631312095,"SRS"
"2283","One shore; one middle; 2 additional","common",414.141414141414,0.828673050616428,0.0128562631312095,"SRS"
"2284","One shore; one middle; 2 additional","common",419.191919191919,0.838778773728919,0.0128562631312095,"SRS"
"2285","One shore; one middle; 2 additional","common",424.242424242424,0.84888449684141,0.0128562631312095,"SRS"
"2286","One shore; one middle; 2 additional","common",429.292929292929,0.858990219953901,0.0128562631312095,"SRS"
"2287","One shore; one middle; 2 additional","common",434.343434343434,0.869095943066392,0.0128562631312095,"SRS"
"2288","One shore; one middle; 2 additional","common",439.393939393939,0.879201666178883,0.0128562631312095,"SRS"
"2289","One shore; one middle; 2 additional","common",444.444444444444,0.889307389291374,0.0128562631312095,"SRS"
"2290","One shore; one middle; 2 additional","common",449.494949494949,0.899413112403865,0.0128562631312095,"SRS"
"2291","One shore; one middle; 2 additional","common",454.545454545455,0.909518835516356,0.0128562631312095,"SRS"
"2292","One shore; one middle; 2 additional","common",459.59595959596,0.919624558628848,0.0128562631312095,"SRS"
"2293","One shore; one middle; 2 additional","common",464.646464646465,0.929730281741339,0.0128562631312095,"SRS"
"2294","One shore; one middle; 2 additional","common",469.69696969697,0.93983600485383,0.0128562631312095,"SRS"
"2295","One shore; one middle; 2 additional","common",474.747474747475,0.949941727966321,0.0128562631312095,"SRS"
"2296","One shore; one middle; 2 additional","common",479.79797979798,0.960047451078812,0.0128562631312095,"SRS"
"2297","One shore; one middle; 2 additional","common",484.848484848485,0.970153174191303,0.0128562631312095,"SRS"
"2298","One shore; one middle; 2 additional","common",489.89898989899,0.980258897303794,0.0128562631312095,"SRS"
"2299","One shore; one middle; 2 additional","common",494.949494949495,0.990364620416285,0.0128562631312095,"SRS"
"2300","One shore; one middle; 2 additional","common",500,1.00047034352878,0.0128562631312095,"SRS"
"2301","One shore; one middle; 2 additional","rare",0,0.00310914805838501,0.0944977200095166,"SRS"
"2302","One shore; one middle; 2 additional","rare",5.05050505050505,0.0128475742468479,0.0944977200095166,"SRS"
"2303","One shore; one middle; 2 additional","rare",10.1010101010101,0.022592504103429,0.0944977200095166,"SRS"
"2304","One shore; one middle; 2 additional","rare",15.1515151515152,0.0323439376281283,0.0944977200095166,"SRS"
"2305","One shore; one middle; 2 additional","rare",20.2020202020202,0.0421018748209459,0.0944977200095166,"SRS"
"2306","One shore; one middle; 2 additional","rare",25.2525252525253,0.0518663156818818,0.0944977200095166,"SRS"
"2307","One shore; one middle; 2 additional","rare",30.3030303030303,0.0616372602109359,0.0944977200095166,"SRS"
"2308","One shore; one middle; 2 additional","rare",35.3535353535353,0.0714147084081082,0.0944977200095166,"SRS"
"2309","One shore; one middle; 2 additional","rare",40.4040404040404,0.0811986602733988,0.0944977200095166,"SRS"
"2310","One shore; one middle; 2 additional","rare",45.4545454545455,0.0909891158068076,0.0944977200095166,"SRS"
"2311","One shore; one middle; 2 additional","rare",50.5050505050505,0.100786075008335,0.0944977200095166,"SRS"
"2312","One shore; one middle; 2 additional","rare",55.5555555555556,0.11058953787798,0.0944977200095166,"SRS"
"2313","One shore; one middle; 2 additional","rare",60.6060606060606,0.120399504415744,0.0944977200095166,"SRS"
"2314","One shore; one middle; 2 additional","rare",65.6565656565656,0.130215974621625,0.0944977200095166,"SRS"
"2315","One shore; one middle; 2 additional","rare",70.7070707070707,0.140038948495625,0.0944977200095166,"SRS"
"2316","One shore; one middle; 2 additional","rare",75.7575757575758,0.149868426037744,0.0944977200095166,"SRS"
"2317","One shore; one middle; 2 additional","rare",80.8080808080808,0.15970440724798,0.0944977200095166,"SRS"
"2318","One shore; one middle; 2 additional","rare",85.8585858585859,0.169546892126335,0.0944977200095166,"SRS"
"2319","One shore; one middle; 2 additional","rare",90.9090909090909,0.179395880672808,0.0944977200095166,"SRS"
"2320","One shore; one middle; 2 additional","rare",95.959595959596,0.189251372887399,0.0944977200095166,"SRS"
"2321","One shore; one middle; 2 additional","rare",101.010101010101,0.199113368770109,0.0944977200095166,"SRS"
"2322","One shore; one middle; 2 additional","rare",106.060606060606,0.208981868320937,0.0944977200095166,"SRS"
"2323","One shore; one middle; 2 additional","rare",111.111111111111,0.218856871539883,0.0944977200095166,"SRS"
"2324","One shore; one middle; 2 additional","rare",116.161616161616,0.228738378426947,0.0944977200095166,"SRS"
"2325","One shore; one middle; 2 additional","rare",121.212121212121,0.23862638898213,0.0944977200095166,"SRS"
"2326","One shore; one middle; 2 additional","rare",126.262626262626,0.24852090320543,0.0944977200095166,"SRS"
"2327","One shore; one middle; 2 additional","rare",131.313131313131,0.258421921096849,0.0944977200095166,"SRS"
"2328","One shore; one middle; 2 additional","rare",136.363636363636,0.268329442656387,0.0944977200095166,"SRS"
"2329","One shore; one middle; 2 additional","rare",141.414141414141,0.278243467884042,0.0944977200095166,"SRS"
"2330","One shore; one middle; 2 additional","rare",146.464646464646,0.288163996779816,0.0944977200095166,"SRS"
"2331","One shore; one middle; 2 additional","rare",151.515151515152,0.298091029343708,0.0944977200095166,"SRS"
"2332","One shore; one middle; 2 additional","rare",156.565656565657,0.308024565575718,0.0944977200095166,"SRS"
"2333","One shore; one middle; 2 additional","rare",161.616161616162,0.317964605475847,0.0944977200095166,"SRS"
"2334","One shore; one middle; 2 additional","rare",166.666666666667,0.327911149044093,0.0944977200095166,"SRS"
"2335","One shore; one middle; 2 additional","rare",171.717171717172,0.337864196280458,0.0944977200095166,"SRS"
"2336","One shore; one middle; 2 additional","rare",176.767676767677,0.347823747184942,0.0944977200095166,"SRS"
"2337","One shore; one middle; 2 additional","rare",181.818181818182,0.357789801757543,0.0944977200095166,"SRS"
"2338","One shore; one middle; 2 additional","rare",186.868686868687,0.367762359998263,0.0944977200095166,"SRS"
"2339","One shore; one middle; 2 additional","rare",191.919191919192,0.377741421907101,0.0944977200095166,"SRS"
"2340","One shore; one middle; 2 additional","rare",196.969696969697,0.387726987484057,0.0944977200095166,"SRS"
"2341","One shore; one middle; 2 additional","rare",202.020202020202,0.397719056729132,0.0944977200095166,"SRS"
"2342","One shore; one middle; 2 additional","rare",207.070707070707,0.407717629642324,0.0944977200095166,"SRS"
"2343","One shore; one middle; 2 additional","rare",212.121212121212,0.417722706223635,0.0944977200095166,"SRS"
"2344","One shore; one middle; 2 additional","rare",217.171717171717,0.427734286473064,0.0944977200095166,"SRS"
"2345","One shore; one middle; 2 additional","rare",222.222222222222,0.437752370390612,0.0944977200095166,"SRS"
"2346","One shore; one middle; 2 additional","rare",227.272727272727,0.447776957976277,0.0944977200095166,"SRS"
"2347","One shore; one middle; 2 additional","rare",232.323232323232,0.457808049230061,0.0944977200095166,"SRS"
"2348","One shore; one middle; 2 additional","rare",237.373737373737,0.467845644151964,0.0944977200095166,"SRS"
"2349","One shore; one middle; 2 additional","rare",242.424242424242,0.477889742741984,0.0944977200095166,"SRS"
"2350","One shore; one middle; 2 additional","rare",247.474747474747,0.487940345000123,0.0944977200095166,"SRS"
"2351","One shore; one middle; 2 additional","rare",252.525252525253,0.49799745092638,0.0944977200095166,"SRS"
"2352","One shore; one middle; 2 additional","rare",257.575757575758,0.508061060520755,0.0944977200095166,"SRS"
"2353","One shore; one middle; 2 additional","rare",262.626262626263,0.518131173783248,0.0944977200095166,"SRS"
"2354","One shore; one middle; 2 additional","rare",267.676767676768,0.52820779071386,0.0944977200095166,"SRS"
"2355","One shore; one middle; 2 additional","rare",272.727272727273,0.53829091131259,0.0944977200095166,"SRS"
"2356","One shore; one middle; 2 additional","rare",277.777777777778,0.548380535579438,0.0944977200095166,"SRS"
"2357","One shore; one middle; 2 additional","rare",282.828282828283,0.558476663514404,0.0944977200095166,"SRS"
"2358","One shore; one middle; 2 additional","rare",287.878787878788,0.568579295117489,0.0944977200095166,"SRS"
"2359","One shore; one middle; 2 additional","rare",292.929292929293,0.578688430388692,0.0944977200095166,"SRS"
"2360","One shore; one middle; 2 additional","rare",297.979797979798,0.588804069328013,0.0944977200095166,"SRS"
"2361","One shore; one middle; 2 additional","rare",303.030303030303,0.598926211935452,0.0944977200095166,"SRS"
"2362","One shore; one middle; 2 additional","rare",308.080808080808,0.60905485821101,0.0944977200095166,"SRS"
"2363","One shore; one middle; 2 additional","rare",313.131313131313,0.619190008154686,0.0944977200095166,"SRS"
"2364","One shore; one middle; 2 additional","rare",318.181818181818,0.62933166176648,0.0944977200095166,"SRS"
"2365","One shore; one middle; 2 additional","rare",323.232323232323,0.639479819046392,0.0944977200095166,"SRS"
"2366","One shore; one middle; 2 additional","rare",328.282828282828,0.649634479994423,0.0944977200095166,"SRS"
"2367","One shore; one middle; 2 additional","rare",333.333333333333,0.659795644610572,0.0944977200095166,"SRS"
"2368","One shore; one middle; 2 additional","rare",338.383838383838,0.669963312894839,0.0944977200095166,"SRS"
"2369","One shore; one middle; 2 additional","rare",343.434343434343,0.680137484847224,0.0944977200095166,"SRS"
"2370","One shore; one middle; 2 additional","rare",348.484848484848,0.690318160467728,0.0944977200095166,"SRS"
"2371","One shore; one middle; 2 additional","rare",353.535353535354,0.70050533975635,0.0944977200095166,"SRS"
"2372","One shore; one middle; 2 additional","rare",358.585858585859,0.71069902271309,0.0944977200095166,"SRS"
"2373","One shore; one middle; 2 additional","rare",363.636363636364,0.720899209337948,0.0944977200095166,"SRS"
"2374","One shore; one middle; 2 additional","rare",368.686868686869,0.731105899630925,0.0944977200095166,"SRS"
"2375","One shore; one middle; 2 additional","rare",373.737373737374,0.74131909359202,0.0944977200095166,"SRS"
"2376","One shore; one middle; 2 additional","rare",378.787878787879,0.751538791221233,0.0944977200095166,"SRS"
"2377","One shore; one middle; 2 additional","rare",383.838383838384,0.761764992518564,0.0944977200095166,"SRS"
"2378","One shore; one middle; 2 additional","rare",388.888888888889,0.771997697484014,0.0944977200095166,"SRS"
"2379","One shore; one middle; 2 additional","rare",393.939393939394,0.782236906117582,0.0944977200095166,"SRS"
"2380","One shore; one middle; 2 additional","rare",398.989898989899,0.792482618419268,0.0944977200095166,"SRS"
"2381","One shore; one middle; 2 additional","rare",404.040404040404,0.802734834389072,0.0944977200095166,"SRS"
"2382","One shore; one middle; 2 additional","rare",409.090909090909,0.812993554026994,0.0944977200095166,"SRS"
"2383","One shore; one middle; 2 additional","rare",414.141414141414,0.823258777333035,0.0944977200095166,"SRS"
"2384","One shore; one middle; 2 additional","rare",419.191919191919,0.833530504307194,0.0944977200095166,"SRS"
"2385","One shore; one middle; 2 additional","rare",424.242424242424,0.843808734949472,0.0944977200095166,"SRS"
"2386","One shore; one middle; 2 additional","rare",429.292929292929,0.854093469259867,0.0944977200095166,"SRS"
"2387","One shore; one middle; 2 additional","rare",434.343434343434,0.864384707238381,0.0944977200095166,"SRS"
"2388","One shore; one middle; 2 additional","rare",439.393939393939,0.874682448885013,0.0944977200095166,"SRS"
"2389","One shore; one middle; 2 additional","rare",444.444444444444,0.884986694199763,0.0944977200095166,"SRS"
"2390","One shore; one middle; 2 additional","rare",449.494949494949,0.895297443182632,0.0944977200095166,"SRS"
"2391","One shore; one middle; 2 additional","rare",454.545454545455,0.905614695833618,0.0944977200095166,"SRS"
"2392","One shore; one middle; 2 additional","rare",459.59595959596,0.915938452152724,0.0944977200095166,"SRS"
"2393","One shore; one middle; 2 additional","rare",464.646464646465,0.926268712139947,0.0944977200095166,"SRS"
"2394","One shore; one middle; 2 additional","rare",469.69696969697,0.936605475795288,0.0944977200095166,"SRS"
"2395","One shore; one middle; 2 additional","rare",474.747474747475,0.946948743118748,0.0944977200095166,"SRS"
"2396","One shore; one middle; 2 additional","rare",479.79797979798,0.957298514110326,0.0944977200095166,"SRS"
"2397","One shore; one middle; 2 additional","rare",484.848484848485,0.967654788770022,0.0944977200095166,"SRS"
"2398","One shore; one middle; 2 additional","rare",489.89898989899,0.978017567097837,0.0944977200095166,"SRS"
"2399","One shore; one middle; 2 additional","rare",494.949494949495,0.98838684909377,0.0944977200095166,"SRS"
"2400","One shore; one middle; 2 additional","rare",500,0.998762634757821,0.0944977200095166,"SRS"
"2401","Randomly placed","common",0,0.000759279451239498,0.0232201591971646,"SRS"
"2402","Randomly placed","common",5.05050505050505,0.0106831447673103,0.0232201591971646,"SRS"
"2403","Randomly placed","common",10.1010101010101,0.0206104546524437,0.0232201591971646,"SRS"
"2404","Randomly placed","common",15.1515151515152,0.0305412091066401,0.0232201591971646,"SRS"
"2405","Randomly placed","common",20.2020202020202,0.0404754081298991,0.0232201591971646,"SRS"
"2406","Randomly placed","common",25.2525252525253,0.050413051722221,0.0232201591971646,"SRS"
"2407","Randomly placed","common",30.3030303030303,0.0603541398836055,0.0232201591971646,"SRS"
"2408","Randomly placed","common",35.3535353535353,0.0702986726140529,0.0232201591971646,"SRS"
"2409","Randomly placed","common",40.4040404040404,0.080246649913563,0.0232201591971646,"SRS"
"2410","Randomly placed","common",45.4545454545455,0.090198071782136,0.0232201591971646,"SRS"
"2411","Randomly placed","common",50.5050505050505,0.100152938219772,0.0232201591971646,"SRS"
"2412","Randomly placed","common",55.5555555555556,0.11011124922647,0.0232201591971646,"SRS"
"2413","Randomly placed","common",60.6060606060606,0.120073004802231,0.0232201591971646,"SRS"
"2414","Randomly placed","common",65.6565656565656,0.130038204947055,0.0232201591971646,"SRS"
"2415","Randomly placed","common",70.7070707070707,0.140006849660942,0.0232201591971646,"SRS"
"2416","Randomly placed","common",75.7575757575758,0.149978938943892,0.0232201591971646,"SRS"
"2417","Randomly placed","common",80.8080808080808,0.159954472795904,0.0232201591971646,"SRS"
"2418","Randomly placed","common",85.8585858585859,0.169933451216979,0.0232201591971646,"SRS"
"2419","Randomly placed","common",90.9090909090909,0.179915874207117,0.0232201591971646,"SRS"
"2420","Randomly placed","common",95.959595959596,0.189901741766318,0.0232201591971646,"SRS"
"2421","Randomly placed","common",101.010101010101,0.199891053894581,0.0232201591971646,"SRS"
"2422","Randomly placed","common",106.060606060606,0.209883810591907,0.0232201591971646,"SRS"
"2423","Randomly placed","common",111.111111111111,0.219880011858296,0.0232201591971646,"SRS"
"2424","Randomly placed","common",116.161616161616,0.229879657693748,0.0232201591971646,"SRS"
"2425","Randomly placed","common",121.212121212121,0.239882748098262,0.0232201591971646,"SRS"
"2426","Randomly placed","common",126.262626262626,0.24988928307184,0.0232201591971646,"SRS"
"2427","Randomly placed","common",131.313131313131,0.25989926261448,0.0232201591971646,"SRS"
"2428","Randomly placed","common",136.363636363636,0.269912686726182,0.0232201591971646,"SRS"
"2429","Randomly placed","common",141.414141414141,0.279929555406948,0.0232201591971646,"SRS"
"2430","Randomly placed","common",146.464646464646,0.289949868656776,0.0232201591971646,"SRS"
"2431","Randomly placed","common",151.515151515152,0.299973626475667,0.0232201591971646,"SRS"
"2432","Randomly placed","common",156.565656565657,0.310000828863621,0.0232201591971646,"SRS"
"2433","Randomly placed","common",161.616161616162,0.320031475820638,0.0232201591971646,"SRS"
"2434","Randomly placed","common",166.666666666667,0.330065567346717,0.0232201591971646,"SRS"
"2435","Randomly placed","common",171.717171717172,0.34010310344186,0.0232201591971646,"SRS"
"2436","Randomly placed","common",176.767676767677,0.350144084106065,0.0232201591971646,"SRS"
"2437","Randomly placed","common",181.818181818182,0.360188509339332,0.0232201591971646,"SRS"
"2438","Randomly placed","common",186.868686868687,0.370236379141663,0.0232201591971646,"SRS"
"2439","Randomly placed","common",191.919191919192,0.380287693513056,0.0232201591971646,"SRS"
"2440","Randomly placed","common",196.969696969697,0.390342452453512,0.0232201591971646,"SRS"
"2441","Randomly placed","common",202.020202020202,0.400400655963031,0.0232201591971646,"SRS"
"2442","Randomly placed","common",207.070707070707,0.410462304041613,0.0232201591971646,"SRS"
"2443","Randomly placed","common",212.121212121212,0.420527396689257,0.0232201591971646,"SRS"
"2444","Randomly placed","common",217.171717171717,0.430595933905964,0.0232201591971646,"SRS"
"2445","Randomly placed","common",222.222222222222,0.440667915691734,0.0232201591971646,"SRS"
"2446","Randomly placed","common",227.272727272727,0.450743342046567,0.0232201591971646,"SRS"
"2447","Randomly placed","common",232.323232323232,0.460822212970462,0.0232201591971646,"SRS"
"2448","Randomly placed","common",237.373737373737,0.470904528463421,0.0232201591971646,"SRS"
"2449","Randomly placed","common",242.424242424242,0.480990288525442,0.0232201591971646,"SRS"
"2450","Randomly placed","common",247.474747474747,0.491079493156525,0.0232201591971646,"SRS"
"2451","Randomly placed","common",252.525252525253,0.501172142356672,0.0232201591971646,"SRS"
"2452","Randomly placed","common",257.575757575758,0.511268236125881,0.0232201591971646,"SRS"
"2453","Randomly placed","common",262.626262626263,0.521367774464153,0.0232201591971646,"SRS"
"2454","Randomly placed","common",267.676767676768,0.531470757371488,0.0232201591971646,"SRS"
"2455","Randomly placed","common",272.727272727273,0.541577184847886,0.0232201591971646,"SRS"
"2456","Randomly placed","common",277.777777777778,0.551687056893346,0.0232201591971646,"SRS"
"2457","Randomly placed","common",282.828282828283,0.561800373507869,0.0232201591971646,"SRS"
"2458","Randomly placed","common",287.878787878788,0.571917134691455,0.0232201591971646,"SRS"
"2459","Randomly placed","common",292.929292929293,0.582037340444104,0.0232201591971646,"SRS"
"2460","Randomly placed","common",297.979797979798,0.592160990765816,0.0232201591971646,"SRS"
"2461","Randomly placed","common",303.030303030303,0.60228808565659,0.0232201591971646,"SRS"
"2462","Randomly placed","common",308.080808080808,0.612418625116427,0.0232201591971646,"SRS"
"2463","Randomly placed","common",313.131313131313,0.622552609145327,0.0232201591971646,"SRS"
"2464","Randomly placed","common",318.181818181818,0.632690037743289,0.0232201591971646,"SRS"
"2465","Randomly placed","common",323.232323232323,0.642830910910315,0.0232201591971646,"SRS"
"2466","Randomly placed","common",328.282828282828,0.652975228646403,0.0232201591971646,"SRS"
"2467","Randomly placed","common",333.333333333333,0.663122990951553,0.0232201591971646,"SRS"
"2468","Randomly placed","common",338.383838383838,0.673274197825767,0.0232201591971646,"SRS"
"2469","Randomly placed","common",343.434343434343,0.683428849269044,0.0232201591971646,"SRS"
"2470","Randomly placed","common",348.484848484848,0.693586945281383,0.0232201591971646,"SRS"
"2471","Randomly placed","common",353.535353535354,0.703748485862785,0.0232201591971646,"SRS"
"2472","Randomly placed","common",358.585858585859,0.71391347101325,0.0232201591971646,"SRS"
"2473","Randomly placed","common",363.636363636364,0.724081900732777,0.0232201591971646,"SRS"
"2474","Randomly placed","common",368.686868686869,0.734253775021367,0.0232201591971646,"SRS"
"2475","Randomly placed","common",373.737373737374,0.74442909387902,0.0232201591971646,"SRS"
"2476","Randomly placed","common",378.787878787879,0.754607857305736,0.0232201591971646,"SRS"
"2477","Randomly placed","common",383.838383838384,0.764790065301515,0.0232201591971646,"SRS"
"2478","Randomly placed","common",388.888888888889,0.774975717866356,0.0232201591971646,"SRS"
"2479","Randomly placed","common",393.939393939394,0.78516481500026,0.0232201591971646,"SRS"
"2480","Randomly placed","common",398.989898989899,0.795357356703227,0.0232201591971646,"SRS"
"2481","Randomly placed","common",404.040404040404,0.805553342975257,0.0232201591971646,"SRS"
"2482","Randomly placed","common",409.090909090909,0.815752773816349,0.0232201591971646,"SRS"
"2483","Randomly placed","common",414.141414141414,0.825955649226505,0.0232201591971646,"SRS"
"2484","Randomly placed","common",419.191919191919,0.836161969205723,0.0232201591971646,"SRS"
"2485","Randomly placed","common",424.242424242424,0.846371733754003,0.0232201591971646,"SRS"
"2486","Randomly placed","common",429.292929292929,0.856584942871347,0.0232201591971646,"SRS"
"2487","Randomly placed","common",434.343434343434,0.866801596557753,0.0232201591971646,"SRS"
"2488","Randomly placed","common",439.393939393939,0.877021694813222,0.0232201591971646,"SRS"
"2489","Randomly placed","common",444.444444444444,0.887245237637754,0.0232201591971646,"SRS"
"2490","Randomly placed","common",449.494949494949,0.897472225031349,0.0232201591971646,"SRS"
"2491","Randomly placed","common",454.545454545455,0.907702656994006,0.0232201591971646,"SRS"
"2492","Randomly placed","common",459.59595959596,0.917936533525727,0.0232201591971646,"SRS"
"2493","Randomly placed","common",464.646464646465,0.928173854626509,0.0232201591971646,"SRS"
"2494","Randomly placed","common",469.69696969697,0.938414620296355,0.0232201591971646,"SRS"
"2495","Randomly placed","common",474.747474747475,0.948658830535264,0.0232201591971646,"SRS"
"2496","Randomly placed","common",479.79797979798,0.958906485343235,0.0232201591971646,"SRS"
"2497","Randomly placed","common",484.848484848485,0.969157584720269,0.0232201591971646,"SRS"
"2498","Randomly placed","common",489.89898989899,0.979412128666366,0.0232201591971646,"SRS"
"2499","Randomly placed","common",494.949494949495,0.989670117181525,0.0232201591971646,"SRS"
"2500","Randomly placed","common",500,0.999931550265748,0.0232201591971646,"SRS"
"2501","Randomly placed","rare",0,-0.00135792388852225,0.0914540344705071,"SRS"
"2502","Randomly placed","rare",5.05050505050505,0.00913884916079231,0.0914540344705071,"SRS"
"2503","Randomly placed","rare",10.1010101010101,0.0196280969439625,0.0914540344705071,"SRS"
"2504","Randomly placed","rare",15.1515151515152,0.0301098194609882,0.0914540344705071,"SRS"
"2505","Randomly placed","rare",20.2020202020202,0.0405840167118695,0.0914540344705071,"SRS"
"2506","Randomly placed","rare",25.2525252525253,0.0510506886966064,0.0914540344705071,"SRS"
"2507","Randomly placed","rare",30.3030303030303,0.0615098354151988,0.0914540344705071,"SRS"
"2508","Randomly placed","rare",35.3535353535353,0.0719614568676469,0.0914540344705071,"SRS"
"2509","Randomly placed","rare",40.4040404040404,0.0824055530539506,0.0914540344705071,"SRS"
"2510","Randomly placed","rare",45.4545454545455,0.0928421239741098,0.0914540344705071,"SRS"
"2511","Randomly placed","rare",50.5050505050505,0.103271169628125,0.0914540344705071,"SRS"
"2512","Randomly placed","rare",55.5555555555556,0.113692690015995,0.0914540344705071,"SRS"
"2513","Randomly placed","rare",60.6060606060606,0.124106685137721,0.0914540344705071,"SRS"
"2514","Randomly placed","rare",65.6565656565656,0.134513154993303,0.0914540344705071,"SRS"
"2515","Randomly placed","rare",70.7070707070707,0.14491209958274,0.0914540344705071,"SRS"
"2516","Randomly placed","rare",75.7575757575758,0.155303518906033,0.0914540344705071,"SRS"
"2517","Randomly placed","rare",80.8080808080808,0.165687412963181,0.0914540344705071,"SRS"
"2518","Randomly placed","rare",85.8585858585859,0.176063781754185,0.0914540344705071,"SRS"
"2519","Randomly placed","rare",90.9090909090909,0.186432625279044,0.0914540344705071,"SRS"
"2520","Randomly placed","rare",95.959595959596,0.19679394353776,0.0914540344705071,"SRS"
"2521","Randomly placed","rare",101.010101010101,0.20714773653033,0.0914540344705071,"SRS"
"2522","Randomly placed","rare",106.060606060606,0.217494004256756,0.0914540344705071,"SRS"
"2523","Randomly placed","rare",111.111111111111,0.227832746717038,0.0914540344705071,"SRS"
"2524","Randomly placed","rare",116.161616161616,0.238163963911176,0.0914540344705071,"SRS"
"2525","Randomly placed","rare",121.212121212121,0.248487655839169,0.0914540344705071,"SRS"
"2526","Randomly placed","rare",126.262626262626,0.258803822501018,0.0914540344705071,"SRS"
"2527","Randomly placed","rare",131.313131313131,0.269112463896722,0.0914540344705071,"SRS"
"2528","Randomly placed","rare",136.363636363636,0.279413580026282,0.0914540344705071,"SRS"
"2529","Randomly placed","rare",141.414141414141,0.289707170889697,0.0914540344705071,"SRS"
"2530","Randomly placed","rare",146.464646464646,0.299993236486968,0.0914540344705071,"SRS"
"2531","Randomly placed","rare",151.515151515152,0.310271776818095,0.0914540344705071,"SRS"
"2532","Randomly placed","rare",156.565656565657,0.320542791883077,0.0914540344705071,"SRS"
"2533","Randomly placed","rare",161.616161616162,0.330806281681914,0.0914540344705071,"SRS"
"2534","Randomly placed","rare",166.666666666667,0.341062246214608,0.0914540344705071,"SRS"
"2535","Randomly placed","rare",171.717171717172,0.351310685481157,0.0914540344705071,"SRS"
"2536","Randomly placed","rare",176.767676767677,0.361551599481561,0.0914540344705071,"SRS"
"2537","Randomly placed","rare",181.818181818182,0.371784988215821,0.0914540344705071,"SRS"
"2538","Randomly placed","rare",186.868686868687,0.382010851683937,0.0914540344705071,"SRS"
"2539","Randomly placed","rare",191.919191919192,0.392229189885908,0.0914540344705071,"SRS"
"2540","Randomly placed","rare",196.969696969697,0.402440002821735,0.0914540344705071,"SRS"
"2541","Randomly placed","rare",202.020202020202,0.412643290491418,0.0914540344705071,"SRS"
"2542","Randomly placed","rare",207.070707070707,0.422839052894956,0.0914540344705071,"SRS"
"2543","Randomly placed","rare",212.121212121212,0.433027290032349,0.0914540344705071,"SRS"
"2544","Randomly placed","rare",217.171717171717,0.443208001903599,0.0914540344705071,"SRS"
"2545","Randomly placed","rare",222.222222222222,0.453381188508703,0.0914540344705071,"SRS"
"2546","Randomly placed","rare",227.272727272727,0.463546849847664,0.0914540344705071,"SRS"
"2547","Randomly placed","rare",232.323232323232,0.47370498592048,0.0914540344705071,"SRS"
"2548","Randomly placed","rare",237.373737373737,0.483855596727151,0.0914540344705071,"SRS"
"2549","Randomly placed","rare",242.424242424242,0.493998682267679,0.0914540344705071,"SRS"
"2550","Randomly placed","rare",247.474747474747,0.504134242542061,0.0914540344705071,"SRS"
"2551","Randomly placed","rare",252.525252525253,0.5142622775503,0.0914540344705071,"SRS"
"2552","Randomly placed","rare",257.575757575758,0.524382787292393,0.0914540344705071,"SRS"
"2553","Randomly placed","rare",262.626262626263,0.534495771768343,0.0914540344705071,"SRS"
"2554","Randomly placed","rare",267.676767676768,0.544601230978148,0.0914540344705071,"SRS"
"2555","Randomly placed","rare",272.727272727273,0.554699164921809,0.0914540344705071,"SRS"
"2556","Randomly placed","rare",277.777777777778,0.564789573599325,0.0914540344705071,"SRS"
"2557","Randomly placed","rare",282.828282828283,0.574872457010697,0.0914540344705071,"SRS"
"2558","Randomly placed","rare",287.878787878788,0.584947815155924,0.0914540344705071,"SRS"
"2559","Randomly placed","rare",292.929292929293,0.595015648035007,0.0914540344705071,"SRS"
"2560","Randomly placed","rare",297.979797979798,0.605075955647946,0.0914540344705071,"SRS"
"2561","Randomly placed","rare",303.030303030303,0.61512873799474,0.0914540344705071,"SRS"
"2562","Randomly placed","rare",308.080808080808,0.62517399507539,0.0914540344705071,"SRS"
"2563","Randomly placed","rare",313.131313131313,0.635211726889895,0.0914540344705071,"SRS"
"2564","Randomly placed","rare",318.181818181818,0.645241933438256,0.0914540344705071,"SRS"
"2565","Randomly placed","rare",323.232323232323,0.655264614720473,0.0914540344705071,"SRS"
"2566","Randomly placed","rare",328.282828282828,0.665279770736545,0.0914540344705071,"SRS"
"2567","Randomly placed","rare",333.333333333333,0.675287401486473,0.0914540344705071,"SRS"
"2568","Randomly placed","rare",338.383838383838,0.685287506970256,0.0914540344705071,"SRS"
"2569","Randomly placed","rare",343.434343434343,0.695280087187895,0.0914540344705071,"SRS"
"2570","Randomly placed","rare",348.484848484848,0.70526514213939,0.0914540344705071,"SRS"
"2571","Randomly placed","rare",353.535353535354,0.71524267182474,0.0914540344705071,"SRS"
"2572","Randomly placed","rare",358.585858585859,0.725212676243945,0.0914540344705071,"SRS"
"2573","Randomly placed","rare",363.636363636364,0.735175155397007,0.0914540344705071,"SRS"
"2574","Randomly placed","rare",368.686868686869,0.745130109283923,0.0914540344705071,"SRS"
"2575","Randomly placed","rare",373.737373737374,0.755077537904696,0.0914540344705071,"SRS"
"2576","Randomly placed","rare",378.787878787879,0.765017441259324,0.0914540344705071,"SRS"
"2577","Randomly placed","rare",383.838383838384,0.774949819347807,0.0914540344705071,"SRS"
"2578","Randomly placed","rare",388.888888888889,0.784874672170147,0.0914540344705071,"SRS"
"2579","Randomly placed","rare",393.939393939394,0.794791999726341,0.0914540344705071,"SRS"
"2580","Randomly placed","rare",398.989898989899,0.804701802016392,0.0914540344705071,"SRS"
"2581","Randomly placed","rare",404.040404040404,0.814604079040298,0.0914540344705071,"SRS"
"2582","Randomly placed","rare",409.090909090909,0.824498830798059,0.0914540344705071,"SRS"
"2583","Randomly placed","rare",414.141414141414,0.834386057289676,0.0914540344705071,"SRS"
"2584","Randomly placed","rare",419.191919191919,0.844265758515149,0.0914540344705071,"SRS"
"2585","Randomly placed","rare",424.242424242424,0.854137934474477,0.0914540344705071,"SRS"
"2586","Randomly placed","rare",429.292929292929,0.864002585167661,0.0914540344705071,"SRS"
"2587","Randomly placed","rare",434.343434343434,0.873859710594701,0.0914540344705071,"SRS"
"2588","Randomly placed","rare",439.393939393939,0.883709310755596,0.0914540344705071,"SRS"
"2589","Randomly placed","rare",444.444444444444,0.893551385650346,0.0914540344705071,"SRS"
"2590","Randomly placed","rare",449.494949494949,0.903385935278953,0.0914540344705071,"SRS"
"2591","Randomly placed","rare",454.545454545455,0.913212959641414,0.0914540344705071,"SRS"
"2592","Randomly placed","rare",459.59595959596,0.923032458737732,0.0914540344705071,"SRS"
"2593","Randomly placed","rare",464.646464646465,0.932844432567905,0.0914540344705071,"SRS"
"2594","Randomly placed","rare",469.69696969697,0.942648881131934,0.0914540344705071,"SRS"
"2595","Randomly placed","rare",474.747474747475,0.952445804429818,0.0914540344705071,"SRS"
"2596","Randomly placed","rare",479.79797979798,0.962235202461557,0.0914540344705071,"SRS"
"2597","Randomly placed","rare",484.848484848485,0.972017075227153,0.0914540344705071,"SRS"
"2598","Randomly placed","rare",489.89898989899,0.981791422726604,0.0914540344705071,"SRS"
"2599","Randomly placed","rare",494.949494949495,0.99155824495991,0.0914540344705071,"SRS"
"2600","Randomly placed","rare",500,1.00131754192707,0.0914540344705071,"SRS"
"2601","random","common",0,-0.000262218913418194,0.0099151078137793,"SRS"
"2602","random","common",5.05050505050505,0.00984352198512015,0.0099151078137793,"SRS"
"2603","random","common",10.1010101010101,0.0199492628836585,0.0099151078137793,"SRS"
"2604","random","common",15.1515151515152,0.0300550037821968,0.0099151078137793,"SRS"
"2605","random","common",20.2020202020202,0.0401607446807352,0.0099151078137793,"SRS"
"2606","random","common",25.2525252525253,0.0502664855792735,0.0099151078137793,"SRS"
"2607","random","common",30.3030303030303,0.0603722264778118,0.0099151078137793,"SRS"
"2608","random","common",35.3535353535353,0.0704779673763502,0.0099151078137793,"SRS"
"2609","random","common",40.4040404040404,0.0805837082748885,0.0099151078137793,"SRS"
"2610","random","common",45.4545454545455,0.0906894491734269,0.0099151078137793,"SRS"
"2611","random","common",50.5050505050505,0.100795190071965,0.0099151078137793,"SRS"
"2612","random","common",55.5555555555556,0.110900930970504,0.0099151078137793,"SRS"
"2613","random","common",60.6060606060606,0.121006671869042,0.0099151078137793,"SRS"
"2614","random","common",65.6565656565656,0.13111241276758,0.0099151078137793,"SRS"
"2615","random","common",70.7070707070707,0.141218153666119,0.0099151078137793,"SRS"
"2616","random","common",75.7575757575758,0.151323894564657,0.0099151078137793,"SRS"
"2617","random","common",80.8080808080808,0.161429635463195,0.0099151078137793,"SRS"
"2618","random","common",85.8585858585859,0.171535376361734,0.0099151078137793,"SRS"
"2619","random","common",90.9090909090909,0.181641117260272,0.0099151078137793,"SRS"
"2620","random","common",95.959595959596,0.19174685815881,0.0099151078137793,"SRS"
"2621","random","common",101.010101010101,0.201852599057349,0.0099151078137793,"SRS"
"2622","random","common",106.060606060606,0.211958339955887,0.0099151078137793,"SRS"
"2623","random","common",111.111111111111,0.222064080854425,0.0099151078137793,"SRS"
"2624","random","common",116.161616161616,0.232169821752964,0.0099151078137793,"SRS"
"2625","random","common",121.212121212121,0.242275562651502,0.0099151078137793,"SRS"
"2626","random","common",126.262626262626,0.25238130355004,0.0099151078137793,"SRS"
"2627","random","common",131.313131313131,0.262487044448579,0.0099151078137793,"SRS"
"2628","random","common",136.363636363636,0.272592785347117,0.0099151078137793,"SRS"
"2629","random","common",141.414141414141,0.282698526245655,0.0099151078137793,"SRS"
"2630","random","common",146.464646464646,0.292804267144194,0.0099151078137793,"SRS"
"2631","random","common",151.515151515152,0.302910008042732,0.0099151078137793,"SRS"
"2632","random","common",156.565656565657,0.31301574894127,0.0099151078137793,"SRS"
"2633","random","common",161.616161616162,0.323121489839809,0.0099151078137793,"SRS"
"2634","random","common",166.666666666667,0.333227230738347,0.0099151078137793,"SRS"
"2635","random","common",171.717171717172,0.343332971636885,0.0099151078137793,"SRS"
"2636","random","common",176.767676767677,0.353438712535424,0.0099151078137793,"SRS"
"2637","random","common",181.818181818182,0.363544453433962,0.0099151078137793,"SRS"
"2638","random","common",186.868686868687,0.3736501943325,0.0099151078137793,"SRS"
"2639","random","common",191.919191919192,0.383755935231039,0.0099151078137793,"SRS"
"2640","random","common",196.969696969697,0.393861676129577,0.0099151078137793,"SRS"
"2641","random","common",202.020202020202,0.403967417028115,0.0099151078137793,"SRS"
"2642","random","common",207.070707070707,0.414073157926654,0.0099151078137793,"SRS"
"2643","random","common",212.121212121212,0.424178898825192,0.0099151078137793,"SRS"
"2644","random","common",217.171717171717,0.43428463972373,0.0099151078137793,"SRS"
"2645","random","common",222.222222222222,0.444390380622269,0.0099151078137793,"SRS"
"2646","random","common",227.272727272727,0.454496121520807,0.0099151078137793,"SRS"
"2647","random","common",232.323232323232,0.464601862419345,0.0099151078137793,"SRS"
"2648","random","common",237.373737373737,0.474707603317884,0.0099151078137793,"SRS"
"2649","random","common",242.424242424242,0.484813344216422,0.0099151078137793,"SRS"
"2650","random","common",247.474747474747,0.49491908511496,0.0099151078137793,"SRS"
"2651","random","common",252.525252525253,0.505024826013499,0.0099151078137793,"SRS"
"2652","random","common",257.575757575758,0.515130566912037,0.0099151078137793,"SRS"
"2653","random","common",262.626262626263,0.525236307810575,0.0099151078137793,"SRS"
"2654","random","common",267.676767676768,0.535342048709114,0.0099151078137793,"SRS"
"2655","random","common",272.727272727273,0.545447789607652,0.0099151078137793,"SRS"
"2656","random","common",277.777777777778,0.55555353050619,0.0099151078137793,"SRS"
"2657","random","common",282.828282828283,0.565659271404729,0.0099151078137793,"SRS"
"2658","random","common",287.878787878788,0.575765012303267,0.0099151078137793,"SRS"
"2659","random","common",292.929292929293,0.585870753201805,0.0099151078137793,"SRS"
"2660","random","common",297.979797979798,0.595976494100344,0.0099151078137793,"SRS"
"2661","random","common",303.030303030303,0.606082234998882,0.0099151078137793,"SRS"
"2662","random","common",308.080808080808,0.616187975897421,0.0099151078137793,"SRS"
"2663","random","common",313.131313131313,0.626293716795959,0.0099151078137793,"SRS"
"2664","random","common",318.181818181818,0.636399457694497,0.0099151078137793,"SRS"
"2665","random","common",323.232323232323,0.646505198593036,0.0099151078137793,"SRS"
"2666","random","common",328.282828282828,0.656610939491574,0.0099151078137793,"SRS"
"2667","random","common",333.333333333333,0.666716680390112,0.0099151078137793,"SRS"
"2668","random","common",338.383838383838,0.676822421288651,0.0099151078137793,"SRS"
"2669","random","common",343.434343434343,0.686928162187189,0.0099151078137793,"SRS"
"2670","random","common",348.484848484848,0.697033903085727,0.0099151078137793,"SRS"
"2671","random","common",353.535353535354,0.707139643984266,0.0099151078137793,"SRS"
"2672","random","common",358.585858585859,0.717245384882804,0.0099151078137793,"SRS"
"2673","random","common",363.636363636364,0.727351125781342,0.0099151078137793,"SRS"
"2674","random","common",368.686868686869,0.737456866679881,0.0099151078137793,"SRS"
"2675","random","common",373.737373737374,0.747562607578419,0.0099151078137793,"SRS"
"2676","random","common",378.787878787879,0.757668348476957,0.0099151078137793,"SRS"
"2677","random","common",383.838383838384,0.767774089375496,0.0099151078137793,"SRS"
"2678","random","common",388.888888888889,0.777879830274034,0.0099151078137793,"SRS"
"2679","random","common",393.939393939394,0.787985571172572,0.0099151078137793,"SRS"
"2680","random","common",398.989898989899,0.798091312071111,0.0099151078137793,"SRS"
"2681","random","common",404.040404040404,0.808197052969649,0.0099151078137793,"SRS"
"2682","random","common",409.090909090909,0.818302793868187,0.0099151078137793,"SRS"
"2683","random","common",414.141414141414,0.828408534766726,0.0099151078137793,"SRS"
"2684","random","common",419.191919191919,0.838514275665264,0.0099151078137793,"SRS"
"2685","random","common",424.242424242424,0.848620016563802,0.0099151078137793,"SRS"
"2686","random","common",429.292929292929,0.858725757462341,0.0099151078137793,"SRS"
"2687","random","common",434.343434343434,0.868831498360879,0.0099151078137793,"SRS"
"2688","random","common",439.393939393939,0.878937239259417,0.0099151078137793,"SRS"
"2689","random","common",444.444444444444,0.889042980157956,0.0099151078137793,"SRS"
"2690","random","common",449.494949494949,0.899148721056494,0.0099151078137793,"SRS"
"2691","random","common",454.545454545455,0.909254461955032,0.0099151078137793,"SRS"
"2692","random","common",459.59595959596,0.919360202853571,0.0099151078137793,"SRS"
"2693","random","common",464.646464646465,0.929465943752109,0.0099151078137793,"SRS"
"2694","random","common",469.69696969697,0.939571684650647,0.0099151078137793,"SRS"
"2695","random","common",474.747474747475,0.949677425549186,0.0099151078137793,"SRS"
"2696","random","common",479.79797979798,0.959783166447724,0.0099151078137793,"SRS"
"2697","random","common",484.848484848485,0.969888907346262,0.0099151078137793,"SRS"
"2698","random","common",489.89898989899,0.979994648244801,0.0099151078137793,"SRS"
"2699","random","common",494.949494949495,0.990100389143339,0.0099151078137793,"SRS"
"2700","random","common",500,1.00020613004188,0.0099151078137793,"SRS"
"2701","random","rare",0,-0.00336288543038706,0.0964049936520411,"SRS"
"2702","random","rare",5.05050505050505,0.00719261854216501,0.0964049936520411,"SRS"
"2703","random","rare",10.1010101010101,0.017739770793715,0.0964049936520411,"SRS"
"2704","random","rare",15.1515151515152,0.0282785713242629,0.0964049936520411,"SRS"
"2705","random","rare",20.2020202020202,0.0388090201338088,0.0964049936520411,"SRS"
"2706","random","rare",25.2525252525253,0.0493311172223527,0.0964049936520411,"SRS"
"2707","random","rare",30.3030303030303,0.0598448625898944,0.0964049936520411,"SRS"
"2708","random","rare",35.3535353535353,0.0703502562364341,0.0964049936520411,"SRS"
"2709","random","rare",40.4040404040404,0.0808472981619718,0.0964049936520411,"SRS"
"2710","random","rare",45.4545454545455,0.0913359883665075,0.0964049936520411,"SRS"
"2711","random","rare",50.5050505050505,0.101816326850041,0.0964049936520411,"SRS"
"2712","random","rare",55.5555555555556,0.112288313612573,0.0964049936520411,"SRS"
"2713","random","rare",60.6060606060606,0.122751948654102,0.0964049936520411,"SRS"
"2714","random","rare",65.6565656565656,0.133207231974629,0.0964049936520411,"SRS"
"2715","random","rare",70.7070707070707,0.143654163574155,0.0964049936520411,"SRS"
"2716","random","rare",75.7575757575758,0.154092743452678,0.0964049936520411,"SRS"
"2717","random","rare",80.8080808080808,0.1645229716102,0.0964049936520411,"SRS"
"2718","random","rare",85.8585858585859,0.174944848046719,0.0964049936520411,"SRS"
"2719","random","rare",90.9090909090909,0.185358372762236,0.0964049936520411,"SRS"
"2720","random","rare",95.959595959596,0.195763545756751,0.0964049936520411,"SRS"
"2721","random","rare",101.010101010101,0.206160367030264,0.0964049936520411,"SRS"
"2722","random","rare",106.060606060606,0.216548836582775,0.0964049936520411,"SRS"
"2723","random","rare",111.111111111111,0.226928954414284,0.0964049936520411,"SRS"
"2724","random","rare",116.161616161616,0.237300720524791,0.0964049936520411,"SRS"
"2725","random","rare",121.212121212121,0.247664134914296,0.0964049936520411,"SRS"
"2726","random","rare",126.262626262626,0.258019197582799,0.0964049936520411,"SRS"
"2727","random","rare",131.313131313131,0.2683659085303,0.0964049936520411,"SRS"
"2728","random","rare",136.363636363636,0.278704267756799,0.0964049936520411,"SRS"
"2729","random","rare",141.414141414141,0.289034275262295,0.0964049936520411,"SRS"
"2730","random","rare",146.464646464646,0.29935593104679,0.0964049936520411,"SRS"
"2731","random","rare",151.515151515152,0.309669235110282,0.0964049936520411,"SRS"
"2732","random","rare",156.565656565657,0.319974187452773,0.0964049936520411,"SRS"
"2733","random","rare",161.616161616162,0.330270788074262,0.0964049936520411,"SRS"
"2734","random","rare",166.666666666667,0.340559036974748,0.0964049936520411,"SRS"
"2735","random","rare",171.717171717172,0.350838934154232,0.0964049936520411,"SRS"
"2736","random","rare",176.767676767677,0.361110479612715,0.0964049936520411,"SRS"
"2737","random","rare",181.818181818182,0.371373673350195,0.0964049936520411,"SRS"
"2738","random","rare",186.868686868687,0.381628515366673,0.0964049936520411,"SRS"
"2739","random","rare",191.919191919192,0.39187500566215,0.0964049936520411,"SRS"
"2740","random","rare",196.969696969697,0.402113144236624,0.0964049936520411,"SRS"
"2741","random","rare",202.020202020202,0.412342931090096,0.0964049936520411,"SRS"
"2742","random","rare",207.070707070707,0.422564366222566,0.0964049936520411,"SRS"
"2743","random","rare",212.121212121212,0.432777449634034,0.0964049936520411,"SRS"
"2744","random","rare",217.171717171717,0.4429821813245,0.0964049936520411,"SRS"
"2745","random","rare",222.222222222222,0.453178561293964,0.0964049936520411,"SRS"
"2746","random","rare",227.272727272727,0.463366589542426,0.0964049936520411,"SRS"
"2747","random","rare",232.323232323232,0.473546266069886,0.0964049936520411,"SRS"
"2748","random","rare",237.373737373737,0.483717590876343,0.0964049936520411,"SRS"
"2749","random","rare",242.424242424242,0.493880563961799,0.0964049936520411,"SRS"
"2750","random","rare",247.474747474747,0.504035185326253,0.0964049936520411,"SRS"
"2751","random","rare",252.525252525253,0.514181454969704,0.0964049936520411,"SRS"
"2752","random","rare",257.575757575758,0.524319372892154,0.0964049936520411,"SRS"
"2753","random","rare",262.626262626263,0.534448939093601,0.0964049936520411,"SRS"
"2754","random","rare",267.676767676768,0.544570153574047,0.0964049936520411,"SRS"
"2755","random","rare",272.727272727273,0.55468301633349,0.0964049936520411,"SRS"
"2756","random","rare",277.777777777778,0.564787527371932,0.0964049936520411,"SRS"
"2757","random","rare",282.828282828283,0.574883686689371,0.0964049936520411,"SRS"
"2758","random","rare",287.878787878788,0.584971494285809,0.0964049936520411,"SRS"
"2759","random","rare",292.929292929293,0.595050950161244,0.0964049936520411,"SRS"
"2760","random","rare",297.979797979798,0.605122054315677,0.0964049936520411,"SRS"
"2761","random","rare",303.030303030303,0.615184806749108,0.0964049936520411,"SRS"
"2762","random","rare",308.080808080808,0.625239207461537,0.0964049936520411,"SRS"
"2763","random","rare",313.131313131313,0.635285256452964,0.0964049936520411,"SRS"
"2764","random","rare",318.181818181818,0.645322953723389,0.0964049936520411,"SRS"
"2765","random","rare",323.232323232323,0.655352299272812,0.0964049936520411,"SRS"
"2766","random","rare",328.282828282828,0.665373293101233,0.0964049936520411,"SRS"
"2767","random","rare",333.333333333333,0.675385935208652,0.0964049936520411,"SRS"
"2768","random","rare",338.383838383838,0.685390225595069,0.0964049936520411,"SRS"
"2769","random","rare",343.434343434343,0.695386164260483,0.0964049936520411,"SRS"
"2770","random","rare",348.484848484848,0.705373751204896,0.0964049936520411,"SRS"
"2771","random","rare",353.535353535354,0.715352986428307,0.0964049936520411,"SRS"
"2772","random","rare",358.585858585859,0.725323869930715,0.0964049936520411,"SRS"
"2773","random","rare",363.636363636364,0.735286401712122,0.0964049936520411,"SRS"
"2774","random","rare",368.686868686869,0.745240581772526,0.0964049936520411,"SRS"
"2775","random","rare",373.737373737374,0.755186410111929,0.0964049936520411,"SRS"
"2776","random","rare",378.787878787879,0.765123886730329,0.0964049936520411,"SRS"
"2777","random","rare",383.838383838384,0.775053011627728,0.0964049936520411,"SRS"
"2778","random","rare",388.888888888889,0.784973784804124,0.0964049936520411,"SRS"
"2779","random","rare",393.939393939394,0.794886206259518,0.0964049936520411,"SRS"
"2780","random","rare",398.989898989899,0.80479027599391,0.0964049936520411,"SRS"
"2781","random","rare",404.040404040404,0.814685994007301,0.0964049936520411,"SRS"
"2782","random","rare",409.090909090909,0.824573360299689,0.0964049936520411,"SRS"
"2783","random","rare",414.141414141414,0.834452374871075,0.0964049936520411,"SRS"
"2784","random","rare",419.191919191919,0.844323037721459,0.0964049936520411,"SRS"
"2785","random","rare",424.242424242424,0.854185348850841,0.0964049936520411,"SRS"
"2786","random","rare",429.292929292929,0.864039308259221,0.0964049936520411,"SRS"
"2787","random","rare",434.343434343434,0.873884915946598,0.0964049936520411,"SRS"
"2788","random","rare",439.393939393939,0.883722171912974,0.0964049936520411,"SRS"
"2789","random","rare",444.444444444444,0.893551076158348,0.0964049936520411,"SRS"
"2790","random","rare",449.494949494949,0.90337162868272,0.0964049936520411,"SRS"
"2791","random","rare",454.545454545455,0.913183829486089,0.0964049936520411,"SRS"
"2792","random","rare",459.59595959596,0.922987678568457,0.0964049936520411,"SRS"
"2793","random","rare",464.646464646465,0.932783175929823,0.0964049936520411,"SRS"
"2794","random","rare",469.69696969697,0.942570321570186,0.0964049936520411,"SRS"
"2795","random","rare",474.747474747475,0.952349115489548,0.0964049936520411,"SRS"
"2796","random","rare",479.79797979798,0.962119557687907,0.0964049936520411,"SRS"
"2797","random","rare",484.848484848485,0.971881648165264,0.0964049936520411,"SRS"
"2798","random","rare",489.89898989899,0.98163538692162,0.0964049936520411,"SRS"
"2799","random","rare",494.949494949495,0.991380773956973,0.0964049936520411,"SRS"
"2800","random","rare",500,1.00111780927132,0.0964049936520411,"SRS"
"2801","Clumped-Poisson","common",0,0.0312453600621169,0.096183523664957,"ACS"
"2802","Clumped-Poisson","common",5.05050505050505,0.0671342021979376,0.096183523664957,"ACS"
"2803","Clumped-Poisson","common",10.1010101010101,0.102487197813554,0.096183523664957,"ACS"
"2804","Clumped-Poisson","common",15.1515151515152,0.137304346908967,0.096183523664957,"ACS"
"2805","Clumped-Poisson","common",20.2020202020202,0.171585649484175,0.096183523664957,"ACS"
"2806","Clumped-Poisson","common",25.2525252525253,0.205331105539179,0.096183523664957,"ACS"
"2807","Clumped-Poisson","common",30.3030303030303,0.238540715073979,0.096183523664957,"ACS"
"2808","Clumped-Poisson","common",35.3535353535353,0.271214478088574,0.096183523664957,"ACS"
"2809","Clumped-Poisson","common",40.4040404040404,0.303352394582966,0.096183523664957,"ACS"
"2810","Clumped-Poisson","common",45.4545454545455,0.334954464557153,0.096183523664957,"ACS"
"2811","Clumped-Poisson","common",50.5050505050505,0.366020688011136,0.096183523664957,"ACS"
"2812","Clumped-Poisson","common",55.5555555555556,0.396551064944915,0.096183523664957,"ACS"
"2813","Clumped-Poisson","common",60.6060606060606,0.426545595358489,0.096183523664957,"ACS"
"2814","Clumped-Poisson","common",65.6565656565656,0.45600427925186,0.096183523664957,"ACS"
"2815","Clumped-Poisson","common",70.7070707070707,0.484927116625026,0.096183523664957,"ACS"
"2816","Clumped-Poisson","common",75.7575757575758,0.513314107477988,0.096183523664957,"ACS"
"2817","Clumped-Poisson","common",80.8080808080808,0.541165251810746,0.096183523664957,"ACS"
"2818","Clumped-Poisson","common",85.8585858585859,0.5684805496233,0.096183523664957,"ACS"
"2819","Clumped-Poisson","common",90.9090909090909,0.595260000915649,0.096183523664957,"ACS"
"2820","Clumped-Poisson","common",95.959595959596,0.621503605687795,0.096183523664957,"ACS"
"2821","Clumped-Poisson","common",101.010101010101,0.647211363939736,0.096183523664957,"ACS"
"2822","Clumped-Poisson","common",106.060606060606,0.672383275671472,0.096183523664957,"ACS"
"2823","Clumped-Poisson","common",111.111111111111,0.697019340883005,0.096183523664957,"ACS"
"2824","Clumped-Poisson","common",116.161616161616,0.721119559574334,0.096183523664957,"ACS"
"2825","Clumped-Poisson","common",121.212121212121,0.744683931745458,0.096183523664957,"ACS"
"2826","Clumped-Poisson","common",126.262626262626,0.767712457396378,0.096183523664957,"ACS"
"2827","Clumped-Poisson","common",131.313131313131,0.790205136527094,0.096183523664957,"ACS"
"2828","Clumped-Poisson","common",136.363636363636,0.812161969137606,0.096183523664957,"ACS"
"2829","Clumped-Poisson","common",141.414141414141,0.833582955227913,0.096183523664957,"ACS"
"2830","Clumped-Poisson","common",146.464646464646,0.854468094798017,0.096183523664957,"ACS"
"2831","Clumped-Poisson","common",151.515151515152,0.874817387847916,0.096183523664957,"ACS"
"2832","Clumped-Poisson","common",156.565656565657,0.894630834377611,0.096183523664957,"ACS"
"2833","Clumped-Poisson","common",161.616161616162,0.913908434387102,0.096183523664957,"ACS"
"2834","Clumped-Poisson","common",166.666666666667,0.932650187876388,0.096183523664957,"ACS"
"2835","Clumped-Poisson","common",171.717171717172,0.950856094845471,0.096183523664957,"ACS"
"2836","Clumped-Poisson","common",176.767676767677,0.968526155294349,0.096183523664957,"ACS"
"2837","Clumped-Poisson","common",181.818181818182,0.985660369223023,0.096183523664957,"ACS"
"2838","Clumped-Poisson","common",186.868686868687,1.00225873663149,0.096183523664957,"ACS"
"2839","Clumped-Poisson","common",191.919191919192,1.01832125751976,0.096183523664957,"ACS"
"2840","Clumped-Poisson","common",196.969696969697,1.03384793188782,0.096183523664957,"ACS"
"2841","Clumped-Poisson","common",202.020202020202,1.04883875973568,0.096183523664957,"ACS"
"2842","Clumped-Poisson","common",207.070707070707,1.06329374106333,0.096183523664957,"ACS"
"2843","Clumped-Poisson","common",212.121212121212,1.07721287587078,0.096183523664957,"ACS"
"2844","Clumped-Poisson","common",217.171717171717,1.09059616415802,0.096183523664957,"ACS"
"2845","Clumped-Poisson","common",222.222222222222,1.10344360592506,0.096183523664957,"ACS"
"2846","Clumped-Poisson","common",227.272727272727,1.1157552011719,0.096183523664957,"ACS"
"2847","Clumped-Poisson","common",232.323232323232,1.12753094989853,0.096183523664957,"ACS"
"2848","Clumped-Poisson","common",237.373737373737,1.13877085210496,0.096183523664957,"ACS"
"2849","Clumped-Poisson","common",242.424242424242,1.14947490779118,0.096183523664957,"ACS"
"2850","Clumped-Poisson","common",247.474747474747,1.1596431169572,0.096183523664957,"ACS"
"2851","Clumped-Poisson","common",252.525252525253,1.16927547960302,0.096183523664957,"ACS"
"2852","Clumped-Poisson","common",257.575757575758,1.17837199572863,0.096183523664957,"ACS"
"2853","Clumped-Poisson","common",262.626262626263,1.18693266533404,0.096183523664957,"ACS"
"2854","Clumped-Poisson","common",267.676767676768,1.19495748841924,0.096183523664957,"ACS"
"2855","Clumped-Poisson","common",272.727272727273,1.20244646498424,0.096183523664957,"ACS"
"2856","Clumped-Poisson","common",277.777777777778,1.20939959502903,0.096183523664957,"ACS"
"2857","Clumped-Poisson","common",282.828282828283,1.21581687855362,0.096183523664957,"ACS"
"2858","Clumped-Poisson","common",287.878787878788,1.22169831555801,0.096183523664957,"ACS"
"2859","Clumped-Poisson","common",292.929292929293,1.22704390604219,0.096183523664957,"ACS"
"2860","Clumped-Poisson","common",297.979797979798,1.23185365000617,0.096183523664957,"ACS"
"2861","Clumped-Poisson","common",303.030303030303,1.23612754744994,0.096183523664957,"ACS"
"2862","Clumped-Poisson","common",308.080808080808,1.23986559837351,0.096183523664957,"ACS"
"2863","Clumped-Poisson","common",313.131313131313,1.24306780277687,0.096183523664957,"ACS"
"2864","Clumped-Poisson","common",318.181818181818,1.24573416066004,0.096183523664957,"ACS"
"2865","Clumped-Poisson","common",323.232323232323,1.24786467202299,0.096183523664957,"ACS"
"2866","Clumped-Poisson","common",328.282828282828,1.24945933686574,0.096183523664957,"ACS"
"2867","Clumped-Poisson","common",333.333333333333,1.25051815518829,0.096183523664957,"ACS"
"2868","Clumped-Poisson","common",338.383838383838,1.25104112699064,0.096183523664957,"ACS"
"2869","Clumped-Poisson","common",343.434343434343,1.25102825227278,0.096183523664957,"ACS"
"2870","Clumped-Poisson","common",348.484848484848,1.25047953103471,0.096183523664957,"ACS"
"2871","Clumped-Poisson","common",353.535353535354,1.24939496327644,0.096183523664957,"ACS"
"2872","Clumped-Poisson","common",358.585858585859,1.24777454899797,0.096183523664957,"ACS"
"2873","Clumped-Poisson","common",363.636363636364,1.24561828819929,0.096183523664957,"ACS"
"2874","Clumped-Poisson","common",368.686868686869,1.24292618088041,0.096183523664957,"ACS"
"2875","Clumped-Poisson","common",373.737373737374,1.23969822704133,0.096183523664957,"ACS"
"2876","Clumped-Poisson","common",378.787878787879,1.23593442668204,0.096183523664957,"ACS"
"2877","Clumped-Poisson","common",383.838383838384,1.23163477980254,0.096183523664957,"ACS"
"2878","Clumped-Poisson","common",388.888888888889,1.22679928640285,0.096183523664957,"ACS"
"2879","Clumped-Poisson","common",393.939393939394,1.22142794648294,0.096183523664957,"ACS"
"2880","Clumped-Poisson","common",398.989898989899,1.21552076004284,0.096183523664957,"ACS"
"2881","Clumped-Poisson","common",404.040404040404,1.20907772708253,0.096183523664957,"ACS"
"2882","Clumped-Poisson","common",409.090909090909,1.20209884760201,0.096183523664957,"ACS"
"2883","Clumped-Poisson","common",414.141414141414,1.19458412160129,0.096183523664957,"ACS"
"2884","Clumped-Poisson","common",419.191919191919,1.18653354908037,0.096183523664957,"ACS"
"2885","Clumped-Poisson","common",424.242424242424,1.17794713003924,0.096183523664957,"ACS"
"2886","Clumped-Poisson","common",429.292929292929,1.16882486447791,0.096183523664957,"ACS"
"2887","Clumped-Poisson","common",434.343434343434,1.15916675239638,0.096183523664957,"ACS"
"2888","Clumped-Poisson","common",439.393939393939,1.14897279379464,0.096183523664957,"ACS"
"2889","Clumped-Poisson","common",444.444444444444,1.13824298867269,0.096183523664957,"ACS"
"2890","Clumped-Poisson","common",449.494949494949,1.12697733703054,0.096183523664957,"ACS"
"2891","Clumped-Poisson","common",454.545454545455,1.11517583886819,0.096183523664957,"ACS"
"2892","Clumped-Poisson","common",459.59595959596,1.10283849418563,0.096183523664957,"ACS"
"2893","Clumped-Poisson","common",464.646464646465,1.08996530298287,0.096183523664957,"ACS"
"2894","Clumped-Poisson","common",469.69696969697,1.07655626525991,0.096183523664957,"ACS"
"2895","Clumped-Poisson","common",474.747474747475,1.06261138101674,0.096183523664957,"ACS"
"2896","Clumped-Poisson","common",479.79797979798,1.04813065025336,0.096183523664957,"ACS"
"2897","Clumped-Poisson","common",484.848484848485,1.03311407296979,0.096183523664957,"ACS"
"2898","Clumped-Poisson","common",489.89898989899,1.01756164916601,0.096183523664957,"ACS"
"2899","Clumped-Poisson","common",494.949494949495,1.00147337884202,0.096183523664957,"ACS"
"2900","Clumped-Poisson","common",500,0.984849261997829,0.096183523664957,"ACS"
"2901","Clumped-Poisson","rare",0,-0.00678885434349462,0.0570210233608197,"ACS"
"2902","Clumped-Poisson","rare",5.05050505050505,0.0103692854939355,0.0570210233608197,"ACS"
"2903","Clumped-Poisson","rare",10.1010101010101,0.0273848070055069,0.0570210233608197,"ACS"
"2904","Clumped-Poisson","rare",15.1515151515152,0.0442577101912198,0.0570210233608197,"ACS"
"2905","Clumped-Poisson","rare",20.2020202020202,0.060987995051074,0.0570210233608197,"ACS"
"2906","Clumped-Poisson","rare",25.2525252525253,0.0775756615850696,0.0570210233608197,"ACS"
"2907","Clumped-Poisson","rare",30.3030303030303,0.0940207097932065,0.0570210233608197,"ACS"
"2908","Clumped-Poisson","rare",35.3535353535353,0.110323139675485,0.0570210233608197,"ACS"
"2909","Clumped-Poisson","rare",40.4040404040404,0.126482951231905,0.0570210233608197,"ACS"
"2910","Clumped-Poisson","rare",45.4545454545455,0.142500144462466,0.0570210233608197,"ACS"
"2911","Clumped-Poisson","rare",50.5050505050505,0.158374719367168,0.0570210233608197,"ACS"
"2912","Clumped-Poisson","rare",55.5555555555556,0.174106675946012,0.0570210233608197,"ACS"
"2913","Clumped-Poisson","rare",60.6060606060606,0.189696014198997,0.0570210233608197,"ACS"
"2914","Clumped-Poisson","rare",65.6565656565656,0.205142734126124,0.0570210233608197,"ACS"
"2915","Clumped-Poisson","rare",70.7070707070707,0.220446835727392,0.0570210233608197,"ACS"
"2916","Clumped-Poisson","rare",75.7575757575758,0.235608319002801,0.0570210233608197,"ACS"
"2917","Clumped-Poisson","rare",80.8080808080808,0.250627183952352,0.0570210233608197,"ACS"
"2918","Clumped-Poisson","rare",85.8585858585859,0.265503430576044,0.0570210233608197,"ACS"
"2919","Clumped-Poisson","rare",90.9090909090909,0.280237058873877,0.0570210233608197,"ACS"
"2920","Clumped-Poisson","rare",95.959595959596,0.294828068845852,0.0570210233608197,"ACS"
"2921","Clumped-Poisson","rare",101.010101010101,0.309276460491968,0.0570210233608197,"ACS"
"2922","Clumped-Poisson","rare",106.060606060606,0.323582233812226,0.0570210233608197,"ACS"
"2923","Clumped-Poisson","rare",111.111111111111,0.337745388806625,0.0570210233608197,"ACS"
"2924","Clumped-Poisson","rare",116.161616161616,0.351765925475165,0.0570210233608197,"ACS"
"2925","Clumped-Poisson","rare",121.212121212121,0.365643843817847,0.0570210233608197,"ACS"
"2926","Clumped-Poisson","rare",126.262626262626,0.37937914383467,0.0570210233608197,"ACS"
"2927","Clumped-Poisson","rare",131.313131313131,0.392971825525635,0.0570210233608197,"ACS"
"2928","Clumped-Poisson","rare",136.363636363636,0.40642188889074,0.0570210233608197,"ACS"
"2929","Clumped-Poisson","rare",141.414141414141,0.419729333929988,0.0570210233608197,"ACS"
"2930","Clumped-Poisson","rare",146.464646464646,0.432894160643376,0.0570210233608197,"ACS"
"2931","Clumped-Poisson","rare",151.515151515152,0.445916369030906,0.0570210233608197,"ACS"
"2932","Clumped-Poisson","rare",156.565656565657,0.458795959092578,0.0570210233608197,"ACS"
"2933","Clumped-Poisson","rare",161.616161616162,0.47153293082839,0.0570210233608197,"ACS"
"2934","Clumped-Poisson","rare",166.666666666667,0.484127284238344,0.0570210233608197,"ACS"
"2935","Clumped-Poisson","rare",171.717171717172,0.49657901932244,0.0570210233608197,"ACS"
"2936","Clumped-Poisson","rare",176.767676767677,0.508888136080677,0.0570210233608197,"ACS"
"2937","Clumped-Poisson","rare",181.818181818182,0.521054634513055,0.0570210233608197,"ACS"
"2938","Clumped-Poisson","rare",186.868686868687,0.533078514619574,0.0570210233608197,"ACS"
"2939","Clumped-Poisson","rare",191.919191919192,0.544959776400235,0.0570210233608197,"ACS"
"2940","Clumped-Poisson","rare",196.969696969697,0.556698419855038,0.0570210233608197,"ACS"
"2941","Clumped-Poisson","rare",202.020202020202,0.568294444983982,0.0570210233608197,"ACS"
"2942","Clumped-Poisson","rare",207.070707070707,0.579747851787067,0.0570210233608197,"ACS"
"2943","Clumped-Poisson","rare",212.121212121212,0.591058640264293,0.0570210233608197,"ACS"
"2944","Clumped-Poisson","rare",217.171717171717,0.602226810415661,0.0570210233608197,"ACS"
"2945","Clumped-Poisson","rare",222.222222222222,0.61325236224117,0.0570210233608197,"ACS"
"2946","Clumped-Poisson","rare",227.272727272727,0.624135295740821,0.0570210233608197,"ACS"
"2947","Clumped-Poisson","rare",232.323232323232,0.634875610914613,0.0570210233608197,"ACS"
"2948","Clumped-Poisson","rare",237.373737373737,0.645473307762546,0.0570210233608197,"ACS"
"2949","Clumped-Poisson","rare",242.424242424242,0.655928386284621,0.0570210233608197,"ACS"
"2950","Clumped-Poisson","rare",247.474747474747,0.666240846480837,0.0570210233608197,"ACS"
"2951","Clumped-Poisson","rare",252.525252525253,0.676410688351194,0.0570210233608197,"ACS"
"2952","Clumped-Poisson","rare",257.575757575758,0.686437911895693,0.0570210233608197,"ACS"
"2953","Clumped-Poisson","rare",262.626262626263,0.696322517114333,0.0570210233608197,"ACS"
"2954","Clumped-Poisson","rare",267.676767676768,0.706064504007115,0.0570210233608197,"ACS"
"2955","Clumped-Poisson","rare",272.727272727273,0.715663872574038,0.0570210233608197,"ACS"
"2956","Clumped-Poisson","rare",277.777777777778,0.725120622815102,0.0570210233608197,"ACS"
"2957","Clumped-Poisson","rare",282.828282828283,0.734434754730308,0.0570210233608197,"ACS"
"2958","Clumped-Poisson","rare",287.878787878788,0.743606268319655,0.0570210233608197,"ACS"
"2959","Clumped-Poisson","rare",292.929292929293,0.752635163583144,0.0570210233608197,"ACS"
"2960","Clumped-Poisson","rare",297.979797979798,0.761521440520774,0.0570210233608197,"ACS"
"2961","Clumped-Poisson","rare",303.030303030303,0.770265099132545,0.0570210233608197,"ACS"
"2962","Clumped-Poisson","rare",308.080808080808,0.778866139418457,0.0570210233608197,"ACS"
"2963","Clumped-Poisson","rare",313.131313131313,0.787324561378511,0.0570210233608197,"ACS"
"2964","Clumped-Poisson","rare",318.181818181818,0.795640365012707,0.0570210233608197,"ACS"
"2965","Clumped-Poisson","rare",323.232323232323,0.803813550321043,0.0570210233608197,"ACS"
"2966","Clumped-Poisson","rare",328.282828282828,0.811844117303521,0.0570210233608197,"ACS"
"2967","Clumped-Poisson","rare",333.333333333333,0.819732065960141,0.0570210233608197,"ACS"
"2968","Clumped-Poisson","rare",338.383838383838,0.827477396290902,0.0570210233608197,"ACS"
"2969","Clumped-Poisson","rare",343.434343434343,0.835080108295804,0.0570210233608197,"ACS"
"2970","Clumped-Poisson","rare",348.484848484848,0.842540201974848,0.0570210233608197,"ACS"
"2971","Clumped-Poisson","rare",353.535353535354,0.849857677328033,0.0570210233608197,"ACS"
"2972","Clumped-Poisson","rare",358.585858585859,0.857032534355359,0.0570210233608197,"ACS"
"2973","Clumped-Poisson","rare",363.636363636364,0.864064773056827,0.0570210233608197,"ACS"
"2974","Clumped-Poisson","rare",368.686868686869,0.870954393432436,0.0570210233608197,"ACS"
"2975","Clumped-Poisson","rare",373.737373737374,0.877701395482186,0.0570210233608197,"ACS"
"2976","Clumped-Poisson","rare",378.787878787879,0.884305779206078,0.0570210233608197,"ACS"
"2977","Clumped-Poisson","rare",383.838383838384,0.890767544604111,0.0570210233608197,"ACS"
"2978","Clumped-Poisson","rare",388.888888888889,0.897086691676286,0.0570210233608197,"ACS"
"2979","Clumped-Poisson","rare",393.939393939394,0.903263220422602,0.0570210233608197,"ACS"
"2980","Clumped-Poisson","rare",398.989898989899,0.909297130843059,0.0570210233608197,"ACS"
"2981","Clumped-Poisson","rare",404.040404040404,0.915188422937658,0.0570210233608197,"ACS"
"2982","Clumped-Poisson","rare",409.090909090909,0.920937096706398,0.0570210233608197,"ACS"
"2983","Clumped-Poisson","rare",414.141414141414,0.92654315214928,0.0570210233608197,"ACS"
"2984","Clumped-Poisson","rare",419.191919191919,0.932006589266303,0.0570210233608197,"ACS"
"2985","Clumped-Poisson","rare",424.242424242424,0.937327408057467,0.0570210233608197,"ACS"
"2986","Clumped-Poisson","rare",429.292929292929,0.942505608522772,0.0570210233608197,"ACS"
"2987","Clumped-Poisson","rare",434.343434343434,0.947541190662219,0.0570210233608197,"ACS"
"2988","Clumped-Poisson","rare",439.393939393939,0.952434154475808,0.0570210233608197,"ACS"
"2989","Clumped-Poisson","rare",444.444444444444,0.957184499963537,0.0570210233608197,"ACS"
"2990","Clumped-Poisson","rare",449.494949494949,0.961792227125408,0.0570210233608197,"ACS"
"2991","Clumped-Poisson","rare",454.545454545455,0.966257335961421,0.0570210233608197,"ACS"
"2992","Clumped-Poisson","rare",459.59595959596,0.970579826471575,0.0570210233608197,"ACS"
"2993","Clumped-Poisson","rare",464.646464646465,0.97475969865587,0.0570210233608197,"ACS"
"2994","Clumped-Poisson","rare",469.69696969697,0.978796952514307,0.0570210233608197,"ACS"
"2995","Clumped-Poisson","rare",474.747474747475,0.982691588046885,0.0570210233608197,"ACS"
"2996","Clumped-Poisson","rare",479.79797979798,0.986443605253604,0.0570210233608197,"ACS"
"2997","Clumped-Poisson","rare",484.848484848485,0.990053004134465,0.0570210233608197,"ACS"
"2998","Clumped-Poisson","rare",489.89898989899,0.993519784689467,0.0570210233608197,"ACS"
"2999","Clumped-Poisson","rare",494.949494949495,0.99684394691861,0.0570210233608197,"ACS"
"3000","Clumped-Poisson","rare",500,1.0000254908219,0.0570210233608197,"ACS"
"3001","One shore only","common",0,-0.0270139752505497,0.0245062692414459,"ACS"
"3002","One shore only","common",5.05050505050505,0.0166979256394998,0.0245062692414459,"ACS"
"3003","One shore only","common",10.1010101010101,0.0597295556046745,0.0245062692414459,"ACS"
"3004","One shore only","common",15.1515151515152,0.102080914644974,0.0245062692414459,"ACS"
"3005","One shore only","common",20.2020202020202,0.143752002760399,0.0245062692414459,"ACS"
"3006","One shore only","common",25.2525252525253,0.184742819950949,0.0245062692414459,"ACS"
"3007","One shore only","common",30.3030303030303,0.225053366216624,0.0245062692414459,"ACS"
"3008","One shore only","common",35.3535353535353,0.264683641557423,0.0245062692414459,"ACS"
"3009","One shore only","common",40.4040404040404,0.303633645973349,0.0245062692414459,"ACS"
"3010","One shore only","common",45.4545454545455,0.341903379464399,0.0245062692414459,"ACS"
"3011","One shore only","common",50.5050505050505,0.379492842030574,0.0245062692414459,"ACS"
"3012","One shore only","common",55.5555555555556,0.416402033671874,0.0245062692414459,"ACS"
"3013","One shore only","common",60.6060606060606,0.4526309543883,0.0245062692414459,"ACS"
"3014","One shore only","common",65.6565656565656,0.48817960417985,0.0245062692414459,"ACS"
"3015","One shore only","common",70.7070707070707,0.523047983046526,0.0245062692414459,"ACS"
"3016","One shore only","common",75.7575757575758,0.557236090988327,0.0245062692414459,"ACS"
"3017","One shore only","common",80.8080808080808,0.590743928005252,0.0245062692414459,"ACS"
"3018","One shore only","common",85.8585858585859,0.623571494097303,0.0245062692414459,"ACS"
"3019","One shore only","common",90.9090909090909,0.655718789264479,0.0245062692414459,"ACS"
"3020","One shore only","common",95.959595959596,0.68718581350678,0.0245062692414459,"ACS"
"3021","One shore only","common",101.010101010101,0.717972566824206,0.0245062692414459,"ACS"
"3022","One shore only","common",106.060606060606,0.748079049216757,0.0245062692414459,"ACS"
"3023","One shore only","common",111.111111111111,0.777505260684434,0.0245062692414459,"ACS"
"3024","One shore only","common",116.161616161616,0.806251201227235,0.0245062692414459,"ACS"
"3025","One shore only","common",121.212121212121,0.834316870845161,0.0245062692414459,"ACS"
"3026","One shore only","common",126.262626262626,0.861702269538213,0.0245062692414459,"ACS"
"3027","One shore only","common",131.313131313131,0.88840739730639,0.0245062692414459,"ACS"
"3028","One shore only","common",136.363636363636,0.914432254149691,0.0245062692414459,"ACS"
"3029","One shore only","common",141.414141414141,0.939776840068118,0.0245062692414459,"ACS"
"3030","One shore only","common",146.464646464646,0.96444115506167,0.0245062692414459,"ACS"
"3031","One shore only","common",151.515151515152,0.988425199130347,0.0245062692414459,"ACS"
"3032","One shore only","common",156.565656565657,1.01172897227415,0.0245062692414459,"ACS"
"3033","One shore only","common",161.616161616162,1.03435247449308,0.0245062692414459,"ACS"
"3034","One shore only","common",166.666666666667,1.05629570578713,0.0245062692414459,"ACS"
"3035","One shore only","common",171.717171717172,1.07755866615631,0.0245062692414459,"ACS"
"3036","One shore only","common",176.767676767677,1.09814135560061,0.0245062692414459,"ACS"
"3037","One shore only","common",181.818181818182,1.11804377412004,0.0245062692414459,"ACS"
"3038","One shore only","common",186.868686868687,1.13726592171459,0.0245062692414459,"ACS"
"3039","One shore only","common",191.919191919192,1.15580779838427,0.0245062692414459,"ACS"
"3040","One shore only","common",196.969696969697,1.17366940412907,0.0245062692414459,"ACS"
"3041","One shore only","common",202.020202020202,1.190850738949,0.0245062692414459,"ACS"
"3042","One shore only","common",207.070707070707,1.20735180284405,0.0245062692414459,"ACS"
"3043","One shore only","common",212.121212121212,1.22317259581423,0.0245062692414459,"ACS"
"3044","One shore only","common",217.171717171717,1.23831311785953,0.0245062692414459,"ACS"
"3045","One shore only","common",222.222222222222,1.25277336897996,0.0245062692414459,"ACS"
"3046","One shore only","common",227.272727272727,1.26655334917551,0.0245062692414459,"ACS"
"3047","One shore only","common",232.323232323232,1.27965305844619,0.0245062692414459,"ACS"
"3048","One shore only","common",237.373737373737,1.29207249679199,0.0245062692414459,"ACS"
"3049","One shore only","common",242.424242424242,1.30381166421292,0.0245062692414459,"ACS"
"3050","One shore only","common",247.474747474747,1.31487056070898,0.0245062692414459,"ACS"
"3051","One shore only","common",252.525252525253,1.32524918628015,0.0245062692414459,"ACS"
"3052","One shore only","common",257.575757575758,1.33494754092646,0.0245062692414459,"ACS"
"3053","One shore only","common",262.626262626263,1.34396562464789,0.0245062692414459,"ACS"
"3054","One shore only","common",267.676767676768,1.35230343744444,0.0245062692414459,"ACS"
"3055","One shore only","common",272.727272727273,1.35996097931612,0.0245062692414459,"ACS"
"3056","One shore only","common",277.777777777778,1.36693825026292,0.0245062692414459,"ACS"
"3057","One shore only","common",282.828282828283,1.37323525028485,0.0245062692414459,"ACS"
"3058","One shore only","common",287.878787878788,1.37885197938191,0.0245062692414459,"ACS"
"3059","One shore only","common",292.929292929293,1.38378843755409,0.0245062692414459,"ACS"
"3060","One shore only","common",297.979797979798,1.38804462480139,0.0245062692414459,"ACS"
"3061","One shore only","common",303.030303030303,1.39162054112382,0.0245062692414459,"ACS"
"3062","One shore only","common",308.080808080808,1.39451618652137,0.0245062692414459,"ACS"
"3063","One shore only","common",313.131313131313,1.39673156099405,0.0245062692414459,"ACS"
"3064","One shore only","common",318.181818181818,1.39826666454186,0.0245062692414459,"ACS"
"3065","One shore only","common",323.232323232323,1.39912149716479,0.0245062692414459,"ACS"
"3066","One shore only","common",328.282828282828,1.39929605886284,0.0245062692414459,"ACS"
"3067","One shore only","common",333.333333333333,1.39879034963602,0.0245062692414459,"ACS"
"3068","One shore only","common",338.383838383838,1.39760436948433,0.0245062692414459,"ACS"
"3069","One shore only","common",343.434343434343,1.39573811840776,0.0245062692414459,"ACS"
"3070","One shore only","common",348.484848484848,1.39319159640631,0.0245062692414459,"ACS"
"3071","One shore only","common",353.535353535354,1.38996480347999,0.0245062692414459,"ACS"
"3072","One shore only","common",358.585858585859,1.3860577396288,0.0245062692414459,"ACS"
"3073","One shore only","common",363.636363636364,1.38147040485273,0.0245062692414459,"ACS"
"3074","One shore only","common",368.686868686869,1.37620279915179,0.0245062692414459,"ACS"
"3075","One shore only","common",373.737373737374,1.37025492252597,0.0245062692414459,"ACS"
"3076","One shore only","common",378.787878787879,1.36362677497527,0.0245062692414459,"ACS"
"3077","One shore only","common",383.838383838384,1.3563183564997,0.0245062692414459,"ACS"
"3078","One shore only","common",388.888888888889,1.34832966709926,0.0245062692414459,"ACS"
"3079","One shore only","common",393.939393939394,1.33966070677394,0.0245062692414459,"ACS"
"3080","One shore only","common",398.989898989899,1.33031147552375,0.0245062692414459,"ACS"
"3081","One shore only","common",404.040404040404,1.32028197334868,0.0245062692414459,"ACS"
"3082","One shore only","common",409.090909090909,1.30957220024873,0.0245062692414459,"ACS"
"3083","One shore only","common",414.141414141414,1.29818215622392,0.0245062692414459,"ACS"
"3084","One shore only","common",419.191919191919,1.28611184127422,0.0245062692414459,"ACS"
"3085","One shore only","common",424.242424242424,1.27336125539965,0.0245062692414459,"ACS"
"3086","One shore only","common",429.292929292929,1.25993039860021,0.0245062692414459,"ACS"
"3087","One shore only","common",434.343434343434,1.24581927087589,0.0245062692414459,"ACS"
"3088","One shore only","common",439.393939393939,1.2310278722267,0.0245062692414459,"ACS"
"3089","One shore only","common",444.444444444444,1.21555620265263,0.0245062692414459,"ACS"
"3090","One shore only","common",449.494949494949,1.19940426215369,0.0245062692414459,"ACS"
"3091","One shore only","common",454.545454545455,1.18257205072987,0.0245062692414459,"ACS"
"3092","One shore only","common",459.59595959596,1.16505956838118,0.0245062692414459,"ACS"
"3093","One shore only","common",464.646464646465,1.14686681510761,0.0245062692414459,"ACS"
"3094","One shore only","common",469.69696969697,1.12799379090917,0.0245062692414459,"ACS"
"3095","One shore only","common",474.747474747475,1.10844049578585,0.0245062692414459,"ACS"
"3096","One shore only","common",479.79797979798,1.08820692973766,0.0245062692414459,"ACS"
"3097","One shore only","common",484.848484848485,1.06729309276459,0.0245062692414459,"ACS"
"3098","One shore only","common",489.89898989899,1.04569898486665,0.0245062692414459,"ACS"
"3099","One shore only","common",494.949494949495,1.02342460604383,0.0245062692414459,"ACS"
"3100","One shore only","common",500,1.00046995629614,0.0245062692414459,"ACS"
"3101","One shore only","rare",0,-0.00288103153696887,0.0501737996838032,"ACS"
"3102","One shore only","rare",5.05050505050505,0.0106750784092617,0.0501737996838032,"ACS"
"3103","One shore only","rare",10.1010101010101,0.0241612718848998,0.0501737996838032,"ACS"
"3104","One shore only","rare",15.1515151515152,0.0375775488899453,0.0501737996838032,"ACS"
"3105","One shore only","rare",20.2020202020202,0.0509239094243983,0.0501737996838032,"ACS"
"3106","One shore only","rare",25.2525252525253,0.0642003534882587,0.0501737996838032,"ACS"
"3107","One shore only","rare",30.3030303030303,0.0774068810815266,0.0501737996838032,"ACS"
"3108","One shore only","rare",35.3535353535353,0.0905434922042019,0.0501737996838032,"ACS"
"3109","One shore only","rare",40.4040404040404,0.103610186856285,0.0501737996838032,"ACS"
"3110","One shore only","rare",45.4545454545455,0.116606965037775,0.0501737996838032,"ACS"
"3111","One shore only","rare",50.5050505050505,0.129533826748673,0.0501737996838032,"ACS"
"3112","One shore only","rare",55.5555555555556,0.142390771988978,0.0501737996838032,"ACS"
"3113","One shore only","rare",60.6060606060606,0.15517780075869,0.0501737996838032,"ACS"
"3114","One shore only","rare",65.6565656565656,0.16789491305781,0.0501737996838032,"ACS"
"3115","One shore only","rare",70.7070707070707,0.180542108886338,0.0501737996838032,"ACS"
"3116","One shore only","rare",75.7575757575758,0.193119388244273,0.0501737996838032,"ACS"
"3117","One shore only","rare",80.8080808080808,0.205626751131615,0.0501737996838032,"ACS"
"3118","One shore only","rare",85.8585858585859,0.218064197548365,0.0501737996838032,"ACS"
"3119","One shore only","rare",90.9090909090909,0.230431727494522,0.0501737996838032,"ACS"
"3120","One shore only","rare",95.959595959596,0.242729340970087,0.0501737996838032,"ACS"
"3121","One shore only","rare",101.010101010101,0.254957037975059,0.0501737996838032,"ACS"
"3122","One shore only","rare",106.060606060606,0.267114818509439,0.0501737996838032,"ACS"
"3123","One shore only","rare",111.111111111111,0.279202682573226,0.0501737996838032,"ACS"
"3124","One shore only","rare",116.161616161616,0.291220630166421,0.0501737996838032,"ACS"
"3125","One shore only","rare",121.212121212121,0.303168661289023,0.0501737996838032,"ACS"
"3126","One shore only","rare",126.262626262626,0.315046775941032,0.0501737996838032,"ACS"
"3127","One shore only","rare",131.313131313131,0.326854974122449,0.0501737996838032,"ACS"
"3128","One shore only","rare",136.363636363636,0.338593255833273,0.0501737996838032,"ACS"
"3129","One shore only","rare",141.414141414141,0.350261621073505,0.0501737996838032,"ACS"
"3130","One shore only","rare",146.464646464646,0.361860069843145,0.0501737996838032,"ACS"
"3131","One shore only","rare",151.515151515152,0.373388602142191,0.0501737996838032,"ACS"
"3132","One shore only","rare",156.565656565657,0.384847217970645,0.0501737996838032,"ACS"
"3133","One shore only","rare",161.616161616162,0.396235917328507,0.0501737996838032,"ACS"
"3134","One shore only","rare",166.666666666667,0.407554700215776,0.0501737996838032,"ACS"
"3135","One shore only","rare",171.717171717172,0.418803566632453,0.0501737996838032,"ACS"
"3136","One shore only","rare",176.767676767677,0.429982516578537,0.0501737996838032,"ACS"
"3137","One shore only","rare",181.818181818182,0.441091550054028,0.0501737996838032,"ACS"
"3138","One shore only","rare",186.868686868687,0.452130667058927,0.0501737996838032,"ACS"
"3139","One shore only","rare",191.919191919192,0.463099867593233,0.0501737996838032,"ACS"
"3140","One shore only","rare",196.969696969697,0.473999151656947,0.0501737996838032,"ACS"
"3141","One shore only","rare",202.020202020202,0.484828519250068,0.0501737996838032,"ACS"
"3142","One shore only","rare",207.070707070707,0.495587970372597,0.0501737996838032,"ACS"
"3143","One shore only","rare",212.121212121212,0.506277505024533,0.0501737996838032,"ACS"
"3144","One shore only","rare",217.171717171717,0.516897123205877,0.0501737996838032,"ACS"
"3145","One shore only","rare",222.222222222222,0.527446824916628,0.0501737996838032,"ACS"
"3146","One shore only","rare",227.272727272727,0.537926610156786,0.0501737996838032,"ACS"
"3147","One shore only","rare",232.323232323232,0.548336478926352,0.0501737996838032,"ACS"
"3148","One shore only","rare",237.373737373737,0.558676431225326,0.0501737996838032,"ACS"
"3149","One shore only","rare",242.424242424242,0.568946467053706,0.0501737996838032,"ACS"
"3150","One shore only","rare",247.474747474747,0.579146586411495,0.0501737996838032,"ACS"
"3151","One shore only","rare",252.525252525253,0.589276789298691,0.0501737996838032,"ACS"
"3152","One shore only","rare",257.575757575758,0.599337075715294,0.0501737996838032,"ACS"
"3153","One shore only","rare",262.626262626263,0.609327445661304,0.0501737996838032,"ACS"
"3154","One shore only","rare",267.676767676768,0.619247899136723,0.0501737996838032,"ACS"
"3155","One shore only","rare",272.727272727273,0.629098436141548,0.0501737996838032,"ACS"
"3156","One shore only","rare",277.777777777778,0.638879056675781,0.0501737996838032,"ACS"
"3157","One shore only","rare",282.828282828283,0.648589760739422,0.0501737996838032,"ACS"
"3158","One shore only","rare",287.878787878788,0.658230548332469,0.0501737996838032,"ACS"
"3159","One shore only","rare",292.929292929293,0.667801419454925,0.0501737996838032,"ACS"
"3160","One shore only","rare",297.979797979798,0.677302374106788,0.0501737996838032,"ACS"
"3161","One shore only","rare",303.030303030303,0.686733412288058,0.0501737996838032,"ACS"
"3162","One shore only","rare",308.080808080808,0.696094533998736,0.0501737996838032,"ACS"
"3163","One shore only","rare",313.131313131313,0.705385739238821,0.0501737996838032,"ACS"
"3164","One shore only","rare",318.181818181818,0.714607028008313,0.0501737996838032,"ACS"
"3165","One shore only","rare",323.232323232323,0.723758400307213,0.0501737996838032,"ACS"
"3166","One shore only","rare",328.282828282828,0.732839856135521,0.0501737996838032,"ACS"
"3167","One shore only","rare",333.333333333333,0.741851395493236,0.0501737996838032,"ACS"
"3168","One shore only","rare",338.383838383838,0.750793018380358,0.0501737996838032,"ACS"
"3169","One shore only","rare",343.434343434343,0.759664724796888,0.0501737996838032,"ACS"
"3170","One shore only","rare",348.484848484848,0.768466514742826,0.0501737996838032,"ACS"
"3171","One shore only","rare",353.535353535354,0.77719838821817,0.0501737996838032,"ACS"
"3172","One shore only","rare",358.585858585859,0.785860345222922,0.0501737996838032,"ACS"
"3173","One shore only","rare",363.636363636364,0.794452385757082,0.0501737996838032,"ACS"
"3174","One shore only","rare",368.686868686869,0.802974509820649,0.0501737996838032,"ACS"
"3175","One shore only","rare",373.737373737374,0.811426717413624,0.0501737996838032,"ACS"
"3176","One shore only","rare",378.787878787879,0.819809008536006,0.0501737996838032,"ACS"
"3177","One shore only","rare",383.838383838384,0.828121383187795,0.0501737996838032,"ACS"
"3178","One shore only","rare",388.888888888889,0.836363841368993,0.0501737996838032,"ACS"
"3179","One shore only","rare",393.939393939394,0.844536383079597,0.0501737996838032,"ACS"
"3180","One shore only","rare",398.989898989899,0.852639008319609,0.0501737996838032,"ACS"
"3181","One shore only","rare",404.040404040404,0.860671717089028,0.0501737996838032,"ACS"
"3182","One shore only","rare",409.090909090909,0.868634509387855,0.0501737996838032,"ACS"
"3183","One shore only","rare",414.141414141414,0.876527385216089,0.0501737996838032,"ACS"
"3184","One shore only","rare",419.191919191919,0.884350344573731,0.0501737996838032,"ACS"
"3185","One shore only","rare",424.242424242424,0.89210338746078,0.0501737996838032,"ACS"
"3186","One shore only","rare",429.292929292929,0.899786513877236,0.0501737996838032,"ACS"
"3187","One shore only","rare",434.343434343434,0.9073997238231,0.0501737996838032,"ACS"
"3188","One shore only","rare",439.393939393939,0.914943017298372,0.0501737996838032,"ACS"
"3189","One shore only","rare",444.444444444444,0.922416394303051,0.0501737996838032,"ACS"
"3190","One shore only","rare",449.494949494949,0.929819854837137,0.0501737996838032,"ACS"
"3191","One shore only","rare",454.545454545455,0.937153398900631,0.0501737996838032,"ACS"
"3192","One shore only","rare",459.59595959596,0.944417026493532,0.0501737996838032,"ACS"
"3193","One shore only","rare",464.646464646465,0.951610737615841,0.0501737996838032,"ACS"
"3194","One shore only","rare",469.69696969697,0.958734532267557,0.0501737996838032,"ACS"
"3195","One shore only","rare",474.747474747475,0.965788410448681,0.0501737996838032,"ACS"
"3196","One shore only","rare",479.79797979798,0.972772372159212,0.0501737996838032,"ACS"
"3197","One shore only","rare",484.848484848485,0.97968641739915,0.0501737996838032,"ACS"
"3198","One shore only","rare",489.89898989899,0.986530546168496,0.0501737996838032,"ACS"
"3199","One shore only","rare",494.949494949495,0.99330475846725,0.0501737996838032,"ACS"
"3200","One shore only","rare",500,1.00000905429541,0.0501737996838032,"ACS"
"3201","One shore; 2 additional","common",0,-0.0273246979807472,0.0326609730635213,"ACS"
"3202","One shore; 2 additional","common",5.05050505050505,0.0112940065354099,0.0326609730635213,"ACS"
"3203","One shore; 2 additional","common",10.1010101010101,0.0493365790659477,0.0326609730635213,"ACS"
"3204","One shore; 2 additional","common",15.1515151515152,0.0868030196108661,0.0326609730635213,"ACS"
"3205","One shore; 2 additional","common",20.2020202020202,0.123693328170165,0.0326609730635213,"ACS"
"3206","One shore; 2 additional","common",25.2525252525253,0.160007504743844,0.0326609730635213,"ACS"
"3207","One shore; 2 additional","common",30.3030303030303,0.195745549331905,0.0326609730635213,"ACS"
"3208","One shore; 2 additional","common",35.3535353535353,0.230907461934345,0.0326609730635213,"ACS"
"3209","One shore; 2 additional","common",40.4040404040404,0.265493242551167,0.0326609730635213,"ACS"
"3210","One shore; 2 additional","common",45.4545454545455,0.299502891182368,0.0326609730635213,"ACS"
"3211","One shore; 2 additional","common",50.5050505050505,0.332936407827951,0.0326609730635213,"ACS"
"3212","One shore; 2 additional","common",55.5555555555556,0.365793792487914,0.0326609730635213,"ACS"
"3213","One shore; 2 additional","common",60.6060606060606,0.398075045162258,0.0326609730635213,"ACS"
"3214","One shore; 2 additional","common",65.6565656565656,0.429780165850982,0.0326609730635213,"ACS"
"3215","One shore; 2 additional","common",70.7070707070707,0.460909154554087,0.0326609730635213,"ACS"
"3216","One shore; 2 additional","common",75.7575757575758,0.491462011271572,0.0326609730635213,"ACS"
"3217","One shore; 2 additional","common",80.8080808080808,0.521438736003438,0.0326609730635213,"ACS"
"3218","One shore; 2 additional","common",85.8585858585859,0.550839328749685,0.0326609730635213,"ACS"
"3219","One shore; 2 additional","common",90.9090909090909,0.579663789510312,0.0326609730635213,"ACS"
"3220","One shore; 2 additional","common",95.959595959596,0.60791211828532,0.0326609730635213,"ACS"
"3221","One shore; 2 additional","common",101.010101010101,0.635584315074708,0.0326609730635213,"ACS"
"3222","One shore; 2 additional","common",106.060606060606,0.662680379878477,0.0326609730635213,"ACS"
"3223","One shore; 2 additional","common",111.111111111111,0.689200312696627,0.0326609730635213,"ACS"
"3224","One shore; 2 additional","common",116.161616161616,0.715144113529157,0.0326609730635213,"ACS"
"3225","One shore; 2 additional","common",121.212121212121,0.740511782376067,0.0326609730635213,"ACS"
"3226","One shore; 2 additional","common",126.262626262626,0.765303319237359,0.0326609730635213,"ACS"
"3227","One shore; 2 additional","common",131.313131313131,0.789518724113031,0.0326609730635213,"ACS"
"3228","One shore; 2 additional","common",136.363636363636,0.813157997003083,0.0326609730635213,"ACS"
"3229","One shore; 2 additional","common",141.414141414141,0.836221137907516,0.0326609730635213,"ACS"
"3230","One shore; 2 additional","common",146.464646464646,0.85870814682633,0.0326609730635213,"ACS"
"3231","One shore; 2 additional","common",151.515151515152,0.880619023759524,0.0326609730635213,"ACS"
"3232","One shore; 2 additional","common",156.565656565657,0.901953768707099,0.0326609730635213,"ACS"
"3233","One shore; 2 additional","common",161.616161616162,0.922712381669055,0.0326609730635213,"ACS"
"3234","One shore; 2 additional","common",166.666666666667,0.942894862645391,0.0326609730635213,"ACS"
"3235","One shore; 2 additional","common",171.717171717172,0.962501211636107,0.0326609730635213,"ACS"
"3236","One shore; 2 additional","common",176.767676767677,0.981531428641204,0.0326609730635213,"ACS"
"3237","One shore; 2 additional","common",181.818181818182,0.999985513660682,0.0326609730635213,"ACS"
"3238","One shore; 2 additional","common",186.868686868687,1.01786346669454,0.0326609730635213,"ACS"
"3239","One shore; 2 additional","common",191.919191919192,1.03516528774278,0.0326609730635213,"ACS"
"3240","One shore; 2 additional","common",196.969696969697,1.0518909768054,0.0326609730635213,"ACS"
"3241","One shore; 2 additional","common",202.020202020202,1.0680405338824,0.0326609730635213,"ACS"
"3242","One shore; 2 additional","common",207.070707070707,1.08361395897378,0.0326609730635213,"ACS"
"3243","One shore; 2 additional","common",212.121212121212,1.09861125207954,0.0326609730635213,"ACS"
"3244","One shore; 2 additional","common",217.171717171717,1.11303241319968,0.0326609730635213,"ACS"
"3245","One shore; 2 additional","common",222.222222222222,1.12687744233421,0.0326609730635213,"ACS"
"3246","One shore; 2 additional","common",227.272727272727,1.14014633948311,0.0326609730635213,"ACS"
"3247","One shore; 2 additional","common",232.323232323232,1.15283910464639,0.0326609730635213,"ACS"
"3248","One shore; 2 additional","common",237.373737373737,1.16495573782406,0.0326609730635213,"ACS"
"3249","One shore; 2 additional","common",242.424242424242,1.1764962390161,0.0326609730635213,"ACS"
"3250","One shore; 2 additional","common",247.474747474747,1.18746060822253,0.0326609730635213,"ACS"
"3251","One shore; 2 additional","common",252.525252525253,1.19784884544333,0.0326609730635213,"ACS"
"3252","One shore; 2 additional","common",257.575757575758,1.20766095067852,0.0326609730635213,"ACS"
"3253","One shore; 2 additional","common",262.626262626263,1.21689692392809,0.0326609730635213,"ACS"
"3254","One shore; 2 additional","common",267.676767676768,1.22555676519204,0.0326609730635213,"ACS"
"3255","One shore; 2 additional","common",272.727272727273,1.23364047447036,0.0326609730635213,"ACS"
"3256","One shore; 2 additional","common",277.777777777778,1.24114805176307,0.0326609730635213,"ACS"
"3257","One shore; 2 additional","common",282.828282828283,1.24807949707016,0.0326609730635213,"ACS"
"3258","One shore; 2 additional","common",287.878787878788,1.25443481039163,0.0326609730635213,"ACS"
"3259","One shore; 2 additional","common",292.929292929293,1.26021399172748,0.0326609730635213,"ACS"
"3260","One shore; 2 additional","common",297.979797979798,1.26541704107772,0.0326609730635213,"ACS"
"3261","One shore; 2 additional","common",303.030303030303,1.27004395844233,0.0326609730635213,"ACS"
"3262","One shore; 2 additional","common",308.080808080808,1.27409474382132,0.0326609730635213,"ACS"
"3263","One shore; 2 additional","common",313.131313131313,1.27756939721469,0.0326609730635213,"ACS"
"3264","One shore; 2 additional","common",318.181818181818,1.28046791862245,0.0326609730635213,"ACS"
"3265","One shore; 2 additional","common",323.232323232323,1.28279030804458,0.0326609730635213,"ACS"
"3266","One shore; 2 additional","common",328.282828282828,1.2845365654811,0.0326609730635213,"ACS"
"3267","One shore; 2 additional","common",333.333333333333,1.28570669093199,0.0326609730635213,"ACS"
"3268","One shore; 2 additional","common",338.383838383838,1.28630068439727,0.0326609730635213,"ACS"
"3269","One shore; 2 additional","common",343.434343434343,1.28631854587692,0.0326609730635213,"ACS"
"3270","One shore; 2 additional","common",348.484848484848,1.28576027537096,0.0326609730635213,"ACS"
"3271","One shore; 2 additional","common",353.535353535354,1.28462587287938,0.0326609730635213,"ACS"
"3272","One shore; 2 additional","common",358.585858585859,1.28291533840218,0.0326609730635213,"ACS"
"3273","One shore; 2 additional","common",363.636363636364,1.28062867193936,0.0326609730635213,"ACS"
"3274","One shore; 2 additional","common",368.686868686869,1.27776587349092,0.0326609730635213,"ACS"
"3275","One shore; 2 additional","common",373.737373737374,1.27432694305686,0.0326609730635213,"ACS"
"3276","One shore; 2 additional","common",378.787878787879,1.27031188063718,0.0326609730635213,"ACS"
"3277","One shore; 2 additional","common",383.838383838384,1.26572068623188,0.0326609730635213,"ACS"
"3278","One shore; 2 additional","common",388.888888888889,1.26055335984096,0.0326609730635213,"ACS"
"3279","One shore; 2 additional","common",393.939393939394,1.25480990146442,0.0326609730635213,"ACS"
"3280","One shore; 2 additional","common",398.989898989899,1.24849031110227,0.0326609730635213,"ACS"
"3281","One shore; 2 additional","common",404.040404040404,1.24159458875449,0.0326609730635213,"ACS"
"3282","One shore; 2 additional","common",409.090909090909,1.2341227344211,0.0326609730635213,"ACS"
"3283","One shore; 2 additional","common",414.141414141414,1.22607474810208,0.0326609730635213,"ACS"
"3284","One shore; 2 additional","common",419.191919191919,1.21745062979745,0.0326609730635213,"ACS"
"3285","One shore; 2 additional","common",424.242424242424,1.20825037950719,0.0326609730635213,"ACS"
"3286","One shore; 2 additional","common",429.292929292929,1.19847399723132,0.0326609730635213,"ACS"
"3287","One shore; 2 additional","common",434.343434343434,1.18812148296983,0.0326609730635213,"ACS"
"3288","One shore; 2 additional","common",439.393939393939,1.17719283672271,0.0326609730635213,"ACS"
"3289","One shore; 2 additional","common",444.444444444444,1.16568805848998,0.0326609730635213,"ACS"
"3290","One shore; 2 additional","common",449.494949494949,1.15360714827163,0.0326609730635213,"ACS"
"3291","One shore; 2 additional","common",454.545454545455,1.14095010606766,0.0326609730635213,"ACS"
"3292","One shore; 2 additional","common",459.59595959596,1.12771693187807,0.0326609730635213,"ACS"
"3293","One shore; 2 additional","common",464.646464646465,1.11390762570286,0.0326609730635213,"ACS"
"3294","One shore; 2 additional","common",469.69696969697,1.09952218754203,0.0326609730635213,"ACS"
"3295","One shore; 2 additional","common",474.747474747475,1.08456061739559,0.0326609730635213,"ACS"
"3296","One shore; 2 additional","common",479.79797979798,1.06902291526352,0.0326609730635213,"ACS"
"3297","One shore; 2 additional","common",484.848484848485,1.05290908114583,0.0326609730635213,"ACS"
"3298","One shore; 2 additional","common",489.89898989899,1.03621911504253,0.0326609730635213,"ACS"
"3299","One shore; 2 additional","common",494.949494949495,1.0189530169536,0.0326609730635213,"ACS"
"3300","One shore; 2 additional","common",500,1.00111078687906,0.0326609730635213,"ACS"
"3301","One shore; 2 additional","rare",0,0.00085109302844491,0.0478594997593405,"ACS"
"3302","One shore; 2 additional","rare",5.05050505050505,0.0119813186385519,0.0478594997593405,"ACS"
"3303","One shore; 2 additional","rare",10.1010101010101,0.0230903653278748,0.0478594997593405,"ACS"
"3304","One shore; 2 additional","rare",15.1515151515152,0.0341782330964136,0.0478594997593405,"ACS"
"3305","One shore; 2 additional","rare",20.2020202020202,0.0452449219441683,0.0478594997593405,"ACS"
"3306","One shore; 2 additional","rare",25.2525252525253,0.0562904318711388,0.0478594997593405,"ACS"
"3307","One shore; 2 additional","rare",30.3030303030303,0.0673147628773253,0.0478594997593405,"ACS"
"3308","One shore; 2 additional","rare",35.3535353535353,0.0783179149627277,0.0478594997593405,"ACS"
"3309","One shore; 2 additional","rare",40.4040404040404,0.0892998881273459,0.0478594997593405,"ACS"
"3310","One shore; 2 additional","rare",45.4545454545455,0.10026068237118,0.0478594997593405,"ACS"
"3311","One shore; 2 additional","rare",50.5050505050505,0.11120029769423,0.0478594997593405,"ACS"
"3312","One shore; 2 additional","rare",55.5555555555556,0.122118734096496,0.0478594997593405,"ACS"
"3313","One shore; 2 additional","rare",60.6060606060606,0.133015991577978,0.0478594997593405,"ACS"
"3314","One shore; 2 additional","rare",65.6565656565656,0.143892070138676,0.0478594997593405,"ACS"
"3315","One shore; 2 additional","rare",70.7070707070707,0.154746969778589,0.0478594997593405,"ACS"
"3316","One shore; 2 additional","rare",75.7575757575758,0.165580690497719,0.0478594997593405,"ACS"
"3317","One shore; 2 additional","rare",80.8080808080808,0.176393232296064,0.0478594997593405,"ACS"
"3318","One shore; 2 additional","rare",85.8585858585859,0.187184595173626,0.0478594997593405,"ACS"
"3319","One shore; 2 additional","rare",90.9090909090909,0.197954779130403,0.0478594997593405,"ACS"
"3320","One shore; 2 additional","rare",95.959595959596,0.208703784166396,0.0478594997593405,"ACS"
"3321","One shore; 2 additional","rare",101.010101010101,0.219431610281605,0.0478594997593405,"ACS"
"3322","One shore; 2 additional","rare",106.060606060606,0.23013825747603,0.0478594997593405,"ACS"
"3323","One shore; 2 additional","rare",111.111111111111,0.240823725749671,0.0478594997593405,"ACS"
"3324","One shore; 2 additional","rare",116.161616161616,0.251488015102527,0.0478594997593405,"ACS"
"3325","One shore; 2 additional","rare",121.212121212121,0.2621311255346,0.0478594997593405,"ACS"
"3326","One shore; 2 additional","rare",126.262626262626,0.272753057045889,0.0478594997593405,"ACS"
"3327","One shore; 2 additional","rare",131.313131313131,0.283353809636393,0.0478594997593405,"ACS"
"3328","One shore; 2 additional","rare",136.363636363636,0.293933383306113,0.0478594997593405,"ACS"
"3329","One shore; 2 additional","rare",141.414141414141,0.304491778055049,0.0478594997593405,"ACS"
"3330","One shore; 2 additional","rare",146.464646464646,0.315028993883202,0.0478594997593405,"ACS"
"3331","One shore; 2 additional","rare",151.515151515152,0.32554503079057,0.0478594997593405,"ACS"
"3332","One shore; 2 additional","rare",156.565656565657,0.336039888777153,0.0478594997593405,"ACS"
"3333","One shore; 2 additional","rare",161.616161616162,0.346513567842953,0.0478594997593405,"ACS"
"3334","One shore; 2 additional","rare",166.666666666667,0.356966067987969,0.0478594997593405,"ACS"
"3335","One shore; 2 additional","rare",171.717171717172,0.3673973892122,0.0478594997593405,"ACS"
"3336","One shore; 2 additional","rare",176.767676767677,0.377807531515648,0.0478594997593405,"ACS"
"3337","One shore; 2 additional","rare",181.818181818182,0.388196494898311,0.0478594997593405,"ACS"
"3338","One shore; 2 additional","rare",186.868686868687,0.398564279360191,0.0478594997593405,"ACS"
"3339","One shore; 2 additional","rare",191.919191919192,0.408910884901286,0.0478594997593405,"ACS"
"3340","One shore; 2 additional","rare",196.969696969697,0.419236311521597,0.0478594997593405,"ACS"
"3341","One shore; 2 additional","rare",202.020202020202,0.429540559221124,0.0478594997593405,"ACS"
"3342","One shore; 2 additional","rare",207.070707070707,0.439823627999867,0.0478594997593405,"ACS"
"3343","One shore; 2 additional","rare",212.121212121212,0.450085517857825,0.0478594997593405,"ACS"
"3344","One shore; 2 additional","rare",217.171717171717,0.460326228795,0.0478594997593405,"ACS"
"3345","One shore; 2 additional","rare",222.222222222222,0.47054576081139,0.0478594997593405,"ACS"
"3346","One shore; 2 additional","rare",227.272727272727,0.480744113906997,0.0478594997593405,"ACS"
"3347","One shore; 2 additional","rare",232.323232323232,0.490921288081819,0.0478594997593405,"ACS"
"3348","One shore; 2 additional","rare",237.373737373737,0.501077283335857,0.0478594997593405,"ACS"
"3349","One shore; 2 additional","rare",242.424242424242,0.511212099669111,0.0478594997593405,"ACS"
"3350","One shore; 2 additional","rare",247.474747474747,0.521325737081581,0.0478594997593405,"ACS"
"3351","One shore; 2 additional","rare",252.525252525253,0.531418195573267,0.0478594997593405,"ACS"
"3352","One shore; 2 additional","rare",257.575757575758,0.541489475144169,0.0478594997593405,"ACS"
"3353","One shore; 2 additional","rare",262.626262626263,0.551539575794287,0.0478594997593405,"ACS"
"3354","One shore; 2 additional","rare",267.676767676768,0.56156849752362,0.0478594997593405,"ACS"
"3355","One shore; 2 additional","rare",272.727272727273,0.57157624033217,0.0478594997593405,"ACS"
"3356","One shore; 2 additional","rare",277.777777777778,0.581562804219935,0.0478594997593405,"ACS"
"3357","One shore; 2 additional","rare",282.828282828283,0.591528189186917,0.0478594997593405,"ACS"
"3358","One shore; 2 additional","rare",287.878787878788,0.601472395233114,0.0478594997593405,"ACS"
"3359","One shore; 2 additional","rare",292.929292929293,0.611395422358527,0.0478594997593405,"ACS"
"3360","One shore; 2 additional","rare",297.979797979798,0.621297270563156,0.0478594997593405,"ACS"
"3361","One shore; 2 additional","rare",303.030303030303,0.631177939847001,0.0478594997593405,"ACS"
"3362","One shore; 2 additional","rare",308.080808080808,0.641037430210061,0.0478594997593405,"ACS"
"3363","One shore; 2 additional","rare",313.131313131313,0.650875741652338,0.0478594997593405,"ACS"
"3364","One shore; 2 additional","rare",318.181818181818,0.660692874173831,0.0478594997593405,"ACS"
"3365","One shore; 2 additional","rare",323.232323232323,0.670488827774539,0.0478594997593405,"ACS"
"3366","One shore; 2 additional","rare",328.282828282828,0.680263602454463,0.0478594997593405,"ACS"
"3367","One shore; 2 additional","rare",333.333333333333,0.690017198213604,0.0478594997593405,"ACS"
"3368","One shore; 2 additional","rare",338.383838383838,0.69974961505196,0.0478594997593405,"ACS"
"3369","One shore; 2 additional","rare",343.434343434343,0.709460852969532,0.0478594997593405,"ACS"
"3370","One shore; 2 additional","rare",348.484848484848,0.71915091196632,0.0478594997593405,"ACS"
"3371","One shore; 2 additional","rare",353.535353535354,0.728819792042324,0.0478594997593405,"ACS"
"3372","One shore; 2 additional","rare",358.585858585859,0.738467493197543,0.0478594997593405,"ACS"
"3373","One shore; 2 additional","rare",363.636363636364,0.748094015431979,0.0478594997593405,"ACS"
"3374","One shore; 2 additional","rare",368.686868686869,0.75769935874563,0.0478594997593405,"ACS"
"3375","One shore; 2 additional","rare",373.737373737374,0.767283523138498,0.0478594997593405,"ACS"
"3376","One shore; 2 additional","rare",378.787878787879,0.776846508610581,0.0478594997593405,"ACS"
"3377","One shore; 2 additional","rare",383.838383838384,0.78638831516188,0.0478594997593405,"ACS"
"3378","One shore; 2 additional","rare",388.888888888889,0.795908942792395,0.0478594997593405,"ACS"
"3379","One shore; 2 additional","rare",393.939393939394,0.805408391502127,0.0478594997593405,"ACS"
"3380","One shore; 2 additional","rare",398.989898989899,0.814886661291074,0.0478594997593405,"ACS"
"3381","One shore; 2 additional","rare",404.040404040404,0.824343752159236,0.0478594997593405,"ACS"
"3382","One shore; 2 additional","rare",409.090909090909,0.833779664106615,0.0478594997593405,"ACS"
"3383","One shore; 2 additional","rare",414.141414141414,0.84319439713321,0.0478594997593405,"ACS"
"3384","One shore; 2 additional","rare",419.191919191919,0.85258795123902,0.0478594997593405,"ACS"
"3385","One shore; 2 additional","rare",424.242424242424,0.861960326424046,0.0478594997593405,"ACS"
"3386","One shore; 2 additional","rare",429.292929292929,0.871311522688289,0.0478594997593405,"ACS"
"3387","One shore; 2 additional","rare",434.343434343434,0.880641540031747,0.0478594997593405,"ACS"
"3388","One shore; 2 additional","rare",439.393939393939,0.889950378454421,0.0478594997593405,"ACS"
"3389","One shore; 2 additional","rare",444.444444444444,0.899238037956311,0.0478594997593405,"ACS"
"3390","One shore; 2 additional","rare",449.494949494949,0.908504518537417,0.0478594997593405,"ACS"
"3391","One shore; 2 additional","rare",454.545454545455,0.917749820197738,0.0478594997593405,"ACS"
"3392","One shore; 2 additional","rare",459.59595959596,0.926973942937276,0.0478594997593405,"ACS"
"3393","One shore; 2 additional","rare",464.646464646465,0.93617688675603,0.0478594997593405,"ACS"
"3394","One shore; 2 additional","rare",469.69696969697,0.945358651653999,0.0478594997593405,"ACS"
"3395","One shore; 2 additional","rare",474.747474747475,0.954519237631184,0.0478594997593405,"ACS"
"3396","One shore; 2 additional","rare",479.79797979798,0.963658644687586,0.0478594997593405,"ACS"
"3397","One shore; 2 additional","rare",484.848484848485,0.972776872823203,0.0478594997593405,"ACS"
"3398","One shore; 2 additional","rare",489.89898989899,0.981873922038036,0.0478594997593405,"ACS"
"3399","One shore; 2 additional","rare",494.949494949495,0.990949792332085,0.0478594997593405,"ACS"
"3400","One shore; 2 additional","rare",500,1.00000448370535,0.0478594997593405,"ACS"
"3401","One shore; one middle","common",0,-0.0346890469279401,0.0435999484328936,"ACS"
"3402","One shore; one middle","common",5.05050505050505,0.000975922499786258,0.0435999484328936,"ACS"
"3403","One shore; one middle","common",10.1010101010101,0.0361267849890523,0.0435999484328936,"ACS"
"3404","One shore; one middle","common",15.1515151515152,0.0707635405398578,0.0435999484328936,"ACS"
"3405","One shore; one middle","common",20.2020202020202,0.104886189152203,0.0435999484328936,"ACS"
"3406","One shore; one middle","common",25.2525252525253,0.138494730826088,0.0435999484328936,"ACS"
"3407","One shore; one middle","common",30.3030303030303,0.171589165561513,0.0435999484328936,"ACS"
"3408","One shore; one middle","common",35.3535353535353,0.204169493358477,0.0435999484328936,"ACS"
"3409","One shore; one middle","common",40.4040404040404,0.236235714216981,0.0435999484328936,"ACS"
"3410","One shore; one middle","common",45.4545454545455,0.267787828137024,0.0435999484328936,"ACS"
"3411","One shore; one middle","common",50.5050505050505,0.298825835118607,0.0435999484328936,"ACS"
"3412","One shore; one middle","common",55.5555555555556,0.32934973516173,0.0435999484328936,"ACS"
"3413","One shore; one middle","common",60.6060606060606,0.359359528266392,0.0435999484328936,"ACS"
"3414","One shore; one middle","common",65.6565656565656,0.388855214432594,0.0435999484328936,"ACS"
"3415","One shore; one middle","common",70.7070707070707,0.417836793660336,0.0435999484328936,"ACS"
"3416","One shore; one middle","common",75.7575757575758,0.446304265949617,0.0435999484328936,"ACS"
"3417","One shore; one middle","common",80.8080808080808,0.474257631300438,0.0435999484328936,"ACS"
"3418","One shore; one middle","common",85.8585858585859,0.501696889712799,0.0435999484328936,"ACS"
"3419","One shore; one middle","common",90.9090909090909,0.528622041186699,0.0435999484328936,"ACS"
"3420","One shore; one middle","common",95.959595959596,0.555033085722139,0.0435999484328936,"ACS"
"3421","One shore; one middle","common",101.010101010101,0.580930023319118,0.0435999484328936,"ACS"
"3422","One shore; one middle","common",106.060606060606,0.606312853977637,0.0435999484328936,"ACS"
"3423","One shore; one middle","common",111.111111111111,0.631181577697696,0.0435999484328936,"ACS"
"3424","One shore; one middle","common",116.161616161616,0.655536194479295,0.0435999484328936,"ACS"
"3425","One shore; one middle","common",121.212121212121,0.679376704322433,0.0435999484328936,"ACS"
"3426","One shore; one middle","common",126.262626262626,0.70270310722711,0.0435999484328936,"ACS"
"3427","One shore; one middle","common",131.313131313131,0.725515403193328,0.0435999484328936,"ACS"
"3428","One shore; one middle","common",136.363636363636,0.747813592221085,0.0435999484328936,"ACS"
"3429","One shore; one middle","common",141.414141414141,0.769597674310381,0.0435999484328936,"ACS"
"3430","One shore; one middle","common",146.464646464646,0.790867649461217,0.0435999484328936,"ACS"
"3431","One shore; one middle","common",151.515151515152,0.811623517673593,0.0435999484328936,"ACS"
"3432","One shore; one middle","common",156.565656565657,0.831865278947509,0.0435999484328936,"ACS"
"3433","One shore; one middle","common",161.616161616162,0.851592933282964,0.0435999484328936,"ACS"
"3434","One shore; one middle","common",166.666666666667,0.870806480679959,0.0435999484328936,"ACS"
"3435","One shore; one middle","common",171.717171717172,0.889505921138493,0.0435999484328936,"ACS"
"3436","One shore; one middle","common",176.767676767677,0.907691254658567,0.0435999484328936,"ACS"
"3437","One shore; one middle","common",181.818181818182,0.925362481240181,0.0435999484328936,"ACS"
"3438","One shore; one middle","common",186.868686868687,0.942519600883335,0.0435999484328936,"ACS"
"3439","One shore; one middle","common",191.919191919192,0.959162613588028,0.0435999484328936,"ACS"
"3440","One shore; one middle","common",196.969696969697,0.97529151935426,0.0435999484328936,"ACS"
"3441","One shore; one middle","common",202.020202020202,0.990906318182033,0.0435999484328936,"ACS"
"3442","One shore; one middle","common",207.070707070707,1.00600701007134,0.0435999484328936,"ACS"
"3443","One shore; one middle","common",212.121212121212,1.0205935950222,0.0435999484328936,"ACS"
"3444","One shore; one middle","common",217.171717171717,1.03466607303459,0.0435999484328936,"ACS"
"3445","One shore; one middle","common",222.222222222222,1.04822444410852,0.0435999484328936,"ACS"
"3446","One shore; one middle","common",227.272727272727,1.06126870824399,0.0435999484328936,"ACS"
"3447","One shore; one middle","common",232.323232323232,1.073798865441,0.0435999484328936,"ACS"
"3448","One shore; one middle","common",237.373737373737,1.08581491569955,0.0435999484328936,"ACS"
"3449","One shore; one middle","common",242.424242424242,1.09731685901964,0.0435999484328936,"ACS"
"3450","One shore; one middle","common",247.474747474747,1.10830469540127,0.0435999484328936,"ACS"
"3451","One shore; one middle","common",252.525252525253,1.11877842484444,0.0435999484328936,"ACS"
"3452","One shore; one middle","common",257.575757575758,1.12873804734914,0.0435999484328936,"ACS"
"3453","One shore; one middle","common",262.626262626263,1.13818356291539,0.0435999484328936,"ACS"
"3454","One shore; one middle","common",267.676767676768,1.14711497154318,0.0435999484328936,"ACS"
"3455","One shore; one middle","common",272.727272727273,1.15553227323251,0.0435999484328936,"ACS"
"3456","One shore; one middle","common",277.777777777778,1.16343546798337,0.0435999484328936,"ACS"
"3457","One shore; one middle","common",282.828282828283,1.17082455579578,0.0435999484328936,"ACS"
"3458","One shore; one middle","common",287.878787878788,1.17769953666973,0.0435999484328936,"ACS"
"3459","One shore; one middle","common",292.929292929293,1.18406041060521,0.0435999484328936,"ACS"
"3460","One shore; one middle","common",297.979797979798,1.18990717760224,0.0435999484328936,"ACS"
"3461","One shore; one middle","common",303.030303030303,1.1952398376608,0.0435999484328936,"ACS"
"3462","One shore; one middle","common",308.080808080808,1.20005839078091,0.0435999484328936,"ACS"
"3463","One shore; one middle","common",313.131313131313,1.20436283696255,0.0435999484328936,"ACS"
"3464","One shore; one middle","common",318.181818181818,1.20815317620574,0.0435999484328936,"ACS"
"3465","One shore; one middle","common",323.232323232323,1.21142940851046,0.0435999484328936,"ACS"
"3466","One shore; one middle","common",328.282828282828,1.21419153387672,0.0435999484328936,"ACS"
"3467","One shore; one middle","common",333.333333333333,1.21643955230453,0.0435999484328936,"ACS"
"3468","One shore; one middle","common",338.383838383838,1.21817346379387,0.0435999484328936,"ACS"
"3469","One shore; one middle","common",343.434343434343,1.21939326834475,0.0435999484328936,"ACS"
"3470","One shore; one middle","common",348.484848484848,1.22009896595717,0.0435999484328936,"ACS"
"3471","One shore; one middle","common",353.535353535354,1.22029055663113,0.0435999484328936,"ACS"
"3472","One shore; one middle","common",358.585858585859,1.21996804036664,0.0435999484328936,"ACS"
"3473","One shore; one middle","common",363.636363636364,1.21913141716368,0.0435999484328936,"ACS"
"3474","One shore; one middle","common",368.686868686869,1.21778068702226,0.0435999484328936,"ACS"
"3475","One shore; one middle","common",373.737373737374,1.21591584994238,0.0435999484328936,"ACS"
"3476","One shore; one middle","common",378.787878787879,1.21353690592404,0.0435999484328936,"ACS"
"3477","One shore; one middle","common",383.838383838384,1.21064385496724,0.0435999484328936,"ACS"
"3478","One shore; one middle","common",388.888888888889,1.20723669707197,0.0435999484328936,"ACS"
"3479","One shore; one middle","common",393.939393939394,1.20331543223825,0.0435999484328936,"ACS"
"3480","One shore; one middle","common",398.989898989899,1.19888006046607,0.0435999484328936,"ACS"
"3481","One shore; one middle","common",404.040404040404,1.19393058175543,0.0435999484328936,"ACS"
"3482","One shore; one middle","common",409.090909090909,1.18846699610633,0.0435999484328936,"ACS"
"3483","One shore; one middle","common",414.141414141414,1.18248930351876,0.0435999484328936,"ACS"
"3484","One shore; one middle","common",419.191919191919,1.17599750399274,0.0435999484328936,"ACS"
"3485","One shore; one middle","common",424.242424242424,1.16899159752826,0.0435999484328936,"ACS"
"3486","One shore; one middle","common",429.292929292929,1.16147158412531,0.0435999484328936,"ACS"
"3487","One shore; one middle","common",434.343434343434,1.15343746378391,0.0435999484328936,"ACS"
"3488","One shore; one middle","common",439.393939393939,1.14488923650404,0.0435999484328936,"ACS"
"3489","One shore; one middle","common",444.444444444444,1.13582690228572,0.0435999484328936,"ACS"
"3490","One shore; one middle","common",449.494949494949,1.12625046112893,0.0435999484328936,"ACS"
"3491","One shore; one middle","common",454.545454545455,1.11615991303369,0.0435999484328936,"ACS"
"3492","One shore; one middle","common",459.59595959596,1.10555525799998,0.0435999484328936,"ACS"
"3493","One shore; one middle","common",464.646464646465,1.09443649602782,0.0435999484328936,"ACS"
"3494","One shore; one middle","common",469.69696969697,1.08280362711719,0.0435999484328936,"ACS"
"3495","One shore; one middle","common",474.747474747475,1.0706566512681,0.0435999484328936,"ACS"
"3496","One shore; one middle","common",479.79797979798,1.05799556848055,0.0435999484328936,"ACS"
"3497","One shore; one middle","common",484.848484848485,1.04482037875455,0.0435999484328936,"ACS"
"3498","One shore; one middle","common",489.89898989899,1.03113108209008,0.0435999484328936,"ACS"
"3499","One shore; one middle","common",494.949494949495,1.01692767848715,0.0435999484328936,"ACS"
"3500","One shore; one middle","common",500,1.00221016794576,0.0435999484328936,"ACS"
"3501","One shore; one middle","rare",0,-0.00490049598992171,0.0474039232602574,"ACS"
"3502","One shore; one middle","rare",5.05050505050505,0.00772781153693423,0.0474039232602574,"ACS"
"3503","One shore; one middle","rare",10.1010101010101,0.0203055540352008,0.0474039232602574,"ACS"
"3504","One shore; one middle","rare",15.1515151515152,0.0328327315048778,0.0474039232602574,"ACS"
"3505","One shore; one middle","rare",20.2020202020202,0.0453093439459654,0.0474039232602574,"ACS"
"3506","One shore; one middle","rare",25.2525252525253,0.0577353913584636,0.0474039232602574,"ACS"
"3507","One shore; one middle","rare",30.3030303030303,0.0701108737423724,0.0474039232602574,"ACS"
"3508","One shore; one middle","rare",35.3535353535353,0.0824357910976917,0.0474039232602574,"ACS"
"3509","One shore; one middle","rare",40.4040404040404,0.0947101434244216,0.0474039232602574,"ACS"
"3510","One shore; one middle","rare",45.4545454545455,0.106933930722562,0.0474039232602574,"ACS"
"3511","One shore; one middle","rare",50.5050505050505,0.119107152992113,0.0474039232602574,"ACS"
"3512","One shore; one middle","rare",55.5555555555556,0.131229810233075,0.0474039232602574,"ACS"
"3513","One shore; one middle","rare",60.6060606060606,0.143301902445447,0.0474039232602574,"ACS"
"3514","One shore; one middle","rare",65.6565656565656,0.155323429629229,0.0474039232602574,"ACS"
"3515","One shore; one middle","rare",70.7070707070707,0.167294391784423,0.0474039232602574,"ACS"
"3516","One shore; one middle","rare",75.7575757575758,0.179214788911026,0.0474039232602574,"ACS"
"3517","One shore; one middle","rare",80.8080808080808,0.191084621009041,0.0474039232602574,"ACS"
"3518","One shore; one middle","rare",85.8585858585859,0.202903888078466,0.0474039232602574,"ACS"
"3519","One shore; one middle","rare",90.9090909090909,0.214672590119301,0.0474039232602574,"ACS"
"3520","One shore; one middle","rare",95.959595959596,0.226390727131547,0.0474039232602574,"ACS"
"3521","One shore; one middle","rare",101.010101010101,0.238058299115204,0.0474039232602574,"ACS"
"3522","One shore; one middle","rare",106.060606060606,0.249675306070271,0.0474039232602574,"ACS"
"3523","One shore; one middle","rare",111.111111111111,0.261241747996749,0.0474039232602574,"ACS"
"3524","One shore; one middle","rare",116.161616161616,0.272757624894637,0.0474039232602574,"ACS"
"3525","One shore; one middle","rare",121.212121212121,0.284222936763936,0.0474039232602574,"ACS"
"3526","One shore; one middle","rare",126.262626262626,0.295637683604645,0.0474039232602574,"ACS"
"3527","One shore; one middle","rare",131.313131313131,0.307001865416765,0.0474039232602574,"ACS"
"3528","One shore; one middle","rare",136.363636363636,0.318315482200296,0.0474039232602574,"ACS"
"3529","One shore; one middle","rare",141.414141414141,0.329578533955237,0.0474039232602574,"ACS"
"3530","One shore; one middle","rare",146.464646464646,0.340791020681588,0.0474039232602574,"ACS"
"3531","One shore; one middle","rare",151.515151515152,0.35195294237935,0.0474039232602574,"ACS"
"3532","One shore; one middle","rare",156.565656565657,0.363064299048523,0.0474039232602574,"ACS"
"3533","One shore; one middle","rare",161.616161616162,0.374125090689106,0.0474039232602574,"ACS"
"3534","One shore; one middle","rare",166.666666666667,0.3851353173011,0.0474039232602574,"ACS"
"3535","One shore; one middle","rare",171.717171717172,0.396094978884505,0.0474039232602574,"ACS"
"3536","One shore; one middle","rare",176.767676767677,0.40700407543932,0.0474039232602574,"ACS"
"3537","One shore; one middle","rare",181.818181818182,0.417862606965545,0.0474039232602574,"ACS"
"3538","One shore; one middle","rare",186.868686868687,0.428670573463181,0.0474039232602574,"ACS"
"3539","One shore; one middle","rare",191.919191919192,0.439427974932228,0.0474039232602574,"ACS"
"3540","One shore; one middle","rare",196.969696969697,0.450134811372685,0.0474039232602574,"ACS"
"3541","One shore; one middle","rare",202.020202020202,0.460791082784553,0.0474039232602574,"ACS"
"3542","One shore; one middle","rare",207.070707070707,0.471396789167832,0.0474039232602574,"ACS"
"3543","One shore; one middle","rare",212.121212121212,0.48195193052252,0.0474039232602574,"ACS"
"3544","One shore; one middle","rare",217.171717171717,0.49245650684862,0.0474039232602574,"ACS"
"3545","One shore; one middle","rare",222.222222222222,0.50291051814613,0.0474039232602574,"ACS"
"3546","One shore; one middle","rare",227.272727272727,0.513313964415051,0.0474039232602574,"ACS"
"3547","One shore; one middle","rare",232.323232323232,0.523666845655382,0.0474039232602574,"ACS"
"3548","One shore; one middle","rare",237.373737373737,0.533969161867123,0.0474039232602574,"ACS"
"3549","One shore; one middle","rare",242.424242424242,0.544220913050276,0.0474039232602574,"ACS"
"3550","One shore; one middle","rare",247.474747474747,0.554422099204839,0.0474039232602574,"ACS"
"3551","One shore; one middle","rare",252.525252525253,0.564572720330812,0.0474039232602574,"ACS"
"3552","One shore; one middle","rare",257.575757575758,0.574672776428196,0.0474039232602574,"ACS"
"3553","One shore; one middle","rare",262.626262626263,0.58472226749699,0.0474039232602574,"ACS"
"3554","One shore; one middle","rare",267.676767676768,0.594721193537195,0.0474039232602574,"ACS"
"3555","One shore; one middle","rare",272.727272727273,0.604669554548811,0.0474039232602574,"ACS"
"3556","One shore; one middle","rare",277.777777777778,0.614567350531837,0.0474039232602574,"ACS"
"3557","One shore; one middle","rare",282.828282828283,0.624414581486274,0.0474039232602574,"ACS"
"3558","One shore; one middle","rare",287.878787878788,0.634211247412121,0.0474039232602574,"ACS"
"3559","One shore; one middle","rare",292.929292929293,0.643957348309379,0.0474039232602574,"ACS"
"3560","One shore; one middle","rare",297.979797979798,0.653652884178048,0.0474039232602574,"ACS"
"3561","One shore; one middle","rare",303.030303030303,0.663297855018127,0.0474039232602574,"ACS"
"3562","One shore; one middle","rare",308.080808080808,0.672892260829616,0.0474039232602574,"ACS"
"3563","One shore; one middle","rare",313.131313131313,0.682436101612516,0.0474039232602574,"ACS"
"3564","One shore; one middle","rare",318.181818181818,0.691929377366827,0.0474039232602574,"ACS"
"3565","One shore; one middle","rare",323.232323232323,0.701372088092548,0.0474039232602574,"ACS"
"3566","One shore; one middle","rare",328.282828282828,0.71076423378968,0.0474039232602574,"ACS"
"3567","One shore; one middle","rare",333.333333333333,0.720105814458222,0.0474039232602574,"ACS"
"3568","One shore; one middle","rare",338.383838383838,0.729396830098175,0.0474039232602574,"ACS"
"3569","One shore; one middle","rare",343.434343434343,0.738637280709539,0.0474039232602574,"ACS"
"3570","One shore; one middle","rare",348.484848484848,0.747827166292313,0.0474039232602574,"ACS"
"3571","One shore; one middle","rare",353.535353535354,0.756966486846497,0.0474039232602574,"ACS"
"3572","One shore; one middle","rare",358.585858585859,0.766055242372093,0.0474039232602574,"ACS"
"3573","One shore; one middle","rare",363.636363636364,0.775093432869098,0.0474039232602574,"ACS"
"3574","One shore; one middle","rare",368.686868686869,0.784081058337515,0.0474039232602574,"ACS"
"3575","One shore; one middle","rare",373.737373737374,0.793018118777341,0.0474039232602574,"ACS"
"3576","One shore; one middle","rare",378.787878787879,0.801904614188579,0.0474039232602574,"ACS"
"3577","One shore; one middle","rare",383.838383838384,0.810740544571227,0.0474039232602574,"ACS"
"3578","One shore; one middle","rare",388.888888888889,0.819525909925285,0.0474039232602574,"ACS"
"3579","One shore; one middle","rare",393.939393939394,0.828260710250754,0.0474039232602574,"ACS"
"3580","One shore; one middle","rare",398.989898989899,0.836944945547634,0.0474039232602574,"ACS"
"3581","One shore; one middle","rare",404.040404040404,0.845578615815924,0.0474039232602574,"ACS"
"3582","One shore; one middle","rare",409.090909090909,0.854161721055625,0.0474039232602574,"ACS"
"3583","One shore; one middle","rare",414.141414141414,0.862694261266736,0.0474039232602574,"ACS"
"3584","One shore; one middle","rare",419.191919191919,0.871176236449258,0.0474039232602574,"ACS"
"3585","One shore; one middle","rare",424.242424242424,0.879607646603191,0.0474039232602574,"ACS"
"3586","One shore; one middle","rare",429.292929292929,0.887988491728534,0.0474039232602574,"ACS"
"3587","One shore; one middle","rare",434.343434343434,0.896318771825287,0.0474039232602574,"ACS"
"3588","One shore; one middle","rare",439.393939393939,0.904598486893451,0.0474039232602574,"ACS"
"3589","One shore; one middle","rare",444.444444444444,0.912827636933026,0.0474039232602574,"ACS"
"3590","One shore; one middle","rare",449.494949494949,0.921006221944011,0.0474039232602574,"ACS"
"3591","One shore; one middle","rare",454.545454545455,0.929134241926407,0.0474039232602574,"ACS"
"3592","One shore; one middle","rare",459.59595959596,0.937211696880213,0.0474039232602574,"ACS"
"3593","One shore; one middle","rare",464.646464646465,0.94523858680543,0.0474039232602574,"ACS"
"3594","One shore; one middle","rare",469.69696969697,0.953214911702058,0.0474039232602574,"ACS"
"3595","One shore; one middle","rare",474.747474747475,0.961140671570096,0.0474039232602574,"ACS"
"3596","One shore; one middle","rare",479.79797979798,0.969015866409544,0.0474039232602574,"ACS"
"3597","One shore; one middle","rare",484.848484848485,0.976840496220403,0.0474039232602574,"ACS"
"3598","One shore; one middle","rare",489.89898989899,0.984614561002673,0.0474039232602574,"ACS"
"3599","One shore; one middle","rare",494.949494949495,0.992338060756353,0.0474039232602574,"ACS"
"3600","One shore; one middle","rare",500,1.00001099548144,0.0474039232602574,"ACS"
"3601","One shore; one middle; 2 additional","common",0,-0.0361237751250104,0.0414628393419209,"ACS"
"3602","One shore; one middle; 2 additional","common",5.05050505050505,-0.00331945160234906,0.0414628393419209,"ACS"
"3603","One shore; one middle; 2 additional","common",10.1010101010101,0.0290296883862765,0.0414628393419209,"ACS"
"3604","One shore; one middle; 2 additional","common",15.1515151515152,0.0609236448408662,0.0414628393419209,"ACS"
"3605","One shore; one middle; 2 additional","common",20.2020202020202,0.0923624177614202,0.0414628393419209,"ACS"
"3606","One shore; one middle; 2 additional","common",25.2525252525253,0.123346007147938,0.0414628393419209,"ACS"
"3607","One shore; one middle; 2 additional","common",30.3030303030303,0.15387441300042,0.0414628393419209,"ACS"
"3608","One shore; one middle; 2 additional","common",35.3535353535353,0.183947635318867,0.0414628393419209,"ACS"
"3609","One shore; one middle; 2 additional","common",40.4040404040404,0.213565674103277,0.0414628393419209,"ACS"
"3610","One shore; one middle; 2 additional","common",45.4545454545455,0.242728529353652,0.0414628393419209,"ACS"
"3611","One shore; one middle; 2 additional","common",50.5050505050505,0.271436201069991,0.0414628393419209,"ACS"
"3612","One shore; one middle; 2 additional","common",55.5555555555556,0.299688689252294,0.0414628393419209,"ACS"
"3613","One shore; one middle; 2 additional","common",60.6060606060606,0.327485993900562,0.0414628393419209,"ACS"
"3614","One shore; one middle; 2 additional","common",65.6565656565656,0.354828115014793,0.0414628393419209,"ACS"
"3615","One shore; one middle; 2 additional","common",70.7070707070707,0.381715052594989,0.0414628393419209,"ACS"
"3616","One shore; one middle; 2 additional","common",75.7575757575758,0.408146806641148,0.0414628393419209,"ACS"
"3617","One shore; one middle; 2 additional","common",80.8080808080808,0.434123377153272,0.0414628393419209,"ACS"
"3618","One shore; one middle; 2 additional","common",85.8585858585859,0.459644764131361,0.0414628393419209,"ACS"
"3619","One shore; one middle; 2 additional","common",90.9090909090909,0.484710967575413,0.0414628393419209,"ACS"
"3620","One shore; one middle; 2 additional","common",95.959595959596,0.509321987485429,0.0414628393419209,"ACS"
"3621","One shore; one middle; 2 additional","common",101.010101010101,0.53347782386141,0.0414628393419209,"ACS"
"3622","One shore; one middle; 2 additional","common",106.060606060606,0.557178476703355,0.0414628393419209,"ACS"
"3623","One shore; one middle; 2 additional","common",111.111111111111,0.580423946011264,0.0414628393419209,"ACS"
"3624","One shore; one middle; 2 additional","common",116.161616161616,0.603214231785137,0.0414628393419209,"ACS"
"3625","One shore; one middle; 2 additional","common",121.212121212121,0.625549334024975,0.0414628393419209,"ACS"
"3626","One shore; one middle; 2 additional","common",126.262626262626,0.647429252730776,0.0414628393419209,"ACS"
"3627","One shore; one middle; 2 additional","common",131.313131313131,0.668853987902542,0.0414628393419209,"ACS"
"3628","One shore; one middle; 2 additional","common",136.363636363636,0.689823539540272,0.0414628393419209,"ACS"
"3629","One shore; one middle; 2 additional","common",141.414141414141,0.710337907643966,0.0414628393419209,"ACS"
"3630","One shore; one middle; 2 additional","common",146.464646464646,0.730397092213624,0.0414628393419209,"ACS"
"3631","One shore; one middle; 2 additional","common",151.515151515152,0.750001093249246,0.0414628393419209,"ACS"
"3632","One shore; one middle; 2 additional","common",156.565656565657,0.769149910750833,0.0414628393419209,"ACS"
"3633","One shore; one middle; 2 additional","common",161.616161616162,0.787843544718384,0.0414628393419209,"ACS"
"3634","One shore; one middle; 2 additional","common",166.666666666667,0.806081995151899,0.0414628393419209,"ACS"
"3635","One shore; one middle; 2 additional","common",171.717171717172,0.823865262051378,0.0414628393419209,"ACS"
"3636","One shore; one middle; 2 additional","common",176.767676767677,0.841193345416821,0.0414628393419209,"ACS"
"3637","One shore; one middle; 2 additional","common",181.818181818182,0.858066245248228,0.0414628393419209,"ACS"
"3638","One shore; one middle; 2 additional","common",186.868686868687,0.8744839615456,0.0414628393419209,"ACS"
"3639","One shore; one middle; 2 additional","common",191.919191919192,0.890446494308936,0.0414628393419209,"ACS"
"3640","One shore; one middle; 2 additional","common",196.969696969697,0.905953843538236,0.0414628393419209,"ACS"
"3641","One shore; one middle; 2 additional","common",202.020202020202,0.9210060092335,0.0414628393419209,"ACS"
"3642","One shore; one middle; 2 additional","common",207.070707070707,0.935602991394728,0.0414628393419209,"ACS"
"3643","One shore; one middle; 2 additional","common",212.121212121212,0.949744790021921,0.0414628393419209,"ACS"
"3644","One shore; one middle; 2 additional","common",217.171717171717,0.963431405115077,0.0414628393419209,"ACS"
"3645","One shore; one middle; 2 additional","common",222.222222222222,0.976662836674198,0.0414628393419209,"ACS"
"3646","One shore; one middle; 2 additional","common",227.272727272727,0.989439084699283,0.0414628393419209,"ACS"
"3647","One shore; one middle; 2 additional","common",232.323232323232,1.00176014919033,0.0414628393419209,"ACS"
"3648","One shore; one middle; 2 additional","common",237.373737373737,1.01362603014735,0.0414628393419209,"ACS"
"3649","One shore; one middle; 2 additional","common",242.424242424242,1.02503672757032,0.0414628393419209,"ACS"
"3650","One shore; one middle; 2 additional","common",247.474747474747,1.03599224145926,0.0414628393419209,"ACS"
"3651","One shore; one middle; 2 additional","common",252.525252525253,1.04649257181417,0.0414628393419209,"ACS"
"3652","One shore; one middle; 2 additional","common",257.575757575758,1.05653771863504,0.0414628393419209,"ACS"
"3653","One shore; one middle; 2 additional","common",262.626262626263,1.06612768192188,0.0414628393419209,"ACS"
"3654","One shore; one middle; 2 additional","common",267.676767676768,1.07526246167467,0.0414628393419209,"ACS"
"3655","One shore; one middle; 2 additional","common",272.727272727273,1.08394205789344,0.0414628393419209,"ACS"
"3656","One shore; one middle; 2 additional","common",277.777777777778,1.09216647057816,0.0414628393419209,"ACS"
"3657","One shore; one middle; 2 additional","common",282.828282828283,1.09993569972885,0.0414628393419209,"ACS"
"3658","One shore; one middle; 2 additional","common",287.878787878788,1.10724974534551,0.0414628393419209,"ACS"
"3659","One shore; one middle; 2 additional","common",292.929292929293,1.11410860742813,0.0414628393419209,"ACS"
"3660","One shore; one middle; 2 additional","common",297.979797979798,1.12051228597671,0.0414628393419209,"ACS"
"3661","One shore; one middle; 2 additional","common",303.030303030303,1.12646078099126,0.0414628393419209,"ACS"
"3662","One shore; one middle; 2 additional","common",308.080808080808,1.13195409247177,0.0414628393419209,"ACS"
"3663","One shore; one middle; 2 additional","common",313.131313131313,1.13699222041825,0.0414628393419209,"ACS"
"3664","One shore; one middle; 2 additional","common",318.181818181818,1.14157516483069,0.0414628393419209,"ACS"
"3665","One shore; one middle; 2 additional","common",323.232323232323,1.14570292570909,0.0414628393419209,"ACS"
"3666","One shore; one middle; 2 additional","common",328.282828282828,1.14937550305346,0.0414628393419209,"ACS"
"3667","One shore; one middle; 2 additional","common",333.333333333333,1.15259289686379,0.0414628393419209,"ACS"
"3668","One shore; one middle; 2 additional","common",338.383838383838,1.15535510714009,0.0414628393419209,"ACS"
"3669","One shore; one middle; 2 additional","common",343.434343434343,1.15766213388235,0.0414628393419209,"ACS"
"3670","One shore; one middle; 2 additional","common",348.484848484848,1.15951397709058,0.0414628393419209,"ACS"
"3671","One shore; one middle; 2 additional","common",353.535353535354,1.16091063676476,0.0414628393419209,"ACS"
"3672","One shore; one middle; 2 additional","common",358.585858585859,1.16185211290492,0.0414628393419209,"ACS"
"3673","One shore; one middle; 2 additional","common",363.636363636364,1.16233840551104,0.0414628393419209,"ACS"
"3674","One shore; one middle; 2 additional","common",368.686868686869,1.16236951458312,0.0414628393419209,"ACS"
"3675","One shore; one middle; 2 additional","common",373.737373737374,1.16194544012116,0.0414628393419209,"ACS"
"3676","One shore; one middle; 2 additional","common",378.787878787879,1.16106618212517,0.0414628393419209,"ACS"
"3677","One shore; one middle; 2 additional","common",383.838383838384,1.15973174059515,0.0414628393419209,"ACS"
"3678","One shore; one middle; 2 additional","common",388.888888888889,1.15794211553109,0.0414628393419209,"ACS"
"3679","One shore; one middle; 2 additional","common",393.939393939394,1.15569730693299,0.0414628393419209,"ACS"
"3680","One shore; one middle; 2 additional","common",398.989898989899,1.15299731480086,0.0414628393419209,"ACS"
"3681","One shore; one middle; 2 additional","common",404.040404040404,1.14984213913469,0.0414628393419209,"ACS"
"3682","One shore; one middle; 2 additional","common",409.090909090909,1.14623177993448,0.0414628393419209,"ACS"
"3683","One shore; one middle; 2 additional","common",414.141414141414,1.14216623720024,0.0414628393419209,"ACS"
"3684","One shore; one middle; 2 additional","common",419.191919191919,1.13764551093197,0.0414628393419209,"ACS"
"3685","One shore; one middle; 2 additional","common",424.242424242424,1.13266960112965,0.0414628393419209,"ACS"
"3686","One shore; one middle; 2 additional","common",429.292929292929,1.12723850779331,0.0414628393419209,"ACS"
"3687","One shore; one middle; 2 additional","common",434.343434343434,1.12135223092292,0.0414628393419209,"ACS"
"3688","One shore; one middle; 2 additional","common",439.393939393939,1.1150107705185,0.0414628393419209,"ACS"
"3689","One shore; one middle; 2 additional","common",444.444444444444,1.10821412658005,0.0414628393419209,"ACS"
"3690","One shore; one middle; 2 additional","common",449.494949494949,1.10096229910755,0.0414628393419209,"ACS"
"3691","One shore; one middle; 2 additional","common",454.545454545455,1.09325528810103,0.0414628393419209,"ACS"
"3692","One shore; one middle; 2 additional","common",459.59595959596,1.08509309356046,0.0414628393419209,"ACS"
"3693","One shore; one middle; 2 additional","common",464.646464646465,1.07647571548587,0.0414628393419209,"ACS"
"3694","One shore; one middle; 2 additional","common",469.69696969697,1.06740315387723,0.0414628393419209,"ACS"
"3695","One shore; one middle; 2 additional","common",474.747474747475,1.05787540873456,0.0414628393419209,"ACS"
"3696","One shore; one middle; 2 additional","common",479.79797979798,1.04789248005785,0.0414628393419209,"ACS"
"3697","One shore; one middle; 2 additional","common",484.848484848485,1.03745436784711,0.0414628393419209,"ACS"
"3698","One shore; one middle; 2 additional","common",489.89898989899,1.02656107210233,0.0414628393419209,"ACS"
"3699","One shore; one middle; 2 additional","common",494.949494949495,1.01521259282352,0.0414628393419209,"ACS"
"3700","One shore; one middle; 2 additional","common",500,1.00340893001067,0.0414628393419209,"ACS"
"3701","One shore; one middle; 2 additional","rare",0,-0.00285717482055354,0.0452858884509304,"ACS"
"3702","One shore; one middle; 2 additional","rare",5.05050505050505,0.00911899459798635,0.0452858884509304,"ACS"
"3703","One shore; one middle; 2 additional","rare",10.1010101010101,0.0210574857824363,0.0452858884509304,"ACS"
"3704","One shore; one middle; 2 additional","rare",15.1515151515152,0.0329582987327962,0.0452858884509304,"ACS"
"3705","One shore; one middle; 2 additional","rare",20.2020202020202,0.0448214334490661,0.0452858884509304,"ACS"
"3706","One shore; one middle; 2 additional","rare",25.2525252525253,0.056646889931246,0.0452858884509304,"ACS"
"3707","One shore; one middle; 2 additional","rare",30.3030303030303,0.0684346681793359,0.0452858884509304,"ACS"
"3708","One shore; one middle; 2 additional","rare",35.3535353535353,0.0801847681933359,0.0452858884509304,"ACS"
"3709","One shore; one middle; 2 additional","rare",40.4040404040404,0.0918971899732458,0.0452858884509304,"ACS"
"3710","One shore; one middle; 2 additional","rare",45.4545454545455,0.103571933519066,0.0452858884509304,"ACS"
"3711","One shore; one middle; 2 additional","rare",50.5050505050505,0.115208998830796,0.0452858884509304,"ACS"
"3712","One shore; one middle; 2 additional","rare",55.5555555555556,0.126808385908436,0.0452858884509304,"ACS"
"3713","One shore; one middle; 2 additional","rare",60.6060606060606,0.138370094751986,0.0452858884509304,"ACS"
"3714","One shore; one middle; 2 additional","rare",65.6565656565656,0.149894125361446,0.0452858884509304,"ACS"
"3715","One shore; one middle; 2 additional","rare",70.7070707070707,0.161380477736816,0.0452858884509304,"ACS"
"3716","One shore; one middle; 2 additional","rare",75.7575757575758,0.172829151878096,0.0452858884509304,"ACS"
"3717","One shore; one middle; 2 additional","rare",80.8080808080808,0.184240147785286,0.0452858884509304,"ACS"
"3718","One shore; one middle; 2 additional","rare",85.8585858585859,0.195613465458386,0.0452858884509304,"ACS"
"3719","One shore; one middle; 2 additional","rare",90.9090909090909,0.206949104897396,0.0452858884509304,"ACS"
"3720","One shore; one middle; 2 additional","rare",95.959595959596,0.218247066102316,0.0452858884509304,"ACS"
"3721","One shore; one middle; 2 additional","rare",101.010101010101,0.229507349073146,0.0452858884509304,"ACS"
"3722","One shore; one middle; 2 additional","rare",106.060606060606,0.240729953809886,0.0452858884509304,"ACS"
"3723","One shore; one middle; 2 additional","rare",111.111111111111,0.251914880312536,0.0452858884509304,"ACS"
"3724","One shore; one middle; 2 additional","rare",116.161616161616,0.263062128581096,0.0452858884509304,"ACS"
"3725","One shore; one middle; 2 additional","rare",121.212121212121,0.274171698615566,0.0452858884509304,"ACS"
"3726","One shore; one middle; 2 additional","rare",126.262626262626,0.285243590415946,0.0452858884509304,"ACS"
"3727","One shore; one middle; 2 additional","rare",131.313131313131,0.296277803982236,0.0452858884509304,"ACS"
"3728","One shore; one middle; 2 additional","rare",136.363636363636,0.307274339314436,0.0452858884509304,"ACS"
"3729","One shore; one middle; 2 additional","rare",141.414141414141,0.318233196412546,0.0452858884509304,"ACS"
"3730","One shore; one middle; 2 additional","rare",146.464646464646,0.329154375276566,0.0452858884509304,"ACS"
"3731","One shore; one middle; 2 additional","rare",151.515151515152,0.340037875906496,0.0452858884509304,"ACS"
"3732","One shore; one middle; 2 additional","rare",156.565656565657,0.350883698302336,0.0452858884509304,"ACS"
"3733","One shore; one middle; 2 additional","rare",161.616161616162,0.361691842464086,0.0452858884509304,"ACS"
"3734","One shore; one middle; 2 additional","rare",166.666666666667,0.372462308391747,0.0452858884509304,"ACS"
"3735","One shore; one middle; 2 additional","rare",171.717171717172,0.383195096085317,0.0452858884509304,"ACS"
"3736","One shore; one middle; 2 additional","rare",176.767676767677,0.393890205544797,0.0452858884509304,"ACS"
"3737","One shore; one middle; 2 additional","rare",181.818181818182,0.404547636770187,0.0452858884509304,"ACS"
"3738","One shore; one middle; 2 additional","rare",186.868686868687,0.415167389761487,0.0452858884509304,"ACS"
"3739","One shore; one middle; 2 additional","rare",191.919191919192,0.425749464518697,0.0452858884509304,"ACS"
"3740","One shore; one middle; 2 additional","rare",196.969696969697,0.436293861041817,0.0452858884509304,"ACS"
"3741","One shore; one middle; 2 additional","rare",202.020202020202,0.446800579330847,0.0452858884509304,"ACS"
"3742","One shore; one middle; 2 additional","rare",207.070707070707,0.457269619385788,0.0452858884509304,"ACS"
"3743","One shore; one middle; 2 additional","rare",212.121212121212,0.467700981206638,0.0452858884509304,"ACS"
"3744","One shore; one middle; 2 additional","rare",217.171717171717,0.478094664793398,0.0452858884509304,"ACS"
"3745","One shore; one middle; 2 additional","rare",222.222222222222,0.488450670146068,0.0452858884509304,"ACS"
"3746","One shore; one middle; 2 additional","rare",227.272727272727,0.498768997264648,0.0452858884509304,"ACS"
"3747","One shore; one middle; 2 additional","rare",232.323232323232,0.509049646149139,0.0452858884509304,"ACS"
"3748","One shore; one middle; 2 additional","rare",237.373737373737,0.519292616799539,0.0452858884509304,"ACS"
"3749","One shore; one middle; 2 additional","rare",242.424242424242,0.529497909215849,0.0452858884509304,"ACS"
"3750","One shore; one middle; 2 additional","rare",247.474747474747,0.539665523398069,0.0452858884509304,"ACS"
"3751","One shore; one middle; 2 additional","rare",252.525252525253,0.549795459346199,0.0452858884509304,"ACS"
"3752","One shore; one middle; 2 additional","rare",257.575757575758,0.55988771706024,0.0452858884509304,"ACS"
"3753","One shore; one middle; 2 additional","rare",262.626262626263,0.56994229654019,0.0452858884509304,"ACS"
"3754","One shore; one middle; 2 additional","rare",267.676767676768,0.57995919778605,0.0452858884509304,"ACS"
"3755","One shore; one middle; 2 additional","rare",272.727272727273,0.58993842079782,0.0452858884509304,"ACS"
"3756","One shore; one middle; 2 additional","rare",277.777777777778,0.599879965575501,0.0452858884509304,"ACS"
"3757","One shore; one middle; 2 additional","rare",282.828282828283,0.609783832119091,0.0452858884509304,"ACS"
"3758","One shore; one middle; 2 additional","rare",287.878787878788,0.619650020428591,0.0452858884509304,"ACS"
"3759","One shore; one middle; 2 additional","rare",292.929292929293,0.629478530504001,0.0452858884509304,"ACS"
"3760","One shore; one middle; 2 additional","rare",297.979797979798,0.639269362345322,0.0452858884509304,"ACS"
"3761","One shore; one middle; 2 additional","rare",303.030303030303,0.649022515952552,0.0452858884509304,"ACS"
"3762","One shore; one middle; 2 additional","rare",308.080808080808,0.658737991325692,0.0452858884509304,"ACS"
"3763","One shore; one middle; 2 additional","rare",313.131313131313,0.668415788464742,0.0452858884509304,"ACS"
"3764","One shore; one middle; 2 additional","rare",318.181818181818,0.678055907369703,0.0452858884509304,"ACS"
"3765","One shore; one middle; 2 additional","rare",323.232323232323,0.687658348040573,0.0452858884509304,"ACS"
"3766","One shore; one middle; 2 additional","rare",328.282828282828,0.697223110477353,0.0452858884509304,"ACS"
"3767","One shore; one middle; 2 additional","rare",333.333333333333,0.706750194680044,0.0452858884509304,"ACS"
"3768","One shore; one middle; 2 additional","rare",338.383838383838,0.716239600648644,0.0452858884509304,"ACS"
"3769","One shore; one middle; 2 additional","rare",343.434343434343,0.725691328383154,0.0452858884509304,"ACS"
"3770","One shore; one middle; 2 additional","rare",348.484848484848,0.735105377883575,0.0452858884509304,"ACS"
"3771","One shore; one middle; 2 additional","rare",353.535353535354,0.744481749149905,0.0452858884509304,"ACS"
"3772","One shore; one middle; 2 additional","rare",358.585858585859,0.753820442182146,0.0452858884509304,"ACS"
"3773","One shore; one middle; 2 additional","rare",363.636363636364,0.763121456980296,0.0452858884509304,"ACS"
"3774","One shore; one middle; 2 additional","rare",368.686868686869,0.772384793544356,0.0452858884509304,"ACS"
"3775","One shore; one middle; 2 additional","rare",373.737373737374,0.781610451874327,0.0452858884509304,"ACS"
"3776","One shore; one middle; 2 additional","rare",378.787878787879,0.790798431970207,0.0452858884509304,"ACS"
"3777","One shore; one middle; 2 additional","rare",383.838383838384,0.799948733831997,0.0452858884509304,"ACS"
"3778","One shore; one middle; 2 additional","rare",388.888888888889,0.809061357459698,0.0452858884509304,"ACS"
"3779","One shore; one middle; 2 additional","rare",393.939393939394,0.818136302853308,0.0452858884509304,"ACS"
"3780","One shore; one middle; 2 additional","rare",398.989898989899,0.827173570012829,0.0452858884509304,"ACS"
"3781","One shore; one middle; 2 additional","rare",404.040404040404,0.836173158938259,0.0452858884509304,"ACS"
"3782","One shore; one middle; 2 additional","rare",409.090909090909,0.845135069629599,0.0452858884509304,"ACS"
"3783","One shore; one middle; 2 additional","rare",414.141414141414,0.85405930208685,0.0452858884509304,"ACS"
"3784","One shore; one middle; 2 additional","rare",419.191919191919,0.86294585631001,0.0452858884509304,"ACS"
"3785","One shore; one middle; 2 additional","rare",424.242424242424,0.871794732299081,0.0452858884509304,"ACS"
"3786","One shore; one middle; 2 additional","rare",429.292929292929,0.880605930054061,0.0452858884509304,"ACS"
"3787","One shore; one middle; 2 additional","rare",434.343434343434,0.889379449574952,0.0452858884509304,"ACS"
"3788","One shore; one middle; 2 additional","rare",439.393939393939,0.898115290861752,0.0452858884509304,"ACS"
"3789","One shore; one middle; 2 additional","rare",444.444444444444,0.906813453914462,0.0452858884509304,"ACS"
"3790","One shore; one middle; 2 additional","rare",449.494949494949,0.915473938733083,0.0452858884509304,"ACS"
"3791","One shore; one middle; 2 additional","rare",454.545454545455,0.924096745317614,0.0452858884509304,"ACS"
"3792","One shore; one middle; 2 additional","rare",459.59595959596,0.932681873668054,0.0452858884509304,"ACS"
"3793","One shore; one middle; 2 additional","rare",464.646464646465,0.941229323784404,0.0452858884509304,"ACS"
"3794","One shore; one middle; 2 additional","rare",469.69696969697,0.949739095666665,0.0452858884509304,"ACS"
"3795","One shore; one middle; 2 additional","rare",474.747474747475,0.958211189314836,0.0452858884509304,"ACS"
"3796","One shore; one middle; 2 additional","rare",479.79797979798,0.966645604728916,0.0452858884509304,"ACS"
"3797","One shore; one middle; 2 additional","rare",484.848484848485,0.975042341908907,0.0452858884509304,"ACS"
"3798","One shore; one middle; 2 additional","rare",489.89898989899,0.983401400854807,0.0452858884509304,"ACS"
"3799","One shore; one middle; 2 additional","rare",494.949494949495,0.991722781566618,0.0452858884509304,"ACS"
"3800","One shore; one middle; 2 additional","rare",500,1.00000648404434,0.0452858884509304,"ACS"
"3801","Randomly placed","common",0,0.0627640174823721,0.149851497965626,"ACS"
"3802","Randomly placed","common",5.05050505050505,0.118137914766805,0.149851497965626,"ACS"
"3803","Randomly placed","common",10.1010101010101,0.172573765630828,0.149851497965626,"ACS"
"3804","Randomly placed","common",15.1515151515152,0.226071570074442,0.149851497965626,"ACS"
"3805","Randomly placed","common",20.2020202020202,0.278631328097647,0.149851497965626,"ACS"
"3806","Randomly placed","common",25.2525252525253,0.330253039700443,0.149851497965626,"ACS"
"3807","Randomly placed","common",30.3030303030303,0.38093670488283,0.149851497965626,"ACS"
"3808","Randomly placed","common",35.3535353535353,0.430682323644808,0.149851497965626,"ACS"
"3809","Randomly placed","common",40.4040404040404,0.479489895986376,0.149851497965626,"ACS"
"3810","Randomly placed","common",45.4545454545455,0.527359421907536,0.149851497965626,"ACS"
"3811","Randomly placed","common",50.5050505050505,0.574290901408286,0.149851497965626,"ACS"
"3812","Randomly placed","common",55.5555555555556,0.620284334488627,0.149851497965626,"ACS"
"3813","Randomly placed","common",60.6060606060606,0.665339721148559,0.149851497965626,"ACS"
"3814","Randomly placed","common",65.6565656565656,0.709457061388082,0.149851497965626,"ACS"
"3815","Randomly placed","common",70.7070707070707,0.752636355207195,0.149851497965626,"ACS"
"3816","Randomly placed","common",75.7575757575758,0.7948776026059,0.149851497965626,"ACS"
"3817","Randomly placed","common",80.8080808080808,0.836180803584195,0.149851497965626,"ACS"
"3818","Randomly placed","common",85.8585858585859,0.876545958142081,0.149851497965626,"ACS"
"3819","Randomly placed","common",90.9090909090909,0.915973066279558,0.149851497965626,"ACS"
"3820","Randomly placed","common",95.959595959596,0.954462127996626,0.149851497965626,"ACS"
"3821","Randomly placed","common",101.010101010101,0.992013143293285,0.149851497965626,"ACS"
"3822","Randomly placed","common",106.060606060606,1.02862611216953,0.149851497965626,"ACS"
"3823","Randomly placed","common",111.111111111111,1.06430103462537,0.149851497965626,"ACS"
"3824","Randomly placed","common",116.161616161616,1.09903791066081,0.149851497965626,"ACS"
"3825","Randomly placed","common",121.212121212121,1.13283674027583,0.149851497965626,"ACS"
"3826","Randomly placed","common",126.262626262626,1.16569752347044,0.149851497965626,"ACS"
"3827","Randomly placed","common",131.313131313131,1.19762026024465,0.149851497965626,"ACS"
"3828","Randomly placed","common",136.363636363636,1.22860495059844,0.149851497965626,"ACS"
"3829","Randomly placed","common",141.414141414141,1.25865159453183,0.149851497965626,"ACS"
"3830","Randomly placed","common",146.464646464646,1.2877601920448,0.149851497965626,"ACS"
"3831","Randomly placed","common",151.515151515152,1.31593074313737,0.149851497965626,"ACS"
"3832","Randomly placed","common",156.565656565657,1.34316324780953,0.149851497965626,"ACS"
"3833","Randomly placed","common",161.616161616162,1.36945770606128,0.149851497965626,"ACS"
"3834","Randomly placed","common",166.666666666667,1.39481411789262,0.149851497965626,"ACS"
"3835","Randomly placed","common",171.717171717172,1.41923248330355,0.149851497965626,"ACS"
"3836","Randomly placed","common",176.767676767677,1.44271280229407,0.149851497965626,"ACS"
"3837","Randomly placed","common",181.818181818182,1.46525507486418,0.149851497965626,"ACS"
"3838","Randomly placed","common",186.868686868687,1.48685930101388,0.149851497965626,"ACS"
"3839","Randomly placed","common",191.919191919192,1.50752548074318,0.149851497965626,"ACS"
"3840","Randomly placed","common",196.969696969697,1.52725361405206,0.149851497965626,"ACS"
"3841","Randomly placed","common",202.020202020202,1.54604370094054,0.149851497965626,"ACS"
"3842","Randomly placed","common",207.070707070707,1.56389574140861,0.149851497965626,"ACS"
"3843","Randomly placed","common",212.121212121212,1.58080973545626,0.149851497965626,"ACS"
"3844","Randomly placed","common",217.171717171717,1.59678568308351,0.149851497965626,"ACS"
"3845","Randomly placed","common",222.222222222222,1.61182358429035,0.149851497965626,"ACS"
"3846","Randomly placed","common",227.272727272727,1.62592343907678,0.149851497965626,"ACS"
"3847","Randomly placed","common",232.323232323232,1.6390852474428,0.149851497965626,"ACS"
"3848","Randomly placed","common",237.373737373737,1.65130900938841,0.149851497965626,"ACS"
"3849","Randomly placed","common",242.424242424242,1.66259472491362,0.149851497965626,"ACS"
"3850","Randomly placed","common",247.474747474747,1.67294239401841,0.149851497965626,"ACS"
"3851","Randomly placed","common",252.525252525253,1.68235201670279,0.149851497965626,"ACS"
"3852","Randomly placed","common",257.575757575758,1.69082359296677,0.149851497965626,"ACS"
"3853","Randomly placed","common",262.626262626263,1.69835712281034,0.149851497965626,"ACS"
"3854","Randomly placed","common",267.676767676768,1.70495260623349,0.149851497965626,"ACS"
"3855","Randomly placed","common",272.727272727273,1.71061004323624,0.149851497965626,"ACS"
"3856","Randomly placed","common",277.777777777778,1.71532943381858,0.149851497965626,"ACS"
"3857","Randomly placed","common",282.828282828283,1.71911077798051,0.149851497965626,"ACS"
"3858","Randomly placed","common",287.878787878788,1.72195407572203,0.149851497965626,"ACS"
"3859","Randomly placed","common",292.929292929293,1.72385932704314,0.149851497965626,"ACS"
"3860","Randomly placed","common",297.979797979798,1.72482653194384,0.149851497965626,"ACS"
"3861","Randomly placed","common",303.030303030303,1.72485569042414,0.149851497965626,"ACS"
"3862","Randomly placed","common",308.080808080808,1.72394680248402,0.149851497965626,"ACS"
"3863","Randomly placed","common",313.131313131313,1.72209986812349,0.149851497965626,"ACS"
"3864","Randomly placed","common",318.181818181818,1.71931488734256,0.149851497965626,"ACS"
"3865","Randomly placed","common",323.232323232323,1.71559186014122,0.149851497965626,"ACS"
"3866","Randomly placed","common",328.282828282828,1.71093078651946,0.149851497965626,"ACS"
"3867","Randomly placed","common",333.333333333333,1.7053316664773,0.149851497965626,"ACS"
"3868","Randomly placed","common",338.383838383838,1.69879450001473,0.149851497965626,"ACS"
"3869","Randomly placed","common",343.434343434343,1.69131928713175,0.149851497965626,"ACS"
"3870","Randomly placed","common",348.484848484848,1.68290602782836,0.149851497965626,"ACS"
"3871","Randomly placed","common",353.535353535354,1.67355472210456,0.149851497965626,"ACS"
"3872","Randomly placed","common",358.585858585859,1.66326536996035,0.149851497965626,"ACS"
"3873","Randomly placed","common",363.636363636364,1.65203797139574,0.149851497965626,"ACS"
"3874","Randomly placed","common",368.686868686869,1.63987252641071,0.149851497965626,"ACS"
"3875","Randomly placed","common",373.737373737374,1.62676903500528,0.149851497965626,"ACS"
"3876","Randomly placed","common",378.787878787879,1.61272749717943,0.149851497965626,"ACS"
"3877","Randomly placed","common",383.838383838384,1.59774791293318,0.149851497965626,"ACS"
"3878","Randomly placed","common",388.888888888889,1.58183028226652,0.149851497965626,"ACS"
"3879","Randomly placed","common",393.939393939394,1.56497460517945,0.149851497965626,"ACS"
"3880","Randomly placed","common",398.989898989899,1.54718088167196,0.149851497965626,"ACS"
"3881","Randomly placed","common",404.040404040404,1.52844911174407,0.149851497965626,"ACS"
"3882","Randomly placed","common",409.090909090909,1.50877929539578,0.149851497965626,"ACS"
"3883","Randomly placed","common",414.141414141414,1.48817143262707,0.149851497965626,"ACS"
"3884","Randomly placed","common",419.191919191919,1.46662552343795,0.149851497965626,"ACS"
"3885","Randomly placed","common",424.242424242424,1.44414156782842,0.149851497965626,"ACS"
"3886","Randomly placed","common",429.292929292929,1.42071956579849,0.149851497965626,"ACS"
"3887","Randomly placed","common",434.343434343434,1.39635951734814,0.149851497965626,"ACS"
"3888","Randomly placed","common",439.393939393939,1.37106142247739,0.149851497965626,"ACS"
"3889","Randomly placed","common",444.444444444444,1.34482528118623,0.149851497965626,"ACS"
"3890","Randomly placed","common",449.494949494949,1.31765109347465,0.149851497965626,"ACS"
"3891","Randomly placed","common",454.545454545455,1.28953885934267,0.149851497965626,"ACS"
"3892","Randomly placed","common",459.59595959596,1.26048857879028,0.149851497965626,"ACS"
"3893","Randomly placed","common",464.646464646465,1.23050025181748,0.149851497965626,"ACS"
"3894","Randomly placed","common",469.69696969697,1.19957387842427,0.149851497965626,"ACS"
"3895","Randomly placed","common",474.747474747475,1.16770945861065,0.149851497965626,"ACS"
"3896","Randomly placed","common",479.79797979798,1.13490699237663,0.149851497965626,"ACS"
"3897","Randomly placed","common",484.848484848485,1.10116647972219,0.149851497965626,"ACS"
"3898","Randomly placed","common",489.89898989899,1.06648792064735,0.149851497965626,"ACS"
"3899","Randomly placed","common",494.949494949495,1.03087131515209,0.149851497965626,"ACS"
"3900","Randomly placed","common",500,0.994316663236427,0.149851497965626,"ACS"
"3901","Randomly placed","rare",0,-0.0103796590125665,0.0865303144154664,"ACS"
"3902","Randomly placed","rare",5.05050505050505,0.0136390796848655,0.0865303144154664,"ACS"
"3903","Randomly placed","rare",10.1010101010101,0.0373759301766526,0.0865303144154664,"ACS"
"3904","Randomly placed","rare",15.1515151515152,0.0608308924627948,0.0865303144154664,"ACS"
"3905","Randomly placed","rare",20.2020202020202,0.084003966543292,0.0865303144154664,"ACS"
"3906","Randomly placed","rare",25.2525252525253,0.106895152418144,0.0865303144154664,"ACS"
"3907","Randomly placed","rare",30.3030303030303,0.129504450087352,0.0865303144154664,"ACS"
"3908","Randomly placed","rare",35.3535353535353,0.151831859550914,0.0865303144154664,"ACS"
"3909","Randomly placed","rare",40.4040404040404,0.173877380808832,0.0865303144154664,"ACS"
"3910","Randomly placed","rare",45.4545454545455,0.195641013861104,0.0865303144154664,"ACS"
"3911","Randomly placed","rare",50.5050505050505,0.217122758707732,0.0865303144154664,"ACS"
"3912","Randomly placed","rare",55.5555555555556,0.238322615348715,0.0865303144154664,"ACS"
"3913","Randomly placed","rare",60.6060606060606,0.259240583784053,0.0865303144154664,"ACS"
"3914","Randomly placed","rare",65.6565656565656,0.279876664013745,0.0865303144154664,"ACS"
"3915","Randomly placed","rare",70.7070707070707,0.300230856037793,0.0865303144154664,"ACS"
"3916","Randomly placed","rare",75.7575757575758,0.320303159856196,0.0865303144154664,"ACS"
"3917","Randomly placed","rare",80.8080808080808,0.340093575468954,0.0865303144154664,"ACS"
"3918","Randomly placed","rare",85.8585858585859,0.359602102876068,0.0865303144154664,"ACS"
"3919","Randomly placed","rare",90.9090909090909,0.378828742077536,0.0865303144154664,"ACS"
"3920","Randomly placed","rare",95.959595959596,0.397773493073359,0.0865303144154664,"ACS"
"3921","Randomly placed","rare",101.010101010101,0.416436355863537,0.0865303144154664,"ACS"
"3922","Randomly placed","rare",106.060606060606,0.434817330448071,0.0865303144154664,"ACS"
"3923","Randomly placed","rare",111.111111111111,0.452916416826959,0.0865303144154664,"ACS"
"3924","Randomly placed","rare",116.161616161616,0.470733615000203,0.0865303144154664,"ACS"
"3925","Randomly placed","rare",121.212121212121,0.488268924967802,0.0865303144154664,"ACS"
"3926","Randomly placed","rare",126.262626262626,0.505522346729755,0.0865303144154664,"ACS"
"3927","Randomly placed","rare",131.313131313131,0.522493880286064,0.0865303144154664,"ACS"
"3928","Randomly placed","rare",136.363636363636,0.539183525636728,0.0865303144154664,"ACS"
"3929","Randomly placed","rare",141.414141414141,0.555591282781747,0.0865303144154664,"ACS"
"3930","Randomly placed","rare",146.464646464646,0.571717151721121,0.0865303144154664,"ACS"
"3931","Randomly placed","rare",151.515151515152,0.58756113245485,0.0865303144154664,"ACS"
"3932","Randomly placed","rare",156.565656565657,0.603123224982934,0.0865303144154664,"ACS"
"3933","Randomly placed","rare",161.616161616162,0.618403429305373,0.0865303144154664,"ACS"
"3934","Randomly placed","rare",166.666666666667,0.633401745422167,0.0865303144154664,"ACS"
"3935","Randomly placed","rare",171.717171717172,0.648118173333317,0.0865303144154664,"ACS"
"3936","Randomly placed","rare",176.767676767677,0.662552713038821,0.0865303144154664,"ACS"
"3937","Randomly placed","rare",181.818181818182,0.67670536453868,0.0865303144154664,"ACS"
"3938","Randomly placed","rare",186.868686868687,0.690576127832895,0.0865303144154664,"ACS"
"3939","Randomly placed","rare",191.919191919192,0.704165002921465,0.0865303144154664,"ACS"
"3940","Randomly placed","rare",196.969696969697,0.717471989804389,0.0865303144154664,"ACS"
"3941","Randomly placed","rare",202.020202020202,0.730497088481669,0.0865303144154664,"ACS"
"3942","Randomly placed","rare",207.070707070707,0.743240298953304,0.0865303144154664,"ACS"
"3943","Randomly placed","rare",212.121212121212,0.755701621219294,0.0865303144154664,"ACS"
"3944","Randomly placed","rare",217.171717171717,0.767881055279639,0.0865303144154664,"ACS"
"3945","Randomly placed","rare",222.222222222222,0.779778601134339,0.0865303144154664,"ACS"
"3946","Randomly placed","rare",227.272727272727,0.791394258783394,0.0865303144154664,"ACS"
"3947","Randomly placed","rare",232.323232323232,0.802728028226804,0.0865303144154664,"ACS"
"3948","Randomly placed","rare",237.373737373737,0.813779909464569,0.0865303144154664,"ACS"
"3949","Randomly placed","rare",242.424242424242,0.82454990249669,0.0865303144154664,"ACS"
"3950","Randomly placed","rare",247.474747474747,0.835038007323165,0.0865303144154664,"ACS"
"3951","Randomly placed","rare",252.525252525253,0.845244223943995,0.0865303144154664,"ACS"
"3952","Randomly placed","rare",257.575757575758,0.855168552359181,0.0865303144154664,"ACS"
"3953","Randomly placed","rare",262.626262626263,0.864810992568721,0.0865303144154664,"ACS"
"3954","Randomly placed","rare",267.676767676768,0.874171544572617,0.0865303144154664,"ACS"
"3955","Randomly placed","rare",272.727272727273,0.883250208370868,0.0865303144154664,"ACS"
"3956","Randomly placed","rare",277.777777777778,0.892046983963473,0.0865303144154664,"ACS"
"3957","Randomly placed","rare",282.828282828283,0.900561871350434,0.0865303144154664,"ACS"
"3958","Randomly placed","rare",287.878787878788,0.90879487053175,0.0865303144154664,"ACS"
"3959","Randomly placed","rare",292.929292929293,0.916745981507421,0.0865303144154664,"ACS"
"3960","Randomly placed","rare",297.979797979798,0.924415204277447,0.0865303144154664,"ACS"
"3961","Randomly placed","rare",303.030303030303,0.931802538841829,0.0865303144154664,"ACS"
"3962","Randomly placed","rare",308.080808080808,0.938907985200565,0.0865303144154664,"ACS"
"3963","Randomly placed","rare",313.131313131313,0.945731543353656,0.0865303144154664,"ACS"
"3964","Randomly placed","rare",318.181818181818,0.952273213301102,0.0865303144154664,"ACS"
"3965","Randomly placed","rare",323.232323232323,0.958532995042904,0.0865303144154664,"ACS"
"3966","Randomly placed","rare",328.282828282828,0.96451088857906,0.0865303144154664,"ACS"
"3967","Randomly placed","rare",333.333333333333,0.970206893909572,0.0865303144154664,"ACS"
"3968","Randomly placed","rare",338.383838383838,0.975621011034438,0.0865303144154664,"ACS"
"3969","Randomly placed","rare",343.434343434343,0.98075323995366,0.0865303144154664,"ACS"
"3970","Randomly placed","rare",348.484848484848,0.985603580667237,0.0865303144154664,"ACS"
"3971","Randomly placed","rare",353.535353535354,0.990172033175169,0.0865303144154664,"ACS"
"3972","Randomly placed","rare",358.585858585859,0.994458597477456,0.0865303144154664,"ACS"
"3973","Randomly placed","rare",363.636363636364,0.998463273574097,0.0865303144154664,"ACS"
"3974","Randomly placed","rare",368.686868686869,1.00218606146509,0.0865303144154664,"ACS"
"3975","Randomly placed","rare",373.737373737374,1.00562696115045,0.0865303144154664,"ACS"
"3976","Randomly placed","rare",378.787878787879,1.00878597263015,0.0865303144154664,"ACS"
"3977","Randomly placed","rare",383.838383838384,1.01166309590422,0.0865303144154664,"ACS"
"3978","Randomly placed","rare",388.888888888889,1.01425833097263,0.0865303144154664,"ACS"
"3979","Randomly placed","rare",393.939393939394,1.01657167783541,0.0865303144154664,"ACS"
"3980","Randomly placed","rare",398.989898989899,1.01860313649253,0.0865303144154664,"ACS"
"3981","Randomly placed","rare",404.040404040404,1.02035270694402,0.0865303144154664,"ACS"
"3982","Randomly placed","rare",409.090909090909,1.02182038918985,0.0865303144154664,"ACS"
"3983","Randomly placed","rare",414.141414141414,1.02300618323005,0.0865303144154664,"ACS"
"3984","Randomly placed","rare",419.191919191919,1.02391008906459,0.0865303144154664,"ACS"
"3985","Randomly placed","rare",424.242424242424,1.0245321066935,0.0865303144154664,"ACS"
"3986","Randomly placed","rare",429.292929292929,1.02487223611675,0.0865303144154664,"ACS"
"3987","Randomly placed","rare",434.343434343434,1.02493047733437,0.0865303144154664,"ACS"
"3988","Randomly placed","rare",439.393939393939,1.02470683034634,0.0865303144154664,"ACS"
"3989","Randomly placed","rare",444.444444444444,1.02420129515266,0.0865303144154664,"ACS"
"3990","Randomly placed","rare",449.494949494949,1.02341387175334,0.0865303144154664,"ACS"
"3991","Randomly placed","rare",454.545454545455,1.02234456014837,0.0865303144154664,"ACS"
"3992","Randomly placed","rare",459.59595959596,1.02099336033776,0.0865303144154664,"ACS"
"3993","Randomly placed","rare",464.646464646465,1.0193602723215,0.0865303144154664,"ACS"
"3994","Randomly placed","rare",469.69696969697,1.0174452960996,0.0865303144154664,"ACS"
"3995","Randomly placed","rare",474.747474747475,1.01524843167205,0.0865303144154664,"ACS"
"3996","Randomly placed","rare",479.79797979798,1.01276967903886,0.0865303144154664,"ACS"
"3997","Randomly placed","rare",484.848484848485,1.01000903820003,0.0865303144154664,"ACS"
"3998","Randomly placed","rare",489.89898989899,1.00696650915554,0.0865303144154664,"ACS"
"3999","Randomly placed","rare",494.949494949495,1.00364209190542,0.0865303144154664,"ACS"
"4000","Randomly placed","rare",500,1.00003578644965,0.0865303144154664,"ACS"
"4001","random","common",0,-0.000831508283655519,0.00766234535075616,"ACS"
"4002","random","common",5.05050505050505,0.00931400448480003,0.00766234535075616,"ACS"
"4003","random","common",10.1010101010101,0.019458732608892,0.00766234535075616,"ACS"
"4004","random","common",15.1515151515152,0.0296026760886204,0.00766234535075616,"ACS"
"4005","random","common",20.2020202020202,0.0397458349239852,0.00766234535075616,"ACS"
"4006","random","common",25.2525252525253,0.0498882091149865,0.00766234535075616,"ACS"
"4007","random","common",30.3030303030303,0.0600297986616242,0.00766234535075616,"ACS"
"4008","random","common",35.3535353535353,0.0701706035638982,0.00766234535075616,"ACS"
"4009","random","common",40.4040404040404,0.0803106238218088,0.00766234535075616,"ACS"
"4010","random","common",45.4545454545455,0.0904498594353557,0.00766234535075616,"ACS"
"4011","random","common",50.5050505050505,0.100588310404539,0.00766234535075616,"ACS"
"4012","random","common",55.5555555555556,0.110725976729359,0.00766234535075616,"ACS"
"4013","random","common",60.6060606060606,0.120862858409815,0.00766234535075616,"ACS"
"4014","random","common",65.6565656565656,0.130998955445908,0.00766234535075616,"ACS"
"4015","random","common",70.7070707070707,0.141134267837637,0.00766234535075616,"ACS"
"4016","random","common",75.7575757575758,0.151268795585002,0.00766234535075616,"ACS"
"4017","random","common",80.8080808080808,0.161402538688004,0.00766234535075616,"ACS"
"4018","random","common",85.8585858585859,0.171535497146643,0.00766234535075616,"ACS"
"4019","random","common",90.9090909090909,0.181667670960918,0.00766234535075616,"ACS"
"4020","random","common",95.959595959596,0.191799060130829,0.00766234535075616,"ACS"
"4021","random","common",101.010101010101,0.201929664656376,0.00766234535075616,"ACS"
"4022","random","common",106.060606060606,0.21205948453756,0.00766234535075616,"ACS"
"4023","random","common",111.111111111111,0.222188519774381,0.00766234535075616,"ACS"
"4024","random","common",116.161616161616,0.232316770366838,0.00766234535075616,"ACS"
"4025","random","common",121.212121212121,0.242444236314931,0.00766234535075616,"ACS"
"4026","random","common",126.262626262626,0.252570917618661,0.00766234535075616,"ACS"
"4027","random","common",131.313131313131,0.262696814278027,0.00766234535075616,"ACS"
"4028","random","common",136.363636363636,0.27282192629303,0.00766234535075616,"ACS"
"4029","random","common",141.414141414141,0.282946253663669,0.00766234535075616,"ACS"
"4030","random","common",146.464646464646,0.293069796389944,0.00766234535075616,"ACS"
"4031","random","common",151.515151515152,0.303192554471856,0.00766234535075616,"ACS"
"4032","random","common",156.565656565657,0.313314527909405,0.00766234535075616,"ACS"
"4033","random","common",161.616161616162,0.32343571670259,0.00766234535075616,"ACS"
"4034","random","common",166.666666666667,0.333556120851411,0.00766234535075616,"ACS"
"4035","random","common",171.717171717172,0.343675740355868,0.00766234535075616,"ACS"
"4036","random","common",176.767676767677,0.353794575215962,0.00766234535075616,"ACS"
"4037","random","common",181.818181818182,0.363912625431693,0.00766234535075616,"ACS"
"4038","random","common",186.868686868687,0.37402989100306,0.00766234535075616,"ACS"
"4039","random","common",191.919191919192,0.384146371930063,0.00766234535075616,"ACS"
"4040","random","common",196.969696969697,0.394262068212703,0.00766234535075616,"ACS"
"4041","random","common",202.020202020202,0.404376979850979,0.00766234535075616,"ACS"
"4042","random","common",207.070707070707,0.414491106844892,0.00766234535075616,"ACS"
"4043","random","common",212.121212121212,0.424604449194441,0.00766234535075616,"ACS"
"4044","random","common",217.171717171717,0.434717006899626,0.00766234535075616,"ACS"
"4045","random","common",222.222222222222,0.444828779960448,0.00766234535075616,"ACS"
"4046","random","common",227.272727272727,0.454939768376907,0.00766234535075616,"ACS"
"4047","random","common",232.323232323232,0.465049972149001,0.00766234535075616,"ACS"
"4048","random","common",237.373737373737,0.475159391276733,0.00766234535075616,"ACS"
"4049","random","common",242.424242424242,0.4852680257601,0.00766234535075616,"ACS"
"4050","random","common",247.474747474747,0.495375875599104,0.00766234535075616,"ACS"
"4051","random","common",252.525252525253,0.505482940793745,0.00766234535075616,"ACS"
"4052","random","common",257.575757575758,0.515589221344022,0.00766234535075616,"ACS"
"4053","random","common",262.626262626263,0.525694717249935,0.00766234535075616,"ACS"
"4054","random","common",267.676767676768,0.535799428511485,0.00766234535075616,"ACS"
"4055","random","common",272.727272727273,0.545903355128671,0.00766234535075616,"ACS"
"4056","random","common",277.777777777778,0.556006497101494,0.00766234535075616,"ACS"
"4057","random","common",282.828282828283,0.566108854429953,0.00766234535075616,"ACS"
"4058","random","common",287.878787878788,0.576210427114048,0.00766234535075616,"ACS"
"4059","random","common",292.929292929293,0.58631121515378,0.00766234535075616,"ACS"
"4060","random","common",297.979797979798,0.596411218549148,0.00766234535075616,"ACS"
"4061","random","common",303.030303030303,0.606510437300153,0.00766234535075616,"ACS"
"4062","random","common",308.080808080808,0.616608871406794,0.00766234535075616,"ACS"
"4063","random","common",313.131313131313,0.626706520869072,0.00766234535075616,"ACS"
"4064","random","common",318.181818181818,0.636803385686986,0.00766234535075616,"ACS"
"4065","random","common",323.232323232323,0.646899465860536,0.00766234535075616,"ACS"
"4066","random","common",328.282828282828,0.656994761389723,0.00766234535075616,"ACS"
"4067","random","common",333.333333333333,0.667089272274546,0.00766234535075616,"ACS"
"4068","random","common",338.383838383838,0.677182998515006,0.00766234535075616,"ACS"
"4069","random","common",343.434343434343,0.687275940111102,0.00766234535075616,"ACS"
"4070","random","common",348.484848484848,0.697368097062835,0.00766234535075616,"ACS"
"4071","random","common",353.535353535354,0.707459469370204,0.00766234535075616,"ACS"
"4072","random","common",358.585858585859,0.717550057033209,0.00766234535075616,"ACS"
"4073","random","common",363.636363636364,0.727639860051851,0.00766234535075616,"ACS"
"4074","random","common",368.686868686869,0.737728878426129,0.00766234535075616,"ACS"
"4075","random","common",373.737373737374,0.747817112156044,0.00766234535075616,"ACS"
"4076","random","common",378.787878787879,0.757904561241595,0.00766234535075616,"ACS"
"4077","random","common",383.838383838384,0.767991225682783,0.00766234535075616,"ACS"
"4078","random","common",388.888888888889,0.778077105479607,0.00766234535075616,"ACS"
"4079","random","common",393.939393939394,0.788162200632067,0.00766234535075616,"ACS"
"4080","random","common",398.989898989899,0.798246511140164,0.00766234535075616,"ACS"
"4081","random","common",404.040404040404,0.808330037003897,0.00766234535075616,"ACS"
"4082","random","common",409.090909090909,0.818412778223267,0.00766234535075616,"ACS"
"4083","random","common",414.141414141414,0.828494734798273,0.00766234535075616,"ACS"
"4084","random","common",419.191919191919,0.838575906728916,0.00766234535075616,"ACS"
"4085","random","common",424.242424242424,0.848656294015195,0.00766234535075616,"ACS"
"4086","random","common",429.292929292929,0.85873589665711,0.00766234535075616,"ACS"
"4087","random","common",434.343434343434,0.868814714654662,0.00766234535075616,"ACS"
"4088","random","common",439.393939393939,0.878892748007851,0.00766234535075616,"ACS"
"4089","random","common",444.444444444444,0.888969996716675,0.00766234535075616,"ACS"
"4090","random","common",449.494949494949,0.899046460781136,0.00766234535075616,"ACS"
"4091","random","common",454.545454545455,0.909122140201234,0.00766234535075616,"ACS"
"4092","random","common",459.59595959596,0.919197034976968,0.00766234535075616,"ACS"
"4093","random","common",464.646464646465,0.929271145108338,0.00766234535075616,"ACS"
"4094","random","common",469.69696969697,0.939344470595345,0.00766234535075616,"ACS"
"4095","random","common",474.747474747475,0.949417011437989,0.00766234535075616,"ACS"
"4096","random","common",479.79797979798,0.959488767636268,0.00766234535075616,"ACS"
"4097","random","common",484.848484848485,0.969559739190184,0.00766234535075616,"ACS"
"4098","random","common",489.89898989899,0.979629926099737,0.00766234535075616,"ACS"
"4099","random","common",494.949494949495,0.989699328364926,0.00766234535075616,"ACS"
"4100","random","common",500,0.999767945985751,0.00766234535075616,"ACS"
"4101","random","rare",0,-0.00130694505031452,0.0474549675531103,"ACS"
"4102","random","rare",5.05050505050505,0.0102942324109265,0.0474549675531103,"ACS"
"4103","random","rare",10.1010101010101,0.0218650641704801,0.0474549675531103,"ACS"
"4104","random","rare",15.1515151515152,0.0334055502283463,0.0474549675531103,"ACS"
"4105","random","rare",20.2020202020202,0.0449156905845252,0.0474549675531103,"ACS"
"4106","random","rare",25.2525252525253,0.0563954852390166,0.0474549675531103,"ACS"
"4107","random","rare",30.3030303030303,0.0678449341918207,0.0474549675531103,"ACS"
"4108","random","rare",35.3535353535353,0.0792640374429374,0.0474549675531103,"ACS"
"4109","random","rare",40.4040404040404,0.0906527949923666,0.0474549675531103,"ACS"
"4110","random","rare",45.4545454545455,0.102011206840108,0.0474549675531103,"ACS"
"4111","random","rare",50.5050505050505,0.113339272986163,0.0474549675531103,"ACS"
"4112","random","rare",55.5555555555556,0.12463699343053,0.0474549675531103,"ACS"
"4113","random","rare",60.6060606060606,0.13590436817321,0.0474549675531103,"ACS"
"4114","random","rare",65.6565656565656,0.147141397214202,0.0474549675531103,"ACS"
"4115","random","rare",70.7070707070707,0.158348080553507,0.0474549675531103,"ACS"
"4116","random","rare",75.7575757575758,0.169524418191124,0.0474549675531103,"ACS"
"4117","random","rare",80.8080808080808,0.180670410127054,0.0474549675531103,"ACS"
"4118","random","rare",85.8585858585859,0.191786056361297,0.0474549675531103,"ACS"
"4119","random","rare",90.9090909090909,0.202871356893852,0.0474549675531103,"ACS"
"4120","random","rare",95.959595959596,0.21392631172472,0.0474549675531103,"ACS"
"4121","random","rare",101.010101010101,0.224950920853901,0.0474549675531103,"ACS"
"4122","random","rare",106.060606060606,0.235945184281394,0.0474549675531103,"ACS"
"4123","random","rare",111.111111111111,0.2469091020072,0.0474549675531103,"ACS"
"4124","random","rare",116.161616161616,0.257842674031318,0.0474549675531103,"ACS"
"4125","random","rare",121.212121212121,0.268745900353749,0.0474549675531103,"ACS"
"4126","random","rare",126.262626262626,0.279618780974492,0.0474549675531103,"ACS"
"4127","random","rare",131.313131313131,0.290461315893549,0.0474549675531103,"ACS"
"4128","random","rare",136.363636363636,0.301273505110917,0.0474549675531103,"ACS"
"4129","random","rare",141.414141414141,0.312055348626599,0.0474549675531103,"ACS"
"4130","random","rare",146.464646464646,0.322806846440593,0.0474549675531103,"ACS"
"4131","random","rare",151.515151515152,0.333527998552899,0.0474549675531103,"ACS"
"4132","random","rare",156.565656565657,0.344218804963518,0.0474549675531103,"ACS"
"4133","random","rare",161.616161616162,0.35487926567245,0.0474549675531103,"ACS"
"4134","random","rare",166.666666666667,0.365509380679694,0.0474549675531103,"ACS"
"4135","random","rare",171.717171717172,0.376109149985251,0.0474549675531103,"ACS"
"4136","random","rare",176.767676767677,0.386678573589121,0.0474549675531103,"ACS"
"4137","random","rare",181.818181818182,0.397217651491303,0.0474549675531103,"ACS"
"4138","random","rare",186.868686868687,0.407726383691798,0.0474549675531103,"ACS"
"4139","random","rare",191.919191919192,0.418204770190605,0.0474549675531103,"ACS"
"4140","random","rare",196.969696969697,0.428652810987725,0.0474549675531103,"ACS"
"4141","random","rare",202.020202020202,0.439070506083158,0.0474549675531103,"ACS"
"4142","random","rare",207.070707070707,0.449457855476903,0.0474549675531103,"ACS"
"4143","random","rare",212.121212121212,0.459814859168961,0.0474549675531103,"ACS"
"4144","random","rare",217.171717171717,0.470141517159331,0.0474549675531103,"ACS"
"4145","random","rare",222.222222222222,0.480437829448014,0.0474549675531103,"ACS"
"4146","random","rare",227.272727272727,0.49070379603501,0.0474549675531103,"ACS"
"4147","random","rare",232.323232323232,0.500939416920318,0.0474549675531103,"ACS"
"4148","random","rare",237.373737373737,0.511144692103939,0.0474549675531103,"ACS"
"4149","random","rare",242.424242424242,0.521319621585872,0.0474549675531103,"ACS"
"4150","random","rare",247.474747474747,0.531464205366118,0.0474549675531103,"ACS"
"4151","random","rare",252.525252525253,0.541578443444677,0.0474549675531103,"ACS"
"4152","random","rare",257.575757575758,0.551662335821548,0.0474549675531103,"ACS"
"4153","random","rare",262.626262626263,0.561715882496732,0.0474549675531103,"ACS"
"4154","random","rare",267.676767676768,0.571739083470229,0.0474549675531103,"ACS"
"4155","random","rare",272.727272727273,0.581731938742038,0.0474549675531103,"ACS"
"4156","random","rare",277.777777777778,0.591694448312159,0.0474549675531103,"ACS"
"4157","random","rare",282.828282828283,0.601626612180593,0.0474549675531103,"ACS"
"4158","random","rare",287.878787878788,0.61152843034734,0.0474549675531103,"ACS"
"4159","random","rare",292.929292929293,0.6213999028124,0.0474549675531103,"ACS"
"4160","random","rare",297.979797979798,0.631241029575772,0.0474549675531103,"ACS"
"4161","random","rare",303.030303030303,0.641051810637456,0.0474549675531103,"ACS"
"4162","random","rare",308.080808080808,0.650832245997454,0.0474549675531103,"ACS"
"4163","random","rare",313.131313131313,0.660582335655764,0.0474549675531103,"ACS"
"4164","random","rare",318.181818181818,0.670302079612386,0.0474549675531103,"ACS"
"4165","random","rare",323.232323232323,0.679991477867321,0.0474549675531103,"ACS"
"4166","random","rare",328.282828282828,0.689650530420569,0.0474549675531103,"ACS"
"4167","random","rare",333.333333333333,0.699279237272129,0.0474549675531103,"ACS"
"4168","random","rare",338.383838383838,0.708877598422002,0.0474549675531103,"ACS"
"4169","random","rare",343.434343434343,0.718445613870188,0.0474549675531103,"ACS"
"4170","random","rare",348.484848484848,0.727983283616686,0.0474549675531103,"ACS"
"4171","random","rare",353.535353535354,0.737490607661496,0.0474549675531103,"ACS"
"4172","random","rare",358.585858585859,0.74696758600462,0.0474549675531103,"ACS"
"4173","random","rare",363.636363636364,0.756414218646056,0.0474549675531103,"ACS"
"4174","random","rare",368.686868686869,0.765830505585804,0.0474549675531103,"ACS"
"4175","random","rare",373.737373737374,0.775216446823865,0.0474549675531103,"ACS"
"4176","random","rare",378.787878787879,0.784572042360239,0.0474549675531103,"ACS"
"4177","random","rare",383.838383838384,0.793897292194925,0.0474549675531103,"ACS"
"4178","random","rare",388.888888888889,0.803192196327924,0.0474549675531103,"ACS"
"4179","random","rare",393.939393939394,0.812456754759236,0.0474549675531103,"ACS"
"4180","random","rare",398.989898989899,0.82169096748886,0.0474549675531103,"ACS"
"4181","random","rare",404.040404040404,0.830894834516797,0.0474549675531103,"ACS"
"4182","random","rare",409.090909090909,0.840068355843046,0.0474549675531103,"ACS"
"4183","random","rare",414.141414141414,0.849211531467608,0.0474549675531103,"ACS"
"4184","random","rare",419.191919191919,0.858324361390483,0.0474549675531103,"ACS"
"4185","random","rare",424.242424242424,0.86740684561167,0.0474549675531103,"ACS"
"4186","random","rare",429.292929292929,0.87645898413117,0.0474549675531103,"ACS"
"4187","random","rare",434.343434343434,0.885480776948982,0.0474549675531103,"ACS"
"4188","random","rare",439.393939393939,0.894472224065107,0.0474549675531103,"ACS"
"4189","random","rare",444.444444444444,0.903433325479544,0.0474549675531103,"ACS"
"4190","random","rare",449.494949494949,0.912364081192295,0.0474549675531103,"ACS"
"4191","random","rare",454.545454545455,0.921264491203358,0.0474549675531103,"ACS"
"4192","random","rare",459.59595959596,0.930134555512733,0.0474549675531103,"ACS"
"4193","random","rare",464.646464646465,0.938974274120421,0.0474549675531103,"ACS"
"4194","random","rare",469.69696969697,0.947783647026422,0.0474549675531103,"ACS"
"4195","random","rare",474.747474747475,0.956562674230735,0.0474549675531103,"ACS"
"4196","random","rare",479.79797979798,0.965311355733361,0.0474549675531103,"ACS"
"4197","random","rare",484.848484848485,0.974029691534299,0.0474549675531103,"ACS"
"4198","random","rare",489.89898989899,0.98271768163355,0.0474549675531103,"ACS"
"4199","random","rare",494.949494949495,0.991375326031114,0.0474549675531103,"ACS"
"4200","random","rare",500,1.00000262472699,0.0474549675531103,"ACS"
"4201","Clumped-Poisson","common",0,-0.000738116061677674,0.0119390631298738,"TRS"
"4202","Clumped-Poisson","common",5.05050505050505,0.0091792628696504,0.0119390631298738,"TRS"
"4203","Clumped-Poisson","common",10.1010101010101,0.0191005191756631,0.0119390631298738,"TRS"
"4204","Clumped-Poisson","common",15.1515151515152,0.0290256528563604,0.0119390631298738,"TRS"
"4205","Clumped-Poisson","common",20.2020202020202,0.0389546639117423,0.0119390631298738,"TRS"
"4206","Clumped-Poisson","common",25.2525252525253,0.0488875523418088,0.0119390631298738,"TRS"
"4207","Clumped-Poisson","common",30.3030303030303,0.05882431814656,0.0119390631298738,"TRS"
"4208","Clumped-Poisson","common",35.3535353535353,0.0687649613259957,0.0119390631298738,"TRS"
"4209","Clumped-Poisson","common",40.4040404040404,0.0787094818801161,0.0119390631298738,"TRS"
"4210","Clumped-Poisson","common",45.4545454545455,0.0886578798089211,0.0119390631298738,"TRS"
"4211","Clumped-Poisson","common",50.5050505050505,0.0986101551124108,0.0119390631298738,"TRS"
"4212","Clumped-Poisson","common",55.5555555555556,0.108566307790585,0.0119390631298738,"TRS"
"4213","Clumped-Poisson","common",60.6060606060606,0.118526337843444,0.0119390631298738,"TRS"
"4214","Clumped-Poisson","common",65.6565656565656,0.128490245270987,0.0119390631298738,"TRS"
"4215","Clumped-Poisson","common",70.7070707070707,0.138458030073215,0.0119390631298738,"TRS"
"4216","Clumped-Poisson","common",75.7575757575758,0.148429692250128,0.0119390631298738,"TRS"
"4217","Clumped-Poisson","common",80.8080808080808,0.158405231801725,0.0119390631298738,"TRS"
"4218","Clumped-Poisson","common",85.8585858585859,0.168384648728007,0.0119390631298738,"TRS"
"4219","Clumped-Poisson","common",90.9090909090909,0.178367943028974,0.0119390631298738,"TRS"
"4220","Clumped-Poisson","common",95.959595959596,0.188355114704625,0.0119390631298738,"TRS"
"4221","Clumped-Poisson","common",101.010101010101,0.198346163754961,0.0119390631298738,"TRS"
"4222","Clumped-Poisson","common",106.060606060606,0.208341090179981,0.0119390631298738,"TRS"
"4223","Clumped-Poisson","common",111.111111111111,0.218339893979686,0.0119390631298738,"TRS"
"4224","Clumped-Poisson","common",116.161616161616,0.228342575154076,0.0119390631298738,"TRS"
"4225","Clumped-Poisson","common",121.212121212121,0.23834913370315,0.0119390631298738,"TRS"
"4226","Clumped-Poisson","common",126.262626262626,0.248359569626909,0.0119390631298738,"TRS"
"4227","Clumped-Poisson","common",131.313131313131,0.258373882925352,0.0119390631298738,"TRS"
"4228","Clumped-Poisson","common",136.363636363636,0.268392073598481,0.0119390631298738,"TRS"
"4229","Clumped-Poisson","common",141.414141414141,0.278414141646293,0.0119390631298738,"TRS"
"4230","Clumped-Poisson","common",146.464646464646,0.288440087068791,0.0119390631298738,"TRS"
"4231","Clumped-Poisson","common",151.515151515152,0.298469909865973,0.0119390631298738,"TRS"
"4232","Clumped-Poisson","common",156.565656565657,0.308503610037839,0.0119390631298738,"TRS"
"4233","Clumped-Poisson","common",161.616161616162,0.31854118758439,0.0119390631298738,"TRS"
"4234","Clumped-Poisson","common",166.666666666667,0.328582642505626,0.0119390631298738,"TRS"
"4235","Clumped-Poisson","common",171.717171717172,0.338627974801546,0.0119390631298738,"TRS"
"4236","Clumped-Poisson","common",176.767676767677,0.348677184472152,0.0119390631298738,"TRS"
"4237","Clumped-Poisson","common",181.818181818182,0.358730271517441,0.0119390631298738,"TRS"
"4238","Clumped-Poisson","common",186.868686868687,0.368787235937415,0.0119390631298738,"TRS"
"4239","Clumped-Poisson","common",191.919191919192,0.378848077732074,0.0119390631298738,"TRS"
"4240","Clumped-Poisson","common",196.969696969697,0.388912796901418,0.0119390631298738,"TRS"
"4241","Clumped-Poisson","common",202.020202020202,0.398981393445446,0.0119390631298738,"TRS"
"4242","Clumped-Poisson","common",207.070707070707,0.409053867364159,0.0119390631298738,"TRS"
"4243","Clumped-Poisson","common",212.121212121212,0.419130218657556,0.0119390631298738,"TRS"
"4244","Clumped-Poisson","common",217.171717171717,0.429210447325638,0.0119390631298738,"TRS"
"4245","Clumped-Poisson","common",222.222222222222,0.439294553368405,0.0119390631298738,"TRS"
"4246","Clumped-Poisson","common",227.272727272727,0.449382536785856,0.0119390631298738,"TRS"
"4247","Clumped-Poisson","common",232.323232323232,0.459474397577992,0.0119390631298738,"TRS"
"4248","Clumped-Poisson","common",237.373737373737,0.469570135744812,0.0119390631298738,"TRS"
"4249","Clumped-Poisson","common",242.424242424242,0.479669751286317,0.0119390631298738,"TRS"
"4250","Clumped-Poisson","common",247.474747474747,0.489773244202507,0.0119390631298738,"TRS"
"4251","Clumped-Poisson","common",252.525252525253,0.499880614493381,0.0119390631298738,"TRS"
"4252","Clumped-Poisson","common",257.575757575758,0.50999186215894,0.0119390631298738,"TRS"
"4253","Clumped-Poisson","common",262.626262626263,0.520106987199183,0.0119390631298738,"TRS"
"4254","Clumped-Poisson","common",267.676767676768,0.530225989614112,0.0119390631298738,"TRS"
"4255","Clumped-Poisson","common",272.727272727273,0.540348869403724,0.0119390631298738,"TRS"
"4256","Clumped-Poisson","common",277.777777777778,0.550475626568022,0.0119390631298738,"TRS"
"4257","Clumped-Poisson","common",282.828282828283,0.560606261107004,0.0119390631298738,"TRS"
"4258","Clumped-Poisson","common",287.878787878788,0.57074077302067,0.0119390631298738,"TRS"
"4259","Clumped-Poisson","common",292.929292929293,0.580879162309021,0.0119390631298738,"TRS"
"4260","Clumped-Poisson","common",297.979797979798,0.591021428972057,0.0119390631298738,"TRS"
"4261","Clumped-Poisson","common",303.030303030303,0.601167573009778,0.0119390631298738,"TRS"
"4262","Clumped-Poisson","common",308.080808080808,0.611317594422183,0.0119390631298738,"TRS"
"4263","Clumped-Poisson","common",313.131313131313,0.621471493209272,0.0119390631298738,"TRS"
"4264","Clumped-Poisson","common",318.181818181818,0.631629269371047,0.0119390631298738,"TRS"
"4265","Clumped-Poisson","common",323.232323232323,0.641790922907506,0.0119390631298738,"TRS"
"4266","Clumped-Poisson","common",328.282828282828,0.651956453818649,0.0119390631298738,"TRS"
"4267","Clumped-Poisson","common",333.333333333333,0.662125862104477,0.0119390631298738,"TRS"
"4268","Clumped-Poisson","common",338.383838383838,0.67229914776499,0.0119390631298738,"TRS"
"4269","Clumped-Poisson","common",343.434343434343,0.682476310800187,0.0119390631298738,"TRS"
"4270","Clumped-Poisson","common",348.484848484848,0.692657351210069,0.0119390631298738,"TRS"
"4271","Clumped-Poisson","common",353.535353535354,0.702842268994636,0.0119390631298738,"TRS"
"4272","Clumped-Poisson","common",358.585858585859,0.713031064153887,0.0119390631298738,"TRS"
"4273","Clumped-Poisson","common",363.636363636364,0.723223736687823,0.0119390631298738,"TRS"
"4274","Clumped-Poisson","common",368.686868686869,0.733420286596443,0.0119390631298738,"TRS"
"4275","Clumped-Poisson","common",373.737373737374,0.743620713879749,0.0119390631298738,"TRS"
"4276","Clumped-Poisson","common",378.787878787879,0.753825018537738,0.0119390631298738,"TRS"
"4277","Clumped-Poisson","common",383.838383838384,0.764033200570413,0.0119390631298738,"TRS"
"4278","Clumped-Poisson","common",388.888888888889,0.774245259977771,0.0119390631298738,"TRS"
"4279","Clumped-Poisson","common",393.939393939394,0.784461196759815,0.0119390631298738,"TRS"
"4280","Clumped-Poisson","common",398.989898989899,0.794681010916543,0.0119390631298738,"TRS"
"4281","Clumped-Poisson","common",404.040404040404,0.804904702447956,0.0119390631298738,"TRS"
"4282","Clumped-Poisson","common",409.090909090909,0.815132271354053,0.0119390631298738,"TRS"
"4283","Clumped-Poisson","common",414.141414141414,0.825363717634835,0.0119390631298738,"TRS"
"4284","Clumped-Poisson","common",419.191919191919,0.835599041290302,0.0119390631298738,"TRS"
"4285","Clumped-Poisson","common",424.242424242424,0.845838242320453,0.0119390631298738,"TRS"
"4286","Clumped-Poisson","common",429.292929292929,0.856081320725289,0.0119390631298738,"TRS"
"4287","Clumped-Poisson","common",434.343434343434,0.866328276504809,0.0119390631298738,"TRS"
"4288","Clumped-Poisson","common",439.393939393939,0.876579109659015,0.0119390631298738,"TRS"
"4289","Clumped-Poisson","common",444.444444444444,0.886833820187904,0.0119390631298738,"TRS"
"4290","Clumped-Poisson","common",449.494949494949,0.897092408091479,0.0119390631298738,"TRS"
"4291","Clumped-Poisson","common",454.545454545455,0.907354873369737,0.0119390631298738,"TRS"
"4292","Clumped-Poisson","common",459.59595959596,0.917621216022681,0.0119390631298738,"TRS"
"4293","Clumped-Poisson","common",464.646464646465,0.927891436050309,0.0119390631298738,"TRS"
"4294","Clumped-Poisson","common",469.69696969697,0.938165533452622,0.0119390631298738,"TRS"
"4295","Clumped-Poisson","common",474.747474747475,0.948443508229619,0.0119390631298738,"TRS"
"4296","Clumped-Poisson","common",479.79797979798,0.958725360381302,0.0119390631298738,"TRS"
"4297","Clumped-Poisson","common",484.848484848485,0.969011089907668,0.0119390631298738,"TRS"
"4298","Clumped-Poisson","common",489.89898989899,0.979300696808719,0.0119390631298738,"TRS"
"4299","Clumped-Poisson","common",494.949494949495,0.989594181084455,0.0119390631298738,"TRS"
"4300","Clumped-Poisson","common",500,0.999891542734876,0.0119390631298738,"TRS"
"4301","Clumped-Poisson","rare",0,-0.00355411140798182,0.0889747316980968,"TRS"
"4302","Clumped-Poisson","rare",5.05050505050505,0.00627224566986852,0.0889747316980968,"TRS"
"4303","Clumped-Poisson","rare",10.1010101010101,0.0161050398571475,0.0889747316980968,"TRS"
"4304","Clumped-Poisson","rare",15.1515151515152,0.0259442711538553,0.0889747316980968,"TRS"
"4305","Clumped-Poisson","rare",20.2020202020202,0.0357899395599916,0.0889747316980968,"TRS"
"4306","Clumped-Poisson","rare",25.2525252525253,0.0456420450755567,0.0889747316980968,"TRS"
"4307","Clumped-Poisson","rare",30.3030303030303,0.0555005877005505,0.0889747316980968,"TRS"
"4308","Clumped-Poisson","rare",35.3535353535353,0.0653655674349729,0.0889747316980968,"TRS"
"4309","Clumped-Poisson","rare",40.4040404040404,0.0752369842788241,0.0889747316980968,"TRS"
"4310","Clumped-Poisson","rare",45.4545454545455,0.0851148382321039,0.0889747316980968,"TRS"
"4311","Clumped-Poisson","rare",50.5050505050505,0.0949991292948125,0.0889747316980968,"TRS"
"4312","Clumped-Poisson","rare",55.5555555555556,0.10488985746695,0.0889747316980968,"TRS"
"4313","Clumped-Poisson","rare",60.6060606060606,0.114787022748516,0.0889747316980968,"TRS"
"4314","Clumped-Poisson","rare",65.6565656565656,0.12469062513951,0.0889747316980968,"TRS"
"4315","Clumped-Poisson","rare",70.7070707070707,0.134600664639933,0.0889747316980968,"TRS"
"4316","Clumped-Poisson","rare",75.7575757575758,0.144517141249785,0.0889747316980968,"TRS"
"4317","Clumped-Poisson","rare",80.8080808080808,0.154440054969066,0.0889747316980968,"TRS"
"4318","Clumped-Poisson","rare",85.8585858585859,0.164369405797775,0.0889747316980968,"TRS"
"4319","Clumped-Poisson","rare",90.9090909090909,0.174305193735913,0.0889747316980968,"TRS"
"4320","Clumped-Poisson","rare",95.959595959596,0.18424741878348,0.0889747316980968,"TRS"
"4321","Clumped-Poisson","rare",101.010101010101,0.194196080940476,0.0889747316980968,"TRS"
"4322","Clumped-Poisson","rare",106.060606060606,0.2041511802069,0.0889747316980968,"TRS"
"4323","Clumped-Poisson","rare",111.111111111111,0.214112716582752,0.0889747316980968,"TRS"
"4324","Clumped-Poisson","rare",116.161616161616,0.224080690068034,0.0889747316980968,"TRS"
"4325","Clumped-Poisson","rare",121.212121212121,0.234055100662744,0.0889747316980968,"TRS"
"4326","Clumped-Poisson","rare",126.262626262626,0.244035948366883,0.0889747316980968,"TRS"
"4327","Clumped-Poisson","rare",131.313131313131,0.25402323318045,0.0889747316980968,"TRS"
"4328","Clumped-Poisson","rare",136.363636363636,0.264016955103447,0.0889747316980968,"TRS"
"4329","Clumped-Poisson","rare",141.414141414141,0.274017114135871,0.0889747316980968,"TRS"
"4330","Clumped-Poisson","rare",146.464646464646,0.284023710277725,0.0889747316980968,"TRS"
"4331","Clumped-Poisson","rare",151.515151515152,0.294036743529007,0.0889747316980968,"TRS"
"4332","Clumped-Poisson","rare",156.565656565657,0.304056213889718,0.0889747316980968,"TRS"
"4333","Clumped-Poisson","rare",161.616161616162,0.314082121359858,0.0889747316980968,"TRS"
"4334","Clumped-Poisson","rare",166.666666666667,0.324114465939426,0.0889747316980968,"TRS"
"4335","Clumped-Poisson","rare",171.717171717172,0.334153247628423,0.0889747316980968,"TRS"
"4336","Clumped-Poisson","rare",176.767676767677,0.344198466426849,0.0889747316980968,"TRS"
"4337","Clumped-Poisson","rare",181.818181818182,0.354250122334704,0.0889747316980968,"TRS"
"4338","Clumped-Poisson","rare",186.868686868687,0.364308215351987,0.0889747316980968,"TRS"
"4339","Clumped-Poisson","rare",191.919191919192,0.374372745478698,0.0889747316980968,"TRS"
"4340","Clumped-Poisson","rare",196.969696969697,0.384443712714839,0.0889747316980968,"TRS"
"4341","Clumped-Poisson","rare",202.020202020202,0.394521117060408,0.0889747316980968,"TRS"
"4342","Clumped-Poisson","rare",207.070707070707,0.404604958515406,0.0889747316980968,"TRS"
"4343","Clumped-Poisson","rare",212.121212121212,0.414695237079832,0.0889747316980968,"TRS"
"4344","Clumped-Poisson","rare",217.171717171717,0.424791952753688,0.0889747316980968,"TRS"
"4345","Clumped-Poisson","rare",222.222222222222,0.434895105536972,0.0889747316980968,"TRS"
"4346","Clumped-Poisson","rare",227.272727272727,0.445004695429684,0.0889747316980968,"TRS"
"4347","Clumped-Poisson","rare",232.323232323232,0.455120722431825,0.0889747316980968,"TRS"
"4348","Clumped-Poisson","rare",237.373737373737,0.465243186543395,0.0889747316980968,"TRS"
"4349","Clumped-Poisson","rare",242.424242424242,0.475372087764394,0.0889747316980968,"TRS"
"4350","Clumped-Poisson","rare",247.474747474747,0.485507426094822,0.0889747316980968,"TRS"
"4351","Clumped-Poisson","rare",252.525252525253,0.495649201534678,0.0889747316980968,"TRS"
"4352","Clumped-Poisson","rare",257.575757575758,0.505797414083962,0.0889747316980968,"TRS"
"4353","Clumped-Poisson","rare",262.626262626263,0.515952063742676,0.0889747316980968,"TRS"
"4354","Clumped-Poisson","rare",267.676767676768,0.526113150510818,0.0889747316980968,"TRS"
"4355","Clumped-Poisson","rare",272.727272727273,0.536280674388389,0.0889747316980968,"TRS"
"4356","Clumped-Poisson","rare",277.777777777778,0.546454635375388,0.0889747316980968,"TRS"
"4357","Clumped-Poisson","rare",282.828282828283,0.556635033471816,0.0889747316980968,"TRS"
"4358","Clumped-Poisson","rare",287.878787878788,0.566821868677673,0.0889747316980968,"TRS"
"4359","Clumped-Poisson","rare",292.929292929293,0.577015140992959,0.0889747316980968,"TRS"
"4360","Clumped-Poisson","rare",297.979797979798,0.587214850417673,0.0889747316980968,"TRS"
"4361","Clumped-Poisson","rare",303.030303030303,0.597420996951816,0.0889747316980968,"TRS"
"4362","Clumped-Poisson","rare",308.080808080808,0.607633580595387,0.0889747316980968,"TRS"
"4363","Clumped-Poisson","rare",313.131313131313,0.617852601348388,0.0889747316980968,"TRS"
"4364","Clumped-Poisson","rare",318.181818181818,0.628078059210817,0.0889747316980968,"TRS"
"4365","Clumped-Poisson","rare",323.232323232323,0.638309954182674,0.0889747316980968,"TRS"
"4366","Clumped-Poisson","rare",328.282828282828,0.648548286263961,0.0889747316980968,"TRS"
"4367","Clumped-Poisson","rare",333.333333333333,0.658793055454676,0.0889747316980968,"TRS"
"4368","Clumped-Poisson","rare",338.383838383838,0.669044261754819,0.0889747316980968,"TRS"
"4369","Clumped-Poisson","rare",343.434343434343,0.679301905164392,0.0889747316980968,"TRS"
"4370","Clumped-Poisson","rare",348.484848484848,0.689565985683393,0.0889747316980968,"TRS"
"4371","Clumped-Poisson","rare",353.535353535354,0.699836503311823,0.0889747316980968,"TRS"
"4372","Clumped-Poisson","rare",358.585858585859,0.710113458049681,0.0889747316980968,"TRS"
"4373","Clumped-Poisson","rare",363.636363636364,0.720396849896969,0.0889747316980968,"TRS"
"4374","Clumped-Poisson","rare",368.686868686869,0.730686678853684,0.0889747316980968,"TRS"
"4375","Clumped-Poisson","rare",373.737373737374,0.740982944919829,0.0889747316980968,"TRS"
"4376","Clumped-Poisson","rare",378.787878787879,0.751285648095402,0.0889747316980968,"TRS"
"4377","Clumped-Poisson","rare",383.838383838384,0.761594788380404,0.0889747316980968,"TRS"
"4378","Clumped-Poisson","rare",388.888888888889,0.771910365774835,0.0889747316980968,"TRS"
"4379","Clumped-Poisson","rare",393.939393939394,0.782232380278694,0.0889747316980968,"TRS"
"4380","Clumped-Poisson","rare",398.989898989899,0.792560831891982,0.0889747316980968,"TRS"
"4381","Clumped-Poisson","rare",404.040404040404,0.802895720614699,0.0889747316980968,"TRS"
"4382","Clumped-Poisson","rare",409.090909090909,0.813237046446844,0.0889747316980968,"TRS"
"4383","Clumped-Poisson","rare",414.141414141414,0.823584809388418,0.0889747316980968,"TRS"
"4384","Clumped-Poisson","rare",419.191919191919,0.833939009439421,0.0889747316980968,"TRS"
"4385","Clumped-Poisson","rare",424.242424242424,0.844299646599852,0.0889747316980968,"TRS"
"4386","Clumped-Poisson","rare",429.292929292929,0.854666720869712,0.0889747316980968,"TRS"
"4387","Clumped-Poisson","rare",434.343434343434,0.865040232249001,0.0889747316980968,"TRS"
"4388","Clumped-Poisson","rare",439.393939393939,0.875420180737719,0.0889747316980968,"TRS"
"4389","Clumped-Poisson","rare",444.444444444444,0.885806566335865,0.0889747316980968,"TRS"
"4390","Clumped-Poisson","rare",449.494949494949,0.89619938904344,0.0889747316980968,"TRS"
"4391","Clumped-Poisson","rare",454.545454545455,0.906598648860443,0.0889747316980968,"TRS"
"4392","Clumped-Poisson","rare",459.59595959596,0.917004345786876,0.0889747316980968,"TRS"
"4393","Clumped-Poisson","rare",464.646464646465,0.927416479822736,0.0889747316980968,"TRS"
"4394","Clumped-Poisson","rare",469.69696969697,0.937835050968026,0.0889747316980968,"TRS"
"4395","Clumped-Poisson","rare",474.747474747475,0.948260059222744,0.0889747316980968,"TRS"
"4396","Clumped-Poisson","rare",479.79797979798,0.958691504586891,0.0889747316980968,"TRS"
"4397","Clumped-Poisson","rare",484.848484848485,0.969129387060467,0.0889747316980968,"TRS"
"4398","Clumped-Poisson","rare",489.89898989899,0.979573706643472,0.0889747316980968,"TRS"
"4399","Clumped-Poisson","rare",494.949494949495,0.990024463335904,0.0889747316980968,"TRS"
"4400","Clumped-Poisson","rare",500,1.00048165713777,0.0889747316980968,"TRS"
"4401","One shore only","common",0,-0.000954652767383471,0.0107522529925756,"TRS"
"4402","One shore only","common",5.05050505050505,0.00930615864543818,0.0107522529925756,"TRS"
"4403","One shore only","common",10.1010101010101,0.0195639426663107,0.0107522529925756,"TRS"
"4404","One shore only","common",15.1515151515152,0.0298186992952342,0.0107522529925756,"TRS"
"4405","One shore only","common",20.2020202020202,0.0400704285322086,0.0107522529925756,"TRS"
"4406","One shore only","common",25.2525252525253,0.0503191303772339,0.0107522529925756,"TRS"
"4407","One shore only","common",30.3030303030303,0.06056480483031,0.0107522529925756,"TRS"
"4408","One shore only","common",35.3535353535353,0.0708074518914371,0.0107522529925756,"TRS"
"4409","One shore only","common",40.4040404040404,0.0810470715606151,0.0107522529925756,"TRS"
"4410","One shore only","common",45.4545454545455,0.0912836638378441,0.0107522529925756,"TRS"
"4411","One shore only","common",50.5050505050505,0.101517228723124,0.0107522529925756,"TRS"
"4412","One shore only","common",55.5555555555556,0.111747766216455,0.0107522529925756,"TRS"
"4413","One shore only","common",60.6060606060606,0.121975276317836,0.0107522529925756,"TRS"
"4414","One shore only","common",65.6565656565656,0.132199759027269,0.0107522529925756,"TRS"
"4415","One shore only","common",70.7070707070707,0.142421214344752,0.0107522529925756,"TRS"
"4416","One shore only","common",75.7575757575758,0.152639642270287,0.0107522529925756,"TRS"
"4417","One shore only","common",80.8080808080808,0.162855042803872,0.0107522529925756,"TRS"
"4418","One shore only","common",85.8585858585859,0.173067415945508,0.0107522529925756,"TRS"
"4419","One shore only","common",90.9090909090909,0.183276761695196,0.0107522529925756,"TRS"
"4420","One shore only","common",95.959595959596,0.193483080052934,0.0107522529925756,"TRS"
"4421","One shore only","common",101.010101010101,0.203686371018723,0.0107522529925756,"TRS"
"4422","One shore only","common",106.060606060606,0.213886634592562,0.0107522529925756,"TRS"
"4423","One shore only","common",111.111111111111,0.224083870774453,0.0107522529925756,"TRS"
"4424","One shore only","common",116.161616161616,0.234278079564395,0.0107522529925756,"TRS"
"4425","One shore only","common",121.212121212121,0.244469260962388,0.0107522529925756,"TRS"
"4426","One shore only","common",126.262626262626,0.254657414968431,0.0107522529925756,"TRS"
"4427","One shore only","common",131.313131313131,0.264842541582526,0.0107522529925756,"TRS"
"4428","One shore only","common",136.363636363636,0.275024640804671,0.0107522529925756,"TRS"
"4429","One shore only","common",141.414141414141,0.285203712634867,0.0107522529925756,"TRS"
"4430","One shore only","common",146.464646464646,0.295379757073114,0.0107522529925756,"TRS"
"4431","One shore only","common",151.515151515152,0.305552774119412,0.0107522529925756,"TRS"
"4432","One shore only","common",156.565656565657,0.315722763773762,0.0107522529925756,"TRS"
"4433","One shore only","common",161.616161616162,0.325889726036161,0.0107522529925756,"TRS"
"4434","One shore only","common",166.666666666667,0.336053660906612,0.0107522529925756,"TRS"
"4435","One shore only","common",171.717171717172,0.346214568385114,0.0107522529925756,"TRS"
"4436","One shore only","common",176.767676767677,0.356372448471667,0.0107522529925756,"TRS"
"4437","One shore only","common",181.818181818182,0.36652730116627,0.0107522529925756,"TRS"
"4438","One shore only","common",186.868686868687,0.376679126468925,0.0107522529925756,"TRS"
"4439","One shore only","common",191.919191919192,0.38682792437963,0.0107522529925756,"TRS"
"4440","One shore only","common",196.969696969697,0.396973694898386,0.0107522529925756,"TRS"
"4441","One shore only","common",202.020202020202,0.407116438025194,0.0107522529925756,"TRS"
"4442","One shore only","common",207.070707070707,0.417256153760052,0.0107522529925756,"TRS"
"4443","One shore only","common",212.121212121212,0.427392842102961,0.0107522529925756,"TRS"
"4444","One shore only","common",217.171717171717,0.437526503053921,0.0107522529925756,"TRS"
"4445","One shore only","common",222.222222222222,0.447657136612932,0.0107522529925756,"TRS"
"4446","One shore only","common",227.272727272727,0.457784742779993,0.0107522529925756,"TRS"
"4447","One shore only","common",232.323232323232,0.467909321555106,0.0107522529925756,"TRS"
"4448","One shore only","common",237.373737373737,0.47803087293827,0.0107522529925756,"TRS"
"4449","One shore only","common",242.424242424242,0.488149396929484,0.0107522529925756,"TRS"
"4450","One shore only","common",247.474747474747,0.49826489352875,0.0107522529925756,"TRS"
"4451","One shore only","common",252.525252525253,0.508377362736066,0.0107522529925756,"TRS"
"4452","One shore only","common",257.575757575758,0.518486804551433,0.0107522529925756,"TRS"
"4453","One shore only","common",262.626262626263,0.528593218974851,0.0107522529925756,"TRS"
"4454","One shore only","common",267.676767676768,0.538696606006321,0.0107522529925756,"TRS"
"4455","One shore only","common",272.727272727273,0.54879696564584,0.0107522529925756,"TRS"
"4456","One shore only","common",277.777777777778,0.558894297893411,0.0107522529925756,"TRS"
"4457","One shore only","common",282.828282828283,0.568988602749033,0.0107522529925756,"TRS"
"4458","One shore only","common",287.878787878788,0.579079880212706,0.0107522529925756,"TRS"
"4459","One shore only","common",292.929292929293,0.58916813028443,0.0107522529925756,"TRS"
"4460","One shore only","common",297.979797979798,0.599253352964204,0.0107522529925756,"TRS"
"4461","One shore only","common",303.030303030303,0.60933554825203,0.0107522529925756,"TRS"
"4462","One shore only","common",308.080808080808,0.619414716147906,0.0107522529925756,"TRS"
"4463","One shore only","common",313.131313131313,0.629490856651833,0.0107522529925756,"TRS"
"4464","One shore only","common",318.181818181818,0.639563969763811,0.0107522529925756,"TRS"
"4465","One shore only","common",323.232323232323,0.64963405548384,0.0107522529925756,"TRS"
"4466","One shore only","common",328.282828282828,0.659701113811921,0.0107522529925756,"TRS"
"4467","One shore only","common",333.333333333333,0.669765144748052,0.0107522529925756,"TRS"
"4468","One shore only","common",338.383838383838,0.679826148292233,0.0107522529925756,"TRS"
"4469","One shore only","common",343.434343434343,0.689884124444466,0.0107522529925756,"TRS"
"4470","One shore only","common",348.484848484848,0.69993907320475,0.0107522529925756,"TRS"
"4471","One shore only","common",353.535353535354,0.709990994573084,0.0107522529925756,"TRS"
"4472","One shore only","common",358.585858585859,0.72003988854947,0.0107522529925756,"TRS"
"4473","One shore only","common",363.636363636364,0.730085755133906,0.0107522529925756,"TRS"
"4474","One shore only","common",368.686868686869,0.740128594326394,0.0107522529925756,"TRS"
"4475","One shore only","common",373.737373737374,0.750168406126932,0.0107522529925756,"TRS"
"4476","One shore only","common",378.787878787879,0.760205190535521,0.0107522529925756,"TRS"
"4477","One shore only","common",383.838383838384,0.770238947552161,0.0107522529925756,"TRS"
"4478","One shore only","common",388.888888888889,0.780269677176852,0.0107522529925756,"TRS"
"4479","One shore only","common",393.939393939394,0.790297379409594,0.0107522529925756,"TRS"
"4480","One shore only","common",398.989898989899,0.800322054250387,0.0107522529925756,"TRS"
"4481","One shore only","common",404.040404040404,0.810343701699231,0.0107522529925756,"TRS"
"4482","One shore only","common",409.090909090909,0.820362321756125,0.0107522529925756,"TRS"
"4483","One shore only","common",414.141414141414,0.830377914421071,0.0107522529925756,"TRS"
"4484","One shore only","common",419.191919191919,0.840390479694067,0.0107522529925756,"TRS"
"4485","One shore only","common",424.242424242424,0.850400017575115,0.0107522529925756,"TRS"
"4486","One shore only","common",429.292929292929,0.860406528064213,0.0107522529925756,"TRS"
"4487","One shore only","common",434.343434343434,0.870410011161362,0.0107522529925756,"TRS"
"4488","One shore only","common",439.393939393939,0.880410466866562,0.0107522529925756,"TRS"
"4489","One shore only","common",444.444444444444,0.890407895179813,0.0107522529925756,"TRS"
"4490","One shore only","common",449.494949494949,0.900402296101115,0.0107522529925756,"TRS"
"4491","One shore only","common",454.545454545455,0.910393669630468,0.0107522529925756,"TRS"
"4492","One shore only","common",459.59595959596,0.920382015767872,0.0107522529925756,"TRS"
"4493","One shore only","common",464.646464646465,0.930367334513326,0.0107522529925756,"TRS"
"4494","One shore only","common",469.69696969697,0.940349625866832,0.0107522529925756,"TRS"
"4495","One shore only","common",474.747474747475,0.950328889828388,0.0107522529925756,"TRS"
"4496","One shore only","common",479.79797979798,0.960305126397996,0.0107522529925756,"TRS"
"4497","One shore only","common",484.848484848485,0.970278335575654,0.0107522529925756,"TRS"
"4498","One shore only","common",489.89898989899,0.980248517361363,0.0107522529925756,"TRS"
"4499","One shore only","common",494.949494949495,0.990215671755123,0.0107522529925756,"TRS"
"4500","One shore only","common",500,1.00017979875693,0.0107522529925756,"TRS"
"4501","One shore only","rare",0,0.000183905501270307,0.0941073546648802,"TRS"
"4502","One shore only","rare",5.05050505050505,0.0106383475146103,0.0941073546648802,"TRS"
"4503","One shore only","rare",10.1010101010101,0.021085445566392,0.0941073546648802,"TRS"
"4504","One shore only","rare",15.1515151515152,0.0315251996566154,0.0941073546648802,"TRS"
"4505","One shore only","rare",20.2020202020202,0.0419576097852805,0.0941073546648802,"TRS"
"4506","One shore only","rare",25.2525252525253,0.0523826759523873,0.0941073546648802,"TRS"
"4507","One shore only","rare",30.3030303030303,0.0628003981579357,0.0941073546648802,"TRS"
"4508","One shore only","rare",35.3535353535353,0.073210776401926,0.0941073546648802,"TRS"
"4509","One shore only","rare",40.4040404040404,0.0836138106843579,0.0941073546648802,"TRS"
"4510","One shore only","rare",45.4545454545455,0.0940095010052315,0.0941073546648802,"TRS"
"4511","One shore only","rare",50.5050505050505,0.104397847364547,0.0941073546648802,"TRS"
"4512","One shore only","rare",55.5555555555556,0.114778849762304,0.0941073546648802,"TRS"
"4513","One shore only","rare",60.6060606060606,0.125152508198503,0.0941073546648802,"TRS"
"4514","One shore only","rare",65.6565656565656,0.135518822673143,0.0941073546648802,"TRS"
"4515","One shore only","rare",70.7070707070707,0.145877793186225,0.0941073546648802,"TRS"
"4516","One shore only","rare",75.7575757575758,0.156229419737749,0.0941073546648802,"TRS"
"4517","One shore only","rare",80.8080808080808,0.166573702327715,0.0941073546648802,"TRS"
"4518","One shore only","rare",85.8585858585859,0.176910640956122,0.0941073546648802,"TRS"
"4519","One shore only","rare",90.9090909090909,0.187240235622971,0.0941073546648802,"TRS"
"4520","One shore only","rare",95.959595959596,0.197562486328261,0.0941073546648802,"TRS"
"4521","One shore only","rare",101.010101010101,0.207877393071994,0.0941073546648802,"TRS"
"4522","One shore only","rare",106.060606060606,0.218184955854168,0.0941073546648802,"TRS"
"4523","One shore only","rare",111.111111111111,0.228485174674784,0.0941073546648802,"TRS"
"4524","One shore only","rare",116.161616161616,0.238778049533841,0.0941073546648802,"TRS"
"4525","One shore only","rare",121.212121212121,0.24906358043134,0.0941073546648802,"TRS"
"4526","One shore only","rare",126.262626262626,0.259341767367281,0.0941073546648802,"TRS"
"4527","One shore only","rare",131.313131313131,0.269612610341664,0.0941073546648802,"TRS"
"4528","One shore only","rare",136.363636363636,0.279876109354488,0.0941073546648802,"TRS"
"4529","One shore only","rare",141.414141414141,0.290132264405754,0.0941073546648802,"TRS"
"4530","One shore only","rare",146.464646464646,0.300381075495462,0.0941073546648802,"TRS"
"4531","One shore only","rare",151.515151515152,0.310622542623611,0.0941073546648802,"TRS"
"4532","One shore only","rare",156.565656565657,0.320856665790202,0.0941073546648802,"TRS"
"4533","One shore only","rare",161.616161616162,0.331083444995235,0.0941073546648802,"TRS"
"4534","One shore only","rare",166.666666666667,0.34130288023871,0.0941073546648802,"TRS"
"4535","One shore only","rare",171.717171717172,0.351514971520626,0.0941073546648802,"TRS"
"4536","One shore only","rare",176.767676767677,0.361719718840984,0.0941073546648802,"TRS"
"4537","One shore only","rare",181.818181818182,0.371917122199784,0.0941073546648802,"TRS"
"4538","One shore only","rare",186.868686868687,0.382107181597025,0.0941073546648802,"TRS"
"4539","One shore only","rare",191.919191919192,0.392289897032708,0.0941073546648802,"TRS"
"4540","One shore only","rare",196.969696969697,0.402465268506833,0.0941073546648802,"TRS"
"4541","One shore only","rare",202.020202020202,0.412633296019399,0.0941073546648802,"TRS"
"4542","One shore only","rare",207.070707070707,0.422793979570407,0.0941073546648802,"TRS"
"4543","One shore only","rare",212.121212121212,0.432947319159857,0.0941073546648802,"TRS"
"4544","One shore only","rare",217.171717171717,0.443093314787749,0.0941073546648802,"TRS"
"4545","One shore only","rare",222.222222222222,0.453231966454082,0.0941073546648802,"TRS"
"4546","One shore only","rare",227.272727272727,0.463363274158857,0.0941073546648802,"TRS"
"4547","One shore only","rare",232.323232323232,0.473487237902074,0.0941073546648802,"TRS"
"4548","One shore only","rare",237.373737373737,0.483603857683732,0.0941073546648802,"TRS"
"4549","One shore only","rare",242.424242424242,0.493713133503832,0.0941073546648802,"TRS"
"4550","One shore only","rare",247.474747474747,0.503815065362374,0.0941073546648802,"TRS"
"4551","One shore only","rare",252.525252525253,0.513909653259358,0.0941073546648802,"TRS"
"4552","One shore only","rare",257.575757575758,0.523996897194783,0.0941073546648802,"TRS"
"4553","One shore only","rare",262.626262626263,0.53407679716865,0.0941073546648802,"TRS"
"4554","One shore only","rare",267.676767676768,0.544149353180958,0.0941073546648802,"TRS"
"4555","One shore only","rare",272.727272727273,0.554214565231709,0.0941073546648802,"TRS"
"4556","One shore only","rare",277.777777777778,0.564272433320901,0.0941073546648802,"TRS"
"4557","One shore only","rare",282.828282828283,0.574322957448535,0.0941073546648802,"TRS"
"4558","One shore only","rare",287.878787878788,0.58436613761461,0.0941073546648802,"TRS"
"4559","One shore only","rare",292.929292929293,0.594401973819127,0.0941073546648802,"TRS"
"4560","One shore only","rare",297.979797979798,0.604430466062086,0.0941073546648802,"TRS"
"4561","One shore only","rare",303.030303030303,0.614451614343487,0.0941073546648802,"TRS"
"4562","One shore only","rare",308.080808080808,0.624465418663329,0.0941073546648802,"TRS"
"4563","One shore only","rare",313.131313131313,0.634471879021613,0.0941073546648802,"TRS"
"4564","One shore only","rare",318.181818181818,0.644470995418339,0.0941073546648802,"TRS"
"4565","One shore only","rare",323.232323232323,0.654462767853506,0.0941073546648802,"TRS"
"4566","One shore only","rare",328.282828282828,0.664447196327115,0.0941073546648802,"TRS"
"4567","One shore only","rare",333.333333333333,0.674424280839166,0.0941073546648802,"TRS"
"4568","One shore only","rare",338.383838383838,0.684394021389658,0.0941073546648802,"TRS"
"4569","One shore only","rare",343.434343434343,0.694356417978593,0.0941073546648802,"TRS"
"4570","One shore only","rare",348.484848484848,0.704311470605969,0.0941073546648802,"TRS"
"4571","One shore only","rare",353.535353535354,0.714259179271786,0.0941073546648802,"TRS"
"4572","One shore only","rare",358.585858585859,0.724199543976045,0.0941073546648802,"TRS"
"4573","One shore only","rare",363.636363636364,0.734132564718747,0.0941073546648802,"TRS"
"4574","One shore only","rare",368.686868686869,0.744058241499889,0.0941073546648802,"TRS"
"4575","One shore only","rare",373.737373737374,0.753976574319474,0.0941073546648802,"TRS"
"4576","One shore only","rare",378.787878787879,0.7638875631775,0.0941073546648802,"TRS"
"4577","One shore only","rare",383.838383838384,0.773791208073968,0.0941073546648802,"TRS"
"4578","One shore only","rare",388.888888888889,0.783687509008877,0.0941073546648802,"TRS"
"4579","One shore only","rare",393.939393939394,0.793576465982229,0.0941073546648802,"TRS"
"4580","One shore only","rare",398.989898989899,0.803458078994021,0.0941073546648802,"TRS"
"4581","One shore only","rare",404.040404040404,0.813332348044256,0.0941073546648802,"TRS"
"4582","One shore only","rare",409.090909090909,0.823199273132933,0.0941073546648802,"TRS"
"4583","One shore only","rare",414.141414141414,0.833058854260051,0.0941073546648802,"TRS"
"4584","One shore only","rare",419.191919191919,0.84291109142561,0.0941073546648802,"TRS"
"4585","One shore only","rare",424.242424242424,0.852755984629612,0.0941073546648802,"TRS"
"4586","One shore only","rare",429.292929292929,0.862593533872055,0.0941073546648802,"TRS"
"4587","One shore only","rare",434.343434343434,0.87242373915294,0.0941073546648802,"TRS"
"4588","One shore only","rare",439.393939393939,0.882246600472267,0.0941073546648802,"TRS"
"4589","One shore only","rare",444.444444444444,0.892062117830035,0.0941073546648802,"TRS"
"4590","One shore only","rare",449.494949494949,0.901870291226245,0.0941073546648802,"TRS"
"4591","One shore only","rare",454.545454545455,0.911671120660897,0.0941073546648802,"TRS"
"4592","One shore only","rare",459.59595959596,0.92146460613399,0.0941073546648802,"TRS"
"4593","One shore only","rare",464.646464646465,0.931250747645525,0.0941073546648802,"TRS"
"4594","One shore only","rare",469.69696969697,0.941029545195502,0.0941073546648802,"TRS"
"4595","One shore only","rare",474.747474747475,0.95080099878392,0.0941073546648802,"TRS"
"4596","One shore only","rare",479.79797979798,0.960565108410781,0.0941073546648802,"TRS"
"4597","One shore only","rare",484.848484848485,0.970321874076083,0.0941073546648802,"TRS"
"4598","One shore only","rare",489.89898989899,0.980071295779826,0.0941073546648802,"TRS"
"4599","One shore only","rare",494.949494949495,0.989813373522012,0.0941073546648802,"TRS"
"4600","One shore only","rare",500,0.999548107302639,0.0941073546648802,"TRS"
"4601","One shore; 2 additional","common",0,-0.000858638998372421,0.0111495027976633,"TRS"
"4602","One shore; 2 additional","common",5.05050505050505,0.00938585612882032,0.0111495027976633,"TRS"
"4603","One shore; 2 additional","common",10.1010101010101,0.0196276184619312,0.0111495027976633,"TRS"
"4604","One shore; 2 additional","common",15.1515151515152,0.0298666480009601,0.0111495027976633,"TRS"
"4605","One shore; 2 additional","common",20.2020202020202,0.0401029447459071,0.0111495027976633,"TRS"
"4606","One shore; 2 additional","common",25.2525252525253,0.0503365086967722,0.0111495027976633,"TRS"
"4607","One shore; 2 additional","common",30.3030303030303,0.0605673398535553,0.0111495027976633,"TRS"
"4608","One shore; 2 additional","common",35.3535353535353,0.0707954382162566,0.0111495027976633,"TRS"
"4609","One shore; 2 additional","common",40.4040404040404,0.081020803784876,0.0111495027976633,"TRS"
"4610","One shore; 2 additional","common",45.4545454545455,0.0912434365594135,0.0111495027976633,"TRS"
"4611","One shore; 2 additional","common",50.5050505050505,0.101463336539869,0.0111495027976633,"TRS"
"4612","One shore; 2 additional","common",55.5555555555556,0.111680503726243,0.0111495027976633,"TRS"
"4613","One shore; 2 additional","common",60.6060606060606,0.121894938118534,0.0111495027976633,"TRS"
"4614","One shore; 2 additional","common",65.6565656565656,0.132106639716744,0.0111495027976633,"TRS"
"4615","One shore; 2 additional","common",70.7070707070707,0.142315608520872,0.0111495027976633,"TRS"
"4616","One shore; 2 additional","common",75.7575757575758,0.152521844530918,0.0111495027976633,"TRS"
"4617","One shore; 2 additional","common",80.8080808080808,0.162725347746882,0.0111495027976633,"TRS"
"4618","One shore; 2 additional","common",85.8585858585859,0.172926118168764,0.0111495027976633,"TRS"
"4619","One shore; 2 additional","common",90.9090909090909,0.183124155796564,0.0111495027976633,"TRS"
"4620","One shore; 2 additional","common",95.959595959596,0.193319460630283,0.0111495027976633,"TRS"
"4621","One shore; 2 additional","common",101.010101010101,0.203512032669919,0.0111495027976633,"TRS"
"4622","One shore; 2 additional","common",106.060606060606,0.213701871915474,0.0111495027976633,"TRS"
"4623","One shore; 2 additional","common",111.111111111111,0.223888978366946,0.0111495027976633,"TRS"
"4624","One shore; 2 additional","common",116.161616161616,0.234073352024337,0.0111495027976633,"TRS"
"4625","One shore; 2 additional","common",121.212121212121,0.244254992887646,0.0111495027976633,"TRS"
"4626","One shore; 2 additional","common",126.262626262626,0.254433900956873,0.0111495027976633,"TRS"
"4627","One shore; 2 additional","common",131.313131313131,0.264610076232017,0.0111495027976633,"TRS"
"4628","One shore; 2 additional","common",136.363636363636,0.274783518713081,0.0111495027976633,"TRS"
"4629","One shore; 2 additional","common",141.414141414141,0.284954228400062,0.0111495027976633,"TRS"
"4630","One shore; 2 additional","common",146.464646464646,0.295122205292961,0.0111495027976633,"TRS"
"4631","One shore; 2 additional","common",151.515151515152,0.305287449391778,0.0111495027976633,"TRS"
"4632","One shore; 2 additional","common",156.565656565657,0.315449960696514,0.0111495027976633,"TRS"
"4633","One shore; 2 additional","common",161.616161616162,0.325609739207167,0.0111495027976633,"TRS"
"4634","One shore; 2 additional","common",166.666666666667,0.335766784923739,0.0111495027976633,"TRS"
"4635","One shore; 2 additional","common",171.717171717172,0.345921097846228,0.0111495027976633,"TRS"
"4636","One shore; 2 additional","common",176.767676767677,0.356072677974636,0.0111495027976633,"TRS"
"4637","One shore; 2 additional","common",181.818181818182,0.366221525308962,0.0111495027976633,"TRS"
"4638","One shore; 2 additional","common",186.868686868687,0.376367639849206,0.0111495027976633,"TRS"
"4639","One shore; 2 additional","common",191.919191919192,0.386511021595368,0.0111495027976633,"TRS"
"4640","One shore; 2 additional","common",196.969696969697,0.396651670547448,0.0111495027976633,"TRS"
"4641","One shore; 2 additional","common",202.020202020202,0.406789586705446,0.0111495027976633,"TRS"
"4642","One shore; 2 additional","common",207.070707070707,0.416924770069362,0.0111495027976633,"TRS"
"4643","One shore; 2 additional","common",212.121212121212,0.427057220639196,0.0111495027976633,"TRS"
"4644","One shore; 2 additional","common",217.171717171717,0.437186938414949,0.0111495027976633,"TRS"
"4645","One shore; 2 additional","common",222.222222222222,0.447313923396619,0.0111495027976633,"TRS"
"4646","One shore; 2 additional","common",227.272727272727,0.457438175584208,0.0111495027976633,"TRS"
"4647","One shore; 2 additional","common",232.323232323232,0.467559694977715,0.0111495027976633,"TRS"
"4648","One shore; 2 additional","common",237.373737373737,0.47767848157714,0.0111495027976633,"TRS"
"4649","One shore; 2 additional","common",242.424242424242,0.487794535382482,0.0111495027976633,"TRS"
"4650","One shore; 2 additional","common",247.474747474747,0.497907856393743,0.0111495027976633,"TRS"
"4651","One shore; 2 additional","common",252.525252525253,0.508018444610922,0.0111495027976633,"TRS"
"4652","One shore; 2 additional","common",257.575757575758,0.51812630003402,0.0111495027976633,"TRS"
"4653","One shore; 2 additional","common",262.626262626263,0.528231422663035,0.0111495027976633,"TRS"
"4654","One shore; 2 additional","common",267.676767676768,0.538333812497968,0.0111495027976633,"TRS"
"4655","One shore; 2 additional","common",272.727272727273,0.54843346953882,0.0111495027976633,"TRS"
"4656","One shore; 2 additional","common",277.777777777778,0.558530393785589,0.0111495027976633,"TRS"
"4657","One shore; 2 additional","common",282.828282828283,0.568624585238277,0.0111495027976633,"TRS"
"4658","One shore; 2 additional","common",287.878787878788,0.578716043896882,0.0111495027976633,"TRS"
"4659","One shore; 2 additional","common",292.929292929293,0.588804769761406,0.0111495027976633,"TRS"
"4660","One shore; 2 additional","common",297.979797979798,0.598890762831848,0.0111495027976633,"TRS"
"4661","One shore; 2 additional","common",303.030303030303,0.608974023108208,0.0111495027976633,"TRS"
"4662","One shore; 2 additional","common",308.080808080808,0.619054550590486,0.0111495027976633,"TRS"
"4663","One shore; 2 additional","common",313.131313131313,0.629132345278682,0.0111495027976633,"TRS"
"4664","One shore; 2 additional","common",318.181818181818,0.639207407172796,0.0111495027976633,"TRS"
"4665","One shore; 2 additional","common",323.232323232323,0.649279736272828,0.0111495027976633,"TRS"
"4666","One shore; 2 additional","common",328.282828282828,0.659349332578779,0.0111495027976633,"TRS"
"4667","One shore; 2 additional","common",333.333333333333,0.669416196090647,0.0111495027976633,"TRS"
"4668","One shore; 2 additional","common",338.383838383838,0.679480326808434,0.0111495027976633,"TRS"
"4669","One shore; 2 additional","common",343.434343434343,0.689541724732138,0.0111495027976633,"TRS"
"4670","One shore; 2 additional","common",348.484848484848,0.699600389861761,0.0111495027976633,"TRS"
"4671","One shore; 2 additional","common",353.535353535354,0.709656322197302,0.0111495027976633,"TRS"
"4672","One shore; 2 additional","common",358.585858585859,0.719709521738761,0.0111495027976633,"TRS"
"4673","One shore; 2 additional","common",363.636363636364,0.729759988486138,0.0111495027976633,"TRS"
"4674","One shore; 2 additional","common",368.686868686869,0.739807722439433,0.0111495027976633,"TRS"
"4675","One shore; 2 additional","common",373.737373737374,0.749852723598646,0.0111495027976633,"TRS"
"4676","One shore; 2 additional","common",378.787878787879,0.759894991963777,0.0111495027976633,"TRS"
"4677","One shore; 2 additional","common",383.838383838384,0.769934527534827,0.0111495027976633,"TRS"
"4678","One shore; 2 additional","common",388.888888888889,0.779971330311794,0.0111495027976633,"TRS"
"4679","One shore; 2 additional","common",393.939393939394,0.79000540029468,0.0111495027976633,"TRS"
"4680","One shore; 2 additional","common",398.989898989899,0.800036737483483,0.0111495027976633,"TRS"
"4681","One shore; 2 additional","common",404.040404040404,0.810065341878205,0.0111495027976633,"TRS"
"4682","One shore; 2 additional","common",409.090909090909,0.820091213478845,0.0111495027976633,"TRS"
"4683","One shore; 2 additional","common",414.141414141414,0.830114352285402,0.0111495027976633,"TRS"
"4684","One shore; 2 additional","common",419.191919191919,0.840134758297878,0.0111495027976633,"TRS"
"4685","One shore; 2 additional","common",424.242424242424,0.850152431516272,0.0111495027976633,"TRS"
"4686","One shore; 2 additional","common",429.292929292929,0.860167371940585,0.0111495027976633,"TRS"
"4687","One shore; 2 additional","common",434.343434343434,0.870179579570815,0.0111495027976633,"TRS"
"4688","One shore; 2 additional","common",439.393939393939,0.880189054406963,0.0111495027976633,"TRS"
"4689","One shore; 2 additional","common",444.444444444444,0.89019579644903,0.0111495027976633,"TRS"
"4690","One shore; 2 additional","common",449.494949494949,0.900199805697014,0.0111495027976633,"TRS"
"4691","One shore; 2 additional","common",454.545454545455,0.910201082150917,0.0111495027976633,"TRS"
"4692","One shore; 2 additional","common",459.59595959596,0.920199625810737,0.0111495027976633,"TRS"
"4693","One shore; 2 additional","common",464.646464646465,0.930195436676476,0.0111495027976633,"TRS"
"4694","One shore; 2 additional","common",469.69696969697,0.940188514748133,0.0111495027976633,"TRS"
"4695","One shore; 2 additional","common",474.747474747475,0.950178860025708,0.0111495027976633,"TRS"
"4696","One shore; 2 additional","common",479.79797979798,0.960166472509201,0.0111495027976633,"TRS"
"4697","One shore; 2 additional","common",484.848484848485,0.970151352198612,0.0111495027976633,"TRS"
"4698","One shore; 2 additional","common",489.89898989899,0.980133499093941,0.0111495027976633,"TRS"
"4699","One shore; 2 additional","common",494.949494949495,0.990112913195188,0.0111495027976633,"TRS"
"4700","One shore; 2 additional","common",500,1.00008959450235,0.0111495027976633,"TRS"
"4701","One shore; 2 additional","rare",0,-0.000720989040137509,0.0961966965319032,"TRS"
"4702","One shore; 2 additional","rare",5.05050505050505,0.00940327212589123,0.0961966965319032,"TRS"
"4703","One shore; 2 additional","rare",10.1010101010101,0.01952753329192,0.0961966965319032,"TRS"
"4704","One shore; 2 additional","rare",15.1515151515152,0.0296517944579487,0.0961966965319032,"TRS"
"4705","One shore; 2 additional","rare",20.2020202020202,0.0397760556239775,0.0961966965319032,"TRS"
"4706","One shore; 2 additional","rare",25.2525252525253,0.0499003167900062,0.0961966965319032,"TRS"
"4707","One shore; 2 additional","rare",30.3030303030303,0.0600245779560349,0.0961966965319032,"TRS"
"4708","One shore; 2 additional","rare",35.3535353535353,0.0701488391220637,0.0961966965319032,"TRS"
"4709","One shore; 2 additional","rare",40.4040404040404,0.0802731002880924,0.0961966965319032,"TRS"
"4710","One shore; 2 additional","rare",45.4545454545455,0.0903973614541212,0.0961966965319032,"TRS"
"4711","One shore; 2 additional","rare",50.5050505050505,0.10052162262015,0.0961966965319032,"TRS"
"4712","One shore; 2 additional","rare",55.5555555555556,0.110645883786179,0.0961966965319032,"TRS"
"4713","One shore; 2 additional","rare",60.6060606060606,0.120770144952207,0.0961966965319032,"TRS"
"4714","One shore; 2 additional","rare",65.6565656565656,0.130894406118236,0.0961966965319032,"TRS"
"4715","One shore; 2 additional","rare",70.7070707070707,0.141018667284265,0.0961966965319032,"TRS"
"4716","One shore; 2 additional","rare",75.7575757575758,0.151142928450294,0.0961966965319032,"TRS"
"4717","One shore; 2 additional","rare",80.8080808080808,0.161267189616322,0.0961966965319032,"TRS"
"4718","One shore; 2 additional","rare",85.8585858585859,0.171391450782351,0.0961966965319032,"TRS"
"4719","One shore; 2 additional","rare",90.9090909090909,0.18151571194838,0.0961966965319032,"TRS"
"4720","One shore; 2 additional","rare",95.959595959596,0.191639973114409,0.0961966965319032,"TRS"
"4721","One shore; 2 additional","rare",101.010101010101,0.201764234280437,0.0961966965319032,"TRS"
"4722","One shore; 2 additional","rare",106.060606060606,0.211888495446466,0.0961966965319032,"TRS"
"4723","One shore; 2 additional","rare",111.111111111111,0.222012756612495,0.0961966965319032,"TRS"
"4724","One shore; 2 additional","rare",116.161616161616,0.232137017778524,0.0961966965319032,"TRS"
"4725","One shore; 2 additional","rare",121.212121212121,0.242261278944552,0.0961966965319032,"TRS"
"4726","One shore; 2 additional","rare",126.262626262626,0.252385540110581,0.0961966965319032,"TRS"
"4727","One shore; 2 additional","rare",131.313131313131,0.26250980127661,0.0961966965319032,"TRS"
"4728","One shore; 2 additional","rare",136.363636363636,0.272634062442638,0.0961966965319032,"TRS"
"4729","One shore; 2 additional","rare",141.414141414141,0.282758323608667,0.0961966965319032,"TRS"
"4730","One shore; 2 additional","rare",146.464646464646,0.292882584774696,0.0961966965319032,"TRS"
"4731","One shore; 2 additional","rare",151.515151515152,0.303006845940725,0.0961966965319032,"TRS"
"4732","One shore; 2 additional","rare",156.565656565657,0.313131107106753,0.0961966965319032,"TRS"
"4733","One shore; 2 additional","rare",161.616161616162,0.323255368272782,0.0961966965319032,"TRS"
"4734","One shore; 2 additional","rare",166.666666666667,0.333379629438811,0.0961966965319032,"TRS"
"4735","One shore; 2 additional","rare",171.717171717172,0.34350389060484,0.0961966965319032,"TRS"
"4736","One shore; 2 additional","rare",176.767676767677,0.353628151770868,0.0961966965319032,"TRS"
"4737","One shore; 2 additional","rare",181.818181818182,0.363752412936897,0.0961966965319032,"TRS"
"4738","One shore; 2 additional","rare",186.868686868687,0.373876674102926,0.0961966965319032,"TRS"
"4739","One shore; 2 additional","rare",191.919191919192,0.384000935268955,0.0961966965319032,"TRS"
"4740","One shore; 2 additional","rare",196.969696969697,0.394125196434983,0.0961966965319032,"TRS"
"4741","One shore; 2 additional","rare",202.020202020202,0.404249457601012,0.0961966965319032,"TRS"
"4742","One shore; 2 additional","rare",207.070707070707,0.414373718767041,0.0961966965319032,"TRS"
"4743","One shore; 2 additional","rare",212.121212121212,0.42449797993307,0.0961966965319032,"TRS"
"4744","One shore; 2 additional","rare",217.171717171717,0.434622241099098,0.0961966965319032,"TRS"
"4745","One shore; 2 additional","rare",222.222222222222,0.444746502265127,0.0961966965319032,"TRS"
"4746","One shore; 2 additional","rare",227.272727272727,0.454870763431156,0.0961966965319032,"TRS"
"4747","One shore; 2 additional","rare",232.323232323232,0.464995024597185,0.0961966965319032,"TRS"
"4748","One shore; 2 additional","rare",237.373737373737,0.475119285763213,0.0961966965319032,"TRS"
"4749","One shore; 2 additional","rare",242.424242424242,0.485243546929242,0.0961966965319032,"TRS"
"4750","One shore; 2 additional","rare",247.474747474747,0.495367808095271,0.0961966965319032,"TRS"
"4751","One shore; 2 additional","rare",252.525252525253,0.5054920692613,0.0961966965319032,"TRS"
"4752","One shore; 2 additional","rare",257.575757575758,0.515616330427328,0.0961966965319032,"TRS"
"4753","One shore; 2 additional","rare",262.626262626263,0.525740591593357,0.0961966965319032,"TRS"
"4754","One shore; 2 additional","rare",267.676767676768,0.535864852759386,0.0961966965319032,"TRS"
"4755","One shore; 2 additional","rare",272.727272727273,0.545989113925414,0.0961966965319032,"TRS"
"4756","One shore; 2 additional","rare",277.777777777778,0.556113375091443,0.0961966965319032,"TRS"
"4757","One shore; 2 additional","rare",282.828282828283,0.566237636257472,0.0961966965319032,"TRS"
"4758","One shore; 2 additional","rare",287.878787878788,0.576361897423501,0.0961966965319032,"TRS"
"4759","One shore; 2 additional","rare",292.929292929293,0.586486158589529,0.0961966965319032,"TRS"
"4760","One shore; 2 additional","rare",297.979797979798,0.596610419755558,0.0961966965319032,"TRS"
"4761","One shore; 2 additional","rare",303.030303030303,0.606734680921587,0.0961966965319032,"TRS"
"4762","One shore; 2 additional","rare",308.080808080808,0.616858942087616,0.0961966965319032,"TRS"
"4763","One shore; 2 additional","rare",313.131313131313,0.626983203253644,0.0961966965319032,"TRS"
"4764","One shore; 2 additional","rare",318.181818181818,0.637107464419673,0.0961966965319032,"TRS"
"4765","One shore; 2 additional","rare",323.232323232323,0.647231725585702,0.0961966965319032,"TRS"
"4766","One shore; 2 additional","rare",328.282828282828,0.657355986751731,0.0961966965319032,"TRS"
"4767","One shore; 2 additional","rare",333.333333333333,0.667480247917759,0.0961966965319032,"TRS"
"4768","One shore; 2 additional","rare",338.383838383838,0.677604509083788,0.0961966965319032,"TRS"
"4769","One shore; 2 additional","rare",343.434343434343,0.687728770249817,0.0961966965319032,"TRS"
"4770","One shore; 2 additional","rare",348.484848484848,0.697853031415846,0.0961966965319032,"TRS"
"4771","One shore; 2 additional","rare",353.535353535354,0.707977292581874,0.0961966965319032,"TRS"
"4772","One shore; 2 additional","rare",358.585858585859,0.718101553747903,0.0961966965319032,"TRS"
"4773","One shore; 2 additional","rare",363.636363636364,0.728225814913932,0.0961966965319032,"TRS"
"4774","One shore; 2 additional","rare",368.686868686869,0.738350076079961,0.0961966965319032,"TRS"
"4775","One shore; 2 additional","rare",373.737373737374,0.748474337245989,0.0961966965319032,"TRS"
"4776","One shore; 2 additional","rare",378.787878787879,0.758598598412018,0.0961966965319032,"TRS"
"4777","One shore; 2 additional","rare",383.838383838384,0.768722859578047,0.0961966965319032,"TRS"
"4778","One shore; 2 additional","rare",388.888888888889,0.778847120744076,0.0961966965319032,"TRS"
"4779","One shore; 2 additional","rare",393.939393939394,0.788971381910104,0.0961966965319032,"TRS"
"4780","One shore; 2 additional","rare",398.989898989899,0.799095643076133,0.0961966965319032,"TRS"
"4781","One shore; 2 additional","rare",404.040404040404,0.809219904242162,0.0961966965319032,"TRS"
"4782","One shore; 2 additional","rare",409.090909090909,0.819344165408191,0.0961966965319032,"TRS"
"4783","One shore; 2 additional","rare",414.141414141414,0.829468426574219,0.0961966965319032,"TRS"
"4784","One shore; 2 additional","rare",419.191919191919,0.839592687740248,0.0961966965319032,"TRS"
"4785","One shore; 2 additional","rare",424.242424242424,0.849716948906277,0.0961966965319032,"TRS"
"4786","One shore; 2 additional","rare",429.292929292929,0.859841210072306,0.0961966965319032,"TRS"
"4787","One shore; 2 additional","rare",434.343434343434,0.869965471238334,0.0961966965319032,"TRS"
"4788","One shore; 2 additional","rare",439.393939393939,0.880089732404363,0.0961966965319032,"TRS"
"4789","One shore; 2 additional","rare",444.444444444444,0.890213993570392,0.0961966965319032,"TRS"
"4790","One shore; 2 additional","rare",449.494949494949,0.90033825473642,0.0961966965319032,"TRS"
"4791","One shore; 2 additional","rare",454.545454545455,0.910462515902449,0.0961966965319032,"TRS"
"4792","One shore; 2 additional","rare",459.59595959596,0.920586777068478,0.0961966965319032,"TRS"
"4793","One shore; 2 additional","rare",464.646464646465,0.930711038234507,0.0961966965319032,"TRS"
"4794","One shore; 2 additional","rare",469.69696969697,0.940835299400535,0.0961966965319032,"TRS"
"4795","One shore; 2 additional","rare",474.747474747475,0.950959560566564,0.0961966965319032,"TRS"
"4796","One shore; 2 additional","rare",479.79797979798,0.961083821732593,0.0961966965319032,"TRS"
"4797","One shore; 2 additional","rare",484.848484848485,0.971208082898622,0.0961966965319032,"TRS"
"4798","One shore; 2 additional","rare",489.89898989899,0.98133234406465,0.0961966965319032,"TRS"
"4799","One shore; 2 additional","rare",494.949494949495,0.991456605230679,0.0961966965319032,"TRS"
"4800","One shore; 2 additional","rare",500,1.00158086639671,0.0961966965319032,"TRS"
"4801","One shore; one middle","common",0,-0.00173254137142813,0.0103208807808352,"TRS"
"4802","One shore; one middle","common",5.05050505050505,0.00857235997081602,0.0103208807808352,"TRS"
"4803","One shore; one middle","common",10.1010101010101,0.0188735209933851,0.0103208807808352,"TRS"
"4804","One shore; one middle","common",15.1515151515152,0.0291709416962789,0.0103208807808352,"TRS"
"4805","One shore; one middle","common",20.2020202020202,0.0394646220794976,0.0103208807808352,"TRS"
"4806","One shore; one middle","common",25.2525252525253,0.0497545621430412,0.0103208807808352,"TRS"
"4807","One shore; one middle","common",30.3030303030303,0.0600407618869095,0.0103208807808352,"TRS"
"4808","One shore; one middle","common",35.3535353535353,0.0703232213111027,0.0103208807808352,"TRS"
"4809","One shore; one middle","common",40.4040404040404,0.0806019404156207,0.0103208807808352,"TRS"
"4810","One shore; one middle","common",45.4545454545455,0.0908769192004636,0.0103208807808352,"TRS"
"4811","One shore; one middle","common",50.5050505050505,0.101148157665631,0.0103208807808352,"TRS"
"4812","One shore; one middle","common",55.5555555555556,0.111415655811124,0.0103208807808352,"TRS"
"4813","One shore; one middle","common",60.6060606060606,0.121679413636941,0.0103208807808352,"TRS"
"4814","One shore; one middle","common",65.6565656565656,0.131939431143084,0.0103208807808352,"TRS"
"4815","One shore; one middle","common",70.7070707070707,0.142195708329551,0.0103208807808352,"TRS"
"4816","One shore; one middle","common",75.7575757575758,0.152448245196342,0.0103208807808352,"TRS"
"4817","One shore; one middle","common",80.8080808080808,0.162697041743459,0.0103208807808352,"TRS"
"4818","One shore; one middle","common",85.8585858585859,0.172942097970901,0.0103208807808352,"TRS"
"4819","One shore; one middle","common",90.9090909090909,0.183183413878667,0.0103208807808352,"TRS"
"4820","One shore; one middle","common",95.959595959596,0.193420989466759,0.0103208807808352,"TRS"
"4821","One shore; one middle","common",101.010101010101,0.203654824735175,0.0103208807808352,"TRS"
"4822","One shore; one middle","common",106.060606060606,0.213884919683916,0.0103208807808352,"TRS"
"4823","One shore; one middle","common",111.111111111111,0.224111274312981,0.0103208807808352,"TRS"
"4824","One shore; one middle","common",116.161616161616,0.234333888622372,0.0103208807808352,"TRS"
"4825","One shore; one middle","common",121.212121212121,0.244552762612087,0.0103208807808352,"TRS"
"4826","One shore; one middle","common",126.262626262626,0.254767896282128,0.0103208807808352,"TRS"
"4827","One shore; one middle","common",131.313131313131,0.264979289632493,0.0103208807808352,"TRS"
"4828","One shore; one middle","common",136.363636363636,0.275186942663183,0.0103208807808352,"TRS"
"4829","One shore; one middle","common",141.414141414141,0.285390855374198,0.0103208807808352,"TRS"
"4830","One shore; one middle","common",146.464646464646,0.295591027765537,0.0103208807808352,"TRS"
"4831","One shore; one middle","common",151.515151515152,0.305787459837202,0.0103208807808352,"TRS"
"4832","One shore; one middle","common",156.565656565657,0.315980151589191,0.0103208807808352,"TRS"
"4833","One shore; one middle","common",161.616161616162,0.326169103021505,0.0103208807808352,"TRS"
"4834","One shore; one middle","common",166.666666666667,0.336354314134144,0.0103208807808352,"TRS"
"4835","One shore; one middle","common",171.717171717172,0.346535784927108,0.0103208807808352,"TRS"
"4836","One shore; one middle","common",176.767676767677,0.356713515400397,0.0103208807808352,"TRS"
"4837","One shore; one middle","common",181.818181818182,0.36688750555401,0.0103208807808352,"TRS"
"4838","One shore; one middle","common",186.868686868687,0.377057755387949,0.0103208807808352,"TRS"
"4839","One shore; one middle","common",191.919191919192,0.387224264902212,0.0103208807808352,"TRS"
"4840","One shore; one middle","common",196.969696969697,0.3973870340968,0.0103208807808352,"TRS"
"4841","One shore; one middle","common",202.020202020202,0.407546062971713,0.0103208807808352,"TRS"
"4842","One shore; one middle","common",207.070707070707,0.41770135152695,0.0103208807808352,"TRS"
"4843","One shore; one middle","common",212.121212121212,0.427852899762513,0.0103208807808352,"TRS"
"4844","One shore; one middle","common",217.171717171717,0.4380007076784,0.0103208807808352,"TRS"
"4845","One shore; one middle","common",222.222222222222,0.448144775274612,0.0103208807808352,"TRS"
"4846","One shore; one middle","common",227.272727272727,0.45828510255115,0.0103208807808352,"TRS"
"4847","One shore; one middle","common",232.323232323232,0.468421689508011,0.0103208807808352,"TRS"
"4848","One shore; one middle","common",237.373737373737,0.478554536145198,0.0103208807808352,"TRS"
"4849","One shore; one middle","common",242.424242424242,0.48868364246271,0.0103208807808352,"TRS"
"4850","One shore; one middle","common",247.474747474747,0.498809008460546,0.0103208807808352,"TRS"
"4851","One shore; one middle","common",252.525252525253,0.508930634138707,0.0103208807808352,"TRS"
"4852","One shore; one middle","common",257.575757575758,0.519048519497193,0.0103208807808352,"TRS"
"4853","One shore; one middle","common",262.626262626263,0.529162664536004,0.0103208807808352,"TRS"
"4854","One shore; one middle","common",267.676767676768,0.53927306925514,0.0103208807808352,"TRS"
"4855","One shore; one middle","common",272.727272727273,0.549379733654601,0.0103208807808352,"TRS"
"4856","One shore; one middle","common",277.777777777778,0.559482657734386,0.0103208807808352,"TRS"
"4857","One shore; one middle","common",282.828282828283,0.569581841494496,0.0103208807808352,"TRS"
"4858","One shore; one middle","common",287.878787878788,0.579677284934932,0.0103208807808352,"TRS"
"4859","One shore; one middle","common",292.929292929293,0.589768988055691,0.0103208807808352,"TRS"
"4860","One shore; one middle","common",297.979797979798,0.599856950856776,0.0103208807808352,"TRS"
"4861","One shore; one middle","common",303.030303030303,0.609941173338186,0.0103208807808352,"TRS"
"4862","One shore; one middle","common",308.080808080808,0.62002165549992,0.0103208807808352,"TRS"
"4863","One shore; one middle","common",313.131313131313,0.63009839734198,0.0103208807808352,"TRS"
"4864","One shore; one middle","common",318.181818181818,0.640171398864364,0.0103208807808352,"TRS"
"4865","One shore; one middle","common",323.232323232323,0.650240660067073,0.0103208807808352,"TRS"
"4866","One shore; one middle","common",328.282828282828,0.660306180950107,0.0103208807808352,"TRS"
"4867","One shore; one middle","common",333.333333333333,0.670367961513465,0.0103208807808352,"TRS"
"4868","One shore; one middle","common",338.383838383838,0.680426001757149,0.0103208807808352,"TRS"
"4869","One shore; one middle","common",343.434343434343,0.690480301681157,0.0103208807808352,"TRS"
"4870","One shore; one middle","common",348.484848484848,0.70053086128549,0.0103208807808352,"TRS"
"4871","One shore; one middle","common",353.535353535354,0.710577680570148,0.0103208807808352,"TRS"
"4872","One shore; one middle","common",358.585858585859,0.720620759535131,0.0103208807808352,"TRS"
"4873","One shore; one middle","common",363.636363636364,0.730660098180439,0.0103208807808352,"TRS"
"4874","One shore; one middle","common",368.686868686869,0.740695696506071,0.0103208807808352,"TRS"
"4875","One shore; one middle","common",373.737373737374,0.750727554512029,0.0103208807808352,"TRS"
"4876","One shore; one middle","common",378.787878787879,0.760755672198311,0.0103208807808352,"TRS"
"4877","One shore; one middle","common",383.838383838384,0.770780049564918,0.0103208807808352,"TRS"
"4878","One shore; one middle","common",388.888888888889,0.78080068661185,0.0103208807808352,"TRS"
"4879","One shore; one middle","common",393.939393939394,0.790817583339107,0.0103208807808352,"TRS"
"4880","One shore; one middle","common",398.989898989899,0.800830739746688,0.0103208807808352,"TRS"
"4881","One shore; one middle","common",404.040404040404,0.810840155834594,0.0103208807808352,"TRS"
"4882","One shore; one middle","common",409.090909090909,0.820845831602826,0.0103208807808352,"TRS"
"4883","One shore; one middle","common",414.141414141414,0.830847767051382,0.0103208807808352,"TRS"
"4884","One shore; one middle","common",419.191919191919,0.840845962180263,0.0103208807808352,"TRS"
"4885","One shore; one middle","common",424.242424242424,0.850840416989468,0.0103208807808352,"TRS"
"4886","One shore; one middle","common",429.292929292929,0.860831131478999,0.0103208807808352,"TRS"
"4887","One shore; one middle","common",434.343434343434,0.870818105648854,0.0103208807808352,"TRS"
"4888","One shore; one middle","common",439.393939393939,0.880801339499035,0.0103208807808352,"TRS"
"4889","One shore; one middle","common",444.444444444444,0.89078083302954,0.0103208807808352,"TRS"
"4890","One shore; one middle","common",449.494949494949,0.90075658624037,0.0103208807808352,"TRS"
"4891","One shore; one middle","common",454.545454545455,0.910728599131524,0.0103208807808352,"TRS"
"4892","One shore; one middle","common",459.59595959596,0.920696871703004,0.0103208807808352,"TRS"
"4893","One shore; one middle","common",464.646464646465,0.930661403954808,0.0103208807808352,"TRS"
"4894","One shore; one middle","common",469.69696969697,0.940622195886938,0.0103208807808352,"TRS"
"4895","One shore; one middle","common",474.747474747475,0.950579247499392,0.0103208807808352,"TRS"
"4896","One shore; one middle","common",479.79797979798,0.960532558792171,0.0103208807808352,"TRS"
"4897","One shore; one middle","common",484.848484848485,0.970482129765275,0.0103208807808352,"TRS"
"4898","One shore; one middle","common",489.89898989899,0.980427960418703,0.0103208807808352,"TRS"
"4899","One shore; one middle","common",494.949494949495,0.990370050752457,0.0103208807808352,"TRS"
"4900","One shore; one middle","common",500,1.00030840076654,0.0103208807808352,"TRS"
"4901","One shore; one middle","rare",0,-0.00397330828138711,0.087900007637514,"TRS"
"4902","One shore; one middle","rare",5.05050505050505,0.00616445503179747,0.087900007637514,"TRS"
"4903","One shore; one middle","rare",10.1010101010101,0.016302218344982,0.087900007637514,"TRS"
"4904","One shore; one middle","rare",15.1515151515152,0.0264399816581666,0.087900007637514,"TRS"
"4905","One shore; one middle","rare",20.2020202020202,0.0365777449713512,0.087900007637514,"TRS"
"4906","One shore; one middle","rare",25.2525252525253,0.0467155082845358,0.087900007637514,"TRS"
"4907","One shore; one middle","rare",30.3030303030303,0.0568532715977203,0.087900007637514,"TRS"
"4908","One shore; one middle","rare",35.3535353535353,0.0669910349109049,0.087900007637514,"TRS"
"4909","One shore; one middle","rare",40.4040404040404,0.0771287982240895,0.087900007637514,"TRS"
"4910","One shore; one middle","rare",45.4545454545455,0.0872665615372741,0.087900007637514,"TRS"
"4911","One shore; one middle","rare",50.5050505050505,0.0974043248504586,0.087900007637514,"TRS"
"4912","One shore; one middle","rare",55.5555555555556,0.107542088163643,0.087900007637514,"TRS"
"4913","One shore; one middle","rare",60.6060606060606,0.117679851476828,0.087900007637514,"TRS"
"4914","One shore; one middle","rare",65.6565656565656,0.127817614790012,0.087900007637514,"TRS"
"4915","One shore; one middle","rare",70.7070707070707,0.137955378103197,0.087900007637514,"TRS"
"4916","One shore; one middle","rare",75.7575757575758,0.148093141416381,0.087900007637514,"TRS"
"4917","One shore; one middle","rare",80.8080808080808,0.158230904729566,0.087900007637514,"TRS"
"4918","One shore; one middle","rare",85.8585858585859,0.168368668042751,0.087900007637514,"TRS"
"4919","One shore; one middle","rare",90.9090909090909,0.178506431355935,0.087900007637514,"TRS"
"4920","One shore; one middle","rare",95.959595959596,0.18864419466912,0.087900007637514,"TRS"
"4921","One shore; one middle","rare",101.010101010101,0.198781957982304,0.087900007637514,"TRS"
"4922","One shore; one middle","rare",106.060606060606,0.208919721295489,0.087900007637514,"TRS"
"4923","One shore; one middle","rare",111.111111111111,0.219057484608673,0.087900007637514,"TRS"
"4924","One shore; one middle","rare",116.161616161616,0.229195247921858,0.087900007637514,"TRS"
"4925","One shore; one middle","rare",121.212121212121,0.239333011235043,0.087900007637514,"TRS"
"4926","One shore; one middle","rare",126.262626262626,0.249470774548227,0.087900007637514,"TRS"
"4927","One shore; one middle","rare",131.313131313131,0.259608537861412,0.087900007637514,"TRS"
"4928","One shore; one middle","rare",136.363636363636,0.269746301174596,0.087900007637514,"TRS"
"4929","One shore; one middle","rare",141.414141414141,0.279884064487781,0.087900007637514,"TRS"
"4930","One shore; one middle","rare",146.464646464646,0.290021827800965,0.087900007637514,"TRS"
"4931","One shore; one middle","rare",151.515151515152,0.30015959111415,0.087900007637514,"TRS"
"4932","One shore; one middle","rare",156.565656565657,0.310297354427335,0.087900007637514,"TRS"
"4933","One shore; one middle","rare",161.616161616162,0.320435117740519,0.087900007637514,"TRS"
"4934","One shore; one middle","rare",166.666666666667,0.330572881053704,0.087900007637514,"TRS"
"4935","One shore; one middle","rare",171.717171717172,0.340710644366888,0.087900007637514,"TRS"
"4936","One shore; one middle","rare",176.767676767677,0.350848407680073,0.087900007637514,"TRS"
"4937","One shore; one middle","rare",181.818181818182,0.360986170993258,0.087900007637514,"TRS"
"4938","One shore; one middle","rare",186.868686868687,0.371123934306442,0.087900007637514,"TRS"
"4939","One shore; one middle","rare",191.919191919192,0.381261697619627,0.087900007637514,"TRS"
"4940","One shore; one middle","rare",196.969696969697,0.391399460932811,0.087900007637514,"TRS"
"4941","One shore; one middle","rare",202.020202020202,0.401537224245996,0.087900007637514,"TRS"
"4942","One shore; one middle","rare",207.070707070707,0.41167498755918,0.087900007637514,"TRS"
"4943","One shore; one middle","rare",212.121212121212,0.421812750872365,0.087900007637514,"TRS"
"4944","One shore; one middle","rare",217.171717171717,0.431950514185549,0.087900007637514,"TRS"
"4945","One shore; one middle","rare",222.222222222222,0.442088277498734,0.087900007637514,"TRS"
"4946","One shore; one middle","rare",227.272727272727,0.452226040811919,0.087900007637514,"TRS"
"4947","One shore; one middle","rare",232.323232323232,0.462363804125103,0.087900007637514,"TRS"
"4948","One shore; one middle","rare",237.373737373737,0.472501567438288,0.087900007637514,"TRS"
"4949","One shore; one middle","rare",242.424242424242,0.482639330751472,0.087900007637514,"TRS"
"4950","One shore; one middle","rare",247.474747474747,0.492777094064657,0.087900007637514,"TRS"
"4951","One shore; one middle","rare",252.525252525253,0.502914857377841,0.087900007637514,"TRS"
"4952","One shore; one middle","rare",257.575757575758,0.513052620691026,0.087900007637514,"TRS"
"4953","One shore; one middle","rare",262.626262626263,0.523190384004211,0.087900007637514,"TRS"
"4954","One shore; one middle","rare",267.676767676768,0.533328147317395,0.087900007637514,"TRS"
"4955","One shore; one middle","rare",272.727272727273,0.54346591063058,0.087900007637514,"TRS"
"4956","One shore; one middle","rare",277.777777777778,0.553603673943764,0.087900007637514,"TRS"
"4957","One shore; one middle","rare",282.828282828283,0.563741437256949,0.087900007637514,"TRS"
"4958","One shore; one middle","rare",287.878787878788,0.573879200570134,0.087900007637514,"TRS"
"4959","One shore; one middle","rare",292.929292929293,0.584016963883318,0.087900007637514,"TRS"
"4960","One shore; one middle","rare",297.979797979798,0.594154727196503,0.087900007637514,"TRS"
"4961","One shore; one middle","rare",303.030303030303,0.604292490509687,0.087900007637514,"TRS"
"4962","One shore; one middle","rare",308.080808080808,0.614430253822872,0.087900007637514,"TRS"
"4963","One shore; one middle","rare",313.131313131313,0.624568017136056,0.087900007637514,"TRS"
"4964","One shore; one middle","rare",318.181818181818,0.634705780449241,0.087900007637514,"TRS"
"4965","One shore; one middle","rare",323.232323232323,0.644843543762425,0.087900007637514,"TRS"
"4966","One shore; one middle","rare",328.282828282828,0.65498130707561,0.087900007637514,"TRS"
"4967","One shore; one middle","rare",333.333333333333,0.665119070388795,0.087900007637514,"TRS"
"4968","One shore; one middle","rare",338.383838383838,0.675256833701979,0.087900007637514,"TRS"
"4969","One shore; one middle","rare",343.434343434343,0.685394597015164,0.087900007637514,"TRS"
"4970","One shore; one middle","rare",348.484848484848,0.695532360328348,0.087900007637514,"TRS"
"4971","One shore; one middle","rare",353.535353535354,0.705670123641533,0.087900007637514,"TRS"
"4972","One shore; one middle","rare",358.585858585859,0.715807886954717,0.087900007637514,"TRS"
"4973","One shore; one middle","rare",363.636363636364,0.725945650267902,0.087900007637514,"TRS"
"4974","One shore; one middle","rare",368.686868686869,0.736083413581087,0.087900007637514,"TRS"
"4975","One shore; one middle","rare",373.737373737374,0.746221176894271,0.087900007637514,"TRS"
"4976","One shore; one middle","rare",378.787878787879,0.756358940207456,0.087900007637514,"TRS"
"4977","One shore; one middle","rare",383.838383838384,0.76649670352064,0.087900007637514,"TRS"
"4978","One shore; one middle","rare",388.888888888889,0.776634466833825,0.087900007637514,"TRS"
"4979","One shore; one middle","rare",393.939393939394,0.78677223014701,0.087900007637514,"TRS"
"4980","One shore; one middle","rare",398.989898989899,0.796909993460194,0.087900007637514,"TRS"
"4981","One shore; one middle","rare",404.040404040404,0.807047756773379,0.087900007637514,"TRS"
"4982","One shore; one middle","rare",409.090909090909,0.817185520086563,0.087900007637514,"TRS"
"4983","One shore; one middle","rare",414.141414141414,0.827323283399748,0.087900007637514,"TRS"
"4984","One shore; one middle","rare",419.191919191919,0.837461046712932,0.087900007637514,"TRS"
"4985","One shore; one middle","rare",424.242424242424,0.847598810026117,0.087900007637514,"TRS"
"4986","One shore; one middle","rare",429.292929292929,0.857736573339302,0.087900007637514,"TRS"
"4987","One shore; one middle","rare",434.343434343434,0.867874336652486,0.087900007637514,"TRS"
"4988","One shore; one middle","rare",439.393939393939,0.878012099965671,0.087900007637514,"TRS"
"4989","One shore; one middle","rare",444.444444444444,0.888149863278855,0.087900007637514,"TRS"
"4990","One shore; one middle","rare",449.494949494949,0.89828762659204,0.087900007637514,"TRS"
"4991","One shore; one middle","rare",454.545454545455,0.908425389905224,0.087900007637514,"TRS"
"4992","One shore; one middle","rare",459.59595959596,0.918563153218409,0.087900007637514,"TRS"
"4993","One shore; one middle","rare",464.646464646465,0.928700916531593,0.087900007637514,"TRS"
"4994","One shore; one middle","rare",469.69696969697,0.938838679844778,0.087900007637514,"TRS"
"4995","One shore; one middle","rare",474.747474747475,0.948976443157963,0.087900007637514,"TRS"
"4996","One shore; one middle","rare",479.79797979798,0.959114206471147,0.087900007637514,"TRS"
"4997","One shore; one middle","rare",484.848484848485,0.969251969784332,0.087900007637514,"TRS"
"4998","One shore; one middle","rare",489.89898989899,0.979389733097516,0.087900007637514,"TRS"
"4999","One shore; one middle","rare",494.949494949495,0.989527496410701,0.087900007637514,"TRS"
"5000","One shore; one middle","rare",500,0.999665259723886,0.087900007637514,"TRS"
"5001","One shore; one middle; 2 additional","common",0,-0.00193902519758399,0.0105223821061381,"TRS"
"5002","One shore; one middle; 2 additional","common",5.05050505050505,0.00831432121843857,0.0105223821061381,"TRS"
"5003","One shore; one middle; 2 additional","common",10.1010101010101,0.0185650562938296,0.0105223821061381,"TRS"
"5004","One shore; one middle; 2 additional","common",15.1515151515152,0.0288131800285892,0.0105223821061381,"TRS"
"5005","One shore; one middle; 2 additional","common",20.2020202020202,0.0390586924227173,0.0105223821061381,"TRS"
"5006","One shore; one middle; 2 additional","common",25.2525252525253,0.049301593476214,0.0105223821061381,"TRS"
"5007","One shore; one middle; 2 additional","common",30.3030303030303,0.0595418831890792,0.0105223821061381,"TRS"
"5008","One shore; one middle; 2 additional","common",35.3535353535353,0.0697795615613129,0.0105223821061381,"TRS"
"5009","One shore; one middle; 2 additional","common",40.4040404040404,0.0800146285929152,0.0105223821061381,"TRS"
"5010","One shore; one middle; 2 additional","common",45.4545454545455,0.090247084283886,0.0105223821061381,"TRS"
"5011","One shore; one middle; 2 additional","common",50.5050505050505,0.100476928634225,0.0105223821061381,"TRS"
"5012","One shore; one middle; 2 additional","common",55.5555555555556,0.110704161643933,0.0105223821061381,"TRS"
"5013","One shore; one middle; 2 additional","common",60.6060606060606,0.12092878331301,0.0105223821061381,"TRS"
"5014","One shore; one middle; 2 additional","common",65.6565656565656,0.131150793641454,0.0105223821061381,"TRS"
"5015","One shore; one middle; 2 additional","common",70.7070707070707,0.141370192629268,0.0105223821061381,"TRS"
"5016","One shore; one middle; 2 additional","common",75.7575757575758,0.15158698027645,0.0105223821061381,"TRS"
"5017","One shore; one middle; 2 additional","common",80.8080808080808,0.161801156583001,0.0105223821061381,"TRS"
"5018","One shore; one middle; 2 additional","common",85.8585858585859,0.17201272154892,0.0105223821061381,"TRS"
"5019","One shore; one middle; 2 additional","common",90.9090909090909,0.182221675174207,0.0105223821061381,"TRS"
"5020","One shore; one middle; 2 additional","common",95.959595959596,0.192428017458863,0.0105223821061381,"TRS"
"5021","One shore; one middle; 2 additional","common",101.010101010101,0.202631748402888,0.0105223821061381,"TRS"
"5022","One shore; one middle; 2 additional","common",106.060606060606,0.212832868006281,0.0105223821061381,"TRS"
"5023","One shore; one middle; 2 additional","common",111.111111111111,0.223031376269043,0.0105223821061381,"TRS"
"5024","One shore; one middle; 2 additional","common",116.161616161616,0.233227273191173,0.0105223821061381,"TRS"
"5025","One shore; one middle; 2 additional","common",121.212121212121,0.243420558772672,0.0105223821061381,"TRS"
"5026","One shore; one middle; 2 additional","common",126.262626262626,0.25361123301354,0.0105223821061381,"TRS"
"5027","One shore; one middle; 2 additional","common",131.313131313131,0.263799295913775,0.0105223821061381,"TRS"
"5028","One shore; one middle; 2 additional","common",136.363636363636,0.27398474747338,0.0105223821061381,"TRS"
"5029","One shore; one middle; 2 additional","common",141.414141414141,0.284167587692353,0.0105223821061381,"TRS"
"5030","One shore; one middle; 2 additional","common",146.464646464646,0.294347816570694,0.0105223821061381,"TRS"
"5031","One shore; one middle; 2 additional","common",151.515151515152,0.304525434108404,0.0105223821061381,"TRS"
"5032","One shore; one middle; 2 additional","common",156.565656565657,0.314700440305483,0.0105223821061381,"TRS"
"5033","One shore; one middle; 2 additional","common",161.616161616162,0.32487283516193,0.0105223821061381,"TRS"
"5034","One shore; one middle; 2 additional","common",166.666666666667,0.335042618677746,0.0105223821061381,"TRS"
"5035","One shore; one middle; 2 additional","common",171.717171717172,0.34520979085293,0.0105223821061381,"TRS"
"5036","One shore; one middle; 2 additional","common",176.767676767677,0.355374351687483,0.0105223821061381,"TRS"
"5037","One shore; one middle; 2 additional","common",181.818181818182,0.365536301181404,0.0105223821061381,"TRS"
"5038","One shore; one middle; 2 additional","common",186.868686868687,0.375695639334694,0.0105223821061381,"TRS"
"5039","One shore; one middle; 2 additional","common",191.919191919192,0.385852366147352,0.0105223821061381,"TRS"
"5040","One shore; one middle; 2 additional","common",196.969696969697,0.396006481619379,0.0105223821061381,"TRS"
"5041","One shore; one middle; 2 additional","common",202.020202020202,0.406157985750774,0.0105223821061381,"TRS"
"5042","One shore; one middle; 2 additional","common",207.070707070707,0.416306878541538,0.0105223821061381,"TRS"
"5043","One shore; one middle; 2 additional","common",212.121212121212,0.426453159991671,0.0105223821061381,"TRS"
"5044","One shore; one middle; 2 additional","common",217.171717171717,0.436596830101172,0.0105223821061381,"TRS"
"5045","One shore; one middle; 2 additional","common",222.222222222222,0.446737888870041,0.0105223821061381,"TRS"
"5046","One shore; one middle; 2 additional","common",227.272727272727,0.456876336298279,0.0105223821061381,"TRS"
"5047","One shore; one middle; 2 additional","common",232.323232323232,0.467012172385886,0.0105223821061381,"TRS"
"5048","One shore; one middle; 2 additional","common",237.373737373737,0.477145397132861,0.0105223821061381,"TRS"
"5049","One shore; one middle; 2 additional","common",242.424242424242,0.487276010539205,0.0105223821061381,"TRS"
"5050","One shore; one middle; 2 additional","common",247.474747474747,0.497404012604917,0.0105223821061381,"TRS"
"5051","One shore; one middle; 2 additional","common",252.525252525253,0.507529403329998,0.0105223821061381,"TRS"
"5052","One shore; one middle; 2 additional","common",257.575757575758,0.517652182714447,0.0105223821061381,"TRS"
"5053","One shore; one middle; 2 additional","common",262.626262626263,0.527772350758265,0.0105223821061381,"TRS"
"5054","One shore; one middle; 2 additional","common",267.676767676768,0.537889907461451,0.0105223821061381,"TRS"
"5055","One shore; one middle; 2 additional","common",272.727272727273,0.548004852824006,0.0105223821061381,"TRS"
"5056","One shore; one middle; 2 additional","common",277.777777777778,0.558117186845929,0.0105223821061381,"TRS"
"5057","One shore; one middle; 2 additional","common",282.828282828283,0.568226909527221,0.0105223821061381,"TRS"
"5058","One shore; one middle; 2 additional","common",287.878787878788,0.578334020867882,0.0105223821061381,"TRS"
"5059","One shore; one middle; 2 additional","common",292.929292929293,0.588438520867911,0.0105223821061381,"TRS"
"5060","One shore; one middle; 2 additional","common",297.979797979798,0.598540409527308,0.0105223821061381,"TRS"
"5061","One shore; one middle; 2 additional","common",303.030303030303,0.608639686846075,0.0105223821061381,"TRS"
"5062","One shore; one middle; 2 additional","common",308.080808080808,0.618736352824209,0.0105223821061381,"TRS"
"5063","One shore; one middle; 2 additional","common",313.131313131313,0.628830407461712,0.0105223821061381,"TRS"
"5064","One shore; one middle; 2 additional","common",318.181818181818,0.638921850758584,0.0105223821061381,"TRS"
"5065","One shore; one middle; 2 additional","common",323.232323232323,0.649010682714824,0.0105223821061381,"TRS"
"5066","One shore; one middle; 2 additional","common",328.282828282828,0.659096903330433,0.0105223821061381,"TRS"
"5067","One shore; one middle; 2 additional","common",333.333333333333,0.66918051260541,0.0105223821061381,"TRS"
"5068","One shore; one middle; 2 additional","common",338.383838383838,0.679261510539756,0.0105223821061381,"TRS"
"5069","One shore; one middle; 2 additional","common",343.434343434343,0.689339897133471,0.0105223821061381,"TRS"
"5070","One shore; one middle; 2 additional","common",348.484848484848,0.699415672386553,0.0105223821061381,"TRS"
"5071","One shore; one middle; 2 additional","common",353.535353535354,0.709488836299005,0.0105223821061381,"TRS"
"5072","One shore; one middle; 2 additional","common",358.585858585859,0.719559388870825,0.0105223821061381,"TRS"
"5073","One shore; one middle; 2 additional","common",363.636363636364,0.729627330102013,0.0105223821061381,"TRS"
"5074","One shore; one middle; 2 additional","common",368.686868686869,0.73969265999257,0.0105223821061381,"TRS"
"5075","One shore; one middle; 2 additional","common",373.737373737374,0.749755378542496,0.0105223821061381,"TRS"
"5076","One shore; one middle; 2 additional","common",378.787878787879,0.75981548575179,0.0105223821061381,"TRS"
"5077","One shore; one middle; 2 additional","common",383.838383838384,0.769872981620453,0.0105223821061381,"TRS"
"5078","One shore; one middle; 2 additional","common",388.888888888889,0.779927866148484,0.0105223821061381,"TRS"
"5079","One shore; one middle; 2 additional","common",393.939393939394,0.789980139335884,0.0105223821061381,"TRS"
"5080","One shore; one middle; 2 additional","common",398.989898989899,0.800029801182652,0.0105223821061381,"TRS"
"5081","One shore; one middle; 2 additional","common",404.040404040404,0.810076851688789,0.0105223821061381,"TRS"
"5082","One shore; one middle; 2 additional","common",409.090909090909,0.820121290854294,0.0105223821061381,"TRS"
"5083","One shore; one middle; 2 additional","common",414.141414141414,0.830163118679168,0.0105223821061381,"TRS"
"5084","One shore; one middle; 2 additional","common",419.191919191919,0.84020233516341,0.0105223821061381,"TRS"
"5085","One shore; one middle; 2 additional","common",424.242424242424,0.850238940307021,0.0105223821061381,"TRS"
"5086","One shore; one middle; 2 additional","common",429.292929292929,0.860272934110001,0.0105223821061381,"TRS"
"5087","One shore; one middle; 2 additional","common",434.343434343434,0.870304316572349,0.0105223821061381,"TRS"
"5088","One shore; one middle; 2 additional","common",439.393939393939,0.880333087694065,0.0105223821061381,"TRS"
"5089","One shore; one middle; 2 additional","common",444.444444444444,0.89035924747515,0.0105223821061381,"TRS"
"5090","One shore; one middle; 2 additional","common",449.494949494949,0.900382795915604,0.0105223821061381,"TRS"
"5091","One shore; one middle; 2 additional","common",454.545454545455,0.910403733015426,0.0105223821061381,"TRS"
"5092","One shore; one middle; 2 additional","common",459.59595959596,0.920422058774617,0.0105223821061381,"TRS"
"5093","One shore; one middle; 2 additional","common",464.646464646465,0.930437773193176,0.0105223821061381,"TRS"
"5094","One shore; one middle; 2 additional","common",469.69696969697,0.940450876271104,0.0105223821061381,"TRS"
"5095","One shore; one middle; 2 additional","common",474.747474747475,0.9504613680084,0.0105223821061381,"TRS"
"5096","One shore; one middle; 2 additional","common",479.79797979798,0.960469248405065,0.0105223821061381,"TRS"
"5097","One shore; one middle; 2 additional","common",484.848484848485,0.970474517461098,0.0105223821061381,"TRS"
"5098","One shore; one middle; 2 additional","common",489.89898989899,0.9804771751765,0.0105223821061381,"TRS"
"5099","One shore; one middle; 2 additional","common",494.949494949495,0.990477221551271,0.0105223821061381,"TRS"
"5100","One shore; one middle; 2 additional","common",500,1.00047465658541,0.0105223821061381,"TRS"
"5101","One shore; one middle; 2 additional","rare",0,-0.00134874890105102,0.0953407402630866,"TRS"
"5102","One shore; one middle; 2 additional","rare",5.05050505050505,0.0087305877845441,0.0953407402630866,"TRS"
"5103","One shore; one middle; 2 additional","rare",10.1010101010101,0.0188099244701392,0.0953407402630866,"TRS"
"5104","One shore; one middle; 2 additional","rare",15.1515151515152,0.0288892611557343,0.0953407402630866,"TRS"
"5105","One shore; one middle; 2 additional","rare",20.2020202020202,0.0389685978413294,0.0953407402630866,"TRS"
"5106","One shore; one middle; 2 additional","rare",25.2525252525253,0.0490479345269246,0.0953407402630866,"TRS"
"5107","One shore; one middle; 2 additional","rare",30.3030303030303,0.0591272712125197,0.0953407402630866,"TRS"
"5108","One shore; one middle; 2 additional","rare",35.3535353535353,0.0692066078981148,0.0953407402630866,"TRS"
"5109","One shore; one middle; 2 additional","rare",40.4040404040404,0.0792859445837099,0.0953407402630866,"TRS"
"5110","One shore; one middle; 2 additional","rare",45.4545454545455,0.089365281269305,0.0953407402630866,"TRS"
"5111","One shore; one middle; 2 additional","rare",50.5050505050505,0.0994446179549001,0.0953407402630866,"TRS"
"5112","One shore; one middle; 2 additional","rare",55.5555555555556,0.109523954640495,0.0953407402630866,"TRS"
"5113","One shore; one middle; 2 additional","rare",60.6060606060606,0.11960329132609,0.0953407402630866,"TRS"
"5114","One shore; one middle; 2 additional","rare",65.6565656565656,0.129682628011685,0.0953407402630866,"TRS"
"5115","One shore; one middle; 2 additional","rare",70.7070707070707,0.139761964697281,0.0953407402630866,"TRS"
"5116","One shore; one middle; 2 additional","rare",75.7575757575758,0.149841301382876,0.0953407402630866,"TRS"
"5117","One shore; one middle; 2 additional","rare",80.8080808080808,0.159920638068471,0.0953407402630866,"TRS"
"5118","One shore; one middle; 2 additional","rare",85.8585858585859,0.169999974754066,0.0953407402630866,"TRS"
"5119","One shore; one middle; 2 additional","rare",90.9090909090909,0.180079311439661,0.0953407402630866,"TRS"
"5120","One shore; one middle; 2 additional","rare",95.959595959596,0.190158648125256,0.0953407402630866,"TRS"
"5121","One shore; one middle; 2 additional","rare",101.010101010101,0.200237984810851,0.0953407402630866,"TRS"
"5122","One shore; one middle; 2 additional","rare",106.060606060606,0.210317321496446,0.0953407402630866,"TRS"
"5123","One shore; one middle; 2 additional","rare",111.111111111111,0.220396658182041,0.0953407402630866,"TRS"
"5124","One shore; one middle; 2 additional","rare",116.161616161616,0.230475994867637,0.0953407402630866,"TRS"
"5125","One shore; one middle; 2 additional","rare",121.212121212121,0.240555331553232,0.0953407402630866,"TRS"
"5126","One shore; one middle; 2 additional","rare",126.262626262626,0.250634668238827,0.0953407402630866,"TRS"
"5127","One shore; one middle; 2 additional","rare",131.313131313131,0.260714004924422,0.0953407402630866,"TRS"
"5128","One shore; one middle; 2 additional","rare",136.363636363636,0.270793341610017,0.0953407402630866,"TRS"
"5129","One shore; one middle; 2 additional","rare",141.414141414141,0.280872678295612,0.0953407402630866,"TRS"
"5130","One shore; one middle; 2 additional","rare",146.464646464646,0.290952014981207,0.0953407402630866,"TRS"
"5131","One shore; one middle; 2 additional","rare",151.515151515152,0.301031351666802,0.0953407402630866,"TRS"
"5132","One shore; one middle; 2 additional","rare",156.565656565657,0.311110688352398,0.0953407402630866,"TRS"
"5133","One shore; one middle; 2 additional","rare",161.616161616162,0.321190025037993,0.0953407402630866,"TRS"
"5134","One shore; one middle; 2 additional","rare",166.666666666667,0.331269361723588,0.0953407402630866,"TRS"
"5135","One shore; one middle; 2 additional","rare",171.717171717172,0.341348698409183,0.0953407402630866,"TRS"
"5136","One shore; one middle; 2 additional","rare",176.767676767677,0.351428035094778,0.0953407402630866,"TRS"
"5137","One shore; one middle; 2 additional","rare",181.818181818182,0.361507371780373,0.0953407402630866,"TRS"
"5138","One shore; one middle; 2 additional","rare",186.868686868687,0.371586708465968,0.0953407402630866,"TRS"
"5139","One shore; one middle; 2 additional","rare",191.919191919192,0.381666045151563,0.0953407402630866,"TRS"
"5140","One shore; one middle; 2 additional","rare",196.969696969697,0.391745381837158,0.0953407402630866,"TRS"
"5141","One shore; one middle; 2 additional","rare",202.020202020202,0.401824718522754,0.0953407402630866,"TRS"
"5142","One shore; one middle; 2 additional","rare",207.070707070707,0.411904055208349,0.0953407402630866,"TRS"
"5143","One shore; one middle; 2 additional","rare",212.121212121212,0.421983391893944,0.0953407402630866,"TRS"
"5144","One shore; one middle; 2 additional","rare",217.171717171717,0.432062728579539,0.0953407402630866,"TRS"
"5145","One shore; one middle; 2 additional","rare",222.222222222222,0.442142065265134,0.0953407402630866,"TRS"
"5146","One shore; one middle; 2 additional","rare",227.272727272727,0.452221401950729,0.0953407402630866,"TRS"
"5147","One shore; one middle; 2 additional","rare",232.323232323232,0.462300738636324,0.0953407402630866,"TRS"
"5148","One shore; one middle; 2 additional","rare",237.373737373737,0.472380075321919,0.0953407402630866,"TRS"
"5149","One shore; one middle; 2 additional","rare",242.424242424242,0.482459412007514,0.0953407402630866,"TRS"
"5150","One shore; one middle; 2 additional","rare",247.474747474747,0.49253874869311,0.0953407402630866,"TRS"
"5151","One shore; one middle; 2 additional","rare",252.525252525253,0.502618085378705,0.0953407402630866,"TRS"
"5152","One shore; one middle; 2 additional","rare",257.575757575758,0.5126974220643,0.0953407402630866,"TRS"
"5153","One shore; one middle; 2 additional","rare",262.626262626263,0.522776758749895,0.0953407402630866,"TRS"
"5154","One shore; one middle; 2 additional","rare",267.676767676768,0.53285609543549,0.0953407402630866,"TRS"
"5155","One shore; one middle; 2 additional","rare",272.727272727273,0.542935432121085,0.0953407402630866,"TRS"
"5156","One shore; one middle; 2 additional","rare",277.777777777778,0.55301476880668,0.0953407402630866,"TRS"
"5157","One shore; one middle; 2 additional","rare",282.828282828283,0.563094105492275,0.0953407402630866,"TRS"
"5158","One shore; one middle; 2 additional","rare",287.878787878788,0.573173442177871,0.0953407402630866,"TRS"
"5159","One shore; one middle; 2 additional","rare",292.929292929293,0.583252778863466,0.0953407402630866,"TRS"
"5160","One shore; one middle; 2 additional","rare",297.979797979798,0.593332115549061,0.0953407402630866,"TRS"
"5161","One shore; one middle; 2 additional","rare",303.030303030303,0.603411452234656,0.0953407402630866,"TRS"
"5162","One shore; one middle; 2 additional","rare",308.080808080808,0.613490788920251,0.0953407402630866,"TRS"
"5163","One shore; one middle; 2 additional","rare",313.131313131313,0.623570125605846,0.0953407402630866,"TRS"
"5164","One shore; one middle; 2 additional","rare",318.181818181818,0.633649462291441,0.0953407402630866,"TRS"
"5165","One shore; one middle; 2 additional","rare",323.232323232323,0.643728798977036,0.0953407402630866,"TRS"
"5166","One shore; one middle; 2 additional","rare",328.282828282828,0.653808135662631,0.0953407402630866,"TRS"
"5167","One shore; one middle; 2 additional","rare",333.333333333333,0.663887472348227,0.0953407402630866,"TRS"
"5168","One shore; one middle; 2 additional","rare",338.383838383838,0.673966809033822,0.0953407402630866,"TRS"
"5169","One shore; one middle; 2 additional","rare",343.434343434343,0.684046145719417,0.0953407402630866,"TRS"
"5170","One shore; one middle; 2 additional","rare",348.484848484848,0.694125482405012,0.0953407402630866,"TRS"
"5171","One shore; one middle; 2 additional","rare",353.535353535354,0.704204819090607,0.0953407402630866,"TRS"
"5172","One shore; one middle; 2 additional","rare",358.585858585859,0.714284155776202,0.0953407402630866,"TRS"
"5173","One shore; one middle; 2 additional","rare",363.636363636364,0.724363492461797,0.0953407402630866,"TRS"
"5174","One shore; one middle; 2 additional","rare",368.686868686869,0.734442829147392,0.0953407402630866,"TRS"
"5175","One shore; one middle; 2 additional","rare",373.737373737374,0.744522165832988,0.0953407402630866,"TRS"
"5176","One shore; one middle; 2 additional","rare",378.787878787879,0.754601502518583,0.0953407402630866,"TRS"
"5177","One shore; one middle; 2 additional","rare",383.838383838384,0.764680839204178,0.0953407402630866,"TRS"
"5178","One shore; one middle; 2 additional","rare",388.888888888889,0.774760175889773,0.0953407402630866,"TRS"
"5179","One shore; one middle; 2 additional","rare",393.939393939394,0.784839512575368,0.0953407402630866,"TRS"
"5180","One shore; one middle; 2 additional","rare",398.989898989899,0.794918849260963,0.0953407402630866,"TRS"
"5181","One shore; one middle; 2 additional","rare",404.040404040404,0.804998185946558,0.0953407402630866,"TRS"
"5182","One shore; one middle; 2 additional","rare",409.090909090909,0.815077522632153,0.0953407402630866,"TRS"
"5183","One shore; one middle; 2 additional","rare",414.141414141414,0.825156859317748,0.0953407402630866,"TRS"
"5184","One shore; one middle; 2 additional","rare",419.191919191919,0.835236196003344,0.0953407402630866,"TRS"
"5185","One shore; one middle; 2 additional","rare",424.242424242424,0.845315532688939,0.0953407402630866,"TRS"
"5186","One shore; one middle; 2 additional","rare",429.292929292929,0.855394869374534,0.0953407402630866,"TRS"
"5187","One shore; one middle; 2 additional","rare",434.343434343434,0.865474206060129,0.0953407402630866,"TRS"
"5188","One shore; one middle; 2 additional","rare",439.393939393939,0.875553542745724,0.0953407402630866,"TRS"
"5189","One shore; one middle; 2 additional","rare",444.444444444444,0.885632879431319,0.0953407402630866,"TRS"
"5190","One shore; one middle; 2 additional","rare",449.494949494949,0.895712216116914,0.0953407402630866,"TRS"
"5191","One shore; one middle; 2 additional","rare",454.545454545455,0.905791552802509,0.0953407402630866,"TRS"
"5192","One shore; one middle; 2 additional","rare",459.59595959596,0.915870889488104,0.0953407402630866,"TRS"
"5193","One shore; one middle; 2 additional","rare",464.646464646465,0.9259502261737,0.0953407402630866,"TRS"
"5194","One shore; one middle; 2 additional","rare",469.69696969697,0.936029562859295,0.0953407402630866,"TRS"
"5195","One shore; one middle; 2 additional","rare",474.747474747475,0.94610889954489,0.0953407402630866,"TRS"
"5196","One shore; one middle; 2 additional","rare",479.79797979798,0.956188236230485,0.0953407402630866,"TRS"
"5197","One shore; one middle; 2 additional","rare",484.848484848485,0.96626757291608,0.0953407402630866,"TRS"
"5198","One shore; one middle; 2 additional","rare",489.89898989899,0.976346909601675,0.0953407402630866,"TRS"
"5199","One shore; one middle; 2 additional","rare",494.949494949495,0.98642624628727,0.0953407402630866,"TRS"
"5200","One shore; one middle; 2 additional","rare",500,0.996505582972866,0.0953407402630866,"TRS"
"5201","Randomly placed","common",0,-0.000944807135229224,0.0149038272856125,"TRS"
"5202","Randomly placed","common",5.05050505050505,0.00917228758246757,0.0149038272856125,"TRS"
"5203","Randomly placed","common",10.1010101010101,0.0192893823001644,0.0149038272856125,"TRS"
"5204","Randomly placed","common",15.1515151515152,0.0294064770178612,0.0149038272856125,"TRS"
"5205","Randomly placed","common",20.2020202020202,0.039523571735558,0.0149038272856125,"TRS"
"5206","Randomly placed","common",25.2525252525253,0.0496406664532548,0.0149038272856125,"TRS"
"5207","Randomly placed","common",30.3030303030303,0.0597577611709516,0.0149038272856125,"TRS"
"5208","Randomly placed","common",35.3535353535353,0.0698748558886483,0.0149038272856125,"TRS"
"5209","Randomly placed","common",40.4040404040404,0.0799919506063451,0.0149038272856125,"TRS"
"5210","Randomly placed","common",45.4545454545455,0.0901090453240419,0.0149038272856125,"TRS"
"5211","Randomly placed","common",50.5050505050505,0.100226140041739,0.0149038272856125,"TRS"
"5212","Randomly placed","common",55.5555555555556,0.110343234759436,0.0149038272856125,"TRS"
"5213","Randomly placed","common",60.6060606060606,0.120460329477132,0.0149038272856125,"TRS"
"5214","Randomly placed","common",65.6565656565656,0.130577424194829,0.0149038272856125,"TRS"
"5215","Randomly placed","common",70.7070707070707,0.140694518912526,0.0149038272856125,"TRS"
"5216","Randomly placed","common",75.7575757575758,0.150811613630223,0.0149038272856125,"TRS"
"5217","Randomly placed","common",80.8080808080808,0.16092870834792,0.0149038272856125,"TRS"
"5218","Randomly placed","common",85.8585858585859,0.171045803065616,0.0149038272856125,"TRS"
"5219","Randomly placed","common",90.9090909090909,0.181162897783313,0.0149038272856125,"TRS"
"5220","Randomly placed","common",95.959595959596,0.19127999250101,0.0149038272856125,"TRS"
"5221","Randomly placed","common",101.010101010101,0.201397087218707,0.0149038272856125,"TRS"
"5222","Randomly placed","common",106.060606060606,0.211514181936403,0.0149038272856125,"TRS"
"5223","Randomly placed","common",111.111111111111,0.2216312766541,0.0149038272856125,"TRS"
"5224","Randomly placed","common",116.161616161616,0.231748371371797,0.0149038272856125,"TRS"
"5225","Randomly placed","common",121.212121212121,0.241865466089494,0.0149038272856125,"TRS"
"5226","Randomly placed","common",126.262626262626,0.251982560807191,0.0149038272856125,"TRS"
"5227","Randomly placed","common",131.313131313131,0.262099655524887,0.0149038272856125,"TRS"
"5228","Randomly placed","common",136.363636363636,0.272216750242584,0.0149038272856125,"TRS"
"5229","Randomly placed","common",141.414141414141,0.282333844960281,0.0149038272856125,"TRS"
"5230","Randomly placed","common",146.464646464646,0.292450939677978,0.0149038272856125,"TRS"
"5231","Randomly placed","common",151.515151515152,0.302568034395675,0.0149038272856125,"TRS"
"5232","Randomly placed","common",156.565656565657,0.312685129113371,0.0149038272856125,"TRS"
"5233","Randomly placed","common",161.616161616162,0.322802223831068,0.0149038272856125,"TRS"
"5234","Randomly placed","common",166.666666666667,0.332919318548765,0.0149038272856125,"TRS"
"5235","Randomly placed","common",171.717171717172,0.343036413266462,0.0149038272856125,"TRS"
"5236","Randomly placed","common",176.767676767677,0.353153507984159,0.0149038272856125,"TRS"
"5237","Randomly placed","common",181.818181818182,0.363270602701855,0.0149038272856125,"TRS"
"5238","Randomly placed","common",186.868686868687,0.373387697419552,0.0149038272856125,"TRS"
"5239","Randomly placed","common",191.919191919192,0.383504792137249,0.0149038272856125,"TRS"
"5240","Randomly placed","common",196.969696969697,0.393621886854946,0.0149038272856125,"TRS"
"5241","Randomly placed","common",202.020202020202,0.403738981572643,0.0149038272856125,"TRS"
"5242","Randomly placed","common",207.070707070707,0.413856076290339,0.0149038272856125,"TRS"
"5243","Randomly placed","common",212.121212121212,0.423973171008036,0.0149038272856125,"TRS"
"5244","Randomly placed","common",217.171717171717,0.434090265725733,0.0149038272856125,"TRS"
"5245","Randomly placed","common",222.222222222222,0.44420736044343,0.0149038272856125,"TRS"
"5246","Randomly placed","common",227.272727272727,0.454324455161127,0.0149038272856125,"TRS"
"5247","Randomly placed","common",232.323232323232,0.464441549878823,0.0149038272856125,"TRS"
"5248","Randomly placed","common",237.373737373737,0.47455864459652,0.0149038272856125,"TRS"
"5249","Randomly placed","common",242.424242424242,0.484675739314217,0.0149038272856125,"TRS"
"5250","Randomly placed","common",247.474747474747,0.494792834031914,0.0149038272856125,"TRS"
"5251","Randomly placed","common",252.525252525253,0.504909928749611,0.0149038272856125,"TRS"
"5252","Randomly placed","common",257.575757575758,0.515027023467307,0.0149038272856125,"TRS"
"5253","Randomly placed","common",262.626262626263,0.525144118185004,0.0149038272856125,"TRS"
"5254","Randomly placed","common",267.676767676768,0.535261212902701,0.0149038272856125,"TRS"
"5255","Randomly placed","common",272.727272727273,0.545378307620398,0.0149038272856125,"TRS"
"5256","Randomly placed","common",277.777777777778,0.555495402338095,0.0149038272856125,"TRS"
"5257","Randomly placed","common",282.828282828283,0.565612497055791,0.0149038272856125,"TRS"
"5258","Randomly placed","common",287.878787878788,0.575729591773488,0.0149038272856125,"TRS"
"5259","Randomly placed","common",292.929292929293,0.585846686491185,0.0149038272856125,"TRS"
"5260","Randomly placed","common",297.979797979798,0.595963781208882,0.0149038272856125,"TRS"
"5261","Randomly placed","common",303.030303030303,0.606080875926578,0.0149038272856125,"TRS"
"5262","Randomly placed","common",308.080808080808,0.616197970644275,0.0149038272856125,"TRS"
"5263","Randomly placed","common",313.131313131313,0.626315065361972,0.0149038272856125,"TRS"
"5264","Randomly placed","common",318.181818181818,0.636432160079669,0.0149038272856125,"TRS"
"5265","Randomly placed","common",323.232323232323,0.646549254797366,0.0149038272856125,"TRS"
"5266","Randomly placed","common",328.282828282828,0.656666349515062,0.0149038272856125,"TRS"
"5267","Randomly placed","common",333.333333333333,0.666783444232759,0.0149038272856125,"TRS"
"5268","Randomly placed","common",338.383838383838,0.676900538950456,0.0149038272856125,"TRS"
"5269","Randomly placed","common",343.434343434343,0.687017633668153,0.0149038272856125,"TRS"
"5270","Randomly placed","common",348.484848484848,0.69713472838585,0.0149038272856125,"TRS"
"5271","Randomly placed","common",353.535353535354,0.707251823103547,0.0149038272856125,"TRS"
"5272","Randomly placed","common",358.585858585859,0.717368917821243,0.0149038272856125,"TRS"
"5273","Randomly placed","common",363.636363636364,0.72748601253894,0.0149038272856125,"TRS"
"5274","Randomly placed","common",368.686868686869,0.737603107256637,0.0149038272856125,"TRS"
"5275","Randomly placed","common",373.737373737374,0.747720201974334,0.0149038272856125,"TRS"
"5276","Randomly placed","common",378.787878787879,0.75783729669203,0.0149038272856125,"TRS"
"5277","Randomly placed","common",383.838383838384,0.767954391409727,0.0149038272856125,"TRS"
"5278","Randomly placed","common",388.888888888889,0.778071486127424,0.0149038272856125,"TRS"
"5279","Randomly placed","common",393.939393939394,0.788188580845121,0.0149038272856125,"TRS"
"5280","Randomly placed","common",398.989898989899,0.798305675562818,0.0149038272856125,"TRS"
"5281","Randomly placed","common",404.040404040404,0.808422770280514,0.0149038272856125,"TRS"
"5282","Randomly placed","common",409.090909090909,0.818539864998211,0.0149038272856125,"TRS"
"5283","Randomly placed","common",414.141414141414,0.828656959715908,0.0149038272856125,"TRS"
"5284","Randomly placed","common",419.191919191919,0.838774054433605,0.0149038272856125,"TRS"
"5285","Randomly placed","common",424.242424242424,0.848891149151302,0.0149038272856125,"TRS"
"5286","Randomly placed","common",429.292929292929,0.859008243868998,0.0149038272856125,"TRS"
"5287","Randomly placed","common",434.343434343434,0.869125338586695,0.0149038272856125,"TRS"
"5288","Randomly placed","common",439.393939393939,0.879242433304392,0.0149038272856125,"TRS"
"5289","Randomly placed","common",444.444444444444,0.889359528022089,0.0149038272856125,"TRS"
"5290","Randomly placed","common",449.494949494949,0.899476622739786,0.0149038272856125,"TRS"
"5291","Randomly placed","common",454.545454545455,0.909593717457482,0.0149038272856125,"TRS"
"5292","Randomly placed","common",459.59595959596,0.919710812175179,0.0149038272856125,"TRS"
"5293","Randomly placed","common",464.646464646465,0.929827906892876,0.0149038272856125,"TRS"
"5294","Randomly placed","common",469.69696969697,0.939945001610573,0.0149038272856125,"TRS"
"5295","Randomly placed","common",474.747474747475,0.95006209632827,0.0149038272856125,"TRS"
"5296","Randomly placed","common",479.79797979798,0.960179191045966,0.0149038272856125,"TRS"
"5297","Randomly placed","common",484.848484848485,0.970296285763663,0.0149038272856125,"TRS"
"5298","Randomly placed","common",489.89898989899,0.98041338048136,0.0149038272856125,"TRS"
"5299","Randomly placed","common",494.949494949495,0.990530475199057,0.0149038272856125,"TRS"
"5300","Randomly placed","common",500,1.00064756991675,0.0149038272856125,"TRS"
"5301","Randomly placed","rare",0,-0.00124919315097149,0.0967726841965689,"TRS"
"5302","Randomly placed","rare",5.05050505050505,0.00964768593831026,0.0967726841965689,"TRS"
"5303","Randomly placed","rare",10.1010101010101,0.0205286296140273,0.0967726841965689,"TRS"
"5304","Randomly placed","rare",15.1515151515152,0.0313936378761794,0.0967726841965689,"TRS"
"5305","Randomly placed","rare",20.2020202020202,0.0422427107247668,0.0967726841965689,"TRS"
"5306","Randomly placed","rare",25.2525252525253,0.0530758481597894,0.0967726841965689,"TRS"
"5307","Randomly placed","rare",30.3030303030303,0.0638930501812471,0.0967726841965689,"TRS"
"5308","Randomly placed","rare",35.3535353535353,0.0746943167891401,0.0967726841965689,"TRS"
"5309","Randomly placed","rare",40.4040404040404,0.0854796479834682,0.0967726841965689,"TRS"
"5310","Randomly placed","rare",45.4545454545455,0.0962490437642316,0.0967726841965689,"TRS"
"5311","Randomly placed","rare",50.5050505050505,0.10700250413143,0.0967726841965689,"TRS"
"5312","Randomly placed","rare",55.5555555555556,0.117740029085064,0.0967726841965689,"TRS"
"5313","Randomly placed","rare",60.6060606060606,0.128461618625133,0.0967726841965689,"TRS"
"5314","Randomly placed","rare",65.6565656565656,0.139167272751637,0.0967726841965689,"TRS"
"5315","Randomly placed","rare",70.7070707070707,0.149856991464576,0.0967726841965689,"TRS"
"5316","Randomly placed","rare",75.7575757575758,0.160530774763951,0.0967726841965689,"TRS"
"5317","Randomly placed","rare",80.8080808080808,0.17118862264976,0.0967726841965689,"TRS"
"5318","Randomly placed","rare",85.8585858585859,0.181830535122005,0.0967726841965689,"TRS"
"5319","Randomly placed","rare",90.9090909090909,0.192456512180685,0.0967726841965689,"TRS"
"5320","Randomly placed","rare",95.959595959596,0.203066553825801,0.0967726841965689,"TRS"
"5321","Randomly placed","rare",101.010101010101,0.213660660057351,0.0967726841965689,"TRS"
"5322","Randomly placed","rare",106.060606060606,0.224238830875337,0.0967726841965689,"TRS"
"5323","Randomly placed","rare",111.111111111111,0.234801066279758,0.0967726841965689,"TRS"
"5324","Randomly placed","rare",116.161616161616,0.245347366270614,0.0967726841965689,"TRS"
"5325","Randomly placed","rare",121.212121212121,0.255877730847905,0.0967726841965689,"TRS"
"5326","Randomly placed","rare",126.262626262626,0.266392160011632,0.0967726841965689,"TRS"
"5327","Randomly placed","rare",131.313131313131,0.276890653761793,0.0967726841965689,"TRS"
"5328","Randomly placed","rare",136.363636363636,0.28737321209839,0.0967726841965689,"TRS"
"5329","Randomly placed","rare",141.414141414141,0.297839835021422,0.0967726841965689,"TRS"
"5330","Randomly placed","rare",146.464646464646,0.30829052253089,0.0967726841965689,"TRS"
"5331","Randomly placed","rare",151.515151515152,0.318725274626792,0.0967726841965689,"TRS"
"5332","Randomly placed","rare",156.565656565657,0.32914409130913,0.0967726841965689,"TRS"
"5333","Randomly placed","rare",161.616161616162,0.339546972577903,0.0967726841965689,"TRS"
"5334","Randomly placed","rare",166.666666666667,0.349933918433111,0.0967726841965689,"TRS"
"5335","Randomly placed","rare",171.717171717172,0.360304928874754,0.0967726841965689,"TRS"
"5336","Randomly placed","rare",176.767676767677,0.370660003902832,0.0967726841965689,"TRS"
"5337","Randomly placed","rare",181.818181818182,0.380999143517346,0.0967726841965689,"TRS"
"5338","Randomly placed","rare",186.868686868687,0.391322347718295,0.0967726841965689,"TRS"
"5339","Randomly placed","rare",191.919191919192,0.401629616505679,0.0967726841965689,"TRS"
"5340","Randomly placed","rare",196.969696969697,0.411920949879498,0.0967726841965689,"TRS"
"5341","Randomly placed","rare",202.020202020202,0.422196347839752,0.0967726841965689,"TRS"
"5342","Randomly placed","rare",207.070707070707,0.432455810386442,0.0967726841965689,"TRS"
"5343","Randomly placed","rare",212.121212121212,0.442699337519567,0.0967726841965689,"TRS"
"5344","Randomly placed","rare",217.171717171717,0.452926929239127,0.0967726841965689,"TRS"
"5345","Randomly placed","rare",222.222222222222,0.463138585545122,0.0967726841965689,"TRS"
"5346","Randomly placed","rare",227.272727272727,0.473334306437552,0.0967726841965689,"TRS"
"5347","Randomly placed","rare",232.323232323232,0.483514091916418,0.0967726841965689,"TRS"
"5348","Randomly placed","rare",237.373737373737,0.493677941981719,0.0967726841965689,"TRS"
"5349","Randomly placed","rare",242.424242424242,0.503825856633455,0.0967726841965689,"TRS"
"5350","Randomly placed","rare",247.474747474747,0.513957835871626,0.0967726841965689,"TRS"
"5351","Randomly placed","rare",252.525252525253,0.524073879696233,0.0967726841965689,"TRS"
"5352","Randomly placed","rare",257.575757575758,0.534173988107274,0.0967726841965689,"TRS"
"5353","Randomly placed","rare",262.626262626263,0.544258161104751,0.0967726841965689,"TRS"
"5354","Randomly placed","rare",267.676767676768,0.554326398688663,0.0967726841965689,"TRS"
"5355","Randomly placed","rare",272.727272727273,0.56437870085901,0.0967726841965689,"TRS"
"5356","Randomly placed","rare",277.777777777778,0.574415067615792,0.0967726841965689,"TRS"
"5357","Randomly placed","rare",282.828282828283,0.58443549895901,0.0967726841965689,"TRS"
"5358","Randomly placed","rare",287.878787878788,0.594439994888663,0.0967726841965689,"TRS"
"5359","Randomly placed","rare",292.929292929293,0.604428555404751,0.0967726841965689,"TRS"
"5360","Randomly placed","rare",297.979797979798,0.614401180507274,0.0967726841965689,"TRS"
"5361","Randomly placed","rare",303.030303030303,0.624357870196232,0.0967726841965689,"TRS"
"5362","Randomly placed","rare",308.080808080808,0.634298624471626,0.0967726841965689,"TRS"
"5363","Randomly placed","rare",313.131313131313,0.644223443333454,0.0967726841965689,"TRS"
"5364","Randomly placed","rare",318.181818181818,0.654132326781718,0.0967726841965689,"TRS"
"5365","Randomly placed","rare",323.232323232323,0.664025274816417,0.0967726841965689,"TRS"
"5366","Randomly placed","rare",328.282828282828,0.673902287437552,0.0967726841965689,"TRS"
"5367","Randomly placed","rare",333.333333333333,0.683763364645121,0.0967726841965689,"TRS"
"5368","Randomly placed","rare",338.383838383838,0.693608506439126,0.0967726841965689,"TRS"
"5369","Randomly placed","rare",343.434343434343,0.703437712819566,0.0967726841965689,"TRS"
"5370","Randomly placed","rare",348.484848484848,0.713250983786441,0.0967726841965689,"TRS"
"5371","Randomly placed","rare",353.535353535354,0.723048319339751,0.0967726841965689,"TRS"
"5372","Randomly placed","rare",358.585858585859,0.732829719479497,0.0967726841965689,"TRS"
"5373","Randomly placed","rare",363.636363636364,0.742595184205677,0.0967726841965689,"TRS"
"5374","Randomly placed","rare",368.686868686869,0.752344713518293,0.0967726841965689,"TRS"
"5375","Randomly placed","rare",373.737373737374,0.762078307417344,0.0967726841965689,"TRS"
"5376","Randomly placed","rare",378.787878787879,0.771795965902831,0.0967726841965689,"TRS"
"5377","Randomly placed","rare",383.838383838384,0.781497688974752,0.0967726841965689,"TRS"
"5378","Randomly placed","rare",388.888888888889,0.791183476633109,0.0967726841965689,"TRS"
"5379","Randomly placed","rare",393.939393939394,0.800853328877901,0.0967726841965689,"TRS"
"5380","Randomly placed","rare",398.989898989899,0.810507245709128,0.0967726841965689,"TRS"
"5381","Randomly placed","rare",404.040404040404,0.82014522712679,0.0967726841965689,"TRS"
"5382","Randomly placed","rare",409.090909090909,0.829767273130887,0.0967726841965689,"TRS"
"5383","Randomly placed","rare",414.141414141414,0.83937338372142,0.0967726841965689,"TRS"
"5384","Randomly placed","rare",419.191919191919,0.848963558898388,0.0967726841965689,"TRS"
"5385","Randomly placed","rare",424.242424242424,0.858537798661791,0.0967726841965689,"TRS"
"5386","Randomly placed","rare",429.292929292929,0.868096103011629,0.0967726841965689,"TRS"
"5387","Randomly placed","rare",434.343434343434,0.877638471947903,0.0967726841965689,"TRS"
"5388","Randomly placed","rare",439.393939393939,0.887164905470611,0.0967726841965689,"TRS"
"5389","Randomly placed","rare",444.444444444444,0.896675403579755,0.0967726841965689,"TRS"
"5390","Randomly placed","rare",449.494949494949,0.906169966275334,0.0967726841965689,"TRS"
"5391","Randomly placed","rare",454.545454545455,0.915648593557348,0.0967726841965689,"TRS"
"5392","Randomly placed","rare",459.59595959596,0.925111285425798,0.0967726841965689,"TRS"
"5393","Randomly placed","rare",464.646464646465,0.934558041880682,0.0967726841965689,"TRS"
"5394","Randomly placed","rare",469.69696969697,0.943988862922002,0.0967726841965689,"TRS"
"5395","Randomly placed","rare",474.747474747475,0.953403748549757,0.0967726841965689,"TRS"
"5396","Randomly placed","rare",479.79797979798,0.962802698763947,0.0967726841965689,"TRS"
"5397","Randomly placed","rare",484.848484848485,0.972185713564573,0.0967726841965689,"TRS"
"5398","Randomly placed","rare",489.89898989899,0.981552792951633,0.0967726841965689,"TRS"
"5399","Randomly placed","rare",494.949494949495,0.990903936925129,0.0967726841965689,"TRS"
"5400","Randomly placed","rare",500,1.00023914548506,0.0967726841965689,"TRS"
"5401","random","common",0,0.000248273570841762,0.00962470357605328,"TRS"
"5402","random","common",5.05050505050505,0.0103471442716781,0.00962470357605328,"TRS"
"5403","random","common",10.1010101010101,0.0204460149725145,0.00962470357605328,"TRS"
"5404","random","common",15.1515151515152,0.0305448856733509,0.00962470357605328,"TRS"
"5405","random","common",20.2020202020202,0.0406437563741873,0.00962470357605328,"TRS"
"5406","random","common",25.2525252525253,0.0507426270750237,0.00962470357605328,"TRS"
"5407","random","common",30.3030303030303,0.06084149777586,0.00962470357605328,"TRS"
"5408","random","common",35.3535353535353,0.0709403684766964,0.00962470357605328,"TRS"
"5409","random","common",40.4040404040404,0.0810392391775328,0.00962470357605328,"TRS"
"5410","random","common",45.4545454545455,0.0911381098783692,0.00962470357605328,"TRS"
"5411","random","common",50.5050505050505,0.101236980579206,0.00962470357605328,"TRS"
"5412","random","common",55.5555555555556,0.111335851280042,0.00962470357605328,"TRS"
"5413","random","common",60.6060606060606,0.121434721980878,0.00962470357605328,"TRS"
"5414","random","common",65.6565656565656,0.131533592681715,0.00962470357605328,"TRS"
"5415","random","common",70.7070707070707,0.141632463382551,0.00962470357605328,"TRS"
"5416","random","common",75.7575757575758,0.151731334083387,0.00962470357605328,"TRS"
"5417","random","common",80.8080808080808,0.161830204784224,0.00962470357605328,"TRS"
"5418","random","common",85.8585858585859,0.17192907548506,0.00962470357605328,"TRS"
"5419","random","common",90.9090909090909,0.182027946185897,0.00962470357605328,"TRS"
"5420","random","common",95.959595959596,0.192126816886733,0.00962470357605328,"TRS"
"5421","random","common",101.010101010101,0.202225687587569,0.00962470357605328,"TRS"
"5422","random","common",106.060606060606,0.212324558288406,0.00962470357605328,"TRS"
"5423","random","common",111.111111111111,0.222423428989242,0.00962470357605328,"TRS"
"5424","random","common",116.161616161616,0.232522299690078,0.00962470357605328,"TRS"
"5425","random","common",121.212121212121,0.242621170390915,0.00962470357605328,"TRS"
"5426","random","common",126.262626262626,0.252720041091751,0.00962470357605328,"TRS"
"5427","random","common",131.313131313131,0.262818911792588,0.00962470357605328,"TRS"
"5428","random","common",136.363636363636,0.272917782493424,0.00962470357605328,"TRS"
"5429","random","common",141.414141414141,0.28301665319426,0.00962470357605328,"TRS"
"5430","random","common",146.464646464646,0.293115523895097,0.00962470357605328,"TRS"
"5431","random","common",151.515151515152,0.303214394595933,0.00962470357605328,"TRS"
"5432","random","common",156.565656565657,0.31331326529677,0.00962470357605328,"TRS"
"5433","random","common",161.616161616162,0.323412135997606,0.00962470357605328,"TRS"
"5434","random","common",166.666666666667,0.333511006698442,0.00962470357605328,"TRS"
"5435","random","common",171.717171717172,0.343609877399279,0.00962470357605328,"TRS"
"5436","random","common",176.767676767677,0.353708748100115,0.00962470357605328,"TRS"
"5437","random","common",181.818181818182,0.363807618800951,0.00962470357605328,"TRS"
"5438","random","common",186.868686868687,0.373906489501788,0.00962470357605328,"TRS"
"5439","random","common",191.919191919192,0.384005360202624,0.00962470357605328,"TRS"
"5440","random","common",196.969696969697,0.394104230903461,0.00962470357605328,"TRS"
"5441","random","common",202.020202020202,0.404203101604297,0.00962470357605328,"TRS"
"5442","random","common",207.070707070707,0.414301972305133,0.00962470357605328,"TRS"
"5443","random","common",212.121212121212,0.42440084300597,0.00962470357605328,"TRS"
"5444","random","common",217.171717171717,0.434499713706806,0.00962470357605328,"TRS"
"5445","random","common",222.222222222222,0.444598584407642,0.00962470357605328,"TRS"
"5446","random","common",227.272727272727,0.454697455108479,0.00962470357605328,"TRS"
"5447","random","common",232.323232323232,0.464796325809315,0.00962470357605328,"TRS"
"5448","random","common",237.373737373737,0.474895196510152,0.00962470357605328,"TRS"
"5449","random","common",242.424242424242,0.484994067210988,0.00962470357605328,"TRS"
"5450","random","common",247.474747474747,0.495092937911824,0.00962470357605328,"TRS"
"5451","random","common",252.525252525253,0.505191808612661,0.00962470357605328,"TRS"
"5452","random","common",257.575757575758,0.515290679313497,0.00962470357605328,"TRS"
"5453","random","common",262.626262626263,0.525389550014334,0.00962470357605328,"TRS"
"5454","random","common",267.676767676768,0.53548842071517,0.00962470357605328,"TRS"
"5455","random","common",272.727272727273,0.545587291416006,0.00962470357605328,"TRS"
"5456","random","common",277.777777777778,0.555686162116843,0.00962470357605328,"TRS"
"5457","random","common",282.828282828283,0.565785032817679,0.00962470357605328,"TRS"
"5458","random","common",287.878787878788,0.575883903518515,0.00962470357605328,"TRS"
"5459","random","common",292.929292929293,0.585982774219352,0.00962470357605328,"TRS"
"5460","random","common",297.979797979798,0.596081644920188,0.00962470357605328,"TRS"
"5461","random","common",303.030303030303,0.606180515621025,0.00962470357605328,"TRS"
"5462","random","common",308.080808080808,0.616279386321861,0.00962470357605328,"TRS"
"5463","random","common",313.131313131313,0.626378257022697,0.00962470357605328,"TRS"
"5464","random","common",318.181818181818,0.636477127723534,0.00962470357605328,"TRS"
"5465","random","common",323.232323232323,0.64657599842437,0.00962470357605328,"TRS"
"5466","random","common",328.282828282828,0.656674869125206,0.00962470357605328,"TRS"
"5467","random","common",333.333333333333,0.666773739826043,0.00962470357605328,"TRS"
"5468","random","common",338.383838383838,0.676872610526879,0.00962470357605328,"TRS"
"5469","random","common",343.434343434343,0.686971481227716,0.00962470357605328,"TRS"
"5470","random","common",348.484848484848,0.697070351928552,0.00962470357605328,"TRS"
"5471","random","common",353.535353535354,0.707169222629388,0.00962470357605328,"TRS"
"5472","random","common",358.585858585859,0.717268093330225,0.00962470357605328,"TRS"
"5473","random","common",363.636363636364,0.727366964031061,0.00962470357605328,"TRS"
"5474","random","common",368.686868686869,0.737465834731898,0.00962470357605328,"TRS"
"5475","random","common",373.737373737374,0.747564705432734,0.00962470357605328,"TRS"
"5476","random","common",378.787878787879,0.75766357613357,0.00962470357605328,"TRS"
"5477","random","common",383.838383838384,0.767762446834407,0.00962470357605328,"TRS"
"5478","random","common",388.888888888889,0.777861317535243,0.00962470357605328,"TRS"
"5479","random","common",393.939393939394,0.787960188236079,0.00962470357605328,"TRS"
"5480","random","common",398.989898989899,0.798059058936916,0.00962470357605328,"TRS"
"5481","random","common",404.040404040404,0.808157929637752,0.00962470357605328,"TRS"
"5482","random","common",409.090909090909,0.818256800338588,0.00962470357605328,"TRS"
"5483","random","common",414.141414141414,0.828355671039425,0.00962470357605328,"TRS"
"5484","random","common",419.191919191919,0.838454541740261,0.00962470357605328,"TRS"
"5485","random","common",424.242424242424,0.848553412441098,0.00962470357605328,"TRS"
"5486","random","common",429.292929292929,0.858652283141934,0.00962470357605328,"TRS"
"5487","random","common",434.343434343434,0.86875115384277,0.00962470357605328,"TRS"
"5488","random","common",439.393939393939,0.878850024543607,0.00962470357605328,"TRS"
"5489","random","common",444.444444444444,0.888948895244443,0.00962470357605328,"TRS"
"5490","random","common",449.494949494949,0.89904776594528,0.00962470357605328,"TRS"
"5491","random","common",454.545454545455,0.909146636646116,0.00962470357605328,"TRS"
"5492","random","common",459.59595959596,0.919245507346952,0.00962470357605328,"TRS"
"5493","random","common",464.646464646465,0.929344378047789,0.00962470357605328,"TRS"
"5494","random","common",469.69696969697,0.939443248748625,0.00962470357605328,"TRS"
"5495","random","common",474.747474747475,0.949542119449461,0.00962470357605328,"TRS"
"5496","random","common",479.79797979798,0.959640990150298,0.00962470357605328,"TRS"
"5497","random","common",484.848484848485,0.969739860851134,0.00962470357605328,"TRS"
"5498","random","common",489.89898989899,0.979838731551971,0.00962470357605328,"TRS"
"5499","random","common",494.949494949495,0.989937602252807,0.00962470357605328,"TRS"
"5500","random","common",500,1.00003647295364,0.00962470357605328,"TRS"
"5501","random","rare",0,0.000264733924090938,0.0910654730815083,"TRS"
"5502","random","rare",5.05050505050505,0.00987788366865134,0.0910654730815083,"TRS"
"5503","random","rare",10.1010101010101,0.0195008464346131,0.0910654730815083,"TRS"
"5504","random","rare",15.1515151515152,0.0291336222219763,0.0910654730815083,"TRS"
"5505","random","rare",20.2020202020202,0.0387762110307407,0.0910654730815083,"TRS"
"5506","random","rare",25.2525252525253,0.0484286128609066,0.0910654730815083,"TRS"
"5507","random","rare",30.3030303030303,0.0580908277124737,0.0910654730815083,"TRS"
"5508","random","rare",35.3535353535353,0.0677628555854423,0.0910654730815083,"TRS"
"5509","random","rare",40.4040404040404,0.0774446964798121,0.0910654730815083,"TRS"
"5510","random","rare",45.4545454545455,0.0871363503955834,0.0910654730815083,"TRS"
"5511","random","rare",50.5050505050505,0.096837817332756,0.0910654730815083,"TRS"
"5512","random","rare",55.5555555555556,0.10654909729133,0.0910654730815083,"TRS"
"5513","random","rare",60.6060606060606,0.116270190271305,0.0910654730815083,"TRS"
"5514","random","rare",65.6565656565656,0.126001096272682,0.0910654730815083,"TRS"
"5515","random","rare",70.7070707070707,0.13574181529546,0.0910654730815083,"TRS"
"5516","random","rare",75.7575757575758,0.145492347339639,0.0910654730815083,"TRS"
"5517","random","rare",80.8080808080808,0.15525269240522,0.0910654730815083,"TRS"
"5518","random","rare",85.8585858585859,0.165022850492202,0.0910654730815083,"TRS"
"5519","random","rare",90.9090909090909,0.174802821600585,0.0910654730815083,"TRS"
"5520","random","rare",95.959595959596,0.18459260573037,0.0910654730815083,"TRS"
"5521","random","rare",101.010101010101,0.194392202881556,0.0910654730815083,"TRS"
"5522","random","rare",106.060606060606,0.204201613054144,0.0910654730815083,"TRS"
"5523","random","rare",111.111111111111,0.214020836248132,0.0910654730815083,"TRS"
"5524","random","rare",116.161616161616,0.223849872463523,0.0910654730815083,"TRS"
"5525","random","rare",121.212121212121,0.233688721700314,0.0910654730815083,"TRS"
"5526","random","rare",126.262626262626,0.243537383958507,0.0910654730815083,"TRS"
"5527","random","rare",131.313131313131,0.253395859238101,0.0910654730815083,"TRS"
"5528","random","rare",136.363636363636,0.263264147539097,0.0910654730815083,"TRS"
"5529","random","rare",141.414141414141,0.273142248861494,0.0910654730815083,"TRS"
"5530","random","rare",146.464646464646,0.283030163205292,0.0910654730815083,"TRS"
"5531","random","rare",151.515151515152,0.292927890570492,0.0910654730815083,"TRS"
"5532","random","rare",156.565656565657,0.302835430957093,0.0910654730815083,"TRS"
"5533","random","rare",161.616161616162,0.312752784365095,0.0910654730815083,"TRS"
"5534","random","rare",166.666666666667,0.322679950794499,0.0910654730815083,"TRS"
"5535","random","rare",171.717171717172,0.332616930245304,0.0910654730815083,"TRS"
"5536","random","rare",176.767676767677,0.34256372271751,0.0910654730815083,"TRS"
"5537","random","rare",181.818181818182,0.352520328211118,0.0910654730815083,"TRS"
"5538","random","rare",186.868686868687,0.362486746726127,0.0910654730815083,"TRS"
"5539","random","rare",191.919191919192,0.372462978262537,0.0910654730815083,"TRS"
"5540","random","rare",196.969696969697,0.382449022820349,0.0910654730815083,"TRS"
"5541","random","rare",202.020202020202,0.392444880399562,0.0910654730815083,"TRS"
"5542","random","rare",207.070707070707,0.402450551000177,0.0910654730815083,"TRS"
"5543","random","rare",212.121212121212,0.412466034622193,0.0910654730815083,"TRS"
"5544","random","rare",217.171717171717,0.42249133126561,0.0910654730815083,"TRS"
"5545","random","rare",222.222222222222,0.432526440930428,0.0910654730815083,"TRS"
"5546","random","rare",227.272727272727,0.442571363616648,0.0910654730815083,"TRS"
"5547","random","rare",232.323232323232,0.45262609932427,0.0910654730815083,"TRS"
"5548","random","rare",237.373737373737,0.462690648053292,0.0910654730815083,"TRS"
"5549","random","rare",242.424242424242,0.472765009803716,0.0910654730815083,"TRS"
"5550","random","rare",247.474747474747,0.482849184575542,0.0910654730815083,"TRS"
"5551","random","rare",252.525252525253,0.492943172368768,0.0910654730815083,"TRS"
"5552","random","rare",257.575757575758,0.503046973183396,0.0910654730815083,"TRS"
"5553","random","rare",262.626262626263,0.513160587019426,0.0910654730815083,"TRS"
"5554","random","rare",267.676767676768,0.523284013876856,0.0910654730815083,"TRS"
"5555","random","rare",272.727272727273,0.533417253755688,0.0910654730815083,"TRS"
"5556","random","rare",277.777777777778,0.543560306655922,0.0910654730815083,"TRS"
"5557","random","rare",282.828282828283,0.553713172577557,0.0910654730815083,"TRS"
"5558","random","rare",287.878787878788,0.563875851520593,0.0910654730815083,"TRS"
"5559","random","rare",292.929292929293,0.57404834348503,0.0910654730815083,"TRS"
"5560","random","rare",297.979797979798,0.584230648470869,0.0910654730815083,"TRS"
"5561","random","rare",303.030303030303,0.594422766478109,0.0910654730815083,"TRS"
"5562","random","rare",308.080808080808,0.604624697506751,0.0910654730815083,"TRS"
"5563","random","rare",313.131313131313,0.614836441556794,0.0910654730815083,"TRS"
"5564","random","rare",318.181818181818,0.625057998628238,0.0910654730815083,"TRS"
"5565","random","rare",323.232323232323,0.635289368721084,0.0910654730815083,"TRS"
"5566","random","rare",328.282828282828,0.645530551835331,0.0910654730815083,"TRS"
"5567","random","rare",333.333333333333,0.655781547970979,0.0910654730815083,"TRS"
"5568","random","rare",338.383838383838,0.666042357128029,0.0910654730815083,"TRS"
"5569","random","rare",343.434343434343,0.67631297930648,0.0910654730815083,"TRS"
"5570","random","rare",348.484848484848,0.686593414506332,0.0910654730815083,"TRS"
"5571","random","rare",353.535353535354,0.696883662727586,0.0910654730815083,"TRS"
"5572","random","rare",358.585858585859,0.707183723970241,0.0910654730815083,"TRS"
"5573","random","rare",363.636363636364,0.717493598234297,0.0910654730815083,"TRS"
"5574","random","rare",368.686868686869,0.727813285519755,0.0910654730815083,"TRS"
"5575","random","rare",373.737373737374,0.738142785826614,0.0910654730815083,"TRS"
"5576","random","rare",378.787878787879,0.748482099154875,0.0910654730815083,"TRS"
"5577","random","rare",383.838383838384,0.758831225504537,0.0910654730815083,"TRS"
"5578","random","rare",388.888888888889,0.7691901648756,0.0910654730815083,"TRS"
"5579","random","rare",393.939393939394,0.779558917268064,0.0910654730815083,"TRS"
"5580","random","rare",398.989898989899,0.78993748268193,0.0910654730815083,"TRS"
"5581","random","rare",404.040404040404,0.800325861117198,0.0910654730815083,"TRS"
"5582","random","rare",409.090909090909,0.810724052573866,0.0910654730815083,"TRS"
"5583","random","rare",414.141414141414,0.821132057051936,0.0910654730815083,"TRS"
"5584","random","rare",419.191919191919,0.831549874551407,0.0910654730815083,"TRS"
"5585","random","rare",424.242424242424,0.84197750507228,0.0910654730815083,"TRS"
"5586","random","rare",429.292929292929,0.852414948614554,0.0910654730815083,"TRS"
"5587","random","rare",434.343434343434,0.862862205178229,0.0910654730815083,"TRS"
"5588","random","rare",439.393939393939,0.873319274763306,0.0910654730815083,"TRS"
"5589","random","rare",444.444444444444,0.883786157369784,0.0910654730815083,"TRS"
"5590","random","rare",449.494949494949,0.894262852997664,0.0910654730815083,"TRS"
"5591","random","rare",454.545454545455,0.904749361646944,0.0910654730815083,"TRS"
"5592","random","rare",459.59595959596,0.915245683317626,0.0910654730815083,"TRS"
"5593","random","rare",464.646464646465,0.92575181800971,0.0910654730815083,"TRS"
"5594","random","rare",469.69696969697,0.936267765723195,0.0910654730815083,"TRS"
"5595","random","rare",474.747474747475,0.946793526458081,0.0910654730815083,"TRS"
"5596","random","rare",479.79797979798,0.957329100214368,0.0910654730815083,"TRS"
"5597","random","rare",484.848484848485,0.967874486992057,0.0910654730815083,"TRS"
"5598","random","rare",489.89898989899,0.978429686791147,0.0910654730815083,"TRS"
"5599","random","rare",494.949494949495,0.988994699611639,0.0910654730815083,"TRS"
"5600","random","rare",500,0.999569525453532,0.0910654730815083,"TRS"
